algorithm,seed,frozen_m9a_loss,frozen_m9a_base_error,m9a_hypothesis_floor_loss,observer_loss,observer_base_error,observer_selection_rate,observer_mixture_rate,observer_defer_rate,observer_wrong_mode_action_rate,observer_mean_mode_count,observer_mean_credible_mode_count,observer_mean_top_mode_probability,observer_mean_confidence,observer_mean_predicted_risk,observer_mean_assignment_entropy,observer_mean_visible_agents,global_loss,global_base_error,global_selection_rate,global_mixture_rate,global_defer_rate,global_wrong_mode_action_rate,global_mean_mode_count,global_mean_credible_mode_count,global_mean_top_mode_probability,global_mean_confidence,global_mean_predicted_risk,global_mean_assignment_entropy,global_mean_visible_agents,current_to_observer_gap,observer_to_global_gap,current_to_global_gap,current_to_hypothesis_floor_gap,runtime_seconds,scenario
flocking_topology_resilient,12000,1.019055240941341,0.6746802409413408,0.5778551320502453,0.28136435239905894,0.28136435239905894,1.0,0.0,0.0,0.0,1.0,1.0,1.0,1.0,0.32856559857725876,0.12499999999999996,8.0,0.28136435239905894,0.28136435239905894,1.0,0.0,0.0,0.0,1.0,1.0,1.0,1.0,0.32856559857725876,0.12499999999999996,8.0,0.7376908885422819,0.0,0.7376908885422819,0.4412001088910956,12.859822541009635,stable_control
flocking_topology_resilient,12001,0.9301037491661207,0.5757287491661207,0.5757287491661207,0.2602096238261951,0.2602096238261951,1.0,0.0,0.0,0.0,1.0,1.0,1.0,1.0,0.33193042355120894,0.12499999999999996,7.925,0.25838651265241286,0.25838651265241286,1.0,0.0,0.0,0.0,1.0,1.0,1.0,1.0,0.3294236746673214,0.12499999999999996,8.0,0.6698941253399255,0.0018231111737822547,0.6717172365137078,0.354375,12.468794584041461,stable_control
flocking_topology_resilient,12002,0.9763872236366611,0.6373247236366609,0.6006790790615484,0.2683349778023889,0.2683349778023889,1.0,0.0,0.0,0.0,1.0,1.0,1.0,1.0,0.3352514710806238,0.12500000000002914,7.9,0.2615364044233382,0.2615364044233382,1.0,0.0,0.0,0.0,1.0,1.0,1.0,1.0,0.3320102416497329,0.12500000000002914,8.0,0.7080522458342722,0.00679857337905071,0.7148508192133229,0.3757081445751127,12.642164875054732,stable_control
flocking_topology_resilient,12003,0.8887476358311194,0.5496851358311193,0.534083855482872,0.2666883144899383,0.2666883144899383,1.0,0.0,0.0,0.0,1.0,1.0,1.0,1.0,0.3309277504313858,0.12499999999999996,8.0,0.2666883144899383,0.2666883144899383,1.0,0.0,0.0,0.0,1.0,1.0,1.0,1.0,0.3309277504313858,0.12499999999999996,8.0,0.6220593213411811,0.0,0.6220593213411811,0.3546637803482474,12.679880707990378,stable_control
flocking_topology_resilient,12004,0.8985725934144501,0.5595100934144501,0.5585202586752488,0.2740777631791513,0.2740777631791513,1.0,0.0,0.0,0.0,1.0,1.0,1.0,1.0,0.33032191140511297,0.12499999999999996,7.975,0.27618808951148466,0.27618808951148466,1.0,0.0,0.0,0.0,1.0,1.0,1.0,1.0,0.3299067958454991,0.12499999999999996,8.0,0.6244948302352988,-0.0021103263323333787,0.6223845039029654,0.34005233473920127,12.48452554200776,stable_control
flocking_topology_resilient,12005,0.9185808600659836,0.5748308600659836,0.5690519557037643,0.28737021692818565,0.28737021692818565,1.0,0.0,0.0,0.0,1.0,1.0,1.0,1.0,0.3308156909012342,0.12499999999999996,8.0,0.28737021692818565,0.28737021692818565,1.0,0.0,0.0,0.0,1.0,1.0,1.0,1.0,0.3308156909012342,0.12499999999999996,8.0,0.631210643137798,0.0,0.631210643137798,0.3495289043622193,12.343803457915783,stable_control
flocking_topology_resilient,12006,0.9601591080663228,0.6164091080663228,0.6081934577634127,0.28174723730075724,0.28174723730075724,1.0,0.0,0.0,0.0,1.0,1.0,1.0,1.0,0.3314172265628582,0.12499999999999996,8.0,0.28174723730075724,0.28174723730075724,1.0,0.0,0.0,0.0,1.0,1.0,1.0,1.0,0.3314172265628582,0.12499999999999996,8.0,0.6784118707655655,0.0,0.6784118707655655,0.35196565030291005,12.656293042004108,stable_control
flocking_topology_resilient,12007,1.0446407226959649,0.6768282226959649,0.6687693816424533,0.30200281474174995,0.30200281474174995,1.0,0.0,0.0,0.0,1.0,1.0,1.0,1.0,0.33552153506333826,0.12499999999999996,7.825,0.2952299261234897,0.2952299261234897,1.0,0.0,0.0,0.0,1.0,1.0,1.0,1.0,0.32886207876619655,0.12499999999999996,8.0,0.7426379079542149,0.006772888618260253,0.7494107965724752,0.3758713410535116,12.631338957929984,stable_control
flocking_topology_resilient,12008,0.9827155368938545,0.6477155368938545,0.5588883582996503,0.25128107336961475,0.25128107336961475,1.0,0.0,0.0,0.0,1.0,1.0,1.0,1.0,0.3291840970518449,0.12499999999999996,8.0,0.25128107336961475,0.25128107336961475,1.0,0.0,0.0,0.0,1.0,1.0,1.0,1.0,0.3291840970518449,0.12499999999999996,8.0,0.7314344635242398,0.0,0.7314344635242398,0.42382717859420416,12.263118540868163,stable_control
flocking_topology_resilient,12009,0.9086229513419045,0.5742479513419046,0.5642405724383169,0.26596996338621137,0.26596996338621137,1.0,0.0,0.0,0.0,1.0,1.0,1.0,1.0,0.33023987504918795,0.12499999999999996,8.0,0.26596996338621137,0.26596996338621137,1.0,0.0,0.0,0.0,1.0,1.0,1.0,1.0,0.33023987504918795,0.12499999999999996,8.0,0.6426529879556931,0.0,0.6426529879556931,0.3443823789035876,12.658799125114456,stable_control
flocking_topology_resilient,12010,0.8902454905451227,0.5458704905451228,0.5413321186883934,0.2635109858459058,0.2635109858459058,1.0,0.0,0.0,0.0,1.0,1.0,1.0,1.0,0.32946300900282105,0.12499999999999996,8.0,0.2635109858459058,0.2635109858459058,1.0,0.0,0.0,0.0,1.0,1.0,1.0,1.0,0.32946300900282105,0.12499999999999996,8.0,0.6267345046992169,0.0,0.6267345046992169,0.3489133718567293,12.521923916880041,stable_control
flocking_topology_resilient,12011,0.8906570646377038,0.5562820646377038,0.5552935840543491,0.2607791651476329,0.2607791651476329,1.0,0.0,0.0,0.0,1.0,1.0,1.0,1.0,0.3319077659749979,0.12499999999999996,7.925,0.25735527981785883,0.25735527981785883,1.0,0.0,0.0,0.0,1.0,1.0,1.0,1.0,0.3292986366753039,0.12499999999999996,8.0,0.6298778994900709,0.003423885329774057,0.633301784819845,0.33536348058335463,12.678796041989699,stable_control
flocking_topology_resilient,12012,0.9812108311865293,0.6321483311865294,0.5965555548197352,0.28397085815325046,0.28397085815325046,1.0,0.0,0.0,0.0,1.0,1.0,1.0,1.0,0.32913268330435397,0.12499999999999996,7.95,0.28565307889376534,0.28565307889376534,1.0,0.0,0.0,0.0,1.0,1.0,1.0,1.0,0.32817411534492613,0.12499999999999996,8.0,0.6972399730332788,-0.0016822207405148837,0.695557752292764,0.3846552763667941,12.795467916876078,stable_control
flocking_topology_resilient,12013,0.8828625781206755,0.5431750781206756,0.5409837732083472,0.25811198750974995,0.25811198750974995,1.0,0.0,0.0,0.0,1.0,1.0,1.0,1.0,0.3295632845713057,0.12499999999999996,8.0,0.25811198750974995,0.25811198750974995,1.0,0.0,0.0,0.0,1.0,1.0,1.0,1.0,0.3295632845713057,0.12499999999999996,8.0,0.6247505906109255,0.0,0.6247505906109255,0.34187880491232825,12.495395208941773,stable_control
flocking_topology_resilient,12014,0.8884049172183677,0.5446549172183675,0.5413368463053789,0.2629560048424122,0.2629560048424122,1.0,0.0,0.0,0.0,1.0,1.0,1.0,1.0,0.3300375489326677,0.12499999999999996,8.0,0.2629560048424122,0.2629560048424122,1.0,0.0,0.0,0.0,1.0,1.0,1.0,1.0,0.3300375489326677,0.12499999999999996,8.0,0.6254489123759555,0.0,0.6254489123759555,0.34706807091298875,12.809105457970873,stable_control
flocking_topology_resilient,12015,0.9546951009015604,0.6156326009015606,0.6101464742364351,0.2827606630119287,0.2827606630119287,1.0,0.0,0.0,0.0,1.0,1.0,1.0,1.0,0.3301089179597846,0.12499999999999996,8.0,0.2827606630119287,0.2827606630119287,1.0,0.0,0.0,0.0,1.0,1.0,1.0,1.0,0.3301089179597846,0.12499999999999996,8.0,0.6719344378896317,0.0,0.6719344378896317,0.3445486266651253,12.88941404200159,stable_control
flocking_topology_resilient,12016,0.9251348869229886,0.5760723869229887,0.5754250606272764,0.2579466043463728,0.2579466043463728,1.0,0.0,0.0,0.0,1.0,1.0,1.0,1.0,0.3302619507166228,0.12499999999999996,8.0,0.2579466043463728,0.2579466043463728,1.0,0.0,0.0,0.0,1.0,1.0,1.0,1.0,0.3302619507166228,0.12499999999999996,8.0,0.6671882825766158,0.0,0.6671882825766158,0.34970982629571223,12.255853082984686,stable_control
flocking_topology_resilient,12017,0.8908215235720462,0.5417590235720462,0.5345462194805723,0.27232989186634404,0.27232989186634404,1.0,0.0,0.0,0.0,1.0,1.0,1.0,1.0,0.32966065806971284,0.12499999999999996,8.0,0.27232989186634404,0.27232989186634404,1.0,0.0,0.0,0.0,1.0,1.0,1.0,1.0,0.32966065806971284,0.12499999999999996,8.0,0.6184916317057022,0.0,0.6184916317057022,0.3562753040914739,12.60897137504071,stable_control
flocking_topology_resilient,12018,0.9005191976530271,0.556769197653027,0.5333651434073375,0.27237218506468064,0.27237218506468064,1.0,0.0,0.0,0.0,1.0,1.0,1.0,1.0,0.3298135239242613,0.12499999999999996,8.0,0.27237218506468064,0.27237218506468064,1.0,0.0,0.0,0.0,1.0,1.0,1.0,1.0,0.3298135239242613,0.12499999999999996,8.0,0.6281470125883465,0.0,0.6281470125883465,0.3671540542456896,12.584835416870192,stable_control
flocking_topology_resilient,12019,1.0226156030000257,0.6788656030000257,0.6676477977526261,0.2772129365411387,0.2772129365411387,1.0,0.0,0.0,0.0,1.0,1.0,1.0,1.0,0.32996114255169584,0.12499999999999996,8.0,0.2772129365411387,0.2772129365411387,1.0,0.0,0.0,0.0,1.0,1.0,1.0,1.0,0.32996114255169584,0.12499999999999996,8.0,0.7454026664588871,0.0,0.7454026664588871,0.3549678052473997,12.590682375011966,stable_control
flocking_topology_resilient,12020,0.9860017813346026,0.6410017813346026,0.6168817693920046,0.26969600106801933,0.26969600106801933,1.0,0.0,0.0,0.0,1.0,1.0,1.0,1.0,0.3307766542718281,0.12499999999999996,8.0,0.26969600106801933,0.26969600106801933,1.0,0.0,0.0,0.0,1.0,1.0,1.0,1.0,0.3307766542718281,0.12499999999999996,8.0,0.7163057802665833,0.0,0.7163057802665833,0.369120011942598,12.602670958032832,stable_control
flocking_topology_resilient,12021,0.9580257727374883,0.6042757727374883,0.5543666698472849,0.2888257644877802,0.2888257644877802,1.0,0.0,0.0,0.0,1.0,1.0,1.0,1.0,0.33368032799249175,0.12499999999999996,8.0,0.2888257644877802,0.2888257644877802,1.0,0.0,0.0,0.0,1.0,1.0,1.0,1.0,0.33368032799249175,0.12499999999999996,8.0,0.6692000082497082,0.0,0.6692000082497082,0.40365910289020346,12.849885459057987,stable_control
flocking_topology_resilient,12022,0.9720836107714799,0.6377086107714801,0.6273515448323331,0.2774021239775192,0.2774021239775192,1.0,0.0,0.0,0.0,1.0,1.0,1.0,1.0,0.32912271643365537,0.12499999999999996,8.0,0.2774021239775192,0.2774021239775192,1.0,0.0,0.0,0.0,1.0,1.0,1.0,1.0,0.32912271643365537,0.12499999999999996,8.0,0.6946814867939607,0.0,0.6946814867939607,0.34473206593914674,12.736067375168204,stable_control
flocking_topology_resilient,12023,0.893400256377644,0.553712756377644,0.5529285659413116,0.2789826604488142,0.2789826604488142,1.0,0.0,0.0,0.0,1.0,1.0,1.0,1.0,0.3324419262542428,0.12499999999999996,7.95,0.27481499208677435,0.27481499208677435,1.0,0.0,0.0,0.0,1.0,1.0,1.0,1.0,0.3306788328949809,0.12499999999999996,8.0,0.6144175959288298,0.004167668362039856,0.6185852642908696,0.3404716904363324,12.952148917131126,stable_control
flocking_topology_resilient,12024,0.9305658240758288,0.5915033240758286,0.5914769543183923,0.26833626892118245,0.26833626892118245,1.0,0.0,0.0,0.0,1.0,1.0,1.0,1.0,0.3304378706000096,0.12499999999999996,8.0,0.26833626892118245,0.26833626892118245,1.0,0.0,0.0,0.0,1.0,1.0,1.0,1.0,0.3304378706000096,0.12499999999999996,8.0,0.6622295551546463,0.0,0.6622295551546463,0.33908886975743646,12.501337167108431,stable_control
flocking_topology_resilient,12025,0.9344933524701785,0.5907433524701785,0.5809975026952682,0.2797621806875946,0.2797621806875946,1.0,0.0,0.0,0.0,1.0,1.0,1.0,1.0,0.33018922246625315,0.12499999999999996,8.0,0.2797621806875946,0.2797621806875946,1.0,0.0,0.0,0.0,1.0,1.0,1.0,1.0,0.33018922246625315,0.12499999999999996,8.0,0.6547311717825839,0.0,0.6547311717825839,0.35349584977491033,12.462414582958445,stable_control
flocking_topology_resilient,12026,0.9640596133837663,0.6296846133837664,0.6036168665213204,0.27712197650226655,0.27712197650226655,1.0,0.0,0.0,0.0,1.0,1.0,1.0,1.0,0.32913384177748045,0.12499999999999996,8.0,0.27712197650226655,0.27712197650226655,1.0,0.0,0.0,0.0,1.0,1.0,1.0,1.0,0.32913384177748045,0.12499999999999996,8.0,0.6869376368814998,0.0,0.6869376368814998,0.36044274686244593,12.680089875124395,stable_control
flocking_topology_resilient,12027,0.9514008392352054,0.6023383392352052,0.597384023722437,0.27292318250508263,0.27292318250508263,1.0,0.0,0.0,0.0,1.0,1.0,1.0,1.0,0.3316493768362815,0.12500000000000036,7.95,0.27342992299136465,0.27342992299136465,1.0,0.0,0.0,0.0,1.0,1.0,1.0,1.0,0.3300552739587646,0.12500000000000036,8.0,0.6784776567301227,-0.0005067404862820202,0.6779709162438408,0.3540168155127683,12.69744358304888,stable_control
flocking_topology_resilient,12028,0.91136057075431,0.5769855707543099,0.5769855707543099,0.28671391799603196,0.28671391799603196,1.0,0.0,0.0,0.0,1.0,1.0,1.0,1.0,0.3306324863373254,0.12500000000000014,7.95,0.28622569055607816,0.28622569055607816,1.0,0.0,0.0,0.0,1.0,1.0,1.0,1.0,0.3297411115873124,0.12500000000000014,8.0,0.624646652758278,0.00048822743995380335,0.6251348801982318,0.3343750000000001,12.692362583009526,stable_control
flocking_topology_resilient,12029,0.9576833185510921,0.6033083185510919,0.5964654091070098,0.28109478811449584,0.28109478811449584,1.0,0.0,0.0,0.0,1.0,1.0,1.0,1.0,0.32929365522031845,0.12499999999999996,8.0,0.28109478811449584,0.28109478811449584,1.0,0.0,0.0,0.0,1.0,1.0,1.0,1.0,0.32929365522031845,0.12499999999999996,8.0,0.6765885304365963,0.0,0.6765885304365963,0.3612179094440823,12.783196750096977,stable_control
flocking_topology_resilient,12030,0.8752851215570576,0.5409101215570575,0.5402510468354101,0.2523761359791449,0.2523761359791449,1.0,0.0,0.0,0.0,1.0,1.0,1.0,1.0,0.3288757640997443,0.12499999999999996,8.0,0.2523761359791449,0.2523761359791449,1.0,0.0,0.0,0.0,1.0,1.0,1.0,1.0,0.3288757640997443,0.12499999999999996,8.0,0.6229089855779127,0.0,0.6229089855779127,0.3350340747216475,12.830358375096694,stable_control
flocking_topology_resilient,12031,0.8804475802376919,0.540135080237692,0.5313829770817892,0.2754203499441298,0.2754203499441298,1.0,0.0,0.0,0.0,1.0,1.0,1.0,1.0,0.3282251593077702,0.12499999999999996,8.0,0.2754203499441298,0.2754203499441298,1.0,0.0,0.0,0.0,1.0,1.0,1.0,1.0,0.3282251593077702,0.12499999999999996,8.0,0.6050272302935621,0.0,0.6050272302935621,0.3490646031559027,12.798421791987494,stable_control
flocking_topology_resilient,12032,0.9100615625032138,0.5663115625032136,0.5340662225713996,0.25467165202346137,0.25467165202346137,1.0,0.0,0.0,0.0,1.0,1.0,1.0,1.0,0.32914328061008885,0.12499999999999996,8.0,0.25467165202346137,0.25467165202346137,1.0,0.0,0.0,0.0,1.0,1.0,1.0,1.0,0.32914328061008885,0.12499999999999996,8.0,0.6553899104797525,0.0,0.6553899104797525,0.3759953399318142,12.53872433421202,stable_control
flocking_topology_resilient,12033,0.9719094294177018,0.6315969294177017,0.5713426919654283,0.28133862001228954,0.28133862001228954,1.0,0.0,0.0,0.0,1.0,1.0,1.0,1.0,0.32912172642687476,0.12499999999999996,8.0,0.28133862001228954,0.28133862001228954,1.0,0.0,0.0,0.0,1.0,1.0,1.0,1.0,0.32912172642687476,0.12499999999999996,8.0,0.6905708094054122,0.0,0.6905708094054122,0.40056673745227345,12.37017700006254,stable_control
flocking_topology_resilient,12034,0.9672238787929404,0.6234738787929404,0.5659110609124952,0.26533841743190545,0.26533841743190545,1.0,0.0,0.0,0.0,1.0,1.0,1.0,1.0,0.3310530894638259,0.12499999999999996,8.0,0.26533841743190545,0.26533841743190545,1.0,0.0,0.0,0.0,1.0,1.0,1.0,1.0,0.3310530894638259,0.12499999999999996,8.0,0.7018854613610349,0.0,0.7018854613610349,0.40131281788044515,12.607935874955729,stable_control
flocking_topology_resilient,12035,1.01307183020349,0.6786968302034899,0.5936187690513299,0.2659430732751183,0.2659430732751183,1.0,0.0,0.0,0.0,1.0,1.0,1.0,1.0,0.33238521275692434,0.12499999999999996,7.95,0.2635427942805929,0.2635427942805929,1.0,0.0,0.0,0.0,1.0,1.0,1.0,1.0,0.33068447105882415,0.12499999999999996,8.0,0.7471287569283718,0.0024002789945253844,0.7495290359228971,0.4194530611521601,12.832255250075832,stable_control
flocking_topology_resilient,12036,0.9849821648870718,0.6365446648870717,0.625625030785524,0.26304886961854945,0.26304886961854945,1.0,0.0,0.0,0.0,1.0,1.0,1.0,1.0,0.330199554170073,0.12499999999999996,8.0,0.26304886961854945,0.26304886961854945,1.0,0.0,0.0,0.0,1.0,1.0,1.0,1.0,0.330199554170073,0.12499999999999996,8.0,0.7219332952685223,0.0,0.7219332952685223,0.3593571341015478,12.521128166932613,stable_control
flocking_topology_resilient,12037,0.9900328834620566,0.6556578834620564,0.5701012289018431,0.27353693567137044,0.27353693567137044,1.0,0.0,0.0,0.0,1.0,1.0,1.0,1.0,0.3321751852245843,0.12499999999999996,7.95,0.27216235193777105,0.27216235193777105,1.0,0.0,0.0,0.0,1.0,1.0,1.0,1.0,0.3303710635423217,0.12499999999999996,8.0,0.7164959477906863,0.0013745837335993882,0.7178705315242856,0.41993165456021353,12.801095083821565,stable_control
flocking_topology_resilient,12038,0.9077736351144612,0.5533986351144613,0.5437070940203091,0.2845464368925367,0.2845464368925367,1.0,0.0,0.0,0.0,1.0,1.0,1.0,1.0,0.32863717517491564,0.12499999999999996,8.0,0.2845464368925367,0.2845464368925367,1.0,0.0,0.0,0.0,1.0,1.0,1.0,1.0,0.32863717517491564,0.12499999999999996,8.0,0.6232271982219244,0.0,0.6232271982219244,0.36406654109415204,12.881065415916964,stable_control
flocking_topology_resilient,12039,0.9242429226580541,0.580492922658054,0.5683553349475815,0.274425019072387,0.274425019072387,1.0,0.0,0.0,0.0,1.0,1.0,1.0,1.0,0.3297600054215838,0.12499999999999996,7.975,0.27277083829543325,0.27277083829543325,1.0,0.0,0.0,0.0,1.0,1.0,1.0,1.0,0.32899504399012824,0.12499999999999996,8.0,0.649817903585667,0.0016541807769537287,0.6514720843626208,0.3558875877104726,12.87693658308126,stable_control
flocking_topology_resilient,12040,0.9448919853827407,0.6011419853827407,0.5909567297078568,0.2930897362901953,0.2930897362901953,1.0,0.0,0.0,0.0,1.0,1.0,1.0,1.0,0.33345395695537977,0.12499999999999996,7.85,0.28906743099417975,0.28906743099417975,1.0,0.0,0.0,0.0,1.0,1.0,1.0,1.0,0.32896285384722684,0.12499999999999996,8.0,0.6518022490925454,0.004022305296015549,0.6558245543885609,0.3539352556748838,12.384853709023446,stable_control
flocking_topology_resilient,12041,1.0060454110734862,0.6622954110734862,0.6493126011855409,0.2869893326123153,0.2869893326123153,1.0,0.0,0.0,0.0,1.0,1.0,1.0,1.0,0.3339467430974726,0.12499999999999996,7.925,0.29187258568311414,0.29187258568311414,1.0,0.0,0.0,0.0,1.0,1.0,1.0,1.0,0.33153486558119055,0.12499999999999996,8.0,0.7190560784611709,-0.004883253070798843,0.7141728253903721,0.3567328098879453,12.6051524579525,stable_control
flocking_topology_resilient,12042,0.8929067745659012,0.5385317745659011,0.5385317745659011,0.28073787038629977,0.28073787038629977,1.0,0.0,0.0,0.0,1.0,1.0,1.0,1.0,0.3292764266078048,0.12499999999999996,8.0,0.28073787038629977,0.28073787038629977,1.0,0.0,0.0,0.0,1.0,1.0,1.0,1.0,0.3292764266078048,0.12499999999999996,8.0,0.6121689041796015,0.0,0.6121689041796015,0.3543750000000001,12.518904499942437,stable_control
flocking_topology_resilient,12043,0.8973834599110152,0.5630084599110152,0.5517482278201546,0.2823422860414905,0.2823422860414905,1.0,0.0,0.0,0.0,1.0,1.0,1.0,1.0,0.33268290045547266,0.12499999999999996,7.9,0.27863078285935955,0.27863078285935955,1.0,0.0,0.0,0.0,1.0,1.0,1.0,1.0,0.3306802610481594,0.12499999999999996,8.0,0.6150411738695247,0.0037115031821309263,0.6187526770516556,0.34563523209086056,12.5182138341479,stable_control
flocking_topology_resilient,12044,0.8855666344512979,0.5418166344512979,0.5418166344512979,0.2713468191556954,0.2713468191556954,1.0,0.0,0.0,0.0,1.0,1.0,1.0,1.0,0.3281545332222712,0.12499999999999996,8.0,0.2713468191556954,0.2713468191556954,1.0,0.0,0.0,0.0,1.0,1.0,1.0,1.0,0.3281545332222712,0.12499999999999996,8.0,0.6142198152956024,0.0,0.6142198152956024,0.34375,12.652173624839634,stable_control
flocking_topology_resilient,12045,0.9041456734373131,0.5650831734373133,0.5600320478637155,0.25895928424373676,0.25895928424373676,1.0,0.0,0.0,0.0,1.0,1.0,1.0,1.0,0.3296766362473792,0.12499999999999996,8.0,0.25895928424373676,0.25895928424373676,1.0,0.0,0.0,0.0,1.0,1.0,1.0,1.0,0.3296766362473792,0.12499999999999996,8.0,0.6451863891935763,0.0,0.6451863891935763,0.3441136255735976,12.625424625119194,stable_control
flocking_topology_resilient,12046,0.9831926733056229,0.6488176733056229,0.5491629706664913,0.2885046492207062,0.2885046492207062,1.0,0.0,0.0,0.0,1.0,1.0,1.0,1.0,0.33073169380150036,0.12499999999999996,7.925,0.28693814291306846,0.28693814291306846,1.0,0.0,0.0,0.0,1.0,1.0,1.0,1.0,0.3292232546190771,0.12499999999999996,8.0,0.6946880240849167,0.0015665063076377161,0.6962545303925545,0.43402970263913154,12.696043875068426,stable_control
flocking_topology_resilient,12047,0.9715261495196398,0.6277761495196396,0.6044591352569968,0.2538299414136834,0.2538299414136834,1.0,0.0,0.0,0.0,1.0,1.0,1.0,1.0,0.3298021627502271,0.12499999999999996,8.0,0.2538299414136834,0.2538299414136834,1.0,0.0,0.0,0.0,1.0,1.0,1.0,1.0,0.3298021627502271,0.12499999999999996,8.0,0.7176962081059564,0.0,0.7176962081059564,0.367067014262643,13.010187374893576,stable_control
flocking_topology_resilient,12048,0.9150306372977166,0.5665931372977167,0.5445126588499327,0.2775171740436419,0.2775171740436419,1.0,0.0,0.0,0.0,1.0,1.0,1.0,1.0,0.32855719187469534,0.12499999999999996,8.0,0.2775171740436419,0.2775171740436419,1.0,0.0,0.0,0.0,1.0,1.0,1.0,1.0,0.32855719187469534,0.12499999999999996,8.0,0.6375134632540747,0.0,0.6375134632540747,0.3705179784477839,12.574103791965172,stable_control
flocking_topology_resilient,12049,0.8846011413797475,0.5408511413797475,0.5267654895177907,0.26374267875322166,0.26374267875322166,1.0,0.0,0.0,0.0,1.0,1.0,1.0,1.0,0.3296087578274823,0.12499999999999996,8.0,0.26374267875322166,0.26374267875322166,1.0,0.0,0.0,0.0,1.0,1.0,1.0,1.0,0.3296087578274823,0.12499999999999996,8.0,0.6208584626265259,0.0,0.6208584626265259,0.35783565186195687,12.716219041962177,stable_control
flocking_topology_resilient,12050,0.8888980910001603,0.5592105910001605,0.5583713959920512,0.259780841550462,0.259780841550462,1.0,0.0,0.0,0.0,1.0,1.0,1.0,1.0,0.3287004941852743,0.12499999999999996,8.0,0.259780841550462,0.259780841550462,1.0,0.0,0.0,0.0,1.0,1.0,1.0,1.0,0.3287004941852743,0.12499999999999996,8.0,0.6291172494496983,0.0,0.6291172494496983,0.33052669500810905,12.760507915867493,stable_control
flocking_topology_resilient,12051,0.9424710366308687,0.5934085366308688,0.5888007878001835,0.2733163229060215,0.2733163229060215,1.0,0.0,0.0,0.0,1.0,1.0,1.0,1.0,0.33044623077107715,0.12499999999999996,8.0,0.2733163229060215,0.2733163229060215,1.0,0.0,0.0,0.0,1.0,1.0,1.0,1.0,0.33044623077107715,0.12499999999999996,8.0,0.6691547137248472,0.0,0.6691547137248472,0.3536702488306852,12.619560666847974,stable_control
flocking_topology_resilient,12052,1.0487507909839124,0.7137507909839123,0.5779237449721389,0.27120070536366175,0.27120070536366175,1.0,0.0,0.0,0.0,1.0,1.0,1.0,1.0,0.33366133589781627,0.12500000000000008,7.9,0.2679589773628718,0.2679589773628718,1.0,0.0,0.0,0.0,1.0,1.0,1.0,1.0,0.330643504232183,0.12500000000000008,8.0,0.7775500856202506,0.0032417280007899785,0.7807918136210407,0.4708270460117735,12.545741457957774,stable_control
flocking_topology_resilient,12053,0.930257587123234,0.595882587123234,0.5808130223982022,0.28201489655047185,0.28201489655047185,1.0,0.0,0.0,0.0,1.0,1.0,1.0,1.0,0.3294982376899503,0.12499999999999996,7.975,0.280079889223628,0.280079889223628,1.0,0.0,0.0,0.0,1.0,1.0,1.0,1.0,0.32907909864980694,0.12499999999999996,8.0,0.6482426905727622,0.0019350073268438739,0.6501776978996061,0.3494445647250318,12.78184733283706,stable_control
flocking_topology_resilient,12054,0.93047823341834,0.5867282334183399,0.5847730326566156,0.28381199341584634,0.28381199341584634,1.0,0.0,0.0,0.0,1.0,1.0,1.0,1.0,0.32903780485856665,0.12499999999999996,8.0,0.28381199341584634,0.28381199341584634,1.0,0.0,0.0,0.0,1.0,1.0,1.0,1.0,0.32903780485856665,0.12499999999999996,8.0,0.6466662400024936,0.0,0.6466662400024936,0.3457052007617244,12.767041499959305,stable_control
flocking_topology_resilient,12055,1.0483057633508879,0.715180763350888,0.5860623897316547,0.28232828786478265,0.28232828786478265,1.0,0.0,0.0,0.0,1.0,1.0,1.0,1.0,0.3319611370788847,0.12499999999999996,8.0,0.28232828786478265,0.28232828786478265,1.0,0.0,0.0,0.0,1.0,1.0,1.0,1.0,0.3319611370788847,0.12499999999999996,8.0,0.7659774754861053,0.0,0.7659774754861053,0.4622433736192332,12.975033208029345,stable_control
flocking_topology_resilient,12056,0.9892725152600667,0.6648975152600667,0.5804561423988446,0.2890578442761411,0.2890578442761411,1.0,0.0,0.0,0.0,1.0,1.0,1.0,1.0,0.33133025974462205,0.12499999999999996,7.9,0.28629558930628796,0.28629558930628796,1.0,0.0,0.0,0.0,1.0,1.0,1.0,1.0,0.32932886341312256,0.12499999999999996,8.0,0.7002146709839255,0.0027622549698531618,0.7029769259537787,0.4088163728612221,12.405696791829541,stable_control
flocking_topology_resilient,12057,0.9090175694389757,0.5652675694389757,0.561248797280617,0.26015125351714774,0.26015125351714774,1.0,0.0,0.0,0.0,1.0,1.0,1.0,1.0,0.32955728209611945,0.12499999999999996,8.0,0.26015125351714774,0.26015125351714774,1.0,0.0,0.0,0.0,1.0,1.0,1.0,1.0,0.32955728209611945,0.12499999999999996,8.0,0.648866315921828,0.0,0.648866315921828,0.34776877215835866,12.638271208154038,stable_control
flocking_topology_resilient,12058,1.0150127022372277,0.6706377022372279,0.5954631183295038,0.2767544412638279,0.2767544412638279,1.0,0.0,0.0,0.0,1.0,1.0,1.0,1.0,0.330082967515262,0.12499999999999996,7.975,0.2771730586594566,0.2771730586594566,1.0,0.0,0.0,0.0,1.0,1.0,1.0,1.0,0.32963034407068814,0.12499999999999996,8.0,0.7382582609733999,-0.00041861739562865097,0.7378396435777712,0.4195495839077239,12.43549054209143,stable_control
flocking_topology_resilient,12059,0.9787234658369968,0.6437234658369968,0.6168748940693332,0.23047812445753285,0.23047812445753285,1.0,0.0,0.0,0.0,1.0,1.0,1.0,1.0,0.3291610773111515,0.12499999999999996,8.0,0.23047812445753285,0.23047812445753285,1.0,0.0,0.0,0.0,1.0,1.0,1.0,1.0,0.3291610773111515,0.12499999999999996,8.0,0.7482453413794639,0.0,0.7482453413794639,0.3618485717676636,12.614095084136352,stable_control
flocking_topology_resilient,12060,0.917420360067706,0.573670360067706,0.5466052919126004,0.26918388173590013,0.26918388173590013,1.0,0.0,0.0,0.0,1.0,1.0,1.0,1.0,0.3296562358448377,0.12499999999999996,7.975,0.26880527346915817,0.26880527346915817,1.0,0.0,0.0,0.0,1.0,1.0,1.0,1.0,0.3292489385009053,0.12499999999999996,8.0,0.6482364783318059,0.00037860826674196435,0.6486150865985478,0.37081506815510556,12.869498874992132,stable_control
flocking_topology_resilient,12061,0.9237233157720894,0.5687233157720893,0.5651029098856156,0.25589079123364983,0.25589079123364983,1.0,0.0,0.0,0.0,1.0,1.0,1.0,1.0,0.3300084831726898,0.12499999999999996,8.0,0.25589079123364983,0.25589079123364983,1.0,0.0,0.0,0.0,1.0,1.0,1.0,1.0,0.3300084831726898,0.12499999999999996,8.0,0.6678325245384396,0.0,0.6678325245384396,0.3586204058864738,12.70274579199031,stable_control
flocking_topology_resilient,12062,0.9545538777808374,0.6054913777808375,0.5858993863304269,0.27855415500031294,0.27855415500031294,1.0,0.0,0.0,0.0,1.0,1.0,1.0,1.0,0.3300102477263893,0.12499999999999996,8.0,0.27855415500031294,0.27855415500031294,1.0,0.0,0.0,0.0,1.0,1.0,1.0,1.0,0.3300102477263893,0.12499999999999996,8.0,0.6759997227805246,0.0,0.6759997227805246,0.3686544914504105,12.766786416992545,stable_control
flocking_topology_resilient,12063,0.9158785026088104,0.5721285026088104,0.5586772762654416,0.2865580623138638,0.2865580623138638,1.0,0.0,0.0,0.0,1.0,1.0,1.0,1.0,0.32951183862132616,0.12499999999999996,8.0,0.2865580623138638,0.2865580623138638,1.0,0.0,0.0,0.0,1.0,1.0,1.0,1.0,0.32951183862132616,0.12499999999999996,8.0,0.6293204402949466,0.0,0.6293204402949466,0.3572012263433688,12.988015499897301,stable_control
flocking_topology_resilient,12064,0.9410489025782617,0.5866739025782618,0.5761641266719822,0.28985058559578497,0.28985058559578497,1.0,0.0,0.0,0.0,1.0,1.0,1.0,1.0,0.3322357656497011,0.1250000000000012,8.0,0.28985058559578497,0.28985058559578497,1.0,0.0,0.0,0.0,1.0,1.0,1.0,1.0,0.3322357656497011,0.1250000000000012,8.0,0.6511983169824767,0.0,0.6511983169824767,0.36488477590627943,12.556772416224703,stable_control
flocking_topology_resilient,12065,0.9377548728544888,0.5833798728544887,0.5736580949221668,0.28207764160239346,0.28207764160239346,1.0,0.0,0.0,0.0,1.0,1.0,1.0,1.0,0.3302434293872153,0.12499999999999996,8.0,0.28207764160239346,0.28207764160239346,1.0,0.0,0.0,0.0,1.0,1.0,1.0,1.0,0.3302434293872153,0.12499999999999996,8.0,0.6556772312520953,0.0,0.6556772312520953,0.364096777932322,12.66069758310914,stable_control
flocking_topology_resilient,12066,0.9228860711251112,0.588511071125111,0.5700925390291337,0.2693879516267667,0.2693879516267667,1.0,0.0,0.0,0.0,1.0,1.0,1.0,1.0,0.33075950679597277,0.12499999999999996,8.0,0.2693879516267667,0.2693879516267667,1.0,0.0,0.0,0.0,1.0,1.0,1.0,1.0,0.33075950679597277,0.12499999999999996,8.0,0.6534981194983445,0.0,0.6534981194983445,0.3527935320959775,12.726119665894657,stable_control
flocking_topology_resilient,12067,0.9305314507270506,0.5914689507270504,0.5384909258051813,0.30002255028718733,0.30002255028718733,1.0,0.0,0.0,0.0,1.0,1.0,1.0,1.0,0.332755196542998,0.12499999999999996,8.0,0.30002255028718733,0.30002255028718733,1.0,0.0,0.0,0.0,1.0,1.0,1.0,1.0,0.332755196542998,0.12499999999999996,8.0,0.6305089004398632,0.0,0.6305089004398632,0.39204052492186925,12.599654958117753,stable_control
flocking_topology_resilient,12068,1.0225516178600338,0.6881766178600335,0.5967312710576579,0.2851957541661474,0.2851957541661474,1.0,0.0,0.0,0.0,1.0,1.0,1.0,1.0,0.32970025057363594,0.12500000000000647,8.0,0.2851957541661474,0.2851957541661474,1.0,0.0,0.0,0.0,1.0,1.0,1.0,1.0,0.32970025057363594,0.12500000000000647,8.0,0.7373558636938864,0.0,0.7373558636938864,0.4258203468023759,12.615160041023046,stable_control
flocking_topology_resilient,12069,0.9392801439538548,0.5955301439538547,0.5670572764336805,0.26174431064560716,0.26174431064560716,1.0,0.0,0.0,0.0,1.0,1.0,1.0,1.0,0.3293670150703562,0.12500000000000003,8.0,0.26174431064560716,0.26174431064560716,1.0,0.0,0.0,0.0,1.0,1.0,1.0,1.0,0.3293670150703562,0.12500000000000003,8.0,0.6775358333082477,0.0,0.6775358333082477,0.3722228675201743,12.668738458072767,stable_control
flocking_topology_resilient,12070,0.9508108761968769,0.6070608761968769,0.6068214103696752,0.30166963204059283,0.30166963204059283,1.0,0.0,0.0,0.0,1.0,1.0,1.0,1.0,0.3298717774945119,0.12499999999999996,8.0,0.30166963204059283,0.30166963204059283,1.0,0.0,0.0,0.0,1.0,1.0,1.0,1.0,0.3298717774945119,0.12499999999999996,8.0,0.649141244156284,0.0,0.649141244156284,0.3439894658272017,12.81089304201305,stable_control
flocking_topology_resilient,12071,0.9577306107957071,0.6280431107957072,0.5990167050756275,0.2686947033987191,0.2686947033987191,1.0,0.0,0.0,0.0,1.0,1.0,1.0,1.0,0.3273860277065973,0.12499999999999996,7.975,0.2692353390857768,0.2692353390857768,1.0,0.0,0.0,0.0,1.0,1.0,1.0,1.0,0.32696722148123103,0.12499999999999996,8.0,0.6890359073969881,-0.0005406356870577,0.6884952717099303,0.35871390572007955,12.860025292029604,stable_control
flocking_topology_resilient,12072,0.9491439171157449,0.6094564171157448,0.6080692753467718,0.2847710027605682,0.2847710027605682,1.0,0.0,0.0,0.0,1.0,1.0,1.0,1.0,0.33281194571068734,0.12499999999999996,7.925,0.28063622315383974,0.28063622315383974,1.0,0.0,0.0,0.0,1.0,1.0,1.0,1.0,0.330191897095942,0.12499999999999996,8.0,0.6643729143551766,0.004134779606728478,0.6685076939619051,0.34107464176897306,12.498056375188753,stable_control
flocking_topology_resilient,12073,0.9239648219812345,0.5842773219812344,0.5648297851861723,0.25722212861312194,0.25722212861312194,1.0,0.0,0.0,0.0,1.0,1.0,1.0,1.0,0.330627304689164,0.12499999999999996,8.0,0.25722212861312194,0.25722212861312194,1.0,0.0,0.0,0.0,1.0,1.0,1.0,1.0,0.330627304689164,0.12499999999999996,8.0,0.6667426933681126,0.0,0.6667426933681126,0.3591350367950622,12.608301499858499,stable_control
flocking_topology_resilient,12074,0.9757254278548462,0.6266629278548463,0.6266629278548463,0.28660238855635367,0.28660238855635367,1.0,0.0,0.0,0.0,1.0,1.0,1.0,1.0,0.3326036307173593,0.12499999999999996,7.925,0.2811006206554455,0.2811006206554455,1.0,0.0,0.0,0.0,1.0,1.0,1.0,1.0,0.33000898975067144,0.12499999999999996,8.0,0.6891230392984925,0.005501767900908172,0.6946248071994007,0.34906249999999983,12.375315832905471,stable_control
flocking_topology_resilient,12075,1.0382611180404886,0.6785736180404885,0.6513509843055401,0.2598716329593642,0.2598716329593642,1.0,0.0,0.0,0.0,1.0,1.0,1.0,1.0,0.3287340471745842,0.12499999999999996,8.0,0.2598716329593642,0.2598716329593642,1.0,0.0,0.0,0.0,1.0,1.0,1.0,1.0,0.3287340471745842,0.12499999999999996,8.0,0.7783894850811244,0.0,0.7783894850811244,0.38691013373494854,12.464669334003702,stable_control
flocking_topology_resilient,12076,0.9818318298281044,0.6474568298281045,0.554673453860906,0.26998329801217114,0.26998329801217114,1.0,0.0,0.0,0.0,1.0,1.0,1.0,1.0,0.3293175064418622,0.12499999999999996,8.0,0.26998329801217114,0.26998329801217114,1.0,0.0,0.0,0.0,1.0,1.0,1.0,1.0,0.3293175064418622,0.12499999999999996,8.0,0.7118485318159332,0.0,0.7118485318159332,0.4271583759671983,12.82943662488833,stable_control
flocking_topology_resilient,12077,0.9296420235470262,0.5999545235470262,0.5540069051988759,0.2568949219844883,0.2568949219844883,1.0,0.0,0.0,0.0,1.0,1.0,1.0,1.0,0.33015014920824803,0.12500000000000036,8.0,0.2568949219844883,0.2568949219844883,1.0,0.0,0.0,0.0,1.0,1.0,1.0,1.0,0.33015014920824803,0.12500000000000036,8.0,0.6727471015625379,0.0,0.6727471015625379,0.37563511834815033,12.680980124976486,stable_control
flocking_topology_resilient,12078,0.9740314531399022,0.6302814531399022,0.6293856174861856,0.2870968375827566,0.2870968375827566,1.0,0.0,0.0,0.0,1.0,1.0,1.0,1.0,0.3315184897207464,0.12499999999999996,8.0,0.2870968375827566,0.2870968375827566,1.0,0.0,0.0,0.0,1.0,1.0,1.0,1.0,0.3315184897207464,0.12499999999999996,8.0,0.6869346155571456,0.0,0.6869346155571456,0.34464583565371665,12.785792832961306,stable_control
flocking_topology_resilient,12079,0.9061795900370653,0.5624295900370653,0.5534080777153778,0.2695127000196956,0.2695127000196956,1.0,0.0,0.0,0.0,1.0,1.0,1.0,1.0,0.332712618474989,0.12499999999999996,7.9,0.26109620290533325,0.26109620290533325,1.0,0.0,0.0,0.0,1.0,1.0,1.0,1.0,0.32909472055763517,0.12499999999999996,8.0,0.6366668900173698,0.00841649711436232,0.6450833871317321,0.35277151232168746,12.856054541887715,stable_control
flocking_topology_resilient,12080,0.9145387498411726,0.5707887498411727,0.5707887498411727,0.2682499786073246,0.2682499786073246,1.0,0.0,0.0,0.0,1.0,1.0,1.0,1.0,0.3313623420568212,0.12499999999999996,8.0,0.2682499786073246,0.2682499786073246,1.0,0.0,0.0,0.0,1.0,1.0,1.0,1.0,0.3313623420568212,0.12499999999999996,8.0,0.646288771233848,0.0,0.646288771233848,0.3437499999999999,12.395983791910112,stable_control
flocking_topology_resilient,12081,0.9431347189017982,0.5946972189017983,0.5921441104194842,0.274015485781759,0.274015485781759,1.0,0.0,0.0,0.0,1.0,1.0,1.0,1.0,0.3295463435070465,0.12499999999999996,7.95,0.2744236288508414,0.2744236288508414,1.0,0.0,0.0,0.0,1.0,1.0,1.0,1.0,0.3284531029477361,0.12499999999999996,8.0,0.6691192331200393,-0.0004081430690823784,0.6687110900509569,0.350990608482314,12.447864291956648,stable_control
flocking_topology_resilient,12082,0.916701836203865,0.5729518362038651,0.5635699132107822,0.28024372437722894,0.28024372437722894,1.0,0.0,0.0,0.0,1.0,1.0,1.0,1.0,0.33623306353231147,0.12499999999999996,7.875,0.2708436977837101,0.2708436977837101,1.0,0.0,0.0,0.0,1.0,1.0,1.0,1.0,0.33134133729459314,0.12499999999999996,8.0,0.6364581118266361,0.009400026593518851,0.6458581384201549,0.3531319229930828,12.60265108384192,stable_control
flocking_topology_resilient,12083,0.9083500344427105,0.5646000344427106,0.5570947156600821,0.2863378732333795,0.2863378732333795,1.0,0.0,0.0,0.0,1.0,1.0,1.0,1.0,0.3327686544081626,0.12499999999999996,7.925,0.2862326094986071,0.2862326094986071,1.0,0.0,0.0,0.0,1.0,1.0,1.0,1.0,0.3313405140286177,0.12499999999999996,8.0,0.622012161209331,0.00010526373477237616,0.6221174249441033,0.3512553187826284,12.663778790971264,stable_control
flocking_topology_resilient,12084,0.908077351200199,0.559014851200199,0.5535442809348659,0.2695210695604757,0.2695210695604757,1.0,0.0,0.0,0.0,1.0,1.0,1.0,1.0,0.3293918970226396,0.12499999999999996,8.0,0.2695210695604757,0.2695210695604757,1.0,0.0,0.0,0.0,1.0,1.0,1.0,1.0,0.3293918970226396,0.12499999999999996,8.0,0.6385562816397232,0.0,0.6385562816397232,0.3545330702653331,12.649379957932979,stable_control
flocking_topology_resilient,12085,0.8954209599741013,0.5410459599741013,0.5330010779081549,0.27837581986254384,0.27837581986254384,1.0,0.0,0.0,0.0,1.0,1.0,1.0,1.0,0.33041497764658884,0.12500000000000017,7.9,0.2768271308911455,0.2768271308911455,1.0,0.0,0.0,0.0,1.0,1.0,1.0,1.0,0.3281290455197275,0.12500000000000017,8.0,0.6170451401115575,0.0015486889713983154,0.6185938290829558,0.36241988206594644,12.585225959075615,stable_control
flocking_topology_resilient,12086,1.0443592750043216,0.7093592750043216,0.5725018502541792,0.28539003129923224,0.28539003129923224,1.0,0.0,0.0,0.0,1.0,1.0,1.0,1.0,0.3314332956930014,0.12499999999999996,8.0,0.28539003129923224,0.28539003129923224,1.0,0.0,0.0,0.0,1.0,1.0,1.0,1.0,0.3314332956930014,0.12499999999999996,8.0,0.7589692437050893,0.0,0.7589692437050893,0.47185742475014236,12.728772582951933,stable_control
flocking_topology_resilient,12087,0.9541407826155137,0.5950782826155137,0.5950782826155137,0.27686879277560505,0.27686879277560505,1.0,0.0,0.0,0.0,1.0,1.0,1.0,1.0,0.3330829144020356,0.12499999999999996,7.9,0.27570582974925867,0.27570582974925867,1.0,0.0,0.0,0.0,1.0,1.0,1.0,1.0,0.3310432875507745,0.12499999999999996,8.0,0.6772719898399087,0.0011629630263463864,0.678434952866255,0.35906250000000006,13.02225241693668,stable_control
flocking_topology_resilient,12088,0.9248247265658056,0.5851372265658057,0.5787872329106806,0.26277672623941245,0.26277672623941245,1.0,0.0,0.0,0.0,1.0,1.0,1.0,1.0,0.3297987118590269,0.12499999999999996,8.0,0.26277672623941245,0.26277672623941245,1.0,0.0,0.0,0.0,1.0,1.0,1.0,1.0,0.3297987118590269,0.12499999999999996,8.0,0.6620480003263931,0.0,0.6620480003263931,0.34603749365512504,12.44267174997367,stable_control
flocking_topology_resilient,12089,0.8948121417157904,0.5510621417157904,0.5392143434703094,0.2786987302671766,0.2786987302671766,1.0,0.0,0.0,0.0,1.0,1.0,1.0,1.0,0.33263521978552846,0.12499999999999996,7.925,0.2754709415862527,0.2754709415862527,1.0,0.0,0.0,0.0,1.0,1.0,1.0,1.0,0.32998267968540657,0.12499999999999996,8.0,0.6161134114486138,0.0032277886809239376,0.6193412001295378,0.355597798245481,12.673157999990508,stable_control
flocking_topology_resilient,12090,0.9670080924396028,0.6326330924396029,0.625489357837923,0.2849986352325881,0.2849986352325881,1.0,0.0,0.0,0.0,1.0,1.0,1.0,1.0,0.3298073408912007,0.12499999999999996,7.95,0.285587048506744,0.285587048506744,1.0,0.0,0.0,0.0,1.0,1.0,1.0,1.0,0.32891924962531005,0.12499999999999996,8.0,0.6820094572070148,-0.0005884132741558745,0.6814210439328588,0.3415187346016798,12.674050250090659,stable_control
flocking_topology_resilient,12091,1.0032270888392216,0.6688520888392215,0.6092929246524598,0.27735844871773613,0.27735844871773613,1.0,0.0,0.0,0.0,1.0,1.0,1.0,1.0,0.33021824498492225,0.12499999999999996,8.0,0.27735844871773613,0.27735844871773613,1.0,0.0,0.0,0.0,1.0,1.0,1.0,1.0,0.33021824498492225,0.12499999999999996,8.0,0.7258686401214856,0.0,0.7258686401214856,0.39393416418676186,12.580773791996762,stable_control
flocking_topology_resilient,12092,0.9430321030614703,0.5933446030614704,0.593167814418972,0.28358345439641663,0.28358345439641663,1.0,0.0,0.0,0.0,1.0,1.0,1.0,1.0,0.33187365996185114,0.12499999999999996,7.95,0.2840298833064225,0.2840298833064225,1.0,0.0,0.0,0.0,1.0,1.0,1.0,1.0,0.3308516842543942,0.12499999999999996,8.0,0.6594486486650537,-0.00044642891000584717,0.6590022197550478,0.3498642886424983,12.614991500042379,stable_control
flocking_topology_resilient,12093,0.9651606199463794,0.6214106199463794,0.6129380720227491,0.2843013522822028,0.2843013522822028,1.0,0.0,0.0,0.0,1.0,1.0,1.0,1.0,0.3302244243315783,0.12499999999999996,8.0,0.2843013522822028,0.2843013522822028,1.0,0.0,0.0,0.0,1.0,1.0,1.0,1.0,0.3302244243315783,0.12499999999999996,8.0,0.6808592676641765,0.0,0.6808592676641765,0.3522225479236303,12.770788999972865,stable_control
flocking_topology_resilient,12094,0.929161080502665,0.5900985805026651,0.5629660859175057,0.29535760937500655,0.29535760937500655,1.0,0.0,0.0,0.0,1.0,1.0,1.0,1.0,0.3305205500945519,0.12500000000000017,7.975,0.2955844941867426,0.2955844941867426,1.0,0.0,0.0,0.0,1.0,1.0,1.0,1.0,0.33010441685179204,0.12500000000000017,8.0,0.6338034711276584,-0.00022688481173605002,0.6335765863159224,0.36619499458515925,12.828729000175372,stable_control
flocking_topology_resilient,12095,0.9113642916367531,0.5676142916367531,0.5633439921239767,0.28137565512681306,0.28137565512681306,1.0,0.0,0.0,0.0,1.0,1.0,1.0,1.0,0.33410562851204945,0.12499999999999996,7.9,0.2755795272425609,0.2755795272425609,1.0,0.0,0.0,0.0,1.0,1.0,1.0,1.0,0.33046260312587356,0.12499999999999996,8.0,0.6299886365099401,0.005796127884252156,0.6357847643941923,0.34802029951277647,13.033117666142061,stable_control
flocking_topology_resilient,12096,1.0060936329200902,0.6576561329200903,0.6540073258522845,0.29564101192345993,0.29564101192345993,1.0,0.0,0.0,0.0,1.0,1.0,1.0,1.0,0.32881917760415524,0.12499999999999996,8.0,0.29564101192345993,0.29564101192345993,1.0,0.0,0.0,0.0,1.0,1.0,1.0,1.0,0.32881917760415524,0.12499999999999996,8.0,0.7104526209966303,0.0,0.7104526209966303,0.35208630706780575,12.4395422921516,stable_control
flocking_topology_resilient,12097,0.9297874243506573,0.5860374243506575,0.5834129580240643,0.280730250596009,0.280730250596009,1.0,0.0,0.0,0.0,1.0,1.0,1.0,1.0,0.3288954981376547,0.12499999999999996,8.0,0.280730250596009,0.280730250596009,1.0,0.0,0.0,0.0,1.0,1.0,1.0,1.0,0.3288954981376547,0.12499999999999996,8.0,0.6490571737546483,0.0,0.6490571737546483,0.34637446632659297,12.294960957951844,stable_control
flocking_topology_resilient,12098,0.882757030304696,0.5336945303046959,0.5220287863328636,0.24541308862386463,0.24541308862386463,1.0,0.0,0.0,0.0,1.0,1.0,1.0,1.0,0.3345341396169135,0.12499999999999996,7.775,0.2407195650181646,0.2407195650181646,1.0,0.0,0.0,0.0,1.0,1.0,1.0,1.0,0.32996834733910074,0.12499999999999996,8.0,0.6373439416808313,0.004693523605700023,0.6420374652865314,0.36072824397183234,12.114935375051573,stable_control
flocking_topology_resilient,12099,0.9368473261496192,0.5930973261496192,0.5845532852000295,0.2874592479798544,0.2874592479798544,1.0,0.0,0.0,0.0,1.0,1.0,1.0,1.0,0.33183572472245954,0.12499999999999996,8.0,0.2874592479798544,0.2874592479798544,1.0,0.0,0.0,0.0,1.0,1.0,1.0,1.0,0.33183572472245954,0.12499999999999996,8.0,0.6493880781697647,0.0,0.6493880781697647,0.3522940409495897,12.08972483407706,stable_control
flocking_topology_resilient,12000,1.3834038609415318,0.7777788609415317,0.6962186748409427,0.30731338975021016,0.30731338975021016,1.0,0.0,0.0,0.0,1.0,1.0,1.0,1.0,0.35666418800837796,0.12499999999999996,7.125,0.30731338975021016,0.30731338975021016,1.0,0.0,0.0,0.0,1.0,1.0,1.0,1.0,0.35666418800837796,0.12499999999999996,7.125,1.0760904711913217,0.0,1.0760904711913217,0.6871851861005891,11.493925540940836,failure_only
flocking_topology_resilient,12001,1.0068397459538247,0.6524647459538246,0.6436707076403405,0.29298546931193103,0.29298546931193103,1.0,0.0,0.0,0.0,1.0,1.0,1.0,1.0,0.35631041875791364,0.12499999999999996,7.0125,0.28965346093156336,0.28965346093156336,1.0,0.0,0.0,0.0,1.0,1.0,1.0,1.0,0.35222290286936947,0.12499999999999996,7.125,0.7138542766418937,0.003332008380367679,0.7171862850222614,0.36316903831348424,11.31947849993594,failure_only
flocking_topology_resilient,12002,1.4723190863799882,0.8560690863799882,0.8194234418048756,0.2827072650170594,0.2827072650170594,1.0,0.0,0.0,0.0,1.0,1.0,1.0,1.0,0.3659297728085914,0.12500000000002914,7.025,0.2758746457264363,0.2758746457264363,1.0,0.0,0.0,0.0,1.0,1.0,1.0,1.0,0.3626882266011563,0.12500000000002914,7.125,1.1896118213629288,0.006832619290623121,1.196444440653552,0.6528956445751126,11.478015250060707,failure_only
flocking_topology_resilient,12003,0.9073321229045043,0.5517071229045043,0.5405621961340845,0.29035054615772227,0.29035054615772227,1.0,0.0,0.0,0.0,1.0,1.0,1.0,1.0,0.3566438451232271,0.12499999999999996,7.125,0.29035054615772227,0.29035054615772227,1.0,0.0,0.0,0.0,1.0,1.0,1.0,1.0,0.3566438451232271,0.12499999999999996,7.125,0.616981576746782,0.0,0.616981576746782,0.36676992677041975,11.542323332978413,failure_only
flocking_topology_resilient,12004,0.9594762106837094,0.5991637106837093,0.5933696953808946,0.3000868630600956,0.3000868630600956,1.0,0.0,0.0,0.0,1.0,1.0,1.0,1.0,0.3573933485864168,0.12499999999999996,7.1,0.3021967963917832,0.3021967963917832,1.0,0.0,0.0,0.0,1.0,1.0,1.0,1.0,0.35697823302294684,0.12499999999999996,7.125,0.6593893476236138,-0.00210993333168763,0.6572794142919262,0.3661065153028148,10.910571541171521,failure_only
flocking_topology_resilient,12005,0.9433764682175468,0.5730639682175467,0.5730639682175467,0.29795142450829043,0.29795142450829043,1.0,0.0,0.0,0.0,1.0,1.0,1.0,1.0,0.3570440603061269,0.12499999999999996,7.125,0.29795142450829043,0.29795142450829043,1.0,0.0,0.0,0.0,1.0,1.0,1.0,1.0,0.3570440603061269,0.12499999999999996,7.125,0.6454250437092564,0.0,0.6454250437092564,0.37031250000000016,10.800174459116533,failure_only
flocking_topology_resilient,12006,0.9697126533137889,0.6053376533137887,0.603189997535867,0.31025190501392574,0.31025190501392574,1.0,0.0,0.0,0.0,1.0,1.0,1.0,1.0,0.35865670104573344,0.12499999999999996,7.125,0.31025190501392574,0.31025190501392574,1.0,0.0,0.0,0.0,1.0,1.0,1.0,1.0,0.35865670104573344,0.12499999999999996,7.125,0.6594607482998631,0.0,0.6594607482998631,0.36652265577792187,10.855078999884427,failure_only
flocking_topology_resilient,12007,1.2322718965395079,0.7291468965395079,0.7291468965395079,0.31104090666774115,0.31104090666774115,1.0,0.0,0.0,0.0,1.0,1.0,1.0,1.0,0.3540119111095511,0.12499999999999996,7.125,0.31104090666774115,0.31104090666774115,1.0,0.0,0.0,0.0,1.0,1.0,1.0,1.0,0.3540119111095511,0.12499999999999996,7.125,0.9212309898717668,0.0,0.9212309898717668,0.5031249999999999,10.775756499962881,failure_only
flocking_topology_resilient,12008,1.2671921714911492,0.6796921714911491,0.608046277023872,0.27827081416198074,0.27827081416198074,1.0,0.0,0.0,0.0,1.0,1.0,1.0,1.0,0.35652640811594044,0.12499999999999996,7.125,0.27827081416198074,0.27827081416198074,1.0,0.0,0.0,0.0,1.0,1.0,1.0,1.0,0.35652640811594044,0.12499999999999996,7.125,0.9889213573291684,0.0,0.9889213573291684,0.6591458944672771,10.850278791971505,failure_only
flocking_topology_resilient,12009,0.9304077923302568,0.5800952923302568,0.5788817511228123,0.2874330707485759,0.2874330707485759,1.0,0.0,0.0,0.0,1.0,1.0,1.0,1.0,0.3596037018492841,0.12499999999999996,7.05,0.287322478121677,0.287322478121677,1.0,0.0,0.0,0.0,1.0,1.0,1.0,1.0,0.35596162602065873,0.12499999999999996,7.125,0.642974721581681,0.0001105926268988866,0.6430853142085798,0.3515260412074446,10.936905042035505,failure_only
flocking_topology_resilient,12010,0.9271227670665793,0.5727477670665793,0.5647948993327073,0.29283063967593065,0.29283063967593065,1.0,0.0,0.0,0.0,1.0,1.0,1.0,1.0,0.3552288469647856,0.12499999999999996,7.125,0.29283063967593065,0.29283063967593065,1.0,0.0,0.0,0.0,1.0,1.0,1.0,1.0,0.3552288469647856,0.12499999999999996,7.125,0.6342921273906486,0.0,0.6342921273906486,0.36232786773387193,10.887457750039175,failure_only
flocking_topology_resilient,12011,1.129184383142303,0.5738718831423031,0.5738718831423031,0.2741273155791069,0.2741273155791069,1.0,0.0,0.0,0.0,1.0,1.0,1.0,1.0,0.34161080393967125,0.12499999999999996,7.05,0.27072785411691347,0.27072785411691347,1.0,0.0,0.0,0.0,1.0,1.0,1.0,1.0,0.3390005429418916,0.12499999999999996,7.125,0.8550570675631961,0.0033994614621934427,0.8584565290253895,0.5553124999999999,10.929179083090276,failure_only
flocking_topology_resilient,12012,1.2168765329181324,0.6321890329181322,0.6321890329181322,0.29656281764902104,0.29656281764902104,1.0,0.0,0.0,0.0,1.0,1.0,1.0,1.0,0.36032019961378003,0.12499999999999996,7.075,0.29824498341971106,0.29824498341971106,1.0,0.0,0.0,0.0,1.0,1.0,1.0,1.0,0.3593616316511318,0.12499999999999996,7.125,0.9203137152691113,-0.001682165770690025,0.9186315494984213,0.5846875000000001,10.434637166094035,failure_only
flocking_topology_resilient,12013,0.9372194065034563,0.5869069065034564,0.5758548609582071,0.28443167475881836,0.28443167475881836,1.0,0.0,0.0,0.0,1.0,1.0,1.0,1.0,0.3588439636657134,0.12499999999999996,7.0875,0.28387044994729466,0.28387044994729466,1.0,0.0,0.0,0.0,1.0,1.0,1.0,1.0,0.3577225528259363,0.12499999999999996,7.125,0.6527877317446379,0.0005612248115237084,0.6533489565561617,0.3613645455452491,10.35568420914933,failure_only
flocking_topology_resilient,12014,0.9036303319173878,0.5492553319173877,0.5492553319173877,0.2788911899917047,0.2788911899917047,1.0,0.0,0.0,0.0,1.0,1.0,1.0,1.0,0.3575211079878985,0.12499999999999996,7.10625,0.2782189038306454,0.2782189038306454,1.0,0.0,0.0,0.0,1.0,1.0,1.0,1.0,0.3569921359088485,0.12499999999999996,7.125,0.6247391419256831,0.000672286161059299,0.6254114280867424,0.3543750000000001,10.423664249945432,failure_only
flocking_topology_resilient,12015,0.942481264000018,0.5821687640000179,0.5789218359093946,0.2954497923074316,0.2954497923074316,1.0,0.0,0.0,0.0,1.0,1.0,1.0,1.0,0.35370396017064853,0.12499999999999996,7.125,0.2954497923074316,0.2954497923074316,1.0,0.0,0.0,0.0,1.0,1.0,1.0,1.0,0.35370396017064853,0.12499999999999996,7.125,0.6470314716925863,0.0,0.6470314716925863,0.36355942809062336,10.352521249791607,failure_only
flocking_topology_resilient,12016,1.165174143987759,0.602361643987759,0.602361643987759,0.2663256581860721,0.2663256581860721,1.0,0.0,0.0,0.0,1.0,1.0,1.0,1.0,0.3404015695115862,0.12499999999999996,7.125,0.2663256581860721,0.2663256581860721,1.0,0.0,0.0,0.0,1.0,1.0,1.0,1.0,0.3404015695115862,0.12499999999999996,7.125,0.8988484858016869,0.0,0.8988484858016869,0.5628124999999999,10.416704708943143,failure_only
flocking_topology_resilient,12017,1.0353933358341618,0.5557058358341619,0.5557058358341619,0.287104841024267,0.287104841024267,1.0,0.0,0.0,0.0,1.0,1.0,1.0,1.0,0.3351572217261497,0.12499999999999996,7.125,0.287104841024267,0.287104841024267,1.0,0.0,0.0,0.0,1.0,1.0,1.0,1.0,0.3351572217261497,0.12499999999999996,7.125,0.7482884948098949,0.0,0.7482884948098949,0.47968749999999993,10.447891332907602,failure_only
flocking_topology_resilient,12018,0.9441227557827456,0.5791227557827459,0.5683838538428055,0.2940332364960274,0.2940332364960274,1.0,0.0,0.0,0.0,1.0,1.0,1.0,1.0,0.3574012063944529,0.12499999999999996,7.10625,0.2924467335345609,0.2924467335345609,1.0,0.0,0.0,0.0,1.0,1.0,1.0,1.0,0.3565787224255736,0.12499999999999996,7.125,0.6500895192867182,0.0015865029614665072,0.6516760222481848,0.3757389019399401,10.587110250024125,failure_only
flocking_topology_resilient,12019,1.0173098767227469,0.662309876722747,0.6599964388070374,0.31114618331513294,0.31114618331513294,1.0,0.0,0.0,0.0,1.0,1.0,1.0,1.0,0.35710883333074595,0.12499999999999996,7.125,0.31114618331513294,0.31114618331513294,1.0,0.0,0.0,0.0,1.0,1.0,1.0,1.0,0.35710883333074595,0.12499999999999996,7.125,0.7061636934076139,0.0,0.7061636934076139,0.35731343791570946,10.844455082900822,failure_only
flocking_topology_resilient,12020,0.9835963738088846,0.6332838738088847,0.6255134240035469,0.3057058950901455,0.3057058950901455,1.0,0.0,0.0,0.0,1.0,1.0,1.0,1.0,0.35904192411073244,0.12499999999999996,7.10625,0.3055002857779354,0.3055002857779354,1.0,0.0,0.0,0.0,1.0,1.0,1.0,1.0,0.3585101193077475,0.12499999999999996,7.125,0.6778904787187392,0.0002056093122100866,0.6780960880309492,0.3580829498053377,10.636517584091052,failure_only
flocking_topology_resilient,12021,0.9784098220448698,0.6093473220448697,0.589434866641396,0.3133535710022909,0.3133535710022909,1.0,0.0,0.0,0.0,1.0,1.0,1.0,1.0,0.36433801619394596,0.12499999999999996,7.125,0.3133535710022909,0.3133535710022909,1.0,0.0,0.0,0.0,1.0,1.0,1.0,1.0,0.36433801619394596,0.12499999999999996,7.125,0.6650562510425789,0.0,0.6650562510425789,0.3889749554034738,10.624401959124953,failure_only
flocking_topology_resilient,12022,1.1873366545690036,0.5851491545690036,0.5794600632066865,0.2845611871574638,0.2845611871574638,1.0,0.0,0.0,0.0,1.0,1.0,1.0,1.0,0.3430769777723176,0.12499999999999996,7.125,0.2845611871574638,0.2845611871574638,1.0,0.0,0.0,0.0,1.0,1.0,1.0,1.0,0.3430769777723176,0.12499999999999996,7.125,0.9027754674115398,0.0,0.9027754674115398,0.6078765913623171,10.725966084050015,failure_only
flocking_topology_resilient,12023,1.1539619143434614,0.5617744143434613,0.5617744143434613,0.2932958086589368,0.2932958086589368,1.0,0.0,0.0,0.0,1.0,1.0,1.0,1.0,0.3464279291194864,0.12499999999999996,7.075,0.2890516396621986,0.2890516396621986,1.0,0.0,0.0,0.0,1.0,1.0,1.0,1.0,0.34466454876752833,0.12499999999999996,7.125,0.8606661056845246,0.004244168996738185,0.8649102746812628,0.5921875000000001,10.632482166867703,failure_only
flocking_topology_resilient,12024,0.9726820118448469,0.6123695118448469,0.6114834633952454,0.2859262903454476,0.2859262903454476,1.0,0.0,0.0,0.0,1.0,1.0,1.0,1.0,0.3572598498349648,0.12499999999999996,7.125,0.2859262903454476,0.2859262903454476,1.0,0.0,0.0,0.0,1.0,1.0,1.0,1.0,0.3572598498349648,0.12499999999999996,7.125,0.6867557214993993,0.0,0.6867557214993993,0.36119854844960153,10.738566915970296,failure_only
flocking_topology_resilient,12025,0.9601987474887519,0.600511247488752,0.5973683303974195,0.30069926820289505,0.30069926820289505,1.0,0.0,0.0,0.0,1.0,1.0,1.0,1.0,0.35729420444895227,0.12499999999999996,7.125,0.30069926820289505,0.30069926820289505,1.0,0.0,0.0,0.0,1.0,1.0,1.0,1.0,0.35729420444895227,0.12499999999999996,7.125,0.6594994792858568,0.0,0.6594994792858568,0.36283041709133235,10.710145958000794,failure_only
flocking_topology_resilient,12026,0.9832899353829445,0.6329774353829446,0.6231354124200503,0.29595229269915757,0.29595229269915757,1.0,0.0,0.0,0.0,1.0,1.0,1.0,1.0,0.3544805709013944,0.12499999999999996,7.125,0.29595229269915757,0.29595229269915757,1.0,0.0,0.0,0.0,1.0,1.0,1.0,1.0,0.3544805709013944,0.12499999999999996,7.125,0.6873376426837869,0.0,0.6873376426837869,0.3601545229628942,10.813822583062574,failure_only
flocking_topology_resilient,12027,0.9592357790507725,0.6101732790507726,0.6101732790507726,0.28091536692248603,0.28091536692248603,1.0,0.0,0.0,0.0,1.0,1.0,1.0,1.0,0.35600230176393916,0.12500000000000036,7.075,0.2814147423004371,0.2814147423004371,1.0,0.0,0.0,0.0,1.0,1.0,1.0,1.0,0.35440819308319044,0.12500000000000036,7.125,0.6783204121282864,-0.0004993753779510834,0.6778210367503354,0.34906249999999994,10.95090716611594,failure_only
flocking_topology_resilient,12028,0.951408234194818,0.601095734194818,0.5977799641107292,0.2895315013974561,0.2895315013974561,1.0,0.0,0.0,0.0,1.0,1.0,1.0,1.0,0.35681997663703247,0.12500000000000014,7.05625,0.2881529377119364,0.2881529377119364,1.0,0.0,0.0,0.0,1.0,1.0,1.0,1.0,0.35545309914662243,0.12500000000000014,7.125,0.6618767327973619,0.0013785636855196959,0.6632552964828816,0.3536282700840888,10.878978791180998,failure_only
flocking_topology_resilient,12029,0.9815191788753937,0.6218316788753937,0.6103968515985913,0.31566728228234275,0.31566728228234275,1.0,0.0,0.0,0.0,1.0,1.0,1.0,1.0,0.35613017477515096,0.12499999999999996,7.125,0.31566728228234275,0.31566728228234275,1.0,0.0,0.0,0.0,1.0,1.0,1.0,1.0,0.35613017477515096,0.12499999999999996,7.125,0.665851896593051,0.0,0.665851896593051,0.3711223272768025,10.960278582992032,failure_only
flocking_topology_resilient,12030,0.8713414761654207,0.5316539761654205,0.5316539761654205,0.2644466924459541,0.2644466924459541,1.0,0.0,0.0,0.0,1.0,1.0,1.0,1.0,0.3505859490099764,0.12499999999999996,7.125,0.2644466924459541,0.2644466924459541,1.0,0.0,0.0,0.0,1.0,1.0,1.0,1.0,0.3505859490099764,0.12499999999999996,7.125,0.6068947837194666,0.0,0.6068947837194666,0.33968750000000014,11.253108291886747,failure_only
flocking_topology_resilient,12031,0.9051088965867002,0.5594838965867001,0.553085733473277,0.29399784658376393,0.29399784658376393,1.0,0.0,0.0,0.0,1.0,1.0,1.0,1.0,0.3505468415228288,0.12499999999999996,7.125,0.29399784658376393,0.29399784658376393,1.0,0.0,0.0,0.0,1.0,1.0,1.0,1.0,0.3505468415228288,0.12499999999999996,7.125,0.6111110500029363,0.0,0.6111110500029363,0.3520231631134232,11.33342495909892,failure_only
flocking_topology_resilient,12032,0.9692923078066442,0.6202298078066443,0.6119779310473035,0.27300554647727954,0.27300554647727954,1.0,0.0,0.0,0.0,1.0,1.0,1.0,1.0,0.3579323044350319,0.12499999999999996,7.0875,0.26997510142320535,0.26997510142320535,1.0,0.0,0.0,0.0,1.0,1.0,1.0,1.0,0.3561946048312702,0.12499999999999996,7.125,0.6962867613293646,0.0030304450540741823,0.6993172063834389,0.35731437675934075,11.26403275015764,failure_only
flocking_topology_resilient,12033,1.363615166079233,0.7739276660792329,0.7028625644360277,0.28641444753824263,0.28641444753824263,1.0,0.0,0.0,0.0,1.0,1.0,1.0,1.0,0.3562742096410651,0.12499999999999996,7.125,0.28641444753824263,0.28641444753824263,1.0,0.0,0.0,0.0,1.0,1.0,1.0,1.0,0.3562742096410651,0.12499999999999996,7.125,1.0772007185409904,0.0,1.0772007185409904,0.6607526016432054,11.309896915918216,failure_only
flocking_topology_resilient,12034,0.9488603133233603,0.5891728133233602,0.5852187228127093,0.2857552081350348,0.2857552081350348,1.0,0.0,0.0,0.0,1.0,1.0,1.0,1.0,0.35853768058071145,0.12499999999999996,7.125,0.2857552081350348,0.2857552081350348,1.0,0.0,0.0,0.0,1.0,1.0,1.0,1.0,0.35853768058071145,0.12499999999999996,7.125,0.6631051051883254,0.0,0.6631051051883254,0.36364159051065104,11.437645541969687,failure_only
flocking_topology_resilient,12035,0.9585474372844406,0.6082349372844407,0.5359280922782934,0.29097024869892646,0.29097024869892646,1.0,0.0,0.0,0.0,1.0,1.0,1.0,1.0,0.36162425864227254,0.12499999999999996,7.075,0.2885813911705181,0.2885813911705181,1.0,0.0,0.0,0.0,1.0,1.0,1.0,1.0,0.35992310887446904,0.12499999999999996,7.125,0.6675771885855142,0.002388857528408339,0.6699660461139225,0.4226193450061472,11.605936917010695,failure_only
flocking_topology_resilient,12036,1.1168039264763423,0.5858664264763422,0.5858664264763422,0.28196229300488396,0.28196229300488396,1.0,0.0,0.0,0.0,1.0,1.0,1.0,1.0,0.34419630074369667,0.12499999999999996,7.125,0.28196229300488396,0.28196229300488396,1.0,0.0,0.0,0.0,1.0,1.0,1.0,1.0,0.34419630074369667,0.12499999999999996,7.125,0.8348416334714583,0.0,0.8348416334714583,0.5309375000000001,10.571691249962896,failure_only
flocking_topology_resilient,12037,1.1720497285866012,0.6498622285866013,0.5801893819592661,0.28552735855073824,0.28552735855073824,1.0,0.0,0.0,0.0,1.0,1.0,1.0,1.0,0.34221588723651575,0.12499999999999996,7.075,0.2841343351639437,0.2841343351639437,1.0,0.0,0.0,0.0,1.0,1.0,1.0,1.0,0.3404115168655683,0.12499999999999996,7.125,0.8865223700358629,0.001393023386794534,0.8879153934226575,0.5918603466273351,10.247438334161416,failure_only
flocking_topology_resilient,12038,1.1815892949400155,0.6384642949400157,0.6384642949400157,0.30853253180062074,0.30853253180062074,1.0,0.0,0.0,0.0,1.0,1.0,1.0,1.0,0.35683786807001516,0.12499999999999996,7.1125,0.3071627309792504,0.3071627309792504,1.0,0.0,0.0,0.0,1.0,1.0,1.0,1.0,0.3563614460490223,0.12499999999999996,7.125,0.8730567631393948,0.0013698008213703372,0.8744265639607651,0.5431249999999999,10.225537708029151,failure_only
flocking_topology_resilient,12039,1.1068067635398617,0.5930567635398617,0.5930567635398617,0.2895809872254884,0.2895809872254884,1.0,0.0,0.0,0.0,1.0,1.0,1.0,1.0,0.3463973555166059,0.12499999999999996,7.0,0.28255477035802773,0.28255477035802773,1.0,0.0,0.0,0.0,1.0,1.0,1.0,1.0,0.3396926767570443,0.12499999999999996,7.125,0.8172257763143733,0.007026216867460688,0.824251993181834,0.51375,10.166388291865587,failure_only
flocking_topology_resilient,12040,1.1650430274311017,0.6600430274311015,0.6595027827561128,0.314040183403596,0.314040183403596,1.0,0.0,0.0,0.0,1.0,1.0,1.0,1.0,0.35938869405708573,0.12499999999999996,6.975,0.30999612051755615,0.30999612051755615,1.0,0.0,0.0,0.0,1.0,1.0,1.0,1.0,0.3548975442570198,0.12499999999999996,7.125,0.8510028440275057,0.0040440628860398675,0.8550469069135456,0.5055402446749888,10.09494891599752,failure_only
flocking_topology_resilient,12041,1.1888146488075386,0.6091271488075385,0.6091271488075385,0.2941854500812706,0.2941854500812706,1.0,0.0,0.0,0.0,1.0,1.0,1.0,1.0,0.3498853742992233,0.12499999999999996,7.05,0.29908290989536435,0.29908290989536435,1.0,0.0,0.0,0.0,1.0,1.0,1.0,1.0,0.3474734731134491,0.12499999999999996,7.125,0.894629198726268,-0.00489745981409373,0.8897317389121743,0.5796875000000001,10.26521149999462,failure_only
flocking_topology_resilient,12042,1.0174211566721627,0.5230461566721627,0.5230461566721627,0.2875513920776233,0.2875513920776233,1.0,0.0,0.0,0.0,1.0,1.0,1.0,1.0,0.33984874419391825,0.12499999999999996,7.125,0.2875513920776233,0.2875513920776233,1.0,0.0,0.0,0.0,1.0,1.0,1.0,1.0,0.33984874419391825,0.12499999999999996,7.125,0.7298697645945393,0.0,0.7298697645945393,0.494375,10.11003441712819,failure_only
flocking_topology_resilient,12043,1.4799603827024757,0.8690228827024757,0.8664992809584454,0.296134037834144,0.296134037834144,1.0,0.0,0.0,0.0,1.0,1.0,1.0,1.0,0.36493946235185226,0.12499999999999996,7.025,0.2924268902725619,0.2924268902725619,1.0,0.0,0.0,0.0,1.0,1.0,1.0,1.0,0.36293441764338336,0.12499999999999996,7.125,1.1838263448683317,0.0037071475615820804,1.1875334924299137,0.6134611017440302,9.962171207880601,failure_only
flocking_topology_resilient,12044,0.8700382018521097,0.5050382018521098,0.5035318489087901,0.3028923747250373,0.3028923747250373,1.0,0.0,0.0,0.0,1.0,1.0,1.0,1.0,0.3517717240885598,0.12499999999999996,7.125,0.3028923747250373,0.3028923747250373,1.0,0.0,0.0,0.0,1.0,1.0,1.0,1.0,0.3517717240885598,0.12499999999999996,7.125,0.5671458271270724,0.0,0.5671458271270724,0.36650635294331957,10.341739000054076,failure_only
flocking_topology_resilient,12045,0.9366633006661799,0.5816633006661798,0.5796184687870788,0.2749089857099259,0.2749089857099259,1.0,0.0,0.0,0.0,1.0,1.0,1.0,1.0,0.35473007529137635,0.12499999999999996,7.125,0.2749089857099259,0.2749089857099259,1.0,0.0,0.0,0.0,1.0,1.0,1.0,1.0,0.35473007529137635,0.12499999999999996,7.125,0.6617543149562539,0.0,0.6617543149562539,0.3570448318791011,10.56795037491247,failure_only
flocking_topology_resilient,12046,1.0861646339200632,0.6058521339200633,0.5314665504859342,0.28800620209115724,0.28800620209115724,1.0,0.0,0.0,0.0,1.0,1.0,1.0,1.0,0.335508917362476,0.12499999999999996,7.125,0.28800620209115724,0.28800620209115724,1.0,0.0,0.0,0.0,1.0,1.0,1.0,1.0,0.335508917362476,0.12499999999999996,7.125,0.798158431828906,0.0,0.798158431828906,0.5546980834341291,10.707333874888718,failure_only
flocking_topology_resilient,12047,0.9396475273493794,0.5852725273493794,0.5802705027758428,0.27498899603832205,0.27498899603832205,1.0,0.0,0.0,0.0,1.0,1.0,1.0,1.0,0.35193490214257883,0.12499999999999996,7.05,0.27152396475105645,0.27152396475105645,1.0,0.0,0.0,0.0,1.0,1.0,1.0,1.0,0.34984630271546147,0.12499999999999996,7.125,0.6646585313110573,0.0034650312872656075,0.668123562598323,0.3593770245735366,10.54749449994415,failure_only
flocking_topology_resilient,12048,1.2164676882411345,0.7174051882411348,0.7174051882411348,0.2955914192879279,0.2955914192879279,1.0,0.0,0.0,0.0,1.0,1.0,1.0,1.0,0.35310749478473874,0.12499999999999996,7.125,0.2955914192879279,0.2955914192879279,1.0,0.0,0.0,0.0,1.0,1.0,1.0,1.0,0.35310749478473874,0.12499999999999996,7.125,0.9208762689532066,0.0,0.9208762689532066,0.49906249999999974,10.8323592080269,failure_only
flocking_topology_resilient,12049,0.9215355660202403,0.5359105660202402,0.5359105660202402,0.29222383695860954,0.29222383695860954,1.0,0.0,0.0,0.0,1.0,1.0,1.0,1.0,0.3553192932191237,0.12499999999999996,7.125,0.29222383695860954,0.29222383695860954,1.0,0.0,0.0,0.0,1.0,1.0,1.0,1.0,0.3553192932191237,0.12499999999999996,7.125,0.6293117290616308,0.0,0.6293117290616308,0.3856250000000001,10.70127720804885,failure_only
flocking_topology_resilient,12050,1.090982610378092,0.5641076103780918,0.5641076103780918,0.26226343316579703,0.26226343316579703,1.0,0.0,0.0,0.0,1.0,1.0,1.0,1.0,0.34041315015964757,0.12499999999999996,7.075,0.26223158281046766,0.26223158281046766,1.0,0.0,0.0,0.0,1.0,1.0,1.0,1.0,0.33760898160794534,0.12499999999999996,7.125,0.8287191772122949,3.185035532937697e-05,0.8287510275676243,0.5268750000000002,10.881761791184545,failure_only
flocking_topology_resilient,12051,0.9247359692218279,0.5650484692218279,0.5623461977756115,0.30353736358876,0.30353736358876,1.0,0.0,0.0,0.0,1.0,1.0,1.0,1.0,0.357358227293522,0.12499999999999996,7.10625,0.30393427171373955,0.30393427171373955,1.0,0.0,0.0,0.0,1.0,1.0,1.0,1.0,0.3565360990335279,0.12499999999999996,7.125,0.6211986056330678,-0.00039690812497955585,0.6208016975080883,0.3623897714462164,10.87141687516123,failure_only
flocking_topology_resilient,12052,1.3648432732275206,0.8120307732275208,0.6815726967595955,0.29050645679677556,0.29050645679677556,1.0,0.0,0.0,0.0,1.0,1.0,1.0,1.0,0.36374124322264145,0.12500000000000008,7.025,0.28720559336242124,0.28720559336242124,1.0,0.0,0.0,0.0,1.0,1.0,1.0,1.0,0.3607190114596218,0.12500000000000008,7.125,1.074336816430745,0.0033008634343543175,1.0776376798650995,0.6832705764679251,10.24965429189615,failure_only
flocking_topology_resilient,12053,1.1364534625330438,0.5770784625330441,0.5770784625330441,0.2873249815556439,0.2873249815556439,1.0,0.0,0.0,0.0,1.0,1.0,1.0,1.0,0.34421111874074456,0.12499999999999996,7.1,0.28538970506994693,0.28538970506994693,1.0,0.0,0.0,0.0,1.0,1.0,1.0,1.0,0.3437919796982816,0.12499999999999996,7.125,0.8491284809773999,0.0019352764856969684,0.8510637574630968,0.5593749999999997,10.348951291991398,failure_only
flocking_topology_resilient,12054,0.9250056282666523,0.5706306282666522,0.5696931604177727,0.2999074574048966,0.2999074574048966,1.0,0.0,0.0,0.0,1.0,1.0,1.0,1.0,0.35305274412968457,0.12499999999999996,7.10625,0.2986999182560335,0.2986999182560335,1.0,0.0,0.0,0.0,1.0,1.0,1.0,1.0,0.3522139548899309,0.12499999999999996,7.125,0.6250981708617558,0.0012075391488631237,0.6263057100106189,0.3553124678488796,10.581290165893734,failure_only
flocking_topology_resilient,12055,1.009640902848568,0.6546409028485681,0.5731342794340943,0.3037702401525727,0.3037702401525727,1.0,0.0,0.0,0.0,1.0,1.0,1.0,1.0,0.35944798489938307,0.12499999999999996,7.125,0.3037702401525727,0.3037702401525727,1.0,0.0,0.0,0.0,1.0,1.0,1.0,1.0,0.35944798489938307,0.12499999999999996,7.125,0.7058706626959953,0.0,0.7058706626959953,0.43650662341447366,10.617217167047784,failure_only
flocking_topology_resilient,12056,1.1339290216513873,0.6629915216513874,0.5996711186154874,0.29783866764181,0.29783866764181,1.0,0.0,0.0,0.0,1.0,1.0,1.0,1.0,0.3425662409654512,0.12499999999999996,6.9875,0.2899297441972759,0.2899297441972759,1.0,0.0,0.0,0.0,1.0,1.0,1.0,1.0,0.3397156269339658,0.12499999999999996,7.125,0.8360903540095773,0.007908923444534088,0.8439992774541114,0.5342579030358999,10.626912707928568,failure_only
flocking_topology_resilient,12057,0.9481441686357162,0.5997066686357161,0.5927285935819466,0.2854771864118173,0.2854771864118173,1.0,0.0,0.0,0.0,1.0,1.0,1.0,1.0,0.3570016226800901,0.12499999999999996,7.125,0.2854771864118173,0.2854771864118173,1.0,0.0,0.0,0.0,1.0,1.0,1.0,1.0,0.3570016226800901,0.12499999999999996,7.125,0.6626669822238989,0.0,0.6626669822238989,0.35541557505376953,10.690666875103489,failure_only
flocking_topology_resilient,12058,0.9848304275187578,0.6398304275187578,0.5666533354300167,0.29849206838853576,0.29849206838853576,1.0,0.0,0.0,0.0,1.0,1.0,1.0,1.0,0.35439109705265415,0.12499999999999996,7.0625,0.2952655982321442,0.2952655982321442,1.0,0.0,0.0,0.0,1.0,1.0,1.0,1.0,0.35208012180677833,0.12499999999999996,7.125,0.6863383591302221,0.0032264701563915477,0.6895648292866137,0.4181770920887411,10.765142166987062,failure_only
flocking_topology_resilient,12059,0.9551822231909165,0.6042447231909166,0.5838000968419439,0.24263026424208461,0.24263026424208461,1.0,0.0,0.0,0.0,1.0,1.0,1.0,1.0,0.3507352753112073,0.12499999999999996,7.125,0.24263026424208461,0.24263026424208461,1.0,0.0,0.0,0.0,1.0,1.0,1.0,1.0,0.3507352753112073,0.12499999999999996,7.125,0.7125519589488318,0.0,0.7125519589488318,0.3713821263489726,10.93826249986887,failure_only
flocking_topology_resilient,12060,0.9108390691687788,0.5564640691687787,0.5564640691687787,0.29600948147850886,0.29600948147850886,1.0,0.0,0.0,0.0,1.0,1.0,1.0,1.0,0.356171183763007,0.12499999999999996,7.1,0.29563086283305984,0.29563086283305984,1.0,0.0,0.0,0.0,1.0,1.0,1.0,1.0,0.3557638864173806,0.12499999999999996,7.125,0.6148295876902699,0.0003786186454490248,0.6152082063357189,0.3543750000000001,10.777205375023186,failure_only
flocking_topology_resilient,12061,0.934353626919259,0.5846661269192589,0.5813290694021024,0.2719172697574621,0.2719172697574621,1.0,0.0,0.0,0.0,1.0,1.0,1.0,1.0,0.3540480953080947,0.12499999999999996,7.125,0.2719172697574621,0.2719172697574621,1.0,0.0,0.0,0.0,1.0,1.0,1.0,1.0,0.3540480953080947,0.12499999999999996,7.125,0.6624363571617969,0.0,0.6624363571617969,0.35302455751715667,11.066216999897733,failure_only
flocking_topology_resilient,12062,0.9734621659742967,0.6031496659742966,0.5915884005360098,0.29012150554158156,0.29012150554158156,1.0,0.0,0.0,0.0,1.0,1.0,1.0,1.0,0.3586329474893664,0.12499999999999996,7.125,0.29012150554158156,0.29012150554158156,1.0,0.0,0.0,0.0,1.0,1.0,1.0,1.0,0.3586329474893664,0.12499999999999996,7.125,0.6833406604327151,0.0,0.6833406604327151,0.3818737654382869,11.372116167098284,failure_only
flocking_topology_resilient,12063,1.0328691831961672,0.5438066831961672,0.5438066831961672,0.2891317120641391,0.2891317120641391,1.0,0.0,0.0,0.0,1.0,1.0,1.0,1.0,0.3410958969609073,0.12499999999999996,7.1,0.29071904879877825,0.29071904879877825,1.0,0.0,0.0,0.0,1.0,1.0,1.0,1.0,0.34054116087621533,0.12499999999999996,7.125,0.743737471132028,-0.001587336734639122,0.7421501343973889,0.48906249999999996,11.326553083956242,failure_only
flocking_topology_resilient,12064,0.9179482387197584,0.5635732387197585,0.5590670939311458,0.3108345193102941,0.3108345193102941,1.0,0.0,0.0,0.0,1.0,1.0,1.0,1.0,0.3599628796574648,0.1250000000000012,7.0875,0.30852474683057507,0.30852474683057507,1.0,0.0,0.0,0.0,1.0,1.0,1.0,1.0,0.3589010217528755,0.1250000000000012,7.125,0.6071137194094642,0.00230977247971903,0.6094234918891833,0.35888114478861255,11.424807082861662,failure_only
flocking_topology_resilient,12065,0.920558305750985,0.5614958057509851,0.5571365393247675,0.30456113129398127,0.30456113129398127,1.0,0.0,0.0,0.0,1.0,1.0,1.0,1.0,0.35221237719222165,0.12499999999999996,7.125,0.30456113129398127,0.30456113129398127,1.0,0.0,0.0,0.0,1.0,1.0,1.0,1.0,0.35221237719222165,0.12499999999999996,7.125,0.6159971744570036,0.0,0.6159971744570036,0.3634217664262175,11.257171208038926,failure_only
flocking_topology_resilient,12066,0.9770550109954282,0.6267425109954281,0.5976405072616353,0.285127527481782,0.285127527481782,1.0,0.0,0.0,0.0,1.0,1.0,1.0,1.0,0.3598000928835311,0.12499999999999996,7.125,0.285127527481782,0.285127527481782,1.0,0.0,0.0,0.0,1.0,1.0,1.0,1.0,0.3598000928835311,0.12499999999999996,7.125,0.6919274835136462,0.0,0.6919274835136462,0.37941450373379293,11.413249583216384,failure_only
flocking_topology_resilient,12067,0.9614134102157612,0.6170384102157611,0.5663344811753562,0.3316300463710137,0.3316300463710137,1.0,0.0,0.0,0.0,1.0,1.0,1.0,1.0,0.3619880264111484,0.12499999999999996,7.125,0.3316300463710137,0.3316300463710137,1.0,0.0,0.0,0.0,1.0,1.0,1.0,1.0,0.3619880264111484,0.12499999999999996,7.125,0.6297833638447475,0.0,0.6297833638447475,0.395078929040405,11.391951958881691,failure_only
flocking_topology_resilient,12068,1.4481535438800166,0.8362785438800163,0.7558462737853752,0.32986946866913497,0.32986946866913497,1.0,0.0,0.0,0.0,1.0,1.0,1.0,1.0,0.3614709990193407,0.12500000000000647,7.125,0.32986946866913497,0.32986946866913497,1.0,0.0,0.0,0.0,1.0,1.0,1.0,1.0,0.3614709990193407,0.12500000000000647,7.125,1.1182840752108816,0.0,1.1182840752108816,0.6923072700946414,10.690865124808624,failure_only
flocking_topology_resilient,12069,1.0702078570682239,0.5486453570682238,0.5486453570682238,0.26981093047552396,0.26981093047552396,1.0,0.0,0.0,0.0,1.0,1.0,1.0,1.0,0.34257095259620146,0.12500000000000003,7.0875,0.26815613232839086,0.26815613232839086,1.0,0.0,0.0,0.0,1.0,1.0,1.0,1.0,0.34172413180851813,0.12500000000000003,7.125,0.8003969265926999,0.0016547981471330964,0.802051724739833,0.5215625,10.66404587496072,failure_only
flocking_topology_resilient,12070,0.9694557441010387,0.6044557441010386,0.6044557441010386,0.32202532565792863,0.32202532565792863,1.0,0.0,0.0,0.0,1.0,1.0,1.0,1.0,0.3560452734722915,0.12499999999999996,7.125,0.32202532565792863,0.32202532565792863,1.0,0.0,0.0,0.0,1.0,1.0,1.0,1.0,0.3560452734722915,0.12499999999999996,7.125,0.6474304184431101,0.0,0.6474304184431101,0.3650000000000001,10.665393917122856,failure_only
flocking_topology_resilient,12071,0.9884701257289124,0.6269076257289123,0.6011188327540112,0.2917822595757311,0.2917822595757311,1.0,0.0,0.0,0.0,1.0,1.0,1.0,1.0,0.347302934706325,0.12499999999999996,7.0625,0.2919771822905381,0.2919771822905381,1.0,0.0,0.0,0.0,1.0,1.0,1.0,1.0,0.3458783142903643,0.12499999999999996,7.125,0.6966878661531812,-0.00019492271480697765,0.6964929434383742,0.3873512929749011,10.583703208016232,failure_only
flocking_topology_resilient,12072,1.1570265617137399,0.5535890617137398,0.5535890617137398,0.31429072260096846,0.31429072260096846,1.0,0.0,0.0,0.0,1.0,1.0,1.0,1.0,0.36315519983033306,0.12499999999999996,7.05,0.31017110682633975,0.31017110682633975,1.0,0.0,0.0,0.0,1.0,1.0,1.0,1.0,0.36053481010639155,0.12499999999999996,7.125,0.8427358391127714,0.004119615774628715,0.8468554548874001,0.6034375000000001,10.50199633394368,failure_only
flocking_topology_resilient,12073,0.9399277198682843,0.5896152198682841,0.5792025733940743,0.2849862790593083,0.2849862790593083,1.0,0.0,0.0,0.0,1.0,1.0,1.0,1.0,0.35870423151645897,0.12499999999999996,7.125,0.2849862790593083,0.2849862790593083,1.0,0.0,0.0,0.0,1.0,1.0,1.0,1.0,0.35870423151645897,0.12499999999999996,7.125,0.654941440808976,0.0,0.654941440808976,0.36072514647420995,10.548984833061695,failure_only
flocking_topology_resilient,12074,1.1697565141436994,0.6081940141436994,0.6081940141436994,0.2946331769623143,0.2946331769623143,1.0,0.0,0.0,0.0,1.0,1.0,1.0,1.0,0.3489096905686303,0.12499999999999996,7.05,0.2891665935917758,0.2891665935917758,1.0,0.0,0.0,0.0,1.0,1.0,1.0,1.0,0.34631407505987605,0.12499999999999996,7.125,0.8751233371813851,0.005466583370538458,0.8805899205519236,0.5615625,10.605480750091374,failure_only
flocking_topology_resilient,12075,1.0329384963816313,0.6573134963816314,0.6573134963816314,0.28941901165062645,0.28941901165062645,1.0,0.0,0.0,0.0,1.0,1.0,1.0,1.0,0.3556744693281129,0.12499999999999996,7.125,0.28941901165062645,0.28941901165062645,1.0,0.0,0.0,0.0,1.0,1.0,1.0,1.0,0.3556744693281129,0.12499999999999996,7.125,0.7435194847310048,0.0,0.7435194847310048,0.3756249999999999,10.992870500078425,failure_only
flocking_topology_resilient,12076,1.056641747082738,0.7063292470827381,0.632085828647156,0.2996142620622953,0.2996142620622953,1.0,0.0,0.0,0.0,1.0,1.0,1.0,1.0,0.3531085866001509,0.12499999999999996,7.0875,0.2990288373438083,0.2990288373438083,1.0,0.0,0.0,0.0,1.0,1.0,1.0,1.0,0.3520081418615991,0.12499999999999996,7.125,0.7570274850204428,0.0005854247184869932,0.7576129097389297,0.42455591843558205,10.846436542226002,failure_only
flocking_topology_resilient,12077,0.9672089843959327,0.6168964843959327,0.5656827557125,0.2769594892982489,0.2769594892982489,1.0,0.0,0.0,0.0,1.0,1.0,1.0,1.0,0.3561072095118104,0.12500000000000036,7.125,0.2769594892982489,0.2769594892982489,1.0,0.0,0.0,0.0,1.0,1.0,1.0,1.0,0.3561072095118104,0.12500000000000036,7.125,0.6902494950976839,0.0,0.6902494950976839,0.4015262286834327,10.835983542026952,failure_only
flocking_topology_resilient,12078,1.206879108931012,0.6053166089310119,0.6053166089310119,0.29406042656254006,0.29406042656254006,1.0,0.0,0.0,0.0,1.0,1.0,1.0,1.0,0.3513272006995324,0.12499999999999996,7.125,0.29406042656254006,0.29406042656254006,1.0,0.0,0.0,0.0,1.0,1.0,1.0,1.0,0.3513272006995324,0.12499999999999996,7.125,0.912818682368472,0.0,0.912818682368472,0.6015625000000001,10.852758834138513,failure_only
flocking_topology_resilient,12079,0.9442039961022349,0.5792039961022348,0.5732262315381111,0.29109144874141846,0.29109144874141846,1.0,0.0,0.0,0.0,1.0,1.0,1.0,1.0,0.3647047325974403,0.12499999999999996,6.95,0.2788374224824634,0.2788374224824634,1.0,0.0,0.0,0.0,1.0,1.0,1.0,1.0,0.357152853923232,0.12499999999999996,7.125,0.6531125473608165,0.012254026258955053,0.6653665736197716,0.3709777645641238,10.928420207928866,failure_only
flocking_topology_resilient,12080,0.9243304574461095,0.5752679574461095,0.5617394245803465,0.3068162978118535,0.3068162978118535,1.0,0.0,0.0,0.0,1.0,1.0,1.0,1.0,0.3592865543764918,0.12499999999999996,7.125,0.3068162978118535,0.3068162978118535,1.0,0.0,0.0,0.0,1.0,1.0,1.0,1.0,0.3592865543764918,0.12499999999999996,7.125,0.617514159634256,0.0,0.617514159634256,0.362591032865763,10.92176212510094,failure_only
flocking_topology_resilient,12081,1.1666170377921654,0.6428670377921655,0.6428670377921655,0.29835232835180886,0.29835232835180886,1.0,0.0,0.0,0.0,1.0,1.0,1.0,1.0,0.35431325539203246,0.12499999999999996,7.075,0.29875877149516084,0.29875877149516084,1.0,0.0,0.0,0.0,1.0,1.0,1.0,1.0,0.3532199795131077,0.12499999999999996,7.125,0.8682647094403566,-0.0004064431433519755,0.8678582662970046,0.5237499999999999,10.92034758394584,failure_only
flocking_topology_resilient,12082,0.9173490513512743,0.5470365513512742,0.5394425930661859,0.29134312796822226,0.29134312796822226,1.0,0.0,0.0,0.0,1.0,1.0,1.0,1.0,0.36403182020711355,0.12499999999999996,7.0,0.28195206397448624,0.28195206397448624,1.0,0.0,0.0,0.0,1.0,1.0,1.0,1.0,0.3591397884564526,0.12499999999999996,7.125,0.626005923383052,0.009391063993736015,0.6353969873767881,0.3779064582850884,11.059415499912575,failure_only
flocking_topology_resilient,12083,0.9519054576605109,0.5975304576605108,0.5900051945205226,0.31115849714253097,0.31115849714253097,1.0,0.0,0.0,0.0,1.0,1.0,1.0,1.0,0.3610033629753179,0.12499999999999996,7.03125,0.3093690879491816,0.3093690879491816,1.0,0.0,0.0,0.0,1.0,1.0,1.0,1.0,0.3590403089787932,0.12499999999999996,7.125,0.64074696051798,0.0017894091933493561,0.6425363697113293,0.36190026313998835,11.239710583118722,failure_only
flocking_topology_resilient,12084,1.2659547415440269,0.6990797415440267,0.6963295063990674,0.2810656605388962,0.2810656605388962,1.0,0.0,0.0,0.0,1.0,1.0,1.0,1.0,0.35963368391851036,0.12499999999999996,7.125,0.2810656605388962,0.2810656605388962,1.0,0.0,0.0,0.0,1.0,1.0,1.0,1.0,0.35963368391851036,0.12499999999999996,7.125,0.9848890810051307,0.0,0.9848890810051307,0.5696252351449594,10.69214770803228,failure_only
flocking_topology_resilient,12085,1.1538955653890113,0.5917080653890112,0.5917080653890112,0.29384444880255883,0.29384444880255883,1.0,0.0,0.0,0.0,1.0,1.0,1.0,1.0,0.35514541383513204,0.12500000000000017,7.025,0.29231404123594895,0.29231404123594895,1.0,0.0,0.0,0.0,1.0,1.0,1.0,1.0,0.3528592189215414,0.12500000000000017,7.125,0.8600511165864524,0.0015304075666098815,0.8615815241530623,0.5621875000000001,10.507738082902506,failure_only
flocking_topology_resilient,12086,1.3192335169421692,0.7454835169421692,0.6282590844751017,0.31342193810170615,0.31342193810170615,1.0,0.0,0.0,0.0,1.0,1.0,1.0,1.0,0.36521604086794457,0.12499999999999996,7.125,0.31342193810170615,0.31342193810170615,1.0,0.0,0.0,0.0,1.0,1.0,1.0,1.0,0.36521604086794457,0.12499999999999996,7.125,1.0058115788404631,0.0,1.0058115788404631,0.6909744324670675,10.659335375064984,failure_only
flocking_topology_resilient,12087,0.9950714024969202,0.62475890249692,0.6158868739077369,0.2980126034025101,0.2980126034025101,1.0,0.0,0.0,0.0,1.0,1.0,1.0,1.0,0.35992756380137597,0.12499999999999996,7.025,0.2968396460185661,0.2968396460185661,1.0,0.0,0.0,0.0,1.0,1.0,1.0,1.0,0.3578877609194399,0.12499999999999996,7.125,0.69705879909441,0.0011729573839440177,0.698231756478354,0.3791845285891833,10.523774625035003,failure_only
flocking_topology_resilient,12088,0.9443215372725788,0.5940090372725788,0.5826747283405347,0.29015368015628745,0.29015368015628745,1.0,0.0,0.0,0.0,1.0,1.0,1.0,1.0,0.3594447583447418,0.12499999999999996,7.125,0.29015368015628745,0.29015368015628745,1.0,0.0,0.0,0.0,1.0,1.0,1.0,1.0,0.3594447583447418,0.12499999999999996,7.125,0.6541678571162914,0.0,0.6541678571162914,0.36164680893204415,10.695952916983515,failure_only
flocking_topology_resilient,12089,1.1493009130407479,0.5383634130407479,0.5383634130407479,0.2829693592805058,0.2829693592805058,1.0,0.0,0.0,0.0,1.0,1.0,1.0,1.0,0.3447296576981453,0.12499999999999996,7.05,0.2797499284106643,0.2797499284106643,1.0,0.0,0.0,0.0,1.0,1.0,1.0,1.0,0.34207708535124465,0.12499999999999996,7.125,0.8663315537602421,0.0032194308698414997,0.8695509846300835,0.6109375,10.632560499943793,failure_only
flocking_topology_resilient,12090,0.9781388971024725,0.6284513971024726,0.6284513971024726,0.3067109526197327,0.3067109526197327,1.0,0.0,0.0,0.0,1.0,1.0,1.0,1.0,0.35448750739422835,0.12499999999999996,7.075,0.3072992842944001,0.3072992842944001,1.0,0.0,0.0,0.0,1.0,1.0,1.0,1.0,0.3535994161206878,0.12499999999999996,7.125,0.6714279444827398,-0.0005883316746674305,0.6708396128080724,0.34968749999999993,10.57906816713512,failure_only
flocking_topology_resilient,12091,0.9733119904834588,0.6283119904834588,0.5773850228311018,0.2959595756591523,0.2959595756591523,1.0,0.0,0.0,0.0,1.0,1.0,1.0,1.0,0.3587329329739263,0.12499999999999996,7.125,0.2959595756591523,0.2959595756591523,1.0,0.0,0.0,0.0,1.0,1.0,1.0,1.0,0.3587329329739263,0.12499999999999996,7.125,0.6773524148243065,0.0,0.6773524148243065,0.395926967652357,10.799147042213008,failure_only
flocking_topology_resilient,12092,1.210122958496627,0.5801229584966272,0.5752529500106484,0.3011970671308973,0.3011970671308973,1.0,0.0,0.0,0.0,1.0,1.0,1.0,1.0,0.3513982303095046,0.12499999999999996,7.075,0.30164346765777406,0.30164346765777406,1.0,0.0,0.0,0.0,1.0,1.0,1.0,1.0,0.35037625459914506,0.12499999999999996,7.125,0.9089258913657299,-0.0004464005268767779,0.908479490838853,0.6348700084859787,10.47855666698888,failure_only
flocking_topology_resilient,12093,1.0923647663983604,0.5761147663983603,0.5761147663983603,0.3015990936152502,0.3015990936152502,1.0,0.0,0.0,0.0,1.0,1.0,1.0,1.0,0.3417636909486034,0.12499999999999996,7.1,0.2989643085882479,0.2989643085882479,1.0,0.0,0.0,0.0,1.0,1.0,1.0,1.0,0.34113615362215205,0.12499999999999996,7.125,0.7907656727831103,0.0026347850270023176,0.7934004578101126,0.5162500000000001,10.416725875111297,failure_only
flocking_topology_resilient,12094,0.93746256767346,0.5924625676734602,0.5820782642182343,0.3220422474005888,0.3220422474005888,1.0,0.0,0.0,0.0,1.0,1.0,1.0,1.0,0.35682943653241284,0.12500000000000017,7.1,0.32226911830312843,0.32226911830312843,1.0,0.0,0.0,0.0,1.0,1.0,1.0,1.0,0.35641330328919707,0.12500000000000017,7.125,0.6154203202728712,-0.00022687090253964426,0.6151934493703316,0.35538430345522576,10.61430733394809,failure_only
flocking_topology_resilient,12095,0.9487450671120147,0.5790575671120146,0.5585654697341585,0.29904801886013055,0.29904801886013055,1.0,0.0,0.0,0.0,1.0,1.0,1.0,1.0,0.3623483954914919,0.12499999999999996,6.96875,0.2909340099660153,0.2909340099660153,1.0,0.0,0.0,0.0,1.0,1.0,1.0,1.0,0.35562062750651946,0.12499999999999996,7.125,0.6496970482518841,0.008114008894115232,0.6578110571459994,0.3901795973778561,10.611675708089024,failure_only
flocking_topology_resilient,12096,1.1337319622972486,0.6352944622972487,0.63091901101631,0.3080218081220753,0.3080218081220753,1.0,0.0,0.0,0.0,1.0,1.0,1.0,1.0,0.3390527511165701,0.12499999999999996,7.125,0.3080218081220753,0.3080218081220753,1.0,0.0,0.0,0.0,1.0,1.0,1.0,1.0,0.3390527511165701,0.12499999999999996,7.125,0.8257101541751732,0.0,0.8257101541751732,0.5028129512809386,10.620131291914731,failure_only
flocking_topology_resilient,12097,0.9059171996799609,0.5568546996799609,0.5484063011282739,0.29347236654031084,0.29347236654031084,1.0,0.0,0.0,0.0,1.0,1.0,1.0,1.0,0.34881644482032204,0.12499999999999996,7.125,0.29347236654031084,0.29347236654031084,1.0,0.0,0.0,0.0,1.0,1.0,1.0,1.0,0.34881644482032204,0.12499999999999996,7.125,0.61244483313965,0.0,0.61244483313965,0.35751089855168694,10.80496016703546,failure_only
flocking_topology_resilient,12098,0.8947652613424019,0.541015261342402,0.5247935324392239,0.265975457787512,0.265975457787512,1.0,0.0,0.0,0.0,1.0,1.0,1.0,1.0,0.3567732233672253,0.12499999999999996,6.9375,0.26360689505633916,0.26360689505633916,1.0,0.0,0.0,0.0,1.0,1.0,1.0,1.0,0.352518008969104,0.12499999999999996,7.125,0.6287898035548898,0.002368562731172863,0.6311583662860627,0.369971728903178,10.814069125102833,failure_only
flocking_topology_resilient,12099,0.9714041884440949,0.6010916884440948,0.5995434103712846,0.3024156128153264,0.3024156128153264,1.0,0.0,0.0,0.0,1.0,1.0,1.0,1.0,0.35889321724541834,0.12499999999999996,7.10625,0.30175495107547257,0.30175495107547257,1.0,0.0,0.0,0.0,1.0,1.0,1.0,1.0,0.358390551481093,0.12499999999999996,7.125,0.6689885756287686,0.0006606617398538517,0.6696492373686224,0.37186077807281037,11.230523459147662,failure_only
flocking_topology_resilient,12000,1.12158943664158,0.70283943664158,0.6212792505409908,0.3509249297887148,0.3509249297887148,1.0,0.0,0.0,0.0,1.0,1.0,1.0,1.0,0.4213848760419798,0.12499999999999996,5.7375,0.28001698896590216,0.28001698896590216,1.0,0.0,0.0,0.0,1.0,1.0,1.0,1.0,0.32613807133754746,0.12499999999999996,8.0,0.7706645068528651,0.07090794082281265,0.8415724476756778,0.5003101861005892,10.778510249918327,partition_only
flocking_topology_resilient,12001,1.060040632474859,0.6319156324748589,0.6319156324748589,0.3471565169902709,0.3471565169902709,1.0,0.0,0.0,0.0,1.0,1.0,1.0,1.0,0.4353444278443037,0.12499999999999996,5.625,0.25807067803049205,0.25807067803049205,1.0,0.0,0.0,0.0,1.0,1.0,1.0,1.0,0.3259338353223794,0.12499999999999996,8.0,0.7128841154845882,0.08908583895977884,0.801969954444367,0.4281250000000001,11.277659750077873,partition_only
flocking_topology_resilient,12002,1.0277761919656097,0.6043386919656095,0.5629822136844449,0.3346105573907242,0.3346105573907242,1.0,0.0,0.0,0.0,1.0,1.0,1.0,1.0,0.41524626612759086,0.12500000000002914,5.875,0.25908236842438315,0.25908236842438315,1.0,0.0,0.0,0.0,1.0,1.0,1.0,1.0,0.33053261953972085,0.12500000000002914,8.0,0.6931656345748854,0.07552818896634106,0.7686938235412265,0.46479397828116475,11.377017375081778,partition_only
flocking_topology_resilient,12003,1.134388318580147,0.715638318580147,0.7153049708159248,0.37060276849644225,0.37060276849644225,1.0,0.0,0.0,0.0,1.0,1.0,1.0,1.0,0.4522236066219142,0.12499999999999996,5.50625,0.26760271852205164,0.26760271852205164,1.0,0.0,0.0,0.0,1.0,1.0,1.0,1.0,0.328291133731108,0.12499999999999996,8.0,0.7637855500837049,0.1030000499743906,0.8667856000580955,0.4190833477642223,11.236208125017583,partition_only
flocking_topology_resilient,12004,1.1418973156839023,0.7184598156839023,0.7184598156839023,0.34498868668111005,0.34498868668111005,1.0,0.0,0.0,0.0,1.0,1.0,1.0,1.0,0.4215601833321207,0.12499999999999996,5.825,0.2748583266059546,0.2748583266059546,1.0,0.0,0.0,0.0,1.0,1.0,1.0,1.0,0.32835825692868476,0.12499999999999996,8.0,0.7969086290027922,0.07013036007515544,0.8670389890779477,0.4234375,11.363393083913252,partition_only
flocking_topology_resilient,12005,0.9787907826101154,0.5506657826101153,0.5506657826101153,0.3949528080302075,0.3949528080302075,1.0,0.0,0.0,0.0,1.0,1.0,1.0,1.0,0.4196048511642208,0.12499999999999996,5.4875,0.28459017590446456,0.28459017590446456,1.0,0.0,0.0,0.0,1.0,1.0,1.0,1.0,0.3278899646896636,0.12499999999999996,8.0,0.5838379745799079,0.11036263212574293,0.6942006067056509,0.4281250000000001,11.289258250035346,partition_only
flocking_topology_resilient,12006,1.275304354830472,0.8471793548304719,0.8471793548304719,0.3242121862457842,0.3242121862457842,1.0,0.0,0.0,0.0,1.0,1.0,1.0,1.0,0.41987181033055254,0.12499999999999996,5.89375,0.28021444453770805,0.28021444453770805,1.0,0.0,0.0,0.0,1.0,1.0,1.0,1.0,0.3301626649067037,0.12499999999999996,8.0,0.9510921685846879,0.04399774170807613,0.9950899102927641,0.4281250000000002,11.613202125066891,partition_only
flocking_topology_resilient,12007,1.0945807892105595,0.6664557892105594,0.6664557892105594,0.39487618351106174,0.39487618351106174,1.0,0.0,0.0,0.0,1.0,1.0,1.0,1.0,0.4165782369412391,0.12499999999999996,5.85625,0.29339021199892756,0.29339021199892756,1.0,0.0,0.0,0.0,1.0,1.0,1.0,1.0,0.32637307707135754,0.12499999999999996,8.0,0.6997046056994978,0.10148597151213418,0.8011905772116319,0.4281250000000001,11.826134375063702,partition_only
flocking_topology_resilient,12008,1.4938811594812154,1.0798186594812154,1.0081727650139383,0.3100879586544864,0.3100879586544864,1.0,0.0,0.0,0.0,1.0,1.0,1.0,1.0,0.4177395230153037,0.12499999999999996,5.85,0.25095570506871245,0.25095570506871245,1.0,0.0,0.0,0.0,1.0,1.0,1.0,1.0,0.32741636812263725,0.12499999999999996,8.0,1.183793200826729,0.05913225358577395,1.2429254544125028,0.4857083944672771,11.36624216591008,partition_only
flocking_topology_resilient,12009,1.0064704145226315,0.5877204145226316,0.5877204145226316,0.34902385362820665,0.34902385362820665,1.0,0.0,0.0,0.0,1.0,1.0,1.0,1.0,0.45405918955094504,0.12499999999999996,5.44375,0.26430827001981566,0.26430827001981566,1.0,0.0,0.0,0.0,1.0,1.0,1.0,1.0,0.3278117025941227,0.12499999999999996,8.0,0.6574465608944249,0.08471558360839099,0.7421621445028159,0.41874999999999996,11.217305917060003,partition_only
flocking_topology_resilient,12010,1.0059886750612343,0.5825511750612342,0.568891113429714,0.34103327095696934,0.34103327095696934,1.0,0.0,0.0,0.0,1.0,1.0,1.0,1.0,0.40604798511808776,0.12499999999999996,5.725,0.261589362318188,0.261589362318188,1.0,0.0,0.0,0.0,1.0,1.0,1.0,1.0,0.3269155662575379,0.12499999999999996,8.0,0.664955404104265,0.07944390863878131,0.7443993127430464,0.43709756163152036,11.255548042012379,partition_only
flocking_topology_resilient,12011,1.3339915200174182,0.9152415200174181,0.9152415200174181,0.3421985683079253,0.3421985683079253,1.0,0.0,0.0,0.0,1.0,1.0,1.0,1.0,0.423783874932255,0.12499999999999996,5.7875,0.25540533345004046,0.25540533345004046,1.0,0.0,0.0,0.0,1.0,1.0,1.0,1.0,0.32808968008532025,0.12499999999999996,8.0,0.9917929517094929,0.08679323485788482,1.0785861865673776,0.41875000000000007,11.419567000120878,partition_only
flocking_topology_resilient,12012,0.9682901275195853,0.5401651275195853,0.5401651275195853,0.33585866671528286,0.33585866671528286,1.0,0.0,0.0,0.0,1.0,1.0,1.0,1.0,0.41777616967754894,0.12499999999999996,5.43125,0.28255419310995855,0.28255419310995855,1.0,0.0,0.0,0.0,1.0,1.0,1.0,1.0,0.32516623175123655,0.12499999999999996,8.0,0.6324314608043025,0.05330447360532431,0.6857359344096268,0.428125,11.30536466697231,partition_only
flocking_topology_resilient,12013,0.9365646792646756,0.5178146792646757,0.5178146792646757,0.33135498777848227,0.33135498777848227,1.0,0.0,0.0,0.0,1.0,1.0,1.0,1.0,0.418555198524469,0.12499999999999996,5.5,0.25578365981765916,0.25578365981765916,1.0,0.0,0.0,0.0,1.0,1.0,1.0,1.0,0.32663704742395605,0.12499999999999996,8.0,0.6052096914861933,0.07557132796082311,0.6807810194470164,0.41874999999999984,11.280630459077656,partition_only
flocking_topology_resilient,12014,0.9601516619587525,0.5320266619587526,0.5320266619587526,0.28874669706204226,0.28874669706204226,1.0,0.0,0.0,0.0,1.0,1.0,1.0,1.0,0.38757001031753974,0.12499999999999996,5.875,0.26203123631258646,0.26203123631258646,1.0,0.0,0.0,0.0,1.0,1.0,1.0,1.0,0.3277213151408426,0.12499999999999996,8.0,0.6714049648967102,0.0267154607494558,0.6981204256461659,0.42812499999999987,11.469829291803762,partition_only
flocking_topology_resilient,12015,1.188859354452522,0.7701093544525222,0.7701093544525222,0.34949154498321616,0.34949154498321616,1.0,0.0,0.0,0.0,1.0,1.0,1.0,1.0,0.4169498098008796,0.12499999999999996,5.88125,0.2783464920862394,0.2783464920862394,1.0,0.0,0.0,0.0,1.0,1.0,1.0,1.0,0.3284658525458733,0.12499999999999996,8.0,0.839367809469306,0.07114505289697676,0.9105128623662827,0.41874999999999996,11.904732084134594,partition_only
flocking_topology_resilient,12016,0.9933712655047771,0.5652462655047772,0.5652462655047772,0.3484425634333045,0.3484425634333045,1.0,0.0,0.0,0.0,1.0,1.0,1.0,1.0,0.4190784760261148,0.12499999999999996,5.45,0.255849007916657,0.255849007916657,1.0,0.0,0.0,0.0,1.0,1.0,1.0,1.0,0.32689034916834636,0.12499999999999996,8.0,0.6449287020714726,0.0925935555166475,0.7375222575881201,0.42812499999999987,11.07002183306031,partition_only
flocking_topology_resilient,12017,1.0664618940501793,0.6383368940501792,0.6383368940501792,0.37766498418030653,0.37766498418030653,1.0,0.0,0.0,0.0,1.0,1.0,1.0,1.0,0.4573858191742918,0.12499999999999996,5.49375,0.2692219817063131,0.2692219817063131,1.0,0.0,0.0,0.0,1.0,1.0,1.0,1.0,0.3269591197088652,0.12499999999999996,8.0,0.6887969098698727,0.10844300247399341,0.7972399123438663,0.4281250000000001,11.318542457884178,partition_only
flocking_topology_resilient,12018,1.1313538086611115,0.7032288086611114,0.7032288086611114,0.38641446641521265,0.38641446641521265,1.0,0.0,0.0,0.0,1.0,1.0,1.0,1.0,0.4311060163021878,0.12499999999999996,5.68125,0.2704444549821282,0.2704444549821282,1.0,0.0,0.0,0.0,1.0,1.0,1.0,1.0,0.32822062102769606,0.12499999999999996,8.0,0.7449393422458988,0.11597001143308444,0.8609093536789832,0.4281250000000001,11.277232999913394,partition_only
flocking_topology_resilient,12019,1.0775640324835347,0.6494390324835349,0.6494390324835349,0.4242647966480363,0.4242647966480363,1.0,0.0,0.0,0.0,1.0,1.0,1.0,1.0,0.4706630213216014,0.12499999999999996,5.20625,0.27633694567259537,0.27633694567259537,1.0,0.0,0.0,0.0,1.0,1.0,1.0,1.0,0.3283320412963321,0.12499999999999996,8.0,0.6532992358354984,0.14792785097544092,0.8012270868109393,0.42812499999999987,11.08901008288376,partition_only
flocking_topology_resilient,12020,1.0737870190023817,0.6550370190023814,0.6498637659213685,0.33610985844625096,0.33610985844625096,1.0,0.0,0.0,0.0,1.0,1.0,1.0,1.0,0.41309270791307273,0.12499999999999996,5.875,0.2668613892225988,0.2668613892225988,1.0,0.0,0.0,0.0,1.0,1.0,1.0,1.0,0.3294374174625614,0.12499999999999996,8.0,0.7376771605561308,0.06924846922365219,0.8069256297797829,0.4239232530810132,11.363507834030315,partition_only
flocking_topology_resilient,12021,0.9762070949996895,0.5480820949996893,0.5476529934820554,0.35688973903656596,0.35688973903656596,1.0,0.0,0.0,0.0,1.0,1.0,1.0,1.0,0.41853491323605196,0.12499999999999996,5.525,0.28807736241891063,0.28807736241891063,1.0,0.0,0.0,0.0,1.0,1.0,1.0,1.0,0.331662506997346,0.12499999999999996,8.0,0.6193173559631235,0.06881237661765532,0.6881297325807789,0.42855410151763407,11.357477541081607,partition_only
flocking_topology_resilient,12022,1.0076019017194662,0.5888519017194663,0.5831628103571491,0.34832696229499965,0.34832696229499965,1.0,0.0,0.0,0.0,1.0,1.0,1.0,1.0,0.41211404274580377,0.12499999999999996,5.58125,0.2726279627478759,0.2726279627478759,1.0,0.0,0.0,0.0,1.0,1.0,1.0,1.0,0.3258898139357328,0.12499999999999996,8.0,0.6592749394244666,0.07569899954712378,0.7349739389715904,0.42443909136231706,11.431590917054564,partition_only
flocking_topology_resilient,12023,1.0086344494268045,0.5898844494268042,0.5898844494268042,0.336599896287729,0.336599896287729,1.0,0.0,0.0,0.0,1.0,1.0,1.0,1.0,0.4099423787404038,0.12499999999999996,5.875,0.2725523031214053,0.2725523031214053,1.0,0.0,0.0,0.0,1.0,1.0,1.0,1.0,0.32778329984349897,0.12499999999999996,8.0,0.6720345531390755,0.06404759316632369,0.7360821463053991,0.4187500000000003,11.74647175008431,partition_only
flocking_topology_resilient,12024,1.1401369591883206,0.7166994591883207,0.7166994591883207,0.39962964968937176,0.39962964968937176,1.0,0.0,0.0,0.0,1.0,1.0,1.0,1.0,0.5255531914859474,0.12499999999999996,5.125,0.2677304320030435,0.2677304320030435,1.0,0.0,0.0,0.0,1.0,1.0,1.0,1.0,0.3288984793852193,0.12499999999999996,8.0,0.7405073094989488,0.13189921768632829,0.8724065271852771,0.4234374999999999,10.901088499929756,partition_only
flocking_topology_resilient,12025,1.0250603471420563,0.5969353471420564,0.5969353471420564,0.3640342151628069,0.3640342151628069,1.0,0.0,0.0,0.0,1.0,1.0,1.0,1.0,0.41982851500528257,0.12499999999999996,5.475,0.27661879698349284,0.27661879698349284,1.0,0.0,0.0,0.0,1.0,1.0,1.0,1.0,0.32761776761513745,0.12499999999999996,8.0,0.6610261319792494,0.08741541817931403,0.7484415501585635,0.42812499999999987,11.261648625135422,partition_only
flocking_topology_resilient,12026,1.2986201881588413,0.8798701881588412,0.8703981769914355,0.4855991472537527,0.4855991472537527,1.0,0.0,0.0,0.0,1.0,1.0,1.0,1.0,0.5157753239300035,0.12499999999999996,5.16875,0.275460837987922,0.275460837987922,1.0,0.0,0.0,0.0,1.0,1.0,1.0,1.0,0.32773944805857325,0.12499999999999996,8.0,0.8130210409050886,0.21013830926583071,1.0231593501709193,0.42822201116740577,11.100526291877031,partition_only
flocking_topology_resilient,12027,0.9547235902263779,0.5265985902263778,0.5265985902263778,0.3334577681201753,0.3334577681201753,1.0,0.0,0.0,0.0,1.0,1.0,1.0,1.0,0.41808700886099626,0.12500000000000036,5.8875,0.2701599700445162,0.2701599700445162,1.0,0.0,0.0,0.0,1.0,1.0,1.0,1.0,0.32897235113848144,0.12500000000000036,8.0,0.6212658221062026,0.0632977980756591,0.6845636201818617,0.4281250000000001,11.268408125033602,partition_only
flocking_topology_resilient,12028,0.9796680075731048,0.550293007573105,0.550293007573105,0.33148191260977555,0.33148191260977555,1.0,0.0,0.0,0.0,1.0,1.0,1.0,1.0,0.389999934154586,0.12500000000000014,5.85,0.28582778384915847,0.28582778384915847,1.0,0.0,0.0,0.0,1.0,1.0,1.0,1.0,0.3287103373051594,0.12500000000000014,8.0,0.6481860949633292,0.045654128760617085,0.6938402237239463,0.42937499999999984,11.346702584065497,partition_only
flocking_topology_resilient,12029,0.9955652427982015,0.5674402427982014,0.5674402427982014,0.3787447813038177,0.3787447813038177,1.0,0.0,0.0,0.0,1.0,1.0,1.0,1.0,0.4738808746830447,0.12499999999999996,5.20625,0.27853372519723424,0.27853372519723424,1.0,0.0,0.0,0.0,1.0,1.0,1.0,1.0,0.3276740108580455,0.12499999999999996,8.0,0.6168204614943837,0.10021105610658348,0.7170315176009672,0.4281250000000001,11.214413666864857,partition_only
flocking_topology_resilient,12030,0.9222803496200124,0.5141553496200123,0.5141553496200123,0.3237374230183499,0.3237374230183499,1.0,0.0,0.0,0.0,1.0,1.0,1.0,1.0,0.41245943882082453,0.12499999999999996,5.5875,0.25203377379510866,0.25203377379510866,1.0,0.0,0.0,0.0,1.0,1.0,1.0,1.0,0.32570407057676265,0.12499999999999996,8.0,0.5985429266016624,0.07170364922324124,0.6702465758249037,0.40812500000000007,11.37034675013274,partition_only
flocking_topology_resilient,12031,1.0011741858902878,0.5817991858902878,0.5817991858902878,0.33575525564942676,0.33575525564942676,1.0,0.0,0.0,0.0,1.0,1.0,1.0,1.0,0.4367072245328886,0.12499999999999996,5.63125,0.2757805515876555,0.2757805515876555,1.0,0.0,0.0,0.0,1.0,1.0,1.0,1.0,0.32575262390368637,0.12499999999999996,8.0,0.6654189302408611,0.059974704061771245,0.7253936343026324,0.41937500000000005,11.260844875127077,partition_only
flocking_topology_resilient,12032,1.1202051135181779,0.6920801135181781,0.6920801135181781,0.31215058149410246,0.31215058149410246,1.0,0.0,0.0,0.0,1.0,1.0,1.0,1.0,0.41220082995715784,0.12499999999999996,5.8875,0.2534594035241614,0.2534594035241614,1.0,0.0,0.0,0.0,1.0,1.0,1.0,1.0,0.3284409491035654,0.12499999999999996,8.0,0.8080545320240754,0.058691177969941055,0.8667457099940165,0.42812499999999976,11.891768082976341,partition_only
flocking_topology_resilient,12033,1.0322079190470563,0.6128329190470564,0.5526939516142544,0.3169881580554044,0.3169881580554044,1.0,0.0,0.0,0.0,1.0,1.0,1.0,1.0,0.39049491900943084,0.12499999999999996,5.8875,0.27841913211558894,0.27841913211558894,1.0,0.0,0.0,0.0,1.0,1.0,1.0,1.0,0.3274604927662411,0.12499999999999996,8.0,0.715219760991652,0.03856902593981548,0.7537887869314674,0.47951396743280195,11.442276458023116,partition_only
flocking_topology_resilient,12034,1.0237849442937828,0.5956599442937827,0.587295463024929,0.3918970167903627,0.3918970167903627,1.0,0.0,0.0,0.0,1.0,1.0,1.0,1.0,0.417853699482703,0.12499999999999996,5.5625,0.26195565200359106,0.26195565200359106,1.0,0.0,0.0,0.0,1.0,1.0,1.0,1.0,0.3279713476619667,0.12499999999999996,8.0,0.63188792750342,0.12994136478677165,0.7618292922901917,0.4364894812688538,11.321917792083696,partition_only
flocking_topology_resilient,12035,1.112306351836325,0.682931351836325,0.6132069820082975,0.2930101014809365,0.2930101014809365,1.0,0.0,0.0,0.0,1.0,1.0,1.0,1.0,0.41540194435199645,0.12499999999999996,5.86875,0.2634937216666089,0.2634937216666089,1.0,0.0,0.0,0.0,1.0,1.0,1.0,1.0,0.32925052460360715,0.12499999999999996,8.0,0.8192962503553884,0.029516379814327587,0.8488126301697161,0.4990993698280275,11.511474707862362,partition_only
flocking_topology_resilient,12036,1.000845694440285,0.568033194440285,0.568033194440285,0.3367347219443738,0.3367347219443738,1.0,0.0,0.0,0.0,1.0,1.0,1.0,1.0,0.3905909609045503,0.12499999999999996,5.85625,0.2615370038161271,0.2615370038161271,1.0,0.0,0.0,0.0,1.0,1.0,1.0,1.0,0.3287358273548855,0.12499999999999996,8.0,0.6641109724959112,0.07519771812824672,0.7393086906241579,0.43281250000000004,11.504258041037247,partition_only
flocking_topology_resilient,12037,1.1308855879203068,0.7121355879203068,0.6424627412929717,0.3639268606289624,0.3639268606289624,1.0,0.0,0.0,0.0,1.0,1.0,1.0,1.0,0.4511929670128468,0.12499999999999996,5.55625,0.26896213870505,0.26896213870505,1.0,0.0,0.0,0.0,1.0,1.0,1.0,1.0,0.32818143647050474,0.12499999999999996,8.0,0.7669587272913444,0.09496472192391242,0.8619234492152568,0.48842284662733515,11.4047314170748,partition_only
flocking_topology_resilient,12038,1.243189286769491,0.8150642867694909,0.8150642867694909,0.34178179830146466,0.34178179830146466,1.0,0.0,0.0,0.0,1.0,1.0,1.0,1.0,0.3924891596427629,0.12499999999999996,6.23125,0.2861146919182078,0.2861146919182078,1.0,0.0,0.0,0.0,1.0,1.0,1.0,1.0,0.32864488654382973,0.12499999999999996,8.0,0.9014074884680263,0.05566710638325684,0.9570745948512831,0.428125,11.871198458829895,partition_only
flocking_topology_resilient,12039,1.3045053105819817,0.8763803105819818,0.8763803105819818,0.35037336208988046,0.35037336208988046,1.0,0.0,0.0,0.0,1.0,1.0,1.0,1.0,0.4173172105567242,0.12499999999999996,5.85625,0.273794706171155,0.273794706171155,1.0,0.0,0.0,0.0,1.0,1.0,1.0,1.0,0.32770299548127574,0.12499999999999996,8.0,0.9541319484921013,0.07657865591872548,1.0307106044108267,0.42812499999999987,11.548848707927391,partition_only
flocking_topology_resilient,12040,1.157254212522274,0.729129212522274,0.7285889678472852,0.425421909764003,0.425421909764003,1.0,0.0,0.0,0.0,1.0,1.0,1.0,1.0,0.5341961376112316,0.12499999999999996,5.05625,0.2886128145603002,0.2886128145603002,1.0,0.0,0.0,0.0,1.0,1.0,1.0,1.0,0.3270237434391845,0.12499999999999996,8.0,0.7318323027582709,0.13680909520370282,0.8686413979619738,0.4286652446749888,11.534329041838646,partition_only
flocking_topology_resilient,12041,1.1176667255741943,0.6895417255741945,0.6895417255741945,0.3359444604282872,0.3359444604282872,1.0,0.0,0.0,0.0,1.0,1.0,1.0,1.0,0.4159454329111873,0.12499999999999996,5.875,0.28959563826350104,0.28959563826350104,1.0,0.0,0.0,0.0,1.0,1.0,1.0,1.0,0.3298161214972942,0.12499999999999996,8.0,0.7817222651459071,0.04634882216478614,0.8280710873106933,0.42812499999999987,11.738294540904462,partition_only
flocking_topology_resilient,12042,0.9640771512048453,0.5359521512048451,0.5359521512048451,0.331805061739629,0.331805061739629,1.0,0.0,0.0,0.0,1.0,1.0,1.0,1.0,0.39019140156837545,0.12499999999999996,5.84375,0.27653992587255155,0.27653992587255155,1.0,0.0,0.0,0.0,1.0,1.0,1.0,1.0,0.3282232505693571,0.12499999999999996,8.0,0.6322720894652163,0.05526513586707743,0.6875372253322938,0.4281250000000002,11.656504582846537,partition_only
flocking_topology_resilient,12043,1.0428991491383752,0.6347741491383753,0.6322505473943449,0.33754104400416346,0.33754104400416346,1.0,0.0,0.0,0.0,1.0,1.0,1.0,1.0,0.4097716818178972,0.12499999999999996,5.68125,0.27802079283836567,0.27802079283836567,1.0,0.0,0.0,0.0,1.0,1.0,1.0,1.0,0.32923266839585613,0.12499999999999996,8.0,0.7053581051342117,0.05952025116579779,0.7648783563000096,0.4106486017440303,11.62568383407779,partition_only
flocking_topology_resilient,12044,1.1982394157704033,0.7701144157704032,0.7701144157704032,0.4316794371280128,0.4316794371280128,1.0,0.0,0.0,0.0,1.0,1.0,1.0,1.0,0.5203249078093831,0.12499999999999996,5.1375,0.27138461946798775,0.27138461946798775,1.0,0.0,0.0,0.0,1.0,1.0,1.0,1.0,0.32665242775551634,0.12499999999999996,8.0,0.7665599786423904,0.16029481766002507,0.9268547963024155,0.4281250000000001,11.313748334068805,partition_only
flocking_topology_resilient,12045,0.9645287238875749,0.5410912238875749,0.5410912238875749,0.29751525775656784,0.29751525775656784,1.0,0.0,0.0,0.0,1.0,1.0,1.0,1.0,0.38955267762690055,0.12499999999999996,5.88125,0.25639142793578773,0.25639142793578773,1.0,0.0,0.0,0.0,1.0,1.0,1.0,1.0,0.32827885562748255,0.12499999999999996,8.0,0.6670134661310071,0.04112382982078011,0.7081372959517872,0.4234375,11.686666416935623,partition_only
flocking_topology_resilient,12046,1.030118308128713,0.6219933081287132,0.5476077246945842,0.366294278547714,0.366294278547714,1.0,0.0,0.0,0.0,1.0,1.0,1.0,1.0,0.40590281523360855,0.12499999999999996,5.6375,0.2833214381626631,0.2833214381626631,1.0,0.0,0.0,0.0,1.0,1.0,1.0,1.0,0.3250659774637848,0.12499999999999996,8.0,0.6638240295809991,0.08297284038505093,0.74679686996605,0.4825105834341289,11.2570209170226,partition_only
flocking_topology_resilient,12047,0.9930734753426738,0.5755734753426737,0.5713876262261003,0.3092784494135406,0.3092784494135406,1.0,0.0,0.0,0.0,1.0,1.0,1.0,1.0,0.4065545786342003,0.12499999999999996,5.65625,0.2511217053416797,0.2511217053416797,1.0,0.0,0.0,0.0,1.0,1.0,1.0,1.0,0.32703357284192475,0.12499999999999996,8.0,0.6837950259291332,0.05815674407186089,0.7419517700009941,0.4216858491165735,11.364269375102594,partition_only
flocking_topology_resilient,12048,1.0130838060940819,0.580271306094082,0.580271306094082,0.32544814354857665,0.32544814354857665,1.0,0.0,0.0,0.0,1.0,1.0,1.0,1.0,0.3902050192411546,0.12499999999999996,5.83125,0.2778864485292556,0.2778864485292556,1.0,0.0,0.0,0.0,1.0,1.0,1.0,1.0,0.3267584217202499,0.12499999999999996,8.0,0.6876356625455052,0.04756169501932106,0.7351973575648263,0.43281249999999993,11.890182541916147,partition_only
flocking_topology_resilient,12049,0.9979473101371376,0.5698223101371374,0.5698223101371374,0.3759989823933801,0.3759989823933801,1.0,0.0,0.0,0.0,1.0,1.0,1.0,1.0,0.4808828485732217,0.12499999999999996,5.15,0.26240410674254716,0.26240410674254716,1.0,0.0,0.0,0.0,1.0,1.0,1.0,1.0,0.3278125323040474,0.12499999999999996,8.0,0.6219483277437574,0.11359487565083293,0.7355432033945903,0.4281250000000002,11.274970249971375,partition_only
flocking_topology_resilient,12050,1.0906677063567756,0.6766052063567758,0.6766052063567758,0.3154295826514675,0.3154295826514675,1.0,0.0,0.0,0.0,1.0,1.0,1.0,1.0,0.41368256446464713,0.12499999999999996,5.9,0.25761157158269493,0.25761157158269493,1.0,0.0,0.0,0.0,1.0,1.0,1.0,1.0,0.32700287622683744,0.12499999999999996,8.0,0.7752381237053081,0.057818011068772546,0.8330561347740806,0.4140624999999998,11.552465625107288,partition_only
flocking_topology_resilient,12051,1.0537570018624158,0.6256320018624159,0.6256320018624159,0.33118806560586994,0.33118806560586994,1.0,0.0,0.0,0.0,1.0,1.0,1.0,1.0,0.4144438594874179,0.12499999999999996,5.8875,0.2721404337550049,0.2721404337550049,1.0,0.0,0.0,0.0,1.0,1.0,1.0,1.0,0.3291144909031664,0.12499999999999996,8.0,0.722568936256546,0.059047631850865034,0.781616568107411,0.428125,11.475794957950711,partition_only
flocking_topology_resilient,12052,1.185447327972721,0.7713848279727207,0.6409267515047954,0.33375642503530767,0.33375642503530767,1.0,0.0,0.0,0.0,1.0,1.0,1.0,1.0,0.4375694261510404,0.12500000000000008,5.5625,0.26548059021462816,0.26548059021462816,1.0,0.0,0.0,0.0,1.0,1.0,1.0,1.0,0.32691343951424334,0.12500000000000008,8.0,0.8516909029374132,0.0682758348206795,0.9199667377580927,0.5445205764679255,11.426818249979988,partition_only
flocking_topology_resilient,12053,0.9813443141215785,0.5732193141215787,0.5732193141215787,0.3431448466553332,0.3431448466553332,1.0,0.0,0.0,0.0,1.0,1.0,1.0,1.0,0.40720266920563003,0.12499999999999996,5.725,0.28036123523482404,0.28036123523482404,1.0,0.0,0.0,0.0,1.0,1.0,1.0,1.0,0.32765544208501596,0.12499999999999996,8.0,0.6381994674662453,0.06278361142050914,0.7009830788867545,0.40812499999999985,11.570837291888893,partition_only
flocking_topology_resilient,12054,1.4817072240457285,1.0582697240457286,1.0582697240457286,0.33365323033087557,0.33365323033087557,1.0,0.0,0.0,0.0,1.0,1.0,1.0,1.0,0.415355600145266,0.12499999999999996,5.86875,0.2821831640677419,0.2821831640677419,1.0,0.0,0.0,0.0,1.0,1.0,1.0,1.0,0.3274958562403075,0.12499999999999996,8.0,1.148053993714853,0.05147006626313366,1.1995240599779866,0.4234374999999999,11.61693958286196,partition_only
flocking_topology_resilient,12055,1.0136237054858317,0.5995612054858317,0.5247871543057007,0.36263787949486026,0.36263787949486026,1.0,0.0,0.0,0.0,1.0,1.0,1.0,1.0,0.41973167603933365,0.12499999999999996,5.45625,0.2798996652161344,0.2798996652161344,1.0,0.0,0.0,0.0,1.0,1.0,1.0,1.0,0.327787765579854,0.12499999999999996,8.0,0.6509858259909714,0.08273821427872585,0.7337240402696973,0.48883655118013103,11.092552124988288,partition_only
flocking_topology_resilient,12056,1.023280074994148,0.6039050749941478,0.5405846719582479,0.37347202645412814,0.37347202645412814,1.0,0.0,0.0,0.0,1.0,1.0,1.0,1.0,0.4759618766977166,0.12499999999999996,5.15625,0.2829962692734259,0.2829962692734259,1.0,0.0,0.0,0.0,1.0,1.0,1.0,1.0,0.32766653345941277,0.12499999999999996,8.0,0.6498080485400198,0.09047575718070222,0.740283805720722,0.4826954030359001,11.404065208043903,partition_only
flocking_topology_resilient,12057,1.0563347528411158,0.6282097528411158,0.6282097528411158,0.31385060483474136,0.31385060483474136,1.0,0.0,0.0,0.0,1.0,1.0,1.0,1.0,0.41507783436694884,0.12499999999999996,5.875,0.2583216126183929,0.2583216126183929,1.0,0.0,0.0,0.0,1.0,1.0,1.0,1.0,0.32801193497890724,0.12499999999999996,8.0,0.7424841480063744,0.05552899221634844,0.7980131402227228,0.428125,11.296878166031092,partition_only
flocking_topology_resilient,12058,1.0465870557570476,0.6278370557570474,0.5520068384444159,0.3323499114284309,0.3323499114284309,1.0,0.0,0.0,0.0,1.0,1.0,1.0,1.0,0.4428299479138296,0.12499999999999996,5.5625,0.27441903438966364,0.27441903438966364,1.0,0.0,0.0,0.0,1.0,1.0,1.0,1.0,0.32663977760358814,0.12499999999999996,8.0,0.7142371443286166,0.05793087703876726,0.7721680213673839,0.4945802173126317,11.103316250024363,partition_only
flocking_topology_resilient,12059,1.0101209375510685,0.6013709375510684,0.5864882304776305,0.28023991782149826,0.28023991782149826,1.0,0.0,0.0,0.0,1.0,1.0,1.0,1.0,0.3868451897328875,0.12499999999999996,5.9,0.2257401258752783,0.2257401258752783,1.0,0.0,0.0,0.0,1.0,1.0,1.0,1.0,0.32717031843856353,0.12499999999999996,8.0,0.7298810197295702,0.054499791946219955,0.7843808116757902,0.4236327070734379,11.421876665903255,partition_only
flocking_topology_resilient,12060,1.0339416994789983,0.6058166994789984,0.6058166994789984,0.34251317328129405,0.34251317328129405,1.0,0.0,0.0,0.0,1.0,1.0,1.0,1.0,0.41595036402125646,0.12499999999999996,5.54375,0.26591176402607725,0.26591176402607725,1.0,0.0,0.0,0.0,1.0,1.0,1.0,1.0,0.326217799280306,0.12499999999999996,8.0,0.6914285261977042,0.0766014092552168,0.768029935452921,0.42812499999999987,11.342822250211611,partition_only
flocking_topology_resilient,12061,0.996531755328294,0.5730942553282938,0.5730942553282938,0.31160499158945365,0.31160499158945365,1.0,0.0,0.0,0.0,1.0,1.0,1.0,1.0,0.38926022873505717,0.12499999999999996,5.84375,0.2555074525096165,0.2555074525096165,1.0,0.0,0.0,0.0,1.0,1.0,1.0,1.0,0.32783700430250823,0.12499999999999996,8.0,0.6849267637388403,0.056097539079837166,0.7410243028186775,0.42343750000000013,11.551138540962711,partition_only
flocking_topology_resilient,12062,1.05587974008925,0.6277547400892498,0.6247475730499044,0.36215570659005186,0.36215570659005186,1.0,0.0,0.0,0.0,1.0,1.0,1.0,1.0,0.4118523725066601,0.12499999999999996,5.88125,0.27755838738624095,0.27755838738624095,1.0,0.0,0.0,0.0,1.0,1.0,1.0,1.0,0.3282446504171666,0.12499999999999996,8.0,0.6937240334991981,0.08459731920381092,0.778321352703009,0.43113216703934554,11.653677665861323,partition_only
flocking_topology_resilient,12063,1.0559028368531052,0.6277778368531051,0.6277778368531051,0.38132278260324054,0.38132278260324054,1.0,0.0,0.0,0.0,1.0,1.0,1.0,1.0,0.426147930498815,0.12499999999999996,5.74375,0.28301233664362035,0.28301233664362035,1.0,0.0,0.0,0.0,1.0,1.0,1.0,1.0,0.3270887066615716,0.12499999999999996,8.0,0.6745800542498646,0.09831044595962019,0.7728905002094848,0.4281250000000001,11.3995321248658,partition_only
flocking_topology_resilient,12064,0.9581374795183326,0.5406374795183325,0.5406374795183325,0.3349430143016844,0.3349430143016844,1.0,0.0,0.0,0.0,1.0,1.0,1.0,1.0,0.41337078852012726,0.1250000000000012,5.56875,0.28774274652777876,0.28774274652777876,1.0,0.0,0.0,0.0,1.0,1.0,1.0,1.0,0.3292973941386462,0.1250000000000012,8.0,0.6231944652166482,0.047200267773905624,0.6703947329905539,0.4175000000000001,11.692345333052799,partition_only
flocking_topology_resilient,12065,0.9900079242311476,0.5725079242311475,0.5725079242311475,0.3289216606674782,0.3289216606674782,1.0,0.0,0.0,0.0,1.0,1.0,1.0,1.0,0.3880415692087501,0.12499999999999996,5.88125,0.2808198085244316,0.2808198085244316,1.0,0.0,0.0,0.0,1.0,1.0,1.0,1.0,0.32835648569195225,0.12499999999999996,8.0,0.6610862635636694,0.048101852143046575,0.7091881157067159,0.4175000000000001,11.319869250059128,partition_only
flocking_topology_resilient,12066,1.1206600434908747,0.7019100434908746,0.6846293940693196,0.3669190583089173,0.3669190583089173,1.0,0.0,0.0,0.0,1.0,1.0,1.0,1.0,0.44740487045988314,0.12499999999999996,5.54375,0.2673658655303323,0.2673658655303323,1.0,0.0,0.0,0.0,1.0,1.0,1.0,1.0,0.3291192421094625,0.12499999999999996,8.0,0.7537409851819574,0.09955319277858499,0.8532941779605423,0.4360306494215551,11.370176874799654,partition_only
flocking_topology_resilient,12067,1.111375073834051,0.687937573834051,0.637233644793646,0.39327555450226226,0.39327555450226226,1.0,0.0,0.0,0.0,1.0,1.0,1.0,1.0,0.4527650697777374,0.12499999999999996,5.51875,0.29829920072851834,0.29829920072851834,1.0,0.0,0.0,0.0,1.0,1.0,1.0,1.0,0.3310658087351808,0.12499999999999996,8.0,0.7180995193317888,0.09497635377374392,0.8130758731055328,0.4741414290404051,11.335498708998784,partition_only
flocking_topology_resilient,12068,1.1164001356921462,0.6976501356921462,0.6212448543833418,0.34201340102936756,0.34201340102936756,1.0,0.0,0.0,0.0,1.0,1.0,1.0,1.0,0.4231748530358514,0.12500000000000647,5.4375,0.28268182973209116,0.28268182973209116,1.0,0.0,0.0,0.0,1.0,1.0,1.0,1.0,0.3287788520992056,0.12500000000000647,8.0,0.7743867346627786,0.0593315712972764,0.833718305960055,0.4951552813088045,11.202773666009307,partition_only
flocking_topology_resilient,12069,1.01553868105341,0.5967886810534099,0.5967886810534099,0.3587532566598898,0.3587532566598898,1.0,0.0,0.0,0.0,1.0,1.0,1.0,1.0,0.4176009147748262,0.12500000000000003,5.49375,0.26019743554309394,0.26019743554309394,1.0,0.0,0.0,0.0,1.0,1.0,1.0,1.0,0.32706225477805717,0.12500000000000003,8.0,0.6567854243935202,0.09855582111679584,0.755341245510316,0.41875000000000007,11.349172832909971,partition_only
flocking_topology_resilient,12070,1.0691274244757938,0.6410024244757938,0.6375025212122094,0.35492189027671694,0.35492189027671694,1.0,0.0,0.0,0.0,1.0,1.0,1.0,1.0,0.38954224957955585,0.12499999999999996,5.8625,0.29934420817600205,0.29934420817600205,1.0,0.0,0.0,0.0,1.0,1.0,1.0,1.0,0.3278703029718524,0.12499999999999996,8.0,0.7142055341990768,0.0555776821007149,0.7697832162997917,0.4316249032635844,11.527241207892075,partition_only
flocking_topology_resilient,12071,1.1613945707513076,0.7473320707513076,0.7215432777764065,0.3456867540614077,0.3456867540614077,1.0,0.0,0.0,0.0,1.0,1.0,1.0,1.0,0.42704718186995727,0.12499999999999996,5.66875,0.2656652754569403,0.2656652754569403,1.0,0.0,0.0,0.0,1.0,1.0,1.0,1.0,0.32426096432273654,0.12499999999999996,8.0,0.8157078166898999,0.0800214786044674,0.8957292952943673,0.4398512929749011,11.2433749998454,partition_only
flocking_topology_resilient,12072,1.0579130654683848,0.6391630654683848,0.6391630654683848,0.3277831586790393,0.3277831586790393,1.0,0.0,0.0,0.0,1.0,1.0,1.0,1.0,0.3920022258097533,0.12499999999999996,6.25,0.2802471671941082,0.2802471671941082,1.0,0.0,0.0,0.0,1.0,1.0,1.0,1.0,0.3302045443683244,0.12499999999999996,8.0,0.7301299067893455,0.047535991484931095,0.7776658982742766,0.41875000000000007,11.949908833950758,partition_only
flocking_topology_resilient,12073,0.9817691936609538,0.573644193660954,0.573644193660954,0.32652367875957894,0.32652367875957894,1.0,0.0,0.0,0.0,1.0,1.0,1.0,1.0,0.44031032399673775,0.12499999999999996,5.60625,0.2584625147640095,0.2584625147640095,1.0,0.0,0.0,0.0,1.0,1.0,1.0,1.0,0.329092514084188,0.12499999999999996,8.0,0.655245514901375,0.06806116399556944,0.7233066788969443,0.40812499999999985,11.485716208117083,partition_only
flocking_topology_resilient,12074,1.1236033757073784,0.6954783757073786,0.6954783757073786,0.3434436267846319,0.3434436267846319,1.0,0.0,0.0,0.0,1.0,1.0,1.0,1.0,0.4202957109115541,0.12499999999999996,5.8,0.27858674866036254,0.27858674866036254,1.0,0.0,0.0,0.0,1.0,1.0,1.0,1.0,0.32737999654671335,0.12499999999999996,8.0,0.7801597489227465,0.06485687812426938,0.8450166270470159,0.42812499999999987,11.455235832836479,partition_only
flocking_topology_resilient,12075,1.0437208404354301,0.6155958404354301,0.6155958404354301,0.33547863355316576,0.33547863355316576,1.0,0.0,0.0,0.0,1.0,1.0,1.0,1.0,0.41449063548746556,0.12499999999999996,5.5625,0.2580229274337934,0.2580229274337934,1.0,0.0,0.0,0.0,1.0,1.0,1.0,1.0,0.32651455604069185,0.12499999999999996,8.0,0.7082422068822644,0.07745570611937236,0.7856979130016367,0.428125,11.24990116711706,partition_only
flocking_topology_resilient,12076,1.110297133435227,0.691547133435227,0.6204372104756721,0.3723568896279497,0.3723568896279497,1.0,0.0,0.0,0.0,1.0,1.0,1.0,1.0,0.4158424129159137,0.12499999999999996,5.51875,0.26698140218996613,0.26698140218996613,1.0,0.0,0.0,0.0,1.0,1.0,1.0,1.0,0.326470589719477,0.12499999999999996,8.0,0.7379402438072773,0.10537548743798358,0.8433157312452608,0.4898599229595548,11.362680917140096,partition_only
flocking_topology_resilient,12077,1.0623359373478565,0.6482734373478564,0.620833519402738,0.3906611075249161,0.3906611075249161,1.0,0.0,0.0,0.0,1.0,1.0,1.0,1.0,0.4865414361852343,0.12500000000000036,5.1125,0.25516388759925046,0.25516388759925046,1.0,0.0,0.0,0.0,1.0,1.0,1.0,1.0,0.32980700667747387,0.12500000000000036,8.0,0.6716748298229404,0.13549721992566566,0.807172049748606,0.44150241794511846,11.271143417106941,partition_only
flocking_topology_resilient,12078,1.23888936930524,0.8107643693052401,0.809770436509285,0.3298797267931836,0.3298797267931836,1.0,0.0,0.0,0.0,1.0,1.0,1.0,1.0,0.41553759206811136,0.12499999999999996,5.8625,0.28473643239470964,0.28473643239470964,1.0,0.0,0.0,0.0,1.0,1.0,1.0,1.0,0.33065306396470406,0.12499999999999996,8.0,0.9090096425120564,0.045143294398473977,0.9541529369105304,0.42911893279595503,11.785232417052612,partition_only
flocking_topology_resilient,12079,1.219802348618054,0.791677348618054,0.7910785882000716,0.370682670024473,0.370682670024473,1.0,0.0,0.0,0.0,1.0,1.0,1.0,1.0,0.4511689131339581,0.12499999999999996,5.4625,0.2610569691041573,0.2610569691041573,1.0,0.0,0.0,0.0,1.0,1.0,1.0,1.0,0.3270615721484355,0.12499999999999996,8.0,0.8491196785935811,0.1096257009203157,0.9587453795138967,0.42872376041798244,11.231078791897744,partition_only
flocking_topology_resilient,12080,0.9618851083478613,0.5337601083478613,0.5290171818117769,0.32643769746276924,0.32643769746276924,1.0,0.0,0.0,0.0,1.0,1.0,1.0,1.0,0.4258070732601681,0.12499999999999996,5.4875,0.26622272680372533,0.26622272680372533,1.0,0.0,0.0,0.0,1.0,1.0,1.0,1.0,0.3290257628133604,0.12499999999999996,8.0,0.635447410885092,0.06021497065904391,0.6956623815441361,0.4328679265360844,11.010272917104885,partition_only
flocking_topology_resilient,12081,0.9961857752859304,0.5680607752859304,0.5680607752859304,0.3130208732003389,0.3130208732003389,1.0,0.0,0.0,0.0,1.0,1.0,1.0,1.0,0.38485982082153686,0.12499999999999996,5.90625,0.2717997999652398,0.2717997999652398,1.0,0.0,0.0,0.0,1.0,1.0,1.0,1.0,0.32590885067317077,0.12499999999999996,8.0,0.6831649020855916,0.041221073235099104,0.7243859753206907,0.4281250000000001,11.703322375193238,partition_only
flocking_topology_resilient,12082,1.030933095373232,0.6028080953732321,0.6028080953732321,0.35933507411520027,0.35933507411520027,1.0,0.0,0.0,0.0,1.0,1.0,1.0,1.0,0.4554225659304785,0.12499999999999996,5.475,0.27104556154492915,0.27104556154492915,1.0,0.0,0.0,0.0,1.0,1.0,1.0,1.0,0.32996391516544765,0.12499999999999996,8.0,0.6715980212580318,0.08828951257027112,0.7598875338283029,0.428125,11.149903000099584,partition_only
flocking_topology_resilient,12083,1.018219060164889,0.5900940601648891,0.5900940601648891,0.3476374709460603,0.3476374709460603,1.0,0.0,0.0,0.0,1.0,1.0,1.0,1.0,0.3926430963768107,0.12499999999999996,5.83125,0.28337889001662536,0.28337889001662536,1.0,0.0,0.0,0.0,1.0,1.0,1.0,1.0,0.32961358680742603,0.12499999999999996,8.0,0.6705815892188287,0.06425858092943493,0.7348401701482636,0.428125,11.222347791073844,partition_only
flocking_topology_resilient,12084,1.0382133159207032,0.6100883159207033,0.607338080775744,0.3636658031798329,0.3636658031798329,1.0,0.0,0.0,0.0,1.0,1.0,1.0,1.0,0.43551229619064136,0.12499999999999996,5.6125,0.2676498854019299,0.2676498854019299,1.0,0.0,0.0,0.0,1.0,1.0,1.0,1.0,0.3257481757294533,0.12499999999999996,8.0,0.6745475127408703,0.09601591777790297,0.7705634305187733,0.4308752351449592,11.262574333930388,partition_only
flocking_topology_resilient,12085,0.9242194773418648,0.4960944773418648,0.4960944773418648,0.3294236905508604,0.3294236905508604,1.0,0.0,0.0,0.0,1.0,1.0,1.0,1.0,0.413609793666465,0.12500000000000017,5.51875,0.2758087183229161,0.2758087183229161,1.0,0.0,0.0,0.0,1.0,1.0,1.0,1.0,0.3250846632085566,0.12500000000000017,8.0,0.5947957867910044,0.05361497222794431,0.6484107590189487,0.42812500000000003,11.281834499910474,partition_only
flocking_topology_resilient,12086,1.0863670260586151,0.6723045260586152,0.5550800935915476,0.3031027320486756,0.3031027320486756,1.0,0.0,0.0,0.0,1.0,1.0,1.0,1.0,0.3731786138844771,0.12499999999999996,6.2375,0.28456210701586454,0.28456210701586454,1.0,0.0,0.0,0.0,1.0,1.0,1.0,1.0,0.3314560260925816,0.12499999999999996,8.0,0.7832642940099395,0.018540625032811064,0.8018049190427505,0.5312869324670675,11.906331458128989,partition_only
flocking_topology_resilient,12087,1.0080343482713032,0.5799093482713032,0.5799093482713032,0.2925124572729067,0.2925124572729067,1.0,0.0,0.0,0.0,1.0,1.0,1.0,1.0,0.3887034091839503,0.12499999999999996,5.8875,0.2740034300542449,0.2740034300542449,1.0,0.0,0.0,0.0,1.0,1.0,1.0,1.0,0.3286505683200713,0.12499999999999996,8.0,0.7155218909983965,0.018509027218661822,0.7340309182170583,0.428125,11.433062541065738,partition_only
flocking_topology_resilient,12088,1.4986837487231646,1.0799337487231646,1.0755209636690053,0.34467822879571886,0.34467822879571886,1.0,0.0,0.0,0.0,1.0,1.0,1.0,1.0,0.4510750127902151,0.12499999999999996,5.425,0.2604279704066691,0.2604279704066691,1.0,0.0,0.0,0.0,1.0,1.0,1.0,1.0,0.3284632539359139,0.12499999999999996,8.0,1.1540055199274457,0.08425025838904976,1.2382557783164954,0.4231627850541593,11.153642124962062,partition_only
flocking_topology_resilient,12089,1.0363839649235715,0.6082589649235716,0.6082589649235716,0.459713556404829,0.459713556404829,1.0,0.0,0.0,0.0,1.0,1.0,1.0,1.0,0.5313475467066093,0.12499999999999996,5.1,0.2753677998504063,0.2753677998504063,1.0,0.0,0.0,0.0,1.0,1.0,1.0,1.0,0.3276488110624194,0.12499999999999996,8.0,0.5766704085187425,0.1843457565544227,0.7610161650731653,0.428125,11.454174667131156,partition_only
flocking_topology_resilient,12090,1.0582852453060998,0.6395352453060997,0.6395352453060997,0.32725219704540887,0.32725219704540887,1.0,0.0,0.0,0.0,1.0,1.0,1.0,1.0,0.38719928288626465,0.12499999999999996,5.85625,0.2837168512733958,0.2837168512733958,1.0,0.0,0.0,0.0,1.0,1.0,1.0,1.0,0.32752352162049364,0.12499999999999996,8.0,0.7310330482606909,0.04353534577201307,0.7745683940327039,0.41875000000000007,11.511557416059077,partition_only
flocking_topology_resilient,12091,1.1340315939136096,0.7152815939136097,0.6654837326438086,0.36132597805414884,0.36132597805414884,1.0,0.0,0.0,0.0,1.0,1.0,1.0,1.0,0.42466724120970323,0.12499999999999996,5.725,0.275688907709957,0.275688907709957,1.0,0.0,0.0,0.0,1.0,1.0,1.0,1.0,0.3279618332011019,0.12499999999999996,8.0,0.7727056158594607,0.08563707034419182,0.8583426862036526,0.4685478612698011,11.484662333969027,partition_only
flocking_topology_resilient,12092,1.0203686609583085,0.5922436609583086,0.5922436609583086,0.3540312627263761,0.3540312627263761,1.0,0.0,0.0,0.0,1.0,1.0,1.0,1.0,0.4121062006719332,0.12499999999999996,5.6375,0.2825625974766098,0.2825625974766098,1.0,0.0,0.0,0.0,1.0,1.0,1.0,1.0,0.3280722787401763,0.12499999999999996,8.0,0.6663373982319324,0.0714686652497663,0.7378060634816987,0.42812499999999987,11.463301375042647,partition_only
flocking_topology_resilient,12093,0.9958380319914637,0.5677130319914636,0.5677130319914636,0.35273116391807335,0.35273116391807335,1.0,0.0,0.0,0.0,1.0,1.0,1.0,1.0,0.41687694408107223,0.12499999999999996,5.50625,0.2822047545540906,0.2822047545540906,1.0,0.0,0.0,0.0,1.0,1.0,1.0,1.0,0.3270631432691989,0.12499999999999996,8.0,0.6431068680733903,0.07052640936398274,0.713633277437373,0.4281250000000001,11.411099833901972,partition_only
flocking_topology_resilient,12094,1.0004450167734038,0.5816950167734041,0.5816950167734041,0.4040979631128592,0.4040979631128592,1.0,0.0,0.0,0.0,1.0,1.0,1.0,1.0,0.45945519163897064,0.12500000000000017,5.44375,0.29531168041352124,0.29531168041352124,1.0,0.0,0.0,0.0,1.0,1.0,1.0,1.0,0.327744292833058,0.12500000000000017,8.0,0.5963470536605446,0.10878628269933799,0.7051333363598826,0.41874999999999973,11.440234292065725,partition_only
flocking_topology_resilient,12095,1.178611006397008,0.7504860063970081,0.7504860063970081,0.3625746564570439,0.3625746564570439,1.0,0.0,0.0,0.0,1.0,1.0,1.0,1.0,0.41732889319342553,0.12499999999999996,5.84375,0.2749338379337235,0.2749338379337235,1.0,0.0,0.0,0.0,1.0,1.0,1.0,1.0,0.32882085475950273,0.12499999999999996,8.0,0.8160363499399642,0.0876408185233204,0.9036771684632846,0.428125,11.399689874844626,partition_only
flocking_topology_resilient,12096,1.0216266243697127,0.5935016243697127,0.5935016243697127,0.3734598803523986,0.3734598803523986,1.0,0.0,0.0,0.0,1.0,1.0,1.0,1.0,0.41474169249632453,0.12499999999999996,5.48125,0.2922556312528063,0.2922556312528063,1.0,0.0,0.0,0.0,1.0,1.0,1.0,1.0,0.32514997006394736,0.12499999999999996,8.0,0.6481667440173142,0.08120424909959228,0.7293709931169065,0.4281250000000001,11.285376833053306,partition_only
flocking_topology_resilient,12097,1.1705485137082674,0.7424235137082673,0.7424235137082673,0.35282698498723875,0.35282698498723875,1.0,0.0,0.0,0.0,1.0,1.0,1.0,1.0,0.4153599493615753,0.12499999999999996,5.875,0.27887400519438676,0.27887400519438676,1.0,0.0,0.0,0.0,1.0,1.0,1.0,1.0,0.326684153963542,0.12499999999999996,8.0,0.8177215287210287,0.07395297979285198,0.8916745085138806,0.4281250000000001,11.744523500092328,partition_only
flocking_topology_resilient,12098,0.9649582072364193,0.5474582072364192,0.5474582072364192,0.29976433833527777,0.29976433833527777,1.0,0.0,0.0,0.0,1.0,1.0,1.0,1.0,0.41191983144591793,0.12499999999999996,5.55625,0.23966790316928135,0.23966790316928135,1.0,0.0,0.0,0.0,1.0,1.0,1.0,1.0,0.3269535640781096,0.12499999999999996,8.0,0.6651938689011416,0.060096435165996415,0.725290304067138,0.4175000000000001,11.47964079119265,partition_only
flocking_topology_resilient,12099,1.0366882400904474,0.6085632400904475,0.6085632400904475,0.36465660855424453,0.36465660855424453,1.0,0.0,0.0,0.0,1.0,1.0,1.0,1.0,0.40850582671353025,0.12499999999999996,5.6625,0.2845625677597647,0.2845625677597647,1.0,0.0,0.0,0.0,1.0,1.0,1.0,1.0,0.3286141675145431,0.12499999999999996,8.0,0.6720316315362028,0.08009404079447985,0.7521256723306826,0.42812499999999987,11.569314625114202,partition_only
flocking_topology_resilient,12000,1.1306535904478334,0.7119035904478332,0.6303434043472442,0.36580707495535364,0.36580707495535364,1.0,0.0,0.0,0.0,1.0,1.0,1.0,1.0,0.44327962651574404,0.12499999999999996,5.4875,0.27998909142661715,0.27998909142661715,1.0,0.0,0.0,0.0,1.0,1.0,1.0,1.0,0.3267889668254803,0.12499999999999996,8.0,0.7648465154924797,0.08581798352873649,0.8506644990212162,0.5003101861005892,11.539637915790081,asymmetric_partition
flocking_topology_resilient,12001,0.9951939478440888,0.5670689478440887,0.5670689478440887,0.43047713924847714,0.43047713924847714,1.0,0.0,0.0,0.0,1.0,1.0,1.0,1.0,0.529134633051243,0.12499999999999996,5.06875,0.2586437787564371,0.2586437787564371,1.0,0.0,0.0,0.0,1.0,1.0,1.0,1.0,0.3269583862905495,0.12499999999999996,8.0,0.5647168085956116,0.17183336049204,0.7365501690876517,0.4281250000000001,11.304479958023876,asymmetric_partition
flocking_topology_resilient,12002,1.2245719634674732,0.8011344634674732,0.7628750732920115,0.36332003899082005,0.36332003899082005,1.0,0.0,0.0,0.0,1.0,1.0,1.0,1.0,0.4566321359089776,0.12500000000002914,5.39375,0.2609512175276777,0.2609512175276777,1.0,0.0,0.0,0.0,1.0,1.0,1.0,1.0,0.3302426476403202,0.12500000000002914,8.0,0.8612519244766532,0.10236882146314236,0.9636207459397955,0.46169689017546167,11.649000874953344,asymmetric_partition
flocking_topology_resilient,12003,1.163165066792382,0.7444150667923822,0.7440817190281601,0.46149832863747264,0.46149832863747264,1.0,0.0,0.0,0.0,1.0,1.0,1.0,1.0,0.5330984880199068,0.12499999999999996,5.0625,0.26715154859706375,0.26715154859706375,1.0,0.0,0.0,0.0,1.0,1.0,1.0,1.0,0.32874302125480825,0.12499999999999996,8.0,0.7016667381549094,0.1943467800404089,0.8960135181953184,0.41908334776422196,11.402045167051256,asymmetric_partition
flocking_topology_resilient,12004,1.1520222390750772,0.728584739075077,0.728584739075077,0.387940248693672,0.387940248693672,1.0,0.0,0.0,0.0,1.0,1.0,1.0,1.0,0.4605963586422913,0.12499999999999996,5.3875,0.2734628291638381,0.2734628291638381,1.0,0.0,0.0,0.0,1.0,1.0,1.0,1.0,0.3279404442184595,0.12499999999999996,8.0,0.7640819903814051,0.11447741952983392,0.878559409911239,0.42343750000000013,11.46641775011085,asymmetric_partition
flocking_topology_resilient,12005,0.9798175149876179,0.5516925149876177,0.5516925149876177,0.41344307778818834,0.41344307778818834,1.0,0.0,0.0,0.0,1.0,1.0,1.0,1.0,0.4917401968285663,0.12499999999999996,5.0125,0.2854346572160316,0.2854346572160316,1.0,0.0,0.0,0.0,1.0,1.0,1.0,1.0,0.3291039688383814,0.12499999999999996,8.0,0.5663744371994296,0.12800842057215672,0.6943828577715863,0.4281250000000002,11.574691083049402,asymmetric_partition
flocking_topology_resilient,12006,1.5780889182252598,1.1499639182252597,1.1499639182252597,0.38518039154136735,0.38518039154136735,1.0,0.0,0.0,0.0,1.0,1.0,1.0,1.0,0.46478644334439234,0.12499999999999996,5.40625,0.2800645102844488,0.2800645102844488,1.0,0.0,0.0,0.0,1.0,1.0,1.0,1.0,0.3299651823916962,0.12499999999999996,8.0,1.1929085266838924,0.10511588125691856,1.298024407940811,0.4281250000000001,11.392469165846705,asymmetric_partition
flocking_topology_resilient,12007,1.3120387203337622,0.8839137203337621,0.8839137203337621,0.40383166112750013,0.40383166112750013,1.0,0.0,0.0,0.0,1.0,1.0,1.0,1.0,0.42447714341785225,0.12499999999999996,5.7625,0.29466743985465316,0.29466743985465316,1.0,0.0,0.0,0.0,1.0,1.0,1.0,1.0,0.3284039916177755,0.12499999999999996,8.0,0.9082070592062621,0.10916422127284697,1.017371280479109,0.4281250000000001,11.585991125088185,asymmetric_partition
flocking_topology_resilient,12008,1.5518541152050584,1.1377916152050587,1.0661457207377816,0.36649020782737396,0.36649020782737396,1.0,0.0,0.0,0.0,1.0,1.0,1.0,1.0,0.45506585938443456,0.12499999999999996,5.425,0.2495709921405484,0.2495709921405484,1.0,0.0,0.0,0.0,1.0,1.0,1.0,1.0,0.3270303059100358,0.12499999999999996,8.0,1.1853639073776845,0.11691921568682556,1.30228312306451,0.48570839446727687,11.58899883297272,asymmetric_partition
flocking_topology_resilient,12009,1.0234491821959402,0.6046991821959404,0.6046991821959404,0.3485787708934981,0.3485787708934981,1.0,0.0,0.0,0.0,1.0,1.0,1.0,1.0,0.45814850369064164,0.12499999999999996,5.39375,0.26380056960611764,0.26380056960611764,1.0,0.0,0.0,0.0,1.0,1.0,1.0,1.0,0.32869942553536746,0.12499999999999996,8.0,0.6748704113024421,0.08477820128738045,0.7596486125898225,0.41874999999999973,11.580179083161056,asymmetric_partition
flocking_topology_resilient,12010,1.0010060080802763,0.5775685080802763,0.5775685080802763,0.36161953937850216,0.36161953937850216,1.0,0.0,0.0,0.0,1.0,1.0,1.0,1.0,0.4273496360874452,0.12499999999999996,5.40625,0.26206621095032145,0.26206621095032145,1.0,0.0,0.0,0.0,1.0,1.0,1.0,1.0,0.3270869814222748,0.12499999999999996,8.0,0.6393864687017741,0.09955332842818071,0.7389397971299548,0.4234375,11.729515874991193,asymmetric_partition
flocking_topology_resilient,12011,1.3166627437660463,0.8979127437660465,0.8979127437660465,0.34243045616876444,0.34243045616876444,1.0,0.0,0.0,0.0,1.0,1.0,1.0,1.0,0.42366910352934006,0.12499999999999996,5.78125,0.25622501216959026,0.25622501216959026,1.0,0.0,0.0,0.0,1.0,1.0,1.0,1.0,0.3292789538684525,0.12499999999999996,8.0,0.9742322875972819,0.08620544399917418,1.0604377315964562,0.41874999999999984,11.537766125053167,asymmetric_partition
flocking_topology_resilient,12012,0.9199313167784886,0.49180631677848863,0.49180631677848863,0.3435061570547279,0.3435061570547279,1.0,0.0,0.0,0.0,1.0,1.0,1.0,1.0,0.42218780771834724,0.12499999999999996,5.3625,0.28191313571720994,0.28191313571720994,1.0,0.0,0.0,0.0,1.0,1.0,1.0,1.0,0.3246754707808182,0.12499999999999996,8.0,0.5764251597237606,0.061593021337517984,0.6380181810612786,0.428125,11.642212457954884,asymmetric_partition
flocking_topology_resilient,12013,0.9364868266921509,0.5177368266921509,0.5177368266921509,0.3359370154787446,0.3359370154787446,1.0,0.0,0.0,0.0,1.0,1.0,1.0,1.0,0.4239599178535139,0.12499999999999996,5.4125,0.25741223865394414,0.25741223865394414,1.0,0.0,0.0,0.0,1.0,1.0,1.0,1.0,0.32728606201787835,0.12499999999999996,8.0,0.6005498112134062,0.07852477682480047,0.6790745880382068,0.41874999999999996,11.891395875019953,asymmetric_partition
flocking_topology_resilient,12014,0.9793666160723704,0.5512416160723704,0.5512416160723704,0.29883022862076153,0.29883022862076153,1.0,0.0,0.0,0.0,1.0,1.0,1.0,1.0,0.3946627409237796,0.12499999999999996,5.775,0.2612178688142571,0.2612178688142571,1.0,0.0,0.0,0.0,1.0,1.0,1.0,1.0,0.3286062149394688,0.12499999999999996,8.0,0.6805363874516088,0.0376123598065044,0.7181487472581133,0.428125,11.460135333938524,asymmetric_partition
flocking_topology_resilient,12015,1.246986842725669,0.8282368427256689,0.8268577958601213,0.37691102528556564,0.37691102528556564,1.0,0.0,0.0,0.0,1.0,1.0,1.0,1.0,0.4525723939722687,0.12499999999999996,5.4625,0.27902285283615275,0.27902285283615275,1.0,0.0,0.0,0.0,1.0,1.0,1.0,1.0,0.3277367323332248,0.12499999999999996,8.0,0.8700758174401033,0.09788817244941289,0.9679639898895163,0.42012904686554764,11.53708191611804,asymmetric_partition
flocking_topology_resilient,12016,0.99174869792825,0.5636236979282501,0.5636236979282501,0.36322938109394953,0.36322938109394953,1.0,0.0,0.0,0.0,1.0,1.0,1.0,1.0,0.4221866734007607,0.12499999999999996,5.4,0.25596401660250184,0.25596401660250184,1.0,0.0,0.0,0.0,1.0,1.0,1.0,1.0,0.32657394717659416,0.12499999999999996,8.0,0.6285193168343005,0.10726536449144769,0.7357846813257483,0.428125,11.483137667179108,asymmetric_partition
flocking_topology_resilient,12017,1.0629411479167274,0.6348161479167274,0.6348161479167274,0.3857477696627799,0.3857477696627799,1.0,0.0,0.0,0.0,1.0,1.0,1.0,1.0,0.4663286541316835,0.12499999999999996,5.3875,0.27031327603169525,0.27031327603169525,1.0,0.0,0.0,0.0,1.0,1.0,1.0,1.0,0.3274593908235487,0.12499999999999996,8.0,0.6771933782539475,0.11543449363108466,0.7926278718850321,0.4281250000000001,11.539719042135403,asymmetric_partition
flocking_topology_resilient,12018,1.2339856718565887,0.8058606718565887,0.8058606718565887,0.4270180318945404,0.4270180318945404,1.0,0.0,0.0,0.0,1.0,1.0,1.0,1.0,0.46189404593762473,0.12499999999999996,5.375,0.272018284594422,0.272018284594422,1.0,0.0,0.0,0.0,1.0,1.0,1.0,1.0,0.3277868616353277,0.12499999999999996,8.0,0.8069676399620482,0.1549997473001184,0.9619673872621667,0.428125,11.52283858298324,asymmetric_partition
flocking_topology_resilient,12019,1.0779752150732054,0.6604752150732053,0.6604752150732053,0.42378081864532885,0.42378081864532885,1.0,0.0,0.0,0.0,1.0,1.0,1.0,1.0,0.4760467966950762,0.12499999999999996,5.14375,0.27478988867028964,0.27478988867028964,1.0,0.0,0.0,0.0,1.0,1.0,1.0,1.0,0.3287870634427291,0.12499999999999996,8.0,0.6541943964278765,0.1489909299750392,0.8031853264029157,0.4175000000000001,11.276823084102944,asymmetric_partition
flocking_topology_resilient,12020,1.0481679777851807,0.6294179777851806,0.6294179777851806,0.37229908485650426,0.37229908485650426,1.0,0.0,0.0,0.0,1.0,1.0,1.0,1.0,0.46195766732493465,0.12499999999999996,5.375,0.2670716907162844,0.2670716907162844,1.0,0.0,0.0,0.0,1.0,1.0,1.0,1.0,0.3289530891819668,0.12499999999999996,8.0,0.6758688929286765,0.10522739414021987,0.7810962870688962,0.41875000000000007,11.085675375070423,asymmetric_partition
flocking_topology_resilient,12021,1.0117107303337012,0.5835857303337011,0.566386391784546,0.35609885710252853,0.35609885710252853,1.0,0.0,0.0,0.0,1.0,1.0,1.0,1.0,0.4284342653723634,0.12499999999999996,5.39375,0.2886462581266292,0.2886462581266292,1.0,0.0,0.0,0.0,1.0,1.0,1.0,1.0,0.332577632903105,0.12499999999999996,8.0,0.6556118732311726,0.06745259897589934,0.723064472207072,0.4453243385491552,11.054246792104095,asymmetric_partition
flocking_topology_resilient,12022,1.0001384051343734,0.5813884051343734,0.5756993137720563,0.3617519014201271,0.3617519014201271,1.0,0.0,0.0,0.0,1.0,1.0,1.0,1.0,0.4220116135943749,0.12499999999999996,5.41875,0.2731870130060698,0.2731870130060698,1.0,0.0,0.0,0.0,1.0,1.0,1.0,1.0,0.3265633225665968,0.12499999999999996,8.0,0.6383865037142462,0.0885648884140573,0.7269513921283035,0.42443909136231706,11.474213208071887,asymmetric_partition
flocking_topology_resilient,12023,1.0232052971185122,0.6044552971185121,0.6044552971185121,0.44657315073740944,0.44657315073740944,1.0,0.0,0.0,0.0,1.0,1.0,1.0,1.0,0.5297522552269948,0.12499999999999996,5.06875,0.27365534867204006,0.27365534867204006,1.0,0.0,0.0,0.0,1.0,1.0,1.0,1.0,0.32781466230110323,0.12499999999999996,8.0,0.5766321463811027,0.17291780206536939,0.749549948446472,0.41875000000000007,11.08261474990286,asymmetric_partition
flocking_topology_resilient,12024,1.2285458520185224,0.8051083520185223,0.8051083520185223,0.4061563233608679,0.4061563233608679,1.0,0.0,0.0,0.0,1.0,1.0,1.0,1.0,0.5266520557463678,0.12499999999999996,5.10625,0.26787446659399916,0.26787446659399916,1.0,0.0,0.0,0.0,1.0,1.0,1.0,1.0,0.3286601523196631,0.12499999999999996,8.0,0.8223895286576546,0.13828185676686872,0.9606713854245232,0.42343750000000013,11.225490416865796,asymmetric_partition
flocking_topology_resilient,12025,1.0405351356909012,0.6124101356909012,0.6124101356909012,0.3704884281418482,0.3704884281418482,1.0,0.0,0.0,0.0,1.0,1.0,1.0,1.0,0.42281516267705077,0.12499999999999996,5.4125,0.2768930073614162,0.2768930073614162,1.0,0.0,0.0,0.0,1.0,1.0,1.0,1.0,0.32772624873230305,0.12499999999999996,8.0,0.670046707549053,0.09359542078043198,0.763642128329485,0.428125,11.238547290908173,asymmetric_partition
flocking_topology_resilient,12026,1.2557918090533828,0.8370418090533829,0.827569797885977,0.49076301346004475,0.49076301346004475,1.0,0.0,0.0,0.0,1.0,1.0,1.0,1.0,0.5188151273855747,0.12499999999999996,5.1125,0.27332555371913864,0.27332555371913864,1.0,0.0,0.0,0.0,1.0,1.0,1.0,1.0,0.3265508809040177,0.12499999999999996,8.0,0.7650287955933381,0.2174374597409061,0.9824662553342443,0.4282220111674059,11.364282459020615,asymmetric_partition
flocking_topology_resilient,12027,1.0937558933026559,0.6656308933026558,0.6656308933026558,0.4110491118726186,0.4110491118726186,1.0,0.0,0.0,0.0,1.0,1.0,1.0,1.0,0.4657927063352858,0.12500000000000036,5.40625,0.2715994806008546,0.2715994806008546,1.0,0.0,0.0,0.0,1.0,1.0,1.0,1.0,0.3287493089863626,0.12500000000000036,8.0,0.6827067814300373,0.13944963127176402,0.8221564127018013,0.4281250000000001,11.185267665889114,asymmetric_partition
flocking_topology_resilient,12028,0.9938140407425369,0.575064040742537,0.575064040742537,0.3582293849976629,0.3582293849976629,1.0,0.0,0.0,0.0,1.0,1.0,1.0,1.0,0.42507526566701853,0.12500000000000014,5.3875,0.28588662909349843,0.28588662909349843,1.0,0.0,0.0,0.0,1.0,1.0,1.0,1.0,0.32803845463204884,0.12500000000000014,8.0,0.635584655744874,0.07234275590416445,0.7079274116490384,0.41874999999999984,11.148777083028108,asymmetric_partition
flocking_topology_resilient,12029,0.9911504818265195,0.5630254818265195,0.5630254818265195,0.38970544056829304,0.38970544056829304,1.0,0.0,0.0,0.0,1.0,1.0,1.0,1.0,0.4909481963113125,0.12499999999999996,5.01875,0.2781301859739512,0.2781301859739512,1.0,0.0,0.0,0.0,1.0,1.0,1.0,1.0,0.3275580176906091,0.12499999999999996,8.0,0.6014450412582265,0.11157525459434181,0.7130202958525683,0.4281250000000001,11.109937082976103,asymmetric_partition
flocking_topology_resilient,12030,0.9496442487813834,0.5308942487813832,0.5308942487813832,0.32807310969590103,0.32807310969590103,1.0,0.0,0.0,0.0,1.0,1.0,1.0,1.0,0.42384863958865776,0.12499999999999996,5.425,0.25227831396685313,0.25227831396685313,1.0,0.0,0.0,0.0,1.0,1.0,1.0,1.0,0.32644338703017456,0.12499999999999996,8.0,0.6215711390854823,0.0757947957290479,0.6973659348145302,0.4187500000000002,11.507945541990921,asymmetric_partition
flocking_topology_resilient,12031,0.9697269727115078,0.5503519727115078,0.5503519727115078,0.3528779964055758,0.3528779964055758,1.0,0.0,0.0,0.0,1.0,1.0,1.0,1.0,0.4571229034755461,0.12499999999999996,5.4,0.2754922538464163,0.2754922538464163,1.0,0.0,0.0,0.0,1.0,1.0,1.0,1.0,0.3259290066958923,0.12499999999999996,8.0,0.6168489763059319,0.07738574255915953,0.6942347188650915,0.41937499999999994,11.199364625150338,asymmetric_partition
flocking_topology_resilient,12032,1.1268477564564514,0.6987227564564515,0.6987227564564515,0.3202718481861961,0.3202718481861961,1.0,0.0,0.0,0.0,1.0,1.0,1.0,1.0,0.41960113328605697,0.12499999999999996,5.79375,0.25536099036160104,0.25536099036160104,1.0,0.0,0.0,0.0,1.0,1.0,1.0,1.0,0.3299986558099216,0.12499999999999996,8.0,0.8065759082702553,0.06491085782459505,0.8714867660948504,0.42812499999999987,11.498074959032238,asymmetric_partition
flocking_topology_resilient,12033,1.0382734403123024,0.6188984403123025,0.5587594728795005,0.33312652095037476,0.33312652095037476,1.0,0.0,0.0,0.0,1.0,1.0,1.0,1.0,0.4309435762886613,0.12499999999999996,5.36875,0.2795966971080546,0.2795966971080546,1.0,0.0,0.0,0.0,1.0,1.0,1.0,1.0,0.32690497399029816,0.12499999999999996,8.0,0.7051469193619276,0.053529823842320134,0.7586767432042478,0.47951396743280195,11.524867958854884,asymmetric_partition
flocking_topology_resilient,12034,0.9908953300873578,0.5627703300873579,0.5627703300873579,0.4235130988860239,0.4235130988860239,1.0,0.0,0.0,0.0,1.0,1.0,1.0,1.0,0.49331963011095503,0.12499999999999996,5.03125,0.26293192019931,0.26293192019931,1.0,0.0,0.0,0.0,1.0,1.0,1.0,1.0,0.32885138184048796,0.12499999999999996,8.0,0.5673822312013339,0.1605811786867139,0.7279634098880478,0.42812499999999987,11.442020083079115,asymmetric_partition
flocking_topology_resilient,12035,1.1865952049571675,0.7678452049571673,0.6981208351291399,0.303946922239769,0.303946922239769,1.0,0.0,0.0,0.0,1.0,1.0,1.0,1.0,0.4238872629750974,0.12499999999999996,5.7875,0.2648596143538165,0.2648596143538165,1.0,0.0,0.0,0.0,1.0,1.0,1.0,1.0,0.3311596419616749,0.12499999999999996,8.0,0.8826482827173985,0.039087307885952494,0.9217355906033511,0.4884743698280276,11.85357233393006,asymmetric_partition
flocking_topology_resilient,12036,1.0661655796046983,0.6333530796046982,0.6333530796046982,0.37390406954923083,0.37390406954923083,1.0,0.0,0.0,0.0,1.0,1.0,1.0,1.0,0.42872527539325755,0.12499999999999996,5.3875,0.26377118004135786,0.26377118004135786,1.0,0.0,0.0,0.0,1.0,1.0,1.0,1.0,0.3290551555747694,0.12499999999999996,8.0,0.6922615100554674,0.11013288950787298,0.8023943995633405,0.43281250000000004,11.388340000063181,asymmetric_partition
flocking_topology_resilient,12037,1.1930674928153036,0.7743174928153034,0.7046446461879681,0.38009792201125386,0.38009792201125386,1.0,0.0,0.0,0.0,1.0,1.0,1.0,1.0,0.4657620903086782,0.12499999999999996,5.39375,0.2701579358636107,0.2701579358636107,1.0,0.0,0.0,0.0,1.0,1.0,1.0,1.0,0.3281645110939363,0.12499999999999996,8.0,0.8129695708040496,0.10993998614764317,0.9229095569516929,0.4884228466273355,11.360743792029098,asymmetric_partition
flocking_topology_resilient,12038,1.2329621946900973,0.8048371946900973,0.8048371946900973,0.3552510581388657,0.3552510581388657,1.0,0.0,0.0,0.0,1.0,1.0,1.0,1.0,0.4240018320091009,0.12499999999999996,5.76875,0.2859543106263021,0.2859543106263021,1.0,0.0,0.0,0.0,1.0,1.0,1.0,1.0,0.32903949688735873,0.12499999999999996,8.0,0.8777111365512316,0.0692967475125636,0.9470078840637952,0.428125,11.489027665928006,asymmetric_partition
flocking_topology_resilient,12039,1.2702663701200205,0.8421413701200204,0.8421413701200204,0.36507062929458034,0.36507062929458034,1.0,0.0,0.0,0.0,1.0,1.0,1.0,1.0,0.45607793208032305,0.12499999999999996,5.41875,0.27050400761361787,0.27050400761361787,1.0,0.0,0.0,0.0,1.0,1.0,1.0,1.0,0.3270182474000093,0.12499999999999996,8.0,0.9051957408254402,0.09456662168096247,0.9997623625064027,0.4281250000000001,11.658830708125606,asymmetric_partition
flocking_topology_resilient,12040,1.12048589599449,0.6923608959944901,0.6918206513195013,0.43031589668183134,0.43031589668183134,1.0,0.0,0.0,0.0,1.0,1.0,1.0,1.0,0.5412058064058347,0.12499999999999996,4.975,0.28690955433201604,0.28690955433201604,1.0,0.0,0.0,0.0,1.0,1.0,1.0,1.0,0.32676834064026655,0.12499999999999996,8.0,0.6901699993126588,0.1434063423498153,0.8335763416624741,0.4286652446749888,11.372793541988358,asymmetric_partition
flocking_topology_resilient,12041,1.0341060473112882,0.6059810473112881,0.6059810473112881,0.34391856080030564,0.34391856080030564,1.0,0.0,0.0,0.0,1.0,1.0,1.0,1.0,0.4224534698327346,0.12499999999999996,5.7875,0.29086024017786666,0.29086024017786666,1.0,0.0,0.0,0.0,1.0,1.0,1.0,1.0,0.33082963618198064,0.12499999999999996,8.0,0.6901874865109825,0.05305832062243898,0.7432458071334216,0.4281250000000001,11.627615249948576,asymmetric_partition
flocking_topology_resilient,12042,0.946283383077434,0.518158383077434,0.518158383077434,0.3229750776833626,0.3229750776833626,1.0,0.0,0.0,0.0,1.0,1.0,1.0,1.0,0.3930157114749661,0.12499999999999996,5.7875,0.2766897327244874,0.2766897327244874,1.0,0.0,0.0,0.0,1.0,1.0,1.0,1.0,0.32794097380932685,0.12499999999999996,8.0,0.6233083053940713,0.04628534495887521,0.6695936503529466,0.428125,11.87064495915547,asymmetric_partition
flocking_topology_resilient,12043,1.020008938916628,0.601258938916628,0.5987353371725976,0.35697119545894296,0.35697119545894296,1.0,0.0,0.0,0.0,1.0,1.0,1.0,1.0,0.429103793292908,0.12499999999999996,5.38125,0.27802037420481523,0.27802037420481523,1.0,0.0,0.0,0.0,1.0,1.0,1.0,1.0,0.32970675128298144,0.12499999999999996,8.0,0.6630377434576851,0.07895082125412772,0.7419885647118127,0.4212736017440304,11.180108750006184,asymmetric_partition
flocking_topology_resilient,12044,1.2153663106027697,0.7872413106027696,0.7872413106027696,0.43919532829738744,0.43919532829738744,1.0,0.0,0.0,0.0,1.0,1.0,1.0,1.0,0.5284573032268373,0.12499999999999996,5.0375,0.2691896357632963,0.2691896357632963,1.0,0.0,0.0,0.0,1.0,1.0,1.0,1.0,0.3260133394585244,0.12499999999999996,8.0,0.7761709823053822,0.17000569253409115,0.9461766748394733,0.4281250000000001,11.109246000181884,asymmetric_partition
flocking_topology_resilient,12045,0.9825664195675303,0.5591289195675303,0.5591289195675303,0.32460399986667915,0.32460399986667915,1.0,0.0,0.0,0.0,1.0,1.0,1.0,1.0,0.42310874409906835,0.12499999999999996,5.4375,0.2568280888679207,0.2568280888679207,1.0,0.0,0.0,0.0,1.0,1.0,1.0,1.0,0.32822670795043674,0.12499999999999996,8.0,0.6579624197008511,0.06777591099875846,0.7257383306996097,0.4234375,11.527148416033015,asymmetric_partition
flocking_topology_resilient,12046,1.083669475898036,0.6649194758980359,0.5905338924639069,0.3753400530669107,0.3753400530669107,1.0,0.0,0.0,0.0,1.0,1.0,1.0,1.0,0.41656281972576414,0.12499999999999996,5.4625,0.284263197677705,0.284263197677705,1.0,0.0,0.0,0.0,1.0,1.0,1.0,1.0,0.32608126548859023,0.12499999999999996,8.0,0.7083294228311254,0.09107685538920568,0.7994062782203311,0.4931355834341292,11.430835500126705,asymmetric_partition
flocking_topology_resilient,12047,1.0155060576713282,0.5873810576713283,0.5873810576713283,0.39423837765521624,0.39423837765521624,1.0,0.0,0.0,0.0,1.0,1.0,1.0,1.0,0.47540224740599246,0.12499999999999996,5.05625,0.2529032893826853,0.2529032893826853,1.0,0.0,0.0,0.0,1.0,1.0,1.0,1.0,0.326897269901662,0.12499999999999996,8.0,0.6212676800161119,0.14133508827253094,0.7626027682886429,0.42812499999999987,11.702230041846633,asymmetric_partition
flocking_topology_resilient,12048,0.974698306270416,0.541885806270416,0.541885806270416,0.34706452107682073,0.34706452107682073,1.0,0.0,0.0,0.0,1.0,1.0,1.0,1.0,0.42456295498958346,0.12499999999999996,5.3875,0.2765053317890168,0.2765053317890168,1.0,0.0,0.0,0.0,1.0,1.0,1.0,1.0,0.32627422550550156,0.12499999999999996,8.0,0.6276337851935953,0.07055918928780391,0.6981929744813992,0.43281249999999993,11.598427209071815,asymmetric_partition
flocking_topology_resilient,12049,1.0096656334776994,0.5815406334776994,0.5757449106815036,0.3808348389910369,0.3808348389910369,1.0,0.0,0.0,0.0,1.0,1.0,1.0,1.0,0.48927380095025264,0.12499999999999996,5.04375,0.2624837157240321,0.2624837157240321,1.0,0.0,0.0,0.0,1.0,1.0,1.0,1.0,0.327647288913654,0.12499999999999996,8.0,0.6288307944866626,0.11835112326700475,0.7471819177536674,0.43392072279619587,11.386759667191654,asymmetric_partition
flocking_topology_resilient,12050,1.1097877194213221,0.6957252194213224,0.6957252194213224,0.32457607464580407,0.32457607464580407,1.0,0.0,0.0,0.0,1.0,1.0,1.0,1.0,0.4249812457851361,0.12499999999999996,5.76875,0.2585829542779866,0.2585829542779866,1.0,0.0,0.0,0.0,1.0,1.0,1.0,1.0,0.3285978696956864,0.12499999999999996,8.0,0.7852116447755181,0.06599312036781746,0.8512047651433355,0.4140624999999998,11.713122125016525,asymmetric_partition
flocking_topology_resilient,12051,1.0929099718806357,0.6647849718806357,0.6647849718806357,0.38698197709461446,0.38698197709461446,1.0,0.0,0.0,0.0,1.0,1.0,1.0,1.0,0.46444552908071685,0.12499999999999996,5.35625,0.271786978394266,0.271786978394266,1.0,0.0,0.0,0.0,1.0,1.0,1.0,1.0,0.32843533764279276,0.12499999999999996,8.0,0.7059279947860212,0.11519499870034844,0.8211229934863696,0.428125,11.50989312492311,asymmetric_partition
flocking_topology_resilient,12052,1.2112170522022712,0.7971545522022714,0.6666964757343461,0.35655242651806324,0.35655242651806324,1.0,0.0,0.0,0.0,1.0,1.0,1.0,1.0,0.448512635103531,0.12500000000000008,5.425,0.26664345637028775,0.26664345637028775,1.0,0.0,0.0,0.0,1.0,1.0,1.0,1.0,0.32875724497713027,0.12500000000000008,8.0,0.8546646256842079,0.08990897014777549,0.9445735958319834,0.5445205764679251,11.467795624863356,asymmetric_partition
flocking_topology_resilient,12053,1.0147198135061521,0.5959698135061521,0.5959698135061521,0.36494834820016864,0.36494834820016864,1.0,0.0,0.0,0.0,1.0,1.0,1.0,1.0,0.4249364257457488,0.12499999999999996,5.43125,0.2794583431238384,0.2794583431238384,1.0,0.0,0.0,0.0,1.0,1.0,1.0,1.0,0.32812474855382906,0.12499999999999996,8.0,0.6497714653059835,0.08549000507633026,0.7352614703823137,0.41875000000000007,11.400978666963056,asymmetric_partition
flocking_topology_resilient,12054,1.4342688799472914,1.0108313799472914,1.0108313799472914,0.3877611690482754,0.3877611690482754,1.0,0.0,0.0,0.0,1.0,1.0,1.0,1.0,0.45521787330479635,0.12499999999999996,5.41875,0.2807325219171635,0.2807325219171635,1.0,0.0,0.0,0.0,1.0,1.0,1.0,1.0,0.3267239748387156,0.12499999999999996,8.0,1.046507710899016,0.10702864713111188,1.1535363580301279,0.4234374999999999,11.39843854191713,asymmetric_partition
flocking_topology_resilient,12055,1.0709819454043514,0.6569194454043513,0.5695387011969115,0.3556940033213901,0.3556940033213901,1.0,0.0,0.0,0.0,1.0,1.0,1.0,1.0,0.42541442435881327,0.12499999999999996,5.3875,0.28168574353598846,0.28168574353598846,1.0,0.0,0.0,0.0,1.0,1.0,1.0,1.0,0.3289417441719571,0.12499999999999996,8.0,0.7152879420829613,0.07400825978540165,0.7892962018683629,0.5014432442074399,11.75529362494126,asymmetric_partition
flocking_topology_resilient,12056,1.023367096099811,0.6039920960998109,0.5406716930639108,0.3825920276145353,0.3825920276145353,1.0,0.0,0.0,0.0,1.0,1.0,1.0,1.0,0.4795035980232301,0.12499999999999996,5.075,0.2845543863823574,0.2845543863823574,1.0,0.0,0.0,0.0,1.0,1.0,1.0,1.0,0.3273643481894462,0.12499999999999996,8.0,0.6407750684852755,0.0980376412321779,0.7388127097174535,0.4826954030359001,11.371280082967132,asymmetric_partition
flocking_topology_resilient,12057,1.0643828009601846,0.6362578009601845,0.6362578009601845,0.3621957089519082,0.3621957089519082,1.0,0.0,0.0,0.0,1.0,1.0,1.0,1.0,0.4596942397863013,0.12499999999999996,5.41875,0.2595729168804695,0.2595729168804695,1.0,0.0,0.0,0.0,1.0,1.0,1.0,1.0,0.3285852112616645,0.12499999999999996,8.0,0.7021870920082763,0.1026227920714387,0.8048098840797151,0.4281250000000001,11.468622333137318,asymmetric_partition
flocking_topology_resilient,12058,1.0600880063097935,0.6413380063097934,0.5706516135943019,0.34270824899377333,0.34270824899377333,1.0,0.0,0.0,0.0,1.0,1.0,1.0,1.0,0.45012404683526713,0.12499999999999996,5.4375,0.27453721686073007,0.27453721686073007,1.0,0.0,0.0,0.0,1.0,1.0,1.0,1.0,0.32764561436987194,0.12499999999999996,8.0,0.7173797573160201,0.06817103213304326,0.7855507894490634,0.48943639271549155,11.599533958127722,asymmetric_partition
flocking_topology_resilient,12059,1.03947745935173,0.6307274593517299,0.615844752278292,0.2960832692758331,0.2960832692758331,1.0,0.0,0.0,0.0,1.0,1.0,1.0,1.0,0.41707467716792757,0.12499999999999996,5.4625,0.2269564055597839,0.2269564055597839,1.0,0.0,0.0,0.0,1.0,1.0,1.0,1.0,0.3267174080626594,0.12499999999999996,8.0,0.7433941900758969,0.0691268637160492,0.8125210537919461,0.4236327070734379,11.433387167053297,asymmetric_partition
flocking_topology_resilient,12060,1.05141145542175,0.6232864554217501,0.6232864554217501,0.3462709729205932,0.3462709729205932,1.0,0.0,0.0,0.0,1.0,1.0,1.0,1.0,0.4247762463076607,0.12499999999999996,5.4,0.26715196749897696,0.26715196749897696,1.0,0.0,0.0,0.0,1.0,1.0,1.0,1.0,0.3268427954925348,0.12499999999999996,8.0,0.7051404825011567,0.07911900542161626,0.784259487922773,0.42812499999999987,11.382696915883571,asymmetric_partition
flocking_topology_resilient,12061,1.0069984602150674,0.5835609602150674,0.5835609602150674,0.35402091063837593,0.35402091063837593,1.0,0.0,0.0,0.0,1.0,1.0,1.0,1.0,0.4217887774380074,0.12499999999999996,5.41875,0.2552139005775091,0.2552139005775091,1.0,0.0,0.0,0.0,1.0,1.0,1.0,1.0,0.3276264395616456,0.12499999999999996,8.0,0.6529775495766915,0.09880701006086684,0.7517845596375583,0.4234375,11.351983374916017,asymmetric_partition
flocking_topology_resilient,12062,1.1229324492253387,0.6948074492253388,0.6918002821859932,0.4260532231923683,0.4260532231923683,1.0,0.0,0.0,0.0,1.0,1.0,1.0,1.0,0.45307715754911476,0.12499999999999996,5.4,0.2781844694430552,0.2781844694430552,1.0,0.0,0.0,0.0,1.0,1.0,1.0,1.0,0.3283736656926801,0.12499999999999996,8.0,0.6968792260329704,0.14786875374931313,0.8447479797822836,0.43113216703934554,11.39381766715087,asymmetric_partition
flocking_topology_resilient,12063,1.0603636048602492,0.6322386048602493,0.6322386048602493,0.43357332626203304,0.43357332626203304,1.0,0.0,0.0,0.0,1.0,1.0,1.0,1.0,0.4574669233210713,0.12499999999999996,5.40625,0.2826369008259998,0.2826369008259998,1.0,0.0,0.0,0.0,1.0,1.0,1.0,1.0,0.3275704791185386,0.12499999999999996,8.0,0.6267902785982161,0.15093642543603325,0.7777267040342494,0.42812499999999987,11.385057958075777,asymmetric_partition
flocking_topology_resilient,12064,0.9787048570028143,0.5505798570028142,0.5505798570028142,0.3433227991270599,0.3433227991270599,1.0,0.0,0.0,0.0,1.0,1.0,1.0,1.0,0.4243378378011933,0.1250000000000012,5.38125,0.29041107909644437,0.29041107909644437,1.0,0.0,0.0,0.0,1.0,1.0,1.0,1.0,0.32962503674247984,0.1250000000000012,8.0,0.6353820578757544,0.052911720030615506,0.6882937779063699,0.4281250000000001,11.524897999828681,asymmetric_partition
flocking_topology_resilient,12065,0.9732475910380287,0.5504350910380287,0.5504350910380287,0.3532867029307635,0.3532867029307635,1.0,0.0,0.0,0.0,1.0,1.0,1.0,1.0,0.42096332286840993,0.12499999999999996,5.425,0.2801895974650632,0.2801895974650632,1.0,0.0,0.0,0.0,1.0,1.0,1.0,1.0,0.32823195120680304,0.12499999999999996,8.0,0.6199608881072652,0.07309710546570025,0.6930579935729655,0.42281250000000004,11.368944959016517,asymmetric_partition
flocking_topology_resilient,12066,1.133048518245696,0.7142985182456959,0.6970178688241409,0.3681840179871029,0.3681840179871029,1.0,0.0,0.0,0.0,1.0,1.0,1.0,1.0,0.46089517240062194,0.12499999999999996,5.3875,0.2680639447865459,0.2680639447865459,1.0,0.0,0.0,0.0,1.0,1.0,1.0,1.0,0.32909146213059204,0.12499999999999996,8.0,0.7648645002585931,0.10012007320055699,0.8649845734591501,0.4360306494215551,11.264073541853577,asymmetric_partition
flocking_topology_resilient,12067,1.0884107129018528,0.6649732129018527,0.6142692838614477,0.482882046895568,0.482882046895568,1.0,0.0,0.0,0.0,1.0,1.0,1.0,1.0,0.5454107506614012,0.12499999999999996,5.01875,0.2990391266186617,0.2990391266186617,1.0,0.0,0.0,0.0,1.0,1.0,1.0,1.0,0.33155311632380924,0.12499999999999996,8.0,0.6055286660062847,0.1838429202769063,0.789371586283191,0.474141429040405,11.35037162504159,asymmetric_partition
flocking_topology_resilient,12068,1.0898111919875941,0.671061191987594,0.5946559106787896,0.34952085543020067,0.34952085543020067,1.0,0.0,0.0,0.0,1.0,1.0,1.0,1.0,0.4239479964199848,0.12500000000000647,5.4125,0.28237793757835294,0.28237793757835294,1.0,0.0,0.0,0.0,1.0,1.0,1.0,1.0,0.3287488827312282,0.12500000000000647,8.0,0.7402903365573934,0.06714291785184773,0.8074332544092412,0.4951552813088045,11.386871458031237,asymmetric_partition
flocking_topology_resilient,12069,0.9766861615275626,0.5579361615275625,0.5579361615275625,0.3833535112274261,0.3833535112274261,1.0,0.0,0.0,0.0,1.0,1.0,1.0,1.0,0.4866890821010349,0.12500000000000003,5.0125,0.26033934390468316,0.26033934390468316,1.0,0.0,0.0,0.0,1.0,1.0,1.0,1.0,0.32699363203033605,0.12500000000000003,8.0,0.5933326503001365,0.12301416732274295,0.7163468176228794,0.41875000000000007,11.347307624993846,asymmetric_partition
flocking_topology_resilient,12070,1.0729409077980354,0.6448159077980355,0.6448159077980355,0.3635238509425883,0.3635238509425883,1.0,0.0,0.0,0.0,1.0,1.0,1.0,1.0,0.3964933451512568,0.12499999999999996,5.7625,0.29908732072832633,0.29908732072832633,1.0,0.0,0.0,0.0,1.0,1.0,1.0,1.0,0.3275448572517745,0.12499999999999996,8.0,0.7094170568554471,0.06443653021426199,0.7738535870697091,0.42812499999999987,11.7811247499194,asymmetric_partition
flocking_topology_resilient,12071,1.0302821703460052,0.6162196703460052,0.590430877371104,0.40956338029220996,0.40956338029220996,1.0,0.0,0.0,0.0,1.0,1.0,1.0,1.0,0.5279992770659513,0.12499999999999996,5.04375,0.2660705402944248,0.2660705402944248,1.0,0.0,0.0,0.0,1.0,1.0,1.0,1.0,0.32466368663020856,0.12499999999999996,8.0,0.6207187900537953,0.14349283999778517,0.7642116300515804,0.4398512929749012,11.391314916079864,asymmetric_partition
flocking_topology_resilient,12072,1.0528079903253578,0.6287454903253576,0.6284770673867713,0.3532868067531865,0.3532868067531865,1.0,0.0,0.0,0.0,1.0,1.0,1.0,1.0,0.42121001674554853,0.12499999999999996,5.775,0.2811231200848293,0.2811231200848293,1.0,0.0,0.0,0.0,1.0,1.0,1.0,1.0,0.32977040951227327,0.12499999999999996,8.0,0.6995211835721713,0.07216368666835721,0.7716848702405285,0.42433092293858643,11.78972875000909,asymmetric_partition
flocking_topology_resilient,12073,0.9675710689653471,0.5488210689653471,0.547745756182492,0.34390045803923114,0.34390045803923114,1.0,0.0,0.0,0.0,1.0,1.0,1.0,1.0,0.4586985007450325,0.12499999999999996,5.3875,0.2582973990254699,0.2582973990254699,1.0,0.0,0.0,0.0,1.0,1.0,1.0,1.0,0.32922968482755266,0.12499999999999996,8.0,0.6236706109261159,0.08560305901376125,0.7092736699398772,0.41982531278285506,11.614098666002974,asymmetric_partition
flocking_topology_resilient,12074,1.2611732391786508,0.8330482391786507,0.8330482391786507,0.357827976097534,0.357827976097534,1.0,0.0,0.0,0.0,1.0,1.0,1.0,1.0,0.453515488271249,0.12499999999999996,5.4375,0.27788143865539183,0.27788143865539183,1.0,0.0,0.0,0.0,1.0,1.0,1.0,1.0,0.3279005957971879,0.12499999999999996,8.0,0.9033452630811167,0.07994653744214214,0.9832918005232589,0.4281250000000001,11.822782249888405,asymmetric_partition
flocking_topology_resilient,12075,1.0664631380940863,0.6383381380940863,0.6367589830109143,0.4016373853681497,0.4016373853681497,1.0,0.0,0.0,0.0,1.0,1.0,1.0,1.0,0.488208137560793,0.12499999999999996,5.03125,0.2594852158086196,0.2594852158086196,1.0,0.0,0.0,0.0,1.0,1.0,1.0,1.0,0.32707699683599134,0.12499999999999996,8.0,0.6648257527259367,0.14215216955953008,0.8069779222854667,0.42970415508317206,11.743246915983036,asymmetric_partition
flocking_topology_resilient,12076,1.1074715782118745,0.6887215782118746,0.6176116552523198,0.372111411914922,0.372111411914922,1.0,0.0,0.0,0.0,1.0,1.0,1.0,1.0,0.42485702184428575,0.12499999999999996,5.375,0.2668506445466949,0.2668506445466949,1.0,0.0,0.0,0.0,1.0,1.0,1.0,1.0,0.3272428439969807,0.12499999999999996,8.0,0.7353601662969524,0.10526076736822709,0.8406209336651795,0.4898599229595547,11.833244666922837,asymmetric_partition
flocking_topology_resilient,12077,1.0333578967032604,0.6192953967032606,0.5918554787581423,0.4052902380716392,0.4052902380716392,1.0,0.0,0.0,0.0,1.0,1.0,1.0,1.0,0.4941477204345345,0.12500000000000036,5.01875,0.25483887596039184,0.25483887596039184,1.0,0.0,0.0,0.0,1.0,1.0,1.0,1.0,0.32876683879461943,0.12500000000000036,8.0,0.6280676586316212,0.15045136211124738,0.7785190207428685,0.44150241794511813,11.770857957890257,asymmetric_partition
flocking_topology_resilient,12078,1.2326158646156684,0.8044908646156685,0.8044908646156685,0.33357504850693276,0.33357504850693276,1.0,0.0,0.0,0.0,1.0,1.0,1.0,1.0,0.42374775959177774,0.12499999999999996,5.76875,0.285532596579628,0.285532596579628,1.0,0.0,0.0,0.0,1.0,1.0,1.0,1.0,0.3314984679526853,0.12499999999999996,8.0,0.8990408161087357,0.048042451927304775,0.9470832680360404,0.42812499999999987,11.953014291124418,asymmetric_partition
flocking_topology_resilient,12079,1.215277765404025,0.7871527654040248,0.7870355783622762,0.3760763546244651,0.3760763546244651,1.0,0.0,0.0,0.0,1.0,1.0,1.0,1.0,0.45470103208914414,0.12499999999999996,5.4,0.26170860573675775,0.26170860573675775,1.0,0.0,0.0,0.0,1.0,1.0,1.0,1.0,0.32758648237774846,0.12499999999999996,8.0,0.8392014107795599,0.11436774888770734,0.9535691596672673,0.42824218704174877,11.87454779096879,asymmetric_partition
flocking_topology_resilient,12080,0.935686512878317,0.5075615128783169,0.5075615128783169,0.3296982822784806,0.3296982822784806,1.0,0.0,0.0,0.0,1.0,1.0,1.0,1.0,0.42888879728485224,0.12499999999999996,5.41875,0.26599330862593634,0.26599330862593634,1.0,0.0,0.0,0.0,1.0,1.0,1.0,1.0,0.32910986061439174,0.12499999999999996,8.0,0.6059882305998363,0.06370497365254424,0.6696932042523807,0.4281250000000001,12.08657508296892,asymmetric_partition
flocking_topology_resilient,12081,1.0033022095358919,0.575177209535892,0.575177209535892,0.339918955320545,0.339918955320545,1.0,0.0,0.0,0.0,1.0,1.0,1.0,1.0,0.41839609168073927,0.12499999999999996,5.41875,0.2705599542494645,0.2705599542494645,1.0,0.0,0.0,0.0,1.0,1.0,1.0,1.0,0.3252532443867346,0.12499999999999996,8.0,0.6633832542153468,0.0693590010710805,0.7327422552864273,0.42812499999999987,11.798977375030518,asymmetric_partition
flocking_topology_resilient,12082,1.1154363264167333,0.6873113264167334,0.6873113264167334,0.373454937325723,0.373454937325723,1.0,0.0,0.0,0.0,1.0,1.0,1.0,1.0,0.46846946362686614,0.12499999999999996,5.375,0.27134132500358316,0.27134132500358316,1.0,0.0,0.0,0.0,1.0,1.0,1.0,1.0,0.32992913957901177,0.12499999999999996,8.0,0.7419813890910103,0.10211361232213984,0.8440950014131501,0.42812499999999987,11.426637249998748,asymmetric_partition
flocking_topology_resilient,12083,0.989848573671732,0.5617235736717321,0.5617235736717321,0.34865122973026286,0.34865122973026286,1.0,0.0,0.0,0.0,1.0,1.0,1.0,1.0,0.397428081516748,0.12499999999999996,5.73125,0.2849068172792305,0.2849068172792305,1.0,0.0,0.0,0.0,1.0,1.0,1.0,1.0,0.329230878467918,0.12499999999999996,8.0,0.6411973439414691,0.06374441245103235,0.7049417563925015,0.42812499999999987,12.044877290958539,asymmetric_partition
flocking_topology_resilient,12084,1.0889312738480683,0.6608062738480683,0.658056038703109,0.36760640579814374,0.36760640579814374,1.0,0.0,0.0,0.0,1.0,1.0,1.0,1.0,0.45728370337632196,0.12499999999999996,5.4,0.2693515233389715,0.2693515233389715,1.0,0.0,0.0,0.0,1.0,1.0,1.0,1.0,0.3272479374207343,0.12499999999999996,8.0,0.7213248680499246,0.09825488245917224,0.8195797505090968,0.4308752351449593,11.559438749914989,asymmetric_partition
flocking_topology_resilient,12085,0.9497950544131513,0.5216700544131514,0.5216700544131514,0.3385455268303724,0.3385455268303724,1.0,0.0,0.0,0.0,1.0,1.0,1.0,1.0,0.4292971983771993,0.12500000000000017,5.375,0.27681411579525045,0.27681411579525045,1.0,0.0,0.0,0.0,1.0,1.0,1.0,1.0,0.3250246673999486,0.12500000000000017,8.0,0.6112495275827788,0.061731411035121975,0.6729809386179009,0.42812499999999987,11.556204833090305,asymmetric_partition
flocking_topology_resilient,12086,1.126287991272767,0.712225491272767,0.5950010588056994,0.33437795275921733,0.33437795275921733,1.0,0.0,0.0,0.0,1.0,1.0,1.0,1.0,0.3975142424731159,0.12499999999999996,5.7875,0.2840180864356062,0.2840180864356062,1.0,0.0,0.0,0.0,1.0,1.0,1.0,1.0,0.3301774104906158,0.12499999999999996,8.0,0.7919100385135497,0.05035986632361111,0.8422699048371608,0.5312869324670676,11.440409708069637,asymmetric_partition
flocking_topology_resilient,12087,1.0424896919569793,0.6143646919569793,0.6125542843814673,0.3227883293824817,0.3227883293824817,1.0,0.0,0.0,0.0,1.0,1.0,1.0,1.0,0.4327233299322998,0.12499999999999996,5.375,0.2751928590095172,0.2751928590095172,1.0,0.0,0.0,0.0,1.0,1.0,1.0,1.0,0.3285515707728594,0.12499999999999996,8.0,0.7197013625744976,0.04759547037296452,0.7672968329474621,0.42993540757551196,11.45339404209517,asymmetric_partition
flocking_topology_resilient,12088,1.4283031806354929,1.0095531806354927,1.0095531806354927,0.3537259446185859,0.3537259446185859,1.0,0.0,0.0,0.0,1.0,1.0,1.0,1.0,0.45576252964943736,0.12499999999999996,5.39375,0.2631462835344388,0.2631462835344388,1.0,0.0,0.0,0.0,1.0,1.0,1.0,1.0,0.3294737962337596,0.12499999999999996,8.0,1.074577236016907,0.09057966108414711,1.165156897101054,0.4187500000000002,11.669989666203037,asymmetric_partition
flocking_topology_resilient,12089,1.0369861539792353,0.6088611539792352,0.6088611539792352,0.4704971460165259,0.4704971460165259,1.0,0.0,0.0,0.0,1.0,1.0,1.0,1.0,0.5367499613437265,0.12499999999999996,5.01875,0.2739114246564506,0.2739114246564506,1.0,0.0,0.0,0.0,1.0,1.0,1.0,1.0,0.3271038512542378,0.12499999999999996,8.0,0.5664890079627094,0.19658572136007535,0.7630747293227848,0.4281250000000001,11.412886041915044,asymmetric_partition
flocking_topology_resilient,12090,1.0681100248853042,0.6493600248853042,0.6493600248853042,0.3480689187215602,0.3480689187215602,1.0,0.0,0.0,0.0,1.0,1.0,1.0,1.0,0.4201556579822226,0.12499999999999996,5.39375,0.28320998154008364,0.28320998154008364,1.0,0.0,0.0,0.0,1.0,1.0,1.0,1.0,0.3266298398012949,0.12499999999999996,8.0,0.720041106163744,0.06485893718147656,0.7849000433452205,0.41874999999999996,11.329483083914965,asymmetric_partition
flocking_topology_resilient,12091,1.3442979811778724,0.9255479811778724,0.8757501199080713,0.45825129115303326,0.45825129115303326,1.0,0.0,0.0,0.0,1.0,1.0,1.0,1.0,0.5294450517121847,0.12499999999999996,5.0375,0.2771982402773971,0.2771982402773971,1.0,0.0,0.0,0.0,1.0,1.0,1.0,1.0,0.3284174570730625,0.12499999999999996,8.0,0.8860466900248392,0.18105305087563617,1.0670997409004752,0.4685478612698011,11.42995083401911,asymmetric_partition
flocking_topology_resilient,12092,1.0153370782757958,0.5872120782757957,0.5872120782757957,0.3562573835021795,0.3562573835021795,1.0,0.0,0.0,0.0,1.0,1.0,1.0,1.0,0.4280635977757747,0.12499999999999996,5.4,0.28319876685699874,0.28319876685699874,1.0,0.0,0.0,0.0,1.0,1.0,1.0,1.0,0.3291190348787995,0.12499999999999996,8.0,0.6590796947736163,0.07305861664518076,0.732138311418797,0.4281250000000001,11.335877915844321,asymmetric_partition
flocking_topology_resilient,12093,1.0328428782475,0.6047178782475,0.6013678806420304,0.3610301587669964,0.3610301587669964,1.0,0.0,0.0,0.0,1.0,1.0,1.0,1.0,0.42237851447393543,0.12499999999999996,5.41875,0.28189382693860077,0.28189382693860077,1.0,0.0,0.0,0.0,1.0,1.0,1.0,1.0,0.3276888231154197,0.12499999999999996,8.0,0.6718127194805037,0.07913633182839563,0.7509490513088993,0.4314749976054697,11.223332416033372,asymmetric_partition
flocking_topology_resilient,12094,0.9663043692440976,0.5475543692440976,0.5475543692440976,0.40270377817975433,0.40270377817975433,1.0,0.0,0.0,0.0,1.0,1.0,1.0,1.0,0.4623559478561502,0.12500000000000017,5.39375,0.29474319726598547,0.29474319726598547,1.0,0.0,0.0,0.0,1.0,1.0,1.0,1.0,0.328375762959781,0.12500000000000017,8.0,0.5636005910643432,0.10796058091376887,0.671561171978112,0.41874999999999996,11.423158375080675,asymmetric_partition
flocking_topology_resilient,12095,0.9685551998468324,0.5404301998468324,0.5404301998468324,0.37593318055753694,0.37593318055753694,1.0,0.0,0.0,0.0,1.0,1.0,1.0,1.0,0.4530826748824703,0.12499999999999996,5.41875,0.27364648139127956,0.27364648139127956,1.0,0.0,0.0,0.0,1.0,1.0,1.0,1.0,0.32827058273525084,0.12499999999999996,8.0,0.5926220192892955,0.10228669916625738,0.6949087184555528,0.428125,11.245033291867003,asymmetric_partition
flocking_topology_resilient,12096,1.0265113773523644,0.5983863773523643,0.5983863773523643,0.3747562233715489,0.3747562233715489,1.0,0.0,0.0,0.0,1.0,1.0,1.0,1.0,0.41836028821136395,0.12499999999999996,5.41875,0.28898809924436947,0.28898809924436947,1.0,0.0,0.0,0.0,1.0,1.0,1.0,1.0,0.32552923183686,0.12499999999999996,8.0,0.6517551539808155,0.08576812412717943,0.737523278107995,0.4281250000000001,11.507876500021666,asymmetric_partition
flocking_topology_resilient,12097,1.1450189366131305,0.7168939366131306,0.7168939366131306,0.35552145131085977,0.35552145131085977,1.0,0.0,0.0,0.0,1.0,1.0,1.0,1.0,0.45926504913470356,0.12499999999999996,5.4,0.2786067131112774,0.2786067131112774,1.0,0.0,0.0,0.0,1.0,1.0,1.0,1.0,0.32578394318693493,0.12499999999999996,8.0,0.7894974853022707,0.07691473819958239,0.8664122235018531,0.42812499999999987,11.535776041913778,asymmetric_partition
flocking_topology_resilient,12098,0.9633751987309209,0.535250198730921,0.535250198730921,0.29458643746869917,0.29458643746869917,1.0,0.0,0.0,0.0,1.0,1.0,1.0,1.0,0.42855651726765365,0.12499999999999996,5.35625,0.23930782400875072,0.23930782400875072,1.0,0.0,0.0,0.0,1.0,1.0,1.0,1.0,0.3273101597923201,0.12499999999999996,8.0,0.6687887612622218,0.055278613459948445,0.7240673747221702,0.428125,11.15393237490207,asymmetric_partition
flocking_topology_resilient,12099,1.010383708029694,0.5822587080296941,0.5822587080296941,0.41151543487918774,0.41151543487918774,1.0,0.0,0.0,0.0,1.0,1.0,1.0,1.0,0.48300687504116013,0.12499999999999996,5.09375,0.2850569514554479,0.2850569514554479,1.0,0.0,0.0,0.0,1.0,1.0,1.0,1.0,0.32973620713720103,0.12499999999999996,8.0,0.5988682731505063,0.12645848342373983,0.7253267565742461,0.42812499999999987,11.152267124969512,asymmetric_partition
flocking_topology_resilient,12000,1.387938762092583,0.7863762620925829,0.7048160759919938,0.37801493845720446,0.37801493845720446,1.0,0.0,0.0,0.0,1.0,1.0,1.0,1.0,0.4922380864818102,0.12499999999999996,5.08125,0.3084168547599716,0.3084168547599716,1.0,0.0,0.0,0.0,1.0,1.0,1.0,1.0,0.35736140572904895,0.12499999999999996,7.0625,1.0099238236353785,0.06959808369723286,1.0795219073326114,0.6831226861005891,10.413689583074301,failure_partition
flocking_topology_resilient,12001,1.062638699732571,0.6345136997325712,0.6345136997325712,0.3397446702606527,0.3397446702606527,1.0,0.0,0.0,0.0,1.0,1.0,1.0,1.0,0.40110333603056036,0.12499999999999996,5.8875,0.28770100882651717,0.28770100882651717,1.0,0.0,0.0,0.0,1.0,1.0,1.0,1.0,0.3507625214931445,0.12499999999999996,7.0625,0.7228940294719183,0.052043661434135524,0.7749376909060538,0.42812499999999976,10.47746116691269,failure_partition
flocking_topology_resilient,12002,1.3088493122802887,0.6932243122802888,0.6565786677051763,0.31025147470495823,0.31025147470495823,1.0,0.0,0.0,0.0,1.0,1.0,1.0,1.0,0.40324205726562445,0.12500000000002914,6.0,0.2751627010489595,0.2751627010489595,1.0,0.0,0.0,0.0,1.0,1.0,1.0,1.0,0.36205117263150965,0.12500000000002914,7.0625,0.9985978375753304,0.03508877365599872,1.0336866112313292,0.6522706445751124,10.187246582936496,failure_partition
flocking_topology_resilient,12003,1.0207160111400115,0.6125910111400115,0.6122576633757894,0.3507802326209183,0.3507802326209183,1.0,0.0,0.0,0.0,1.0,1.0,1.0,1.0,0.4277398773546047,0.12499999999999996,5.5,0.29356543460218826,0.29356543460218826,1.0,0.0,0.0,0.0,1.0,1.0,1.0,1.0,0.35575324737821024,0.12499999999999996,7.0625,0.6699357785190933,0.05721479801873003,0.7271505765378232,0.4084583477642222,10.12109004193917,failure_partition
flocking_topology_resilient,12004,1.0724376817632189,0.6596251817632188,0.6596251817632188,0.39181127996328025,0.39181127996328025,1.0,0.0,0.0,0.0,1.0,1.0,1.0,1.0,0.44148350725276675,0.12499999999999996,5.45625,0.3038042069570888,0.3038042069570888,1.0,0.0,0.0,0.0,1.0,1.0,1.0,1.0,0.35596282727756523,0.12499999999999996,7.0625,0.6806264017999386,0.08800707300619143,0.7686334748061301,0.4128125,10.027661124942824,failure_partition
flocking_topology_resilient,12005,1.0309977318288024,0.6028727318288022,0.6028727318288022,0.36364153304621505,0.36364153304621505,1.0,0.0,0.0,0.0,1.0,1.0,1.0,1.0,0.4342256429865642,0.12499999999999996,5.4625,0.2937206126445857,0.2937206126445857,1.0,0.0,0.0,0.0,1.0,1.0,1.0,1.0,0.3555603293894122,0.12499999999999996,7.0625,0.6673561987825873,0.06992092040162934,0.7372771191842167,0.4281250000000002,10.282075833994895,failure_partition
flocking_topology_resilient,12006,1.077354797506445,0.6492297975064452,0.6492297975064452,0.38598804540242193,0.38598804540242193,1.0,0.0,0.0,0.0,1.0,1.0,1.0,1.0,0.43538354279187264,0.12499999999999996,5.525,0.3085648601426857,0.3085648601426857,1.0,0.0,0.0,0.0,1.0,1.0,1.0,1.0,0.3561394578837237,0.12499999999999996,7.0625,0.6913667521040231,0.07742318525973624,0.7687899373637593,0.42812499999999987,9.753912250045687,failure_partition
flocking_topology_resilient,12007,1.273544514787233,0.7132320147872331,0.7132320147872331,0.42572052437151003,0.42572052437151003,1.0,0.0,0.0,0.0,1.0,1.0,1.0,1.0,0.43621819023711483,0.12499999999999996,5.5125,0.3164599347685346,0.3164599347685346,1.0,0.0,0.0,0.0,1.0,1.0,1.0,1.0,0.3561820489570884,0.12499999999999996,7.0625,0.847823990415723,0.10926058960297541,0.9570845800186984,0.5603125,9.795797500060871,failure_partition
flocking_topology_resilient,12008,1.6041110963542267,1.0441110963542266,0.9724652018869497,0.3063158789338344,0.3063158789338344,1.0,0.0,0.0,0.0,1.0,1.0,1.0,1.0,0.4027026112007651,0.12499999999999996,5.99375,0.2795506370574835,0.2795506370574835,1.0,0.0,0.0,0.0,1.0,1.0,1.0,1.0,0.35825684715694683,0.12499999999999996,7.0625,1.2977952174203922,0.026765241876350876,1.3245604592967433,0.6316458944672769,9.837988749844953,failure_partition
flocking_topology_resilient,12009,1.0205978866967151,0.6124728866967152,0.6124728866967152,0.3887266220452129,0.3887266220452129,1.0,0.0,0.0,0.0,1.0,1.0,1.0,1.0,0.48644166241074743,0.12499999999999996,5.15,0.2865814729869531,0.2865814729869531,1.0,0.0,0.0,0.0,1.0,1.0,1.0,1.0,0.3550753465215205,0.12499999999999996,7.0625,0.6318712646515022,0.10214514905825983,0.734016413709762,0.40812499999999996,9.50644625001587,failure_partition
flocking_topology_resilient,12010,1.0233064702158994,0.5998689702158994,0.5998689702158994,0.3556941015003937,0.3556941015003937,1.0,0.0,0.0,0.0,1.0,1.0,1.0,1.0,0.46989859273310036,0.12499999999999996,5.05625,0.290728329623204,0.290728329623204,1.0,0.0,0.0,0.0,1.0,1.0,1.0,1.0,0.3539541031730186,0.12499999999999996,7.0625,0.6676123687155057,0.06496577187718972,0.7325781405926954,0.4234375,9.631351624848321,failure_partition
flocking_topology_resilient,12011,1.2468843921545687,0.6575093921545687,0.6575093921545687,0.32655958979823624,0.32655958979823624,1.0,0.0,0.0,0.0,1.0,1.0,1.0,1.0,0.3990880839495638,0.12499999999999996,5.5875,0.27170666952589967,0.27170666952589967,1.0,0.0,0.0,0.0,1.0,1.0,1.0,1.0,0.33945246549560165,0.12499999999999996,7.0625,0.9203248023563324,0.05485292027233657,0.9751777226286691,0.589375,9.589718332979828,failure_partition
flocking_topology_resilient,12012,1.3243106923412589,0.7064981923412587,0.7064981923412587,0.36211458019507425,0.36211458019507425,1.0,0.0,0.0,0.0,1.0,1.0,1.0,1.0,0.4863174060471459,0.12499999999999996,5.0,0.2947197438707513,0.2947197438707513,1.0,0.0,0.0,0.0,1.0,1.0,1.0,1.0,0.3582725560097625,0.12499999999999996,7.0625,0.9621961121461846,0.06739483632432297,1.0295909484705077,0.6178125000000002,9.476685625035316,failure_partition
flocking_topology_resilient,12013,0.9482986668380093,0.5295486668380093,0.5295486668380093,0.3878648427750011,0.3878648427750011,1.0,0.0,0.0,0.0,1.0,1.0,1.0,1.0,0.49453111111530335,0.12499999999999996,4.8875,0.2811125430391771,0.2811125430391771,1.0,0.0,0.0,0.0,1.0,1.0,1.0,1.0,0.3551516209630342,0.12499999999999996,7.0625,0.5604338240630082,0.10675229973582401,0.6671861237988322,0.41875000000000007,9.595952834002674,failure_partition
flocking_topology_resilient,12014,0.9431160891346888,0.5256160891346889,0.5256160891346889,0.3013312195447696,0.3013312195447696,1.0,0.0,0.0,0.0,1.0,1.0,1.0,1.0,0.38875126512825886,0.12499999999999996,5.95625,0.2755480211779882,0.2755480211779882,1.0,0.0,0.0,0.0,1.0,1.0,1.0,1.0,0.35659445190060374,0.12499999999999996,7.0625,0.6417848695899192,0.02578319836678139,0.6675680679567007,0.41749999999999987,9.767161374911666,failure_partition
flocking_topology_resilient,12015,1.078438990486757,0.659688990486757,0.659688990486757,0.33624136844986297,0.33624136844986297,1.0,0.0,0.0,0.0,1.0,1.0,1.0,1.0,0.4008771602262186,0.12499999999999996,5.98125,0.29246432527350363,0.29246432527350363,1.0,0.0,0.0,0.0,1.0,1.0,1.0,1.0,0.3532746759415776,0.12499999999999996,7.0625,0.7421976220368941,0.04377704317635933,0.7859746652132534,0.41875000000000007,10.023122375132516,failure_partition
flocking_topology_resilient,12016,1.138049296564303,0.5908617965643028,0.5908617965643028,0.32673809293422557,0.32673809293422557,1.0,0.0,0.0,0.0,1.0,1.0,1.0,1.0,0.4037509791924904,0.12499999999999996,5.50625,0.2641092219971464,0.2641092219971464,1.0,0.0,0.0,0.0,1.0,1.0,1.0,1.0,0.34032589618970527,0.12499999999999996,7.0625,0.8113112036300774,0.06262887093707914,0.8739400745671566,0.5471875000000002,9.620781374862418,failure_partition
flocking_topology_resilient,12017,1.1328107259858204,0.6203107259858205,0.6203107259858205,0.3165347659989346,0.3165347659989346,1.0,0.0,0.0,0.0,1.0,1.0,1.0,1.0,0.3820464515857377,0.12499999999999996,5.9125,0.286269811262123,0.286269811262123,1.0,0.0,0.0,0.0,1.0,1.0,1.0,1.0,0.3344941572843071,0.12499999999999996,7.0625,0.8162759599868858,0.030264954736811622,0.8465409147236975,0.5125,9.807782707968727,failure_partition
flocking_topology_resilient,12018,1.0807931963685165,0.6526681963685164,0.6526681963685164,0.44351695104294747,0.44351695104294747,1.0,0.0,0.0,0.0,1.0,1.0,1.0,1.0,0.5207043123559524,0.12499999999999996,4.93125,0.29380924967868594,0.29380924967868594,1.0,0.0,0.0,0.0,1.0,1.0,1.0,1.0,0.3554859681755259,0.12499999999999996,7.0625,0.6372762453255689,0.14970770136426154,0.7869839466898305,0.4281250000000001,9.81690958281979,failure_partition
flocking_topology_resilient,12019,1.1986704553046656,0.7705454553046656,0.7705454553046656,0.46312183398898876,0.46312183398898876,1.0,0.0,0.0,0.0,1.0,1.0,1.0,1.0,0.47788556497645585,0.12499999999999996,5.125,0.3100509667421011,0.3100509667421011,1.0,0.0,0.0,0.0,1.0,1.0,1.0,1.0,0.3571932055335113,0.12499999999999996,7.0625,0.7355486213156769,0.15307086724688768,0.8886194885625646,0.4281250000000001,9.841791749931872,failure_partition
flocking_topology_resilient,12020,1.036735628426986,0.617985628426986,0.6130813954690069,0.3661373285556914,0.3661373285556914,1.0,0.0,0.0,0.0,1.0,1.0,1.0,1.0,0.43930222825980786,0.12499999999999996,5.4375,0.304700688230167,0.304700688230167,1.0,0.0,0.0,0.0,1.0,1.0,1.0,1.0,0.3564674350889562,0.12499999999999996,7.0625,0.6705982998712945,0.06143664032552443,0.7320349401968189,0.4236542329579791,10.12384104100056,failure_partition
flocking_topology_resilient,12021,1.0693678507255417,0.6412428507255419,0.6345326674877065,0.3692093880405108,0.3692093880405108,1.0,0.0,0.0,0.0,1.0,1.0,1.0,1.0,0.4469792139856457,0.12499999999999996,5.4125,0.312611814730029,0.312611814730029,1.0,0.0,0.0,0.0,1.0,1.0,1.0,1.0,0.362643701506809,0.12499999999999996,7.0625,0.700158462685031,0.056597573310481764,0.7567560359955128,0.4348351832378352,10.296688166912645,failure_partition
flocking_topology_resilient,12022,1.2107185880531113,0.6085310880531112,0.602841996690794,0.32289478923756165,0.32289478923756165,1.0,0.0,0.0,0.0,1.0,1.0,1.0,1.0,0.3829833804887861,0.12499999999999996,5.90625,0.28428619451860293,0.28428619451860293,1.0,0.0,0.0,0.0,1.0,1.0,1.0,1.0,0.3421547061372384,0.12499999999999996,7.0625,0.8878237988155496,0.03860859471895872,0.9264323935345083,0.6078765913623173,9.864596625091508,failure_partition
flocking_topology_resilient,12023,1.1442141053534844,0.5614016053534845,0.5614016053534845,0.3375852433681979,0.3375852433681979,1.0,0.0,0.0,0.0,1.0,1.0,1.0,1.0,0.4074370972265127,0.12499999999999996,5.58125,0.2890103838919035,0.2890103838919035,1.0,0.0,0.0,0.0,1.0,1.0,1.0,1.0,0.3452465148496808,0.12499999999999996,7.0625,0.8066288619852866,0.04857485947629442,0.855203721461581,0.5828125,10.009826333029196,failure_partition
flocking_topology_resilient,12024,1.1075871896858962,0.6841496896858963,0.6841496896858963,0.35512076375740426,0.35512076375740426,1.0,0.0,0.0,0.0,1.0,1.0,1.0,1.0,0.4538213338407015,0.12499999999999996,5.3625,0.28554829469250215,0.28554829469250215,1.0,0.0,0.0,0.0,1.0,1.0,1.0,1.0,0.3559012795909589,0.12499999999999996,7.0625,0.7524664259284919,0.06957246906490211,0.8220388949933941,0.4234374999999999,9.844554333947599,failure_partition
flocking_topology_resilient,12025,0.9961284023951975,0.5680034023951975,0.5680034023951975,0.4032494952529778,0.4032494952529778,1.0,0.0,0.0,0.0,1.0,1.0,1.0,1.0,0.4952657033548908,0.12499999999999996,4.85625,0.29743944065384875,0.29743944065384875,1.0,0.0,0.0,0.0,1.0,1.0,1.0,1.0,0.35596306382872567,0.12499999999999996,7.0625,0.5928789071422197,0.10581005459912907,0.6986889617413488,0.428125,9.565929665928707,failure_partition
flocking_topology_resilient,12026,1.1175359665224738,0.6987859665224738,0.6893139553550679,0.3843358181361938,0.3843358181361938,1.0,0.0,0.0,0.0,1.0,1.0,1.0,1.0,0.44007828245224134,0.12499999999999996,5.43125,0.293794219011425,0.293794219011425,1.0,0.0,0.0,0.0,1.0,1.0,1.0,1.0,0.35381288928643784,0.12499999999999996,7.0625,0.73320014838628,0.09054159912476878,0.8237417475110488,0.4282220111674059,9.786143916891888,failure_partition
flocking_topology_resilient,12027,1.0807010158390171,0.6525760158390173,0.6525760158390173,0.35459516025737214,0.35459516025737214,1.0,0.0,0.0,0.0,1.0,1.0,1.0,1.0,0.4262515478529053,0.12500000000000036,5.5375,0.2802069034617355,0.2802069034617355,1.0,0.0,0.0,0.0,1.0,1.0,1.0,1.0,0.35352226503076645,0.12500000000000036,7.0625,0.726105855581645,0.07438825679563665,0.8004941123772816,0.42812499999999987,10.072081541875377,failure_partition
flocking_topology_resilient,12028,0.9967038108447266,0.5620163108447267,0.5620163108447267,0.3299245159845881,0.3299245159845881,1.0,0.0,0.0,0.0,1.0,1.0,1.0,1.0,0.4103314217468119,0.12500000000000014,5.55625,0.28480721082625543,0.28480721082625543,1.0,0.0,0.0,0.0,1.0,1.0,1.0,1.0,0.35499535931030446,0.12500000000000014,7.0625,0.6667792948601385,0.04511730515833268,0.7118966000184712,0.4346874999999999,10.171945958863944,failure_partition
flocking_topology_resilient,12029,1.037838343665811,0.609713343665811,0.609713343665811,0.3636166658301915,0.3636166658301915,1.0,0.0,0.0,0.0,1.0,1.0,1.0,1.0,0.4394182330964429,0.12499999999999996,5.5,0.3150027488166035,0.3150027488166035,1.0,0.0,0.0,0.0,1.0,1.0,1.0,1.0,0.35692902369802526,0.12499999999999996,7.0625,0.6742216778356195,0.04861391701358797,0.7228355948492075,0.428125,10.448859291849658,failure_partition
flocking_topology_resilient,12030,0.9602073529819599,0.5414573529819597,0.5414573529819597,0.29299894917022895,0.29299894917022895,1.0,0.0,0.0,0.0,1.0,1.0,1.0,1.0,0.39385249634813463,0.12499999999999996,5.875,0.2627357323688418,0.2627357323688418,1.0,0.0,0.0,0.0,1.0,1.0,1.0,1.0,0.34958580674012313,0.12499999999999996,7.0625,0.667208403811731,0.03026321680138716,0.6974716206131182,0.4187500000000002,10.42347712488845,failure_partition
flocking_topology_resilient,12031,0.9293146454397749,0.5099396454397749,0.5099396454397749,0.3139052045789717,0.3139052045789717,1.0,0.0,0.0,0.0,1.0,1.0,1.0,1.0,0.39900360500097126,0.12499999999999996,5.9,0.2933894599100211,0.2933894599100211,1.0,0.0,0.0,0.0,1.0,1.0,1.0,1.0,0.34958241922156,0.12499999999999996,7.0625,0.6154094408608033,0.02051574466895062,0.6359251855297539,0.41937500000000005,10.325764375040308,failure_partition
flocking_topology_resilient,12032,1.0533402241871856,0.6252152241871854,0.623069328733927,0.3126549066963904,0.3126549066963904,1.0,0.0,0.0,0.0,1.0,1.0,1.0,1.0,0.43208804471007384,0.12499999999999996,5.51875,0.2689496369239833,0.2689496369239833,1.0,0.0,0.0,0.0,1.0,1.0,1.0,1.0,0.35601071646050986,0.12499999999999996,7.0625,0.7406853174907952,0.043705269772407074,0.7843905872632023,0.4302708954532587,10.4177363330964,failure_partition
flocking_topology_resilient,12033,1.4704132734308009,0.8522882734308009,0.7853451704703287,0.36889893083202596,0.36889893083202596,1.0,0.0,0.0,0.0,1.0,1.0,1.0,1.0,0.44875696801005455,0.12499999999999996,5.2375,0.2884345056657721,0.2884345056657721,1.0,0.0,0.0,0.0,1.0,1.0,1.0,1.0,0.35767631369625985,0.12499999999999996,7.0625,1.101514342598775,0.08046442516625385,1.1819787677650289,0.6850681029604722,10.217087958008051,failure_partition
flocking_topology_resilient,12034,1.0625489059060917,0.6344239059060919,0.6344239059060919,0.3834608285876116,0.3834608285876116,1.0,0.0,0.0,0.0,1.0,1.0,1.0,1.0,0.5151003401926841,0.12499999999999996,4.94375,0.284357851508529,0.284357851508529,1.0,0.0,0.0,0.0,1.0,1.0,1.0,1.0,0.3561592749987891,0.12499999999999996,7.0625,0.6790880773184802,0.09910297707908261,0.7781910543975628,0.42812499999999987,9.95544487494044,failure_partition
flocking_topology_resilient,12035,1.0079177167402569,0.5891677167402568,0.5194433469122293,0.33659631188943895,0.33659631188943895,1.0,0.0,0.0,0.0,1.0,1.0,1.0,1.0,0.4387899471491538,0.12499999999999996,5.50625,0.28955164884579665,0.28955164884579665,1.0,0.0,0.0,0.0,1.0,1.0,1.0,1.0,0.35845502358176795,0.12499999999999996,7.0625,0.6713214048508179,0.0470446630436423,0.7183660678944602,0.4884743698280276,10.077802499989048,failure_partition
flocking_topology_resilient,12036,1.1374860784457097,0.5671735784457097,0.5671735784457097,0.3172478178067888,0.3172478178067888,1.0,0.0,0.0,0.0,1.0,1.0,1.0,1.0,0.37916706691426955,0.12499999999999996,5.98125,0.2792406579290608,0.2792406579290608,1.0,0.0,0.0,0.0,1.0,1.0,1.0,1.0,0.34394231889840154,0.12499999999999996,7.0625,0.8202382606389209,0.038007159877728014,0.858245420516649,0.5703125,9.842283584177494,failure_partition
flocking_topology_resilient,12037,1.2285703912101258,0.7029453912101259,0.6332725445827906,0.3718298448964068,0.3718298448964068,1.0,0.0,0.0,0.0,1.0,1.0,1.0,1.0,0.41113154730076956,0.12499999999999996,5.5,0.2849778267343964,0.2849778267343964,1.0,0.0,0.0,0.0,1.0,1.0,1.0,1.0,0.3409651006587621,0.12499999999999996,7.0625,0.856740546313719,0.08685201816201038,0.9435925644757294,0.5952978466273352,9.894156582886353,failure_partition
flocking_topology_resilient,12038,1.386848337322597,0.8265358373225972,0.8265358373225972,0.3480100035661286,0.3480100035661286,1.0,0.0,0.0,0.0,1.0,1.0,1.0,1.0,0.40116598047496366,0.12499999999999996,6.025,0.3080681651373085,0.3080681651373085,1.0,0.0,0.0,0.0,1.0,1.0,1.0,1.0,0.35795916179230663,0.12499999999999996,7.0625,1.0388383337564684,0.0399418384288201,1.0787801721852885,0.5603124999999999,9.616161708021536,failure_partition
flocking_topology_resilient,12039,1.26122561281938,0.73278811281938,0.73278811281938,0.3473677039323912,0.3473677039323912,1.0,0.0,0.0,0.0,1.0,1.0,1.0,1.0,0.40663364284771586,0.12499999999999996,5.54375,0.2853856314327802,0.2853856314327802,1.0,0.0,0.0,0.0,1.0,1.0,1.0,1.0,0.34053449406338315,0.12499999999999996,7.0625,0.9138579088869887,0.06198207249961102,0.9758399813865998,0.5284374999999999,9.165095709031448,failure_partition
flocking_topology_resilient,12040,1.2864751226556113,0.7102251226556112,0.7096848779806224,0.37202048195615733,0.37202048195615733,1.0,0.0,0.0,0.0,1.0,1.0,1.0,1.0,0.4801859860951191,0.12499999999999996,5.0375,0.30921926168962244,0.30921926168962244,1.0,0.0,0.0,0.0,1.0,1.0,1.0,1.0,0.3549563187888456,0.12499999999999996,7.0625,0.9144546406994539,0.0628012202665349,0.9772558609659888,0.5767902446749889,9.21205654204823,failure_partition
flocking_topology_resilient,12041,1.3371656302322819,0.7346656302322818,0.7346656302322818,0.3670413633998836,0.3670413633998836,1.0,0.0,0.0,0.0,1.0,1.0,1.0,1.0,0.45100139721121746,0.12499999999999996,5.16875,0.29726871873477767,0.29726871873477767,1.0,0.0,0.0,0.0,1.0,1.0,1.0,1.0,0.3460844147356563,0.12499999999999996,7.0625,0.9701242668323983,0.06977264466510591,1.0398969114975043,0.6025,9.004843458067626,failure_partition
flocking_topology_resilient,12042,1.0902779469177697,0.5140279469177697,0.5140279469177697,0.3341397315932066,0.3341397315932066,1.0,0.0,0.0,0.0,1.0,1.0,1.0,1.0,0.4047738145301267,0.12499999999999996,5.53125,0.28748886232946624,0.28748886232946624,1.0,0.0,0.0,0.0,1.0,1.0,1.0,1.0,0.33979608478516254,0.12499999999999996,7.0625,0.756138215324563,0.04665086926374035,0.8027890845883034,0.57625,9.085068583022803,failure_partition
flocking_topology_resilient,12043,1.3185107856859202,0.6975732856859201,0.6950496839418898,0.35196292132689455,0.35196292132689455,1.0,0.0,0.0,0.0,1.0,1.0,1.0,1.0,0.4373072078156234,0.12499999999999996,5.4875,0.29340599116151556,0.29340599116151556,1.0,0.0,0.0,0.0,1.0,1.0,1.0,1.0,0.36400030195414157,0.12499999999999996,7.0625,0.9665478643590256,0.058556930165378995,1.0251047945244047,0.6234611017440304,9.163448791950941,failure_partition
flocking_topology_resilient,12044,1.102506060210672,0.674381060210672,0.674381060210672,0.38285120726433775,0.38285120726433775,1.0,0.0,0.0,0.0,1.0,1.0,1.0,1.0,0.44107000090229215,0.12499999999999996,5.40625,0.30543630167600566,0.30543630167600566,1.0,0.0,0.0,0.0,1.0,1.0,1.0,1.0,0.3519852776406246,0.12499999999999996,7.0625,0.7196548529463342,0.07741490558833208,0.7970697585346663,0.428125,9.25369070796296,failure_partition
flocking_topology_resilient,12045,0.9572442786421214,0.5338067786421212,0.5338067786421212,0.3302174653678501,0.3302174653678501,1.0,0.0,0.0,0.0,1.0,1.0,1.0,1.0,0.4140970205573341,0.12499999999999996,5.5375,0.27923760175398427,0.27923760175398427,1.0,0.0,0.0,0.0,1.0,1.0,1.0,1.0,0.3546194703421723,0.12499999999999996,7.0625,0.6270268132742712,0.05097986361386586,0.6780066768881371,0.42343750000000013,9.416557207936421,failure_partition
flocking_topology_resilient,12046,1.1581872342291,0.6538122342291001,0.5794266507949709,0.3296655802038001,0.3296655802038001,1.0,0.0,0.0,0.0,1.0,1.0,1.0,1.0,0.3920563755427758,0.12499999999999996,5.55,0.2856490691047702,0.2856490691047702,1.0,0.0,0.0,0.0,1.0,1.0,1.0,1.0,0.3341269121616871,0.12499999999999996,7.0625,0.8285216540252999,0.044016511099029876,0.8725381651243298,0.5787605834341291,9.479517083149403,failure_partition
flocking_topology_resilient,12047,1.0222285613077886,0.5941035613077885,0.5941035613077885,0.3785094163944468,0.3785094163944468,1.0,0.0,0.0,0.0,1.0,1.0,1.0,1.0,0.46631109601002335,0.12499999999999996,4.98125,0.27259983998541715,0.27259983998541715,1.0,0.0,0.0,0.0,1.0,1.0,1.0,1.0,0.3480604092574984,0.12499999999999996,7.0625,0.6437191449133418,0.10590957640902965,0.7496287213223715,0.4281250000000001,9.320243374910206,failure_partition
flocking_topology_resilient,12048,1.216501910713865,0.6993144107138652,0.6993144107138652,0.4103223929930529,0.4103223929930529,1.0,0.0,0.0,0.0,1.0,1.0,1.0,1.0,0.45956975322102045,0.12499999999999996,5.1875,0.29624329805187377,0.29624329805187377,1.0,0.0,0.0,0.0,1.0,1.0,1.0,1.0,0.3541253298190483,0.12499999999999996,7.0625,0.8061795177208122,0.11407909494117913,0.9202586126619913,0.5171874999999998,9.669799041002989,failure_partition
flocking_topology_resilient,12049,1.0225228425086286,0.5943978425086286,0.5943978425086286,0.3381862488575825,0.3381862488575825,1.0,0.0,0.0,0.0,1.0,1.0,1.0,1.0,0.44138744989002615,0.12499999999999996,5.4,0.29409270328762804,0.29409270328762804,1.0,0.0,0.0,0.0,1.0,1.0,1.0,1.0,0.3557619962383195,0.12499999999999996,7.0625,0.684336593651046,0.044093545569954484,0.7284301392210005,0.428125,9.566205624956638,failure_partition
flocking_topology_resilient,12050,1.3010373226017349,0.7157248226017348,0.7157248226017348,0.32146194551996626,0.32146194551996626,1.0,0.0,0.0,0.0,1.0,1.0,1.0,1.0,0.43251225229368384,0.12499999999999996,5.21875,0.2615689671886983,0.2615689671886983,1.0,0.0,0.0,0.0,1.0,1.0,1.0,1.0,0.33724388173712744,0.12499999999999996,7.0625,0.9795753770817686,0.05989297833126794,1.0394683554130366,0.5853125000000001,9.612349083879963,failure_partition
flocking_topology_resilient,12051,1.0936697057802938,0.6655447057802937,0.6655447057802937,0.39641363742528885,0.39641363742528885,1.0,0.0,0.0,0.0,1.0,1.0,1.0,1.0,0.476945932900953,0.12499999999999996,5.2125,0.3055432102182051,0.3055432102182051,1.0,0.0,0.0,0.0,1.0,1.0,1.0,1.0,0.3574471578044995,0.12499999999999996,7.0625,0.6972560683550049,0.09087042720708377,0.7881264955620887,0.4281250000000001,9.506893208017573,failure_partition
flocking_topology_resilient,12052,1.598455481567943,1.002830481567943,0.8723724051000177,0.33546952243787176,0.33546952243787176,1.0,0.0,0.0,0.0,1.0,1.0,1.0,1.0,0.43473863747850006,0.12500000000000008,5.50625,0.2845116782293367,0.2845116782293367,1.0,0.0,0.0,0.0,1.0,1.0,1.0,1.0,0.3592371540237437,0.12500000000000008,7.0625,1.2629859591300714,0.05095784420853505,1.3139438033386064,0.7260830764679254,9.606708124978468,failure_partition
flocking_topology_resilient,12053,1.1630356785950042,0.5789731785950042,0.5789731785950042,0.31892022181631996,0.31892022181631996,1.0,0.0,0.0,0.0,1.0,1.0,1.0,1.0,0.382222665577845,0.12499999999999996,5.9375,0.28269839145146775,0.28269839145146775,1.0,0.0,0.0,0.0,1.0,1.0,1.0,1.0,0.3440772712501487,0.12499999999999996,7.0625,0.8441154567786843,0.036221830364852214,0.8803372871435364,0.5840625,9.837687707971781,failure_partition
flocking_topology_resilient,12054,1.2472361954443707,0.8237986954443708,0.8237986954443708,0.3735122779678403,0.3735122779678403,1.0,0.0,0.0,0.0,1.0,1.0,1.0,1.0,0.43824761118501365,0.12499999999999996,5.45625,0.2977592154036507,0.2977592154036507,1.0,0.0,0.0,0.0,1.0,1.0,1.0,1.0,0.35103544889515165,0.12499999999999996,7.0625,0.8737239174765303,0.07575306256418962,0.94947698004072,0.4234374999999999,9.631572916172445,failure_partition
flocking_topology_resilient,12055,1.019591619812003,0.6161541198120029,0.5413800686318719,0.37034107323811793,0.37034107323811793,1.0,0.0,0.0,0.0,1.0,1.0,1.0,1.0,0.4172840723779195,0.12499999999999996,5.5,0.3028474364424149,0.3028474364424149,1.0,0.0,0.0,0.0,1.0,1.0,1.0,1.0,0.3563531580001283,0.12499999999999996,7.0625,0.649250546573885,0.06749363679570303,0.716744183369588,0.47821155118013103,9.674377167131752,failure_partition
flocking_topology_resilient,12056,1.1633886372670126,0.6237011372670127,0.5603807342311128,0.3453777666013216,0.3453777666013216,1.0,0.0,0.0,0.0,1.0,1.0,1.0,1.0,0.4418378185899655,0.12499999999999996,5.10625,0.2869903082684965,0.2869903082684965,1.0,0.0,0.0,0.0,1.0,1.0,1.0,1.0,0.3396389961786187,0.12499999999999996,7.0625,0.818010870665691,0.058387458332825104,0.8763983289985161,0.6030079030358998,9.692744500003755,failure_partition
flocking_topology_resilient,12057,0.9920572442602615,0.5639322442602616,0.5639322442602616,0.3378004066021855,0.3378004066021855,1.0,0.0,0.0,0.0,1.0,1.0,1.0,1.0,0.42390191317568615,0.12499999999999996,5.59375,0.28307512099894966,0.28307512099894966,1.0,0.0,0.0,0.0,1.0,1.0,1.0,1.0,0.3550230163333884,0.12499999999999996,7.0625,0.654256837658076,0.05472528560323586,0.7089821232613118,0.428125,9.676921000005677,failure_partition
flocking_topology_resilient,12058,1.1250176243621373,0.7062676243621373,0.6355812316466459,0.42291773846340364,0.42291773846340364,1.0,0.0,0.0,0.0,1.0,1.0,1.0,1.0,0.5160279902306847,0.12499999999999996,4.94375,0.2929409971551601,0.2929409971551601,1.0,0.0,0.0,0.0,1.0,1.0,1.0,1.0,0.35129977912585303,0.12499999999999996,7.0625,0.7020998858987336,0.12997674130824355,0.8320766272069772,0.48943639271549133,9.635699167149141,failure_partition
flocking_topology_resilient,12059,1.018454588886846,0.609704588886846,0.5948218818134082,0.2862999542915013,0.2862999542915013,1.0,0.0,0.0,0.0,1.0,1.0,1.0,1.0,0.40571256168951797,0.12499999999999996,5.5625,0.24093123990885762,0.24093123990885762,1.0,0.0,0.0,0.0,1.0,1.0,1.0,1.0,0.3484656332701889,0.12499999999999996,7.0625,0.7321546345953447,0.04536871438264367,0.7775233489779882,0.4236327070734377,9.759394542081282,failure_partition
flocking_topology_resilient,12060,1.0562811856300713,0.6281561856300715,0.6281561856300715,0.43036335293724176,0.43036335293724176,1.0,0.0,0.0,0.0,1.0,1.0,1.0,1.0,0.5291692549525484,0.12499999999999996,4.86875,0.2925442347117821,0.2925442347117821,1.0,0.0,0.0,0.0,1.0,1.0,1.0,1.0,0.35419193753029016,0.12499999999999996,7.0625,0.6259178326928296,0.13781911822545967,0.7637369509182892,0.42812499999999987,9.80996154109016,failure_partition
flocking_topology_resilient,12061,1.0021568809668768,0.5893443809668768,0.5893443809668768,0.3192857299976831,0.3192857299976831,1.0,0.0,0.0,0.0,1.0,1.0,1.0,1.0,0.4153401295076041,0.12499999999999996,5.4875,0.27030063122466147,0.27030063122466147,1.0,0.0,0.0,0.0,1.0,1.0,1.0,1.0,0.35341486632612307,0.12499999999999996,7.0625,0.6828711509691937,0.04898509877302165,0.7318562497422154,0.4128125,10.504182124976069,failure_partition
flocking_topology_resilient,12062,1.0218673994282579,0.593742399428258,0.5907352323889125,0.34392503313842326,0.34392503313842326,1.0,0.0,0.0,0.0,1.0,1.0,1.0,1.0,0.4041016558546467,0.12499999999999996,5.95,0.2890476022919361,0.2890476022919361,1.0,0.0,0.0,0.0,1.0,1.0,1.0,1.0,0.3568122141802908,0.12499999999999996,7.0625,0.6779423662898346,0.05487743084648716,0.7328197971363217,0.4311321670393454,10.233170833904296,failure_partition
flocking_topology_resilient,12063,1.110798137764793,0.555798137764793,0.555798137764793,0.3765911074041167,0.3765911074041167,1.0,0.0,0.0,0.0,1.0,1.0,1.0,1.0,0.45178266358078434,0.12499999999999996,5.1,0.2905852071269385,0.2905852071269385,1.0,0.0,0.0,0.0,1.0,1.0,1.0,1.0,0.34052222728226644,0.12499999999999996,7.0625,0.7342070303606764,0.0860059002771782,0.8202129306378545,0.555,9.834678916959092,failure_partition
flocking_topology_resilient,12064,0.9773048641646624,0.5491798641646625,0.5491798641646625,0.3430281291398433,0.3430281291398433,1.0,0.0,0.0,0.0,1.0,1.0,1.0,1.0,0.4008999434077486,0.1250000000000012,5.85,0.30714078063701156,0.30714078063701156,1.0,0.0,0.0,0.0,1.0,1.0,1.0,1.0,0.35673621898902974,0.1250000000000012,7.0625,0.6342767350248191,0.03588734850283176,0.6701640835276509,0.428125,10.354205125011504,failure_partition
flocking_topology_resilient,12065,0.9640585110755305,0.5359335110755306,0.5359335110755306,0.33596282274526584,0.33596282274526584,1.0,0.0,0.0,0.0,1.0,1.0,1.0,1.0,0.4060072705472657,0.12499999999999996,5.58125,0.3035206228120204,0.3035206228120204,1.0,0.0,0.0,0.0,1.0,1.0,1.0,1.0,0.3503267432294798,0.12499999999999996,7.0625,0.6280956883302646,0.03244219993324543,0.6605378882635101,0.428125,10.068013709038496,failure_partition
flocking_topology_resilient,12066,1.061014325914495,0.642264325914495,0.62498367649294,0.36828951120732095,0.36828951120732095,1.0,0.0,0.0,0.0,1.0,1.0,1.0,1.0,0.45047118154609933,0.12499999999999996,5.3875,0.2848623337059695,0.2848623337059695,1.0,0.0,0.0,0.0,1.0,1.0,1.0,1.0,0.3571409200458735,0.12499999999999996,7.0625,0.6927248147071741,0.08342717750135148,0.7761519922085256,0.4360306494215551,10.021128583000973,failure_partition
flocking_topology_resilient,12067,1.0522959215633119,0.6288584215633118,0.5776026164347897,0.3686121617412733,0.3686121617412733,1.0,0.0,0.0,0.0,1.0,1.0,1.0,1.0,0.4131957950355546,0.12499999999999996,5.8625,0.3308789744959707,0.3308789744959707,1.0,0.0,0.0,0.0,1.0,1.0,1.0,1.0,0.36000424027605044,0.12499999999999996,7.0625,0.6836837598220386,0.03773318724530261,0.7214169470673412,0.47469330512852215,10.02591170812957,failure_partition
flocking_topology_resilient,12068,1.6497688207626748,1.0532063207626745,0.9768010394538702,0.3879461770552922,0.3879461770552922,1.0,0.0,0.0,0.0,1.0,1.0,1.0,1.0,0.4386160700251837,0.12500000000000647,5.4375,0.3309729942505575,0.3309729942505575,1.0,0.0,0.0,0.0,1.0,1.0,1.0,1.0,0.36346731306333224,0.12500000000000647,7.0625,1.2618226437073825,0.056973182804734734,1.3187958265121174,0.6729677813088046,9.802620250033215,failure_partition
flocking_topology_resilient,12069,1.1656246347349806,0.5996871347349805,0.5996871347349805,0.32816168863966405,0.32816168863966405,1.0,0.0,0.0,0.0,1.0,1.0,1.0,1.0,0.4019078142240935,0.12500000000000003,5.50625,0.26833688011195517,0.26833688011195517,1.0,0.0,0.0,0.0,1.0,1.0,1.0,1.0,0.3401443130958227,0.12500000000000003,7.0625,0.8374629460953165,0.059824808527708884,0.8972877546230253,0.5659375000000001,9.842671458842233,failure_partition
flocking_topology_resilient,12070,1.062615683869884,0.6451156838698839,0.6382029051763723,0.3616123252983211,0.3616123252983211,1.0,0.0,0.0,0.0,1.0,1.0,1.0,1.0,0.41338502870867944,0.12499999999999996,5.575,0.3216120020474414,0.3216120020474414,1.0,0.0,0.0,0.0,1.0,1.0,1.0,1.0,0.3551381574169564,0.12499999999999996,7.0625,0.7010033585715628,0.04000032325087971,0.7410036818224426,0.42441277869351157,9.677255957853049,failure_partition
flocking_topology_resilient,12071,1.054799482200219,0.6407369822002188,0.6149481892253177,0.3813307294938431,0.3813307294938431,1.0,0.0,0.0,0.0,1.0,1.0,1.0,1.0,0.46419431799689254,0.12499999999999996,5.00625,0.290680007456952,0.290680007456952,1.0,0.0,0.0,0.0,1.0,1.0,1.0,1.0,0.3444995045169564,0.12499999999999996,7.0625,0.6734687527063759,0.09065072203689112,0.7641194747432669,0.4398512929749012,9.464648167137057,failure_partition
flocking_topology_resilient,12072,1.21332180440456,0.61113430440456,0.61113430440456,0.33166784269120386,0.33166784269120386,1.0,0.0,0.0,0.0,1.0,1.0,1.0,1.0,0.40070029329918067,0.12499999999999996,6.0625,0.3101981939028229,0.3101981939028229,1.0,0.0,0.0,0.0,1.0,1.0,1.0,1.0,0.3609812561976199,0.12499999999999996,7.0625,0.8816539617133561,0.02146964878838098,0.9031236105017371,0.6021875,9.920586708001792,failure_partition
flocking_topology_resilient,12073,0.9913361076534215,0.5725861076534215,0.5692247292665216,0.30774709842072173,0.30774709842072173,1.0,0.0,0.0,0.0,1.0,1.0,1.0,1.0,0.40053946349773034,0.12499999999999996,5.95,0.2830995805658033,0.2830995805658033,1.0,0.0,0.0,0.0,1.0,1.0,1.0,1.0,0.35657411739441225,0.12499999999999996,7.0625,0.6835890092326997,0.02464751785491842,0.7082365270876182,0.42211137838689994,9.659779791953042,failure_partition
flocking_topology_resilient,12074,1.1917420948225101,0.5979920948225101,0.5979920948225101,0.3200205393924277,0.3200205393924277,1.0,0.0,0.0,0.0,1.0,1.0,1.0,1.0,0.3864979883986356,0.12499999999999996,5.95,0.28380615945818466,0.28380615945818466,1.0,0.0,0.0,0.0,1.0,1.0,1.0,1.0,0.3437858452234367,0.12499999999999996,7.0625,0.8717215554300825,0.036214379934243035,0.9079359353643255,0.59375,9.60253879101947,failure_partition
flocking_topology_resilient,12075,1.0440379419178336,0.6265379419178337,0.6265379419178337,0.31934764180325137,0.31934764180325137,1.0,0.0,0.0,0.0,1.0,1.0,1.0,1.0,0.4199850091250421,0.12499999999999996,5.56875,0.28692970529543543,0.28692970529543543,1.0,0.0,0.0,0.0,1.0,1.0,1.0,1.0,0.3547021230726467,0.12499999999999996,7.0625,0.7246903001145822,0.032417936507815936,0.7571082366223982,0.41749999999999987,9.545761083019897,failure_partition
flocking_topology_resilient,12076,1.0743065290772027,0.6555565290772029,0.584446606117648,0.3436878344938223,0.3436878344938223,1.0,0.0,0.0,0.0,1.0,1.0,1.0,1.0,0.39891013778281936,0.12499999999999996,5.775,0.29515311568669583,0.29515311568669583,1.0,0.0,0.0,0.0,1.0,1.0,1.0,1.0,0.35006100844453236,0.12499999999999996,7.0625,0.7306186945833804,0.048534718807126453,0.7791534133905069,0.4898599229595547,9.914180624997243,failure_partition
flocking_topology_resilient,12077,1.0389024560698676,0.6248399560698676,0.5974000381247493,0.3656345669246107,0.3656345669246107,1.0,0.0,0.0,0.0,1.0,1.0,1.0,1.0,0.4402214450292531,0.12500000000000036,5.43125,0.27424541373738964,0.27424541373738964,1.0,0.0,0.0,0.0,1.0,1.0,1.0,1.0,0.3565302665248117,0.12500000000000036,7.0625,0.6732678891452569,0.09138915318722107,0.764657042332478,0.44150241794511835,9.916163791203871,failure_partition
flocking_topology_resilient,12078,1.310725260791971,0.709162760791971,0.709162760791971,0.3513872552870431,0.3513872552870431,1.0,0.0,0.0,0.0,1.0,1.0,1.0,1.0,0.41398346321477264,0.12499999999999996,5.5625,0.29266663221777434,0.29266663221777434,1.0,0.0,0.0,0.0,1.0,1.0,1.0,1.0,0.3494898824283506,0.12499999999999996,7.0625,0.9593380055049279,0.058720623069268785,1.0180586285741966,0.6015625,9.685904459096491,failure_partition
flocking_topology_resilient,12079,1.1153646599909917,0.6872396599909916,0.6844396780125225,0.37821666427628037,0.37821666427628037,1.0,0.0,0.0,0.0,1.0,1.0,1.0,1.0,0.45477728963991737,0.12499999999999996,5.31875,0.2760381832380386,0.2760381832380386,1.0,0.0,0.0,0.0,1.0,1.0,1.0,1.0,0.3541634919070386,0.12499999999999996,7.0625,0.7371479957147113,0.10217848103824179,0.8393264767529531,0.4309249819784692,9.4833190839272,failure_partition
flocking_topology_resilient,12080,0.9773455681470283,0.5492205681470284,0.535398996123105,0.34784308501185185,0.34784308501185185,1.0,0.0,0.0,0.0,1.0,1.0,1.0,1.0,0.4307293661932593,0.12499999999999996,5.475,0.30421660805694783,0.30421660805694783,1.0,0.0,0.0,0.0,1.0,1.0,1.0,1.0,0.3570943477557488,0.12499999999999996,7.0625,0.6295024831351765,0.043626476954904014,0.6731289600900805,0.4419465720239233,9.974570084130391,failure_partition
flocking_topology_resilient,12081,2.717084003727263,2.1048965037272636,2.1048965037272636,0.3644981662851145,0.3644981662851145,1.0,0.0,0.0,0.0,1.0,1.0,1.0,1.0,0.4497323393356142,0.12499999999999996,5.23125,0.2989767105094209,0.2989767105094209,1.0,0.0,0.0,0.0,1.0,1.0,1.0,1.0,0.3532840485028067,0.12499999999999996,7.0625,2.352585837442149,0.06552145577569363,2.4181072932178425,0.6121874999999997,9.49282708298415,failure_partition
flocking_topology_resilient,12082,1.0112004641880812,0.5830754641880811,0.5830754641880811,0.3152369471463237,0.3152369471463237,1.0,0.0,0.0,0.0,1.0,1.0,1.0,1.0,0.4089850982032409,0.12499999999999996,5.8875,0.281248853072895,0.281248853072895,1.0,0.0,0.0,0.0,1.0,1.0,1.0,1.0,0.3581250341652599,0.12499999999999996,7.0625,0.6959635170417575,0.03398809407342873,0.7299516111151862,0.4281250000000001,10.140874083852395,failure_partition
flocking_topology_resilient,12083,1.007211914316205,0.579086914316205,0.579086914316205,0.35138438562379914,0.35138438562379914,1.0,0.0,0.0,0.0,1.0,1.0,1.0,1.0,0.415465128746189,0.12499999999999996,5.525,0.30775308844765303,0.30775308844765303,1.0,0.0,0.0,0.0,1.0,1.0,1.0,1.0,0.3570505908818962,0.12499999999999996,7.0625,0.6558275286924059,0.04363129717614611,0.699458825868552,0.4281250000000001,9.85206133313477,failure_partition
flocking_topology_resilient,12084,1.2811676757410997,0.6677301757410996,0.6649799405961403,0.33231666966103557,0.33231666966103557,1.0,0.0,0.0,0.0,1.0,1.0,1.0,1.0,0.42795226317373425,0.12499999999999996,5.5625,0.28144326754699567,0.28144326754699567,1.0,0.0,0.0,0.0,1.0,1.0,1.0,1.0,0.3588923128594729,0.12499999999999996,7.0625,0.9488510060800641,0.0508734021140399,0.999724408194104,0.6161877351449594,9.833561083069071,failure_partition
flocking_topology_resilient,12085,1.4918558469182261,0.878418346918226,0.878418346918226,0.36926314512519187,0.36926314512519187,1.0,0.0,0.0,0.0,1.0,1.0,1.0,1.0,0.4310170803431915,0.12500000000000017,5.4125,0.29358105314132327,0.29358105314132327,1.0,0.0,0.0,0.0,1.0,1.0,1.0,1.0,0.35332455930184026,0.12500000000000017,7.0625,1.1225927017930344,0.0756820919838686,1.198274793776903,0.6134375000000002,9.859032708918676,failure_partition
flocking_topology_resilient,12086,2.716621539100502,2.128496539100502,2.0112721066334345,0.3614839915010465,0.3614839915010465,1.0,0.0,0.0,0.0,1.0,1.0,1.0,1.0,0.44736899339434666,0.12499999999999996,5.3125,0.3143055645433617,0.3143055645433617,1.0,0.0,0.0,0.0,1.0,1.0,1.0,1.0,0.3630435503006336,0.12499999999999996,7.0625,2.3551375475994556,0.04717842695768476,2.40231597455714,0.7053494324670675,9.44558300008066,failure_partition
flocking_topology_resilient,12087,1.0453601379834243,0.6278601379834242,0.6278601379834242,0.30876603670999236,0.30876603670999236,1.0,0.0,0.0,0.0,1.0,1.0,1.0,1.0,0.38821194491770133,0.12499999999999996,6.0125,0.29971391564765726,0.29971391564765726,1.0,0.0,0.0,0.0,1.0,1.0,1.0,1.0,0.3586301091089319,0.12499999999999996,7.0625,0.736594101273432,0.009052121062335106,0.745646222335767,0.4175000000000001,9.764740583021194,failure_partition
flocking_topology_resilient,12088,1.0816377336302694,0.6628877336302692,0.6624313262419804,0.3437699921585143,0.3437699921585143,1.0,0.0,0.0,0.0,1.0,1.0,1.0,1.0,0.4363004722022727,0.12499999999999996,5.48125,0.2894457051224224,0.2894457051224224,1.0,0.0,0.0,0.0,1.0,1.0,1.0,1.0,0.3575511614673462,0.12499999999999996,7.0625,0.7378677414717552,0.05432428703609188,0.792192028507847,0.41920640738828896,9.60794545803219,failure_partition
flocking_topology_resilient,12089,1.1265944970167248,0.5078444970167247,0.5078444970167247,0.3363574919059651,0.3363574919059651,1.0,0.0,0.0,0.0,1.0,1.0,1.0,1.0,0.40713074527965737,0.12499999999999996,5.79375,0.27690400858370856,0.27690400858370856,1.0,0.0,0.0,0.0,1.0,1.0,1.0,1.0,0.34172084850164547,0.12499999999999996,7.0625,0.7902370051107597,0.05945348332225653,0.8496904884330162,0.61875,9.777499541873112,failure_partition
flocking_topology_resilient,12090,1.052623202753995,0.6338732027539951,0.6338732027539951,0.33319942792453916,0.33319942792453916,1.0,0.0,0.0,0.0,1.0,1.0,1.0,1.0,0.414920657869858,0.12499999999999996,5.4375,0.30552205186314996,0.30552205186314996,1.0,0.0,0.0,0.0,1.0,1.0,1.0,1.0,0.3525422449639635,0.12499999999999996,7.0625,0.7194237748294559,0.027677376061389203,0.7471011508908451,0.41874999999999996,9.495284917065874,failure_partition
flocking_topology_resilient,12091,1.12719227020313,0.7084422702031299,0.6544750794842649,0.35354399774832435,0.35354399774832435,1.0,0.0,0.0,0.0,1.0,1.0,1.0,1.0,0.4257937813441856,0.12499999999999996,5.55625,0.2945984885022077,0.2945984885022077,1.0,0.0,0.0,0.0,1.0,1.0,1.0,1.0,0.35663377424513454,0.12499999999999996,7.0625,0.7736482724548057,0.058945509246116634,0.8325937817009224,0.4727171907188652,9.546872166916728,failure_partition
flocking_topology_resilient,12092,1.2275059309646001,0.6096934309646002,0.6096934309646002,0.3393073429160792,0.3393073429160792,1.0,0.0,0.0,0.0,1.0,1.0,1.0,1.0,0.42490516872263234,0.12499999999999996,5.39375,0.29846390507946535,0.29846390507946535,1.0,0.0,0.0,0.0,1.0,1.0,1.0,1.0,0.3468905399814573,0.12499999999999996,7.0625,0.8881985880485209,0.04084343783661387,0.9290420258851348,0.6178125,9.390471375081688,failure_partition
flocking_topology_resilient,12093,1.1794042842090273,0.5872167842090275,0.5872167842090275,0.35298024730305866,0.35298024730305866,1.0,0.0,0.0,0.0,1.0,1.0,1.0,1.0,0.40433345755391076,0.12499999999999996,5.4875,0.2988757041842118,0.2988757041842118,1.0,0.0,0.0,0.0,1.0,1.0,1.0,1.0,0.34041856415455635,0.12499999999999996,7.0625,0.8264240369059687,0.05410454311884688,0.8805285800248155,0.5921874999999999,9.863476666854694,failure_partition
flocking_topology_resilient,12094,1.0207319581910705,0.6019819581910705,0.6019819581910705,0.4076097624421694,0.4076097624421694,1.0,0.0,0.0,0.0,1.0,1.0,1.0,1.0,0.45770542926924485,0.12500000000000017,5.33125,0.3234140687150091,0.3234140687150091,1.0,0.0,0.0,0.0,1.0,1.0,1.0,1.0,0.355238008607316,0.12500000000000017,7.0625,0.6131221957489011,0.08419569372716029,0.6973178894760614,0.41875000000000007,9.60306491702795,failure_partition
flocking_topology_resilient,12095,1.2211682779451718,0.7930432779451717,0.7930432779451717,0.3755374499504331,0.3755374499504331,1.0,0.0,0.0,0.0,1.0,1.0,1.0,1.0,0.43232077829245724,0.12499999999999996,5.60625,0.29314903581942664,0.29314903581942664,1.0,0.0,0.0,0.0,1.0,1.0,1.0,1.0,0.35733465878457404,0.12499999999999996,7.0625,0.8456308279947387,0.08238841413100645,0.9280192421257452,0.4281250000000001,9.66842499980703,failure_partition
flocking_topology_resilient,12096,1.1510626762952538,0.580125176295254,0.5738199588353909,0.35465518667970364,0.35465518667970364,1.0,0.0,0.0,0.0,1.0,1.0,1.0,1.0,0.4000810447024847,0.12499999999999996,5.51875,0.30494197213137236,0.30494197213137236,1.0,0.0,0.0,0.0,1.0,1.0,1.0,1.0,0.3390519482210654,0.12499999999999996,7.0625,0.7964074896155502,0.049713214548331275,0.8461207041638814,0.5772427174598629,9.806592375040054,failure_partition
flocking_topology_resilient,12097,1.2172089470611094,0.7890839470611093,0.7890839470611093,0.35559356343497744,0.35559356343497744,1.0,0.0,0.0,0.0,1.0,1.0,1.0,1.0,0.4243265047471606,0.12499999999999996,5.61875,0.2949412844466873,0.2949412844466873,1.0,0.0,0.0,0.0,1.0,1.0,1.0,1.0,0.3504025425527968,0.12499999999999996,7.0625,0.861615383626132,0.06065227898829012,0.9222676626144221,0.4281250000000001,9.887783917132765,failure_partition
flocking_topology_resilient,12098,0.9281092551055459,0.5106092551055459,0.5106092551055459,0.31970003520678614,0.31970003520678614,1.0,0.0,0.0,0.0,1.0,1.0,1.0,1.0,0.4327652092889318,0.12499999999999996,5.3625,0.26349081233743005,0.26349081233743005,1.0,0.0,0.0,0.0,1.0,1.0,1.0,1.0,0.35138025341579715,0.12499999999999996,7.0625,0.6084092198987597,0.05620922286935609,0.6646184427681159,0.4175,9.934212542138994,failure_partition
flocking_topology_resilient,12099,1.0043462980132039,0.576221298013204,0.576221298013204,0.33158357974706576,0.33158357974706576,1.0,0.0,0.0,0.0,1.0,1.0,1.0,1.0,0.39570415300428274,0.12499999999999996,5.95,0.2987624089538281,0.2987624089538281,1.0,0.0,0.0,0.0,1.0,1.0,1.0,1.0,0.3562111413236166,0.12499999999999996,7.0625,0.6727627182661381,0.03282117079323765,0.7055838890593757,0.42812499999999987,10.445356625132263,failure_partition
flocking_topology_resilient,12000,1.273200321605124,0.734762821605124,0.6532026355045348,0.3196365863461472,0.3196365863461472,1.0,0.0,0.0,0.0,1.0,1.0,1.0,1.0,0.3786439943944694,0.12499999999999996,6.65625,0.3193067428134066,0.3193067428134066,1.0,0.0,0.0,0.0,1.0,1.0,1.0,1.0,0.3780946030400044,0.12499999999999996,6.66875,0.9535637352589768,0.0003298435327406257,0.9538935787917173,0.6199976861005891,10.708079457981512,staggered_rejoin
flocking_topology_resilient,12001,0.9936523817299733,0.6286523817299734,0.6127720361157614,0.32286576947327417,0.32286576947327417,1.0,0.0,0.0,0.0,1.0,1.0,1.0,1.0,0.37546168141918457,0.12499999999999996,6.54375,0.3166881960792593,0.3166881960792593,1.0,0.0,0.0,0.0,1.0,1.0,1.0,1.0,0.3696978678290811,0.12499999999999996,6.66875,0.6707866122566991,0.006177573394014868,0.676964185650714,0.3808803456142119,10.858484375057742,staggered_rejoin
flocking_topology_resilient,12002,1.0345544039370302,0.6767419039370303,0.6222474653755447,0.2982581019680836,0.2982581019680836,1.0,0.0,0.0,0.0,1.0,1.0,1.0,1.0,0.38605731334710003,0.12500000000002914,6.53125,0.2891047550569607,0.2891047550569607,1.0,0.0,0.0,0.0,1.0,1.0,1.0,1.0,0.38060018811205226,0.12500000000002914,6.66875,0.7362963019689466,0.009153346911122906,0.7454496488800695,0.4123069385614856,10.44507204205729,staggered_rejoin
flocking_topology_resilient,12003,0.9065822397527313,0.5575197397527312,0.5428340259270421,0.29968192268850463,0.29968192268850463,1.0,0.0,0.0,0.0,1.0,1.0,1.0,1.0,0.3707036158172814,0.12499999999999996,6.66875,0.29968192268850463,0.29968192268850463,1.0,0.0,0.0,0.0,1.0,1.0,1.0,1.0,0.3707036158172814,0.12499999999999996,6.66875,0.6069003170642266,0.0,0.6069003170642266,0.3637482138256892,10.692707458976656,staggered_rejoin
flocking_topology_resilient,12004,0.9088060594171674,0.5225560594171673,0.5209782621056418,0.32724828158324526,0.32724828158324526,1.0,0.0,0.0,0.0,1.0,1.0,1.0,1.0,0.37771173173490824,0.12499999999999996,6.56875,0.3179529170168566,0.3179529170168566,1.0,0.0,0.0,0.0,1.0,1.0,1.0,1.0,0.37204695360020446,0.12499999999999996,6.66875,0.5815577778339222,0.009295364566388686,0.5908531424003108,0.3878277973115256,10.90203837514855,staggered_rejoin
flocking_topology_resilient,12005,0.984387519251283,0.625950019251283,0.6171710184810826,0.314930918792182,0.314930918792182,1.0,0.0,0.0,0.0,1.0,1.0,1.0,1.0,0.3755345499070637,0.12499999999999996,6.66875,0.314930918792182,0.314930918792182,1.0,0.0,0.0,0.0,1.0,1.0,1.0,1.0,0.3755345499070637,0.12499999999999996,6.66875,0.6694566004591009,0.0,0.6694566004591009,0.3672165007702004,10.839136375114322,staggered_rejoin
flocking_topology_resilient,12006,0.9588861010295785,0.6045111010295786,0.5755594651503613,0.31578055381979775,0.31578055381979775,1.0,0.0,0.0,0.0,1.0,1.0,1.0,1.0,0.3796764971095757,0.12499999999999996,6.61875,0.3124955274148148,0.3124955274148148,1.0,0.0,0.0,0.0,1.0,1.0,1.0,1.0,0.37630462096934025,0.12499999999999996,6.66875,0.6431055472097807,0.0032850264049829603,0.6463905736147637,0.3833266358792172,10.62819629185833,staggered_rejoin
flocking_topology_resilient,12007,1.0028596012103979,0.616609601210398,0.616609601210398,0.34308958668816897,0.34308958668816897,1.0,0.0,0.0,0.0,1.0,1.0,1.0,1.0,0.3718298100926822,0.12499999999999996,6.61875,0.33857017189987554,0.33857017189987554,1.0,0.0,0.0,0.0,1.0,1.0,1.0,1.0,0.36842457927578903,0.12499999999999996,6.66875,0.6597700145222289,0.00451941478829343,0.6642894293105224,0.38624999999999987,10.716772124869749,staggered_rejoin
flocking_topology_resilient,12008,0.9526541177339916,0.6123416177339914,0.5349764118763184,0.2829114340412877,0.2829114340412877,1.0,0.0,0.0,0.0,1.0,1.0,1.0,1.0,0.37003034135803786,0.12499999999999996,6.66875,0.2829114340412877,0.2829114340412877,1.0,0.0,0.0,0.0,1.0,1.0,1.0,1.0,0.37003034135803786,0.12499999999999996,6.66875,0.6697426836927038,0.0,0.6697426836927038,0.41767770585767316,10.789702375186607,staggered_rejoin
flocking_topology_resilient,12009,1.0978165583736044,0.6906290583736043,0.6616044650035028,0.3073838733268194,0.3073838733268194,1.0,0.0,0.0,0.0,1.0,1.0,1.0,1.0,0.37702343433363533,0.12499999999999996,6.63125,0.30677572078055937,0.30677572078055937,1.0,0.0,0.0,0.0,1.0,1.0,1.0,1.0,0.37490678844578784,0.12499999999999996,6.66875,0.790432685046785,0.0006081525462600101,0.791040837593045,0.4362120933701016,11.092283792095259,staggered_rejoin
flocking_topology_resilient,12010,0.9165339159545937,0.5462214159545937,0.5424766878927019,0.310060165600771,0.310060165600771,1.0,0.0,0.0,0.0,1.0,1.0,1.0,1.0,0.37315851371909836,0.12499999999999996,6.66875,0.310060165600771,0.310060165600771,1.0,0.0,0.0,0.0,1.0,1.0,1.0,1.0,0.37315851371909836,0.12499999999999996,6.66875,0.6064737503538227,0.0,0.6064737503538227,0.3740572280618918,10.808192415861413,staggered_rejoin
flocking_topology_resilient,12011,1.0390617622581018,0.5728117622581017,0.5728117622581017,0.2825533677407043,0.2825533677407043,1.0,0.0,0.0,0.0,1.0,1.0,1.0,1.0,0.3603416352788262,0.12499999999999996,6.59375,0.27750474134985215,0.27750474134985215,1.0,0.0,0.0,0.0,1.0,1.0,1.0,1.0,0.35684776334624824,0.12499999999999996,6.66875,0.7565083945173975,0.005048626390852129,0.7615570209082496,0.46625000000000005,10.629904542118311,staggered_rejoin
flocking_topology_resilient,12012,1.0034119512474236,0.6118494512474236,0.5995291491383881,0.31365277323304613,0.31365277323304613,1.0,0.0,0.0,0.0,1.0,1.0,1.0,1.0,0.37503403889846954,0.12499999999999996,6.61875,0.3153320879311122,0.3153320879311122,1.0,0.0,0.0,0.0,1.0,1.0,1.0,1.0,0.37407546949923776,0.12499999999999996,6.66875,0.6897591780143775,-0.0016793146980660922,0.6880798633163113,0.4038828021090355,10.364821875002235,staggered_rejoin
flocking_topology_resilient,12013,0.9474623449305962,0.5233998449305964,0.508478164808744,0.2962083462162054,0.2962083462162054,1.0,0.0,0.0,0.0,1.0,1.0,1.0,1.0,0.37881573733820856,0.12499999999999996,6.6125,0.2941416096425776,0.2941416096425776,1.0,0.0,0.0,0.0,1.0,1.0,1.0,1.0,0.37636361214327596,0.12499999999999996,6.66875,0.6512539987143908,0.0020667365736278254,0.6533207352880186,0.43898418012185225,10.557509709149599,staggered_rejoin
flocking_topology_resilient,12014,0.8950815371142002,0.5353940371142002,0.5330341551425735,0.29600182858022006,0.29600182858022006,1.0,0.0,0.0,0.0,1.0,1.0,1.0,1.0,0.3766745939328576,0.12499999999999996,6.63125,0.29608322233732015,0.29608322233732015,1.0,0.0,0.0,0.0,1.0,1.0,1.0,1.0,0.37531086797530705,0.12499999999999996,6.66875,0.5990797085339802,-8.139375710009e-05,0.59899831477688,0.3620473819716268,10.352083374978974,staggered_rejoin
flocking_topology_resilient,12015,0.9103515713503629,0.5412890713503629,0.5348822016648771,0.3024105025465357,0.3024105025465357,1.0,0.0,0.0,0.0,1.0,1.0,1.0,1.0,0.37023299719963354,0.12499999999999996,6.6125,0.29566662209118494,0.29566662209118494,1.0,0.0,0.0,0.0,1.0,1.0,1.0,1.0,0.3667490947855746,0.12499999999999996,6.66875,0.6079410688038273,0.006743880455350737,0.6146849492591779,0.37546936968548583,10.440424083033577,staggered_rejoin
flocking_topology_resilient,12016,0.9234292595769776,0.5743667595769778,0.5619273715401144,0.2851630023530972,0.2851630023530972,1.0,0.0,0.0,0.0,1.0,1.0,1.0,1.0,0.36671292033341985,0.12499999999999996,6.66875,0.2851630023530972,0.2851630023530972,1.0,0.0,0.0,0.0,1.0,1.0,1.0,1.0,0.36671292033341985,0.12499999999999996,6.66875,0.6382662572238804,0.0,0.6382662572238804,0.36150188803686323,10.476318957982585,staggered_rejoin
flocking_topology_resilient,12017,0.9264998662529497,0.5574373662529495,0.5525397573758541,0.30909651435812496,0.30909651435812496,1.0,0.0,0.0,0.0,1.0,1.0,1.0,1.0,0.3612463320844818,0.12499999999999996,6.66875,0.30909651435812496,0.30909651435812496,1.0,0.0,0.0,0.0,1.0,1.0,1.0,1.0,0.3612463320844818,0.12499999999999996,6.66875,0.6174033518948248,0.0,0.6174033518948248,0.3739601088770955,10.64476704201661,staggered_rejoin
flocking_topology_resilient,12018,0.9886745818900003,0.5758620818900003,0.5658630696757877,0.3096500833823212,0.3096500833823212,1.0,0.0,0.0,0.0,1.0,1.0,1.0,1.0,0.37318559786392014,0.12499999999999996,6.63125,0.31004637139246344,0.31004637139246344,1.0,0.0,0.0,0.0,1.0,1.0,1.0,1.0,0.37191478185877436,0.12499999999999996,6.66875,0.6790244985076792,-0.0003962880101422428,0.678628210497537,0.42281151221421265,10.359121666988358,staggered_rejoin
flocking_topology_resilient,12019,0.9768590226184074,0.6224840226184074,0.6205652629308883,0.3267279065368543,0.3267279065368543,1.0,0.0,0.0,0.0,1.0,1.0,1.0,1.0,0.37486862498588563,0.12499999999999996,6.66875,0.3267279065368543,0.3267279065368543,1.0,0.0,0.0,0.0,1.0,1.0,1.0,1.0,0.37486862498588563,0.12499999999999996,6.66875,0.650131116081553,0.0,0.650131116081553,0.3562937596875191,10.562638374976814,staggered_rejoin
flocking_topology_resilient,12020,0.9391326716593896,0.5835076716593897,0.5803570493607293,0.30072348825490103,0.30072348825490103,1.0,0.0,0.0,0.0,1.0,1.0,1.0,1.0,0.3771849405865872,0.12499999999999996,6.63125,0.30121525904895874,0.30121525904895874,1.0,0.0,0.0,0.0,1.0,1.0,1.0,1.0,0.3759817191268281,0.12499999999999996,6.66875,0.6384091834044886,-0.000491770794057711,0.6379174126104309,0.35877562229866033,10.340154416160658,staggered_rejoin
flocking_topology_resilient,12021,1.0691943425939123,0.6695068425939121,0.6690777410762783,0.34671765916972574,0.34671765916972574,1.0,0.0,0.0,0.0,1.0,1.0,1.0,1.0,0.3904026794507821,0.12499999999999996,6.63125,0.34209613964862134,0.34209613964862134,1.0,0.0,0.0,0.0,1.0,1.0,1.0,1.0,0.388259659218655,0.12499999999999996,6.66875,0.7224766834241866,0.0046215195211044,0.727098202945291,0.40011660151763406,10.632753917016089,staggered_rejoin
flocking_topology_resilient,12022,1.0433216959012124,0.6111341959012124,0.5937593867605756,0.31222285087528273,0.31222285087528273,1.0,0.0,0.0,0.0,1.0,1.0,1.0,1.0,0.37269222373352096,0.12499999999999996,6.63125,0.30960232104808016,0.30960232104808016,1.0,0.0,0.0,0.0,1.0,1.0,1.0,1.0,0.37124200156411313,0.12499999999999996,6.66875,0.7310988450259297,0.0026205298272025668,0.7337193748531322,0.4495623091406368,10.554130000062287,staggered_rejoin
flocking_topology_resilient,12023,0.9000708050997226,0.5125708050997225,0.5036152430341211,0.32680415029668153,0.32680415029668153,1.0,0.0,0.0,0.0,1.0,1.0,1.0,1.0,0.3765535246774724,0.12499999999999996,6.58125,0.3189528859025564,0.3189528859025564,1.0,0.0,0.0,0.0,1.0,1.0,1.0,1.0,0.37347096073482644,0.12499999999999996,6.66875,0.5732666548030411,0.007851264394125146,0.5811179191971663,0.3964555620656015,10.466952540911734,staggered_rejoin
flocking_topology_resilient,12024,0.9424804506269246,0.5768554506269247,0.572340252354534,0.31945229411031867,0.31945229411031867,1.0,0.0,0.0,0.0,1.0,1.0,1.0,1.0,0.3768154760219444,0.12499999999999996,6.6125,0.3086087998094129,0.3086087998094129,1.0,0.0,0.0,0.0,1.0,1.0,1.0,1.0,0.3728511543667598,0.12499999999999996,6.66875,0.623028156516606,0.010843494300905754,0.6338716508175117,0.37014019827239064,10.32805254100822,staggered_rejoin
flocking_topology_resilient,12025,0.9940069867802455,0.5971319867802455,0.5932664807896026,0.3122661190725536,0.3122661190725536,1.0,0.0,0.0,0.0,1.0,1.0,1.0,1.0,0.37683428611764774,0.12499999999999996,6.65625,0.3117310819693566,0.3117310819693566,1.0,0.0,0.0,0.0,1.0,1.0,1.0,1.0,0.3761684893523481,0.12499999999999996,6.66875,0.6817408677076919,0.000535037103196967,0.6822759048108888,0.4007405059906428,10.56721574999392,staggered_rejoin
flocking_topology_resilient,12026,1.0672186932724994,0.6722186932724994,0.6473305921696182,0.3096901329649187,0.3096901329649187,1.0,0.0,0.0,0.0,1.0,1.0,1.0,1.0,0.36844605979127226,0.12499999999999996,6.66875,0.3096901329649187,0.3096901329649187,1.0,0.0,0.0,0.0,1.0,1.0,1.0,1.0,0.36844605979127226,0.12499999999999996,6.66875,0.7575285603075808,0.0,0.7575285603075808,0.4198881011028812,10.264683374902233,staggered_rejoin
flocking_topology_resilient,12027,0.9331227821033512,0.5840602821033511,0.5717267998103581,0.29946337826404656,0.29946337826404656,1.0,0.0,0.0,0.0,1.0,1.0,1.0,1.0,0.3716876539181504,0.12500000000000036,6.60625,0.3011683974879411,0.3011683974879411,1.0,0.0,0.0,0.0,1.0,1.0,1.0,1.0,0.3697548481568957,0.12500000000000036,6.66875,0.6336594038393046,-0.0017050192238945439,0.6319543846154101,0.3613959822929931,10.258822832955047,staggered_rejoin
flocking_topology_resilient,12028,0.9511080222299239,0.564858022229924,0.557571514524604,0.29923590982824283,0.29923590982824283,1.0,0.0,0.0,0.0,1.0,1.0,1.0,1.0,0.36963674918619793,0.12500000000000014,6.61875,0.2987447905023776,0.2987447905023776,1.0,0.0,0.0,0.0,1.0,1.0,1.0,1.0,0.3687453686037463,0.12500000000000014,6.66875,0.6518721124016811,0.000491119325865208,0.6523632317275463,0.3935365077053199,10.358630958944559,staggered_rejoin
flocking_topology_resilient,12029,0.9826548697437805,0.6023423697437803,0.5958140422817217,0.32561020705016164,0.32561020705016164,1.0,0.0,0.0,0.0,1.0,1.0,1.0,1.0,0.37666025824110244,0.12499999999999996,6.65625,0.32628071211285786,0.32628071211285786,1.0,0.0,0.0,0.0,1.0,1.0,1.0,1.0,0.376137843475771,0.12499999999999996,6.66875,0.6570446626936188,-0.000670505062696225,0.6563741576309226,0.3868408274620587,10.589067582972348,staggered_rejoin
flocking_topology_resilient,12030,0.914797215820703,0.555734715820703,0.5508030710592442,0.2780429579579781,0.2780429579579781,1.0,0.0,0.0,0.0,1.0,1.0,1.0,1.0,0.36366159632040446,0.12499999999999996,6.64375,0.27957422134244725,0.27957422134244725,1.0,0.0,0.0,0.0,1.0,1.0,1.0,1.0,0.36287830601068916,0.12499999999999996,6.66875,0.6367542578627248,-0.0015312633844691281,0.6352229944782557,0.36399414476145875,10.422984041972086,staggered_rejoin
flocking_topology_resilient,12031,0.9702046232373374,0.6189546232373374,0.589107893654911,0.3040027446963238,0.3040027446963238,1.0,0.0,0.0,0.0,1.0,1.0,1.0,1.0,0.3689293021452631,0.12499999999999996,6.66875,0.3040027446963238,0.3040027446963238,1.0,0.0,0.0,0.0,1.0,1.0,1.0,1.0,0.3689293021452631,0.12499999999999996,6.66875,0.6662018785410135,0.0,0.6662018785410135,0.38109672958242635,10.642512500053272,staggered_rejoin
flocking_topology_resilient,12032,0.9384725207673377,0.5681600207673376,0.5525265107678318,0.2871669967611569,0.2871669967611569,1.0,0.0,0.0,0.0,1.0,1.0,1.0,1.0,0.3752127524462651,0.12499999999999996,6.6125,0.28770833285337305,0.28770833285337305,1.0,0.0,0.0,0.0,1.0,1.0,1.0,1.0,0.37134660394496427,0.12499999999999996,6.66875,0.6513055240061807,-0.000541336092216127,0.6507641879139646,0.3859460099995059,10.446314542088658,staggered_rejoin
flocking_topology_resilient,12033,2.974396403040751,2.3522089030407507,2.292069935607949,0.30942711919310584,0.30942711919310584,1.0,0.0,0.0,0.0,1.0,1.0,1.0,1.0,0.3804262870420286,0.12499999999999996,6.61875,0.30700974479742865,0.30700974479742865,1.0,0.0,0.0,0.0,1.0,1.0,1.0,1.0,0.3777843171467113,0.12499999999999996,6.66875,2.664969283847645,0.0024173743956771854,2.6673866582433226,0.682326467432802,10.500731833977625,staggered_rejoin
flocking_topology_resilient,12034,0.9998578708745187,0.5717328708745187,0.5500232347804345,0.30118025072320415,0.30118025072320415,1.0,0.0,0.0,0.0,1.0,1.0,1.0,1.0,0.37998327831467305,0.12499999999999996,6.66875,0.30118025072320415,0.30118025072320415,1.0,0.0,0.0,0.0,1.0,1.0,1.0,1.0,0.37998327831467305,0.12499999999999996,6.66875,0.6986776201513145,0.0,0.6986776201513145,0.44983463609408425,10.234168708091602,staggered_rejoin
flocking_topology_resilient,12035,1.0858967313343404,0.6612092313343403,0.558747538980475,0.3154148973050247,0.3154148973050247,1.0,0.0,0.0,0.0,1.0,1.0,1.0,1.0,0.38274730035932975,0.12499999999999996,6.54375,0.31280185255772286,0.31280185255772286,1.0,0.0,0.0,0.0,1.0,1.0,1.0,1.0,0.3753451148343906,0.12499999999999996,6.66875,0.7704818340293157,0.0026130447473018403,0.7730948787766175,0.5271491923538654,10.255800375016406,staggered_rejoin
flocking_topology_resilient,12036,0.9528058773049668,0.5778058773049669,0.5629732107423353,0.2976890717414529,0.2976890717414529,1.0,0.0,0.0,0.0,1.0,1.0,1.0,1.0,0.3724845677519037,0.12499999999999996,6.66875,0.2976890717414529,0.2976890717414529,1.0,0.0,0.0,0.0,1.0,1.0,1.0,1.0,0.3724845677519037,0.12499999999999996,6.66875,0.6551168055635139,0.0,0.6551168055635139,0.3898326665626315,10.28714399994351,staggered_rejoin
flocking_topology_resilient,12037,1.2032718334070878,0.6623343334070877,0.5926614867797525,0.3067905500209425,0.3067905500209425,1.0,0.0,0.0,0.0,1.0,1.0,1.0,1.0,0.36177489305598504,0.12499999999999996,6.6,0.3058318917275654,0.3058318917275654,1.0,0.0,0.0,0.0,1.0,1.0,1.0,1.0,0.35939777309073107,0.12499999999999996,6.66875,0.8964812833861453,0.0009586582933771015,0.8974399416795223,0.6106103466273353,10.31183191598393,staggered_rejoin
flocking_topology_resilient,12038,1.0720829528869773,0.5705204528869772,0.5705204528869772,0.33485382210675885,0.33485382210675885,1.0,0.0,0.0,0.0,1.0,1.0,1.0,1.0,0.37809705798832804,0.12499999999999996,6.65,0.3320165743459836,0.3320165743459836,1.0,0.0,0.0,0.0,1.0,1.0,1.0,1.0,0.3771709073998413,0.12499999999999996,6.66875,0.7372291307802185,0.0028372477607752633,0.7400663785409938,0.5015625000000001,10.111311540938914,staggered_rejoin
flocking_topology_resilient,12039,1.0941454314879984,0.5710204314879983,0.5710204314879983,0.304457217805186,0.304457217805186,1.0,0.0,0.0,0.0,1.0,1.0,1.0,1.0,0.36313415685393025,0.12499999999999996,6.59375,0.296924422341587,0.296924422341587,1.0,0.0,0.0,0.0,1.0,1.0,1.0,1.0,0.35887222657203155,0.12499999999999996,6.66875,0.7896882136828124,0.0075327954635989736,0.7972210091464114,0.5231250000000001,9.939297208096832,staggered_rejoin
flocking_topology_resilient,12040,0.9541383749596027,0.5844508749596028,0.5698843902710282,0.3274372483169884,0.3274372483169884,1.0,0.0,0.0,0.0,1.0,1.0,1.0,1.0,0.3700813217855899,0.12499999999999996,6.51875,0.32292098987828777,0.32292098987828777,1.0,0.0,0.0,0.0,1.0,1.0,1.0,1.0,0.3655758473697857,0.12499999999999996,6.66875,0.6267011266426143,0.004516258438700627,0.631217385081315,0.3842539846885745,10.144245208008215,staggered_rejoin
flocking_topology_resilient,12041,0.9813729933934076,0.6229354933934074,0.6131326562569855,0.3170631860584006,0.3170631860584006,1.0,0.0,0.0,0.0,1.0,1.0,1.0,1.0,0.3805246981062463,0.12499999999999996,6.5375,0.318921858275818,0.318921858275818,1.0,0.0,0.0,0.0,1.0,1.0,1.0,1.0,0.3750020484249027,0.12499999999999996,6.66875,0.6643098073350069,-0.0018586722174173675,0.6624511351175896,0.368240337136422,10.076446457998827,staggered_rejoin
flocking_topology_resilient,12042,1.0527175361331629,0.5542800361331629,0.5542800361331629,0.2837416181661407,0.2837416181661407,1.0,0.0,0.0,0.0,1.0,1.0,1.0,1.0,0.3575468259004608,0.12499999999999996,6.66875,0.2837416181661407,0.2837416181661407,1.0,0.0,0.0,0.0,1.0,1.0,1.0,1.0,0.3575468259004608,0.12499999999999996,6.66875,0.7689759179670221,0.0,0.7689759179670221,0.4984375,10.531758249970153,staggered_rejoin
flocking_topology_resilient,12043,0.9683177449911933,0.5933177449911933,0.5838220853018481,0.30498907963082744,0.30498907963082744,1.0,0.0,0.0,0.0,1.0,1.0,1.0,1.0,0.3812515624222742,0.12499999999999996,6.58125,0.29853407580896796,0.29853407580896796,1.0,0.0,0.0,0.0,1.0,1.0,1.0,1.0,0.37877909432097867,0.12499999999999996,6.66875,0.6633286653603658,0.006455003821859484,0.6697836691822253,0.3844956596893452,10.136260458966717,staggered_rejoin
flocking_topology_resilient,12044,0.9304610698642882,0.5501485698642881,0.5461438219346486,0.3111090997560898,0.3111090997560898,1.0,0.0,0.0,0.0,1.0,1.0,1.0,1.0,0.3661127001341033,0.12499999999999996,6.65625,0.3095812499446148,0.3095812499446148,1.0,0.0,0.0,0.0,1.0,1.0,1.0,1.0,0.3657833400363629,0.12499999999999996,6.66875,0.6193519701081984,0.0015278498114750239,0.6208798199196734,0.3843172479296396,10.34510274999775,staggered_rejoin
flocking_topology_resilient,12045,0.9382961715989181,0.5514211715989181,0.5389156458962384,0.2947011712820867,0.2947011712820867,1.0,0.0,0.0,0.0,1.0,1.0,1.0,1.0,0.36799082790464127,0.12499999999999996,6.66875,0.2947011712820867,0.2947011712820867,1.0,0.0,0.0,0.0,1.0,1.0,1.0,1.0,0.36799082790464127,0.12499999999999996,6.66875,0.6435950003168314,0.0,0.6435950003168314,0.3993805257026797,10.531766082858667,staggered_rejoin
flocking_topology_resilient,12046,0.9552154150590347,0.5942779150590347,0.5106073837895415,0.3089225277930793,0.3089225277930793,1.0,0.0,0.0,0.0,1.0,1.0,1.0,1.0,0.3626210838481664,0.12499999999999996,6.63125,0.3058246482575494,0.3058246482575494,1.0,0.0,0.0,0.0,1.0,1.0,1.0,1.0,0.3613684283227955,0.12499999999999996,6.66875,0.6462928872659555,0.003097879535529924,0.6493907668014853,0.4446080312694932,10.437626041006297,staggered_rejoin
flocking_topology_resilient,12047,0.8964220396468461,0.5426720396468461,0.529825714802102,0.27968299085513926,0.27968299085513926,1.0,0.0,0.0,0.0,1.0,1.0,1.0,1.0,0.36118357751143637,0.12499999999999996,6.63125,0.28110422840327154,0.28110422840327154,1.0,0.0,0.0,0.0,1.0,1.0,1.0,1.0,0.3600059188281959,0.12499999999999996,6.66875,0.6167390487917068,-0.0014212375481322814,0.6153178112435745,0.366596324844744,10.47184562496841,staggered_rejoin
flocking_topology_resilient,12048,1.209568348604569,0.762693348604569,0.762693348604569,0.2971460940182468,0.2971460940182468,1.0,0.0,0.0,0.0,1.0,1.0,1.0,1.0,0.37406446627808726,0.12499999999999996,6.66875,0.2971460940182468,0.2971460940182468,1.0,0.0,0.0,0.0,1.0,1.0,1.0,1.0,0.37406446627808726,0.12499999999999996,6.66875,0.9124222545863221,0.0,0.9124222545863221,0.4468749999999999,10.525923707988113,staggered_rejoin
flocking_topology_resilient,12049,0.919776581399168,0.5594640813991681,0.5146510039897898,0.3037470637745126,0.3037470637745126,1.0,0.0,0.0,0.0,1.0,1.0,1.0,1.0,0.37272123314356176,0.12499999999999996,6.65625,0.3034601618659751,0.3034601618659751,1.0,0.0,0.0,0.0,1.0,1.0,1.0,1.0,0.3724020344971074,0.12499999999999996,6.66875,0.6160295176246553,0.00028690190853752906,0.6163164195331929,0.40512557740937816,10.418494041077793,staggered_rejoin
flocking_topology_resilient,12050,0.9410578967413045,0.5960578967413044,0.5860871133759555,0.27766283276272413,0.27766283276272413,1.0,0.0,0.0,0.0,1.0,1.0,1.0,1.0,0.3699392793434441,0.12499999999999996,6.59375,0.2823356411400252,0.2823356411400252,1.0,0.0,0.0,0.0,1.0,1.0,1.0,1.0,0.3642752285509346,0.12499999999999996,6.66875,0.6633950639785804,-0.004672808377301052,0.6587222556012793,0.35497078336534893,10.816314125200734,staggered_rejoin
flocking_topology_resilient,12051,0.9631963832437658,0.5988213832437657,0.5933214255886367,0.31248381244687745,0.31248381244687745,1.0,0.0,0.0,0.0,1.0,1.0,1.0,1.0,0.3766704348065624,0.12499999999999996,6.66875,0.31248381244687745,0.31248381244687745,1.0,0.0,0.0,0.0,1.0,1.0,1.0,1.0,0.3766704348065624,0.12499999999999996,6.66875,0.6507125707968884,0.0,0.6507125707968884,0.3698749576551291,10.576243041083217,staggered_rejoin
flocking_topology_resilient,12052,1.1157707840086144,0.7276457840086142,0.5806340548689268,0.30618477388288323,0.30618477388288323,1.0,0.0,0.0,0.0,1.0,1.0,1.0,1.0,0.38514122564453757,0.12500000000000008,6.56875,0.30510488006569514,0.30510488006569514,1.0,0.0,0.0,0.0,1.0,1.0,1.0,1.0,0.3807749456717828,0.12500000000000008,6.66875,0.8095860101257312,0.0010798938171880934,0.8106659039429193,0.5351367291396876,10.496830750023946,staggered_rejoin
flocking_topology_resilient,12053,0.9217559047767974,0.5608184047767975,0.5480346781997014,0.32314085584106467,0.32314085584106467,1.0,0.0,0.0,0.0,1.0,1.0,1.0,1.0,0.37075000921614815,0.12499999999999996,6.64375,0.3212035939503382,0.3212035939503382,1.0,0.0,0.0,0.0,1.0,1.0,1.0,1.0,0.37033086724374936,0.12499999999999996,6.66875,0.5986150489357327,0.0019372618907264605,0.6005523108264592,0.37372122657709594,10.681439165957272,staggered_rejoin
flocking_topology_resilient,12054,0.9012274627446237,0.5521649627446237,0.5357754200597363,0.32029505581252776,0.32029505581252776,1.0,0.0,0.0,0.0,1.0,1.0,1.0,1.0,0.3693749217565723,0.12499999999999996,6.6125,0.31564849581150367,0.31564849581150367,1.0,0.0,0.0,0.0,1.0,1.0,1.0,1.0,0.3655198042380531,0.12499999999999996,6.66875,0.580932406932096,0.0046465600010240915,0.5855789669331201,0.3654520426848874,10.414723832858726,staggered_rejoin
flocking_topology_resilient,12055,0.9797872385708498,0.6500997385708498,0.5584575824789634,0.3307113927702068,0.3307113927702068,1.0,0.0,0.0,0.0,1.0,1.0,1.0,1.0,0.37778443797483624,0.12499999999999996,6.64375,0.32991676805747405,0.32991676805747405,1.0,0.0,0.0,0.0,1.0,1.0,1.0,1.0,0.3770895315805508,0.12499999999999996,6.66875,0.649075845800643,0.0007946247127327277,0.6498704705133758,0.42132965609188644,10.508083167020231,staggered_rejoin
flocking_topology_resilient,12056,1.0070189589129839,0.6685814589129839,0.5985428549707457,0.31882042533241606,0.31882042533241606,1.0,0.0,0.0,0.0,1.0,1.0,1.0,1.0,0.3743504213170248,0.12499999999999996,6.54375,0.31605232524401317,0.31605232524401317,1.0,0.0,0.0,0.0,1.0,1.0,1.0,1.0,0.366665603344392,0.12499999999999996,6.66875,0.6881985335805678,0.0027681000884028917,0.6909666336689707,0.4084761039422382,10.593243874842301,staggered_rejoin
flocking_topology_resilient,12057,1.0910313666646285,0.6641563666646285,0.6639762843282749,0.31939820606489944,0.31939820606489944,1.0,0.0,0.0,0.0,1.0,1.0,1.0,1.0,0.37819030447024626,0.12499999999999996,6.66875,0.31939820606489944,0.31939820606489944,1.0,0.0,0.0,0.0,1.0,1.0,1.0,1.0,0.37819030447024626,0.12499999999999996,6.66875,0.7716331605997291,0.0,0.7716331605997291,0.4270550823363536,10.450334958033636,staggered_rejoin
flocking_topology_resilient,12058,1.036435499017722,0.661435499017722,0.5875972419749337,0.3127851491333758,0.3127851491333758,1.0,0.0,0.0,0.0,1.0,1.0,1.0,1.0,0.37108253441456246,0.12499999999999996,6.61875,0.31096488476526263,0.31096488476526263,1.0,0.0,0.0,0.0,1.0,1.0,1.0,1.0,0.36916811367660096,0.12499999999999996,6.66875,0.7236503498843463,0.001820264368113167,0.7254706142524594,0.44883825704278835,10.785740666091442,staggered_rejoin
flocking_topology_resilient,12059,0.9697182590026919,0.6240932590026919,0.6030379778825672,0.253523270248662,0.253523270248662,1.0,0.0,0.0,0.0,1.0,1.0,1.0,1.0,0.3642490670167554,0.12499999999999996,6.63125,0.25334134616276416,0.25334134616276416,1.0,0.0,0.0,0.0,1.0,1.0,1.0,1.0,0.3630646332702979,0.12499999999999996,6.66875,0.71619498875403,0.00018192408589784437,0.7163769128399278,0.36668028112012474,10.536059166071936,staggered_rejoin
flocking_topology_resilient,12060,0.9269524661258842,0.5725774661258842,0.5555972614456302,0.3024435762082994,0.3024435762082994,1.0,0.0,0.0,0.0,1.0,1.0,1.0,1.0,0.37097630591923075,0.12499999999999996,6.64375,0.3020644009852477,0.3020644009852477,1.0,0.0,0.0,0.0,1.0,1.0,1.0,1.0,0.3705690076653724,0.12499999999999996,6.66875,0.6245088899175848,0.0003791752230516976,0.6248880651406366,0.37135520468025407,10.59163466701284,staggered_rejoin
flocking_topology_resilient,12061,0.8760821767075038,0.5101446767075039,0.5101446767075039,0.3005476157532052,0.3005476157532052,1.0,0.0,0.0,0.0,1.0,1.0,1.0,1.0,0.3673221199481894,0.12499999999999996,6.63125,0.29798408737942084,0.29798408737942084,1.0,0.0,0.0,0.0,1.0,1.0,1.0,1.0,0.3661514326077787,0.12499999999999996,6.66875,0.5755345609542986,0.002563528373784374,0.5780980893280829,0.3659374999999999,10.653754458064213,staggered_rejoin
flocking_topology_resilient,12062,0.9614227587604084,0.5751727587604083,0.5605191681982927,0.3169733217194001,0.3169733217194001,1.0,0.0,0.0,0.0,1.0,1.0,1.0,1.0,0.3800531808582127,0.12499999999999996,6.65625,0.3201958335133991,0.3201958335133991,1.0,0.0,0.0,0.0,1.0,1.0,1.0,1.0,0.3794413124964517,0.12499999999999996,6.66875,0.6444494370410083,-0.003222511793998961,0.6412269252470093,0.40090359056211566,10.42972437501885,staggered_rejoin
flocking_topology_resilient,12063,0.9193513848674406,0.5543513848674407,0.5457116427822848,0.30560529152793475,0.30560529152793475,1.0,0.0,0.0,0.0,1.0,1.0,1.0,1.0,0.3696442256686819,0.12499999999999996,6.60625,0.30342765263677884,0.30342765263677884,1.0,0.0,0.0,0.0,1.0,1.0,1.0,1.0,0.3677544247337078,0.12499999999999996,6.66875,0.6137460933395058,0.0021776388911559086,0.6159237322306618,0.3736397420851558,10.439897499978542,staggered_rejoin
flocking_topology_resilient,12064,0.9614849092143043,0.5764849092143043,0.5685760527609325,0.31761317721204485,0.31761317721204485,1.0,0.0,0.0,0.0,1.0,1.0,1.0,1.0,0.37939032201822165,0.1250000000000012,6.63125,0.31767960289214914,0.31767960289214914,1.0,0.0,0.0,0.0,1.0,1.0,1.0,1.0,0.37798487796319236,0.1250000000000012,6.66875,0.6438717320022594,-6.642568010428729e-05,0.6438053063221552,0.3929088564533718,10.57327275001444,staggered_rejoin
flocking_topology_resilient,12065,0.9771801712476191,0.5928051712476192,0.5842059091062817,0.33036436617628256,0.33036436617628256,1.0,0.0,0.0,0.0,1.0,1.0,1.0,1.0,0.3683912911967217,0.12499999999999996,6.66875,0.33036436617628256,0.33036436617628256,1.0,0.0,0.0,0.0,1.0,1.0,1.0,1.0,0.3683912911967217,0.12499999999999996,6.66875,0.6468158050713366,0.0,0.6468158050713366,0.39297426214133746,10.453088375041261,staggered_rejoin
flocking_topology_resilient,12066,1.0640048615671573,0.6368173615671575,0.6144887437327429,0.30625702568014745,0.30625702568014745,1.0,0.0,0.0,0.0,1.0,1.0,1.0,1.0,0.38292870408151886,0.12499999999999996,6.61875,0.3088956588634036,0.3088956588634036,1.0,0.0,0.0,0.0,1.0,1.0,1.0,1.0,0.37994522578687734,0.12499999999999996,6.66875,0.7577478358870099,-0.002638633183256134,0.7551092027037538,0.4495161178344145,10.359103875001892,staggered_rejoin
flocking_topology_resilient,12067,1.0399954550054873,0.6643704550054871,0.588046417864379,0.33404090631438194,0.33404090631438194,1.0,0.0,0.0,0.0,1.0,1.0,1.0,1.0,0.3833011453827966,0.12499999999999996,6.63125,0.33302717766281786,0.33302717766281786,1.0,0.0,0.0,0.0,1.0,1.0,1.0,1.0,0.3809987117530135,0.12499999999999996,6.66875,0.7059545486911054,0.001013728651564072,0.7069682773426694,0.45194903714110835,10.698944583069533,staggered_rejoin
flocking_topology_resilient,12068,1.0362313218555623,0.6712313218555626,0.5901974998166105,0.33833193175296106,0.33833193175296106,1.0,0.0,0.0,0.0,1.0,1.0,1.0,1.0,0.38232047529298524,0.12500000000000647,6.6125,0.3380825760205772,0.3380825760205772,1.0,0.0,0.0,0.0,1.0,1.0,1.0,1.0,0.38015658111917516,0.12500000000000647,6.66875,0.6978993901026013,0.0002493557323838824,0.6981487458349851,0.4460338220389518,10.424373290967196,staggered_rejoin
flocking_topology_resilient,12069,1.029195073139516,0.5857575731395162,0.5857575731395162,0.2936621673521925,0.2936621673521925,1.0,0.0,0.0,0.0,1.0,1.0,1.0,1.0,0.35928557304428,0.12500000000000003,6.65,0.2937891202824144,0.2937891202824144,1.0,0.0,0.0,0.0,1.0,1.0,1.0,1.0,0.3588199929350271,0.12500000000000003,6.66875,0.7355329057873236,-0.0001269529302218575,0.7354059528571018,0.44343749999999993,10.524963916046545,staggered_rejoin
flocking_topology_resilient,12070,0.9675859857978463,0.6025859857978464,0.6010362442071602,0.3367395634213448,0.3367395634213448,1.0,0.0,0.0,0.0,1.0,1.0,1.0,1.0,0.3705163429069463,0.12499999999999996,6.66875,0.3367395634213448,0.3367395634213448,1.0,0.0,0.0,0.0,1.0,1.0,1.0,1.0,0.3705163429069463,0.12499999999999996,6.66875,0.6308464223765015,0.0,0.6308464223765015,0.3665497415906861,10.173181790858507,staggered_rejoin
flocking_topology_resilient,12071,0.9479668094056247,0.5717168094056249,0.5363346697417184,0.2962651880679811,0.2962651880679811,1.0,0.0,0.0,0.0,1.0,1.0,1.0,1.0,0.3567006175442969,0.12499999999999996,6.61875,0.29473110433880517,0.29473110433880517,1.0,0.0,0.0,0.0,1.0,1.0,1.0,1.0,0.3554710349179241,0.12499999999999996,6.66875,0.6517016213376436,0.0015340837291759057,0.6532357050668196,0.4116321396639063,10.334087583003566,staggered_rejoin
flocking_topology_resilient,12072,1.1417851873527844,0.5145976873527844,0.5145976873527844,0.32117151011909467,0.32117151011909467,1.0,0.0,0.0,0.0,1.0,1.0,1.0,1.0,0.38717268630561097,0.12499999999999996,6.59375,0.3163421539958069,0.3163421539958069,1.0,0.0,0.0,0.0,1.0,1.0,1.0,1.0,0.38440243565189297,0.12499999999999996,6.66875,0.8206136772336898,0.004829356123287776,0.8254430333569776,0.6271875,10.359161207918078,staggered_rejoin
flocking_topology_resilient,12073,0.9304866340530953,0.5907991340530951,0.5837964524424268,0.31268572316952187,0.31268572316952187,1.0,0.0,0.0,0.0,1.0,1.0,1.0,1.0,0.37591094533601677,0.12499999999999996,6.66875,0.31268572316952187,0.31268572316952187,1.0,0.0,0.0,0.0,1.0,1.0,1.0,1.0,0.37591094533601677,0.12499999999999996,6.66875,0.6178009108835734,0.0,0.6178009108835734,0.34669018161066845,10.318371708039194,staggered_rejoin
flocking_topology_resilient,12074,0.9598540384673754,0.6107915384673755,0.5897917499852869,0.3129680214413419,0.3129680214413419,1.0,0.0,0.0,0.0,1.0,1.0,1.0,1.0,0.3747024003275151,0.12499999999999996,6.6,0.3072243878693495,0.3072243878693495,1.0,0.0,0.0,0.0,1.0,1.0,1.0,1.0,0.3717554848626441,0.12499999999999996,6.66875,0.6468860170260335,0.005743633571992368,0.6526296505980258,0.37006228848208844,10.230415040859953,staggered_rejoin
flocking_topology_resilient,12075,1.0080455675362845,0.6430455675362844,0.6277142505751673,0.3230553091746073,0.3230553091746073,1.0,0.0,0.0,0.0,1.0,1.0,1.0,1.0,0.37301592240265974,0.12499999999999996,6.66875,0.3230553091746073,0.3230553091746073,1.0,0.0,0.0,0.0,1.0,1.0,1.0,1.0,0.37301592240265974,0.12499999999999996,6.66875,0.6849902583616772,0.0,0.6849902583616772,0.3803313169611172,10.613697125110775,staggered_rejoin
flocking_topology_resilient,12076,1.1002160133294896,0.7339660133294895,0.6386854268223453,0.3214041897064353,0.3214041897064353,1.0,0.0,0.0,0.0,1.0,1.0,1.0,1.0,0.3721797791891928,0.12499999999999996,6.60625,0.3128158734918727,0.3128158734918727,1.0,0.0,0.0,0.0,1.0,1.0,1.0,1.0,0.3683582448929933,0.12499999999999996,6.66875,0.7788118236230543,0.00858831621456263,0.7874001398376169,0.4615305865071443,10.45784533279948,staggered_rejoin
flocking_topology_resilient,12077,1.0118232321226095,0.6402607321226095,0.6009055829089258,0.280206854123483,0.280206854123483,1.0,0.0,0.0,0.0,1.0,1.0,1.0,1.0,0.37537150196634866,0.12500000000000036,6.66875,0.280206854123483,0.280206854123483,1.0,0.0,0.0,0.0,1.0,1.0,1.0,1.0,0.37537150196634866,0.12500000000000036,6.66875,0.7316163779991265,0.0,0.7316163779991265,0.4109176492136837,10.333822874817997,staggered_rejoin
flocking_topology_resilient,12078,1.040502753332293,0.6330027533322931,0.6256854898648267,0.30377863044285014,0.30377863044285014,1.0,0.0,0.0,0.0,1.0,1.0,1.0,1.0,0.3804218198239608,0.12499999999999996,6.63125,0.300990673897133,0.300990673897133,1.0,0.0,0.0,0.0,1.0,1.0,1.0,1.0,0.37816053114157033,0.12499999999999996,6.66875,0.7367241228894429,0.0027879565457171185,0.73951207943516,0.4148172634674663,10.410101749934256,staggered_rejoin
flocking_topology_resilient,12079,0.9208954152835446,0.5530829152835446,0.5515351594377657,0.3003804771676716,0.3003804771676716,1.0,0.0,0.0,0.0,1.0,1.0,1.0,1.0,0.3780226573221702,0.12499999999999996,6.56875,0.2915579316038164,0.2915579316038164,1.0,0.0,0.0,0.0,1.0,1.0,1.0,1.0,0.37439106691749097,0.12499999999999996,6.66875,0.620514938115873,0.0088225455638552,0.6293374836797282,0.3693602558457789,10.248938292032108,staggered_rejoin
flocking_topology_resilient,12080,0.9531392718311225,0.5722017718311223,0.532002767999559,0.3291690438371352,0.3291690438371352,1.0,0.0,0.0,0.0,1.0,1.0,1.0,1.0,0.37858040258084186,0.12499999999999996,6.66875,0.3291690438371352,0.3291690438371352,1.0,0.0,0.0,0.0,1.0,1.0,1.0,1.0,0.37858040258084186,0.12499999999999996,6.66875,0.6239702279939873,0.0,0.6239702279939873,0.4211365038315634,10.308175374986604,staggered_rejoin
flocking_topology_resilient,12081,0.9824279712553979,0.5961779712553981,0.5961779712553981,0.32190118564265113,0.32190118564265113,1.0,0.0,0.0,0.0,1.0,1.0,1.0,1.0,0.3672096529350114,0.12499999999999996,6.61875,0.3223928110633464,0.3223928110633464,1.0,0.0,0.0,0.0,1.0,1.0,1.0,1.0,0.36610982032734934,0.12499999999999996,6.66875,0.6605267856127468,-0.000491625420695252,0.6600351601920516,0.38624999999999987,10.303268500138074,staggered_rejoin
flocking_topology_resilient,12082,0.9618157068824565,0.5727532068824566,0.550364660994106,0.296440352176058,0.296440352176058,1.0,0.0,0.0,0.0,1.0,1.0,1.0,1.0,0.38144348227538905,0.12499999999999996,6.54375,0.2869067404702494,0.2869067404702494,1.0,0.0,0.0,0.0,1.0,1.0,1.0,1.0,0.37644664930126637,0.12499999999999996,6.66875,0.6653753547063985,0.009533611705808631,0.6749089664122072,0.4114510458883506,10.263873500050977,staggered_rejoin
flocking_topology_resilient,12083,0.9367862859529762,0.5730362859529763,0.5636571417560946,0.3185673277695911,0.3185673277695911,1.0,0.0,0.0,0.0,1.0,1.0,1.0,1.0,0.38150443139566725,0.12499999999999996,6.575,0.3192212311267297,0.3192212311267297,1.0,0.0,0.0,0.0,1.0,1.0,1.0,1.0,0.3795283771250565,0.12499999999999996,6.66875,0.618218958183385,-0.0006539033571385522,0.6175650548262466,0.3731291441968816,10.37892295815982,staggered_rejoin
flocking_topology_resilient,12084,0.9897131946144807,0.6084631946144808,0.6053354608035972,0.30847120158994096,0.30847120158994096,1.0,0.0,0.0,0.0,1.0,1.0,1.0,1.0,0.37523458613553595,0.12499999999999996,6.66875,0.30847120158994096,0.30847120158994096,1.0,0.0,0.0,0.0,1.0,1.0,1.0,1.0,0.37523458613553595,0.12499999999999996,6.66875,0.6812419930245397,0.0,0.6812419930245397,0.38437773381088347,10.330165625084192,staggered_rejoin
flocking_topology_resilient,12085,0.9175731839368673,0.5525731839368673,0.5437703831565373,0.30508745023373146,0.30508745023373146,1.0,0.0,0.0,0.0,1.0,1.0,1.0,1.0,0.3708558749194021,0.12500000000000017,6.55,0.3054663863199405,0.3054663863199405,1.0,0.0,0.0,0.0,1.0,1.0,1.0,1.0,0.36776137058020886,0.12500000000000017,6.66875,0.6124857337031357,-0.0003789360862090363,0.6121067976169268,0.37380280078033,10.327298125019297,staggered_rejoin
flocking_topology_resilient,12086,1.1594684472050723,0.7613434472050723,0.607997456362971,0.3278187616100065,0.3278187616100065,1.0,0.0,0.0,0.0,1.0,1.0,1.0,1.0,0.3860129878215436,0.12499999999999996,6.59375,0.3305500219188352,0.3305500219188352,1.0,0.0,0.0,0.0,1.0,1.0,1.0,1.0,0.3826695153577021,0.12499999999999996,6.66875,0.8316496855950657,-0.002731260308828698,0.828918425286237,0.5514709908421013,10.379568542120978,staggered_rejoin
flocking_topology_resilient,12087,1.08599366302647,0.7050561630264698,0.7042293902581442,0.324910149766279,0.324910149766279,1.0,0.0,0.0,0.0,1.0,1.0,1.0,1.0,0.38256273017594966,0.12499999999999996,6.53125,0.321237462972299,0.321237462972299,1.0,0.0,0.0,0.0,1.0,1.0,1.0,1.0,0.3786372017144135,0.12499999999999996,6.66875,0.761083513260191,0.003672686793980029,0.764756200054171,0.3817642727683257,10.404311834136024,staggered_rejoin
flocking_topology_resilient,12088,1.0294505520396187,0.5994505520396188,0.5888313561855428,0.3016149669242271,0.3016149669242271,1.0,0.0,0.0,0.0,1.0,1.0,1.0,1.0,0.381887245930531,0.12499999999999996,6.63125,0.3032392368600594,0.3032392368600594,1.0,0.0,0.0,0.0,1.0,1.0,1.0,1.0,0.3797707771941247,0.12499999999999996,6.66875,0.7278355851153915,-0.0016242699358322565,0.7262113151795593,0.44061919585407583,10.42338979197666,staggered_rejoin
flocking_topology_resilient,12089,1.1340972427769997,0.5484722427769999,0.5484722427769999,0.29645392240966145,0.29645392240966145,1.0,0.0,0.0,0.0,1.0,1.0,1.0,1.0,0.36346564564925976,0.12499999999999996,6.56875,0.29376294646461043,0.29376294646461043,1.0,0.0,0.0,0.0,1.0,1.0,1.0,1.0,0.35953156954220633,0.12499999999999996,6.66875,0.8376433203673384,0.0026909759450510218,0.8403342963123893,0.5856249999999998,10.041505499975756,staggered_rejoin
flocking_topology_resilient,12090,1.0081581480839747,0.6390956480839749,0.6390956480839749,0.31826455038097523,0.31826455038097523,1.0,0.0,0.0,0.0,1.0,1.0,1.0,1.0,0.37309035808427204,0.12499999999999996,6.61875,0.3188468029481274,0.3188468029481274,1.0,0.0,0.0,0.0,1.0,1.0,1.0,1.0,0.3722022601691652,0.12499999999999996,6.66875,0.6898935977029995,-0.0005822525671521639,0.6893113451358474,0.36906249999999985,10.259762542089447,staggered_rejoin
flocking_topology_resilient,12091,1.0010931170408552,0.6401556170408551,0.5871079250333628,0.3028382150030908,0.3028382150030908,1.0,0.0,0.0,0.0,1.0,1.0,1.0,1.0,0.3803345861879728,0.12499999999999996,6.66875,0.3028382150030908,0.3028382150030908,1.0,0.0,0.0,0.0,1.0,1.0,1.0,1.0,0.3803345861879728,0.12499999999999996,6.66875,0.6982549020377644,0.0,0.6982549020377644,0.4139851920074924,10.449862540932372,staggered_rejoin
flocking_topology_resilient,12092,0.9723962862788266,0.5414587862788266,0.5265729809089079,0.33149587248657936,0.33149587248657936,1.0,0.0,0.0,0.0,1.0,1.0,1.0,1.0,0.3786580554952744,0.12499999999999996,6.61875,0.3319423701385561,0.3319423701385561,1.0,0.0,0.0,0.0,1.0,1.0,1.0,1.0,0.37763607844426383,0.12499999999999996,6.66875,0.6409004137922472,-0.0004464976519767405,0.6404539161402705,0.44582330536991865,10.18803224992007,staggered_rejoin
flocking_topology_resilient,12093,1.0029949847930293,0.5854949847930293,0.5854949847930293,0.3328283435208087,0.3328283435208087,1.0,0.0,0.0,0.0,1.0,1.0,1.0,1.0,0.370699171798501,0.12499999999999996,6.63125,0.32954276267004834,0.32954276267004834,1.0,0.0,0.0,0.0,1.0,1.0,1.0,1.0,0.3695945032971223,0.12499999999999996,6.66875,0.6701666412722206,0.003285580850760361,0.673452222122981,0.4175,10.251361249946058,staggered_rejoin
flocking_topology_resilient,12094,0.9721237373423269,0.584623737342327,0.5743231868660428,0.33505043814653784,0.33505043814653784,1.0,0.0,0.0,0.0,1.0,1.0,1.0,1.0,0.3756217527449877,0.12500000000000017,6.64375,0.33527626174301683,0.33527626174301683,1.0,0.0,0.0,0.0,1.0,1.0,1.0,1.0,0.37520561930537266,0.12500000000000017,6.66875,0.637073299195789,-0.0002258235964789912,0.6368474755993101,0.39780055047628415,10.430466083111241,staggered_rejoin
flocking_topology_resilient,12095,0.9188353524757857,0.530397852475786,0.5251680578575396,0.3114053192473105,0.3114053192473105,1.0,0.0,0.0,0.0,1.0,1.0,1.0,1.0,0.3749055367772888,0.12499999999999996,6.55,0.3022858798474338,0.3022858798474338,1.0,0.0,0.0,0.0,1.0,1.0,1.0,1.0,0.37034982339996736,0.12499999999999996,6.66875,0.6074300332284752,0.009119439399876694,0.6165494726283519,0.3936672946182461,10.327029124833643,staggered_rejoin
flocking_topology_resilient,12096,0.966651752485929,0.6229017524859289,0.614841327930324,0.3442942691087775,0.3442942691087775,1.0,0.0,0.0,0.0,1.0,1.0,1.0,1.0,0.36697597880530675,0.12499999999999996,6.63125,0.34018940193556346,0.34018940193556346,1.0,0.0,0.0,0.0,1.0,1.0,1.0,1.0,0.3655849189235456,0.12499999999999996,6.66875,0.6223574833771516,0.004104867173214011,0.6264623505503656,0.3518104245556051,10.434667290886864,staggered_rejoin
flocking_topology_resilient,12097,0.9009346706437202,0.5381221706437203,0.5210506158226822,0.3059100978188292,0.3059100978188292,1.0,0.0,0.0,0.0,1.0,1.0,1.0,1.0,0.3618692153733677,0.12499999999999996,6.63125,0.3045117814603605,0.3045117814603605,1.0,0.0,0.0,0.0,1.0,1.0,1.0,1.0,0.3595826682251997,0.12499999999999996,6.66875,0.5950245728248911,0.0013983163584687097,0.5964228891833597,0.37988405482103804,10.66891137487255,staggered_rejoin
flocking_topology_resilient,12098,0.8568679339239356,0.5078054339239354,0.49390453131088774,0.27369499250478946,0.27369499250478946,1.0,0.0,0.0,0.0,1.0,1.0,1.0,1.0,0.3701822155625748,0.12499999999999996,6.48125,0.27024020418144257,0.27024020418144257,1.0,0.0,0.0,0.0,1.0,1.0,1.0,1.0,0.36585684812843355,0.12499999999999996,6.66875,0.5831729414191461,0.0034547883233468912,0.586627729742493,0.3629634026130478,10.451324332971126,staggered_rejoin
flocking_topology_resilient,12099,0.9740891122772519,0.6009641122772519,0.5969170056510805,0.32021796809836084,0.32021796809836084,1.0,0.0,0.0,0.0,1.0,1.0,1.0,1.0,0.37878703267517116,0.12499999999999996,6.65,0.3194102324944179,0.3194102324944179,1.0,0.0,0.0,0.0,1.0,1.0,1.0,1.0,0.3781836124497404,0.12499999999999996,6.66875,0.6538711441788911,0.0008077356039429273,0.654678879782834,0.3771721066261714,10.894536624895409,staggered_rejoin
flocking_topology_resilient,12000,1.095441625127122,0.7323166251271218,0.6462749466525753,0.31109568405669735,0.31109568405669735,1.0,0.0,0.0,0.0,1.0,1.0,1.0,1.0,0.36664331109316795,0.12499999999999996,7.0125,0.2814802796738765,0.2814802796738765,1.0,0.0,0.0,0.0,1.0,1.0,1.0,1.0,0.3282094869973406,0.12499999999999996,8.0,0.7843459410704245,0.029615404382820842,0.8139613454532455,0.4491666784745466,11.650905417045578,flapping_reconnect
flocking_topology_resilient,12001,0.9761724448459006,0.6042974448459006,0.5978928418209042,0.28897701790747127,0.28897701790747127,1.0,0.0,0.0,0.0,1.0,1.0,1.0,1.0,0.3757430375976285,0.12499999999999996,6.90625,0.2569522619981197,0.2569522619981197,1.0,0.0,0.0,0.0,1.0,1.0,1.0,1.0,0.328027929002646,0.12499999999999996,8.0,0.6871954269384293,0.032024755909351554,0.7192201828477809,0.3782796030249964,11.60495200008154,flapping_reconnect
flocking_topology_resilient,12002,1.0670488869298116,0.7151738869298117,0.6718806623468643,0.3009163076343621,0.3009163076343621,1.0,0.0,0.0,0.0,1.0,1.0,1.0,1.0,0.37194951813013255,0.12500000000002914,6.925,0.25998014511808076,0.25998014511808076,1.0,0.0,0.0,0.0,1.0,1.0,1.0,1.0,0.3311897719548519,0.12500000000002914,8.0,0.7661325792954494,0.04093616251628135,0.8070687418117308,0.3951682245829473,11.992762417066842,flapping_reconnect
flocking_topology_resilient,12003,0.9526427330450702,0.5948302330450701,0.5907921789654335,0.2918042724963628,0.2918042724963628,1.0,0.0,0.0,0.0,1.0,1.0,1.0,1.0,0.3788695859726409,0.12499999999999996,6.88125,0.26604287793585435,0.26604287793585435,1.0,0.0,0.0,0.0,1.0,1.0,1.0,1.0,0.3303768131186784,0.12499999999999996,8.0,0.6608384605487074,0.025761394560508466,0.6865998551092158,0.36185055407963673,11.858196292072535,flapping_reconnect
flocking_topology_resilient,12004,1.0772725518750241,0.7147725518750242,0.7147410328367502,0.30967891061226743,0.30967891061226743,1.0,0.0,0.0,0.0,1.0,1.0,1.0,1.0,0.3698705611629023,0.12499999999999996,6.95625,0.2750819630337368,0.2750819630337368,1.0,0.0,0.0,0.0,1.0,1.0,1.0,1.0,0.32957478989137473,0.12499999999999996,8.0,0.7675936412627566,0.03459694757853066,0.8021905888412874,0.36253151903827396,12.115788291906938,flapping_reconnect
flocking_topology_resilient,12005,0.9144320718782989,0.557869571878299,0.5554370375335531,0.335773677749924,0.335773677749924,1.0,0.0,0.0,0.0,1.0,1.0,1.0,1.0,0.36764928791523993,0.12499999999999996,6.88125,0.2857236985900365,0.2857236985900365,1.0,0.0,0.0,0.0,1.0,1.0,1.0,1.0,0.3304727868396865,0.12499999999999996,8.0,0.5786583941283749,0.050049979159887514,0.6287083732882623,0.3589950343447458,12.00816349987872,flapping_reconnect
flocking_topology_resilient,12006,0.9864950156990041,0.6193075156990039,0.6126494168826399,0.29752774722123454,0.29752774722123454,1.0,0.0,0.0,0.0,1.0,1.0,1.0,1.0,0.36850844889577594,0.12499999999999996,7.0875,0.2803475813747316,0.2803475813747316,1.0,0.0,0.0,0.0,1.0,1.0,1.0,1.0,0.3315898431247487,0.12499999999999996,8.0,0.6889672684777696,0.01718016584650295,0.7061474343242725,0.37384559881636426,12.334808166138828,flapping_reconnect
flocking_topology_resilient,12007,1.0191889157065344,0.6466889157065342,0.6425980915594721,0.32721288457374237,0.32721288457374237,1.0,0.0,0.0,0.0,1.0,1.0,1.0,1.0,0.36647273635012834,0.12499999999999996,7.0375,0.2936974940150255,0.2936974940150255,1.0,0.0,0.0,0.0,1.0,1.0,1.0,1.0,0.32797335393104204,0.12499999999999996,8.0,0.691976031132792,0.033515390558716884,0.7254914216915089,0.37659082414706224,12.41997000016272,flapping_reconnect
flocking_topology_resilient,12008,1.0502902507964624,0.6971652507964624,0.6255193563291853,0.2716190459421409,0.2716190459421409,1.0,0.0,0.0,0.0,1.0,1.0,1.0,1.0,0.3617486531071147,0.12499999999999996,7.10625,0.24998109559084183,0.24998109559084183,1.0,0.0,0.0,0.0,1.0,1.0,1.0,1.0,0.3284563533005042,0.12499999999999996,8.0,0.7786712048543215,0.02163795035129909,0.8003091552056206,0.4247708944672771,12.44652537512593,flapping_reconnect
flocking_topology_resilient,12009,0.9876963267611938,0.6405088267611938,0.6353803698477319,0.3047846145469594,0.3047846145469594,1.0,0.0,0.0,0.0,1.0,1.0,1.0,1.0,0.37745184061858755,0.12499999999999996,6.9125,0.2654657838740212,0.2654657838740212,1.0,0.0,0.0,0.0,1.0,1.0,1.0,1.0,0.32954032434402103,0.12499999999999996,8.0,0.6829117122142344,0.039318830672938176,0.7222305428871726,0.35231595691346185,12.226027083117515,flapping_reconnect
flocking_topology_resilient,12010,0.9383315017504705,0.5864565017504704,0.5864565017504704,0.2830290323565105,0.2830290323565105,1.0,0.0,0.0,0.0,1.0,1.0,1.0,1.0,0.3655197552488166,0.12499999999999996,6.91875,0.2630473224311724,0.2630473224311724,1.0,0.0,0.0,0.0,1.0,1.0,1.0,1.0,0.3294770396348826,0.12499999999999996,8.0,0.65530246939396,0.019981709925338098,0.6752841793192981,0.35187500000000016,12.435583832906559,flapping_reconnect
flocking_topology_resilient,12011,0.9134142697902206,0.5556017697902206,0.5556017697902206,0.28389193449357686,0.28389193449357686,1.0,0.0,0.0,0.0,1.0,1.0,1.0,1.0,0.36745918422489166,0.12499999999999996,7.00625,0.25560098290639305,0.25560098290639305,1.0,0.0,0.0,0.0,1.0,1.0,1.0,1.0,0.32873893506547514,0.12499999999999996,8.0,0.6295223352966437,0.02829095158718381,0.6578132868838276,0.3578125,12.283683750079945,flapping_reconnect
flocking_topology_resilient,12012,0.9426044385065161,0.580729438506516,0.5774409816404509,0.3027721448815635,0.3027721448815635,1.0,0.0,0.0,0.0,1.0,1.0,1.0,1.0,0.36699301976933746,0.12499999999999996,6.8125,0.28392785884171545,0.28392785884171545,1.0,0.0,0.0,0.0,1.0,1.0,1.0,1.0,0.3273508770456835,0.12499999999999996,8.0,0.6398322936249525,0.018844286039848057,0.6586765796648006,0.3651634568660652,12.184712374815717,flapping_reconnect
flocking_topology_resilient,12013,0.9212606364263942,0.5687606364263943,0.5687606364263943,0.2889746637256611,0.2889746637256611,1.0,0.0,0.0,0.0,1.0,1.0,1.0,1.0,0.36757824993312666,0.12499999999999996,6.9,0.25789664734119017,0.25789664734119017,1.0,0.0,0.0,0.0,1.0,1.0,1.0,1.0,0.3299269485275892,0.12499999999999996,8.0,0.6322859727007331,0.03107801638447094,0.6633639890852041,0.3524999999999999,12.140980124939233,flapping_reconnect
flocking_topology_resilient,12014,0.925322771729094,0.5581352717290942,0.5581352717290942,0.26755885441964394,0.26755885441964394,1.0,0.0,0.0,0.0,1.0,1.0,1.0,1.0,0.35545361785618457,0.12499999999999996,7.0,0.26258951254861873,0.26258951254861873,1.0,0.0,0.0,0.0,1.0,1.0,1.0,1.0,0.3291650385034127,0.12499999999999996,8.0,0.65776391730945,0.004969341871025212,0.6627332591804753,0.3671874999999999,12.12769154086709,flapping_reconnect
flocking_topology_resilient,12015,0.9548135758112444,0.5970010758112444,0.5966733642356233,0.30860980606577054,0.30860980606577054,1.0,0.0,0.0,0.0,1.0,1.0,1.0,1.0,0.367306941977382,0.12499999999999996,7.025,0.28027735104086626,0.28027735104086626,1.0,0.0,0.0,0.0,1.0,1.0,1.0,1.0,0.3289265841288468,0.12499999999999996,8.0,0.6462037697454739,0.02833245502490428,0.6745362247703781,0.35814021157562104,12.578869333025068,flapping_reconnect
flocking_topology_resilient,12016,0.9433849890806851,0.5761974890806851,0.5757108578686754,0.27943209712779743,0.27943209712779743,1.0,0.0,0.0,0.0,1.0,1.0,1.0,1.0,0.359081113267235,0.12499999999999996,7.025,0.25784600579816985,0.25784600579816985,1.0,0.0,0.0,0.0,1.0,1.0,1.0,1.0,0.32901052153441956,0.12499999999999996,8.0,0.6639528919528876,0.021586091329627577,0.6855389832825153,0.36767413121200976,12.125276249833405,flapping_reconnect
flocking_topology_resilient,12017,1.0551492476127062,0.6826492476127062,0.6791856718730843,0.31301749089057374,0.31301749089057374,1.0,0.0,0.0,0.0,1.0,1.0,1.0,1.0,0.3820047911733074,0.12499999999999996,6.83125,0.2719135958546254,0.2719135958546254,1.0,0.0,0.0,0.0,1.0,1.0,1.0,1.0,0.32850518965385167,0.12499999999999996,8.0,0.7421317567221325,0.04110389503594836,0.7832356517580809,0.3759635757396219,12.384574166033417,flapping_reconnect
flocking_topology_resilient,12018,0.941774593781491,0.5745870937814911,0.5718997535725129,0.3152254083392244,0.3152254083392244,1.0,0.0,0.0,0.0,1.0,1.0,1.0,1.0,0.3643233679648651,0.12499999999999996,7.0375,0.27143685390040273,0.27143685390040273,1.0,0.0,0.0,0.0,1.0,1.0,1.0,1.0,0.3291486853927397,0.12499999999999996,8.0,0.6265491854422666,0.04378855443882168,0.6703377398810882,0.3698748402089781,12.44890929106623,flapping_reconnect
flocking_topology_resilient,12019,0.936319044841194,0.569131544841194,0.569131544841194,0.3145019711420615,0.3145019711420615,1.0,0.0,0.0,0.0,1.0,1.0,1.0,1.0,0.38895492493655703,0.12499999999999996,6.75,0.2753871764506305,0.2753871764506305,1.0,0.0,0.0,0.0,1.0,1.0,1.0,1.0,0.3297333745827647,0.12499999999999996,8.0,0.6218170736991324,0.03911479469143103,0.6609318683905635,0.3671875,12.057496249908581,flapping_reconnect
flocking_topology_resilient,12020,1.0376768859427117,0.6698643859427117,0.6605826464011605,0.30177280585961513,0.30177280585961513,1.0,0.0,0.0,0.0,1.0,1.0,1.0,1.0,0.36431640375896396,0.12499999999999996,7.05625,0.26751916986572366,0.26751916986572366,1.0,0.0,0.0,0.0,1.0,1.0,1.0,1.0,0.32935544422062085,0.12499999999999996,8.0,0.7359040800830965,0.034253635993891474,0.770157716076988,0.3770942395415512,12.36768287513405,flapping_reconnect
flocking_topology_resilient,12021,0.942378348779555,0.570503348779555,0.5401389997689702,0.3320492969178811,0.3320492969178811,1.0,0.0,0.0,0.0,1.0,1.0,1.0,1.0,0.37493738681267086,0.12499999999999996,6.7625,0.28988626636347303,0.28988626636347303,1.0,0.0,0.0,0.0,1.0,1.0,1.0,1.0,0.33348987422660814,0.12499999999999996,8.0,0.6103290518616739,0.042163030554408065,0.6524920824160819,0.4022393490105848,11.942191999871284,flapping_reconnect
flocking_topology_resilient,12022,0.9333155626807269,0.586128062680727,0.5800138155192691,0.30226712331118344,0.30226712331118344,1.0,0.0,0.0,0.0,1.0,1.0,1.0,1.0,0.3633032075917858,0.12499999999999996,6.9,0.2748695478595406,0.2748695478595406,1.0,0.0,0.0,0.0,1.0,1.0,1.0,1.0,0.32810721058655085,0.12499999999999996,8.0,0.6310484393695435,0.02739757545164284,0.6584460148211864,0.3533017471614578,12.223149417201057,flapping_reconnect
flocking_topology_resilient,12023,0.898144576607592,0.5356445766075918,0.5356445766075918,0.29971461951352446,0.29971461951352446,1.0,0.0,0.0,0.0,1.0,1.0,1.0,1.0,0.3587436643552694,0.12499999999999996,7.1375,0.2760809771048618,0.2760809771048618,1.0,0.0,0.0,0.0,1.0,1.0,1.0,1.0,0.330055569040164,0.12499999999999996,8.0,0.5984299570940674,0.02363364240866267,0.6220635995027302,0.36250000000000016,12.616955749923363,flapping_reconnect
flocking_topology_resilient,12024,1.0034456212664324,0.6515706212664323,0.6476320570565848,0.3320155644086905,0.3320155644086905,1.0,0.0,0.0,0.0,1.0,1.0,1.0,1.0,0.40830806151645377,0.12499999999999996,6.6625,0.2674254314716869,0.2674254314716869,1.0,0.0,0.0,0.0,1.0,1.0,1.0,1.0,0.32943630276733565,0.12499999999999996,8.0,0.6714300568577419,0.06459013293700361,0.7360201897947456,0.35581356420984767,12.01577966590412,flapping_reconnect
flocking_topology_resilient,12025,0.9437608434737857,0.5871983434737856,0.5871983434737856,0.3088764109779558,0.3088764109779558,1.0,0.0,0.0,0.0,1.0,1.0,1.0,1.0,0.3651618803168456,0.12499999999999996,6.90625,0.277178204027999,0.277178204027999,1.0,0.0,0.0,0.0,1.0,1.0,1.0,1.0,0.3292310684852893,0.12499999999999996,8.0,0.6348844324958299,0.03169820694995684,0.6665826394457868,0.3565625000000001,12.134402957977727,flapping_reconnect
flocking_topology_resilient,12026,1.0211590410074107,0.6739715410074109,0.6621061882995845,0.3247551506474038,0.3247551506474038,1.0,0.0,0.0,0.0,1.0,1.0,1.0,1.0,0.38358113668102567,0.12499999999999996,6.9,0.2741718199378315,0.2741718199378315,1.0,0.0,0.0,0.0,1.0,1.0,1.0,1.0,0.32847485791102454,0.12499999999999996,8.0,0.6964038903600069,0.05058333070957227,0.7469872210695792,0.3590528527078263,12.064771499950439,flapping_reconnect
flocking_topology_resilient,12027,1.0298491895283985,0.6685991895283987,0.6685991895283987,0.30171195708073356,0.30171195708073356,1.0,0.0,0.0,0.0,1.0,1.0,1.0,1.0,0.3665964051343124,0.12500000000000036,7.05625,0.2711195551586956,0.2711195551586956,1.0,0.0,0.0,0.0,1.0,1.0,1.0,1.0,0.3294855258014566,0.12500000000000036,8.0,0.7281372324476649,0.030592401922037937,0.758729634369703,0.36124999999999985,12.251373375067487,flapping_reconnect
flocking_topology_resilient,12028,0.9394637179236758,0.5816512179236757,0.5770162294737131,0.3062720118608179,0.3062720118608179,1.0,0.0,0.0,0.0,1.0,1.0,1.0,1.0,0.35517341846802775,0.12500000000000014,7.03125,0.2855662197082634,0.2855662197082634,1.0,0.0,0.0,0.0,1.0,1.0,1.0,1.0,0.3288752915103639,0.12500000000000014,8.0,0.6331917060628578,0.020705792152554525,0.6538974982154124,0.36244748844996266,12.425198750104755,flapping_reconnect
flocking_topology_resilient,12029,0.9369445650958979,0.5603820650958977,0.5603820650958977,0.3308127133250284,0.3308127133250284,1.0,0.0,0.0,0.0,1.0,1.0,1.0,1.0,0.3879143701632445,0.12499999999999996,6.75,0.2775809377794981,0.2775809377794981,1.0,0.0,0.0,0.0,1.0,1.0,1.0,1.0,0.32855905169017957,0.12499999999999996,8.0,0.6061318517708695,0.05323177554553027,0.6593636273163997,0.37656250000000013,12.08439708291553,flapping_reconnect
flocking_topology_resilient,12030,0.8812452209787013,0.5340577209787014,0.5326671214659838,0.27531088137945836,0.27531088137945836,1.0,0.0,0.0,0.0,1.0,1.0,1.0,1.0,0.3626669903378339,0.12499999999999996,6.90625,0.25208343309411485,0.25208343309411485,1.0,0.0,0.0,0.0,1.0,1.0,1.0,1.0,0.32780339601794417,0.12499999999999996,8.0,0.6059343395992429,0.02322744828534351,0.6291617878845864,0.34857809951271745,12.238104750169441,flapping_reconnect
flocking_topology_resilient,12031,0.9149242729920903,0.5517992729920902,0.5517992729920902,0.29750894269234623,0.29750894269234623,1.0,0.0,0.0,0.0,1.0,1.0,1.0,1.0,0.37476390060086295,0.12499999999999996,6.9125,0.2768496295138312,0.2768496295138312,1.0,0.0,0.0,0.0,1.0,1.0,1.0,1.0,0.3277132131388322,0.12499999999999996,8.0,0.617415330299744,0.02065931317851505,0.6380746434782592,0.36312500000000014,12.462631792062894,flapping_reconnect
flocking_topology_resilient,12032,0.9870303942708878,0.6304678942708879,0.6015758176733378,0.2767375910054561,0.2767375910054561,1.0,0.0,0.0,0.0,1.0,1.0,1.0,1.0,0.36685142344635463,0.12499999999999996,6.95625,0.25441122996638355,0.25441122996638355,1.0,0.0,0.0,0.0,1.0,1.0,1.0,1.0,0.3293371649292641,0.12499999999999996,8.0,0.7102928032654316,0.02232636103907254,0.7326191643045042,0.38545457659755,12.23557395907119,flapping_reconnect
flocking_topology_resilient,12033,1.0141260642721321,0.6610010642721322,0.5994110334833664,0.2913386586098354,0.2913386586098354,1.0,0.0,0.0,0.0,1.0,1.0,1.0,1.0,0.3524206376614223,0.12499999999999996,7.0625,0.2793468153340843,0.2793468153340843,1.0,0.0,0.0,0.0,1.0,1.0,1.0,1.0,0.32795195263998,0.12499999999999996,8.0,0.7227874056622967,0.01199184327575109,0.7347792489380478,0.4147150307887657,12.046080790925771,flapping_reconnect
flocking_topology_resilient,12034,0.96114315982677,0.59989315982677,0.5859545610225279,0.3200215309159529,0.3200215309159529,1.0,0.0,0.0,0.0,1.0,1.0,1.0,1.0,0.36622735029611464,0.12499999999999996,6.91875,0.26333936026821386,0.26333936026821386,1.0,0.0,0.0,0.0,1.0,1.0,1.0,1.0,0.32963050366534846,0.12499999999999996,8.0,0.641121628910817,0.05668217064773906,0.6978037995585562,0.37518859880424216,12.315293666906655,flapping_reconnect
flocking_topology_resilient,12035,1.1017532863867876,0.7545657863867875,0.6779253074074345,0.2704511505745457,0.2704511505745457,1.0,0.0,0.0,0.0,1.0,1.0,1.0,1.0,0.36419588549752896,0.12499999999999996,7.04375,0.2622708965540831,0.2622708965540831,1.0,0.0,0.0,0.0,1.0,1.0,1.0,1.0,0.3298288014395731,0.12499999999999996,8.0,0.8313021358122419,0.00818025402046263,0.8394823898327045,0.4238279789793531,12.477720916969702,flapping_reconnect
flocking_topology_resilient,12036,0.9878835269806217,0.6266335269806218,0.6240179114134101,0.3027197735635386,0.3027197735635386,1.0,0.0,0.0,0.0,1.0,1.0,1.0,1.0,0.3567530097464589,0.12499999999999996,7.025,0.2632097402603681,0.2632097402603681,1.0,0.0,0.0,0.0,1.0,1.0,1.0,1.0,0.33010625068141797,0.12499999999999996,8.0,0.6851637534170831,0.03951003330317049,0.7246737867202535,0.36386561556721153,12.435718666994944,flapping_reconnect
flocking_topology_resilient,12037,1.0326898739271022,0.6748773739271023,0.6050952565622658,0.3185156123075286,0.3185156123075286,1.0,0.0,0.0,0.0,1.0,1.0,1.0,1.0,0.3816337842836316,0.12499999999999996,6.8625,0.27187018364992144,0.27187018364992144,1.0,0.0,0.0,0.0,1.0,1.0,1.0,1.0,0.32919139088987526,0.12499999999999996,8.0,0.7141742616195736,0.04664542865760718,0.7608196902771808,0.4275946173648364,12.064611249836162,flapping_reconnect
flocking_topology_resilient,12038,0.9599833325390417,0.5834208325390418,0.5834208325390418,0.3072078009549254,0.3072078009549254,1.0,0.0,0.0,0.0,1.0,1.0,1.0,1.0,0.35613427575312995,0.12499999999999996,7.24375,0.28522825186044837,0.28522825186044837,1.0,0.0,0.0,0.0,1.0,1.0,1.0,1.0,0.3289907707248815,0.12499999999999996,8.0,0.6527755315841163,0.021979549094477024,0.6747550806785934,0.3765624999999999,12.364310499979183,flapping_reconnect
flocking_topology_resilient,12039,0.973883869408174,0.6066963694081741,0.5885311444042568,0.3134470257304663,0.3134470257304663,1.0,0.0,0.0,0.0,1.0,1.0,1.0,1.0,0.3683339692544614,0.12499999999999996,7.025,0.2730804535349275,0.2730804535349275,1.0,0.0,0.0,0.0,1.0,1.0,1.0,1.0,0.3287002939527583,0.12499999999999996,8.0,0.6604368436777077,0.0403665721955388,0.7008034158732465,0.38535272500391715,12.168999250046909,flapping_reconnect
flocking_topology_resilient,12040,0.9574994086265363,0.5856244086265361,0.5850841639515474,0.3350152162938142,0.3350152162938142,1.0,0.0,0.0,0.0,1.0,1.0,1.0,1.0,0.3992340059841903,0.12499999999999996,6.7125,0.28962536779895165,0.28962536779895165,1.0,0.0,0.0,0.0,1.0,1.0,1.0,1.0,0.32775146392806287,0.12499999999999996,8.0,0.622484192332722,0.04538984849486255,0.6678740408275846,0.3724152446749889,12.333912999834865,flapping_reconnect
flocking_topology_resilient,12041,0.925037250417529,0.5578497504175292,0.555595393118878,0.31219402953810577,0.31219402953810577,1.0,0.0,0.0,0.0,1.0,1.0,1.0,1.0,0.3696905279217876,0.12499999999999996,6.9625,0.2895483004876377,0.2895483004876377,1.0,0.0,0.0,0.0,1.0,1.0,1.0,1.0,0.3307357021886654,0.12499999999999996,8.0,0.6128432208794232,0.022645729050468077,0.6354889499298914,0.3694418572986511,12.224166290834546,flapping_reconnect
flocking_topology_resilient,12042,0.9151741115068226,0.5539241115068227,0.5539241115068227,0.3115355139610377,0.3115355139610377,1.0,0.0,0.0,0.0,1.0,1.0,1.0,1.0,0.3523409652426187,0.12499999999999996,7.1,0.2789193749837879,0.2789193749837879,1.0,0.0,0.0,0.0,1.0,1.0,1.0,1.0,0.32882316738796935,0.12499999999999996,8.0,0.603638597545785,0.0326161389772498,0.6362547365230347,0.36124999999999985,12.314359958050773,flapping_reconnect
flocking_topology_resilient,12043,0.9217405716179752,0.559240571617975,0.5567169698739447,0.29941666851952575,0.29941666851952575,1.0,0.0,0.0,0.0,1.0,1.0,1.0,1.0,0.36450195305768984,0.12499999999999996,6.95625,0.27780981640763275,0.27780981640763275,1.0,0.0,0.0,0.0,1.0,1.0,1.0,1.0,0.3301013139262247,0.12499999999999996,8.0,0.6223239030984494,0.021606852111893005,0.6439307552103424,0.3650236017440305,12.395273874979466,flapping_reconnect
flocking_topology_resilient,12044,0.9340841364787679,0.5775216364787678,0.5737605906035632,0.321049616569545,0.321049616569545,1.0,0.0,0.0,0.0,1.0,1.0,1.0,1.0,0.40576705395152884,0.12499999999999996,6.65625,0.2715552552905874,0.2715552552905874,1.0,0.0,0.0,0.0,1.0,1.0,1.0,1.0,0.32784619063093307,0.12499999999999996,8.0,0.6130345199092229,0.04949436127895762,0.6625288811881804,0.36032354587520465,12.182581624947488,flapping_reconnect
flocking_topology_resilient,12045,0.9218932722652269,0.5700182722652269,0.5700182722652269,0.270381520773447,0.270381520773447,1.0,0.0,0.0,0.0,1.0,1.0,1.0,1.0,0.35416134959615353,0.12499999999999996,7.0375,0.2561801957816517,0.2561801957816517,1.0,0.0,0.0,0.0,1.0,1.0,1.0,1.0,0.32848672349713903,0.12499999999999996,8.0,0.6515117514917799,0.014201324991795328,0.6657130764835753,0.35187499999999994,12.259349833941087,flapping_reconnect
flocking_topology_resilient,12046,1.0175513712286073,0.6656763712286073,0.5912907877944782,0.3196394285205164,0.3196394285205164,1.0,0.0,0.0,0.0,1.0,1.0,1.0,1.0,0.3647044589955005,0.12499999999999996,6.90625,0.2864074926094563,0.2864074926094563,1.0,0.0,0.0,0.0,1.0,1.0,1.0,1.0,0.32803567554249313,0.12499999999999996,8.0,0.6979119427080909,0.033231935911060106,0.731143878619151,0.4262605834341291,12.044591125100851,flapping_reconnect
flocking_topology_resilient,12047,0.8802490264571741,0.5236865264571741,0.5227030789049255,0.27872968571749074,0.27872968571749074,1.0,0.0,0.0,0.0,1.0,1.0,1.0,1.0,0.36304579365878054,0.12499999999999996,6.9375,0.25415093134758004,0.25415093134758004,1.0,0.0,0.0,0.0,1.0,1.0,1.0,1.0,0.329133943241627,0.12499999999999996,8.0,0.6015193407396833,0.024578754369910694,0.626098095109594,0.35754594755224856,12.11487445817329,flapping_reconnect
flocking_topology_resilient,12048,0.8568626798077895,0.49561267980778945,0.4913748862787511,0.2961791495710748,0.2961791495710748,1.0,0.0,0.0,0.0,1.0,1.0,1.0,1.0,0.35223684855205273,0.12499999999999996,7.05625,0.27528658374750237,0.27528658374750237,1.0,0.0,0.0,0.0,1.0,1.0,1.0,1.0,0.3273785056872141,0.12499999999999996,8.0,0.5606835302367148,0.020892565823572407,0.5815760960602872,0.36548779352903843,12.326542125083506,flapping_reconnect
flocking_topology_resilient,12049,0.8922919046199052,0.5357294046199051,0.5345559372553534,0.3149138594334505,0.3149138594334505,1.0,0.0,0.0,0.0,1.0,1.0,1.0,1.0,0.38427431649077654,0.12499999999999996,6.75,0.26488170061293015,0.26488170061293015,1.0,0.0,0.0,0.0,1.0,1.0,1.0,1.0,0.3286287535522827,0.12499999999999996,8.0,0.5773780451864546,0.05003215882052037,0.627410204006975,0.3577359673645517,12.183450666023418,flapping_reconnect
flocking_topology_resilient,12050,0.9125197625620496,0.5593947625620496,0.5569946530994071,0.28222379756837246,0.28222379756837246,1.0,0.0,0.0,0.0,1.0,1.0,1.0,1.0,0.3638915200569933,0.12499999999999996,7.05625,0.25793576475264246,0.25793576475264246,1.0,0.0,0.0,0.0,1.0,1.0,1.0,1.0,0.32774291239336584,0.12499999999999996,8.0,0.6302959649936771,0.02428803281573,0.6545839978094071,0.3555251094626425,12.217753667151555,flapping_reconnect
flocking_topology_resilient,12051,1.0751385844877788,0.7132635844877786,0.7120107709745819,0.30450742472246756,0.30450742472246756,1.0,0.0,0.0,0.0,1.0,1.0,1.0,1.0,0.368275950621599,0.12499999999999996,7.00625,0.2721823950763068,0.2721823950763068,1.0,0.0,0.0,0.0,1.0,1.0,1.0,1.0,0.33058370485669863,0.12499999999999996,8.0,0.7706311597653113,0.03232502964616074,0.802956189411472,0.3631278135131969,12.357906958088279,flapping_reconnect
flocking_topology_resilient,12052,1.026058738700434,0.6682462387004342,0.5377881622325089,0.29329522136971575,0.29329522136971575,1.0,0.0,0.0,0.0,1.0,1.0,1.0,1.0,0.3762820913715313,0.12500000000000008,6.86875,0.26726100161331445,0.26726100161331445,1.0,0.0,0.0,0.0,1.0,1.0,1.0,1.0,0.3292605814393091,0.12500000000000008,8.0,0.7327635173307183,0.0260342197564013,0.7587977370871196,0.48827057646792515,12.302396249957383,flapping_reconnect
flocking_topology_resilient,12053,0.9136041543710544,0.5664166543710543,0.5626326476925844,0.3083208777905912,0.3083208777905912,1.0,0.0,0.0,0.0,1.0,1.0,1.0,1.0,0.36456352669965963,0.12499999999999996,6.95,0.27961072634119155,0.27961072634119155,1.0,0.0,0.0,0.0,1.0,1.0,1.0,1.0,0.3289278703068288,0.12499999999999996,8.0,0.6052832765804632,0.028710151449399646,0.6339934280298628,0.35097150667847,12.20359891699627,flapping_reconnect
flocking_topology_resilient,12054,0.9408000641530305,0.5736125641530305,0.5736125641530305,0.31206685360030606,0.31206685360030606,1.0,0.0,0.0,0.0,1.0,1.0,1.0,1.0,0.36621774187771833,0.12499999999999996,6.975,0.2826592698083207,0.2826592698083207,1.0,0.0,0.0,0.0,1.0,1.0,1.0,1.0,0.3284086348471865,0.12499999999999996,8.0,0.6287332105527245,0.02940758379198538,0.6581407943447098,0.3671875,12.174190666060895,flapping_reconnect
flocking_topology_resilient,12055,1.0413257685505026,0.6988257685505028,0.5930735183678231,0.2960032886642873,0.2960032886642873,1.0,0.0,0.0,0.0,1.0,1.0,1.0,1.0,0.36853572100245985,0.12499999999999996,6.8875,0.2821695841055559,0.2821695841055559,1.0,0.0,0.0,0.0,1.0,1.0,1.0,1.0,0.3307135369770958,0.12499999999999996,8.0,0.7453224798862153,0.013833704558731397,0.7591561844449467,0.44825225018267956,12.295039832824841,flapping_reconnect
flocking_topology_resilient,12056,0.9733414720764613,0.6255289720764612,0.5607798764192365,0.2950655261531548,0.2950655261531548,1.0,0.0,0.0,0.0,1.0,1.0,1.0,1.0,0.38193338719202446,0.12499999999999996,6.8125,0.2834397902042356,0.2834397902042356,1.0,0.0,0.0,0.0,1.0,1.0,1.0,1.0,0.3289177241861763,0.12499999999999996,8.0,0.6782759459233065,0.011625735948919191,0.6899016818722257,0.4125615956572247,12.41263183299452,flapping_reconnect
flocking_topology_resilient,12057,0.9023026440396114,0.5351151440396114,0.5349617383837121,0.2823930573754852,0.2823930573754852,1.0,0.0,0.0,0.0,1.0,1.0,1.0,1.0,0.3653753684010438,0.12499999999999996,7.04375,0.2596250860135916,0.2596250860135916,1.0,0.0,0.0,0.0,1.0,1.0,1.0,1.0,0.3292170711489832,0.12499999999999996,8.0,0.6199095866641262,0.022767971361893624,0.6426775580260198,0.3673409056558993,12.323781416984275,flapping_reconnect
flocking_topology_resilient,12058,1.0368591814209434,0.6737341814209433,0.6015480562371809,0.30475015274397554,0.30475015274397554,1.0,0.0,0.0,0.0,1.0,1.0,1.0,1.0,0.3690666032654738,0.12499999999999996,6.9625,0.2766531068186012,0.2766531068186012,1.0,0.0,0.0,0.0,1.0,1.0,1.0,1.0,0.329230133172822,0.12499999999999996,8.0,0.7321090286769678,0.02809704592537432,0.7602060746023421,0.43531112518376247,12.1234437499661,flapping_reconnect
flocking_topology_resilient,12059,0.9415567005534633,0.5937442005534632,0.575582729510927,0.2505093803037716,0.2505093803037716,1.0,0.0,0.0,0.0,1.0,1.0,1.0,1.0,0.35028469111921773,0.12499999999999996,7.1125,0.22964494551745682,0.22964494551745682,1.0,0.0,0.0,0.0,1.0,1.0,1.0,1.0,0.3280731408756779,0.12499999999999996,8.0,0.6910473202496916,0.020864434786314806,0.7119117550360065,0.36597397104253626,12.347908457973972,flapping_reconnect
flocking_topology_resilient,12060,0.9662433410179568,0.5990558410179568,0.5816389108439622,0.2989914036804543,0.2989914036804543,1.0,0.0,0.0,0.0,1.0,1.0,1.0,1.0,0.36656185563293475,0.12499999999999996,6.875,0.2692744289130458,0.2692744289130458,1.0,0.0,0.0,0.0,1.0,1.0,1.0,1.0,0.32821316600768224,0.12499999999999996,8.0,0.6672519373375025,0.029716974767408477,0.696968912104911,0.3846044301739946,12.367839083075523,flapping_reconnect
flocking_topology_resilient,12061,0.8640347084456188,0.5068472084456188,0.5035039855714623,0.28595791003001453,0.28595791003001453,1.0,0.0,0.0,0.0,1.0,1.0,1.0,1.0,0.35293626887112167,0.12499999999999996,7.06875,0.2531955820161932,0.2531955820161932,1.0,0.0,0.0,0.0,1.0,1.0,1.0,1.0,0.32829223747414477,0.12499999999999996,8.0,0.5780767984156043,0.03276232801382134,0.6108391264294256,0.36053072287415655,12.10205641714856,flapping_reconnect
flocking_topology_resilient,12062,0.9997761291298517,0.6432136291298518,0.631913546324553,0.3122241468758785,0.3122241468758785,1.0,0.0,0.0,0.0,1.0,1.0,1.0,1.0,0.36151454191379806,0.12499999999999996,7.1,0.278006248894896,0.278006248894896,1.0,0.0,0.0,0.0,1.0,1.0,1.0,1.0,0.3292974100306246,0.12499999999999996,8.0,0.6875519822539732,0.034217897980982515,0.7217698802349557,0.3678625828052987,12.147729041986167,flapping_reconnect
flocking_topology_resilient,12063,0.9782082616649564,0.6110207616649564,0.610521988677716,0.31102563025915864,0.31102563025915864,1.0,0.0,0.0,0.0,1.0,1.0,1.0,1.0,0.3712042488735114,0.12499999999999996,7.0,0.28406190516996854,0.28406190516996854,1.0,0.0,0.0,0.0,1.0,1.0,1.0,1.0,0.32967971752872144,0.12499999999999996,8.0,0.6671826314057978,0.026963725089190094,0.6941463564949879,0.36768627298724044,12.26894662482664,flapping_reconnect
flocking_topology_resilient,12064,0.9476889815508638,0.5911264815508638,0.5900665813999983,0.30458868039370435,0.30458868039370435,1.0,0.0,0.0,0.0,1.0,1.0,1.0,1.0,0.36590266495187074,0.1250000000000012,6.91875,0.2911549698482981,0.2911549698482981,1.0,0.0,0.0,0.0,1.0,1.0,1.0,1.0,0.3317287703683184,0.1250000000000012,8.0,0.6431003011571594,0.013433710545406263,0.6565340117025658,0.35762240015086544,12.442780249984935,flapping_reconnect
flocking_topology_resilient,12065,0.953584797709988,0.591709797709988,0.591709797709988,0.3020022924841682,0.3020022924841682,1.0,0.0,0.0,0.0,1.0,1.0,1.0,1.0,0.3575534433339649,0.12499999999999996,7.025,0.2812997070392537,0.2812997070392537,1.0,0.0,0.0,0.0,1.0,1.0,1.0,1.0,0.32899582872213545,0.12499999999999996,8.0,0.6515825052258198,0.02070258544491449,0.6722850906707343,0.36187500000000006,12.104005499975756,flapping_reconnect
flocking_topology_resilient,12066,0.9915589588909729,0.6290589588909729,0.6117783094694178,0.3080759120318869,0.3080759120318869,1.0,0.0,0.0,0.0,1.0,1.0,1.0,1.0,0.3776048917728977,0.12499999999999996,6.89375,0.2687877288384617,0.2687877288384617,1.0,0.0,0.0,0.0,1.0,1.0,1.0,1.0,0.33012310901288866,0.12499999999999996,8.0,0.683483046859086,0.0392881831934252,0.7227712300525112,0.3797806494215551,12.165463000070304,flapping_reconnect
flocking_topology_resilient,12067,0.9893747850243857,0.6268747850243857,0.5702537809710952,0.328759174088734,0.328759174088734,1.0,0.0,0.0,0.0,1.0,1.0,1.0,1.0,0.3686459096487157,0.12499999999999996,7.0625,0.2991208195420748,0.2991208195420748,1.0,0.0,0.0,0.0,1.0,1.0,1.0,1.0,0.33267686804442587,0.12499999999999996,8.0,0.6606156109356517,0.029638354546659196,0.6902539654823109,0.41912100405329045,12.228234542068094,flapping_reconnect
flocking_topology_resilient,12068,1.0511459630284792,0.6880209630284791,0.6034939234233083,0.29044763475596713,0.29044763475596713,1.0,0.0,0.0,0.0,1.0,1.0,1.0,1.0,0.3699764700444107,0.12500000000000647,6.79375,0.28358113353212117,0.28358113353212117,1.0,0.0,0.0,0.0,1.0,1.0,1.0,1.0,0.32957988082031664,0.12500000000000647,8.0,0.760698328272512,0.006866501223845967,0.767564829496358,0.44765203960517086,12.164462415967137,flapping_reconnect
flocking_topology_resilient,12069,0.9009616486331085,0.5537741486331085,0.5537480065727749,0.30964189518571106,0.30964189518571106,1.0,0.0,0.0,0.0,1.0,1.0,1.0,1.0,0.358737185076777,0.12500000000000003,7.0125,0.26039722092384937,0.26039722092384937,1.0,0.0,0.0,0.0,1.0,1.0,1.0,1.0,0.32801101078779205,0.12500000000000003,8.0,0.5913197534473974,0.04924467426186169,0.640564427709259,0.34721364206033356,12.076467750128359,flapping_reconnect
flocking_topology_resilient,12070,0.972193701469779,0.615631201469779,0.6063205678754977,0.3170956185879356,0.3170956185879356,1.0,0.0,0.0,0.0,1.0,1.0,1.0,1.0,0.35428445701948025,0.12499999999999996,7.075,0.3009507724580375,0.3009507724580375,1.0,0.0,0.0,0.0,1.0,1.0,1.0,1.0,0.3292944552367485,0.12499999999999996,8.0,0.6550980828818433,0.01614484612989814,0.6712429290117415,0.3658731335942813,12.216217749984935,flapping_reconnect
flocking_topology_resilient,12071,0.9691255119290926,0.6113130119290927,0.5848411249676638,0.31341796914310693,0.31341796914310693,1.0,0.0,0.0,0.0,1.0,1.0,1.0,1.0,0.37619693640852414,0.12499999999999996,6.85625,0.2679618410491987,0.2679618410491987,1.0,0.0,0.0,0.0,1.0,1.0,1.0,1.0,0.3264795538311595,0.12499999999999996,8.0,0.6557075427859856,0.045456128093908255,0.7011636708798938,0.38428438696142875,12.246812083059922,flapping_reconnect
flocking_topology_resilient,12072,0.9888789071656111,0.6310664071656111,0.616008127751909,0.29848630528605097,0.29848630528605097,1.0,0.0,0.0,0.0,1.0,1.0,1.0,1.0,0.35665592519938344,0.12499999999999996,7.21875,0.28083425594564365,0.28083425594564365,1.0,0.0,0.0,0.0,1.0,1.0,1.0,1.0,0.32971231016223834,0.12499999999999996,8.0,0.6903926018795601,0.017652049340407316,0.7080446512199674,0.37287077941370206,12.692080999957398,flapping_reconnect
flocking_topology_resilient,12073,0.9812231049654715,0.6246606049654714,0.6208712907189993,0.30446443048416183,0.30446443048416183,1.0,0.0,0.0,0.0,1.0,1.0,1.0,1.0,0.3705501411322699,0.12499999999999996,6.98125,0.25942938197417875,0.25942938197417875,1.0,0.0,0.0,0.0,1.0,1.0,1.0,1.0,0.3296424612896043,0.12499999999999996,8.0,0.6767586744813097,0.04503504850998308,0.7217937229912927,0.3603518142464722,12.282973665976897,flapping_reconnect
flocking_topology_resilient,12074,0.9597919340452744,0.5985419340452743,0.5985419340452743,0.2950332501468651,0.2950332501468651,1.0,0.0,0.0,0.0,1.0,1.0,1.0,1.0,0.36149378265123333,0.12499999999999996,7.0875,0.28052003029236755,0.28052003029236755,1.0,0.0,0.0,0.0,1.0,1.0,1.0,1.0,0.3290417720122605,0.12499999999999996,8.0,0.6647586838984093,0.01451321985449755,0.6792719037529069,0.36125000000000007,12.390870624920353,flapping_reconnect
flocking_topology_resilient,12075,1.0076984855099604,0.6417609855099604,0.640059773720916,0.30193063864992054,0.30193063864992054,1.0,0.0,0.0,0.0,1.0,1.0,1.0,1.0,0.36315512003001976,0.12499999999999996,6.9625,0.2584519857923871,0.2584519857923871,1.0,0.0,0.0,0.0,1.0,1.0,1.0,1.0,0.3286204358866356,0.12499999999999996,8.0,0.7057678468600399,0.04347865285753344,0.7492464997175734,0.3676387117890444,12.473179624881595,flapping_reconnect
flocking_topology_resilient,12076,1.013262068079944,0.6554495680799441,0.5843396451203893,0.30831689651584987,0.30831689651584987,1.0,0.0,0.0,0.0,1.0,1.0,1.0,1.0,0.3616696334082283,0.12499999999999996,6.95,0.2698219320911495,0.2698219320911495,1.0,0.0,0.0,0.0,1.0,1.0,1.0,1.0,0.3281265860290254,0.12499999999999996,8.0,0.7049451715640942,0.03849496442470035,0.7434401359887945,0.42892242295955474,12.306170375086367,flapping_reconnect
flocking_topology_resilient,12077,0.9808866659886734,0.6277616659886733,0.5899556486677338,0.29582782905151034,0.29582782905151034,1.0,0.0,0.0,0.0,1.0,1.0,1.0,1.0,0.38161874202546775,0.12500000000000036,6.825,0.25668769108929607,0.25668769108929607,1.0,0.0,0.0,0.0,1.0,1.0,1.0,1.0,0.33001622472790865,0.12500000000000036,8.0,0.6850588369371631,0.03914013796221427,0.7241989748993773,0.3909310173209396,12.167185958009213,flapping_reconnect
flocking_topology_resilient,12078,1.0454242344500453,0.6888617344500453,0.6794085509750628,0.30042140363504305,0.30042140363504305,1.0,0.0,0.0,0.0,1.0,1.0,1.0,1.0,0.3679523043085358,0.12499999999999996,7.0,0.28565817386745584,0.28565817386745584,1.0,0.0,0.0,0.0,1.0,1.0,1.0,1.0,0.33117426173503545,0.12499999999999996,8.0,0.7450028308150023,0.014763229767587205,0.7597660605825894,0.3660156834749825,12.184749125037342,flapping_reconnect
flocking_topology_resilient,12079,0.867684754425057,0.49580975442505704,0.49580975442505704,0.3163179141637188,0.3163179141637188,1.0,0.0,0.0,0.0,1.0,1.0,1.0,1.0,0.3758725255469335,0.12499999999999996,6.8875,0.26320787242487903,0.26320787242487903,1.0,0.0,0.0,0.0,1.0,1.0,1.0,1.0,0.32885716959556194,0.12499999999999996,8.0,0.5513668402613382,0.053110041738839764,0.604476882000178,0.37187499999999996,12.330398916034028,flapping_reconnect
flocking_topology_resilient,12080,0.9510611044166811,0.5838736044166811,0.5649598992098784,0.30265307333387215,0.30265307333387215,1.0,0.0,0.0,0.0,1.0,1.0,1.0,1.0,0.36790353159652467,0.12499999999999996,6.9,0.2671106962259845,0.2671106962259845,1.0,0.0,0.0,0.0,1.0,1.0,1.0,1.0,0.330779383346684,0.12499999999999996,8.0,0.648408031082809,0.03554237710788766,0.6839504081906966,0.3861012052068027,12.478289750171825,flapping_reconnect
flocking_topology_resilient,12081,0.9304257370498668,0.5738632370498667,0.5738632370498667,0.2928236518409137,0.2928236518409137,1.0,0.0,0.0,0.0,1.0,1.0,1.0,1.0,0.3522655678181817,0.12499999999999996,7.05,0.2735519041542678,0.2735519041542678,1.0,0.0,0.0,0.0,1.0,1.0,1.0,1.0,0.3271483432448251,0.12499999999999996,8.0,0.637602085208953,0.019271747686645913,0.656873832895599,0.3565625,12.292437833035365,flapping_reconnect
flocking_topology_resilient,12082,0.9602757192592091,0.5990257192592091,0.5919482476848386,0.3049054639814605,0.3049054639814605,1.0,0.0,0.0,0.0,1.0,1.0,1.0,1.0,0.38187975354158893,0.12499999999999996,6.8375,0.27224634378059953,0.27224634378059953,1.0,0.0,0.0,0.0,1.0,1.0,1.0,1.0,0.33100571325425854,0.12499999999999996,8.0,0.6553702552777485,0.03265912020086098,0.6880293754786095,0.3683274715743705,12.197870790958405,flapping_reconnect
flocking_topology_resilient,12083,0.9560113342782323,0.5994488342782325,0.5994488342782325,0.29880337979615074,0.29880337979615074,1.0,0.0,0.0,0.0,1.0,1.0,1.0,1.0,0.35770885652305884,0.12499999999999996,7.00625,0.2858657122375294,0.2858657122375294,1.0,0.0,0.0,0.0,1.0,1.0,1.0,1.0,0.3305273682935863,0.12499999999999996,8.0,0.6572079544820815,0.012937667558621357,0.6701456220407029,0.3565624999999998,12.382873333059251,flapping_reconnect
flocking_topology_resilient,12084,0.9210028503968715,0.5591278503968715,0.5454654435772841,0.2946128757052075,0.2946128757052075,1.0,0.0,0.0,0.0,1.0,1.0,1.0,1.0,0.37942815031941385,0.12499999999999996,6.88125,0.2700573554222763,0.2700573554222763,1.0,0.0,0.0,0.0,1.0,1.0,1.0,1.0,0.32861035929456034,0.12499999999999996,8.0,0.6263899746916639,0.024555520282931176,0.6509454949745952,0.37553740681958736,12.333461166825145,flapping_reconnect
flocking_topology_resilient,12085,0.9000488704589552,0.5387988704589552,0.5348969725962343,0.29828964029616406,0.29828964029616406,1.0,0.0,0.0,0.0,1.0,1.0,1.0,1.0,0.3652026982630504,0.12500000000000017,6.8875,0.2774820504157912,0.2774820504157912,1.0,0.0,0.0,0.0,1.0,1.0,1.0,1.0,0.3277476927501094,0.12500000000000017,8.0,0.6017592301627912,0.020807589880372845,0.622566820043164,0.36515189786272095,12.330196249997243,flapping_reconnect
flocking_topology_resilient,12086,1.0088175904668062,0.661005090466806,0.5435426400521193,0.28346750178683455,0.28346750178683455,1.0,0.0,0.0,0.0,1.0,1.0,1.0,1.0,0.34881149613243206,0.12499999999999996,7.25,0.2845263295174581,0.2845263295174581,1.0,0.0,0.0,0.0,1.0,1.0,1.0,1.0,0.33166115603231916,0.12499999999999996,8.0,0.7253500886799716,-0.001058827730623546,0.7242912609493481,0.4652749504146869,12.36814033309929,flapping_reconnect
flocking_topology_resilient,12087,0.9329628497913152,0.5717128497913151,0.5717128497913151,0.2758423548973452,0.2758423548973452,1.0,0.0,0.0,0.0,1.0,1.0,1.0,1.0,0.3569376866917163,0.12499999999999996,6.95,0.27370060066107926,0.27370060066107926,1.0,0.0,0.0,0.0,1.0,1.0,1.0,1.0,0.3296560870607944,0.12499999999999996,8.0,0.65712049489397,0.002141754236265947,0.6592622491302359,0.36125000000000007,12.244530916912481,flapping_reconnect
flocking_topology_resilient,12088,1.0217329534741748,0.6698579534741746,0.6670704136643273,0.3189700310613234,0.3189700310613234,1.0,0.0,0.0,0.0,1.0,1.0,1.0,1.0,0.38516892949790527,0.12499999999999996,6.75,0.26338266694414364,0.26338266694414364,1.0,0.0,0.0,0.0,1.0,1.0,1.0,1.0,0.32967882877248245,0.12499999999999996,8.0,0.7027629224128514,0.05558736411717974,0.7583502865300311,0.3546625398098475,12.300815500086173,flapping_reconnect
flocking_topology_resilient,12089,0.9674112257950466,0.6108487257950467,0.6055704427814673,0.34583420589808317,0.34583420589808317,1.0,0.0,0.0,0.0,1.0,1.0,1.0,1.0,0.4019917028232666,0.12499999999999996,6.6625,0.27537059624080595,0.27537059624080595,1.0,0.0,0.0,0.0,1.0,1.0,1.0,1.0,0.3287684958389463,0.12499999999999996,8.0,0.6215770198969635,0.07046360965727722,0.6920406295542406,0.36184078301357925,11.967786041088402,flapping_reconnect
flocking_topology_resilient,12090,0.9438627981141068,0.5966752981141069,0.5966752981141069,0.2979521357030636,0.2979521357030636,1.0,0.0,0.0,0.0,1.0,1.0,1.0,1.0,0.35406112767820924,0.12499999999999996,7.05625,0.2855133734203019,0.2855133734203019,1.0,0.0,0.0,0.0,1.0,1.0,1.0,1.0,0.3288735450343646,0.12499999999999996,8.0,0.6459106624110431,0.012438762282761695,0.6583494246938049,0.34718749999999987,12.122860749950632,flapping_reconnect
flocking_topology_resilient,12091,1.0058996816303785,0.6587121816303784,0.6089143203605772,0.3040537120916766,0.3040537120916766,1.0,0.0,0.0,0.0,1.0,1.0,1.0,1.0,0.36429041185371325,0.12499999999999996,7.0625,0.27984012167146477,0.27984012167146477,1.0,0.0,0.0,0.0,1.0,1.0,1.0,1.0,0.33045898687407194,0.12499999999999996,8.0,0.7018459695387018,0.024213590420211817,0.7260595599589137,0.3969853612698012,12.390385041944683,flapping_reconnect
flocking_topology_resilient,12092,0.9711537594147058,0.6052162594147058,0.6052162594147058,0.3011506235629908,0.3011506235629908,1.0,0.0,0.0,0.0,1.0,1.0,1.0,1.0,0.3674813370610604,0.12499999999999996,6.875,0.28385468843713524,0.28385468843713524,1.0,0.0,0.0,0.0,1.0,1.0,1.0,1.0,0.32984994549181285,0.12499999999999996,8.0,0.670003135851715,0.017295935125855588,0.6872990709775706,0.3659375,12.270065291784704,flapping_reconnect
flocking_topology_resilient,12093,0.9007367548459706,0.5441742548459707,0.5430873871837402,0.3219771148931265,0.3219771148931265,1.0,0.0,0.0,0.0,1.0,1.0,1.0,1.0,0.36676643255491664,0.12499999999999996,6.85,0.28468534012643165,0.28468534012643165,1.0,0.0,0.0,0.0,1.0,1.0,1.0,1.0,0.32901938967652977,0.12499999999999996,8.0,0.5787596399528441,0.037291774766694874,0.616051414719539,0.35764936766223043,12.367666708072647,flapping_reconnect
flocking_topology_resilient,12094,1.0010977588624406,0.6432852588624407,0.6154123138238123,0.3418785911102808,0.3418785911102808,1.0,0.0,0.0,0.0,1.0,1.0,1.0,1.0,0.38996486802294256,0.12500000000000017,6.73125,0.2974053436442864,0.2974053436442864,1.0,0.0,0.0,0.0,1.0,1.0,1.0,1.0,0.3298364948977869,0.12500000000000017,8.0,0.6592191677521597,0.0444732474659944,0.7036924152181542,0.3856854450386282,12.280278041958809,flapping_reconnect
flocking_topology_resilient,12095,1.0021241355244448,0.6302491355244447,0.6302491355244447,0.3174569049201613,0.3174569049201613,1.0,0.0,0.0,0.0,1.0,1.0,1.0,1.0,0.373916453072913,0.12499999999999996,6.875,0.2732825154704509,0.2732825154704509,1.0,0.0,0.0,0.0,1.0,1.0,1.0,1.0,0.3287016928584622,0.12499999999999996,8.0,0.6846672306042835,0.044174389449710416,0.7288416200539939,0.37187500000000007,12.257811916992068,flapping_reconnect
flocking_topology_resilient,12096,0.9557105976520909,0.5885230976520909,0.5856560288207594,0.32412093828106203,0.32412093828106203,1.0,0.0,0.0,0.0,1.0,1.0,1.0,1.0,0.36606158059328897,0.12499999999999996,6.8625,0.2928236408119113,0.2928236408119113,1.0,0.0,0.0,0.0,1.0,1.0,1.0,1.0,0.32787667854558256,0.12499999999999996,8.0,0.6315896593710288,0.03129729746915072,0.6628869568401796,0.3700545688313315,12.241653917124495,flapping_reconnect
flocking_topology_resilient,12097,0.9754225912519775,0.6188600912519775,0.6115127617298244,0.30561444537432936,0.30561444537432936,1.0,0.0,0.0,0.0,1.0,1.0,1.0,1.0,0.3661620818275035,0.12499999999999996,7.04375,0.2806656397928805,0.2806656397928805,1.0,0.0,0.0,0.0,1.0,1.0,1.0,1.0,0.32808927501043234,0.12499999999999996,8.0,0.6698081458776481,0.024948805581448852,0.694756951459097,0.3639098295221531,12.527364750159904,flapping_reconnect
flocking_topology_resilient,12098,0.9426807971161528,0.5861182971161528,0.5861182971161528,0.2514235824900283,0.2514235824900283,1.0,0.0,0.0,0.0,1.0,1.0,1.0,1.0,0.3655621977503042,0.12499999999999996,6.85,0.24232489562691742,0.24232489562691742,1.0,0.0,0.0,0.0,1.0,1.0,1.0,1.0,0.3294892053295358,0.12499999999999996,8.0,0.6912572146261245,0.009098686863110855,0.7003559014892354,0.3565625,12.11044704192318,flapping_reconnect
flocking_topology_resilient,12099,0.9630740765967756,0.6065115765967757,0.6065115765967757,0.3068178082490518,0.3068178082490518,1.0,0.0,0.0,0.0,1.0,1.0,1.0,1.0,0.36492738951526493,0.12499999999999996,6.96875,0.2872940079703444,0.2872940079703444,1.0,0.0,0.0,0.0,1.0,1.0,1.0,1.0,0.33112132097213437,0.12499999999999996,8.0,0.6562562683477238,0.019523800278707426,0.6757800686264313,0.3565624999999999,12.27821912500076,flapping_reconnect
flocking_topology_resilient,12000,0.9654980998083336,0.6164355998083335,0.580440586216856,0.2840737916665909,0.2840737916665909,1.0,0.0,0.0,0.0,1.0,1.0,1.0,1.0,0.33130331501332294,0.12499999999999996,7.8375,0.282085718109923,0.282085718109923,1.0,0.0,0.0,0.0,1.0,1.0,1.0,1.0,0.32677888972961294,0.12499999999999996,8.0,0.6814243081417426,0.001988073556667913,0.6834123816984106,0.38505751359147755,12.338868916034698,false_split_dropout
flocking_topology_resilient,12001,0.9353555574001641,0.5809805574001642,0.572876794912219,0.26040107750856223,0.26040107750856223,1.0,0.0,0.0,0.0,1.0,1.0,1.0,1.0,0.3440032171119123,0.12499999999999996,7.525,0.2584167664147562,0.2584167664147562,1.0,0.0,0.0,0.0,1.0,1.0,1.0,1.0,0.32671029523873474,0.12499999999999996,8.0,0.6749544798916018,0.001984311093806035,0.6769387909854079,0.3624787624879451,12.09919145796448,false_split_dropout
flocking_topology_resilient,12002,1.0247464413848444,0.5994339413848444,0.5745719432752121,0.26982956728125557,0.26982956728125557,1.0,0.0,0.0,0.0,1.0,1.0,1.0,1.0,0.34409885009087643,0.12499999999999996,7.5375,0.2578012346809612,0.2578012346809612,1.0,0.0,0.0,0.0,1.0,1.0,1.0,1.0,0.3290517513396155,0.12499999999999996,8.0,0.7549168741035888,0.012028332600294345,0.7669452067038831,0.4501744981096323,12.022171167191118,false_split_dropout
flocking_topology_resilient,12003,0.9345710620509248,0.5626960620509248,0.5381678659540267,0.26620810298971154,0.26620810298971154,1.0,0.0,0.0,0.0,1.0,1.0,1.0,1.0,0.33311133165077794,0.12500000023153623,7.81875,0.26582847687864447,0.26582847687864447,1.0,0.0,0.0,0.0,1.0,1.0,1.0,1.0,0.32820329004403853,0.12499999999999996,8.0,0.6683629590612132,0.00037962611106706623,0.6687425851722804,0.3964031960968981,11.92979379184544,false_split_dropout
flocking_topology_resilient,12004,1.0656348251946508,0.6281348251946507,0.6263647363385364,0.2839834619732293,0.2839834619732293,1.0,0.0,0.0,0.0,1.0,1.0,1.0,1.0,0.33704057910559715,0.12499999999999996,7.73125,0.2759034315012939,0.2759034315012939,1.0,0.0,0.0,0.0,1.0,1.0,1.0,1.0,0.3281600629903326,0.12499999999999996,8.0,0.7816513632214215,0.008080030471935395,0.7897313936933569,0.4392700888561144,11.71115675009787,false_split_dropout
flocking_topology_resilient,12005,0.9775124477447544,0.5975124477447544,0.5975124477447544,0.2938586175095651,0.2938586175095651,1.0,0.0,0.0,0.0,1.0,1.0,1.0,1.0,0.3395692740800388,0.12499999999999996,7.5125,0.28595968300226837,0.28595968300226837,1.0,0.0,0.0,0.0,1.0,1.0,1.0,1.0,0.3296366221857416,0.12499999999999996,8.0,0.6836538302351893,0.007898934507296729,0.6915527647424861,0.38,11.869575082790107,false_split_dropout
flocking_topology_resilient,12006,0.9591456635984557,0.6100831635984558,0.5937427418533412,0.2877561145047928,0.2877561145047928,1.0,0.0,0.0,0.0,1.0,1.0,1.0,1.0,0.3355358844560923,0.12499999999999996,7.825,0.2782413405377511,0.2782413405377511,1.0,0.0,0.0,0.0,1.0,1.0,1.0,1.0,0.3288216144635897,0.12499999999999996,8.0,0.6713895490936628,0.0095147739670417,0.6809043230607046,0.36540292174511446,11.662835625000298,false_split_dropout
flocking_topology_resilient,12007,1.0402851368907058,0.5984101368907059,0.5847973001809932,0.3061335623912239,0.3061335623912239,1.0,0.0,0.0,0.0,1.0,1.0,1.0,1.0,0.33723463143332977,0.12499999999999996,7.65625,0.2928185677886688,0.2928185677886688,1.0,0.0,0.0,0.0,1.0,1.0,1.0,1.0,0.3262661892847782,0.12499999999999996,8.0,0.7341515744994819,0.013314994602555086,0.747466569102037,0.4554878367097126,11.783811958972365,false_split_dropout
flocking_topology_resilient,12008,1.0888010889048854,0.6841135889048852,0.5960034662429582,0.26354696383335596,0.26354696383335596,1.0,0.0,0.0,0.0,1.0,1.0,1.0,1.0,0.3374357388102577,0.12499999999999996,7.68125,0.2510930464603483,0.2510930464603483,1.0,0.0,0.0,0.0,1.0,1.0,1.0,1.0,0.3279169493340525,0.12499999999999996,8.0,0.8252541250715294,0.012453917373007661,0.8377080424445371,0.49279762266192717,11.65708183310926,false_split_dropout
flocking_topology_resilient,12009,0.9762512631617725,0.6103137631617724,0.6083888681879336,0.2679057466095231,0.2679057466095231,1.0,0.0,0.0,0.0,1.0,1.0,1.0,1.0,0.3400921599179528,0.12499999999999996,7.60625,0.2646647868584619,0.2646647868584619,1.0,0.0,0.0,0.0,1.0,1.0,1.0,1.0,0.3278725718779585,0.12499999999999996,8.0,0.7083455165522494,0.003240959751061201,0.7115864763033106,0.3678623949738389,11.514116040896624,false_split_dropout
flocking_topology_resilient,12010,0.9972933971548716,0.5994808971548715,0.5890603151971108,0.26545998909059854,0.26545998909059854,1.0,0.0,0.0,0.0,1.0,1.0,1.0,1.0,0.33343920399107113,0.12499999999999996,7.71875,0.2636007977090177,0.2636007977090177,1.0,0.0,0.0,0.0,1.0,1.0,1.0,1.0,0.32756283727313507,0.12499999999999996,8.0,0.7318334080642731,0.0018591913815808603,0.733692599445854,0.40823308195776087,11.511022417107597,false_split_dropout
flocking_topology_resilient,12011,0.9581288879882901,0.5721913879882903,0.5576283456331812,0.2678068687259267,0.2678068687259267,1.0,0.0,0.0,0.0,1.0,1.0,1.0,1.0,0.3423929503287605,0.12500000000000042,7.55625,0.2548034472783366,0.2548034472783366,1.0,0.0,0.0,0.0,1.0,1.0,1.0,1.0,0.32751740205425256,0.12500000000000042,8.0,0.6903220192623634,0.013003421447590091,0.7033254407099535,0.4005005423551089,11.421731957932934,false_split_dropout
flocking_topology_resilient,12012,1.006168504814558,0.610856004814558,0.5982827218575026,0.285447947792168,0.285447947792168,1.0,0.0,0.0,0.0,1.0,1.0,1.0,1.0,0.3314037269643802,0.12499999999999996,7.775,0.28595974563434534,0.28595974563434534,1.0,0.0,0.0,0.0,1.0,1.0,1.0,1.0,0.32666838694264794,0.12499999999999996,8.0,0.7207205570223901,-0.0005117978421773639,0.7202087591802128,0.40788578295705546,11.511984249809757,false_split_dropout
flocking_topology_resilient,12013,0.9075370493485533,0.5409745493485534,0.5353297487265289,0.264771812123653,0.264771812123653,1.0,0.0,0.0,0.0,1.0,1.0,1.0,1.0,0.3363973110896888,0.12499999999999996,7.6,0.25458821073841564,0.25458821073841564,1.0,0.0,0.0,0.0,1.0,1.0,1.0,1.0,0.3274188949033192,0.12499999999999996,8.0,0.6427652372249002,0.010183601385237384,0.6529488386101376,0.37220730062202434,11.682498041074723,false_split_dropout
flocking_topology_resilient,12014,0.87953386112355,0.48234636112355017,0.4778269260163219,0.2553622484401322,0.2553622484401322,1.0,0.0,0.0,0.0,1.0,1.0,1.0,1.0,0.33136016904865706,0.12499999999999996,7.80625,0.25607480076392064,0.25607480076392064,1.0,0.0,0.0,0.0,1.0,1.0,1.0,1.0,0.3268204176035245,0.12499999999999996,8.0,0.6241716126834178,-0.0007125523237884179,0.6234590603596294,0.40170693510722816,11.488139958120883,false_split_dropout
flocking_topology_resilient,12015,0.9430436111029266,0.5758561111029267,0.5672226409250483,0.2890566849048874,0.2890566849048874,1.0,0.0,0.0,0.0,1.0,1.0,1.0,1.0,0.3369248448421301,0.12499999999999996,7.71875,0.27858858953324805,0.27858858953324805,1.0,0.0,0.0,0.0,1.0,1.0,1.0,1.0,0.3272680500539146,0.12499999999999996,8.0,0.6539869261980391,0.010468095371639341,0.6644550215696785,0.3758209701778783,11.778414458036423,false_split_dropout
flocking_topology_resilient,12016,0.9954733494495871,0.584223349449587,0.5678742892503031,0.26141420270834137,0.26141420270834137,1.0,0.0,0.0,0.0,1.0,1.0,1.0,1.0,0.33767474805917963,0.12499999999999996,7.5125,0.25772303683130104,0.25772303683130104,1.0,0.0,0.0,0.0,1.0,1.0,1.0,1.0,0.3271122890852058,0.12499999999999996,8.0,0.7340591467412457,0.0036911658770403255,0.737750312618286,0.42759906019928395,11.34362837485969,false_split_dropout
flocking_topology_resilient,12017,1.095670000900275,0.6997325009002753,0.6416701449370109,0.28205927514005485,0.28205927514005485,1.0,0.0,0.0,0.0,1.0,1.0,1.0,1.0,0.3344894659625101,0.12499999999999996,7.775,0.27271488878214145,0.27271488878214145,1.0,0.0,0.0,0.0,1.0,1.0,1.0,1.0,0.32721721761059486,0.12499999999999996,8.0,0.8136107257602203,0.009344386357913403,0.8229551121181337,0.4539998559632642,11.501201708102599,false_split_dropout
flocking_topology_resilient,12018,1.0359453295869923,0.6031328295869922,0.6031328295869922,0.27002625860963964,0.27002625860963964,1.0,0.0,0.0,0.0,1.0,1.0,1.0,1.0,0.3310437577496885,0.12499999999999996,7.85625,0.2690786633664734,0.2690786633664734,1.0,0.0,0.0,0.0,1.0,1.0,1.0,1.0,0.3275233713743129,0.12499999999999996,8.0,0.7659190709773527,0.0009475952431662327,0.7668666662205188,0.43281250000000004,11.390953249996528,false_split_dropout
flocking_topology_resilient,12019,1.0646040206178995,0.7346040206178996,0.655561975783492,0.28345443880779625,0.28345443880779625,1.0,0.0,0.0,0.0,1.0,1.0,1.0,1.0,0.3345710284330809,0.12499999999999996,7.6625,0.2766478374351293,0.2766478374351293,1.0,0.0,0.0,0.0,1.0,1.0,1.0,1.0,0.3277875190198193,0.12499999999999996,8.0,0.7811495818101033,0.006806601372666976,0.7879561831827702,0.40904204483440754,11.329767415998504,false_split_dropout
flocking_topology_resilient,12020,1.086028361409165,0.732278361409165,0.5851681840678771,0.26836934061208473,0.26836934061208473,1.0,0.0,0.0,0.0,1.0,1.0,1.0,1.0,0.3360491489588536,0.12499999999999996,7.76875,0.2640360368403244,0.2640360368403244,1.0,0.0,0.0,0.0,1.0,1.0,1.0,1.0,0.32914816053544355,0.12499999999999996,8.0,0.8176590207970803,0.004333303771760333,0.8219923245688406,0.500860177341288,11.465080333175138,false_split_dropout
flocking_topology_resilient,12021,1.036437608317892,0.6358126083178919,0.6022848316090121,0.2980002378525549,0.2980002378525549,1.0,0.0,0.0,0.0,1.0,1.0,1.0,1.0,0.3384436023359309,0.12499999999999996,7.78125,0.2914124388858166,0.2914124388858166,1.0,0.0,0.0,0.0,1.0,1.0,1.0,1.0,0.3341848628473205,0.12499999999999996,8.0,0.738437370465337,0.006587798966738334,0.7450251694320753,0.43415277670887975,11.672326459083706,false_split_dropout
flocking_topology_resilient,12022,1.0104620073866593,0.6257745073866592,0.6148681741732809,0.28739517256901886,0.28739517256901886,1.0,0.0,0.0,0.0,1.0,1.0,1.0,1.0,0.335815018264718,0.12499999999999996,7.5875,0.275372837173912,0.275372837173912,1.0,0.0,0.0,0.0,1.0,1.0,1.0,1.0,0.3274674482460284,0.12499999999999996,8.0,0.7230668348176403,0.012022335395106887,0.7350891702127473,0.3955938332133784,11.631262958049774,false_split_dropout
flocking_topology_resilient,12023,0.9928339907009036,0.6250214907009035,0.6243613200927285,0.27625448681805576,0.27625448681805576,1.0,0.0,0.0,0.0,1.0,1.0,1.0,1.0,0.3332472536063344,0.12499999999999996,7.84375,0.279957252402051,0.279957252402051,1.0,0.0,0.0,0.0,1.0,1.0,1.0,1.0,0.3281245515752857,0.12499999999999996,8.0,0.7165795038828479,-0.003702765583995238,0.7128767382988526,0.3684726706081751,11.639299917034805,false_split_dropout
flocking_topology_resilient,12024,1.0638498198184554,0.6075998198184551,0.6075998198184551,0.2761875584099601,0.2761875584099601,1.0,0.0,0.0,0.0,1.0,1.0,1.0,1.0,0.343372270487825,0.125,7.51875,0.2674303363841002,0.2674303363841002,1.0,0.0,0.0,0.0,1.0,1.0,1.0,1.0,0.32835000733266184,0.125,8.0,0.7876622614084953,0.008757222025859934,0.7964194834343552,0.45625000000000027,11.400154125178233,false_split_dropout
flocking_topology_resilient,12025,1.0239324131281329,0.6145574131281328,0.5958179662486527,0.2864046248347717,0.2864046248347717,1.0,0.0,0.0,0.0,1.0,1.0,1.0,1.0,0.33450519494008335,0.12499999999999996,7.675,0.2783348501036546,0.2783348501036546,1.0,0.0,0.0,0.0,1.0,1.0,1.0,1.0,0.3279525251940024,0.12499999999999996,8.0,0.7375277882933612,0.008069774731117085,0.7455975630244782,0.4281144468794802,11.46492191683501,false_split_dropout
flocking_topology_resilient,12026,1.0161148741702288,0.5979898741702286,0.5952391387095288,0.28453701226,0.28453701226,1.0,0.0,0.0,0.0,1.0,1.0,1.0,1.0,0.3376937941640513,0.12499999999999996,7.68125,0.27402678487647425,0.27402678487647425,1.0,0.0,0.0,0.0,1.0,1.0,1.0,1.0,0.3278600976880185,0.12499999999999996,8.0,0.7315778619102289,0.01051022738352575,0.7420880892937546,0.4208757354607,11.486780291888863,false_split_dropout
flocking_topology_resilient,12027,1.0466925509865077,0.6882550509865076,0.5795965840471615,0.2758040229496519,0.2758040229496519,1.0,0.0,0.0,0.0,1.0,1.0,1.0,1.0,0.3358044993139801,0.12500000000000003,7.81875,0.26912845613108793,0.26912845613108793,1.0,0.0,0.0,0.0,1.0,1.0,1.0,1.0,0.328565672503103,0.12500000000000003,8.0,0.7708885280368558,0.0066755668185639605,0.7775640948554198,0.4670959669393462,11.473822749918327,false_split_dropout
flocking_topology_resilient,12028,0.9957228020801463,0.6238478020801462,0.6168808811493236,0.29704636444385385,0.29704636444385385,1.0,0.0,0.0,0.0,1.0,1.0,1.0,1.0,0.3361114758559825,0.1250000000000038,7.7125,0.2875575575784137,0.2875575575784137,1.0,0.0,0.0,0.0,1.0,1.0,1.0,1.0,0.3298323469899509,0.12500000000000377,8.0,0.6986764376362924,0.009488806865440125,0.7081652445017326,0.3788419209308227,11.502440459094942,false_split_dropout
flocking_topology_resilient,12029,0.9845234724353545,0.5973359724353545,0.5940463656596211,0.27802741926592256,0.27802741926592256,1.0,0.0,0.0,0.0,1.0,1.0,1.0,1.0,0.3327965780010492,0.12499999999999996,7.78125,0.27796952268547254,0.27796952268547254,1.0,0.0,0.0,0.0,1.0,1.0,1.0,1.0,0.3276361290486679,0.12499999999999996,8.0,0.706496053169432,5.7896580450023105e-05,0.7065539497498821,0.39047710677573344,11.890629749977961,false_split_dropout
flocking_topology_resilient,12030,0.9415707395883214,0.5537582395883214,0.5514234938209566,0.253007678747016,0.253007678747016,1.0,0.0,0.0,0.0,1.0,1.0,1.0,1.0,0.3306607761036073,0.12499999999999996,7.775,0.25292237967179926,0.25292237967179926,1.0,0.0,0.0,0.0,1.0,1.0,1.0,1.0,0.3260206946081987,0.12499999999999996,8.0,0.6885630608413054,8.529907521676039e-05,0.6886483599165221,0.3901472457673648,11.42480287514627,false_split_dropout
flocking_topology_resilient,12031,0.9113045852745092,0.5528670852745092,0.5004234599991971,0.28414819505455763,0.28414819505455763,1.0,0.0,0.0,0.0,1.0,1.0,1.0,1.0,0.33496863117634634,0.12499999999999996,7.74375,0.2784549205099501,0.2784549205099501,1.0,0.0,0.0,0.0,1.0,1.0,1.0,1.0,0.32660211219592294,0.12499999999999996,8.0,0.6271563902199515,0.005693274544607552,0.6328496647645592,0.41088112527531206,11.614331083139405,false_split_dropout
flocking_topology_resilient,12032,1.0438932762007445,0.6032682762007445,0.5838353629251948,0.25868486897293763,0.25868486897293763,1.0,0.0,0.0,0.0,1.0,1.0,1.0,1.0,0.34128546254430997,0.12499999999999996,7.55625,0.2524365194613628,0.2524365194613628,1.0,0.0,0.0,0.0,1.0,1.0,1.0,1.0,0.32700960042300875,0.12499999999999996,8.0,0.7852084072278068,0.006248349511574824,0.7914567567393817,0.4600579132755497,11.471162166912109,false_split_dropout
flocking_topology_resilient,12033,1.0433248264292845,0.5773873264292844,0.5763591654540434,0.3013364781763328,0.3013364781763328,1.0,0.0,0.0,0.0,1.0,1.0,1.0,1.0,0.34621476923630057,0.12499999999999996,7.225,0.27989405987302984,0.27989405987302984,1.0,0.0,0.0,0.0,1.0,1.0,1.0,1.0,0.32701611030791294,0.12499999999999996,8.0,0.7419883482529517,0.021442418303302957,0.7634307665562546,0.46696566097524106,11.21029945788905,false_split_dropout
flocking_topology_resilient,12034,1.019172922241233,0.6801104222412329,0.5652160123259296,0.27092789000100886,0.27092789000100886,1.0,0.0,0.0,0.0,1.0,1.0,1.0,1.0,0.33242474831326463,0.12499999999999996,7.7875,0.26130009366682083,0.26130009366682083,1.0,0.0,0.0,0.0,1.0,1.0,1.0,1.0,0.3283881616040453,0.12499999999999996,8.0,0.7482450322402241,0.009627796334188032,0.7578728285744121,0.45395690991530335,11.390210957964882,false_split_dropout
flocking_topology_resilient,12035,1.0091547155328924,0.5575922155328923,0.5569717704062425,0.2725907284079133,0.2725907284079133,1.0,0.0,0.0,0.0,1.0,1.0,1.0,1.0,0.33838617766654194,0.12499999999999996,7.66875,0.26279697399081947,0.26279697399081947,1.0,0.0,0.0,0.0,1.0,1.0,1.0,1.0,0.3283282365868269,0.12499999999999996,8.0,0.7365639871249791,0.009793754417093847,0.7463577415420729,0.4521829451266499,11.327859666896984,false_split_dropout
flocking_topology_resilient,12036,1.0300328008362973,0.5953453008362973,0.5949785522682116,0.2717648846333465,0.2717648846333465,1.0,0.0,0.0,0.0,1.0,1.0,1.0,1.0,0.33338558824544073,0.1260197602405797,7.70625,0.2598860160775685,0.2598860160775685,1.0,0.0,0.0,0.0,1.0,1.0,1.0,1.0,0.32723452119806173,0.12499999999999996,8.0,0.7582679162029509,0.011878868555778022,0.7701467847587289,0.4350542485680857,11.536181249888614,false_split_dropout
flocking_topology_resilient,12037,1.1019725780210776,0.6960350780210776,0.6045202808613419,0.2753406260561303,0.2753406260561303,1.0,0.0,0.0,0.0,1.0,1.0,1.0,1.0,0.33220929961515766,0.12499999999999996,7.81875,0.2710553070681189,0.2710553070681189,1.0,0.0,0.0,0.0,1.0,1.0,1.0,1.0,0.3278377686742958,0.12499999999999996,8.0,0.8266319519649473,0.004285318988011377,0.8309172709529586,0.4974522971597357,11.785869749961421,false_split_dropout
flocking_topology_resilient,12038,0.9828672882260518,0.6097422882260518,0.5996861139423001,0.2850495374575298,0.2850495374575298,1.0,0.0,0.0,0.0,1.0,1.0,1.0,1.0,0.33223471786556996,0.12499999999999996,7.80625,0.2833668171995378,0.2833668171995378,1.0,0.0,0.0,0.0,1.0,1.0,1.0,1.0,0.32717138759642517,0.12499999999999996,8.0,0.697817750768522,0.0016827202579919875,0.699500471026514,0.38318117428375176,11.59273604187183,false_split_dropout
flocking_topology_resilient,12039,1.0598810831643608,0.6205060831643607,0.6192736939139332,0.27561567413365695,0.27561567413365695,1.0,0.0,0.0,0.0,1.0,1.0,1.0,1.0,0.3389340361984604,0.12499999999999996,7.58125,0.27202892329243406,0.27202892329243406,1.0,0.0,0.0,0.0,1.0,1.0,1.0,1.0,0.326252262554259,0.12499999999999996,8.0,0.7842654090307039,0.0035867508412228966,0.7878521598719268,0.44060738925042764,11.63569787493907,false_split_dropout
flocking_topology_resilient,12040,0.9531591297478516,0.5812841297478515,0.5233824481886431,0.28887659131508564,0.28887659131508564,1.0,0.0,0.0,0.0,1.0,1.0,1.0,1.0,0.3305066742778754,0.12499999999999996,7.9,0.2873735455352181,0.2873735455352181,1.0,0.0,0.0,0.0,1.0,1.0,1.0,1.0,0.3276257384172255,0.12499999999999996,8.0,0.664282538432766,0.00150304577986754,0.6657855842126335,0.42977668155920845,11.651706916978583,false_split_dropout
flocking_topology_resilient,12041,0.9875805447347423,0.6063305447347422,0.6010696335015808,0.29055227728116373,0.29055227728116373,1.0,0.0,0.0,0.0,1.0,1.0,1.0,1.0,0.3411968009666877,0.12500000000090447,7.56875,0.2890863609140097,0.2890863609140097,1.0,0.0,0.0,0.0,1.0,1.0,1.0,1.0,0.32727348292463365,0.12499999999999996,8.0,0.6970282674535786,0.001465916367154041,0.6984941838207326,0.3865109112331615,11.417937292018905,false_split_dropout
flocking_topology_resilient,12042,1.1909697641342665,0.7631572641342663,0.6370158876393255,0.2883072393252742,0.2883072393252742,1.0,0.0,0.0,0.0,1.0,1.0,1.0,1.0,0.33267654839051813,0.12499999999999996,7.71875,0.2814599799019325,0.2814599799019325,1.0,0.0,0.0,0.0,1.0,1.0,1.0,1.0,0.32637446204893905,0.12499999999999996,8.0,0.9026625248089923,0.0068472594233416895,0.909509784232334,0.553953876494941,11.534744333010167,false_split_dropout
flocking_topology_resilient,12043,1.0662041243755194,0.6943291243755193,0.5817447821575454,0.2848670874937242,0.2848670874937242,1.0,0.0,0.0,0.0,1.0,1.0,1.0,1.0,0.3378113555863765,0.12499999999999997,7.5625,0.2779113944997186,0.2779113944997186,1.0,0.0,0.0,0.0,1.0,1.0,1.0,1.0,0.3293008213345927,0.12499999999999997,8.0,0.7813370368817951,0.006955692994005613,0.7882927298758008,0.48445934221797393,11.421753040980548,false_split_dropout
flocking_topology_resilient,12044,0.8839360450480414,0.5351860450480411,0.5296941402759641,0.28109900484620026,0.28109900484620026,1.0,0.0,0.0,0.0,1.0,1.0,1.0,1.0,0.3325855967099455,0.12499999999999996,7.78125,0.27052458938551116,0.27052458938551116,1.0,0.0,0.0,0.0,1.0,1.0,1.0,1.0,0.3256667638828013,0.12499999999999996,8.0,0.602837040201841,0.010574415460689102,0.6134114556625302,0.3542419047720773,11.382782500004396,false_split_dropout
flocking_topology_resilient,12045,1.060829957570427,0.6086424575704269,0.6049128220839954,0.2643230637903035,0.2643230637903035,1.0,0.0,0.0,0.0,1.0,1.0,1.0,1.0,0.3396400173482562,0.12499999999999996,7.48125,0.2563775874306437,0.2563775874306437,1.0,0.0,0.0,0.0,1.0,1.0,1.0,1.0,0.3283109664447631,0.12499999999999996,8.0,0.7965068937801234,0.007945476359659809,0.8044523701397832,0.45591713548643154,11.38430400006473,false_split_dropout
flocking_topology_resilient,12046,0.9315014955762495,0.5468139955762495,0.5389090719600887,0.2875820567368319,0.2875820567368319,1.0,0.0,0.0,0.0,1.0,1.0,1.0,1.0,0.33059942618856397,0.12499999999999996,7.825,0.28725604037197616,0.28725604037197616,1.0,0.0,0.0,0.0,1.0,1.0,1.0,1.0,0.32671817378006696,0.12499999999999996,8.0,0.6439194388394176,0.00032601636485574126,0.6442454552042733,0.39259242361616076,11.727651375113055,false_split_dropout
flocking_topology_resilient,12047,1.044255577688313,0.6148805776883128,0.5985187156013959,0.24710781074197471,0.24710781074197471,1.0,0.0,0.0,0.0,1.0,1.0,1.0,1.0,0.3338556899603306,0.12499999999999996,7.675,0.2514449601043004,0.2514449601043004,1.0,0.0,0.0,0.0,1.0,1.0,1.0,1.0,0.3276552509964742,0.12499999999999996,8.0,0.7971477669463382,-0.004337149362325682,0.7928106175840125,0.445736862086917,11.648580416105688,false_split_dropout
flocking_topology_resilient,12048,0.9500250061075874,0.5387750061075873,0.5387750061075873,0.2826617575903212,0.2826617575903212,1.0,0.0,0.0,0.0,1.0,1.0,1.0,1.0,0.33450038602165133,0.12499999999999996,7.65625,0.27651386771671527,0.27651386771671527,1.0,0.0,0.0,0.0,1.0,1.0,1.0,1.0,0.32626351393397235,0.12499999999999996,8.0,0.6673632485172662,0.006147889873605927,0.6735111383908722,0.4112500000000001,11.630639417096972,false_split_dropout
flocking_topology_resilient,12049,0.9483418005792921,0.5242793005792921,0.5184379684407017,0.26646336788983255,0.26646336788983255,1.0,0.0,0.0,0.0,1.0,1.0,1.0,1.0,0.33340958223314804,0.12499999999999996,7.75625,0.26505575775270274,0.26505575775270274,1.0,0.0,0.0,0.0,1.0,1.0,1.0,1.0,0.32819104111843744,0.12499999999999996,8.0,0.6818784326894596,0.001407610137129811,0.6832860428265893,0.4299038321385904,11.437625708058476,false_split_dropout
flocking_topology_resilient,12050,1.0392037918806385,0.6063912918806384,0.5989272613041058,0.2718416273781045,0.2718416273781045,1.0,0.0,0.0,0.0,1.0,1.0,1.0,1.0,0.3440360065653246,0.12500000000000083,7.45,0.25704953596472635,0.25704953596472635,1.0,0.0,0.0,0.0,1.0,1.0,1.0,1.0,0.32632147528454375,0.12500000000000083,8.0,0.7673621645025339,0.014792091413378172,0.7821542559159121,0.4402765305765327,11.446829874999821,false_split_dropout
flocking_topology_resilient,12051,1.0284732582185434,0.6259732582185432,0.6087610570557223,0.28898282161715333,0.28898282161715333,1.0,0.0,0.0,0.0,1.0,1.0,1.0,1.0,0.34135219926588445,0.12499999999999996,7.60625,0.2725308493996831,0.2725308493996831,1.0,0.0,0.0,0.0,1.0,1.0,1.0,1.0,0.3292238640698666,0.12499999999999996,8.0,0.7394904366013901,0.016451972217470245,0.7559424088188603,0.41971220116282115,11.408780624857172,false_split_dropout
flocking_topology_resilient,12052,1.0247785174800892,0.6107160174800893,0.5958829424856283,0.28151768154314266,0.28151768154314266,1.0,0.0,0.0,0.0,1.0,1.0,1.0,1.0,0.3460000664759423,0.12500000000000003,7.4375,0.268742072102819,0.268742072102819,1.0,0.0,0.0,0.0,1.0,1.0,1.0,1.0,0.32809491495825976,0.12500000000000003,8.0,0.7432608359369466,0.012775609440323688,0.7560364453772702,0.42889557499446085,11.324556833831593,false_split_dropout
flocking_topology_resilient,12053,0.9581107462254949,0.5487357462254947,0.5450852578356036,0.2929699470194836,0.2929699470194836,1.0,0.0,0.0,0.0,1.0,1.0,1.0,1.0,0.3358902244608284,0.125,7.625,0.2786778866349481,0.2786778866349481,1.0,0.0,0.0,0.0,1.0,1.0,1.0,1.0,0.3274638278921763,0.125,8.0,0.6651407992060112,0.01429206038453551,0.6794328595905468,0.4130254883898913,11.497952166944742,false_split_dropout
flocking_topology_resilient,12054,1.0210486770122806,0.6397986770122805,0.6265681280555775,0.2999119851596901,0.2999119851596901,1.0,0.0,0.0,0.0,1.0,1.0,1.0,1.0,0.3387874199459576,0.12499999999999996,7.6375,0.2810813279808467,0.2810813279808467,1.0,0.0,0.0,0.0,1.0,1.0,1.0,1.0,0.32608597598233274,0.12499999999999996,8.0,0.7211366918525906,0.018830657178843413,0.739967349031434,0.39448054895670315,11.690871624974534,false_split_dropout
flocking_topology_resilient,12055,1.1074163348377464,0.7221038348377464,0.6366458985522896,0.2907254982294514,0.2907254982294514,1.0,0.0,0.0,0.0,1.0,1.0,1.0,1.0,0.3386302598836533,0.12499999999999996,7.60625,0.28365364975352075,0.28365364975352075,1.0,0.0,0.0,0.0,1.0,1.0,1.0,1.0,0.3294075459018774,0.12499999999999996,8.0,0.816690836608295,0.00707184847593062,0.8237626850842257,0.4707704362854568,11.58663566596806,false_split_dropout
flocking_topology_resilient,12056,0.9197017723531598,0.5250142723531598,0.519436924392604,0.2898954955130322,0.2898954955130322,1.0,0.0,0.0,0.0,1.0,1.0,1.0,1.0,0.3322374038911778,0.12499999999999996,7.78125,0.28400603285537385,0.28400603285537385,1.0,0.0,0.0,0.0,1.0,1.0,1.0,1.0,0.3280158120677285,0.12499999999999996,8.0,0.6298062768401276,0.005889462657658329,0.6356957394977859,0.4002648479605557,11.535530665889382,false_split_dropout
flocking_topology_resilient,12057,1.0236170673088665,0.6217420673088665,0.6125254684705462,0.26761984356371216,0.26761984356371216,1.0,0.0,0.0,0.0,1.0,1.0,1.0,1.0,0.34344474525173874,0.12499999999999996,7.5375,0.2565295103296119,0.2565295103296119,1.0,0.0,0.0,0.0,1.0,1.0,1.0,1.0,0.327609700903192,0.12499999999999996,8.0,0.7559972237451543,0.011090333234100247,0.7670875569792546,0.41109159883832025,11.457175417104736,false_split_dropout
flocking_topology_resilient,12058,1.053234916246369,0.6413599162463691,0.6289045058449617,0.2819004453145982,0.2819004453145982,1.0,0.0,0.0,0.0,1.0,1.0,1.0,1.0,0.3439588321764434,0.12499999999999996,7.53125,0.2762528086936906,0.2762528086936906,1.0,0.0,0.0,0.0,1.0,1.0,1.0,1.0,0.3277127392736417,0.12499999999999996,8.0,0.7713344709317709,0.005647636620907559,0.7769821075526784,0.4243304104014073,11.586288207909092,false_split_dropout
flocking_topology_resilient,12059,1.086837629607939,0.6802751296079389,0.5919450383864282,0.23679422498042907,0.23679422498042907,1.0,0.0,0.0,0.0,1.0,1.0,1.0,1.0,0.3378220546143907,0.12499999999999996,7.45,0.22972378662489837,0.22972378662489837,1.0,0.0,0.0,0.0,1.0,1.0,1.0,1.0,0.3266975487395361,0.12499999999999996,8.0,0.8500434046275098,0.0070704383555307004,0.8571138429830406,0.49489259122151075,11.317576624918729,false_split_dropout
flocking_topology_resilient,12060,0.9815169331398266,0.6008919331398268,0.5971291257779827,0.2773779979078386,0.2773779979078386,1.0,0.0,0.0,0.0,1.0,1.0,1.0,1.0,0.3341816123136356,0.12499999999999996,7.7,0.2696181105950607,0.2696181105950607,1.0,0.0,0.0,0.0,1.0,1.0,1.0,1.0,0.32777770753918123,0.12499999999999996,8.0,0.704138935231988,0.0077598873127779355,0.7118988225447659,0.38438780736184386,11.447194708045572,false_split_dropout
flocking_topology_resilient,12061,0.9757743181363796,0.5910868181363795,0.5910868181363795,0.2622988212519309,0.2622988212519309,1.0,0.0,0.0,0.0,1.0,1.0,1.0,1.0,0.3346423694115638,0.12499999999999996,7.6125,0.25451141144897793,0.25451141144897793,1.0,0.0,0.0,0.0,1.0,1.0,1.0,1.0,0.3275472308808803,0.12499999999999996,8.0,0.7134754968844488,0.007787409802952949,0.7212629066874017,0.38468750000000007,11.399090416030958,false_split_dropout
flocking_topology_resilient,12062,1.0904999859984947,0.6839374859984947,0.5591229294465615,0.27840169373736323,0.27840169373736323,1.0,0.0,0.0,0.0,1.0,1.0,1.0,1.0,0.33345433417160636,0.12499999999999996,7.8125,0.2752651111745409,0.2752651111745409,1.0,0.0,0.0,0.0,1.0,1.0,1.0,1.0,0.32785476613343656,0.12499999999999996,8.0,0.8120982922611315,0.003136582562822343,0.8152348748239538,0.5313770565519332,11.760724500054494,false_split_dropout
flocking_topology_resilient,12063,0.9283982531661714,0.5658982531661712,0.5580866651425325,0.2919972326236539,0.2919972326236539,1.0,0.0,0.0,0.0,1.0,1.0,1.0,1.0,0.34693814582216714,0.12499999999999996,7.50625,0.2808077784104513,0.2808077784104513,1.0,0.0,0.0,0.0,1.0,1.0,1.0,1.0,0.3272036683321019,0.12499999999999996,8.0,0.6364010205425175,0.01118945421320261,0.6475904747557202,0.37031158802363895,11.544588833115995,false_split_dropout
flocking_topology_resilient,12064,0.9999450188067653,0.6068200188067653,0.578223578095725,0.2990961669510929,0.2990961669510929,1.0,0.0,0.0,0.0,1.0,1.0,1.0,1.0,0.33581030509458565,0.12500000000002282,7.7,0.28840374949914305,0.28840374949914305,1.0,0.0,0.0,0.0,1.0,1.0,1.0,1.0,0.3296835397648926,0.12500000000002282,8.0,0.7008488518556724,0.010692417451949876,0.7115412693076223,0.42172144071104034,11.476715125143528,false_split_dropout
flocking_topology_resilient,12065,0.8843754182520115,0.5359379182520115,0.5333885930723177,0.28058617165625466,0.28058617165625466,1.0,0.0,0.0,0.0,1.0,1.0,1.0,1.0,0.3310673734302731,0.12499999999999996,7.8,0.2793052717419215,0.2793052717419215,1.0,0.0,0.0,0.0,1.0,1.0,1.0,1.0,0.32738463219581837,0.12499999999999996,8.0,0.6037892465957568,0.0012808999143331667,0.6050701465100901,0.3509868251796938,11.444263166049495,false_split_dropout
flocking_topology_resilient,12066,1.0121236735739838,0.6214986735739836,0.5850825557883377,0.27787986132457254,0.27787986132457254,1.0,0.0,0.0,0.0,1.0,1.0,1.0,1.0,0.337175054164954,0.12499999999999996,7.74375,0.26801517847254086,0.26801517847254086,1.0,0.0,0.0,0.0,1.0,1.0,1.0,1.0,0.3293036103435485,0.12499999999999996,8.0,0.7342438122494113,0.009864682852031681,0.744108495101443,0.42704111778564613,11.511811834061518,false_split_dropout
flocking_topology_resilient,12067,0.9857064521565186,0.6125814521565187,0.5983846198713497,0.30609721329155715,0.30609721329155715,1.0,0.0,0.0,0.0,1.0,1.0,1.0,1.0,0.3438820863177428,0.12499999999999996,7.65,0.3002960908366466,0.3002960908366466,1.0,0.0,0.0,0.0,1.0,1.0,1.0,1.0,0.33105178582783773,0.12499999999999996,8.0,0.6796092388649615,0.005801122454910546,0.6854103613198721,0.3873218322851689,11.48826100002043,false_split_dropout
flocking_topology_resilient,12068,0.9346551989306182,0.5909051989306181,0.5430916427036953,0.28382155771637463,0.28382155771637463,1.0,0.0,0.0,0.0,1.0,1.0,1.0,1.0,0.3312410522384718,0.1250000000000013,7.8375,0.2793483215851005,0.2793483215851005,1.0,0.0,0.0,0.0,1.0,1.0,1.0,1.0,0.3280689523140789,0.1250000000000013,8.0,0.6508336412142436,0.00447323613127415,0.6553068773455177,0.39156355622692296,11.611617041984573,false_split_dropout
flocking_topology_resilient,12069,1.054050906318155,0.634050906318155,0.61461666680131,0.2699718153828894,0.2699718153828894,1.0,0.0,0.0,0.0,1.0,1.0,1.0,1.0,0.338415170160207,0.125,7.53125,0.2598698232095956,0.2598698232095956,1.0,0.0,0.0,0.0,1.0,1.0,1.0,1.0,0.32813748531650233,0.125,8.0,0.7840790909352655,0.010101992173293772,0.7941810831085593,0.4394342395168449,11.36957741691731,false_split_dropout
flocking_topology_resilient,12070,0.953088465921477,0.5730884659214769,0.5696874418927673,0.2951929275535091,0.2951929275535091,1.0,0.0,0.0,0.0,1.0,1.0,1.0,1.0,0.3318983365987086,0.12499999999999996,7.80625,0.3002887265475504,0.3002887265475504,1.0,0.0,0.0,0.0,1.0,1.0,1.0,1.0,0.32783879877894745,0.12499999999999996,8.0,0.6578955383679679,-0.0050957989940412785,0.6527997393739267,0.3834010240287097,11.786244792165235,false_split_dropout
flocking_topology_resilient,12071,0.9998762372955206,0.5464387372955206,0.5453778630132249,0.27329620018448114,0.27329620018448114,1.0,0.0,0.0,0.0,1.0,1.0,1.0,1.0,0.33394761031483144,0.12499999999999996,7.70625,0.2622508886360719,0.2622508886360719,1.0,0.0,0.0,0.0,1.0,1.0,1.0,1.0,0.32546108009183067,0.12499999999999996,8.0,0.7265800371110394,0.011045311548409265,0.7376253486594486,0.45449837428229567,11.64191637490876,false_split_dropout
flocking_topology_resilient,12072,1.0320132777231712,0.6435757777231711,0.641094484698393,0.29298181147449787,0.29298181147449787,1.0,0.0,0.0,0.0,1.0,1.0,1.0,1.0,0.33648218945393105,0.12499999999999996,7.76875,0.28275154258068486,0.28275154258068486,1.0,0.0,0.0,0.0,1.0,1.0,1.0,1.0,0.3294123223714906,0.12499999999999996,8.0,0.7390314662486733,0.01023026889381301,0.7492617351424864,0.39091879302477817,11.469137292122468,false_split_dropout
flocking_topology_resilient,12073,1.0210338451715804,0.6210338451715801,0.6079826471078552,0.257941494145024,0.257941494145024,1.0,0.0,0.0,0.0,1.0,1.0,1.0,1.0,0.33853061102390064,0.12499999999999996,7.70625,0.2573580780657049,0.2573580780657049,1.0,0.0,0.0,0.0,1.0,1.0,1.0,1.0,0.32788267587618564,0.12499999999999996,8.0,0.7630923510265564,0.0005834160793191101,0.7636757671058755,0.41305119806372514,11.452018874930218,false_split_dropout
flocking_topology_resilient,12074,1.0713334843073319,0.670708484307332,0.616562303157129,0.29723257817301185,0.29723257817301185,1.0,0.0,0.0,0.0,1.0,1.0,1.0,1.0,0.3460620171774561,0.12499999999999996,7.56875,0.2797258705318545,0.2797258705318545,1.0,0.0,0.0,0.0,1.0,1.0,1.0,1.0,0.33016790037064664,0.12499999999999996,8.0,0.77410090613432,0.01750670764115736,0.7916076137754774,0.4547711811502029,11.528575333068147,false_split_dropout
flocking_topology_resilient,12075,1.0885222082395234,0.6338347082395236,0.6218680907920094,0.2627330094546963,0.2627330094546963,1.0,0.0,0.0,0.0,1.0,1.0,1.0,1.0,0.33429053434273887,0.12499999999999996,7.69375,0.2565343609550067,0.2565343609550067,1.0,0.0,0.0,0.0,1.0,1.0,1.0,1.0,0.32706971506985344,0.12499999999999996,8.0,0.8257891987848271,0.006198648499689596,0.8319878472845167,0.46665411744751395,11.50108200008981,false_split_dropout
flocking_topology_resilient,12076,1.093531831582314,0.658219331582314,0.6182231559228499,0.28577841195951936,0.28577841195951936,1.0,0.0,0.0,0.0,1.0,1.0,1.0,1.0,0.3417821871515151,0.12499999999999996,7.29375,0.27032010073403134,0.27032010073403134,1.0,0.0,0.0,0.0,1.0,1.0,1.0,1.0,0.32759010467730165,0.12499999999999996,8.0,0.8077534196227946,0.01545831122548802,0.8232117308482826,0.475308675659464,11.326672791969031,false_split_dropout
flocking_topology_resilient,12077,1.0368571062642653,0.6349821062642652,0.5728987167863409,0.27307452805912924,0.27307452805912924,1.0,0.0,0.0,0.0,1.0,1.0,1.0,1.0,0.3363257552894344,0.12499999999999996,7.6875,0.25487200521375986,0.25487200521375986,1.0,0.0,0.0,0.0,1.0,1.0,1.0,1.0,0.3292605855344015,0.12499999999999996,8.0,0.7637825782051361,0.018202522845369384,0.7819851010505054,0.46395838947792445,11.52967541711405,false_split_dropout
flocking_topology_resilient,12078,1.0546086630932057,0.6874211630932057,0.6454176830444476,0.2960954991879827,0.2960954991879827,1.0,0.0,0.0,0.0,1.0,1.0,1.0,1.0,0.34630633011284295,0.12499999999999996,7.51875,0.2818263574394207,0.2818263574394207,1.0,0.0,0.0,0.0,1.0,1.0,1.0,1.0,0.3291627107591841,0.12499999999999996,8.0,0.7585131639052229,0.014269141748562031,0.772782305653785,0.4091909800487581,11.701430292101577,false_split_dropout
flocking_topology_resilient,12079,0.9618777454904273,0.5853152454904272,0.5786370638242576,0.2636605652689596,0.2636605652689596,1.0,0.0,0.0,0.0,1.0,1.0,1.0,1.0,0.33167434656148387,0.12499999999999996,7.83125,0.26239150155212015,0.26239150155212015,1.0,0.0,0.0,0.0,1.0,1.0,1.0,1.0,0.3265457596981647,0.12499999999999996,8.0,0.6982171802214676,0.0012690637168394359,0.6994862439383072,0.38324068166616965,11.805972999893129,false_split_dropout
flocking_topology_resilient,12080,0.9039067644924902,0.51734426449249,0.509560768290576,0.2727059551063521,0.2727059551063521,1.0,0.0,0.0,0.0,1.0,1.0,1.0,1.0,0.3328319501392806,0.12499999999999996,7.775,0.26392776653657557,0.26392776653657557,1.0,0.0,0.0,0.0,1.0,1.0,1.0,1.0,0.3276686475996998,0.12499999999999996,8.0,0.6312008093861381,0.008778188569776524,0.6399789979559146,0.39434599620191424,11.654940208187327,false_split_dropout
flocking_topology_resilient,12081,0.9474937568522404,0.5174937568522403,0.5174937568522403,0.2772770693057408,0.2772770693057408,1.0,0.0,0.0,0.0,1.0,1.0,1.0,1.0,0.33315773468344545,0.12499999999999996,7.625,0.27020367261012257,0.27020367261012257,1.0,0.0,0.0,0.0,1.0,1.0,1.0,1.0,0.324780993271576,0.12499999999999996,8.0,0.6702166875464995,0.007073396695618239,0.6772900842421178,0.43000000000000005,11.35795004107058,false_split_dropout
flocking_topology_resilient,12082,0.9813105244034286,0.5947480244034287,0.5830384616735674,0.28021456866629774,0.28021456866629774,1.0,0.0,0.0,0.0,1.0,1.0,1.0,1.0,0.3367908506504477,0.12499999999999996,7.79375,0.27305729034343684,0.27305729034343684,1.0,0.0,0.0,0.0,1.0,1.0,1.0,1.0,0.33029882537324057,0.12499999999999996,8.0,0.7010959557371308,0.007157278322860894,0.7082532340599917,0.39827206272986115,11.407759999856353,false_split_dropout
flocking_topology_resilient,12083,0.9671403765209987,0.5424528765209987,0.5393721394647109,0.28743480277688677,0.28743480277688677,1.0,0.0,0.0,0.0,1.0,1.0,1.0,1.0,0.3377296981477856,0.12499999999999996,7.6375,0.28255342660211724,0.28255342660211724,1.0,0.0,0.0,0.0,1.0,1.0,1.0,1.0,0.32953635410757787,0.12499999999999996,8.0,0.679705573744112,0.004881376174769525,0.6845869499188815,0.42776823705628786,11.448053250089288,false_split_dropout
flocking_topology_resilient,12084,0.9356029942404316,0.5677904942404316,0.563203059894805,0.27832370982490917,0.27832370982490917,1.0,0.0,0.0,0.0,1.0,1.0,1.0,1.0,0.3398330644824735,0.12499999999999996,7.61875,0.2673384027869691,0.2673384027869691,1.0,0.0,0.0,0.0,1.0,1.0,1.0,1.0,0.32685759837424666,0.12499999999999996,8.0,0.6572792844155224,0.010985307037940095,0.6682645914534625,0.37239993434562657,11.54442449985072,false_split_dropout
flocking_topology_resilient,12085,0.9707883559742866,0.5467258559742867,0.5433936156777738,0.28127227766087565,0.28127227766087565,1.0,0.0,0.0,0.0,1.0,1.0,1.0,1.0,0.33486809379581517,0.125,7.65625,0.27689374257905447,0.27689374257905447,1.0,0.0,0.0,0.0,1.0,1.0,1.0,1.0,0.3267207264081162,0.125,8.0,0.6895160783134109,0.004378535081821178,0.6938946133952322,0.4273947402965128,11.60477245808579,false_split_dropout
flocking_topology_resilient,12086,1.0003422140205138,0.599717214020514,0.5688166752150405,0.28111407841616315,0.28111407841616315,1.0,0.0,0.0,0.0,1.0,1.0,1.0,1.0,0.3350522499588643,0.12499999999999996,7.81875,0.28061083686870303,0.28061083686870303,1.0,0.0,0.0,0.0,1.0,1.0,1.0,1.0,0.3310579026852094,0.12499999999999996,8.0,0.7192281356043506,0.0005032415474601204,0.7197313771518108,0.4315255388054733,11.800631792051718,false_split_dropout
flocking_topology_resilient,12087,1.0300069449403348,0.565631944940335,0.565631944940335,0.2718725923063229,0.2718725923063229,1.0,0.0,0.0,0.0,1.0,1.0,1.0,1.0,0.34002226740890445,0.12499999999999996,7.48125,0.276264705898995,0.276264705898995,1.0,0.0,0.0,0.0,1.0,1.0,1.0,1.0,0.3287113711231668,0.12499999999999996,8.0,0.758134352634012,-0.004392113592672109,0.7537422390413399,0.46437499999999987,11.556122415931895,false_split_dropout
flocking_topology_resilient,12088,1.025422554030366,0.6160475540303662,0.6154274989573245,0.26405914184935025,0.26405914184935025,1.0,0.0,0.0,0.0,1.0,1.0,1.0,1.0,0.34095149293563737,0.12499999999999996,7.5875,0.2616676738500545,0.2616676738500545,1.0,0.0,0.0,0.0,1.0,1.0,1.0,1.0,0.328693791121209,0.12499999999999996,8.0,0.7613634121810158,0.0023914679992957377,0.7637548801803116,0.40999505507304157,11.383678667014465,false_split_dropout
flocking_topology_resilient,12089,0.8790039735506827,0.5258789735506829,0.5193020961875602,0.27794830042786056,0.27794830042786056,1.0,0.0,0.0,0.0,1.0,1.0,1.0,1.0,0.329356058225882,0.12499999999999996,7.9,0.2750321553627731,0.2750321553627731,1.0,0.0,0.0,0.0,1.0,1.0,1.0,1.0,0.3266211980539083,0.12499999999999996,8.0,0.6010556731228222,0.002916145065087472,0.6039718181879097,0.35970187736312254,11.533355874940753,false_split_dropout
flocking_topology_resilient,12090,1.0247377680652179,0.5825502680652177,0.5713416912319965,0.29768591570392405,0.29768591570392405,1.0,0.0,0.0,0.0,1.0,1.0,1.0,1.0,0.3340374054188972,0.12499999999999996,7.66875,0.2849134828414065,0.2849134828414065,1.0,0.0,0.0,0.0,1.0,1.0,1.0,1.0,0.3274119693409575,0.12499999999999996,8.0,0.7270518523612939,0.012772432862517558,0.7398242852238114,0.45339607683322136,11.672126417048275,false_split_dropout
flocking_topology_resilient,12091,1.0009738071677468,0.6197238071677469,0.6015116061541257,0.27920325680716224,0.27920325680716224,1.0,0.0,0.0,0.0,1.0,1.0,1.0,1.0,0.3308087516252118,0.12499999999999996,7.9,0.2785695254865577,0.2785695254865577,1.0,0.0,0.0,0.0,1.0,1.0,1.0,1.0,0.3283179187937875,0.12499999999999996,8.0,0.7217705503605845,0.0006337313206045136,0.7224042816811891,0.39946220101362107,11.581869874848053,false_split_dropout
flocking_topology_resilient,12092,1.0168696712258096,0.6090571712258097,0.6020833459990284,0.2844762379602306,0.2844762379602306,1.0,0.0,0.0,0.0,1.0,1.0,1.0,1.0,0.33112601548409726,0.12499999999999996,7.86875,0.2830293643973299,0.2830293643973299,1.0,0.0,0.0,0.0,1.0,1.0,1.0,1.0,0.327865171071581,0.12499999999999996,8.0,0.732393433265579,0.0014468735629006857,0.7338403068284798,0.41478632522678127,11.749941917136312,false_split_dropout
flocking_topology_resilient,12093,1.0221844285517103,0.6690594285517102,0.5952739207270326,0.28898794682264484,0.28898794682264484,1.0,0.0,0.0,0.0,1.0,1.0,1.0,1.0,0.33325379567310226,0.12499999999999996,7.70625,0.28158314148527197,0.28158314148527197,1.0,0.0,0.0,0.0,1.0,1.0,1.0,1.0,0.32773707791522105,0.12499999999999996,8.0,0.7331964817290655,0.007404805337372866,0.7406012870664384,0.42691050782467777,11.353773833019659,false_split_dropout
flocking_topology_resilient,12094,1.0002105831154964,0.5936480831154962,0.5741963169961916,0.29537473557601385,0.29537473557601385,1.0,0.0,0.0,0.0,1.0,1.0,1.0,1.0,0.33484426586754423,0.12499999999999996,7.775,0.29345462233233777,0.29345462233233777,1.0,0.0,0.0,0.0,1.0,1.0,1.0,1.0,0.32750773942380407,0.12499999999999996,8.0,0.7048358475394825,0.0019201132436760804,0.7067559607831586,0.4260142661193048,11.575744041940197,false_split_dropout
flocking_topology_resilient,12095,0.9072650644809241,0.5207025644809242,0.5185419251340166,0.28525888162785795,0.28525888162785795,1.0,0.0,0.0,0.0,1.0,1.0,1.0,1.0,0.33790711745027396,0.12499999999999996,7.68125,0.27375280058884166,0.27375280058884166,1.0,0.0,0.0,0.0,1.0,1.0,1.0,1.0,0.32783150281400164,0.12499999999999996,8.0,0.6220061828530662,0.011506081039016292,0.6335122638920825,0.3887231393469075,10.832542750053108,false_split_dropout
flocking_topology_resilient,12096,1.0228109177083695,0.6603109177083695,0.644526259028124,0.3047673386639872,0.3047673386639872,1.0,0.0,0.0,0.0,1.0,1.0,1.0,1.0,0.33152403645890144,0.12499999999999996,7.76875,0.29506927958625107,0.29506927958625107,1.0,0.0,0.0,0.0,1.0,1.0,1.0,1.0,0.3270128967710077,0.12499999999999996,8.0,0.7180435790443823,0.009698059077736132,0.7277416381221185,0.3782846586802455,10.543708541197702,false_split_dropout
flocking_topology_resilient,12097,0.9675249824985013,0.5534624824985012,0.5484143488483728,0.2799223222952917,0.2799223222952917,1.0,0.0,0.0,0.0,1.0,1.0,1.0,1.0,0.33330894264302857,0.12499999999999996,7.75,0.28034790710308344,0.28034790710308344,1.0,0.0,0.0,0.0,1.0,1.0,1.0,1.0,0.32697516632806106,0.12499999999999996,8.0,0.6876026602032096,-0.0004255848077917568,0.6871770753954178,0.41911063365012846,10.47415079199709,false_split_dropout
flocking_topology_resilient,12098,0.9359444503220569,0.535944450322057,0.535944450322057,0.2524228727781582,0.2524228727781582,1.0,0.0,0.0,0.0,1.0,1.0,1.0,1.0,0.3340504064341071,0.12499999999999996,7.70625,0.24145944412547077,0.24145944412547077,1.0,0.0,0.0,0.0,1.0,1.0,1.0,1.0,0.32763406170544673,0.12499999999999996,8.0,0.6835215775438986,0.010963428652687457,0.6944850061965862,0.3999999999999999,8.885042707901448,false_split_dropout
flocking_topology_resilient,12099,0.9338195695015917,0.6006945695015917,0.5832379666761653,0.2864367496044027,0.2864367496044027,1.0,0.0,0.0,0.0,1.0,1.0,1.0,1.0,0.3334500324213147,0.12499999999999996,7.83125,0.2880473538881411,0.2880473538881411,1.0,0.0,0.0,0.0,1.0,1.0,1.0,1.0,0.3297747440499939,0.12499999999999996,8.0,0.647382819897189,-0.0016106042837384371,0.6457722156134507,0.3505816028254264,7.040263083996251,false_split_dropout
