algorithm,seed,position_rmse,best_hypothesis_rmse,mean_truth_consistent_flock_weight,agent_position_rmse,mean_nees,coverage95_rate,mean_nis,information_gain,spatial_diversity,estimate_disagreement,recovery_steps,messages,bytes_sent,mean_momentum,mean_momentum_change_score,mean_momentum_corroborating_agents,mean_momentum_biased_agents,momentum_fallback_rate,momentum_change_events,mean_hypothesis_flocks,multiflock_rate,mean_primary_flock_size,mean_primary_flock_weight,mean_alternative_flock_weight,mean_quarantined_agents,quarantine_rate,mean_suspected_bias_agents,mean_bias_estimate_norm,runtime_seconds,scenario,nees_calibration_error,coverage_calibration_error
flocking_fixed_momentum,0,0.6993007345667533,0.6993007345667533,1.0,0.6838790924785637,1.7916919194979173,0.97109375,1.704352092005496,3.7258602533018808,4.789297105926861,0.2911338169545254,,3840,737280,0.7199999999999999,0.0,0.0,0.0,0.0,0,1.0,0.0,8.0,1.0,0.0,0.0,0.0,0.0,0.0,0.961600957904011,no_change,0.20830808050208272,0.021093750000000022
flocking_fixed_momentum,1,0.6774596007882536,0.6774596007882536,1.0,0.6711185051533021,1.7353972399896107,0.9609375,1.7094169163927226,3.7327816767695623,4.771387633862068,0.33174666863242963,,3840,737280,0.7199999999999999,0.0,0.0,0.0,0.0,0,1.0,0.0,8.0,1.0,0.0,0.0,0.0,0.0,0.0,0.9603022078517824,no_change,0.2646027600103893,0.010937500000000044
flocking_fixed_momentum,2,0.6351277604286305,0.6351277604286305,1.0,0.6405735896628758,1.5410006585545308,0.97421875,1.6113662318955204,3.7131341014050547,4.8088568892499985,0.3203908669085548,,3840,737280,0.7199999999999999,0.0,0.0,0.0,0.0,0,1.0,0.0,8.0,1.0,0.0,0.0,0.0,0.0,0.0,0.9609002908691764,no_change,0.45899934144546917,0.024218750000000067
flocking_fixed_momentum,3,0.6673727244582242,0.6673727244582242,1.0,0.6864742437036538,1.7581607013050284,0.9734375,1.7772616550779206,3.720511705632174,4.769367847609101,0.4012023655084162,,3840,737280,0.7199999999999999,0.0,0.0,0.0,0.0,0,1.0,0.0,8.0,1.0,0.0,0.0,0.0,0.0,0.0,0.9444000420626253,no_change,0.24183929869497156,0.0234375
flocking_fixed_momentum,4,0.5659333582257999,0.5659333582257999,1.0,0.5952877210452822,1.326825023925149,0.98515625,1.5567922319498106,3.720428942368384,4.772492075145683,0.35483889579217226,,3840,737280,0.7199999999999999,0.0,0.0,0.0,0.0,0,1.0,0.0,8.0,1.0,0.0,0.0,0.0,0.0,0.0,0.9560462499503046,no_change,0.6731749760748511,0.03515625
flocking_fixed_momentum,5,0.6120801865096182,0.6120801865096182,1.0,0.6357675702661375,1.5716886423944054,0.97109375,1.715965594633412,3.7332203960743042,4.778746881136719,0.3352191739389224,,3840,737280,0.7199999999999999,0.0,0.0,0.0,0.0,0,1.0,0.0,8.0,1.0,0.0,0.0,0.0,0.0,0.0,0.939646374899894,no_change,0.4283113576055946,0.021093750000000022
flocking_fixed_momentum,6,0.6506037865786659,0.6506037865786659,1.0,0.668456207936043,1.7329696092590368,0.95546875,1.7125965367145894,3.726111975592063,4.773030314367906,0.3535124384640014,,3840,737280,0.7199999999999999,0.0,0.0,0.0,0.0,0,1.0,0.0,8.0,1.0,0.0,0.0,0.0,0.0,0.0,0.9526987089775503,no_change,0.26703039074096324,0.005468750000000022
flocking_fixed_momentum,7,0.6190609291601201,0.6190609291601201,1.0,0.6310083965557174,1.5573657105118737,0.9796875,1.6498495106592768,3.7420531956447647,4.737662806345896,0.35166780110450574,,3840,737280,0.7199999999999999,0.0,0.0,0.0,0.0,0,1.0,0.0,8.0,1.0,0.0,0.0,0.0,0.0,0.0,0.9516967500094324,no_change,0.44263428948812633,0.02968750000000009
flocking_fixed_momentum,8,0.649356316787782,0.649356316787782,1.0,0.6606044408047039,1.684877028796341,0.97265625,1.7326562665845784,3.729254689593516,4.793644154052105,0.37156336801259565,,3840,737280,0.7199999999999999,0.0,0.0,0.0,0.0,0,1.0,0.0,8.0,1.0,0.0,0.0,0.0,0.0,0.0,0.9467354998923838,no_change,0.31512297120365895,0.022656250000000044
flocking_fixed_momentum,9,0.6666427278064997,0.6666427278064997,1.0,0.6804355162263659,1.7339109483114492,0.97421875,1.758004497008431,3.7250191443173732,4.774333755959442,0.3810904943203754,,3840,737280,0.7199999999999999,0.0,0.0,0.0,0.0,0,1.0,0.0,8.0,1.0,0.0,0.0,0.0,0.0,0.0,0.9482502092141658,no_change,0.2660890516885508,0.024218750000000067
flocking_fixed_momentum,10,0.6461355717651676,0.6461355717651676,1.0,0.6527991946109737,1.6463348007140133,0.96171875,1.6676449081179272,3.737697399653206,4.757626150017441,0.3365799980493103,,3840,737280,0.7199999999999999,0.0,0.0,0.0,0.0,0,1.0,0.0,8.0,1.0,0.0,0.0,0.0,0.0,0.0,0.943148042075336,no_change,0.3536651992859867,0.01171875
flocking_fixed_momentum,11,0.6831755180283691,0.6831755180283691,1.0,0.6608766021337305,1.6355814221590397,0.97890625,1.6873502713223754,3.7157636844794446,4.772478188722803,0.35980617481635063,,3840,737280,0.7199999999999999,0.0,0.0,0.0,0.0,0,1.0,0.0,8.0,1.0,0.0,0.0,0.0,0.0,0.0,0.954711833037436,no_change,0.3644185778409603,0.028906250000000022
flocking_fixed_momentum,12,0.636383702140631,0.636383702140631,1.0,0.6469586146626145,1.570680688170587,0.97734375,1.6061657033908976,3.716991564176977,4.772486199555764,0.3451622869899976,,3840,737280,0.7199999999999999,0.0,0.0,0.0,0.0,0,1.0,0.0,8.0,1.0,0.0,0.0,0.0,0.0,0.0,0.9543029589112848,no_change,0.42931931182941296,0.02734375
flocking_fixed_momentum,13,0.6723425337402378,0.6723425337402378,1.0,0.6765673788931771,1.6988651485520356,0.96015625,1.7533241513567261,3.711827939006409,4.773878317300783,0.4161842722568482,,3840,737280,0.7199999999999999,0.0,0.0,0.0,0.0,0,1.0,0.0,8.0,1.0,0.0,0.0,0.0,0.0,0.0,0.950524999992922,no_change,0.30113485144796437,0.010156250000000089
flocking_fixed_momentum,14,0.6564989567755298,0.6564989567755298,1.0,0.6726440270040387,1.6872432095612762,0.97421875,1.7197047367040068,3.719786526274883,4.760835991833149,0.39836009924405424,,3840,737280,0.7199999999999999,0.0,0.0,0.0,0.0,0,1.0,0.0,8.0,1.0,0.0,0.0,0.0,0.0,0.0,0.9580500419251621,no_change,0.31275679043872384,0.024218750000000067
flocking_fixed_momentum,15,0.6479934823744865,0.6479934823744865,1.0,0.6604964353116788,1.6103917628389368,0.97734375,1.719412528751659,3.705553109382337,4.762200197546727,0.4630407286299919,,3840,737280,0.7199999999999999,0.0,0.0,0.0,0.0,0,1.0,0.0,8.0,1.0,0.0,0.0,0.0,0.0,0.0,0.947676041861996,no_change,0.3896082371610632,0.02734375
flocking_fixed_momentum,16,0.6973023704989963,0.6973023704989963,1.0,0.6998919490622878,1.87042776948837,0.95859375,1.7671029333976151,3.72168356220118,4.7779620959615965,0.37635226631320506,,3840,737280,0.7199999999999999,0.0,0.0,0.0,0.0,0,1.0,0.0,8.0,1.0,0.0,0.0,0.0,0.0,0.0,0.9553123340010643,no_change,0.12957223051163003,0.008593750000000067
flocking_fixed_momentum,17,0.6813316509434346,0.6813316509434346,1.0,0.6719175129109383,1.7618824009904461,0.965625,1.7020749568599975,3.7391275533204875,4.778354270578729,0.3361695767385699,,3840,737280,0.7199999999999999,0.0,0.0,0.0,0.0,0,1.0,0.0,8.0,1.0,0.0,0.0,0.0,0.0,0.0,0.9641338749788702,no_change,0.23811759900955387,0.015625
flocking_fixed_momentum,18,0.6184004679663458,0.6184004679663458,1.0,0.6260214232888144,1.4864780708656573,0.98671875,1.740018015830892,3.723044072461569,4.766974341421843,0.35167032152528266,,3840,737280,0.7199999999999999,0.0,0.0,0.0,0.0,0,1.0,0.0,8.0,1.0,0.0,0.0,0.0,0.0,0.0,0.9557153747882694,no_change,0.5135219291343427,0.03671875000000002
flocking_fixed_momentum,19,0.7110938001585795,0.7110938001585795,1.0,0.698102406682508,1.8685386905487893,0.96640625,1.7609167576271951,3.7301132464855407,4.7605749209120365,0.3473376595291865,,3840,737280,0.7199999999999999,0.0,0.0,0.0,0.0,0,1.0,0.0,8.0,1.0,0.0,0.0,0.0,0.0,0.0,0.9527537920512259,no_change,0.1314613094512107,0.016406250000000067
flocking_fixed_momentum,20,0.6073850269329595,0.6073850269329595,1.0,0.6309472199015755,1.5619484106414863,0.978125,1.6241825086548798,3.7362499356449077,4.783066136411586,0.3451090393181553,,3840,737280,0.7199999999999999,0.0,0.0,0.0,0.0,0,1.0,0.0,8.0,1.0,0.0,0.0,0.0,0.0,0.0,0.9491202919743955,no_change,0.43805158935851374,0.028125000000000067
flocking_fixed_momentum,21,0.6131573411695522,0.6131573411695522,1.0,0.6333833736724934,1.5614302494089363,0.9796875,1.6864540031025599,3.737994914632157,4.761068489120023,0.3519632319034637,,3840,737280,0.7199999999999999,0.0,0.0,0.0,0.0,0,1.0,0.0,8.0,1.0,0.0,0.0,0.0,0.0,0.0,0.9482402079738677,no_change,0.43856975059106373,0.02968750000000009
flocking_fixed_momentum,22,0.6689619687217329,0.6689619687217329,1.0,0.6896710140071914,1.7704206589674514,0.9703125,1.7158716813877533,3.7148385674981355,4.765226956220479,0.3812011078503946,,3840,737280,0.7199999999999999,0.0,0.0,0.0,0.0,0,1.0,0.0,8.0,1.0,0.0,0.0,0.0,0.0,0.0,0.9547740840353072,no_change,0.22957934103254862,0.020312500000000067
flocking_fixed_momentum,23,0.6087576956944115,0.6087576956944115,1.0,0.6301859099778029,1.5277773673666524,0.98828125,1.611546194677814,3.7265688026174337,4.767043977044915,0.34993112518611963,,3840,737280,0.7199999999999999,0.0,0.0,0.0,0.0,0,1.0,0.0,8.0,1.0,0.0,0.0,0.0,0.0,0.0,0.9676625831052661,no_change,0.4722226326333476,0.038281250000000044
flocking_fixed_momentum,24,0.6980274819833421,0.6980274819833421,1.0,0.6967729471939978,1.8847233614369352,0.95546875,1.6519936218112552,3.73806464066775,4.791829638478676,0.34453523922734625,,3840,737280,0.7199999999999999,0.0,0.0,0.0,0.0,0,1.0,0.0,8.0,1.0,0.0,0.0,0.0,0.0,0.0,0.9457371251191944,no_change,0.1152766385630648,0.005468750000000022
flocking_fixed_momentum,25,0.7474010843484511,0.7474010843484511,1.0,0.7358776477374208,2.0179682042583633,0.9484375,1.780854001200656,3.702954758545701,4.896607814807069,0.26449702522238383,,3840,737280,0.7199999999999999,0.0,0.0,0.0,0.0,0,1.0,0.0,8.0,1.0,0.0,0.0,0.0,0.0,0.0,0.9495904168579727,no_change,0.01796820425836332,0.0015624999999999112
flocking_fixed_momentum,26,0.6116908636652353,0.6116908636652353,1.0,0.6410504441829883,1.4942831733302875,0.9828125,1.543851067939459,3.7077458713424774,4.761639194507444,0.4482365381323719,,3840,737280,0.7199999999999999,0.0,0.0,0.0,0.0,0,1.0,0.0,8.0,1.0,0.0,0.0,0.0,0.0,0.0,0.9275709169451147,no_change,0.5057168266697125,0.03281250000000002
flocking_fixed_momentum,27,0.599972769823527,0.599972769823527,1.0,0.6231124581423017,1.478590423381868,0.98125,1.6444696303968613,3.730594129025814,4.753081148320949,0.3378710830122838,,3840,737280,0.7199999999999999,0.0,0.0,0.0,0.0,0,1.0,0.0,8.0,1.0,0.0,0.0,0.0,0.0,0.0,0.9604227498639375,no_change,0.5214095766181319,0.03125
flocking_fixed_momentum,28,0.6294542339616681,0.6294542339616681,1.0,0.6337850601540127,1.5607373850896638,0.984375,1.671786521684743,3.725273920091182,4.762346759536614,0.3565977130714568,,3840,737280,0.7199999999999999,0.0,0.0,0.0,0.0,0,1.0,0.0,8.0,1.0,0.0,0.0,0.0,0.0,0.0,0.9572572920005769,no_change,0.43926261491033625,0.034375000000000044
flocking_fixed_momentum,29,0.6259555505863582,0.6259555505863582,1.0,0.6524619026912493,1.595607465506174,0.971875,1.7635384610863043,3.718300323311111,4.74726186584755,0.37862481687611993,,3840,737280,0.7199999999999999,0.0,0.0,0.0,0.0,0,1.0,0.0,8.0,1.0,0.0,0.0,0.0,0.0,0.0,0.9511688749771565,no_change,0.40439253449382595,0.02187500000000009
flocking_robust_multiflock,0,0.6494753609450632,0.6494753609450632,1.0,0.6471652424393901,1.5519473831755526,0.9728794642857143,1.632067619030827,3.728901739926949,4.707535859941059,0.37779648827870876,,3840,737280,0.7199999999999999,0.0,0.0,0.0,0.0,0,1.0,0.0,7.8625,1.0,0.0,0.00625,0.00625,0.1375,0.31863134913740965,1.1611496249679476,no_change,0.4480526168244474,0.0228794642857143
flocking_robust_multiflock,1,0.6600115946712174,0.6600115946712174,1.0,0.6585650162391902,1.68862476198847,0.9666294642857143,1.6404100797309311,3.73574788763798,4.756876940437481,0.3286679148123232,,3840,737280,0.7199999999999999,0.0,0.0,0.0,0.0,0,1.0,0.0,7.95,1.0,0.0,0.0,0.0,0.05,0.2990980956659718,1.1733300420455635,no_change,0.31137523801153,0.016629464285714324
flocking_robust_multiflock,2,0.687744900044521,0.687744900044521,1.0,0.6938824148011189,1.7821119325657233,0.9722098214285715,1.6719389767217734,3.717972096667384,4.707951959549797,0.41374552585550217,,3840,737280,0.7199999999999999,0.0,0.0,0.0,0.0,0,1.0,0.0,7.90625,1.0,0.0,0.03125,0.03125,0.08125,0.29151680314719197,1.159114290960133,no_change,0.2178880674342767,0.02220982142857153
flocking_robust_multiflock,3,0.6859463375920446,0.6859463375920446,1.0,0.6886946615301291,1.8102227451427546,0.9591517857142857,1.7978473606797842,3.7264997650181506,4.7161496493255655,0.3844457159741564,,3840,737280,0.7199999999999999,0.0,0.0,0.0,0.0,0,1.0,0.0,7.90625,1.0,0.0,0.0,0.0,0.09375,0.30242457225428837,1.1669197920709848,no_change,0.1897772548572454,0.009151785714285765
flocking_robust_multiflock,4,0.5596982466950898,0.5596982466950898,1.0,0.5871108156247732,1.290464247113579,0.984375,1.5416823678404878,3.7209399772696115,4.757124638493375,0.3416485236864572,,3840,737280,0.7199999999999999,0.0,0.0,0.0,0.0,0,1.0,0.0,7.96875,1.0,0.0,0.0,0.0,0.03125,0.2741180467286223,1.2045291669201106,no_change,0.709535752886421,0.034375000000000044
flocking_robust_multiflock,5,0.6051481294707268,0.6051481294707268,1.0,0.6318520687067186,1.5500177100765877,0.98359375,1.725723794937143,3.7349001390903025,4.758468972403805,0.3374784540656683,,3840,737280,0.7199999999999999,0.0,0.0,0.0,0.0,0,1.0,0.0,7.975,1.0,0.0,0.0,0.0,0.025,0.28506606415177044,1.1931462911888957,no_change,0.44998228992341227,0.03359375000000009
flocking_robust_multiflock,6,0.635601224733155,0.635601224733155,1.0,0.6468486897843981,1.5925199116490412,0.9861607142857143,1.6174542674944319,3.7278860579121575,4.746891371866015,0.353523946819545,,3840,737280,0.7199999999999999,0.0,0.0,0.0,0.0,0,1.0,0.0,7.9375,1.0,0.0,0.00625,0.00625,0.0625,0.29963009582159267,1.1670019158627838,no_change,0.40748008835095884,0.036160714285714324
flocking_robust_multiflock,7,0.6154094363004694,0.6154094363004694,1.0,0.618305306324697,1.5054988857880123,0.9767857142857143,1.6711126717306506,3.746192816759335,4.7055767710235274,0.3435633661685661,,3840,737280,0.7199999999999999,0.0,0.0,0.0,0.0,0,1.0,0.0,7.94375,1.0,0.0,0.00625,0.00625,0.05625,0.29110222258085805,1.1817830000072718,no_change,0.4945011142119877,0.0267857142857143
flocking_robust_multiflock,8,0.6629420768832104,0.6629420768832104,1.0,0.666059647127278,1.697404430184282,0.96796875,1.768401821898161,3.7292014025389024,4.76577608494498,0.388737810122191,,3840,737280,0.7199999999999999,0.0,0.0,0.0,0.0,0,1.0,0.0,7.9625,1.0,0.0,0.0,0.0,0.0375,0.2916828194834295,1.211075667059049,no_change,0.3025955698157179,0.01796875000000009
flocking_robust_multiflock,9,0.6015517796499448,0.6015517796499448,1.0,0.643259071040937,1.540671003767859,0.9859375,1.6403300747701035,3.7346469777061726,4.683310608939502,0.39761829849087765,,3840,737280,0.7199999999999999,0.0,0.0,0.0,0.0,0,1.0,0.0,7.89375,1.0,0.0,0.00625,0.00625,0.10625,0.30439279794622687,1.1810512500815094,no_change,0.45932899623214096,0.03593750000000007
flocking_robust_multiflock,10,0.6586541218764824,0.6586541218764824,1.0,0.6586239519831955,1.684806373482182,0.9535714285714285,1.6534450613884346,3.7379264347606123,4.755748904225291,0.33880577979157545,,3840,737280,0.7199999999999999,0.0,0.0,0.0,0.0,0,1.0,0.0,7.9625,1.0,0.0,0.0,0.0,0.0375,0.27863906212119527,1.1711324998177588,no_change,0.3151936265178179,0.0035714285714285587
flocking_robust_multiflock,11,0.6465347834781364,0.6465347834781364,1.0,0.6447856804746778,1.5493690688196489,0.9779017857142858,1.6342594465740483,3.720504877118367,4.706021274427066,0.38195794872481165,,3840,737280,0.7199999999999999,0.0,0.0,0.0,0.0,0,1.0,0.0,7.9,1.0,0.0,0.01875,0.01875,0.09375,0.2963500553074681,1.1507494999095798,no_change,0.45063093118035114,0.02790178571428581
flocking_robust_multiflock,12,0.638791372311926,0.638791372311926,1.0,0.6515347609619421,1.58644756935755,0.98046875,1.671285509930772,3.7177684123400616,4.749201529563072,0.36535492589511315,,3840,737280,0.7199999999999999,0.0,0.0,0.0,0.0,0,1.0,0.0,7.95,1.0,0.0,0.0,0.0,0.05,0.2994697292353294,1.191168624907732,no_change,0.41355243064245006,0.030468750000000044
flocking_robust_multiflock,13,0.678288842180054,0.678288842180054,1.0,0.6784547222870234,1.7403673103768231,0.9600446428571429,1.792027525042068,3.713588252825346,4.7358282212685054,0.3767254533831347,,3840,737280,0.7199999999999999,0.0,0.0,0.0,0.0,0,1.0,0.0,7.925,1.0,0.0,0.0,0.0,0.075,0.2965657489922489,1.1955822079908103,no_change,0.25963268962317687,0.010044642857142905
flocking_robust_multiflock,14,0.6467884308627524,0.6467884308627524,1.0,0.6664215897191161,1.6767494030524968,0.959375,1.7242713198464166,3.724802390693025,4.6913654331830035,0.380051577814353,,3840,737280,0.7199999999999999,0.0,0.0,0.0,0.0,0,1.0,0.0,7.925,1.0,0.0,0.00625,0.00625,0.075,0.30002562804708377,1.1548917079344392,no_change,0.32325059694750324,0.009375000000000022
flocking_robust_multiflock,15,0.6140702804891103,0.6140702804891103,1.0,0.6274853256911369,1.4770885390120618,0.9802455357142857,1.6783620109555124,3.709263345567089,4.762389523903953,0.3912496348025871,,3840,737280,0.7199999999999999,0.0,0.0,0.0,0.0,0,1.0,0.0,7.94375,1.0,0.0,0.0,0.0,0.05625,0.289097908448928,1.1838189589325339,no_change,0.5229114609879382,0.030245535714285787
flocking_robust_multiflock,16,0.6277093028803331,0.6277093028803331,1.0,0.6430919866244851,1.5511892713978244,0.98984375,1.6688355207234273,3.7174475379327445,4.811197525312352,0.3445520851363656,,3840,737280,0.7199999999999999,0.0,0.0,0.0,0.0,0,1.0,0.0,7.9125,1.0,0.0,0.0,0.0,0.0875,0.3082782204698123,1.1924156660679728,no_change,0.44881072860217563,0.03984375000000007
flocking_robust_multiflock,17,0.6513213566594739,0.6513213566594739,1.0,0.6764761929893611,1.8006707608225618,0.9568080357142857,1.6591551525005972,3.7439916025954347,4.7437815499194596,0.3405406634506055,,3840,737280,0.7199999999999999,0.0,0.0,0.0,0.0,0,1.0,0.0,7.9375,1.0,0.0,0.0,0.0,0.0625,0.27790443970031087,1.2000130829401314,no_change,0.19932923917743817,0.006808035714285787
flocking_robust_multiflock,18,0.6481080356051633,0.6481080356051633,1.0,0.6331222091361975,1.529034332065578,0.9890625,1.770321376375631,3.7232678852374077,4.762421575904391,0.3583964737492152,,3840,737280,0.7199999999999999,0.0,0.0,0.0,0.0,0,1.0,0.0,7.9625,1.0,0.0,0.0,0.0,0.0375,0.2920572882561221,1.1690309590194374,no_change,0.47096566793442207,0.0390625
flocking_robust_multiflock,19,0.7345642111046725,0.7345642111046725,1.0,0.7206365832444294,2.020432174435963,0.9416294642857143,1.7568890451134844,3.7330862040375807,4.74328700903564,0.3544903934586647,,3840,737280,0.7199999999999999,0.0,0.0,0.0,0.0,0,1.0,0.0,7.94375,1.0,0.0,0.0,0.0,0.05625,0.3010087162649656,1.1795333330519497,no_change,0.020432174435963013,0.008370535714285698
flocking_robust_multiflock,20,0.6297272562955668,0.6297272562955668,0.9984375,0.6459735444431642,1.6223907146393306,0.96484375,1.6254345775864638,3.736452804321317,4.749505909747654,0.34720264098488973,,3840,737280,0.7199999999999999,0.0,0.0,0.0,0.0,0,1.00625,0.00625,7.93125,0.9984375,0.0015625,0.0,0.0,0.05625,0.29769842683954284,1.1922544999979436,no_change,0.3776092853606694,0.014843750000000044
flocking_robust_multiflock,21,0.6097295946333181,0.6097295946333181,1.0,0.6406009526965538,1.581542665098336,0.9828125,1.6589808506173747,3.7388415568155744,4.7249421808812535,0.34631928665698897,,3840,737280,0.7199999999999999,0.0,0.0,0.0,0.0,0,1.0,0.0,7.93125,1.0,0.0,0.00625,0.00625,0.06875,0.2917559794936288,1.17689916677773,no_change,0.41845733490166404,0.03281250000000002
flocking_robust_multiflock,22,0.6613656742075533,0.6613656742075533,1.0,0.680374139046174,1.7367999576801885,0.9748883928571429,1.745504297282692,3.719129033776663,4.729773416566501,0.38459290942256624,,3840,737280,0.7199999999999999,0.0,0.0,0.0,0.0,0,1.0,0.0,7.925,1.0,0.0,0.0,0.0,0.075,0.2918086727890568,1.1649045830126852,no_change,0.26320004231981153,0.02488839285714295
flocking_robust_multiflock,23,0.6562709327201229,0.6562709327201229,1.0,0.6542845456163345,1.6367774680023917,0.978125,1.6195281302512299,3.72671618717891,4.735470863538092,0.36392226256675286,,3840,737280,0.7199999999999999,0.0,0.0,0.0,0.0,0,1.0,0.0,7.95,1.0,0.0,0.0,0.0,0.05,0.27926791128142403,1.1637192498892546,no_change,0.36322253199760834,0.028125000000000067
flocking_robust_multiflock,24,0.6838206641623781,0.6823056988043333,0.99609375,0.6829796632492307,1.8231933347842109,0.9533482142857143,1.6387011460618246,3.739639686592716,4.782548215296258,0.3414214202854651,,3840,737280,0.7199999999999999,0.0,0.0,0.0,0.0,0,1.00625,0.00625,7.95625,0.99765625,0.00234375,0.0,0.0,0.025,0.31275057856106375,1.2231389170046896,no_change,0.17680666521578914,0.0033482142857143016
flocking_robust_multiflock,25,0.6689066458342204,0.6689066458342204,1.0,0.6941986568850684,1.8423100102383745,0.9620535714285715,1.778247878914063,3.7216820605661853,4.672684905814558,0.37525917567576583,,3840,737280,0.7199999999999999,0.0,0.0,0.0,0.0,0,1.0,0.0,7.8375,1.0,0.0,0.0,0.0,0.1625,0.3173661431114865,1.1632264170330018,no_change,0.15768998976162552,0.012053571428571552
flocking_robust_multiflock,26,0.6475380727449889,0.6475380727449889,1.0,0.6571381198624956,1.5677503123858163,0.98515625,1.550305351151026,3.706758743173667,4.747121649127165,0.4460354037418785,,3840,737280,0.7199999999999999,0.0,0.0,0.0,0.0,0,1.0,0.0,7.90625,1.0,0.0,0.0,0.0,0.09375,0.29784800101817144,1.166672500083223,no_change,0.4322496876141837,0.03515625
flocking_robust_multiflock,27,0.6001992730477433,0.6001992730477433,1.0,0.6163801511902789,1.4419283554682678,0.98203125,1.6107970166976422,3.730813861431635,4.745851978000198,0.34099538493255255,,3840,737280,0.7199999999999999,0.0,0.0,0.0,0.0,0,1.0,0.0,7.98125,1.0,0.0,0.0,0.0,0.01875,0.29502947622631437,1.1931940410286188,no_change,0.5580716445317322,0.03203125000000007
flocking_robust_multiflock,28,0.6148611091229894,0.6148611091229894,1.0,0.6302965175659525,1.5024629210955553,0.9880580357142857,1.6359204163029983,3.7266714146911086,4.703763806981435,0.38424754510756853,,3840,737280,0.7199999999999999,0.0,0.0,0.0,0.0,0,1.0,0.0,7.8875,1.0,0.0,0.0,0.0,0.1125,0.2827491172565663,1.2135657500475645,no_change,0.49753707890444465,0.03805803571428579
flocking_robust_multiflock,29,0.6063534787328724,0.6063534787328724,1.0,0.6360263982127162,1.5203090789821592,0.9728794642857143,1.687953311472652,3.7224354629570504,4.716277698942086,0.38310417724069373,,3840,737280,0.7199999999999999,0.0,0.0,0.0,0.0,0,1.0,0.0,7.90625,1.0,0.0,0.0,0.0,0.09375,0.29459731441046727,1.1870909999124706,no_change,0.47969092101784083,0.0228794642857143
flocking_fixed_momentum,0,0.7139743199533487,0.7139743199533487,1.0,0.6945825243106893,1.7801564049468195,0.94609375,1.7493546042756658,3.6774902594697694,4.791272285424891,0.3813776327089574,3,3840,737280,0.7199999999999999,0.0,0.0,0.0,0.0,0,1.0,0.0,8.0,1.0,0.0,0.0,0.0,0.0,0.0,0.9511906248517334,abrupt_change,0.21984359505318052,0.00390625
flocking_fixed_momentum,1,0.6843111875980521,0.6843111875980521,1.0,0.6838858775720806,1.7490986461753546,0.9484375,1.801088765008616,3.7032882165929886,4.77121842232031,0.3834508264131752,1,3840,737280,0.7199999999999999,0.0,0.0,0.0,0.0,0,1.0,0.0,8.0,1.0,0.0,0.0,0.0,0.0,0.0,0.9575940407812595,abrupt_change,0.2509013538246454,0.0015624999999999112
flocking_fixed_momentum,2,0.6830511078262513,0.6830511078262513,1.0,0.6867063007048588,1.7525623849638539,0.965625,1.756103147880627,3.702894227997814,4.806308554439307,0.36725177848444085,0,3840,737280,0.7199999999999999,0.0,0.0,0.0,0.0,0,1.0,0.0,8.0,1.0,0.0,0.0,0.0,0.0,0.0,0.971491624834016,abrupt_change,0.24743761503614614,0.015625
flocking_fixed_momentum,3,0.6473100904618762,0.6473100904618762,1.0,0.6935469822290874,1.7709333177657498,0.9796875,1.8409583867228094,3.689748088926001,4.77166702298908,0.48182671252039694,0,3840,737280,0.7199999999999999,0.0,0.0,0.0,0.0,0,1.0,0.0,8.0,1.0,0.0,0.0,0.0,0.0,0.0,0.9756115418858826,abrupt_change,0.2290666822342502,0.02968750000000009
flocking_fixed_momentum,4,0.6100155911330905,0.6100155911330905,1.0,0.6469200630043611,1.5357697743436705,0.97734375,1.6276433447039804,3.685248512167999,4.766901952880585,0.45527785855247044,0,3840,737280,0.7199999999999999,0.0,0.0,0.0,0.0,0,1.0,0.0,8.0,1.0,0.0,0.0,0.0,0.0,0.0,0.9686533338390291,abrupt_change,0.46423022565632954,0.02734375
flocking_fixed_momentum,5,0.5918017517098785,0.5918017517098785,1.0,0.6301980723784201,1.486127613798082,0.9734375,1.7334922006567823,3.7118979624755077,4.773671644026201,0.39511925980636065,1,3840,737280,0.7199999999999999,0.0,0.0,0.0,0.0,0,1.0,0.0,8.0,1.0,0.0,0.0,0.0,0.0,0.0,0.9789002498146147,abrupt_change,0.5138723862019181,0.0234375
flocking_fixed_momentum,6,0.6939535479481559,0.6939535479481559,1.0,0.7146911806597156,1.9495167046483846,0.94453125,1.8176922516349727,3.68634184387003,4.774379392949316,0.43560812378731867,0,3840,737280,0.7199999999999999,0.0,0.0,0.0,0.0,0,1.0,0.0,8.0,1.0,0.0,0.0,0.0,0.0,0.0,0.9955485002137721,abrupt_change,0.05048329535161544,0.005468749999999911
flocking_fixed_momentum,7,0.677443137177202,0.677443137177202,1.0,0.6942596141606084,1.8227775235228538,0.9625,1.769709705803134,3.71764070597731,4.729853059722002,0.4066407470756788,3,3840,737280,0.7199999999999999,0.0,0.0,0.0,0.0,0,1.0,0.0,8.0,1.0,0.0,0.0,0.0,0.0,0.0,0.9926837920211256,abrupt_change,0.17722247647714617,0.012500000000000067
flocking_fixed_momentum,8,0.7102375363468992,0.7102375363468992,1.0,0.7197864173215321,1.936585200575334,0.94296875,1.8623167497275293,3.6981712298330507,4.783021038767592,0.4781383356475855,0,3840,737280,0.7199999999999999,0.0,0.0,0.0,0.0,0,1.0,0.0,8.0,1.0,0.0,0.0,0.0,0.0,0.0,0.9613133750390261,abrupt_change,0.0634147994246661,0.007031249999999933
flocking_fixed_momentum,9,0.684991034217073,0.684991034217073,1.0,0.6966941599089848,1.787179929009136,0.97421875,1.810017628803871,3.6758551510870303,4.782509294631295,0.4669342557036808,1,3840,737280,0.7199999999999999,0.0,0.0,0.0,0.0,0,1.0,0.0,8.0,1.0,0.0,0.0,0.0,0.0,0.0,0.9696309159044176,abrupt_change,0.21282007099086409,0.024218750000000067
flocking_fixed_momentum,10,0.7248393379792485,0.7248393379792485,1.0,0.7141993412358745,1.9482222807513778,0.940625,1.752643862202099,3.7163672648115678,4.766814390598325,0.38178307084396795,0,3840,737280,0.7199999999999999,0.0,0.0,0.0,0.0,0,1.0,0.0,8.0,1.0,0.0,0.0,0.0,0.0,0.0,0.9846293749287724,abrupt_change,0.05177771924862218,0.009374999999999911
flocking_fixed_momentum,11,0.654773779633682,0.654773779633682,1.0,0.6562895429887485,1.5801191605451639,0.96953125,1.699815504790789,3.6990065057495713,4.770642233990927,0.4408690615828313,0,3840,737280,0.7199999999999999,0.0,0.0,0.0,0.0,0,1.0,0.0,8.0,1.0,0.0,0.0,0.0,0.0,0.0,0.9777994169853628,abrupt_change,0.4198808394548361,0.01953125
flocking_fixed_momentum,12,0.6851811182534856,0.6851811182534856,1.0,0.6873157472068436,1.7359746025877176,0.95703125,1.7515520971517717,3.6962388088633644,4.7763858836970865,0.4233181040163352,11,3840,737280,0.7199999999999999,0.0,0.0,0.0,0.0,0,1.0,0.0,8.0,1.0,0.0,0.0,0.0,0.0,0.0,0.9632969999220222,abrupt_change,0.26402539741228237,0.007031250000000044
flocking_fixed_momentum,13,0.7554454993873365,0.7554454993873365,1.0,0.7306432426886167,1.960429358354753,0.93828125,1.9193352685676115,3.6830706748027993,4.767774784989468,0.49618675074433494,4,3840,737280,0.7199999999999999,0.0,0.0,0.0,0.0,0,1.0,0.0,8.0,1.0,0.0,0.0,0.0,0.0,0.0,0.973715583095327,abrupt_change,0.03957064164524704,0.01171875
flocking_fixed_momentum,14,0.6746907146235712,0.6746907146235712,1.0,0.6965128999781738,1.796465151807395,0.96171875,1.8165161829969865,3.698074855400024,4.758671006147405,0.42789781274753497,0,3840,737280,0.7199999999999999,0.0,0.0,0.0,0.0,0,1.0,0.0,8.0,1.0,0.0,0.0,0.0,0.0,0.0,0.994996959110722,abrupt_change,0.20353484819260492,0.01171875
flocking_fixed_momentum,15,0.6537839903989843,0.6537839903989843,1.0,0.6815515866916818,1.690654477311496,0.96640625,1.794593334148389,3.6836957312182976,4.766802454881699,0.4896912056021751,5,3840,737280,0.7199999999999999,0.0,0.0,0.0,0.0,0,1.0,0.0,8.0,1.0,0.0,0.0,0.0,0.0,0.0,0.9861883749254048,abrupt_change,0.309345522688504,0.016406250000000067
flocking_fixed_momentum,16,0.7158602979766,0.7158602979766,1.0,0.7195475349419883,1.9184450167515408,0.9484375,1.8344599546547098,3.6870823737732166,4.766006202978092,0.444187676435592,0,3840,737280,0.7199999999999999,0.0,0.0,0.0,0.0,0,1.0,0.0,8.0,1.0,0.0,0.0,0.0,0.0,0.0,0.975907291052863,abrupt_change,0.08155498324845922,0.0015624999999999112
flocking_fixed_momentum,17,0.6830392448844437,0.6830392448844437,1.0,0.6649956633050087,1.6476466154145086,0.965625,1.743601807015245,3.7074531520794154,4.763784882358306,0.43345081013734604,1,3840,737280,0.7199999999999999,0.0,0.0,0.0,0.0,0,1.0,0.0,8.0,1.0,0.0,0.0,0.0,0.0,0.0,0.9830294998828322,abrupt_change,0.35235338458549137,0.015625
flocking_fixed_momentum,18,0.6432314715703706,0.6432314715703706,1.0,0.6497471518547335,1.5858468593059984,0.96953125,1.8514987515138455,3.7031762011705625,4.768777650711191,0.3939479317104172,0,3840,737280,0.7199999999999999,0.0,0.0,0.0,0.0,0,1.0,0.0,8.0,1.0,0.0,0.0,0.0,0.0,0.0,1.0084307501092553,abrupt_change,0.41415314069400155,0.01953125
flocking_fixed_momentum,19,0.6704307524242281,0.6704307524242281,1.0,0.6895570917704105,1.7698912465045786,0.9671875,1.7598277531289264,3.693965437705619,4.754592232586434,0.46042549626229584,0,3840,737280,0.7199999999999999,0.0,0.0,0.0,0.0,0,1.0,0.0,8.0,1.0,0.0,0.0,0.0,0.0,0.0,0.9864854998886585,abrupt_change,0.23010875349542137,0.017187500000000022
flocking_fixed_momentum,20,0.6644947694935026,0.6644947694935026,1.0,0.6754246131679157,1.735370432080309,0.94765625,1.7291637668838082,3.713446649773478,4.77473432147991,0.37269187489927413,2,3840,737280,0.7199999999999999,0.0,0.0,0.0,0.0,0,1.0,0.0,8.0,1.0,0.0,0.0,0.0,0.0,0.0,0.9570122079458088,abrupt_change,0.26462956791969106,0.002343749999999978
flocking_fixed_momentum,21,0.6383429583016701,0.6383429583016701,1.0,0.6581012286483032,1.626095420447836,0.96953125,1.7706580811759474,3.711620341285493,4.755773606643125,0.42223170776877367,0,3840,737280,0.7199999999999999,0.0,0.0,0.0,0.0,0,1.0,0.0,8.0,1.0,0.0,0.0,0.0,0.0,0.0,0.9725501660723239,abrupt_change,0.37390457955216405,0.01953125
flocking_fixed_momentum,22,0.723335828246002,0.723335828246002,1.0,0.7412055746501378,1.9852992952171633,0.94296875,1.7776140772093083,3.668557044692509,4.759340699467183,0.48821021933379444,3,3840,737280,0.7199999999999999,0.0,0.0,0.0,0.0,0,1.0,0.0,8.0,1.0,0.0,0.0,0.0,0.0,0.0,0.9986585001461208,abrupt_change,0.014700704782836693,0.007031249999999933
flocking_fixed_momentum,23,0.6480066224295487,0.6480066224295487,1.0,0.682127895679706,1.7278184719996659,0.96875,1.7140174593357727,3.7059659329778376,4.786378178428228,0.44401854071150454,0,3840,737280,0.7199999999999999,0.0,0.0,0.0,0.0,0,1.0,0.0,8.0,1.0,0.0,0.0,0.0,0.0,0.0,0.9716659171972424,abrupt_change,0.2721815280003341,0.018750000000000044
flocking_fixed_momentum,24,0.6965149326633158,0.6965149326633158,1.0,0.6964859791018501,1.8148295717780396,0.9703125,1.692560198172632,3.7082206469207777,4.7818401341847805,0.3978554098347816,0,3840,737280,0.7199999999999999,0.0,0.0,0.0,0.0,0,1.0,0.0,8.0,1.0,0.0,0.0,0.0,0.0,0.0,0.9656593329273164,abrupt_change,0.1851704282219604,0.020312500000000067
flocking_fixed_momentum,25,0.7620933957536316,0.7620933957536316,1.0,0.7575903120831375,2.11647358401983,0.9421875,1.8720185012220867,3.6729484433137927,4.893952599490026,0.398801828625876,3,3840,737280,0.7199999999999999,0.0,0.0,0.0,0.0,0,1.0,0.0,8.0,1.0,0.0,0.0,0.0,0.0,0.0,0.9737804590258747,abrupt_change,0.11647358401982988,0.0078125
flocking_fixed_momentum,26,0.6338693705278736,0.6338693705278736,1.0,0.6576776139100696,1.5563117928017631,0.9796875,1.663698383814055,3.688595481437025,4.759626218157956,0.4821085486609812,3,3840,737280,0.7199999999999999,0.0,0.0,0.0,0.0,0,1.0,0.0,8.0,1.0,0.0,0.0,0.0,0.0,0.0,0.9889132499229163,abrupt_change,0.4436882071982369,0.02968750000000009
flocking_fixed_momentum,27,0.64253681227746,0.64253681227746,1.0,0.6612782042762317,1.6079404444547492,0.9734375,1.6919465051639881,3.7043919766880036,4.765652494521346,0.4308450152354393,1,3840,737280,0.7199999999999999,0.0,0.0,0.0,0.0,0,1.0,0.0,8.0,1.0,0.0,0.0,0.0,0.0,0.0,0.9823501659557223,abrupt_change,0.39205955554525085,0.0234375
flocking_fixed_momentum,28,0.6834287277571763,0.6834287277571763,1.0,0.6909874556163969,1.780129148756948,0.9640625,1.7707508825649942,3.692237278224199,4.761383245294982,0.41823561994915864,3,3840,737280,0.7199999999999999,0.0,0.0,0.0,0.0,0,1.0,0.0,8.0,1.0,0.0,0.0,0.0,0.0,0.0,0.9650665419176221,abrupt_change,0.21987085124305206,0.014062500000000089
flocking_fixed_momentum,29,0.7171448456396275,0.7171448456396275,1.0,0.7240468353202948,1.9357547492331597,0.940625,1.9437385363664295,3.6925718513975525,4.746148675428731,0.4740803180295569,2,3840,737280,0.7199999999999999,0.0,0.0,0.0,0.0,0,1.0,0.0,8.0,1.0,0.0,0.0,0.0,0.0,0.0,0.983407209161669,abrupt_change,0.06424525076684029,0.009374999999999911
flocking_robust_multiflock,0,0.7201982475636555,0.7201982475636555,1.0,0.7093051020118986,1.799231105332711,0.9412946428571429,1.7174962871941566,3.6813616560993525,4.679108138523574,0.491817801660732,3,3840,737280,0.7199999999999999,0.0,0.0,0.0,0.0,0,1.0,0.0,7.79375,1.0,0.0,0.00625,0.00625,0.20625,0.3268821103222492,1.189788332907483,abrupt_change,0.20076889466728898,0.008705357142857029
flocking_robust_multiflock,1,0.6933056296042637,0.6933056296042637,1.0,0.7026798073879587,1.8367255269786689,0.9516741071428572,1.7672567355512268,3.70468597025531,4.7535740822843255,0.4166150881549527,2,3840,737280,0.7199999999999999,0.0,0.0,0.0,0.0,0,1.0,0.0,7.94375,1.0,0.0,0.0,0.0,0.05625,0.30440043238010606,1.2145864579360932,abrupt_change,0.16327447302133113,0.0016741071428572063
flocking_robust_multiflock,2,0.668084541213363,0.668084541213363,1.0,0.6845909612431799,1.7564881771211958,0.9703125,1.7300755289132,3.710924001761699,4.718819112978904,0.41054665982613897,0,3840,737280,0.7199999999999999,0.0,0.0,0.0,0.0,0,1.0,0.0,7.925,1.0,0.0,0.00625,0.00625,0.075,0.293215769602852,1.2016973330173641,abrupt_change,0.24351182287880424,0.020312500000000067
flocking_robust_multiflock,3,0.6393892118320077,0.6393892118320077,1.0,0.6756031843587776,1.6916461016599953,0.9853794642857142,1.794623600310293,3.6941649983993754,4.707653044978317,0.45471803150247825,0,3840,737280,0.7199999999999999,0.0,0.0,0.0,0.0,0,1.0,0.0,7.89375,1.0,0.0,0.0,0.0,0.10625,0.3075397367243329,1.209758749930188,abrupt_change,0.3083538983400047,0.03537946428571426
flocking_robust_multiflock,4,0.619724454777937,0.619724454777937,1.0,0.6601377305170442,1.5960798503536462,0.9715401785714285,1.6509615392851191,3.6857194310592325,4.766400924862071,0.4639592253357511,0,3840,737280,0.7199999999999999,0.0,0.0,0.0,0.0,0,1.0,0.0,7.95625,1.0,0.0,0.0,0.0,0.04375,0.27921556074020565,1.243997000157833,abrupt_change,0.4039201496463538,0.021540178571428537
flocking_robust_multiflock,5,0.6196174347265127,0.6196174347265127,1.0,0.6397609956975617,1.5506454204262081,0.98125,1.7123294000535467,3.7148703062130295,4.772444176232932,0.3849666533455307,1,3840,737280,0.7199999999999999,0.0,0.0,0.0,0.0,0,1.0,0.0,7.975,1.0,0.0,0.0,0.0,0.025,0.2884048927279426,1.2322104999329895,abrupt_change,0.4493545795737919,0.03125
flocking_robust_multiflock,6,0.6582919234179048,0.6582919234179048,1.0,0.670517891096346,1.7037157722955396,0.9720982142857142,1.6971650366153561,3.690324320965825,4.739047078347191,0.4370460219107953,0,3840,737280,0.7199999999999999,0.0,0.0,0.0,0.0,0,1.0,0.0,7.93125,1.0,0.0,0.00625,0.00625,0.06875,0.3041774049190949,1.2213853751309216,abrupt_change,0.2962842277044604,0.022098214285714235
flocking_robust_multiflock,7,0.6575316883994144,0.6575316883994144,1.0,0.6731346470472118,1.7094324484485774,0.96015625,1.6952063399692956,3.7208614678549514,4.693012082123725,0.3992784993343942,3,3840,737280,0.7199999999999999,0.0,0.0,0.0,0.0,0,1.0,0.0,7.9375,1.0,0.0,0.00625,0.00625,0.0625,0.2950397863838439,1.2322855829261243,abrupt_change,0.29056755155142255,0.010156250000000089
flocking_robust_multiflock,8,0.7638925775242439,0.7638925775242439,1.0,0.7549138360186466,2.1291713538136037,0.9404017857142858,1.9127466172357515,3.6981673234681813,4.7541790789954375,0.47794436482428787,4,3840,737280,0.7199999999999999,0.0,0.0,0.0,0.0,0,1.0,0.0,7.9375,1.0,0.0,0.0,0.0,0.0625,0.29638115027568285,1.2283218330703676,abrupt_change,0.12917135381360367,0.009598214285714168
flocking_robust_multiflock,9,0.6501742433458669,0.6501742433458669,1.0,0.6765085176270796,1.6500484518642697,0.98203125,1.743008053625602,3.675817290815096,4.671829966400938,0.49871937140660816,1,3840,737280,0.7199999999999999,0.0,0.0,0.0,0.0,0,1.0,0.0,7.8625,1.0,0.0,0.00625,0.00625,0.1375,0.3130467667540605,1.2277340409345925,abrupt_change,0.34995154813573026,0.03203125000000007
flocking_robust_multiflock,10,0.678331633296793,0.678331633296793,1.0,0.6874531482579981,1.791084312889749,0.9626116071428571,1.742121681177133,3.717748405270009,4.747131436636619,0.3977835239084393,0,3840,737280,0.7199999999999999,0.0,0.0,0.0,0.0,0,1.0,0.0,7.95,1.0,0.0,0.0,0.0,0.05,0.2824442264726934,1.2167668340262026,abrupt_change,0.2089156871102511,0.01261160714285714
flocking_robust_multiflock,11,0.6228132403536702,0.6228132403536702,1.0,0.6457237011699106,1.5160789614830594,0.9732142857142858,1.7085740905932574,3.70339137161001,4.698449303293266,0.4255852035704792,0,3840,737280,0.7199999999999999,0.0,0.0,0.0,0.0,0,1.0,0.0,7.9,1.0,0.0,0.01875,0.01875,0.09375,0.29970834917275463,1.2260536660905927,abrupt_change,0.48392103851694057,0.023214285714285854
flocking_robust_multiflock,12,0.690713305201276,0.690713305201276,1.0,0.6830136148713969,1.723903558082578,0.9659598214285715,1.7506378087144072,3.6966888872958434,4.747254983860162,0.4291155169690512,1,3840,737280,0.7199999999999999,0.0,0.0,0.0,0.0,0,1.0,0.0,7.925,1.0,0.0,0.0,0.0,0.075,0.3018648166739651,1.2241130000911653,abrupt_change,0.2760964419174221,0.015959821428571552
flocking_robust_multiflock,13,0.7417165669953383,0.7417165669953383,1.0,0.7280083984978516,1.9646022221879442,0.940625,1.9260134623053566,3.685737568545382,4.742050687856842,0.48283028501238673,4,3840,737280,0.7199999999999999,0.0,0.0,0.0,0.0,0,1.0,0.0,7.925,1.0,0.0,0.0,0.0,0.075,0.30064497214185104,1.2241420838981867,abrupt_change,0.035397777812055775,0.009374999999999911
flocking_robust_multiflock,14,0.6532152485632496,0.6532152485632496,1.0,0.6777582155923347,1.6961842987736506,0.97265625,1.7194428057301976,3.700234339539528,4.685555007579174,0.4755184502031956,0,3840,737280,0.7199999999999999,0.0,0.0,0.0,0.0,0,1.0,0.0,7.86875,1.0,0.0,0.025,0.025,0.125,0.3038714646696444,1.2009667921811342,abrupt_change,0.3038157012263494,0.022656250000000044
flocking_robust_multiflock,15,0.6471021657981113,0.6471021657981113,1.0,0.6556698652078493,1.5884003963115818,0.9756696428571429,1.7473252783966686,3.6862864532532322,4.736022761360465,0.46143237890212685,3,3840,737280,0.7199999999999999,0.0,0.0,0.0,0.0,0,1.0,0.0,7.925,1.0,0.0,0.0,0.0,0.075,0.2936996749674197,1.2284942078404129,abrupt_change,0.4115996036884182,0.025669642857142905
flocking_robust_multiflock,16,0.6189625082044065,0.6189625082044065,1.0,0.6478779235386884,1.5347368077103902,0.97734375,1.7699314296205118,3.687507079668579,4.803476262416613,0.3959278686086052,0,3840,737280,0.7199999999999999,0.0,0.0,0.0,0.0,0,1.0,0.0,7.9,1.0,0.0,0.0,0.0,0.1,0.31211157308733833,1.211641167057678,abrupt_change,0.4652631922896098,0.02734375
flocking_robust_multiflock,17,0.6456315833649114,0.6456315833649114,1.0,0.6766690161451958,1.719022996912362,0.9612723214285716,1.6632126737026844,3.710316867628663,4.731985387347018,0.42096128145195283,1,3840,737280,0.7199999999999999,0.0,0.0,0.0,0.0,0,1.0,0.0,7.91875,1.0,0.0,0.0,0.0,0.08125,0.2834528467411917,1.2290688748471439,abrupt_change,0.28097700308763796,0.011272321428571597
flocking_robust_multiflock,18,0.6772756076877362,0.6772756076877362,1.0,0.6733384003907749,1.7014030002875224,0.9715401785714285,1.836336141637333,3.7031858233675963,4.746323640703632,0.4371351032135292,0,3840,737280,0.7199999999999999,0.0,0.0,0.0,0.0,0,1.0,0.0,7.95,1.0,0.0,0.0,0.0,0.05,0.29537663507484546,1.221808792091906,abrupt_change,0.29859699971247755,0.021540178571428537
flocking_robust_multiflock,19,0.7100015599166475,0.7100015599166475,1.0,0.713420795214565,1.8895743894627313,0.9625,1.7623758333716115,3.6937279874173994,4.700343622373055,0.4693400202193896,0,3840,737280,0.7199999999999999,0.0,0.0,0.0,0.0,0,1.0,0.0,7.8875,1.0,0.0,0.0,0.0,0.1125,0.3088658235156158,1.211534374859184,abrupt_change,0.11042561053726874,0.012500000000000067
flocking_robust_multiflock,20,0.6580734238973056,0.6580734238973056,1.0,0.6812615489576612,1.742241285291837,0.959375,1.6960147440363862,3.713719000752996,4.7367199747046085,0.39794244865261097,1,3840,737280,0.7199999999999999,0.0,0.0,0.0,0.0,0,1.0,0.0,7.9375,1.0,0.0,0.0,0.0,0.0625,0.3003453259685397,1.2269780829083174,abrupt_change,0.25775871470816303,0.009375000000000022
flocking_robust_multiflock,21,0.6322821132240665,0.6322821132240665,1.0,0.6478232012047238,1.585975386586925,0.97578125,1.7204139041867463,3.712323974964383,4.741502417725654,0.439458477575463,0,3840,737280,0.7199999999999999,0.0,0.0,0.0,0.0,0,1.0,0.0,7.94375,1.0,0.0,0.0,0.0,0.05625,0.2940212138994756,1.2285388340242207,abrupt_change,0.41402461341307495,0.02578125000000009
flocking_robust_multiflock,22,0.6578627249756832,0.6578627249756832,1.0,0.7018586633474508,1.7698095833712664,0.9631696428571429,1.7141965798987702,3.67171504433698,4.717044208804323,0.489345260658006,1,3840,737280,0.7199999999999999,0.0,0.0,0.0,0.0,0,1.0,0.0,7.9125,1.0,0.0,0.0,0.0,0.0875,0.2991502756228737,1.2131246658973396,abrupt_change,0.23019041662873363,0.01316964285714295
flocking_robust_multiflock,23,0.6440731791614146,0.6440731791614146,1.0,0.6518532786163612,1.5861456405785168,0.98046875,1.6781273462417594,3.708932778283722,4.7536119395639505,0.3734579458958829,1,3840,737280,0.7199999999999999,0.0,0.0,0.0,0.0,0,1.0,0.0,7.94375,1.0,0.0,0.00625,0.00625,0.05625,0.2828026368535185,1.2351731669623405,abrupt_change,0.4138543594214832,0.030468750000000044
flocking_robust_multiflock,24,0.6685855889546426,0.6670360227478125,0.99609375,0.6752778268257451,1.7082697825683026,0.9620535714285714,1.6638761781091786,3.7096400058627443,4.737792882432295,0.40832479709665925,0,3840,737280,0.7199999999999999,0.0,0.0,0.0,0.0,0,1.00625,0.00625,7.91875,0.99765625,0.00234375,0.0,0.0,0.0625,0.3182197113195891,1.2257733328733593,abrupt_change,0.29173021743169736,0.012053571428571441
flocking_robust_multiflock,25,0.6944597977787215,0.6944597977787215,1.0,0.717019053817971,1.8640928048212253,0.9541294642857142,1.8286846639965966,3.688648896037646,4.671919673073683,0.44644320843667396,3,3840,737280,0.7199999999999999,0.0,0.0,0.0,0.0,0,1.0,0.0,7.83125,1.0,0.0,0.0,0.0,0.16875,0.32411370817328666,1.2015178329311311,abrupt_change,0.1359071951787747,0.004129464285714257
flocking_robust_multiflock,26,0.6674204280595343,0.6674204280595343,1.0,0.677354032748318,1.6629164200217978,0.9803571428571429,1.6296790118490683,3.6926977548094917,4.737023327844065,0.4639112568893484,0,3840,737280,0.7199999999999999,0.0,0.0,0.0,0.0,0,1.0,0.0,7.90625,1.0,0.0,0.0,0.0,0.09375,0.29905318122193436,1.2284092910122126,abrupt_change,0.33708357997820215,0.03035714285714297
flocking_robust_multiflock,27,0.6695382219493735,0.6695382219493735,1.0,0.6693926718181064,1.660094970154765,0.96484375,1.7159034188281979,3.704514274925753,4.750939021531567,0.43431891769287373,0,3840,737280,0.7199999999999999,0.0,0.0,0.0,0.0,0,1.0,0.0,7.96875,1.0,0.0,0.0,0.0,0.03125,0.29923025259751557,1.2414777500089258,abrupt_change,0.3399050298452351,0.014843750000000044
flocking_robust_multiflock,28,0.6747759311431633,0.6747759311431633,1.0,0.6819966610417951,1.7375899800997714,0.9589285714285716,1.727647928614529,3.6983588775796457,4.713205157417882,0.4379203887191272,3,3840,737280,0.7199999999999999,0.0,0.0,0.0,0.0,0,1.0,0.0,7.90625,1.0,0.0,0.0,0.0,0.09375,0.28539010635985224,1.2212459999136627,abrupt_change,0.2624100199002286,0.008928571428571619
flocking_robust_multiflock,29,0.683461491619048,0.683461491619048,1.0,0.6835754845091602,1.735014696955607,0.96171875,1.8182918823099903,3.6960933194042846,4.722335327719781,0.4685418590316024,2,3840,737280,0.7199999999999999,0.0,0.0,0.0,0.0,0,1.0,0.0,7.90625,1.0,0.0,0.0,0.0,0.09375,0.297277561098401,1.2312517499085516,abrupt_change,0.26498530304439294,0.01171875
flocking_fixed_momentum,0,0.6946964570355461,0.6946964570355461,1.0,0.7071199517694289,1.7627870337210296,0.96484375,1.7532411873348337,3.6889200050184647,4.58753880988458,0.5201472945031765,3,3317,636864,0.7199999999999999,0.0,0.0,0.0,0.0,0,1.0,0.0,8.0,1.0,0.0,0.0,0.0,0.0,0.0,0.898430542089045,mixed_dropout,0.23721296627897037,0.014843750000000044
flocking_fixed_momentum,1,0.6703788868965186,0.6703788868965186,1.0,0.6940402641064033,1.7111671220922755,0.96484375,1.716287941516962,3.716929522567091,4.558536073210766,0.48792774875466194,1,3237,621504,0.7199999999999999,0.0,0.0,0.0,0.0,0,1.0,0.0,8.0,1.0,0.0,0.0,0.0,0.0,0.0,0.8809386671055108,mixed_dropout,0.2888328779077245,0.014843750000000044
flocking_fixed_momentum,2,0.7051883015389985,0.7051883015389985,1.0,0.7041364832700429,1.7979905052471612,0.975,1.7480890056219525,3.714456297372679,4.558971248690662,0.4889514305445152,0,3261,626112,0.7199999999999999,0.0,0.0,0.0,0.0,0,1.0,0.0,8.0,1.0,0.0,0.0,0.0,0.0,0.0,0.876048041973263,mixed_dropout,0.2020094947528388,0.025000000000000022
flocking_fixed_momentum,3,0.6749995787247632,0.6749995787247632,1.0,0.6865160948014908,1.6690690529737835,0.97578125,1.812159738487475,3.6958223158053785,4.553036463494282,0.5000494201004472,1,3265,626880,0.7199999999999999,0.0,0.0,0.0,0.0,0,1.0,0.0,8.0,1.0,0.0,0.0,0.0,0.0,0.0,0.8760247910395265,mixed_dropout,0.3309309470262165,0.02578125000000009
flocking_fixed_momentum,4,0.6574447012366917,0.6574447012366917,1.0,0.6836273201288006,1.6813389322947614,0.98359375,1.6428792783523736,3.699001199426899,4.545017501801445,0.4967728708053493,0,3240,622080,0.7199999999999999,0.0,0.0,0.0,0.0,0,1.0,0.0,8.0,1.0,0.0,0.0,0.0,0.0,0.0,0.9013860418926924,mixed_dropout,0.3186610677052386,0.03359375000000009
flocking_fixed_momentum,5,0.6881928593143589,0.6881928593143589,1.0,0.7114243418873184,1.8100594154211898,0.95625,1.7367020806204032,3.712802785675598,4.5508997891645295,0.4631764474584313,3,3272,628224,0.7199999999999999,0.0,0.0,0.0,0.0,0,1.0,0.0,8.0,1.0,0.0,0.0,0.0,0.0,0.0,0.8909566251095384,mixed_dropout,0.18994058457881025,0.006250000000000089
flocking_fixed_momentum,6,0.6473359195575151,0.6473359195575151,1.0,0.6846641984046219,1.6865763554002946,0.9625,1.733490626563982,3.6930868801508074,4.500990867090236,0.5125209510150242,0,3231,620352,0.7199999999999999,0.0,0.0,0.0,0.0,0,1.0,0.0,8.0,1.0,0.0,0.0,0.0,0.0,0.0,0.8851457082200795,mixed_dropout,0.3134236445997054,0.012500000000000067
flocking_fixed_momentum,7,0.7080161763704662,0.7080161763704662,1.0,0.7132895606560272,1.8592404532117484,0.94921875,1.8304992372189808,3.729573502404636,4.53825686081548,0.47826501251343545,4,3287,631104,0.7199999999999999,0.0,0.0,0.0,0.0,0,1.0,0.0,8.0,1.0,0.0,0.0,0.0,0.0,0.0,0.8985402090474963,mixed_dropout,0.14075954678825164,0.0007812499999999556
flocking_fixed_momentum,8,0.7004363532021443,0.7004363532021443,1.0,0.7124441068974624,1.8396915323838954,0.94921875,1.778932778920785,3.712870220180897,4.552093241716885,0.49639311108892964,4,3308,635136,0.7199999999999999,0.0,0.0,0.0,0.0,0,1.0,0.0,8.0,1.0,0.0,0.0,0.0,0.0,0.0,0.8896854999475181,mixed_dropout,0.16030846761610462,0.0007812499999999556
flocking_fixed_momentum,9,0.6892277100178391,0.6892277100178391,1.0,0.7004805952095168,1.697729707436104,0.97265625,1.8255157512996256,3.670408742505624,4.513582430599039,0.5395916119754565,0,3242,622464,0.7199999999999999,0.0,0.0,0.0,0.0,0,1.0,0.0,8.0,1.0,0.0,0.0,0.0,0.0,0.0,0.8929227918852121,mixed_dropout,0.30227029256389604,0.022656250000000044
flocking_fixed_momentum,10,0.7340108792010305,0.7340108792010305,1.0,0.7387918556006523,1.9895990374547516,0.9453125,1.7217660800420043,3.724182977553194,4.549452031551591,0.5125697012910017,1,3251,624192,0.7199999999999999,0.0,0.0,0.0,0.0,0,1.0,0.0,8.0,1.0,0.0,0.0,0.0,0.0,0.0,0.884828417096287,mixed_dropout,0.01040096254524836,0.004687499999999956
flocking_fixed_momentum,11,0.6526542821012762,0.6526542821012762,1.0,0.6659247275462575,1.562317971926061,0.978125,1.7565369550272139,3.706395223395473,4.538456516207105,0.471813228361701,0,3261,626112,0.7199999999999999,0.0,0.0,0.0,0.0,0,1.0,0.0,8.0,1.0,0.0,0.0,0.0,0.0,0.0,0.8942980831488967,mixed_dropout,0.4376820280739391,0.028125000000000067
flocking_fixed_momentum,12,0.6581985458771856,0.6581985458771856,1.0,0.6748220362954208,1.6446459953262245,0.97890625,1.7329324798647192,3.71120273852128,4.559206136112984,0.5058663855834465,0,3316,636672,0.7199999999999999,0.0,0.0,0.0,0.0,0,1.0,0.0,8.0,1.0,0.0,0.0,0.0,0.0,0.0,0.8926528338342905,mixed_dropout,0.35535400467377554,0.028906250000000022
flocking_fixed_momentum,13,0.7575434417652872,0.7575434417652872,1.0,0.7671106222217385,2.078051270948823,0.9484375,1.9142096024413555,3.688450328443095,4.57369072323011,0.5537187211431741,4,3254,624768,0.7199999999999999,0.0,0.0,0.0,0.0,0,1.0,0.0,8.0,1.0,0.0,0.0,0.0,0.0,0.0,0.8875539998989552,mixed_dropout,0.0780512709488228,0.0015624999999999112
flocking_fixed_momentum,14,0.6757752558083051,0.6757752558083051,1.0,0.6733424716272749,1.6251054768131794,0.975,1.7680898970561103,3.705049161970142,4.553331780578306,0.5034527813593301,1,3278,629376,0.7199999999999999,0.0,0.0,0.0,0.0,0,1.0,0.0,8.0,1.0,0.0,0.0,0.0,0.0,0.0,0.8941863330546767,mixed_dropout,0.3748945231868206,0.025000000000000022
flocking_fixed_momentum,15,0.6865963254669555,0.6865963254669555,1.0,0.7262112203313702,1.8729928925912405,0.9515625,1.752894309389152,3.689102480337496,4.555851280107847,0.5484939890895039,0,3233,620736,0.7199999999999999,0.0,0.0,0.0,0.0,0,1.0,0.0,8.0,1.0,0.0,0.0,0.0,0.0,0.0,0.9008032500278205,mixed_dropout,0.12700710740875953,0.0015625000000000222
flocking_fixed_momentum,16,0.6829707881385699,0.6829707881385699,1.0,0.6924878546293385,1.6881168311208352,0.971875,1.8452199362639476,3.7029208897639037,4.526125332686516,0.5510770559952282,0,3269,627648,0.7199999999999999,0.0,0.0,0.0,0.0,0,1.0,0.0,8.0,1.0,0.0,0.0,0.0,0.0,0.0,0.8903354168869555,mixed_dropout,0.3118831688791648,0.02187500000000009
flocking_fixed_momentum,17,0.6888346230183037,0.6888346230183037,1.0,0.6823560764981869,1.6698646453369428,0.97265625,1.7537796806121961,3.715121244058827,4.499908556711214,0.4499616651247324,6,3238,621696,0.7199999999999999,0.0,0.0,0.0,0.0,0,1.0,0.0,8.0,1.0,0.0,0.0,0.0,0.0,0.0,0.8889208748005331,mixed_dropout,0.3301353546630572,0.022656250000000044
flocking_fixed_momentum,18,0.6079237753258884,0.6079237753258884,1.0,0.6475101613258871,1.5117523331714526,0.97109375,1.7707031691214379,3.7107462131411078,4.545775436613437,0.4831758153085171,0,3269,627648,0.7199999999999999,0.0,0.0,0.0,0.0,0,1.0,0.0,8.0,1.0,0.0,0.0,0.0,0.0,0.0,0.895115708000958,mixed_dropout,0.48824766682854737,0.021093750000000022
flocking_fixed_momentum,19,0.7143065583672814,0.7143065583672814,1.0,0.7185682888601425,1.8396072802775971,0.96328125,1.8186289614256297,3.693284873488717,4.6208344716462335,0.5076778711336773,0,3289,631488,0.7199999999999999,0.0,0.0,0.0,0.0,0,1.0,0.0,8.0,1.0,0.0,0.0,0.0,0.0,0.0,0.8976251659914851,mixed_dropout,0.16039271972240288,0.013281250000000022
flocking_fixed_momentum,20,0.6742562039416896,0.6742562039416896,1.0,0.7151196778389249,1.8703356357286172,0.95390625,1.7536428433950206,3.7259369865588297,4.545184503408901,0.4557616220244999,2,3263,626496,0.7199999999999999,0.0,0.0,0.0,0.0,0,1.0,0.0,8.0,1.0,0.0,0.0,0.0,0.0,0.0,0.8867208329029381,mixed_dropout,0.12966436427138284,0.00390625
flocking_fixed_momentum,21,0.6940889666532868,0.6940889666532868,1.0,0.7105702856966252,1.8144272076809749,0.95234375,1.8369473372486005,3.7197056386770813,4.551640262960559,0.5079998204477723,3,3253,624576,0.7199999999999999,0.0,0.0,0.0,0.0,0,1.0,0.0,8.0,1.0,0.0,0.0,0.0,0.0,0.0,0.8849214590154588,mixed_dropout,0.18557279231902513,0.002343750000000089
flocking_fixed_momentum,22,0.6707816807283816,0.6707816807283816,1.0,0.7066992590265297,1.6916545276351609,0.975,1.6678587126203044,3.6765819124220207,4.54615647024678,0.5451755204274219,1,3273,628416,0.7199999999999999,0.0,0.0,0.0,0.0,0,1.0,0.0,8.0,1.0,0.0,0.0,0.0,0.0,0.0,0.8896989999338984,mixed_dropout,0.3083454723648391,0.025000000000000022
flocking_fixed_momentum,23,0.6196788489460133,0.6196788489460133,1.0,0.6496159889393213,1.5095316683773725,0.98046875,1.7012462164853854,3.7163619984319807,4.56064916686613,0.47283838774830295,0,3305,634560,0.7199999999999999,0.0,0.0,0.0,0.0,0,1.0,0.0,8.0,1.0,0.0,0.0,0.0,0.0,0.0,0.9013307089917362,mixed_dropout,0.4904683316226275,0.030468750000000044
flocking_fixed_momentum,24,0.706903415021892,0.706903415021892,1.0,0.7305382030239004,1.9216471704881635,0.9578125,1.7650610909040054,3.7242683518674844,4.549244566332585,0.46144799075064447,2,3234,620928,0.7199999999999999,0.0,0.0,0.0,0.0,0,1.0,0.0,8.0,1.0,0.0,0.0,0.0,0.0,0.0,0.8812363748438656,mixed_dropout,0.07835282951183653,0.0078125
flocking_fixed_momentum,25,0.7622099849512732,0.7622099849512732,1.0,0.7713033885083602,2.093699268256059,0.94375,1.8673995108440409,3.692468545073006,4.522236601940158,0.4873265676542161,6,3236,621312,0.7199999999999999,0.0,0.0,0.0,0.0,0,1.0,0.0,8.0,1.0,0.0,0.0,0.0,0.0,0.0,0.8833071659319103,mixed_dropout,0.09369926825605912,0.006249999999999978
flocking_fixed_momentum,26,0.6828640784908618,0.6828640784908618,1.0,0.7075648214447123,1.752024805662225,0.971875,1.6953984810109426,3.700888290288897,4.5495491355703495,0.5117941921738047,1,3271,628032,0.7199999999999999,0.0,0.0,0.0,0.0,0,1.0,0.0,8.0,1.0,0.0,0.0,0.0,0.0,0.0,0.8996109580621123,mixed_dropout,0.24797519433777504,0.02187500000000009
flocking_fixed_momentum,27,0.6468575977383508,0.6468575977383508,1.0,0.6807022898026648,1.6362255279573823,0.96640625,1.7606227296829176,3.7168873569852705,4.5575667059292755,0.49933973385844455,3,3300,633600,0.7199999999999999,0.0,0.0,0.0,0.0,0,1.0,0.0,8.0,1.0,0.0,0.0,0.0,0.0,0.0,0.9042674170341343,mixed_dropout,0.3637744720426177,0.016406250000000067
flocking_fixed_momentum,28,0.7145945851814214,0.7145945851814214,1.0,0.7201825773083101,1.8400208290186808,0.9578125,1.7320542348631094,3.704097155392995,4.501630841399989,0.4991768619047994,4,3222,618624,0.7199999999999999,0.0,0.0,0.0,0.0,0,1.0,0.0,8.0,1.0,0.0,0.0,0.0,0.0,0.0,0.8848880419973284,mixed_dropout,0.1599791709813192,0.0078125
flocking_fixed_momentum,29,0.6255730565136713,0.6255730565136713,1.0,0.6581421875709407,1.546090054228949,0.98203125,1.7238945859289303,3.7021549202125157,4.553609330978707,0.45640203540238033,0,3233,620736,0.7199999999999999,0.0,0.0,0.0,0.0,0,1.0,0.0,8.0,1.0,0.0,0.0,0.0,0.0,0.0,0.8776451249141246,mixed_dropout,0.4539099457710509,0.03203125000000007
flocking_robust_multiflock,0,0.645037331085041,0.645037331085041,1.0,0.6926770809761447,1.6712931977705303,0.9658482142857142,1.7064851795859728,3.6855308777955083,4.5163408072383175,0.5107290767948904,1,3295,632640,0.7199999999999999,0.0,0.0,0.0,0.0,0,1.0,0.0,7.8875,1.0,0.0,0.0,0.0,0.1125,0.3165474522959948,1.13434391701594,mixed_dropout,0.3287068022294697,0.015848214285714257
flocking_robust_multiflock,1,0.6657630591763173,0.6657630591763173,1.0,0.6950457780635176,1.7227449191905744,0.9584821428571428,1.7582495182491797,3.7175356359921863,4.547634294728892,0.45794342272955585,5,3258,625536,0.7199999999999999,0.0,0.0,0.0,0.0,0,1.0,0.0,7.96875,1.0,0.0,0.0,0.0,0.03125,0.2910132110168582,1.134925541933626,mixed_dropout,0.2772550808094256,0.008482142857142883
flocking_robust_multiflock,2,0.711586020825063,0.711586020825063,1.0,0.7073337948527971,1.8070450029670084,0.9614955357142858,1.7702273915813431,3.717221491834846,4.531894389820268,0.5177516509423586,1,3271,628032,0.7199999999999999,0.0,0.0,0.0,0.0,0,1.0,0.0,7.96875,1.0,0.0,0.0,0.0,0.03125,0.2952290893280159,1.13023641705513,mixed_dropout,0.19295499703299157,0.011495535714285854
flocking_robust_multiflock,3,0.6818438946999001,0.6818438946999001,1.0,0.6916179074932578,1.6917893498750125,0.9756696428571429,1.792319104971775,3.6976589092330143,4.5130702656646555,0.5008047359909286,0,3268,627456,0.7199999999999999,0.0,0.0,0.0,0.0,0,1.0,0.0,7.94375,1.0,0.0,0.0,0.0,0.05625,0.2955211366598731,1.1380416250322014,mixed_dropout,0.3082106501249875,0.025669642857142905
flocking_robust_multiflock,4,0.667660471407313,0.667660471407313,1.0,0.6973545775218646,1.7485458479349063,0.98125,1.652779175211058,3.7001090473748723,4.53138349486219,0.5070526332986669,0,3237,621504,0.7199999999999999,0.0,0.0,0.0,0.0,0,1.0,0.0,7.96875,1.0,0.0,0.0,0.0,0.03125,0.2721593928389156,1.1258617918938398,mixed_dropout,0.2514541520650937,0.03125
flocking_robust_multiflock,5,0.7030697883366807,0.7030697883366807,1.0,0.7164954247358976,1.8348666742957689,0.9484375,1.736129365644159,3.714878346321862,4.5564634991883635,0.4646555510493112,3,3288,631296,0.7199999999999999,0.0,0.0,0.0,0.0,0,1.0,0.0,7.98125,1.0,0.0,0.0,0.0,0.01875,0.2849873671575775,1.1377467080019414,mixed_dropout,0.16513332570423112,0.0015624999999999112
flocking_robust_multiflock,6,0.6448405767941128,0.6448405767941128,1.0,0.6710814830196905,1.617695911965625,0.965625,1.715970363038401,3.690748743720429,4.502911782607199,0.5248930569543199,1,3227,619584,0.7199999999999999,0.0,0.0,0.0,0.0,0,1.0,0.0,7.975,1.0,0.0,0.0,0.0,0.025,0.2996502044997119,1.128113041864708,mixed_dropout,0.3823040880343751,0.015625
flocking_robust_multiflock,7,0.7320132282808944,0.7320132282808944,1.0,0.7284495305945211,1.967926085364938,0.9511160714285716,1.8232918934450502,3.733544433311942,4.488384980651828,0.4369674534484269,4,3296,632832,0.7199999999999999,0.0,0.0,0.0,0.0,0,1.0,0.0,7.98125,1.0,0.0,0.0,0.0,0.01875,0.28382949372332256,1.1528245420195162,mixed_dropout,0.03207391463506193,0.001116071428571619
flocking_robust_multiflock,8,0.7017424567675499,0.7017424567675499,1.0,0.7122543774412633,1.8377601070991703,0.95,1.7665623603669196,3.7127616585146987,4.555276588040966,0.506794599269686,4,3306,634752,0.7199999999999999,0.0,0.0,0.0,0.0,0,1.0,0.0,7.99375,1.0,0.0,0.0,0.0,0.00625,0.2898675683995375,1.1510230000130832,mixed_dropout,0.16223989290082974,0.0
flocking_robust_multiflock,9,0.6872407626532712,0.6872407626532712,1.0,0.7152796127163527,1.7763955671487721,0.96875,1.848370692766067,3.6748846749126303,4.416776727492783,0.525151670968002,6,3206,615552,0.7199999999999999,0.0,0.0,0.0,0.0,0,1.0,0.0,7.90625,1.0,0.0,0.00625,0.00625,0.09375,0.31535074816913167,1.1356023331172764,mixed_dropout,0.22360443285122789,0.018750000000000044
flocking_robust_multiflock,10,0.6787639845805824,0.6787639845805824,1.0,0.6806206155371912,1.6808605964876364,0.9578125,1.664738769736139,3.7276177460847153,4.53149912564236,0.5106560714552228,3,3260,625920,0.7199999999999999,0.0,0.0,0.0,0.0,0,1.0,0.0,7.96875,1.0,0.0,0.0,0.0,0.03125,0.2830348499040727,1.1451727910898626,mixed_dropout,0.3191394035123636,0.0078125
flocking_robust_multiflock,11,0.6321829616030756,0.6321829616030756,1.0,0.6746461487280494,1.5985962437214616,0.96953125,1.7854656222502032,3.70679926040086,4.499909539080383,0.47631684173883704,1,3231,620352,0.7199999999999999,0.0,0.0,0.0,0.0,0,1.0,0.0,7.94375,1.0,0.0,0.0,0.0,0.05625,0.29492376259367503,1.130055374931544,mixed_dropout,0.4014037562785384,0.01953125
flocking_robust_multiflock,12,0.6467808978599,0.6467808978599,1.0,0.6770820046799646,1.6303799350954016,0.975,1.7297423304714754,3.7049584439841707,4.535720125527744,0.5111757119741507,0,3286,630912,0.7199999999999999,0.0,0.0,0.0,0.0,0,1.0,0.0,7.94375,1.0,0.0,0.0,0.0,0.05625,0.28415824500221165,1.1501374579966068,mixed_dropout,0.3696200649045984,0.025000000000000022
flocking_robust_multiflock,13,0.7016927078451225,0.7016927078451225,1.0,0.715053682268945,1.796857906231279,0.98203125,1.8691973573856415,3.6898208173771763,4.555756978429622,0.5404067030486537,4,3261,626112,0.7199999999999999,0.0,0.0,0.0,0.0,0,1.0,0.0,7.95,1.0,0.0,0.0,0.0,0.05,0.29657715111871463,1.1366059579886496,mixed_dropout,0.20314209376872094,0.03203125000000007
flocking_robust_multiflock,14,0.6584987765055444,0.6584987765055444,1.0,0.6659240698404519,1.5934274444635612,0.9700892857142858,1.7248498878627239,3.705674506630017,4.531027218518534,0.49681140709034954,0,3276,628992,0.7199999999999999,0.0,0.0,0.0,0.0,0,1.0,0.0,7.95,1.0,0.0,0.0,0.0,0.05,0.29841769895745374,1.1566438749432564,mixed_dropout,0.4065725555364388,0.02008928571428581
flocking_robust_multiflock,15,0.6347492515708391,0.6347492515708391,1.0,0.6850867848735894,1.655966719125986,0.96796875,1.74548880898882,3.697574552792898,4.4841076093553,0.5450329483895846,0,3282,630144,0.7199999999999999,0.0,0.0,0.0,0.0,0,1.0,0.0,7.91875,1.0,0.0,0.0,0.0,0.08125,0.30069557005342057,1.144902333151549,mixed_dropout,0.3440332808740141,0.01796875000000009
flocking_robust_multiflock,16,0.6573938160407072,0.6573938160407072,1.0,0.6739166536097948,1.5986787436806402,0.9890625,1.8329875221285434,3.700051435700936,4.52569414118354,0.5019574524778451,0,3290,631680,0.7199999999999999,0.0,0.0,0.0,0.0,0,1.0,0.0,7.93125,1.0,0.0,0.0,0.0,0.06875,0.2992856223885379,1.157969000050798,mixed_dropout,0.4013212563193598,0.0390625
flocking_robust_multiflock,17,0.7053875080661328,0.7053875080661328,1.0,0.713907684296645,1.8115053520691329,0.9668526785714284,1.7741080873123067,3.718812780143827,4.549141526538753,0.5089204697161593,0,3259,625728,0.7199999999999999,0.0,0.0,0.0,0.0,0,1.0,0.0,7.9125,1.0,0.0,0.0,0.0,0.0875,0.2960533207684085,1.129699083045125,mixed_dropout,0.18849464793086712,0.01685267857142847
flocking_robust_multiflock,18,0.594750873413774,0.594750873413774,1.0,0.626850966341366,1.3969823104363943,0.9854910714285715,1.7680373211632994,3.7112449842690425,4.541417052946365,0.44985829596743254,0,3267,627264,0.7199999999999999,0.0,0.0,0.0,0.0,0,1.0,0.0,7.94375,1.0,0.0,0.0,0.0,0.05625,0.28847152336837073,1.153317917138338,mixed_dropout,0.6030176895636057,0.03549107142857155
flocking_robust_multiflock,19,0.6851326482186976,0.6851326482186976,1.0,0.7026241160919711,1.7616442339656768,0.9629464285714286,1.758015527241978,3.699827208266619,4.510310277709193,0.5029540057571293,1,3271,628032,0.7199999999999999,0.0,0.0,0.0,0.0,0,1.0,0.0,7.89375,1.0,0.0,0.0,0.0,0.10625,0.3001096836862229,1.1250144590158015,mixed_dropout,0.23835576603432318,0.012946428571428692
flocking_robust_multiflock,20,0.6392868865407811,0.6392868865407811,1.0,0.6573081426546242,1.5549241785128616,0.97890625,1.6194411572784368,3.7301253120948346,4.473630333780113,0.4718568822860668,3,3267,627264,0.7199999999999999,0.0,0.0,0.0,0.0,0,1.0,0.0,7.90625,1.0,0.0,0.0,0.0,0.09375,0.29696393668037935,1.1418643340002745,mixed_dropout,0.4450758214871384,0.028906250000000022
flocking_robust_multiflock,21,0.6774049515687917,0.6774049515687917,1.0,0.684649763452397,1.688374953034884,0.9638392857142858,1.700343333680894,3.71592063252285,4.57642438488036,0.4771769927238715,1,3312,635904,0.7199999999999999,0.0,0.0,0.0,0.0,0,1.0,0.0,7.925,1.0,0.0,0.0,0.0,0.075,0.2828534548757574,1.1452545409556478,mixed_dropout,0.31162504696511606,0.013839285714285832
flocking_robust_multiflock,22,0.714987686098493,0.714987686098493,1.0,0.7383999919370409,1.8882656668127211,0.95,1.754245982998554,3.6843553712957204,4.539315836032443,0.5110687368377989,1,3269,627648,0.7199999999999999,0.0,0.0,0.0,0.0,0,1.0,0.0,7.96875,1.0,0.0,0.0,0.0,0.03125,0.2964922018158934,1.1509139169938862,mixed_dropout,0.11173433318727888,0.0
flocking_robust_multiflock,23,0.620993657730775,0.620993657730775,1.0,0.6308278098075529,1.4233276409937334,0.99453125,1.649147672061002,3.7186801092196853,4.557749879311489,0.4536401722550044,0,3300,633600,0.7199999999999999,0.0,0.0,0.0,0.0,0,1.0,0.0,7.95625,1.0,0.0,0.0,0.0,0.04375,0.2739286465611016,1.1507222088985145,mixed_dropout,0.5766723590062666,0.04453125000000002
flocking_robust_multiflock,24,0.666559983723881,0.666559983723881,1.0,0.7194645580663905,1.8577107066451315,0.9578125,1.7211417318630804,3.726642938243453,4.533637395377026,0.45785568223110573,2,3238,621696,0.7199999999999999,0.0,0.0,0.0,0.0,0,1.0,0.0,7.9625,1.0,0.0,0.0,0.0,0.0375,0.30977451423664765,1.148372208001092,mixed_dropout,0.1422892933548685,0.0078125
flocking_robust_multiflock,25,0.7604504543977295,0.7604504543977295,1.0,0.7717543550617387,2.101097139816847,0.9431547619047619,1.8407059341881862,3.6945604493793347,4.4985873459501615,0.49871121334503615,3,3222,618624,0.7199999999999999,0.0,0.0,0.0,0.0,0,1.0,0.0,7.86875,1.0,0.0,0.0,0.0,0.13125,0.3221560684422048,1.100200166925788,mixed_dropout,0.1010971398168472,0.006845238095238071
flocking_robust_multiflock,26,0.6806704534608775,0.6806704534608775,1.0,0.6840829567271177,1.654654180350936,0.97265625,1.6904708281074143,3.702321880648735,4.546745632407789,0.4630460769836112,0,3280,629760,0.7199999999999999,0.0,0.0,0.0,0.0,0,1.0,0.0,7.94375,1.0,0.0,0.0,0.0,0.05625,0.2940729771898305,1.1515822079963982,mixed_dropout,0.34534581964906397,0.022656250000000044
flocking_robust_multiflock,27,0.6562943884659492,0.6562943884659492,1.0,0.6828850765915202,1.6554436559938488,0.9671875,1.7392424769385215,3.7202252079471947,4.528549276190626,0.49814671105340613,3,3294,632448,0.7199999999999999,0.0,0.0,0.0,0.0,0,1.0,0.0,7.93125,1.0,0.0,0.0,0.0,0.06875,0.3035410571748361,1.1425154579337686,mixed_dropout,0.3445563440061512,0.017187500000000022
flocking_robust_multiflock,28,0.6752412593448053,0.6752412593448053,1.0,0.7115533966581725,1.7916515348408215,0.9541294642857142,1.7729024667675042,3.703896779222961,4.480262736942158,0.4935328272175372,9,3215,617280,0.7199999999999999,0.0,0.0,0.0,0.0,0,1.0,0.0,7.9375,1.0,0.0,0.0,0.0,0.0625,0.2836352416285627,1.1369444171432406,mixed_dropout,0.2083484651591785,0.004129464285714257
flocking_robust_multiflock,29,0.6309779813841933,0.6309779813841933,1.0,0.6623786758438246,1.55362874015707,0.9748883928571429,1.7235396513404264,3.7024661664452694,4.535097158639344,0.4898365226198241,1,3242,622464,0.7199999999999999,0.0,0.0,0.0,0.0,0,1.0,0.0,7.93125,1.0,0.0,0.0,0.0,0.06875,0.30206490888148224,1.126503709005192,mixed_dropout,0.4463712598429299,0.02488839285714295
flocking_fixed_momentum,0,2.9435783985270083,2.9435783985270083,1.0,3.511139404325953,37.45007595604115,0.21796875,6.512181832815921,3.547402104936603,4.14394018872755,1.3705532399123777,25,3840,737280,0.7199999999999999,0.0,0.0,0.0,0.0,0,1.0,0.0,8.0,1.0,0.0,0.0,0.0,0.0,0.0,1.0017560420092195,communication_delay,35.45007595604115,0.7320312499999999
flocking_fixed_momentum,1,1.9637164663015234,1.9637164663015234,1.0,2.503629921598495,22.069994783980565,0.33203125,4.6797635496383005,3.6717578417934362,4.266598669054779,1.1959090436049844,19,3840,737280,0.7199999999999999,0.0,0.0,0.0,0.0,0,1.0,0.0,8.0,1.0,0.0,0.0,0.0,0.0,0.0,1.0115130830090493,communication_delay,20.069994783980565,0.61796875
flocking_fixed_momentum,2,2.177856981378797,2.177856981378797,1.0,2.738583101012927,24.190942994737334,0.22578125,5.074894838069769,3.6250872211417984,4.058344824198641,1.1971108747814885,15,3840,737280,0.7199999999999999,0.0,0.0,0.0,0.0,0,1.0,0.0,8.0,1.0,0.0,0.0,0.0,0.0,0.0,1.0081312500406057,communication_delay,22.190942994737334,0.7242187499999999
flocking_fixed_momentum,3,2.6295410679904285,2.6295410679904285,1.0,3.077104596289184,30.006902444208766,0.275,5.608392942090544,3.563439455195612,4.518248031724063,1.294148167751689,16,3840,737280,0.7199999999999999,0.0,0.0,0.0,0.0,0,1.0,0.0,8.0,1.0,0.0,0.0,0.0,0.0,0.0,1.0014710421673954,communication_delay,28.006902444208766,0.6749999999999999
flocking_fixed_momentum,4,2.8162367896050267,2.8162367896050267,1.0,3.443265465609912,32.93904879360883,0.275,5.970457932139758,3.5163266268323916,3.9323199149189954,1.4947945059518681,22,3840,737280,0.7199999999999999,0.0,0.0,0.0,0.0,0,1.0,0.0,8.0,1.0,0.0,0.0,0.0,0.0,0.0,1.00842725019902,communication_delay,30.939048793608833,0.6749999999999999
flocking_fixed_momentum,5,1.8040307971791345,1.8040307971791345,1.0,2.514442971191238,21.922761365205588,0.29296875,4.780452006036557,3.6369814526696542,4.319802790125153,1.3063089168892073,12,3840,737280,0.7199999999999999,0.0,0.0,0.0,0.0,0,1.0,0.0,8.0,1.0,0.0,0.0,0.0,0.0,0.0,1.0156595830339938,communication_delay,19.922761365205588,0.65703125
flocking_fixed_momentum,6,2.695975248584283,2.695975248584283,1.0,3.075890078264378,29.788542578048567,0.35234375,5.721889276685886,3.5990545935678115,3.685487894301109,1.2240867343750594,20,3840,737280,0.7199999999999999,0.0,0.0,0.0,0.0,0,1.0,0.0,8.0,1.0,0.0,0.0,0.0,0.0,0.0,1.0014104589354247,communication_delay,27.788542578048567,0.59765625
flocking_fixed_momentum,7,2.2736811392649225,2.2736811392649225,1.0,2.54580624799887,21.139399634093042,0.37109375,4.910361515905143,3.624826372120502,4.313141172813639,0.9498157251645217,18,3840,737280,0.7199999999999999,0.0,0.0,0.0,0.0,0,1.0,0.0,8.0,1.0,0.0,0.0,0.0,0.0,0.0,1.00316704204306,communication_delay,19.139399634093042,0.57890625
flocking_fixed_momentum,8,2.54230146630316,2.54230146630316,1.0,3.0971051602009516,32.06964420118104,0.27421875,6.276002640537105,3.6013373349467956,4.3495826991840305,1.3560719260452117,15,3840,737280,0.7199999999999999,0.0,0.0,0.0,0.0,0,1.0,0.0,8.0,1.0,0.0,0.0,0.0,0.0,0.0,1.0034434159751981,communication_delay,30.069644201181042,0.67578125
flocking_fixed_momentum,9,2.9032723726183765,2.9032723726183765,1.0,3.5553051090819237,36.24303742840028,0.3,6.730660594329049,3.4953799161330723,3.4085093427089297,1.3817360127571776,25,3840,737280,0.7199999999999999,0.0,0.0,0.0,0.0,0,1.0,0.0,8.0,1.0,0.0,0.0,0.0,0.0,0.0,1.0165470419451594,communication_delay,34.24303742840028,0.6499999999999999
flocking_fixed_momentum,10,2.1008818306476744,2.1008818306476744,1.0,2.524259693453745,21.717293266972717,0.28984375,4.686446264257137,3.648255256719633,4.332551851825893,1.0423254361599164,19,3840,737280,0.7199999999999999,0.0,0.0,0.0,0.0,0,1.0,0.0,8.0,1.0,0.0,0.0,0.0,0.0,0.0,1.0084833749569952,communication_delay,19.717293266972717,0.66015625
flocking_fixed_momentum,11,2.599567475519735,2.599567475519735,1.0,2.9967546361517314,31.48536089362627,0.22109375,5.890107225508264,3.6467807673582158,4.341727853067946,1.1881380836667348,20,3840,737280,0.7199999999999999,0.0,0.0,0.0,0.0,0,1.0,0.0,8.0,1.0,0.0,0.0,0.0,0.0,0.0,1.0160204588901252,communication_delay,29.48536089362627,0.72890625
flocking_fixed_momentum,12,2.27620195862175,2.27620195862175,1.0,2.9257372889266935,28.526855966499973,0.2484375,5.5098361705211705,3.6302608977729633,4.3141990032104065,1.2866232823834014,13,3840,737280,0.7199999999999999,0.0,0.0,0.0,0.0,0,1.0,0.0,8.0,1.0,0.0,0.0,0.0,0.0,0.0,1.006616333965212,communication_delay,26.526855966499973,0.7015625
flocking_fixed_momentum,13,3.005893192285341,3.005893192285341,1.0,3.4227804158997044,37.31014154382695,0.21484375,7.003403593402351,3.593282429942068,4.137808756666482,1.4380863416946308,19,3840,737280,0.7199999999999999,0.0,0.0,0.0,0.0,0,1.0,0.0,8.0,1.0,0.0,0.0,0.0,0.0,0.0,1.01005679089576,communication_delay,35.31014154382695,0.73515625
flocking_fixed_momentum,14,2.594640216972863,2.594640216972863,1.0,3.192109624100874,32.81834156181178,0.22109375,5.578094938638633,3.5762987136647704,3.76380716351846,1.288873681507936,9,3840,737280,0.7199999999999999,0.0,0.0,0.0,0.0,0,1.0,0.0,8.0,1.0,0.0,0.0,0.0,0.0,0.0,1.0280657499097288,communication_delay,30.818341561811778,0.72890625
flocking_fixed_momentum,15,2.4768649423203586,2.4768649423203586,1.0,3.2711598365844443,37.303421804658754,0.1734375,6.645161622393107,3.6544001940657664,4.342075923557424,1.4249637005795408,1,3840,737280,0.7199999999999999,0.0,0.0,0.0,0.0,0,1.0,0.0,8.0,1.0,0.0,0.0,0.0,0.0,0.0,1.0369236660189927,communication_delay,35.303421804658754,0.7765624999999999
flocking_fixed_momentum,16,2.4298888002771735,2.4298888002771735,1.0,3.1387314923463894,34.2500881356183,0.20859375,6.309435364917423,3.6798999394021576,3.911133906931512,1.405710875040456,16,3840,737280,0.7199999999999999,0.0,0.0,0.0,0.0,0,1.0,0.0,8.0,1.0,0.0,0.0,0.0,0.0,0.0,1.0232521670404822,communication_delay,32.2500881356183,0.7414062499999999
flocking_fixed_momentum,17,2.3813368387475986,2.3813368387475986,1.0,2.652745087447887,22.40212888562011,0.3890625,5.007376638164989,3.589712029620197,3.0148958266170385,1.0991423090292765,14,3840,737280,0.7199999999999999,0.0,0.0,0.0,0.0,0,1.0,0.0,8.0,1.0,0.0,0.0,0.0,0.0,0.0,1.0181446250062436,communication_delay,20.40212888562011,0.5609375
flocking_fixed_momentum,18,2.3625583813958446,2.3625583813958446,1.0,2.8252380747648096,26.590742933647608,0.26171875,5.156588870907483,3.6220712240611688,4.261383961189873,1.2198182113852556,16,3840,737280,0.7199999999999999,0.0,0.0,0.0,0.0,0,1.0,0.0,8.0,1.0,0.0,0.0,0.0,0.0,0.0,1.044299165951088,communication_delay,24.590742933647608,0.68828125
flocking_fixed_momentum,19,2.7196792953331834,2.7196792953331834,1.0,3.108974955299045,28.758769959683455,0.29296875,5.692160353217689,3.568933848669603,4.046993812438972,1.3560662382984945,21,3840,737280,0.7199999999999999,0.0,0.0,0.0,0.0,0,1.0,0.0,8.0,1.0,0.0,0.0,0.0,0.0,0.0,1.0254557500593364,communication_delay,26.758769959683455,0.65703125
flocking_fixed_momentum,20,1.8544046611761766,1.8544046611761766,1.0,2.2781274799486937,17.16745051863948,0.31484375,4.149811924274182,3.648065489553372,4.287426620695929,1.086689004887837,14,3840,737280,0.7199999999999999,0.0,0.0,0.0,0.0,0,1.0,0.0,8.0,1.0,0.0,0.0,0.0,0.0,0.0,1.0237698340788484,communication_delay,15.16745051863948,0.63515625
flocking_fixed_momentum,21,2.1375764069670864,2.1375764069670864,1.0,2.7360283160091834,24.56878117731373,0.26015625,4.866986570737639,3.6503541875858545,4.48346318445415,1.1828119879069816,16,3840,737280,0.7199999999999999,0.0,0.0,0.0,0.0,0,1.0,0.0,8.0,1.0,0.0,0.0,0.0,0.0,0.0,1.0276329580228776,communication_delay,22.56878117731373,0.68984375
flocking_fixed_momentum,22,3.5074768887849412,3.5074768887849412,1.0,3.7244103559223967,43.638301819256085,0.25859375,7.533566760523378,3.6074293047081767,3.4927497032047996,1.0600650152552624,19,3840,737280,0.7199999999999999,0.0,0.0,0.0,0.0,0,1.0,0.0,8.0,1.0,0.0,0.0,0.0,0.0,0.0,1.0534105829428881,communication_delay,41.638301819256085,0.69140625
flocking_fixed_momentum,23,2.1622069593662396,2.1622069593662396,1.0,2.6040398610925517,23.183572989716072,0.27890625,4.7648916494124,3.6556152253600205,4.1764047656012435,1.0819229234788799,15,3840,737280,0.7199999999999999,0.0,0.0,0.0,0.0,0,1.0,0.0,8.0,1.0,0.0,0.0,0.0,0.0,0.0,1.0237618330866098,communication_delay,21.183572989716072,0.6710937499999999
flocking_fixed_momentum,24,2.3840362450215102,2.3840362450215102,1.0,2.7468984616820857,25.614247558128703,0.328125,5.143465941151368,3.640905858653835,4.561991064757686,1.047978557292622,19,3840,737280,0.7199999999999999,0.0,0.0,0.0,0.0,0,1.0,0.0,8.0,1.0,0.0,0.0,0.0,0.0,0.0,0.9998687501065433,communication_delay,23.614247558128703,0.621875
flocking_fixed_momentum,25,2.9257744208987613,2.9257744208987613,1.0,3.3750630212677413,34.21056724290794,0.2734375,6.732397098536514,3.5803438972032806,3.404270123910499,1.1769747581164984,20,3840,737280,0.7199999999999999,0.0,0.0,0.0,0.0,0,1.0,0.0,8.0,1.0,0.0,0.0,0.0,0.0,0.0,1.013121291063726,communication_delay,32.21056724290794,0.6765625
flocking_fixed_momentum,26,2.543527509674669,2.543527509674669,1.0,3.154277657243511,33.78552826083455,0.21328125,6.13032629739018,3.6490423864684907,3.956472403633524,1.3098231281257273,14,3840,737280,0.7199999999999999,0.0,0.0,0.0,0.0,0,1.0,0.0,8.0,1.0,0.0,0.0,0.0,0.0,0.0,1.0299118750263005,communication_delay,31.785528260834553,0.73671875
flocking_fixed_momentum,27,2.5158508933645187,2.5158508933645187,1.0,2.81313769549041,27.37364464069101,0.2578125,5.530337284034262,3.6711306371072525,3.977467261895632,1.082586221033311,16,3840,737280,0.7199999999999999,0.0,0.0,0.0,0.0,0,1.0,0.0,8.0,1.0,0.0,0.0,0.0,0.0,0.0,1.019038249971345,communication_delay,25.37364464069101,0.6921875
flocking_fixed_momentum,28,2.2299640633519138,2.2299640633519138,1.0,3.138356944622248,31.04577334289211,0.228125,5.852140427099356,3.562272300750402,4.265400868366833,1.367096186466135,20,3840,737280,0.7199999999999999,0.0,0.0,0.0,0.0,0,1.0,0.0,8.0,1.0,0.0,0.0,0.0,0.0,0.0,1.0046622920781374,communication_delay,29.04577334289211,0.7218749999999999
flocking_fixed_momentum,29,2.6363206573212925,2.6363206573212925,1.0,3.060014547477392,31.907565659680426,0.24140625,6.376363342881558,3.6660962078158987,3.5703835533196058,1.295276012792677,16,3840,737280,0.7199999999999999,0.0,0.0,0.0,0.0,0,1.0,0.0,8.0,1.0,0.0,0.0,0.0,0.0,0.0,1.0171692501753569,communication_delay,29.907565659680426,0.7085937499999999
flocking_robust_multiflock,0,0.7442006247445309,0.7442006247445309,1.0,0.7518222373837317,1.8245645586773676,0.9633928571428573,1.6810533949574278,3.759882159326449,3.8385397002767894,0.9032473279306308,1,3840,737280,0.7199999999999999,0.0,0.0,0.0,0.0,0,1.0,0.0,7.875,1.0,0.0,0.0,0.0,0.125,0.31431476890019067,1.2681696659419686,communication_delay,0.17543544132263245,0.013392857142857317
flocking_robust_multiflock,1,0.7139548548120982,0.7139548548120982,1.0,0.7560482440958132,1.7161156454804858,0.9733258928571429,1.7303449548740617,3.6825508406416647,4.106957311450333,0.9066326817157802,0,3840,737280,0.7199999999999999,0.0,0.0,0.0,0.0,0,1.0,0.0,7.925,1.0,0.0,0.0,0.0,0.075,0.30803103121496844,1.2652890419121832,communication_delay,0.2838843545195142,0.023325892857142927
flocking_robust_multiflock,2,0.7312381849536839,0.7312381849536839,1.0,0.7597395988735278,1.7406455897846853,0.9737723214285715,1.7065416260576665,3.6581309251195813,3.91631555079774,0.9297362342182962,1,3840,737280,0.7199999999999999,0.0,0.0,0.0,0.0,0,1.0,0.0,7.9,1.0,0.0,0.03125,0.03125,0.0875,0.3008133149703589,1.2598345000296831,communication_delay,0.2593544102153147,0.023772321428571552
flocking_robust_multiflock,3,0.670928607169983,0.670928607169983,1.0,0.7400555956940225,1.6935799531614382,0.9758928571428571,1.8011861484867873,3.728255089259858,3.600647570104144,0.9084100384720202,0,3840,737280,0.7199999999999999,0.0,0.0,0.0,0.0,0,1.0,0.0,7.81875,1.0,0.0,0.03125,0.03125,0.16875,0.30575271692409817,1.2565591661259532,communication_delay,0.30642004683856183,0.025892857142857162
flocking_robust_multiflock,4,0.665643401223013,0.665643401223013,1.0,0.6923483242195854,1.6110389693172351,0.9765625,1.6762281146181461,3.7862457266446397,3.2358758601383335,0.8294513845924687,0,3840,737280,0.7199999999999999,0.0,0.0,0.0,0.0,0,1.0,0.0,7.9875,1.0,0.0,0.0,0.0,0.0125,0.2640393745996049,1.276780374813825,communication_delay,0.3889610306827649,0.026562500000000044
flocking_robust_multiflock,5,0.6024404343258714,0.6024404343258714,1.0,0.7469178293738601,1.6728082584671735,0.9717633928571429,1.7918870585822824,3.6705780291948096,4.243910893697489,0.9045001640899887,0,3840,737280,0.7199999999999999,0.0,0.0,0.0,0.0,0,1.0,0.0,7.98125,1.0,0.0,0.0,0.0,0.01875,0.29720595726553584,1.2777280409354717,communication_delay,0.3271917415328265,0.021763392857142905
flocking_robust_multiflock,6,0.6703355988954419,0.6703355988954419,1.0,0.7094400777100869,1.641218932696885,0.9723214285714287,1.7158719803952949,3.750864538139318,4.051651866634285,0.8690495205452928,0,3840,737280,0.7199999999999999,0.0,0.0,0.0,0.0,0,1.0,0.0,7.95,1.0,0.0,0.0,0.0,0.05,0.29677534878056816,1.2563500001560897,communication_delay,0.3587810673031151,0.022321428571428714
flocking_robust_multiflock,7,0.7444739411693841,0.7444739411693841,1.0,0.7373047944125531,1.703615799704113,0.9630580357142857,1.7098966010255858,3.6867253467644936,4.510394284762879,0.8906557538684957,2,3840,737280,0.7199999999999999,0.0,0.0,0.0,0.0,0,1.0,0.0,7.94375,1.0,0.0,0.00625,0.00625,0.05625,0.2987764699897002,1.2897668750956655,communication_delay,0.29638420029588697,0.013058035714285765
flocking_robust_multiflock,8,0.659562006404013,0.659562006404013,1.0,0.7513995542746063,1.7536017009210592,0.9598214285714286,1.8068232266122055,3.6970889385517993,4.168970216079648,0.9164360607898001,3,3840,737280,0.7199999999999999,0.0,0.0,0.0,0.0,0,1.0,0.0,7.93125,1.0,0.0,0.0,0.0,0.06875,0.2969173573366725,1.272458666935563,communication_delay,0.24639829907894084,0.009821428571428648
flocking_robust_multiflock,9,0.7208708953551854,0.7208708953551854,1.0,0.7422351498083066,1.7164611649607007,0.9728794642857143,1.8050729089611366,3.711822680069402,3.1772293596500694,0.9253251045057619,0,3840,737280,0.7199999999999999,0.0,0.0,0.0,0.0,0,1.0,0.0,7.8625,1.0,0.0,0.0,0.0,0.1375,0.3082978859076666,1.2573016670066863,communication_delay,0.28353883503929933,0.0228794642857143
flocking_robust_multiflock,10,0.687414737195078,0.687414737195078,1.0,0.7564443138289163,1.7359912362662215,0.9636160714285715,1.7287537162553268,3.6852893792959778,4.381935139839588,0.8980375995207215,3,3840,737280,0.7199999999999999,0.0,0.0,0.0,0.0,0,1.0,0.0,7.91875,1.0,0.0,0.0,0.0,0.08125,0.28906897643090435,1.2680057079996914,communication_delay,0.26400876373377846,0.013616071428571574
flocking_robust_multiflock,11,0.7038301220628113,0.7038301220628113,1.0,0.7273245463077024,1.6068628395284819,0.978125,1.7501428020314989,3.6698065069643606,4.012342504989624,0.8930413026892937,2,3840,737280,0.7199999999999999,0.0,0.0,0.0,0.0,0,1.0,0.0,7.8875,1.0,0.0,0.00625,0.00625,0.1125,0.30489927087299573,1.2772412919439375,communication_delay,0.39313716047151814,0.028125000000000067
flocking_robust_multiflock,12,0.6717080244976233,0.6717080244976233,1.0,0.7419342808807264,1.7311730906310578,0.9676339285714286,1.712320794911811,3.7173593445331776,3.9913476725773847,0.9083483677513291,3,3840,737280,0.7199999999999999,0.0,0.0,0.0,0.0,0,1.0,0.0,7.93125,1.0,0.0,0.0,0.0,0.06875,0.29962723022200716,1.271845875075087,communication_delay,0.26882690936894216,0.017633928571428648
flocking_robust_multiflock,13,0.6324678250862363,0.6324678250862363,1.0,0.740888253291096,1.751952710281645,0.96875,1.7935267238617727,3.726953565306259,3.66945910691517,0.9086089085501866,4,3840,737280,0.7199999999999999,0.0,0.0,0.0,0.0,0,1.0,0.0,7.95,1.0,0.0,0.0,0.0,0.05,0.29482507671367947,1.2796366671100259,communication_delay,0.248047289718355,0.018750000000000044
flocking_robust_multiflock,14,0.6987317035752869,0.6987317035752869,1.0,0.746234428949354,1.7339941030812038,0.9683035714285715,1.7436059062554148,3.7131252682021385,3.489266163173865,0.8996830967844502,2,3840,737280,0.7199999999999999,0.0,0.0,0.0,0.0,0,1.0,0.0,7.8375,1.0,0.0,0.025,0.025,0.15625,0.3043552117938642,1.237797083100304,communication_delay,0.26600589691879617,0.01830357142857153
flocking_robust_multiflock,15,0.73673013976798,0.73673013976798,1.0,0.7508369359264665,1.754597909910957,0.9629464285714286,1.7696949014955994,3.7022337466498514,4.037883244555403,0.899602961313987,0,3840,737280,0.7199999999999999,0.0,0.0,0.0,0.0,0,1.0,0.0,7.9375,1.0,0.0,0.0,0.0,0.0625,0.29105569690555366,1.2727352092042565,communication_delay,0.245402090089043,0.012946428571428692
flocking_robust_multiflock,16,0.7195463295827579,0.7195463295827579,1.0,0.7486499971786215,1.7193076706531865,0.9670758928571429,1.7423168265248408,3.6874331650728287,4.048443147324812,0.9307006525215943,0,3840,737280,0.7199999999999999,0.0,0.0,0.0,0.0,0,1.0,0.0,7.93125,1.0,0.0,0.0,0.0,0.06875,0.3138908693719769,1.277124874992296,communication_delay,0.28069232934681354,0.01707589285714295
flocking_robust_multiflock,17,0.7062731473982549,0.7062731473982549,1.0,0.7466729452818663,1.6314247321206108,0.97109375,1.76857977897603,3.6240192465604117,4.166331577160779,0.9047819218580571,1,3840,737280,0.7199999999999999,0.0,0.0,0.0,0.0,0,1.0,0.0,7.9,1.0,0.0,0.0,0.0,0.1,0.29772490166081333,1.271777749992907,communication_delay,0.3685752678793892,0.021093750000000022
flocking_robust_multiflock,18,0.7197397084508265,0.7197397084508265,1.0,0.7379130215805519,1.6745669627111937,0.9717633928571429,1.8018114579359363,3.6840344331178736,4.169418058507658,0.913626888276783,1,3840,737280,0.7199999999999999,0.0,0.0,0.0,0.0,0,1.0,0.0,7.9625,1.0,0.0,0.0,0.0,0.0375,0.2967992134626404,1.2792423330247402,communication_delay,0.32543303728880635,0.021763392857142905
flocking_robust_multiflock,19,0.7255071556398053,0.7255071556398053,1.0,0.7719706711780574,1.705011145324947,0.9756324404761905,1.7151350697861076,3.6355006962568894,4.031458297162591,0.9372384069823546,0,3840,737280,0.7199999999999999,0.0,0.0,0.0,0.0,0,1.0,0.0,7.83125,1.0,0.0,0.025,0.025,0.1625,0.3214948137129248,1.2571725419256836,communication_delay,0.294988854675053,0.02563244047619051
flocking_robust_multiflock,20,0.6996431718127236,0.6996431718127236,1.0,0.7451657477740692,1.650443353238456,0.9709821428571429,1.6951718040124795,3.64446386474091,4.100512272168089,0.8946490874124938,4,3840,737280,0.7199999999999999,0.0,0.0,0.0,0.0,0,1.0,0.0,7.9375,1.0,0.0,0.0,0.0,0.0625,0.31416585239305217,1.2897065829019994,communication_delay,0.3495566467615441,0.02098214285714295
flocking_robust_multiflock,21,0.6491588979541204,0.6491588979541204,1.0,0.7330765854297134,1.6694141317053575,0.9725446428571429,1.7400259688279989,3.7042882476765597,4.5929518914018335,0.9016401120491124,1,3840,737280,0.7199999999999999,0.0,0.0,0.0,0.0,0,1.0,0.0,7.93125,1.0,0.0,0.0,0.0,0.06875,0.2982878790166083,1.2869609161280096,communication_delay,0.33058586829464254,0.02254464285714297
flocking_robust_multiflock,22,0.6940586086669918,0.6940586086669918,1.0,0.7369858550828079,1.7093332676223614,0.9630580357142857,1.750042863280473,3.734705368061185,3.3500496199388308,0.8866020426250867,0,3840,737280,0.7199999999999999,0.0,0.0,0.0,0.0,0,1.0,0.0,7.90625,1.0,0.0,0.0,0.0,0.09375,0.2903340757617631,1.280384167097509,communication_delay,0.2906667323776386,0.013058035714285765
flocking_robust_multiflock,23,0.7164709033503086,0.7164709033503086,1.0,0.7444324562493189,1.6459765833221105,0.9700892857142858,1.754252018151417,3.6420226020824247,4.145536373601078,0.9100209402413588,1,3840,737280,0.7199999999999999,0.0,0.0,0.0,0.0,0,1.0,0.0,7.94375,1.0,0.0,0.0,0.0,0.05625,0.29443644401625,1.2869312500115484,communication_delay,0.3540234166778895,0.02008928571428581
flocking_robust_multiflock,24,0.7263645278100047,0.7263645278100047,1.0,0.7475169776500769,1.717740435195216,0.9658482142857144,1.6572064462827634,3.6831966117960895,4.450515876226446,0.9063505030442343,1,3840,737280,0.7199999999999999,0.0,0.0,0.0,0.0,0,1.0,0.0,7.9125,1.0,0.0,0.0,0.0,0.0875,0.32287180885463346,1.2742121659684926,communication_delay,0.2822595648047841,0.01584821428571448
flocking_robust_multiflock,25,0.7311737499195017,0.7311737499195017,1.0,0.8124783862680235,1.9418636879271578,0.9555431547619048,1.7746823679256263,3.669038093422819,2.71384461777063,0.938752345833531,5,3840,737280,0.7199999999999999,0.0,0.0,0.0,0.0,0,1.0,0.0,7.75625,1.0,0.0,0.04375,0.04375,0.225,0.3272400153843927,1.2438722918741405,communication_delay,0.0581363120728422,0.005543154761904812
flocking_robust_multiflock,26,0.7082856710931499,0.7082856710931499,1.0,0.737383200142995,1.6377928844458278,0.9780133928571428,1.6427436200539602,3.672643540145033,3.7796140536498823,0.909616467659132,0,3840,737280,0.7199999999999999,0.0,0.0,0.0,0.0,0,1.0,0.0,7.88125,1.0,0.0,0.0,0.0,0.11875,0.30091874599128693,1.2455297920387238,communication_delay,0.3622071155541722,0.028013392857142883
flocking_robust_multiflock,27,0.6546313798786985,0.6546313798786985,1.0,0.7511889989568707,1.69822091676891,0.9690848214285716,1.7420584610183387,3.650986089811389,4.001308711189816,0.915572252471122,0,3840,737280,0.7199999999999999,0.0,0.0,0.0,0.0,0,1.0,0.0,7.94375,1.0,0.0,0.0,0.0,0.05625,0.30655088092424254,1.2745845410972834,communication_delay,0.30177908323109004,0.019084821428571597
flocking_robust_multiflock,28,0.739627660183716,0.739627660183716,1.0,0.7583141916944236,1.733125104646963,0.9657366071428571,1.7700183214941738,3.655973817790307,3.868090506201966,0.8970176386850666,5,3840,737280,0.7199999999999999,0.0,0.0,0.0,0.0,0,1.0,0.0,7.875,1.0,0.0,0.0,0.0,0.125,0.29000841107793196,1.2619182500056922,communication_delay,0.2668748953530371,0.015736607142857184
flocking_robust_multiflock,29,0.7158520344813641,0.7158520344813641,1.0,0.7328095000678986,1.6374738263165434,0.9828125,1.8017499385539586,3.665592841693365,3.1005738547429713,0.9042178403682112,0,3840,737280,0.7199999999999999,0.0,0.0,0.0,0.0,0,1.0,0.0,7.8875,1.0,0.0,0.0,0.0,0.1125,0.3044840462565702,1.2663899171166122,communication_delay,0.36252617368345663,0.03281250000000002
flocking_fixed_momentum,0,0.7259869762552658,0.7259869762552658,1.0,0.7281236699326314,1.8561867185091674,0.96875,3.465793905889585,3.678326959082365,4.776789986245374,0.5093614292539307,1,3840,737280,0.7199999999999999,0.0,0.0,0.0,0.0,0,1.0,0.0,8.0,1.0,0.0,0.0,0.0,0.0,0.0,1.0252777920104563,biased_agents,0.1438132814908326,0.018750000000000044
flocking_fixed_momentum,1,1.4073402419677863,1.4073402419677863,1.0,1.4876885960497703,8.120117142593935,0.66640625,4.608475723467981,3.6894598547118718,4.941803716501483,0.839728594756975,0,3840,737280,0.7199999999999999,0.0,0.0,0.0,0.0,0,1.0,0.0,8.0,1.0,0.0,0.0,0.0,0.0,0.0,1.0245799589902163,biased_agents,6.120117142593935,0.28359375
flocking_fixed_momentum,2,1.0624265056589188,1.0624265056589188,1.0,0.9754328488608123,3.4377292175450584,0.9046875,4.1056133023815145,3.709041879529001,4.769726513764198,0.4609355121162782,0,3840,737280,0.7199999999999999,0.0,0.0,0.0,0.0,0,1.0,0.0,8.0,1.0,0.0,0.0,0.0,0.0,0.0,1.0231333749834448,biased_agents,1.4377292175450584,0.04531249999999998
flocking_fixed_momentum,3,1.1608719019682463,1.1608719019682463,1.0,1.419625566372131,7.4713606941409,0.65390625,4.911380566845638,3.6734719440444144,4.953477325378086,0.9012941609863461,3,3840,737280,0.7199999999999999,0.0,0.0,0.0,0.0,0,1.0,0.0,8.0,1.0,0.0,0.0,0.0,0.0,0.0,1.032286416972056,biased_agents,5.4713606941409,0.29609374999999993
flocking_fixed_momentum,4,2.0669868380986753,2.0669868380986753,1.0,2.1573024208295153,17.134650744284045,0.409375,5.49363293780897,3.638728598977387,4.769158887903178,0.9672085635103016,16,3840,737280,0.7199999999999999,0.0,0.0,0.0,0.0,0,1.0,0.0,8.0,1.0,0.0,0.0,0.0,0.0,0.0,1.02672337484546,biased_agents,15.134650744284045,0.5406249999999999
flocking_fixed_momentum,5,1.5172835253731785,1.5172835253731785,1.0,1.6541828550542803,10.452685274508458,0.61953125,5.085721212502536,3.6976800851615126,4.923677057690176,0.8277085907076079,0,3840,737280,0.7199999999999999,0.0,0.0,0.0,0.0,0,1.0,0.0,8.0,1.0,0.0,0.0,0.0,0.0,0.0,1.0266331669408828,biased_agents,8.452685274508458,0.33046875
flocking_fixed_momentum,6,1.3693853890916576,1.3693853890916576,1.0,1.5133772168519972,8.584682710183532,0.65703125,5.220055364154673,3.6646908329161065,4.933086813074664,0.9337232979785834,0,3840,737280,0.7199999999999999,0.0,0.0,0.0,0.0,0,1.0,0.0,8.0,1.0,0.0,0.0,0.0,0.0,0.0,1.039575999835506,biased_agents,6.584682710183532,0.29296875
flocking_fixed_momentum,7,2.4799369824393867,2.4799369824393867,1.0,2.1761483074982473,16.729377810878947,0.5140625,4.922371937840663,3.636412014628933,4.685136619553399,0.7108906249311104,80,3840,737280,0.7199999999999999,0.0,0.0,0.0,0.0,0,1.0,0.0,8.0,1.0,0.0,0.0,0.0,0.0,0.0,1.039564250037074,biased_agents,14.729377810878947,0.4359375
flocking_fixed_momentum,8,1.2733452507132623,1.2733452507132623,1.0,1.1965669920057793,5.0047881378496815,0.8453125,4.328779927718275,3.6798662941113838,4.809506401933281,0.6209349093850749,16,3840,737280,0.7199999999999999,0.0,0.0,0.0,0.0,0,1.0,0.0,8.0,1.0,0.0,0.0,0.0,0.0,0.0,1.0302098749671131,biased_agents,3.0047881378496815,0.10468749999999993
flocking_fixed_momentum,9,0.6880228460697816,0.6880228460697816,1.0,0.7525879563237355,2.010701533502108,0.94921875,3.5589421097369267,3.669875978058556,4.763052116851345,0.536061432482269,0,3840,737280,0.7199999999999999,0.0,0.0,0.0,0.0,0,1.0,0.0,8.0,1.0,0.0,0.0,0.0,0.0,0.0,1.0300964589696378,biased_agents,0.010701533502107896,0.0007812499999999556
flocking_fixed_momentum,10,0.6855673857987304,0.6855673857987304,1.0,0.6967235977979164,1.8242660011246392,0.94921875,3.5963666866295427,3.714857890931209,4.781366575725045,0.3948124787478958,1,3840,737280,0.7199999999999999,0.0,0.0,0.0,0.0,0,1.0,0.0,8.0,1.0,0.0,0.0,0.0,0.0,0.0,1.032028292072937,biased_agents,0.1757339988753608,0.0007812499999999556
flocking_fixed_momentum,11,1.660154738084232,1.660154738084232,1.0,1.482777077296826,8.023280167344803,0.71484375,3.974400192923979,3.6564416870350556,4.837448440839289,0.6111168285986822,38,3840,737280,0.7199999999999999,0.0,0.0,0.0,0.0,0,1.0,0.0,8.0,1.0,0.0,0.0,0.0,0.0,0.0,1.0307069590780884,biased_agents,6.023280167344803,0.23515624999999996
flocking_fixed_momentum,12,0.8286515204463825,0.8286515204463825,1.0,0.8291220050453557,2.3367291271715187,0.92578125,3.70390985658715,3.695663216227641,4.801492394914935,0.49256412644160347,11,3840,737280,0.7199999999999999,0.0,0.0,0.0,0.0,0,1.0,0.0,8.0,1.0,0.0,0.0,0.0,0.0,0.0,1.021763833006844,biased_agents,0.3367291271715187,0.024218749999999956
flocking_fixed_momentum,13,1.245941495136591,1.245941495136591,1.0,1.174658094787616,4.931765414934589,0.82734375,4.588270025355693,3.6679427377228526,4.8029961759001925,0.7185475979135949,25,3840,737280,0.7199999999999999,0.0,0.0,0.0,0.0,0,1.0,0.0,8.0,1.0,0.0,0.0,0.0,0.0,0.0,1.0327547919005156,biased_agents,2.9317654149345893,0.12265624999999991
flocking_fixed_momentum,14,0.6907958226928249,0.6907958226928249,1.0,0.6895589227651815,1.755956855274294,0.95390625,3.713615626865215,3.6970501912367437,4.766897204562099,0.4433458789410677,1,3840,737280,0.7199999999999999,0.0,0.0,0.0,0.0,0,1.0,0.0,8.0,1.0,0.0,0.0,0.0,0.0,0.0,1.0386991670820862,biased_agents,0.2440431447257061,0.00390625
flocking_fixed_momentum,15,1.190521606797129,1.190521606797129,1.0,1.1568890179236249,4.801260400771866,0.81953125,4.379770132134969,3.66810820431301,4.801053878673539,0.6925430991259357,17,3840,737280,0.7199999999999999,0.0,0.0,0.0,0.0,0,1.0,0.0,8.0,1.0,0.0,0.0,0.0,0.0,0.0,1.0371216251514852,biased_agents,2.8012604007718664,0.1304687499999999
flocking_fixed_momentum,16,1.6763336416047063,1.6763336416047063,1.0,1.6570434412171318,10.227912174102539,0.653125,4.913368041842242,3.6737418717909542,4.84981921906692,0.8002905997385499,1,3840,737280,0.7199999999999999,0.0,0.0,0.0,0.0,0,1.0,0.0,8.0,1.0,0.0,0.0,0.0,0.0,0.0,1.0378016659524292,biased_agents,8.227912174102539,0.296875
flocking_fixed_momentum,17,0.8412225264634788,0.8412225264634788,1.0,0.8409090981656643,2.469237195132068,0.8953125,4.136314806886465,3.705405345341062,4.773309575739762,0.53248606889307,0,3840,737280,0.7199999999999999,0.0,0.0,0.0,0.0,0,1.0,0.0,8.0,1.0,0.0,0.0,0.0,0.0,0.0,1.0437118750996888,biased_agents,0.46923719513206796,0.0546875
flocking_fixed_momentum,18,1.6776375382252084,1.6776375382252084,1.0,1.7140604183656234,10.9287729229847,0.596875,5.004752247109316,3.687187766824546,4.911165133324351,0.8926324684883544,0,3840,737280,0.7199999999999999,0.0,0.0,0.0,0.0,0,1.0,0.0,8.0,1.0,0.0,0.0,0.0,0.0,0.0,1.0402055410668254,biased_agents,8.9287729229847,0.3531249999999999
flocking_fixed_momentum,19,1.558629817012395,1.558629817012395,1.0,1.6521281904732774,10.26250640157853,0.59453125,5.416997157772675,3.6705339215629365,4.908245449708686,0.9120642580354291,4,3840,737280,0.7199999999999999,0.0,0.0,0.0,0.0,0,1.0,0.0,8.0,1.0,0.0,0.0,0.0,0.0,0.0,1.0265230000950396,biased_agents,8.26250640157853,0.35546875
flocking_fixed_momentum,20,0.7713660513660313,0.7713660513660313,1.0,0.7860373099874689,2.1013012888208618,0.946875,3.70548112729644,3.715946817424681,4.773853359873125,0.4164606078962194,0,3840,737280,0.7199999999999999,0.0,0.0,0.0,0.0,0,1.0,0.0,8.0,1.0,0.0,0.0,0.0,0.0,0.0,1.0312101668678224,biased_agents,0.10130128882086176,0.0031249999999999334
flocking_fixed_momentum,21,0.7116793704484697,0.7116793704484697,1.0,0.7274070510108881,1.958926392978039,0.965625,3.6675153039823813,3.7057597278249355,4.779619642027856,0.4047456463516432,0,3840,737280,0.7199999999999999,0.0,0.0,0.0,0.0,0,1.0,0.0,8.0,1.0,0.0,0.0,0.0,0.0,0.0,1.0422122499439865,biased_agents,0.041073607021961056,0.015625
flocking_fixed_momentum,22,1.3341003713501125,1.3341003713501125,1.0,1.2497967470863502,5.386050357510131,0.8265625,4.310298582089749,3.647027070181373,4.80007453370916,0.6938576898753502,22,3840,737280,0.7199999999999999,0.0,0.0,0.0,0.0,0,1.0,0.0,8.0,1.0,0.0,0.0,0.0,0.0,0.0,1.0384414580184966,biased_agents,3.386050357510131,0.12343749999999998
flocking_fixed_momentum,23,2.353589492097373,2.353589492097373,1.0,1.8444725694038635,12.666355954980755,0.56328125,4.549087892904655,3.6590703938240168,4.675266001160633,0.7906916949723071,80,3840,737280,0.7199999999999999,0.0,0.0,0.0,0.0,0,1.0,0.0,8.0,1.0,0.0,0.0,0.0,0.0,0.0,1.033644292037934,biased_agents,10.666355954980755,0.38671875
flocking_fixed_momentum,24,1.1754738861611578,1.1754738861611578,1.0,1.3359092039245781,6.866439221012479,0.7015625,4.293053603731153,3.6960552006009535,4.929355817905214,0.7809315776756776,0,3840,737280,0.7199999999999999,0.0,0.0,0.0,0.0,0,1.0,0.0,8.0,1.0,0.0,0.0,0.0,0.0,0.0,1.0374008750077337,biased_agents,4.866439221012479,0.24843749999999998
flocking_fixed_momentum,25,1.3750608809324483,1.3750608809324483,1.0,1.6087676682198666,9.569227351083045,0.60625,5.253080032960385,3.663098060190343,4.94666171039634,0.9621055215027127,3,3840,737280,0.7199999999999999,0.0,0.0,0.0,0.0,0,1.0,0.0,8.0,1.0,0.0,0.0,0.0,0.0,0.0,1.0498508748132735,biased_agents,7.569227351083045,0.34375
flocking_fixed_momentum,26,1.577971949614602,1.577971949614602,1.0,1.6228671943864645,9.562308184831416,0.55625,4.74014479809782,3.6786393660723435,4.960658387267222,0.9506672546959329,1,3840,737280,0.7199999999999999,0.0,0.0,0.0,0.0,0,1.0,0.0,8.0,1.0,0.0,0.0,0.0,0.0,0.0,1.0358823749702424,biased_agents,7.562308184831416,0.39374999999999993
flocking_fixed_momentum,27,2.2736331929212095,2.2736331929212095,1.0,2.2744299268157846,19.29765683389686,0.33984375,6.286267961431577,3.6559580543889267,4.892884071246934,1.0064120413988071,16,3840,737280,0.7199999999999999,0.0,0.0,0.0,0.0,0,1.0,0.0,8.0,1.0,0.0,0.0,0.0,0.0,0.0,1.0399449591059238,biased_agents,17.29765683389686,0.61015625
flocking_fixed_momentum,28,0.8559774336339668,0.8559774336339668,1.0,0.8810777040010951,2.7903929191218073,0.884375,3.8357351810082436,3.688997194644306,4.780373255388703,0.5408154359783056,5,3840,737280,0.7199999999999999,0.0,0.0,0.0,0.0,0,1.0,0.0,8.0,1.0,0.0,0.0,0.0,0.0,0.0,1.0351624160539359,biased_agents,0.7903929191218073,0.06562499999999993
flocking_fixed_momentum,29,1.1971192523504863,1.1971192523504863,1.0,1.3263570301456993,6.603378014930803,0.69921875,4.4678029453252135,3.682093398168307,4.90638829299896,0.7761286698469954,0,3840,737280,0.7199999999999999,0.0,0.0,0.0,0.0,0,1.0,0.0,8.0,1.0,0.0,0.0,0.0,0.0,0.0,1.0486043749842793,biased_agents,4.603378014930803,0.25078124999999996
flocking_robust_multiflock,0,0.8100178654710339,0.8100178654710339,0.996875,0.7939294561094732,2.112868757829284,0.9389062500000002,1.6193417470460154,3.708705755113018,3.04101409550089,0.7346701629892217,3,3840,737280,0.7199999999999999,0.0,0.0,0.0,0.0,0,1.00625,0.00625,4.9125,0.996875,0.003125,2.48125,0.96875,2.84375,1.0504903938384431,0.5289814160205424,biased_agents,0.11286875782928396,0.011093749999999791
flocking_robust_multiflock,1,0.6765523102250761,0.668884745617783,0.9875,0.7260554832239274,1.877982797580681,0.9572916666666667,1.5871063796106637,3.7562354118123693,3.2036879248267702,0.6742066611279711,4,3840,737280,0.7199999999999999,0.0,0.0,0.0,0.0,0,1.025,0.025,5.1375,0.9875,0.0125,2.0625,0.975,2.7625,1.0534635636426113,0.5859412080608308,biased_agents,0.1220172024193189,0.007291666666666696
flocking_robust_multiflock,2,0.6628184433982757,0.6628184433982757,1.0,0.6986145345978197,1.7342061224330454,0.9779166666666667,1.5857835310912847,3.7549402444414057,3.187108078751851,0.7043446196383285,0,3840,737280,0.7199999999999999,0.0,0.0,0.0,0.0,0,1.0,0.0,5.26875,1.0,0.0,2.1625,0.96875,2.63125,1.0543842324903288,0.5859004999510944,biased_agents,0.2657938775669546,0.0279166666666667
flocking_robust_multiflock,3,0.6660593530283732,0.6462438113281113,0.9870833333333333,0.7179569084393475,1.7577814463365633,0.9521875,1.6793702650982205,3.7341091506759874,3.0864994607190193,0.750123088480971,5,3840,737280,0.7199999999999999,0.0,0.0,0.0,0.0,0,1.03125,0.03125,4.8875,0.9870833333333333,0.012916666666666665,2.35,0.96875,2.8625,1.0581975837985955,0.5421974579803646,biased_agents,0.2422185536634367,0.002187500000000009
flocking_robust_multiflock,4,0.6149995000677808,0.607521507204427,0.978125,0.6563177060233122,1.4633746135167318,0.9867708333333333,1.5119880986510257,3.710243645783912,3.02442873581074,0.6842094891707398,0,3840,737280,0.7199999999999999,0.0,0.0,0.0,0.0,0,1.04375,0.04375,4.96875,0.978125,0.021875,2.35625,0.96875,2.74375,1.031056806859859,0.5523067920003086,biased_agents,0.5366253864832682,0.03677083333333331
flocking_robust_multiflock,5,0.6311517396782712,0.6301826123974643,0.9927083333333332,0.667946140632821,1.5525397943038421,0.9661979166666669,1.5854794588272323,3.7736448916370215,3.15764084810708,0.6559246625342262,1,3840,737280,0.7199999999999999,0.0,0.0,0.0,0.0,0,1.0125,0.0125,5.18125,0.9947916666666667,0.005208333333333333,2.1625,0.96875,2.70625,1.0437785742048895,0.5771910001058131,biased_agents,0.44746020569615785,0.016197916666666923
flocking_robust_multiflock,6,0.7010219068987564,0.6964199130773567,0.99375,0.6618966836121692,1.5454177053426352,0.9707291666666666,1.5530133466729477,3.7402977467338885,3.2217876239519994,0.666998332580621,4,3840,737280,0.7199999999999999,0.0,0.0,0.0,0.0,0,1.0125,0.0125,5.2625,0.99375,0.00625,2.0875,0.96875,2.65625,1.0598532699886907,0.5899355001747608,biased_agents,0.45458229465736477,0.020729166666666687
flocking_robust_multiflock,7,0.6128230292974846,0.609495403806068,0.996875,0.6433382382146995,1.5021943616011395,0.9797916666666667,1.53492554568877,3.769573396320509,3.258428357481512,0.6317606842394474,0,3840,737280,0.7199999999999999,0.0,0.0,0.0,0.0,0,1.00625,0.00625,5.29375,0.996875,0.003125,2.08125,0.96875,2.625,1.0713849895423726,0.6000382921192795,biased_agents,0.4978056383988605,0.029791666666666772
flocking_robust_multiflock,8,0.6139949251532066,0.6075443482206729,0.9875,0.694415166291205,1.6671484493540363,0.98203125,1.6264044482243327,3.7581762249666752,3.0893505310533724,0.7146263241040691,0,3840,737280,0.7199999999999999,0.0,0.0,0.0,0.0,0,1.025,0.025,5.05625,0.9875,0.0125,2.2125,0.9625,2.7375,1.0638386231368382,0.5589340419974178,biased_agents,0.3328515506459637,0.03203125000000007
flocking_robust_multiflock,9,0.7026173541868932,0.684426975836042,0.9600000000000002,0.7299434404692475,1.7473786265747087,0.96125,1.6654141269238878,3.7033816359785776,3.046998762521428,0.7543142191538093,3,3840,737280,0.7199999999999999,0.0,0.0,0.0,0.0,0,1.0875,0.0875,4.80625,0.9620833333333334,0.03791666666666667,2.25,0.975,2.85625,1.078910962814518,0.5403265419881791,biased_agents,0.25262137342529134,0.011250000000000093
flocking_robust_multiflock,10,0.6361850353925587,0.6251132761511148,0.9791666666666667,0.6955834104942715,1.742246215026713,0.9676041666666666,1.588385926302908,3.7718587627519553,3.2071290988075987,0.6619464130262607,3,3840,737280,0.7199999999999999,0.0,0.0,0.0,0.0,0,1.04375,0.04375,5.3,0.9791666666666667,0.020833333333333332,2.05625,0.96875,2.525,1.0296577497089765,0.6141836249735206,biased_agents,0.25775378497328694,0.017604166666666643
flocking_robust_multiflock,11,0.686981097952532,0.686981097952532,1.0,0.720945317863505,1.8127376188148823,0.9571874999999999,1.6701003805873438,3.75113278240451,3.1543387339376188,0.7174628077328786,0,3840,737280,0.7199999999999999,0.0,0.0,0.0,0.0,0,1.0,0.0,5.175,1.0,0.0,2.3125,0.96875,2.65625,1.0343382065276896,0.5718407081440091,biased_agents,0.18726238118511773,0.007187499999999902
flocking_robust_multiflock,12,0.6936103710168333,0.6898979647759138,0.9868750000000001,0.7237623973942323,1.860844518595559,0.9495833333333333,1.6316965709971751,3.741342207046408,3.077922837539819,0.6894257162738511,2,3840,737280,0.7199999999999999,0.0,0.0,0.0,0.0,0,1.025,0.025,5.01875,0.9881249999999999,0.011875,2.33125,0.96875,2.74375,1.0351352354852648,0.5445057498291135,biased_agents,0.1391554814044409,0.0004166666666666208
flocking_robust_multiflock,13,0.6887632564139274,0.6741535376787324,0.9881249999999999,0.6975756981600966,1.676521758775857,0.976875,1.62666278059219,3.7185788132271638,3.0866593834021026,0.7413613450035201,1,3840,737280,0.7199999999999999,0.0,0.0,0.0,0.0,0,1.025,0.025,4.86875,0.9881249999999999,0.011875,2.3375,0.96875,2.9125,1.0778856769773948,0.531773499911651,biased_agents,0.32347824122414304,0.026875000000000093
flocking_robust_multiflock,14,0.6864264330766345,0.6855335004253179,0.98125,0.7004098460886927,1.7608936576339616,0.9604166666666668,1.6371122753947716,3.7370694483716407,3.1226228643995957,0.7217181421658143,0,3840,737280,0.7199999999999999,0.0,0.0,0.0,0.0,0,1.0375,0.0375,5.15,0.98125,0.01875,2.075,0.96875,2.69375,1.062155498196335,0.5743998750112951,biased_agents,0.23910634236603845,0.010416666666666852
flocking_robust_multiflock,15,0.7113846098999058,0.7044965848105456,0.9881249999999999,0.7446895751498893,1.9410385760585593,0.9523958333333333,1.6699835229696405,3.727094797392713,3.1052278740549495,0.7232577664309556,3,3840,737280,0.7199999999999999,0.0,0.0,0.0,0.0,0,1.025,0.025,4.96875,0.9881249999999999,0.011875,2.25625,0.96875,2.825,1.062989808144928,0.5617037918418646,biased_agents,0.05896142394144066,0.0023958333333333748
flocking_robust_multiflock,16,0.648263996162303,0.6385613237388764,0.984375,0.6861068769399189,1.6304310723251034,0.9685937500000001,1.5587269057013569,3.739035538106927,3.0242322502714494,0.7227075469851527,1,3840,737280,0.7199999999999999,0.0,0.0,0.0,0.0,0,1.03125,0.03125,4.93125,0.984375,0.015625,2.24375,0.96875,2.84375,1.0531111167026506,0.5377256248611957,biased_agents,0.3695689276748966,0.018593750000000187
flocking_robust_multiflock,17,0.6651060918506055,0.6651060918506055,0.9927083333333334,0.6989948660062286,1.7104818886974216,0.9604166666666666,1.6609997595158017,3.740301576412098,3.1891955427606518,0.6841278196941418,0,3840,737280,0.7199999999999999,0.0,0.0,0.0,0.0,0,1.01875,0.01875,5.1625,0.9927083333333334,0.007291666666666666,2.15,0.96875,2.7,1.0770652018982496,0.5705874159466475,biased_agents,0.28951811130257843,0.01041666666666663
flocking_robust_multiflock,18,0.6389396714297838,0.6389396714297838,0.9875,0.6938455438564677,1.6902950949444673,0.9811458333333334,1.6642196358640369,3.7499356486302644,3.139902084407311,0.7237630489044525,0,3840,737280,0.7199999999999999,0.0,0.0,0.0,0.0,0,1.025,0.025,5.04375,0.9875,0.0125,2.2625,0.96875,2.74375,1.0599269757575136,0.5566669581457973,biased_agents,0.3097049050555327,0.031145833333333428
flocking_robust_multiflock,19,0.6306450883961564,0.6268218407045323,0.9745833333333334,0.6824568766401646,1.584973400364488,0.9767708333333334,1.6243729108981306,3.721840218749331,3.091158837807727,0.7036776769476777,1,3840,737280,0.7199999999999999,0.0,0.0,0.0,0.0,0,1.05,0.05,4.975,0.9766666666666666,0.023333333333333334,2.35625,0.96875,2.71875,1.0534316722980042,0.5560738341882825,biased_agents,0.41502659963551203,0.02677083333333341
flocking_robust_multiflock,20,0.6376355941801455,0.6306538044013167,0.9739583333333334,0.6813195937369522,1.6672655403251757,0.9628125000000001,1.5845833089123915,3.764410335974685,3.152336623472202,0.6820343007264501,1,3840,737280,0.7199999999999999,0.0,0.0,0.0,0.0,0,1.05625,0.05625,5.08125,0.9739583333333334,0.026041666666666664,2.20625,0.975,2.6625,1.0546371980669318,0.5761351250112057,biased_agents,0.3327344596748243,0.012812500000000115
flocking_robust_multiflock,21,0.6290036599251919,0.6245804438904321,0.965625,0.6538078494122531,1.5056333517000564,0.9774999999999998,1.5414873056969232,3.7591694600019183,3.1669326787458294,0.692259882202507,1,3840,737280,0.7199999999999999,0.0,0.0,0.0,0.0,0,1.06875,0.06875,4.98125,0.965625,0.034375,2.19375,0.9625,2.75625,1.0483182912981899,0.5554298330098391,biased_agents,0.4943666482999436,0.027499999999999858
flocking_robust_multiflock,22,0.6808683142640106,0.6691220690505347,0.984375,0.7238894784988297,1.7337136549698857,0.9696875,1.5689866688753193,3.6995442752654197,3.0746352367700593,0.7090939365380914,1,3840,737280,0.7199999999999999,0.0,0.0,0.0,0.0,0,1.03125,0.03125,5.13125,0.984375,0.015625,2.11875,0.96875,2.7,1.038173196589541,0.5772817919496447,biased_agents,0.2662863450301143,0.01968750000000008
flocking_robust_multiflock,23,0.6782664877945649,0.6782664877945649,0.996875,0.7189536030654847,1.847008851624159,0.951875,1.634232443660553,3.7529569227324315,3.149773444975434,0.6938095793225694,2,3840,737280,0.7199999999999999,0.0,0.0,0.0,0.0,0,1.00625,0.00625,5.25,0.996875,0.003125,2.13125,0.975,2.65625,1.0470842421489905,0.5902556669898331,biased_agents,0.15299114837584105,0.001875000000000071
flocking_robust_multiflock,24,0.7038702087563784,0.7028029882477782,0.996875,0.6833398483829776,1.6632263919235466,0.9567113095238096,1.5070034357569568,3.7604704930238846,3.112539890387107,0.6563739439335092,5,3840,737280,0.7199999999999999,0.0,0.0,0.0,0.0,0,1.00625,0.00625,5.075,0.996875,0.003125,2.34375,0.96875,2.71875,1.0525153120198814,0.5634980830363929,biased_agents,0.3367736080764534,0.0067113095238096054
flocking_robust_multiflock,25,0.7596782106827998,0.7545711260202451,0.9864583333333332,0.8245788161689106,2.276837169546399,0.9191145833333334,1.6834477730447375,3.6885658984908702,3.0201530063577473,0.7483584417197369,5,3840,737280,0.7199999999999999,0.0,0.0,0.0,0.0,0,1.03125,0.03125,4.7875,0.9864583333333332,0.013541666666666665,2.4625,0.96875,2.90625,1.0640092631421432,0.5184040409512818,biased_agents,0.27683716954639914,0.030885416666666554
flocking_robust_multiflock,26,0.6801762837052663,0.6657690858592269,0.984375,0.6789489301455706,1.5407604198660987,0.9779166666666667,1.5083596868498905,3.7149742012442863,3.2199209199530214,0.6833468033914577,3,3840,737280,0.7199999999999999,0.0,0.0,0.0,0.0,0,1.03125,0.03125,5.1125,0.984375,0.015625,2.11875,0.96875,2.725,1.0284457345227194,0.5746469579171389,biased_agents,0.4592395801339013,0.0279166666666667
flocking_robust_multiflock,27,0.6848198730202836,0.6819471772739758,0.9947916666666666,0.6752539932110173,1.604095078180464,0.9788541666666666,1.559741457557513,3.751095960830901,3.153122085841756,0.6714895586838019,1,3840,737280,0.7199999999999999,0.0,0.0,0.0,0.0,0,1.0125,0.0125,5.1,0.9947916666666666,0.005208333333333333,2.18125,0.975,2.775,1.0473068259962017,0.5744972918182611,biased_agents,0.39590492181953607,0.028854166666666625
flocking_robust_multiflock,28,0.6693902176065037,0.6629545393224809,0.9818749999999999,0.7496628332051865,1.9120848021763455,0.9422767857142856,1.6349079286884791,3.725502387433609,3.06485813399874,0.7138911085932503,5,3840,737280,0.7199999999999999,0.0,0.0,0.0,0.0,0,1.0375,0.0375,4.975,0.9818749999999999,0.018125,2.24375,0.96875,2.8,1.0498048519601384,0.5494807919021696,biased_agents,0.08791519782365453,0.007723214285714319
flocking_robust_multiflock,29,0.5745350126740143,0.5685523681107406,0.990625,0.6807055463699386,1.6305555346926135,0.9698958333333334,1.6175609719438122,3.740634006411613,3.0770357388226275,0.7239796438292997,0,3840,737280,0.7199999999999999,0.0,0.0,0.0,0.0,0,1.01875,0.01875,4.96875,0.990625,0.009375,2.2125,0.975,2.875,1.0603881119269565,0.5396737908013165,biased_agents,0.3694444653073865,0.019895833333333446
flocking_fixed_momentum,0,10.588637371521385,10.588637371521385,1.0,8.290899751844226,593.4720113013585,0.1546875,35.44565722722058,3.549529289461746,6.359626906606325,4.037756868500957,0,3840,737280,0.7199999999999999,0.0,0.0,0.0,0.0,0,1.0,0.0,8.0,1.0,0.0,0.0,0.0,0.0,0.0,1.0398909579962492,byzantine_agent,591.4720113013585,0.7953125
flocking_fixed_momentum,1,10.676526348590277,10.676526348590277,1.0,8.72898004411305,666.6583941946776,0.028125,39.96617168288303,3.5168201307591147,5.785110723323086,3.162831673925351,0,3840,737280,0.7199999999999999,0.0,0.0,0.0,0.0,0,1.0,0.0,8.0,1.0,0.0,0.0,0.0,0.0,0.0,1.0499385830480605,byzantine_agent,664.6583941946776,0.921875
flocking_fixed_momentum,2,10.753445361326392,10.753445361326392,1.0,8.701964618772081,675.8988522173582,0.03203125,39.93513400381647,3.5583137708193986,5.868891109832032,3.316702904125009,0,3840,737280,0.7199999999999999,0.0,0.0,0.0,0.0,0,1.0,0.0,8.0,1.0,0.0,0.0,0.0,0.0,0.0,1.0481664170511067,byzantine_agent,673.8988522173582,0.91796875
flocking_fixed_momentum,3,10.59242849130173,10.59242849130173,1.0,8.134508801242339,571.4073195827117,0.13046875,34.636367753339485,3.5773861601827206,6.506960052101343,4.303057720100848,0,3840,737280,0.7199999999999999,0.0,0.0,0.0,0.0,0,1.0,0.0,8.0,1.0,0.0,0.0,0.0,0.0,0.0,1.0451598749496043,byzantine_agent,569.4073195827117,0.8195312499999999
flocking_fixed_momentum,4,10.852488387138,10.852488387138,1.0,8.823300613682182,651.2104787436563,0.03828125,38.374845871388096,3.479720749203673,5.753639840038835,3.2649060518608244,0,3840,737280,0.7199999999999999,0.0,0.0,0.0,0.0,0,1.0,0.0,8.0,1.0,0.0,0.0,0.0,0.0,0.0,1.0497760840225965,byzantine_agent,649.2104787436563,0.9117187499999999
flocking_fixed_momentum,5,10.594928909987532,10.594928909987532,1.0,8.670434266081726,627.57117385745,0.0078125,38.57920505136515,3.5344078535403427,5.678364237613574,2.995966161303407,0,3840,737280,0.7199999999999999,0.0,0.0,0.0,0.0,0,1.0,0.0,8.0,1.0,0.0,0.0,0.0,0.0,0.0,1.0449411671143025,byzantine_agent,625.57117385745,0.9421875
flocking_fixed_momentum,6,10.750960685093233,10.750960685093233,1.0,8.791118165527323,671.0229705666076,0.03671875,39.760560849831606,3.4799561707564877,5.851813938386483,3.3673294854291775,0,3840,737280,0.7199999999999999,0.0,0.0,0.0,0.0,0,1.0,0.0,8.0,1.0,0.0,0.0,0.0,0.0,0.0,1.0462868749164045,byzantine_agent,669.0229705666076,0.9132812499999999
flocking_fixed_momentum,7,10.87653514330687,10.87653514330687,1.0,9.181625420206819,775.8005017670932,0.01796875,44.396334512419614,3.471881655575544,5.376211971595938,2.7014584922080864,0,3840,737280,0.7199999999999999,0.0,0.0,0.0,0.0,0,1.0,0.0,8.0,1.0,0.0,0.0,0.0,0.0,0.0,1.045152209000662,byzantine_agent,773.8005017670932,0.93203125
flocking_fixed_momentum,8,10.739849182809854,10.739849182809854,1.0,8.447952605366705,610.4669136707947,0.05859375,36.135292455922794,3.5484465853823366,6.140615697072937,3.8936829969388866,0,3840,737280,0.7199999999999999,0.0,0.0,0.0,0.0,0,1.0,0.0,8.0,1.0,0.0,0.0,0.0,0.0,0.0,1.0366166250314564,byzantine_agent,608.4669136707947,0.89140625
flocking_fixed_momentum,9,10.662624276254752,10.662624276254752,1.0,9.374310251051892,929.6812828406444,0.003125,46.608742342582936,3.3764356547856265,4.698443339543341,1.883583977564563,0,3840,737280,0.7199999999999999,0.0,0.0,0.0,0.0,0,1.0,0.0,8.0,1.0,0.0,0.0,0.0,0.0,0.0,1.0323647921904922,byzantine_agent,927.6812828406444,0.9468749999999999
flocking_fixed_momentum,10,10.623334877276465,10.623334877276465,1.0,8.677901030677438,652.4009288026933,0.034375,39.05680313485196,3.5319470206964816,5.682269176910563,3.1212134260231577,0,3840,737280,0.7199999999999999,0.0,0.0,0.0,0.0,0,1.0,0.0,8.0,1.0,0.0,0.0,0.0,0.0,0.0,1.0331857500132173,byzantine_agent,650.4009288026933,0.9156249999999999
flocking_fixed_momentum,11,10.608549296361872,10.608549296361872,1.0,8.499653630960154,727.0675212479204,0.10546875,40.682843846885916,3.5840833958935163,5.934622998335341,3.6156950374639605,0,3840,737280,0.7199999999999999,0.0,0.0,0.0,0.0,0,1.0,0.0,8.0,1.0,0.0,0.0,0.0,0.0,0.0,1.02674450003542,byzantine_agent,725.0675212479204,0.84453125
flocking_fixed_momentum,12,10.699690435066175,10.699690435066175,1.0,8.594015577705006,625.5455135438821,0.02265625,37.34922314026083,3.5430661471570586,5.867213597922039,3.3328813124440133,0,3840,737280,0.7199999999999999,0.0,0.0,0.0,0.0,0,1.0,0.0,8.0,1.0,0.0,0.0,0.0,0.0,0.0,1.0376021671108902,byzantine_agent,623.5455135438821,0.9273437499999999
flocking_fixed_momentum,13,10.783415519432397,10.783415519432397,1.0,8.798239671989922,695.574917600308,0.034375,41.10377506137397,3.5132259316097274,5.8012611670541805,3.3343558896539607,0,3840,737280,0.7199999999999999,0.0,0.0,0.0,0.0,0,1.0,0.0,8.0,1.0,0.0,0.0,0.0,0.0,0.0,1.0425021660048515,byzantine_agent,693.574917600308,0.9156249999999999
flocking_fixed_momentum,14,10.72509200587684,10.72509200587684,1.0,8.71563066120802,639.334755500812,0.040625,39.87910031835065,3.5197539220688894,5.849221688481474,3.297852992540559,0,3840,737280,0.7199999999999999,0.0,0.0,0.0,0.0,0,1.0,0.0,8.0,1.0,0.0,0.0,0.0,0.0,0.0,1.0379270410630852,byzantine_agent,637.334755500812,0.9093749999999999
flocking_fixed_momentum,15,10.733766842515477,10.733766842515477,1.0,10.079363427540901,1067.2411601131862,0.00625,59.13164447260281,3.4083912214646057,5.08917368987542,1.222337888883453,0,3840,737280,0.7199999999999999,0.0,0.0,0.0,0.0,0,1.0,0.0,8.0,1.0,0.0,0.0,0.0,0.0,0.0,1.0423793338704854,byzantine_agent,1065.2411601131862,0.94375
flocking_fixed_momentum,16,10.620677626988645,10.620677626988645,1.0,8.550443159500846,614.8826973580633,0.028125,37.45723757250258,3.529196647185587,5.878553260005797,3.3217370324938136,0,3840,737280,0.7199999999999999,0.0,0.0,0.0,0.0,0,1.0,0.0,8.0,1.0,0.0,0.0,0.0,0.0,0.0,1.049152959138155,byzantine_agent,612.8826973580633,0.921875
flocking_fixed_momentum,17,10.959575107901959,10.959575107901959,1.0,8.8199366343955,631.0290296065695,0.03203125,37.807096486826865,3.496164418099581,5.901465731202544,3.4532537170321715,0,3840,737280,0.7199999999999999,0.0,0.0,0.0,0.0,0,1.0,0.0,8.0,1.0,0.0,0.0,0.0,0.0,0.0,1.0480895000509918,byzantine_agent,629.0290296065695,0.91796875
flocking_fixed_momentum,18,10.691935995638433,10.691935995638433,1.0,8.50416101531036,681.9180706184986,0.165625,39.95778973818729,3.5881097447147803,6.34189911600739,4.220180686303612,0,3840,737280,0.7199999999999999,0.0,0.0,0.0,0.0,0,1.0,0.0,8.0,1.0,0.0,0.0,0.0,0.0,0.0,1.0438039160799235,byzantine_agent,679.9180706184986,0.7843749999999999
flocking_fixed_momentum,19,10.769929081037303,10.769929081037303,1.0,8.784605419385871,748.3770466691092,0.1265625,42.040404763428036,3.5240306949073057,5.98143568402633,3.6969401823053927,0,3840,737280,0.7199999999999999,0.0,0.0,0.0,0.0,0,1.0,0.0,8.0,1.0,0.0,0.0,0.0,0.0,0.0,1.053020583000034,byzantine_agent,746.3770466691092,0.8234374999999999
flocking_fixed_momentum,20,10.51796456196675,10.51796456196675,1.0,8.391472158366424,607.7428995200186,0.04453125,36.57854497631042,3.569426766871062,5.951978291208855,3.477149316198788,0,3840,737280,0.7199999999999999,0.0,0.0,0.0,0.0,0,1.0,0.0,8.0,1.0,0.0,0.0,0.0,0.0,0.0,1.031170249916613,byzantine_agent,605.7428995200186,0.9054687499999999
flocking_fixed_momentum,21,10.592925711417022,10.592925711417022,1.0,8.55604906519472,631.7549757273391,0.0390625,38.056394602526424,3.5277092670251067,5.8723898044350005,3.442208250405649,0,3840,737280,0.7199999999999999,0.0,0.0,0.0,0.0,0,1.0,0.0,8.0,1.0,0.0,0.0,0.0,0.0,0.0,1.0326579590328038,byzantine_agent,629.7549757273391,0.9109375
flocking_fixed_momentum,22,10.84439400072953,10.84439400072953,1.0,9.170034015076604,811.7456840356265,0.01171875,43.81934115082619,3.4376755010058817,5.246062727904348,2.505637711453173,0,3840,737280,0.7199999999999999,0.0,0.0,0.0,0.0,0,1.0,0.0,8.0,1.0,0.0,0.0,0.0,0.0,0.0,1.0300302079413086,byzantine_agent,809.7456840356265,0.93828125
flocking_fixed_momentum,23,10.740668656012195,10.740668656012195,1.0,8.415968821069889,614.606189337631,0.0640625,36.368014779227494,3.5795277777545467,6.187414601861375,3.9384103067636884,0,3840,737280,0.7199999999999999,0.0,0.0,0.0,0.0,0,1.0,0.0,8.0,1.0,0.0,0.0,0.0,0.0,0.0,1.0510479169897735,byzantine_agent,612.606189337631,0.8859374999999999
flocking_fixed_momentum,24,10.898163485484302,10.898163485484302,1.0,8.080481920455595,597.8888566119734,0.26953125,34.14251902265738,3.6367926858431856,7.090450064123502,4.991085688086395,0,3840,737280,0.7199999999999999,0.0,0.0,0.0,0.0,0,1.0,0.0,8.0,1.0,0.0,0.0,0.0,0.0,0.0,1.0408520000055432,byzantine_agent,595.8888566119734,0.68046875
flocking_fixed_momentum,25,10.703654445542004,10.703654445542004,1.0,9.425271789144892,842.2380138467943,0.00859375,47.40973626380425,3.4515402356227964,5.412280526253621,2.1828601269223293,0,3840,737280,0.7199999999999999,0.0,0.0,0.0,0.0,0,1.0,0.0,8.0,1.0,0.0,0.0,0.0,0.0,0.0,1.0318972920067608,byzantine_agent,840.2380138467943,0.94140625
flocking_fixed_momentum,26,10.520944169893378,10.520944169893378,1.0,8.5211512713032,662.5228107262362,0.0734375,39.51801706532349,3.5755015145763758,6.040564390319366,3.5328283813111367,0,3840,737280,0.7199999999999999,0.0,0.0,0.0,0.0,0,1.0,0.0,8.0,1.0,0.0,0.0,0.0,0.0,0.0,1.0364697908516973,byzantine_agent,660.5228107262362,0.8765624999999999
flocking_fixed_momentum,27,10.597898778377354,10.597898778377354,1.0,9.979835867653614,1093.6393008549205,0.00390625,58.99633723403506,3.4193405936873873,5.029642857429158,1.1299151405958063,0,3840,737280,0.7199999999999999,0.0,0.0,0.0,0.0,0,1.0,0.0,8.0,1.0,0.0,0.0,0.0,0.0,0.0,1.0503402079921216,byzantine_agent,1091.6393008549205,0.94609375
flocking_fixed_momentum,28,10.56129149600932,10.56129149600932,1.0,8.509738081973145,694.8747967300071,0.07578125,39.29199889489879,3.5477581529839646,5.793565434019195,3.4357297084311234,0,3840,737280,0.7199999999999999,0.0,0.0,0.0,0.0,0,1.0,0.0,8.0,1.0,0.0,0.0,0.0,0.0,0.0,1.0301792088430375,byzantine_agent,692.8747967300071,0.8742187499999999
flocking_fixed_momentum,29,10.73069900072164,10.73069900072164,1.0,8.527139207879172,633.3429908237067,0.0984375,38.238470884087775,3.5603312576221753,6.267632208467438,3.984188285537171,0,3840,737280,0.7199999999999999,0.0,0.0,0.0,0.0,0,1.0,0.0,8.0,1.0,0.0,0.0,0.0,0.0,0.0,1.040078875143081,byzantine_agent,631.3429908237067,0.8515625
flocking_robust_multiflock,0,0.792945965473489,0.792945965473489,1.0,0.7834022676334736,2.2102390396798386,0.9133928571428573,2.951239532191592,3.695416809144297,4.068977206335416,0.6530886470249085,1,3840,737280,0.7199999999999999,0.0,0.0,0.0,0.0,0,1.0,0.0,6.79375,1.0,0.0,1.03125,0.975,1.19375,1.5666830763871242,0.9387572919949889,byzantine_agent,0.2102390396798386,0.036607142857142616
flocking_robust_multiflock,1,0.7231105119736586,0.7231105119736586,1.0,0.7172428510532465,1.9084093098247792,0.9651785714285716,2.882722694856441,3.7193464612946356,4.198069809105239,0.5751801154841423,2,3840,737280,0.7199999999999999,0.0,0.0,0.0,0.0,0,1.0,0.0,6.9375,1.0,0.0,0.975,0.975,1.0625,1.563767250393863,0.9785774999763817,byzantine_agent,0.09159069017522081,0.015178571428571597
flocking_robust_multiflock,2,0.6644173803380347,0.6644173803380347,1.0,0.6800093089181908,1.7330660961543827,0.9560416666666665,2.802011366110465,3.7358170043617194,4.047341146355864,0.5716823471322041,0,3840,737280,0.7199999999999999,0.0,0.0,0.0,0.0,0,1.0,0.0,6.89375,1.0,0.0,0.975,0.975,1.10625,1.5611504513370658,0.957597249886021,byzantine_agent,0.2669339038456173,0.006041666666666501
flocking_robust_multiflock,3,0.6338144838254752,0.6338144838254752,1.0,0.6641227132239547,1.6059121532947933,0.9732142857142858,3.2132642024672458,3.714725429868426,4.006878014626584,0.6294523247135595,0,3840,737280,0.7199999999999999,0.0,0.0,0.0,0.0,0,1.0,0.0,6.71875,1.0,0.0,1.01875,0.975,1.2625,1.5671323445773782,0.9069262079428881,byzantine_agent,0.3940878467052067,0.023214285714285854
flocking_robust_multiflock,4,0.6538541436284049,0.6538541436284049,1.0,0.6733555170948033,1.6549762007582243,0.9732142857142858,2.822942887772437,3.7012154597320213,4.190016012616086,0.6045495778287474,0,3840,737280,0.7199999999999999,0.0,0.0,0.0,0.0,0,1.0,0.0,6.94375,1.0,0.0,0.975,0.975,1.05625,1.559313370470037,1.0013737499248236,byzantine_agent,0.34502379924177573,0.023214285714285854
flocking_robust_multiflock,5,0.713724880294846,0.713724880294846,1.0,0.7082312671843152,1.8288400249967214,0.9648809523809524,3.1791603475715062,3.7379882187184093,4.057288435829422,0.6197776674215331,1,3840,737280,0.7199999999999999,0.0,0.0,0.0,0.0,0,1.0,0.0,6.91875,1.0,0.0,0.975,0.975,1.08125,1.539227836799218,0.9423337080515921,byzantine_agent,0.17115997500327862,0.014880952380952439
flocking_robust_multiflock,6,0.6538886951845464,0.6538886951845464,1.0,0.6407698940273632,1.5300394325741125,0.9705357142857143,3.0283592287186574,3.7137055472312497,4.069966490657917,0.5782787282870364,0,3840,737280,0.7199999999999999,0.0,0.0,0.0,0.0,0,1.0,0.0,6.8875,1.0,0.0,0.975,0.975,1.1125,1.5611403767262348,0.9599910830147564,byzantine_agent,0.46996056742588754,0.020535714285714324
flocking_robust_multiflock,7,0.6540936161656695,0.6540936161656695,1.0,0.6525141900363617,1.5929782152045888,0.9732142857142858,2.975401847158013,3.7339831873146103,4.146944462291783,0.5614955019261952,4,3840,737280,0.7199999999999999,0.0,0.0,0.0,0.0,0,1.0,0.0,6.9,1.0,0.0,0.98125,0.975,1.1,1.5764460690046094,0.989094166085124,byzantine_agent,0.4070217847954112,0.023214285714285854
flocking_robust_multiflock,8,0.6662308459854532,0.6662308459854532,1.0,0.6593101789387507,1.5774182409451565,0.9626488095238095,2.840383272781431,3.7153237150553657,4.073003468682457,0.6284909113122753,5,3840,737280,0.7199999999999999,0.0,0.0,0.0,0.0,0,1.0,0.0,6.75,1.0,0.0,0.975,0.975,1.25,1.5736103781392639,0.924521166132763,byzantine_agent,0.4225817590548435,0.012648809523809534
flocking_robust_multiflock,9,0.6904208150355023,0.6904208150355023,1.0,0.682528817460357,1.654404286514211,0.987797619047619,3.0505278148940476,3.68848808277492,4.0259672773530735,0.6338045479042982,1,3840,737280,0.7199999999999999,0.0,0.0,0.0,0.0,0,1.0,0.0,6.75,1.0,0.0,0.98125,0.975,1.25,1.5754447753727712,0.9180827918462455,byzantine_agent,0.345595713485789,0.037797619047619024
flocking_robust_multiflock,10,0.5970527316942035,0.5970527316942035,1.0,0.664731179940568,1.6432930890875823,0.9614583333333332,2.7741370910348415,3.738418222863745,4.065024354635315,0.5523390645500601,0,3840,737280,0.7199999999999999,0.0,0.0,0.0,0.0,0,1.0,0.0,6.84375,1.0,0.0,0.98125,0.975,1.15625,1.546338883835182,0.9465832079295069,byzantine_agent,0.3567069109124177,0.011458333333333237
flocking_robust_multiflock,11,0.7268095569486392,0.7268095569486392,1.0,0.7126400902456226,1.8307460282228623,0.9489583333333332,2.92864140726324,3.7219173308798283,3.992977522522979,0.6341410736368986,2,3840,737280,0.7199999999999999,0.0,0.0,0.0,0.0,0,1.0,0.0,6.85,1.0,0.0,0.975,0.975,1.15,1.5552309580095784,0.929358874913305,byzantine_agent,0.16925397177713775,0.0010416666666667185
flocking_robust_multiflock,12,0.6770234109179324,0.6770234109179324,1.0,0.704178485471747,1.768454374021634,0.9678571428571429,2.9312137291209406,3.7240776288329513,4.075737020870432,0.6364367098051694,1,3840,737280,0.7199999999999999,0.0,0.0,0.0,0.0,0,1.0,0.0,6.925,1.0,0.0,0.975,0.975,1.075,1.5582400838468753,0.9462290829978883,byzantine_agent,0.23154562597836592,0.017857142857142905
flocking_robust_multiflock,13,0.671089972424684,0.671089972424684,1.0,0.6762774128189355,1.6816641140997093,0.9808035714285713,3.1206324317477603,3.7110016361585734,4.003091893406007,0.6435972126797739,1,3840,737280,0.7199999999999999,0.0,0.0,0.0,0.0,0,1.0,0.0,6.725,1.0,0.0,0.975,0.975,1.275,1.578802740108032,0.912400082917884,byzantine_agent,0.3183358859002907,0.030803571428571375
flocking_robust_multiflock,14,0.7440132714011167,0.7440132714011167,1.0,0.7282291974783797,1.9674900089263894,0.9491071428571429,3.1211170966483914,3.7174052086354834,4.056721862367771,0.6193515218403042,0,3840,737280,0.7199999999999999,0.0,0.0,0.0,0.0,0,1.0,0.0,6.8375,1.0,0.0,1.01875,0.975,1.14375,1.563981857148356,0.9473463329486549,byzantine_agent,0.03250999107361063,0.0008928571428570287
flocking_robust_multiflock,15,0.6114306066317746,0.6114306066317746,1.0,0.6703999389950019,1.6655262371571204,0.9769345238095237,3.02971597447689,3.6949793414209333,4.205869152040431,0.6129598841637218,0,3840,737280,0.7199999999999999,0.0,0.0,0.0,0.0,0,1.0,0.0,6.875,1.0,0.0,0.975,0.975,1.125,1.5669174124308274,0.9802647090982646,byzantine_agent,0.33447376284287955,0.02693452380952377
flocking_robust_multiflock,16,0.6997127284117255,0.6997127284117255,1.0,0.7214530726511782,1.9043110629403917,0.9532738095238095,3.052489668545659,3.717060732167044,3.9932961008319694,0.6738416895738064,0,3840,737280,0.7199999999999999,0.0,0.0,0.0,0.0,0,1.0,0.0,6.73125,1.0,0.0,1.00625,0.975,1.25625,1.568597828198234,0.9009358750190586,byzantine_agent,0.09568893705960835,0.003273809523809512
flocking_robust_multiflock,17,0.6660507847622132,0.6660507847622132,1.0,0.6888766158861401,1.7527452606798435,0.9625892857142857,2.794523072122691,3.732979473530489,4.0790588014194205,0.6156366646933863,0,3840,737280,0.7199999999999999,0.0,0.0,0.0,0.0,0,1.0,0.0,6.8375,1.0,0.0,1.01875,0.975,1.14375,1.570227719506414,0.943234708160162,byzantine_agent,0.2472547393201565,0.012589285714285747
flocking_robust_multiflock,18,0.6941452434751113,0.6941452434751113,1.0,0.6972913900198985,1.7823344930160545,0.965625,3.20771003843438,3.726575513720216,4.11647509777143,0.6194417781539954,0,3840,737280,0.7199999999999999,0.0,0.0,0.0,0.0,0,1.0,0.0,6.81875,1.0,0.0,0.98125,0.975,1.18125,1.560946547744247,0.9469485420268029,byzantine_agent,0.2176655069839455,0.015625
flocking_robust_multiflock,19,0.6709906374412851,0.6709906374412851,1.0,0.7142421161374968,1.8728901326837697,0.9724107142857144,3.087633843856067,3.718292130106817,3.995958299513158,0.629638978919386,0,3840,737280,0.7199999999999999,0.0,0.0,0.0,0.0,0,1.0,0.0,6.79375,1.0,0.0,1.00625,0.975,1.19375,1.568990309672604,0.9354653749614954,byzantine_agent,0.1271098673162303,0.022410714285714395
flocking_robust_multiflock,20,0.6159531666807913,0.6159531666807913,1.0,0.6375052487013113,1.5414681096750227,0.9745535714285716,2.644422149220228,3.7376403088898664,4.079135250541778,0.5051119685361504,2,3840,737280,0.7199999999999999,0.0,0.0,0.0,0.0,0,1.0,0.0,6.81875,1.0,0.0,0.975,0.975,1.18125,1.5486640655543835,0.9419083339162171,byzantine_agent,0.4585318903249773,0.02455357142857162
flocking_robust_multiflock,21,0.6919389131341832,0.6919389131341832,1.0,0.6857573232236033,1.7412110686950726,0.9698809523809524,2.7349006625383914,3.729026506609381,4.031910048224143,0.6018505698998671,0,3840,737280,0.7199999999999999,0.0,0.0,0.0,0.0,0,1.0,0.0,6.73125,1.0,0.0,1.01875,0.975,1.25625,1.5591077295459148,0.9283295418135822,byzantine_agent,0.2587889313049274,0.019880952380952444
flocking_robust_multiflock,22,0.6743227754334442,0.6743227754334442,1.0,0.7217834897004722,1.8382513691288598,0.9660714285714285,2.963282528350806,3.703488427757157,3.9689280699445346,0.686374010861014,1,3840,737280,0.7199999999999999,0.0,0.0,0.0,0.0,0,1.0,0.0,6.76875,1.0,0.0,1.05625,0.975,1.19375,1.5717934159946294,0.9032961251214147,byzantine_agent,0.16174863087114022,0.016071428571428514
flocking_robust_multiflock,23,0.6397778533554548,0.6397778533554548,1.0,0.6570283013699,1.5954370462861984,0.9699404761904763,2.9282297472970438,3.7292338400663154,4.054212551951445,0.6055119823715245,0,3840,737280,0.7199999999999999,0.0,0.0,0.0,0.0,0,1.0,0.0,6.875,1.0,0.0,0.975,0.975,1.125,1.5625099196684809,0.9398877918720245,byzantine_agent,0.4045629537138016,0.01994047619047634
flocking_robust_multiflock,24,0.6505598432914761,0.6505598432914761,1.0,0.6729524339681489,1.689511814855703,0.9712797619047621,2.7323999329409245,3.740240729918141,4.041577309932092,0.5657801214212916,2,3840,737280,0.7199999999999999,0.0,0.0,0.0,0.0,0,1.0,0.0,6.86875,1.0,0.0,0.98125,0.975,1.13125,1.5852953354522719,0.9196989580523223,byzantine_agent,0.3104881851442971,0.021279761904762107
flocking_robust_multiflock,25,0.6847172564502998,0.6847172564502998,1.0,0.7669476072535523,2.1277146430628333,0.9464285714285715,3.077277666098266,3.709821867522374,4.029099362281579,0.6250226451392145,3,3840,737280,0.7199999999999999,0.0,0.0,0.0,0.0,0,1.0,0.0,6.75625,1.0,0.0,1.05625,0.975,1.20625,1.5696019403013928,0.9121282501146197,byzantine_agent,0.1277146430628333,0.0035714285714284477
flocking_robust_multiflock,26,0.7442510919051541,0.7442510919051541,1.0,0.7408035319451486,1.9701443271174846,0.938154761904762,2.863200897530353,3.7107188145314907,4.038484335865195,0.6578998240858069,3,3840,737280,0.7199999999999999,0.0,0.0,0.0,0.0,0,1.0,0.0,6.80625,1.0,0.0,0.975,0.975,1.19375,1.5503173643360642,0.926289499970153,byzantine_agent,0.02985567288251545,0.011845238095237964
flocking_robust_multiflock,27,0.6507522971811279,0.6507522971811279,1.0,0.6783300516626033,1.7031638588869655,0.9683035714285715,2.9666366723100306,3.7260775412232747,4.061522352362745,0.5822946808457946,6,3840,737280,0.7199999999999999,0.0,0.0,0.0,0.0,0,1.0,0.0,6.86875,1.0,0.0,0.975,0.975,1.13125,1.5468690423155702,0.9500790000893176,byzantine_agent,0.29683614111303447,0.01830357142857153
flocking_robust_multiflock,28,0.6628605845850978,0.6628605845850978,1.0,0.7055187086822666,1.845517622533641,0.95625,2.968943887022676,3.7240323753418636,3.9816578865141294,0.5881560632031106,0,3840,737280,0.7199999999999999,0.0,0.0,0.0,0.0,0,1.0,0.0,6.825,1.0,0.0,0.975,0.975,1.175,1.5432303996503869,0.9159492498729378,byzantine_agent,0.15448237746635907,0.006250000000000089
flocking_robust_multiflock,29,0.626381003994426,0.626381003994426,1.0,0.655487987303313,1.5762455275816099,0.9864583333333332,3.2019629452026175,3.7225881434932644,4.02086076787732,0.6268292263828913,0,3840,737280,0.7199999999999999,0.0,0.0,0.0,0.0,0,1.0,0.0,6.825,1.0,0.0,0.975,0.975,1.175,1.5613797216527945,0.9227208751253784,byzantine_agent,0.42375447241839015,0.03645833333333326
flocking_fixed_momentum,0,1.2622385631803932,1.2622385631803932,1.0,1.774811427122312,9.990453705801523,0.7015625,16.600843123823363,3.646121914636781,4.905306573408218,1.0848238690661411,3,3840,737280,0.7199999999999999,0.0,0.0,0.0,0.0,0,1.0,0.0,8.0,1.0,0.0,0.0,0.0,0.0,0.0,1.0481752080377191,multimodal_equal,7.990453705801523,0.24843749999999998
flocking_fixed_momentum,1,2.5834214215918987,2.5834214215918987,1.0,3.418853787068314,40.68942258290576,0.334375,18.765402566091065,3.618146670543605,5.170972265929422,1.900623098599749,1,3840,737280,0.7199999999999999,0.0,0.0,0.0,0.0,0,1.0,0.0,8.0,1.0,0.0,0.0,0.0,0.0,0.0,1.0283294999971986,multimodal_equal,38.68942258290576,0.615625
flocking_fixed_momentum,2,2.2178860841883763,2.2178860841883763,1.0,2.0219164743450335,13.395648649912777,0.74296875,17.49457520446499,3.691080977677065,4.946620375661434,0.7592852644928006,2,3840,737280,0.7199999999999999,0.0,0.0,0.0,0.0,0,1.0,0.0,8.0,1.0,0.0,0.0,0.0,0.0,0.0,1.0383761669509113,multimodal_equal,11.395648649912777,0.20703125
flocking_fixed_momentum,3,2.690967747330744,2.690967747330744,1.0,3.7734539050414133,50.04000882941625,0.3671875,15.796621777545289,3.601856415925833,5.1753251548069334,2.014358850745643,1,3840,737280,0.7199999999999999,0.0,0.0,0.0,0.0,0,1.0,0.0,8.0,1.0,0.0,0.0,0.0,0.0,0.0,1.034277917118743,multimodal_equal,48.04000882941625,0.5828125
flocking_fixed_momentum,4,3.89548753562319,3.89548753562319,1.0,4.108938828842619,57.463050108908874,0.20390625,17.004745094204463,3.547926733081799,4.92909848589731,2.0079044652590157,1,3840,737280,0.7199999999999999,0.0,0.0,0.0,0.0,0,1.0,0.0,8.0,1.0,0.0,0.0,0.0,0.0,0.0,1.0518459579907358,multimodal_equal,55.463050108908874,0.74609375
flocking_fixed_momentum,5,2.9975786083591203,2.9975786083591203,1.0,2.822700180505997,23.703693509657423,0.65546875,18.122039666090142,3.6298762199510137,4.788400910602505,1.1250673728500902,36,3840,737280,0.7199999999999999,0.0,0.0,0.0,0.0,0,1.0,0.0,8.0,1.0,0.0,0.0,0.0,0.0,0.0,1.0412503748666495,multimodal_equal,21.703693509657423,0.2945312499999999
flocking_fixed_momentum,6,3.048725913115745,3.048725913115745,1.0,4.138029003396215,57.186892766238714,0.2578125,18.59240079102715,3.5290349544163133,5.139272824809095,2.233976760784719,1,3840,737280,0.7199999999999999,0.0,0.0,0.0,0.0,0,1.0,0.0,8.0,1.0,0.0,0.0,0.0,0.0,0.0,1.0399009161628783,multimodal_equal,55.186892766238714,0.6921875
flocking_fixed_momentum,7,3.485535469341659,3.485535469341659,1.0,3.3960344013674297,40.099101494887,0.44453125,17.70031188679707,3.631866970576952,4.866417312003871,1.5843545148352516,0,3840,737280,0.7199999999999999,0.0,0.0,0.0,0.0,0,1.0,0.0,8.0,1.0,0.0,0.0,0.0,0.0,0.0,1.0321017908863723,multimodal_equal,38.099101494887,0.5054687499999999
flocking_fixed_momentum,8,3.598374144130651,3.598374144130651,1.0,4.211489931651257,60.61057945230982,0.228125,20.345370466611293,3.55974225356632,5.056959552609792,1.8020556062362725,1,3840,737280,0.7199999999999999,0.0,0.0,0.0,0.0,0,1.0,0.0,8.0,1.0,0.0,0.0,0.0,0.0,0.0,1.0481719998642802,multimodal_equal,58.61057945230982,0.7218749999999999
flocking_fixed_momentum,9,3.602502120386862,3.602502120386862,1.0,3.819744636841213,49.270687519078194,0.475,14.01642494602342,3.5510292930249925,4.888482583101921,1.4377840858737923,1,3840,737280,0.7199999999999999,0.0,0.0,0.0,0.0,0,1.0,0.0,8.0,1.0,0.0,0.0,0.0,0.0,0.0,1.0437208330258727,multimodal_equal,47.270687519078194,0.475
flocking_fixed_momentum,10,3.616433271002766,3.616433271002766,1.0,4.360868279172802,65.34897099355214,0.24140625,18.883206087328468,3.564461685249641,5.0986696491444405,1.9834022668896651,0,3840,737280,0.7199999999999999,0.0,0.0,0.0,0.0,0,1.0,0.0,8.0,1.0,0.0,0.0,0.0,0.0,0.0,1.0446667498908937,multimodal_equal,63.34897099355214,0.7085937499999999
flocking_fixed_momentum,11,2.8352246748710788,2.8352246748710788,1.0,3.044219940228112,32.68620366565049,0.4859375,15.906883669562058,3.6444823421711456,5.137014221958873,1.526917188716379,0,3840,737280,0.7199999999999999,0.0,0.0,0.0,0.0,0,1.0,0.0,8.0,1.0,0.0,0.0,0.0,0.0,0.0,1.0338447911199182,multimodal_equal,30.68620366565049,0.46406249999999993
flocking_fixed_momentum,12,2.3961596497102824,2.3961596497102824,1.0,3.486075858447486,43.30269696021021,0.35703125,15.049525353150477,3.6184495953992863,5.176976741504683,1.9058423430072835,1,3840,737280,0.7199999999999999,0.0,0.0,0.0,0.0,0,1.0,0.0,8.0,1.0,0.0,0.0,0.0,0.0,0.0,1.0389718748629093,multimodal_equal,41.30269696021021,0.5929687499999999
flocking_fixed_momentum,13,3.018132417808759,3.018132417808759,1.0,4.161322936745451,60.15338233826704,0.26484375,15.28868763358533,3.5621353333470696,5.150659927472008,2.070044067794233,1,3840,737280,0.7199999999999999,0.0,0.0,0.0,0.0,0,1.0,0.0,8.0,1.0,0.0,0.0,0.0,0.0,0.0,1.0315807501319796,multimodal_equal,58.15338233826704,0.6851562499999999
flocking_fixed_momentum,14,3.1275828532931476,3.1275828532931476,1.0,4.168442350277528,59.312394926320295,0.209375,19.451230052265267,3.5614141755890296,5.199466458002495,2.133207868107047,1,3840,737280,0.7199999999999999,0.0,0.0,0.0,0.0,0,1.0,0.0,8.0,1.0,0.0,0.0,0.0,0.0,0.0,1.0311787920072675,multimodal_equal,57.312394926320295,0.740625
flocking_fixed_momentum,15,1.3438540484997172,1.3438540484997172,1.0,1.9493298449217704,13.517961347639305,0.68515625,13.117293137723621,3.663394388714027,5.022687420289303,1.3331154031000352,1,3840,737280,0.7199999999999999,0.0,0.0,0.0,0.0,0,1.0,0.0,8.0,1.0,0.0,0.0,0.0,0.0,0.0,1.0323158751707524,multimodal_equal,11.517961347639305,0.26484374999999993
flocking_fixed_momentum,16,2.9051524693627013,2.9051524693627013,1.0,3.590745566659037,45.39457290577692,0.434375,13.422943169220954,3.6211705432132595,5.155021562736838,1.8330745175011303,1,3840,737280,0.7199999999999999,0.0,0.0,0.0,0.0,0,1.0,0.0,8.0,1.0,0.0,0.0,0.0,0.0,0.0,1.0405171250458807,multimodal_equal,43.39457290577692,0.515625
flocking_fixed_momentum,17,1.3568694866179358,1.3568694866179358,1.0,2.0966544200126074,15.519045804595294,0.6390625,16.28213346211273,3.6622981664512038,5.1496086764605575,1.4930542392721622,0,3840,737280,0.7199999999999999,0.0,0.0,0.0,0.0,0,1.0,0.0,8.0,1.0,0.0,0.0,0.0,0.0,0.0,1.0438621661160141,multimodal_equal,13.519045804595294,0.3109375
flocking_fixed_momentum,18,2.8603606573748332,2.8603606573748332,1.0,2.9678011969287317,30.70729288162794,0.48203125,12.69245142872389,3.6487981728794368,5.141131778488253,1.5972781188718845,1,3840,737280,0.7199999999999999,0.0,0.0,0.0,0.0,0,1.0,0.0,8.0,1.0,0.0,0.0,0.0,0.0,0.0,1.029446915956214,multimodal_equal,28.70729288162794,0.46796874999999993
flocking_fixed_momentum,19,3.270923157846145,3.270923157846145,1.0,4.000843036398063,55.282477502727055,0.253125,20.534833335762777,3.5672727782525966,5.058119574539898,1.97735445466964,0,3840,737280,0.7199999999999999,0.0,0.0,0.0,0.0,0,1.0,0.0,8.0,1.0,0.0,0.0,0.0,0.0,0.0,1.027005833107978,multimodal_equal,53.282477502727055,0.6968749999999999
flocking_fixed_momentum,20,2.259648861199529,2.259648861199529,1.0,2.643526609995832,24.274851909475224,0.50625,14.65588027895166,3.6655487167689516,5.133888774496581,1.4938365150164583,5,3840,737280,0.7199999999999999,0.0,0.0,0.0,0.0,0,1.0,0.0,8.0,1.0,0.0,0.0,0.0,0.0,0.0,1.043829333037138,multimodal_equal,22.274851909475224,0.44375
flocking_fixed_momentum,21,2.5713318324390437,2.5713318324390437,1.0,2.859323524656463,30.759826779574183,0.590625,16.51421108590848,3.6617445362190395,4.941074502965591,1.2860455128048245,4,3840,737280,0.7199999999999999,0.0,0.0,0.0,0.0,0,1.0,0.0,8.0,1.0,0.0,0.0,0.0,0.0,0.0,1.0389967907685786,multimodal_equal,28.759826779574183,0.359375
flocking_fixed_momentum,22,3.0113076187423764,3.0113076187423764,1.0,3.1160255230236844,32.89574158558924,0.4796875,11.66728584141999,3.6099540333838704,5.115680019176685,1.6131854559882934,4,3840,737280,0.7199999999999999,0.0,0.0,0.0,0.0,0,1.0,0.0,8.0,1.0,0.0,0.0,0.0,0.0,0.0,1.0399478340987116,multimodal_equal,30.895741585589242,0.47031249999999997
flocking_fixed_momentum,23,1.8190099544642584,1.8190099544642584,1.0,2.3707019812010093,20.765539228617108,0.578125,21.61689967101596,3.6795996909338853,5.143859254153189,1.5017056687853207,0,3840,737280,0.7199999999999999,0.0,0.0,0.0,0.0,0,1.0,0.0,8.0,1.0,0.0,0.0,0.0,0.0,0.0,1.049759958870709,multimodal_equal,18.765539228617108,0.37187499999999996
flocking_fixed_momentum,24,2.137860398313241,2.137860398313241,1.0,2.690781609747026,26.862481298820274,0.553125,12.27650943829534,3.662730191443275,5.1235866846850495,1.4887435414087211,2,3840,737280,0.7199999999999999,0.0,0.0,0.0,0.0,0,1.0,0.0,8.0,1.0,0.0,0.0,0.0,0.0,0.0,1.0368584170937538,multimodal_equal,24.862481298820274,0.396875
flocking_fixed_momentum,25,2.547163851664803,2.547163851664803,1.0,2.8364526924076174,27.829496015777398,0.51171875,20.60941994025483,3.63512317998413,5.130375229534919,1.646664781720133,3,3840,737280,0.7199999999999999,0.0,0.0,0.0,0.0,0,1.0,0.0,8.0,1.0,0.0,0.0,0.0,0.0,0.0,1.0318585839122534,multimodal_equal,25.829496015777398,0.43828124999999996
flocking_fixed_momentum,26,3.544724701751305,3.544724701751305,1.0,4.285722609209495,64.21541606171017,0.19140625,15.239033316935618,3.575746581977536,5.125238611924356,1.8741152095827283,1,3840,737280,0.7199999999999999,0.0,0.0,0.0,0.0,0,1.0,0.0,8.0,1.0,0.0,0.0,0.0,0.0,0.0,1.0210330840200186,multimodal_equal,62.21541606171017,0.75859375
flocking_fixed_momentum,27,3.4968327667438515,3.4968327667438515,1.0,4.004686429699352,57.43020403388798,0.3796875,15.712827762064387,3.595869551739169,4.958663108350154,1.5815118918222066,0,3840,737280,0.7199999999999999,0.0,0.0,0.0,0.0,0,1.0,0.0,8.0,1.0,0.0,0.0,0.0,0.0,0.0,1.0363537908997387,multimodal_equal,55.43020403388798,0.5703125
flocking_fixed_momentum,28,1.9032671346547028,1.9032671346547028,1.0,2.4679588934809598,21.65564148837779,0.53671875,15.877252201125163,3.6551536078737086,5.082171724936131,1.5195822478721226,3,3840,737280,0.7199999999999999,0.0,0.0,0.0,0.0,0,1.0,0.0,8.0,1.0,0.0,0.0,0.0,0.0,0.0,1.0359632920008153,multimodal_equal,19.65564148837779,0.41328124999999993
flocking_fixed_momentum,29,2.2362659049320444,2.2362659049320444,1.0,2.648069465354141,25.56185311293531,0.54140625,16.18330614215494,3.646264153173547,5.1569634864308025,1.5625368348317106,0,3840,737280,0.7199999999999999,0.0,0.0,0.0,0.0,0,1.0,0.0,8.0,1.0,0.0,0.0,0.0,0.0,0.0,1.0283482500817627,multimodal_equal,23.56185311293531,0.40859375
flocking_robust_multiflock,0,1.1417001357194223,0.7809585569549881,0.50859375,1.140736214081804,3.770679879097051,0.9296875,1.9535895894547473,3.5345208188488053,5.797093789044349,3.701950364933269,3,3840,737280,0.7199999999999999,0.0,0.0,0.0,0.0,0,1.9875,0.9875,4.00625,0.5119419642857143,0.48805803571428574,0.0,0.0,0.11875,3.0741187663072176,1.0461055419873446,multimodal_equal,1.770679879097051,0.020312499999999956
flocking_robust_multiflock,1,0.6915238161652947,0.6915238161652947,0.5053571428571428,0.6969293623128768,1.7253025546622112,0.965625,1.8204390764533358,3.566463881702549,5.8574495041513845,3.715705057089589,1,3840,737280,0.7199999999999999,0.0,0.0,0.0,0.0,0,2.0,0.99375,4.0125,0.5053571428571428,0.4938616071428571,0.0,0.0,0.04375,3.153309755839067,1.0698903340380639,multimodal_equal,0.27469744533778884,0.015625
flocking_robust_multiflock,2,0.8190169631638021,0.6838051771479626,0.5027901785714286,0.8157721480378254,2.0348132869025166,0.9734375,1.8057029888045502,3.583076610090461,5.87152541888266,3.7784557785795316,0,3840,737280,0.7199999999999999,0.0,0.0,0.0,0.0,0,2.00625,1.0,4.00625,0.5043526785714285,0.4948660714285714,0.00625,0.00625,0.05,3.125340360589727,1.0579667910933495,multimodal_equal,0.034813286902516616,0.0234375
flocking_robust_multiflock,3,6.479513290870616,1.0059891901019695,0.5063988095238094,6.450822017743883,115.8406290586684,0.00625,1.8657549081722578,3.5458624226391726,5.80544309324681,3.7470707934101704,0,3840,737280,0.7199999999999999,0.0,0.0,0.0,0.0,0,1.9875,0.9875,4.0,0.5081845238095238,0.49181547619047616,0.0,0.0,0.075,3.1373001527394804,1.0637636249884963,multimodal_equal,113.8406290586684,0.94375
flocking_robust_multiflock,4,6.417291075816544,0.69191259125676,0.5033482142857142,6.428282868675536,112.33541527107441,0.02589285714285714,1.7052020265342833,3.5353658269998776,5.867337448455297,3.7424666787278853,0,3840,737280,0.7199999999999999,0.0,0.0,0.0,0.0,0,2.00625,0.99375,4.0125,0.5041294642857143,0.49352678571428577,0.0,0.0,0.03125,3.0976006591048373,1.0628640418872237,multimodal_equal,110.33541527107441,0.9241071428571428
flocking_robust_multiflock,5,6.345475844126155,0.698532351475414,0.5049107142857142,6.331554231373468,116.95353201506705,0.028125,1.8709878870434167,3.5765067265958472,5.7921984193874465,3.6728958732591104,0,3840,737280,0.7199999999999999,0.0,0.0,0.0,0.0,0,1.99375,0.99375,4.0125,0.5049107142857142,0.4950892857142858,0.0,0.0,0.0375,3.120589398509016,1.0377901250030845,multimodal_equal,114.95353201506705,0.921875
flocking_robust_multiflock,6,0.7820059139749784,0.6830341301981786,0.5041294642857143,0.7973720991329463,1.960829709362112,0.975,1.8455272933366718,3.5269606836399268,5.873276575134033,3.7707806297854334,0,3840,737280,0.7199999999999999,0.0,0.0,0.0,0.0,0,2.00625,0.99375,4.0,0.5049107142857142,0.49352678571428577,0.0,0.0,0.05,3.15091792482649,1.0690629999153316,multimodal_equal,0.039170290637887906,0.025000000000000022
flocking_robust_multiflock,7,0.7309030467870411,0.7309030467870411,0.5084821428571428,0.7302720536648689,1.8380512344769138,0.97421875,1.8990518311398557,3.5696461148046352,5.867753277339526,3.7874682158580555,0,3840,737280,0.7199999999999999,0.0,0.0,0.0,0.0,0,1.9875,0.9875,4.025,0.5084821428571428,0.49151785714285723,0.0,0.0,0.05625,3.1415963624012377,1.070146166952327,multimodal_equal,0.16194876552308624,0.024218750000000067
flocking_robust_multiflock,8,6.179007546909556,0.6980599646139841,0.5095982142857143,6.189930592838344,108.9039320482854,0.0828125,2.0199036640518946,3.5622077191988075,5.7904200388499145,3.705926254841774,0,3840,737280,0.7199999999999999,0.0,0.0,0.0,0.0,0,2.00625,0.9875,4.01875,0.5103794642857142,0.4864955357142858,0.00625,0.00625,0.09375,3.1398266328129942,0.9892690419219434,multimodal_equal,106.9039320482854,0.8671875
flocking_robust_multiflock,9,0.9272474271336262,0.7248148884845228,0.5160714285714285,0.9453731532103925,2.7042211388440447,0.9708333333333332,2.0542180416572564,3.5216549124149963,5.822515246469968,3.7051773884144055,1,3840,737280,0.7199999999999999,0.0,0.0,0.0,0.0,0,1.9875,0.98125,4.00625,0.5169642857142857,0.48225446428571433,0.0,0.0,0.18125,3.137342856257555,0.9912093749735504,multimodal_equal,0.7042211388440447,0.02083333333333326
flocking_robust_multiflock,10,0.7479573905799262,0.7479573905799262,0.5068452380952382,0.7377531343307918,2.078126623267538,0.95,1.934915870581052,3.5758956805692947,5.784273850836508,3.652628677540367,3,3840,737280,0.7199999999999999,0.0,0.0,0.0,0.0,0,1.99375,0.99375,4.0,0.5068452380952382,0.4931547619047619,0.0,0.0,0.075,3.1342846525762864,1.0764295421540737,multimodal_equal,0.07812662326753816,0.0
flocking_robust_multiflock,11,0.8608747670503867,0.6695993131277099,0.5010044642857142,0.8861238359455597,2.4439146228104027,0.959375,1.7582370036253976,3.574294377964688,5.825359946834302,3.7185953653789476,0,3840,737280,0.7199999999999999,0.0,0.0,0.0,0.0,0,2.00625,1.0,4.0,0.5034598214285714,0.49564732142857143,0.0,0.0,0.05,3.088890491071544,1.0491125418338925,multimodal_equal,0.4439146228104027,0.009375000000000022
flocking_robust_multiflock,12,6.394501087232526,0.6944368088063545,0.5017857142857143,6.393924605954921,117.33460259535566,0.025,1.896235511890147,3.5642848228864805,5.78277697084718,3.6970804735484633,0,3840,737280,0.7199999999999999,0.0,0.0,0.0,0.0,0,2.0,1.0,3.9875,0.5017857142857143,0.4982142857142858,0.0,0.0,0.05,3.096119011367642,0.9904873750638217,multimodal_equal,115.33460259535566,0.9249999999999999
flocking_robust_multiflock,13,0.8882839447610101,0.7034801457169806,0.5053571428571428,0.8961909257486178,2.414775587609941,0.9481249999999999,1.957977283674817,3.5491921645513074,5.90668033624714,3.7975563850823626,1,3840,737280,0.7199999999999999,0.0,0.0,0.0,0.0,0,2.0,0.99375,4.00625,0.50625,0.49296875,0.0,0.0,0.0625,3.134499707242615,1.001721041975543,multimodal_equal,0.4147755876099408,0.001875000000000071
flocking_robust_multiflock,14,0.9283795386115711,0.7179891000928825,0.5111607142857142,0.9298169174930268,2.5820081769729457,0.93359375,1.9529302955549248,3.566913810325194,5.850374748704448,3.721095704861115,1,3840,737280,0.7199999999999999,0.0,0.0,0.0,0.0,0,1.98125,0.98125,4.025,0.5120535714285714,0.48794642857142856,0.0,0.0,0.0875,3.1335574902338528,1.0646205840166658,multimodal_equal,0.5820081769729457,0.016406249999999956
flocking_robust_multiflock,15,1.0301651590742589,0.6615562411835885,0.5015625,0.9867947379526101,2.6923186364278457,0.9753125,1.8527298227062161,3.553902941248063,5.907003670271003,3.8078596751428373,1,3840,737280,0.7199999999999999,0.0,0.0,0.0,0.0,0,2.00625,0.99375,4.0,0.5032366071428571,0.4944196428571429,0.0,0.0,0.03125,3.1050186114789184,1.0625632079318166,multimodal_equal,0.6923186364278457,0.02531250000000007
flocking_robust_multiflock,16,6.465385847124073,0.7615996811545548,0.50625,6.46916083027113,119.6290463384959,0.013750000000000002,1.8914170633699143,3.551276444550504,5.836667932752481,3.7370355301432228,0,3840,737280,0.7199999999999999,0.0,0.0,0.0,0.0,0,1.9875,0.9875,4.00625,0.5071428571428571,0.4928571428571429,0.0,0.0,0.05625,3.1054429439989035,0.9983334168791771,multimodal_equal,117.6290463384959,0.9362499999999999
flocking_robust_multiflock,17,6.512380840592189,0.7082247465476338,0.5021205357142857,6.50202371385955,118.60314857310428,0.01919642857142857,1.8580604108901138,3.551030646632854,5.819315110620478,3.7883102980988226,0,3840,737280,0.7199999999999999,0.0,0.0,0.0,0.0,0,2.0,0.99375,4.01875,0.5044642857142857,0.49475446428571435,0.0,0.0,0.025,3.1640481400939633,1.0135074169375002,multimodal_equal,116.60314857310428,0.9308035714285714
flocking_robust_multiflock,18,6.45045648034884,0.7428697824617934,0.5017857142857143,6.447757886280446,114.17457307445338,0.015625,1.869954503116062,3.563839256543411,5.908876739491282,3.7712889909554264,0,3840,737280,0.7199999999999999,0.0,0.0,0.0,0.0,0,2.0,1.0,3.9875,0.5017857142857143,0.4982142857142858,0.0,0.0,0.05,3.146979763923133,1.0631518748123199,multimodal_equal,112.17457307445338,0.934375
flocking_robust_multiflock,19,6.3760324369855885,0.7584708539709895,0.5089285714285714,6.3858633549262915,110.40281501346753,0.0471875,1.840214301737343,3.5479038116941397,5.882936306418327,3.7829234659734396,0,3840,737280,0.7199999999999999,0.0,0.0,0.0,0.0,0,1.9875,0.9875,4.00625,0.5089285714285714,0.49107142857142866,0.0,0.0,0.08125,3.154409738611654,1.0172404588665813,multimodal_equal,108.40281501346753,0.9028124999999999
flocking_robust_multiflock,20,6.42342174076926,0.8237914745279564,0.5072544642857142,6.427307881714157,122.08044639479576,0.03020833333333333,1.792046078868904,3.582446723455541,5.846404838797173,3.6987037164595535,0,3840,737280,0.7199999999999999,0.0,0.0,0.0,0.0,0,1.99375,0.9875,4.0125,0.5080357142857143,0.4911830357142858,0.0,0.0,0.0625,3.1062213359020454,0.9966470838990062,multimodal_equal,120.08044639479576,0.9197916666666667
flocking_robust_multiflock,21,1.057546047437498,0.7249001565476257,0.5120535714285714,1.049901539145464,3.4633414915887357,0.9502232142857142,1.8834402948536941,3.5671071404020096,5.789252552913427,3.6643344780523592,1,3840,737280,0.7199999999999999,0.0,0.0,0.0,0.0,0,1.98125,0.975,4.0125,0.5138392857142857,0.4853794642857143,0.0,0.0,0.1125,3.129903965074437,0.9769971249625087,multimodal_equal,1.4633414915887357,0.00022321428571425717
flocking_robust_multiflock,22,1.1279339388288316,0.7229261650199228,0.5065848214285714,1.1430694306584317,3.3117682860803215,0.9541666666666668,1.8746940015873104,3.53138917806003,5.854824368329433,3.779593123081024,6,3840,737280,0.7199999999999999,0.0,0.0,0.0,0.0,0,1.9875,0.98125,4.0125,0.5107142857142857,0.4885044642857143,0.0,0.0,0.08125,3.14783024688609,1.0598011249676347,multimodal_equal,1.3117682860803215,0.004166666666666874
flocking_robust_multiflock,23,6.32642265713791,0.6719175947329364,0.5086309523809524,6.317022264063327,116.34266235273762,0.0375,1.877533866570618,3.580808989613293,5.792068692772574,3.7444564958351294,0,3840,737280,0.7199999999999999,0.0,0.0,0.0,0.0,0,1.9875,0.9875,4.0,0.5086309523809524,0.49136904761904765,0.0,0.0,0.08125,3.100493889136633,1.0099774580448866,multimodal_equal,114.34266235273762,0.9125
flocking_robust_multiflock,24,6.135618307105749,0.7655709708150865,0.5111607142857142,6.134490345633173,107.30949386935579,0.078125,1.8002926630913294,3.579000684780471,5.748817306913419,3.6883990136754035,0,3840,737280,0.7199999999999999,0.0,0.0,0.0,0.0,0,1.9875,0.9875,4.0125,0.5111607142857142,0.48883928571428575,0.0,0.0,0.10625,3.1374210577395685,1.0097506248857826,multimodal_equal,105.30949386935579,0.871875
flocking_robust_multiflock,25,1.1530982335069448,0.804920997915223,0.5073660714285714,1.1704250661261548,4.184030228670723,0.9227678571428571,1.9595428505665686,3.5449495004879985,5.842030486563322,3.784875678466367,3,3840,737280,0.7199999999999999,0.0,0.0,0.0,0.0,0,2.0,0.9875,4.0125,0.5099330357142857,0.48772321428571425,0.0,0.0,0.09375,3.125376070540022,0.9453673330135643,multimodal_equal,2.184030228670723,0.027232142857142816
flocking_robust_multiflock,26,0.789682499964638,0.789682499964638,0.50234375,0.8005243862688437,2.2174495276623785,0.9359375,1.7417801332647975,3.5663216305738805,5.860797604195804,3.6995006027391204,3,3840,737280,0.7199999999999999,0.0,0.0,0.0,0.0,0,2.0,0.99375,4.00625,0.50234375,0.49609375,0.0,0.0,0.0125,3.0847549788391877,1.0504587090108544,multimodal_equal,0.21744952766237846,0.014062499999999978
flocking_robust_multiflock,27,0.6411898031982591,0.6301799660168284,0.5046130952380953,0.6549753096716175,1.5925659686461682,0.9796875,1.8321189686102712,3.572981695909405,5.804212142950923,3.7277133535045373,0,3840,737280,0.7199999999999999,0.0,0.0,0.0,0.0,0,2.0,0.99375,3.99375,0.5066964285714286,0.49226190476190473,0.0,0.0,0.0875,3.1640755925896498,0.9843638339079916,multimodal_equal,0.4074340313538318,0.02968750000000009
flocking_robust_multiflock,28,6.3282762321001425,0.7611244118235224,0.5017857142857143,6.3268802676084475,112.40661075065714,0.014583333333333334,1.8302949320640465,3.560321648879517,5.791014999396323,3.6550862314237653,0,3840,737280,0.7199999999999999,0.0,0.0,0.0,0.0,0,1.99375,0.99375,4.0125,0.50625,0.49375,0.0,0.0,0.05625,3.108553794089935,0.9849891250487417,multimodal_equal,110.40661075065714,0.9354166666666667
flocking_robust_multiflock,29,6.541212701059372,0.6634521378160192,0.49966517857142856,6.541648905641051,117.98996949762541,0.0125,1.8382057876473201,3.554248600484611,5.874784000391786,3.760080128591909,0,3840,737280,0.7199999999999999,0.0,0.0,0.0,0.0,0,2.00625,1.0,3.9875,0.5013392857142857,0.49787946428571433,0.0,0.0,0.04375,3.1506307348804627,0.9041942090261728,multimodal_equal,115.98996949762541,0.9375
