robot,arm,window,start_time,end_time,position_rmse,mean_nees,p95_nees,coverage95_rate,update_rate,maximum_landmarks_used,outage_fraction,outage_rmse,mean_topology_components,mean_topology_edges,minimum_topology_components,maximum_topology_components,mean_clock_alignment_error,runtime_seconds,finite
1,odometry_only,0,1288971842.054,1288971901.554,0.00019247254962250399,1.888049234989818e-08,5.3725881384329274e-08,1.0,0.0,0.0,0.0,0.0,1.0333333333333334,5.85,1,2,0.0,0.04432998214449201,True
1,odometry_only,1,1288971902.054,1288971961.554,1.106822209409361,0.09810967847697544,0.5161195718180972,1.0,0.0,0.0,0.0,0.0,2.316666666666667,3.875,1,5,0.0,0.04432998214449201,True
1,odometry_only,2,1288971962.054,1288972021.554,4.812896738513075,1.50729559166732,2.3191902547868026,1.0,0.0,0.0,0.0,0.0,3.6166666666666667,1.525,2,5,0.0,0.04432998214449201,True
1,odometry_only,3,1288972022.054,1288972081.554,11.454937252380946,6.1350699809476525,8.884704542715031,0.4666666666666667,0.0,0.0,0.0,0.0,3.316666666666667,1.9166666666666667,1,5,0.0,0.04432998214449201,True
1,odometry_only,4,1288972082.054,1288972141.554,10.140548368017834,3.559930317999758,5.052570779903984,1.0,0.0,0.0,0.0,0.0,3.75,1.375,2,5,0.0,0.04432998214449201,True
1,odometry_only,5,1288972142.054,1288972201.554,8.723345099663607,2.221587324105342,3.1940536037175136,1.0,0.0,0.0,0.0,0.0,3.0416666666666665,2.95,2,5,0.0,0.04432998214449201,True
1,odometry_only,6,1288972202.054,1288972261.554,10.52219293161837,2.1195882631199607,2.8036342584413174,1.0,0.0,0.0,0.0,0.0,3.55,1.5083333333333333,2,5,0.0,0.04432998214449201,True
1,odometry_only,7,1288972262.054,1288972321.554,9.239412870569206,0.8207657535428511,1.694729406002811,1.0,0.0,0.0,0.0,0.0,3.275,2.0083333333333333,2,5,0.0,0.04432998214449201,True
1,odometry_only,8,1288972322.054,1288972381.554,11.679622869791208,1.6836769955910602,2.2232243754734564,1.0,0.0,0.0,0.008333333333333333,13.837537014215819,3.8333333333333335,1.1666666666666667,2,5,0.0,0.04432998214449201,True
1,odometry_only,9,1288972382.054,1288972441.554,10.812248549230134,1.4445941012092276,1.8470554895568307,1.0,0.0,0.0,0.0,0.0,3.6,1.5583333333333333,2,5,0.0,0.04432998214449201,True
1,odometry_only,10,1288972442.054,1288972501.554,12.794862417195185,1.6614118113352456,2.799859110878186,1.0,0.0,0.0,0.0,0.0,2.8833333333333333,3.1166666666666667,1,5,0.0,0.04432998214449201,True
1,odometry_only,11,1288972502.054,1288972561.554,18.341181334512687,3.1821389966768097,3.66800119947971,1.0,0.0,0.0,0.0,0.0,3.433333333333333,2.033333333333333,2,5,0.0,0.04432998214449201,True
1,odometry_only,12,1288972562.054,1288972621.554,15.61539326409918,2.1708643431582204,2.8387729407702955,1.0,0.0,0.0,0.0,0.0,2.941666666666667,2.6666666666666665,1,5,0.0,0.04432998214449201,True
1,odometry_only,13,1288972622.054,1288972681.554,13.393967045363478,1.4904743406702203,1.6445791054337837,1.0,0.0,0.0,0.0,0.0,3.0083333333333333,2.441666666666667,2,5,0.0,0.04432998214449201,True
1,odometry_only,14,1288972682.054,1288972741.554,14.94259731482301,1.3819265405364314,2.0024112328567543,1.0,0.0,0.0,0.0,0.0,3.1333333333333333,2.433333333333333,1,5,0.0,0.04432998214449201,True
1,odometry_only,15,1288972742.054,1288972801.554,14.349326727413182,0.8802978457898597,1.675170463884583,1.0,0.0,0.0,0.0,0.0,3.5,1.5666666666666667,1,5,0.0,0.04432998214449201,True
1,odometry_only,16,1288972802.054,1288972861.554,14.02872861846847,1.1480500404763896,1.5469365012453946,1.0,0.0,0.0,0.0,0.0,3.7333333333333334,1.3416666666666666,2,5,0.0,0.04432998214449201,True
1,odometry_only,17,1288972862.054,1288972921.554,13.098427300703664,0.7590963280444678,0.9236347936488514,1.0,0.0,0.0,0.0,0.0,2.316666666666667,3.3333333333333335,1,5,0.0,0.04432998214449201,True
1,odometry_only,18,1288972922.054,1288972981.554,13.906102034268054,0.5352538667563861,0.7903488908597431,1.0,0.0,0.0,0.0,0.0,2.875,2.4166666666666665,1,5,0.0,0.04432998214449201,True
1,odometry_only,19,1288972982.054,1288973041.554,17.444413685960708,0.4736529309411047,0.6677177167457641,1.0,0.0,0.0,0.0,0.0,3.658333333333333,1.6833333333333333,2,5,0.0,0.04432998214449201,True
1,odometry_only,20,1288973042.054,1288973101.554,21.890395439851503,0.9151197286690377,1.0656499684526817,1.0,0.0,0.0,0.0,0.0,3.7,1.5916666666666666,2,5,0.0,0.04432998214449201,True
1,odometry_only,21,1288973102.054,1288973161.554,19.319194612747495,0.6227052770895731,0.9854877650690158,1.0,0.0,0.0,0.0,0.0,3.325,1.9333333333333333,1,5,0.0,0.04432998214449201,True
1,odometry_only,22,1288973162.054,1288973221.554,17.368394811146693,0.5625774561446356,0.8716766105438484,1.0,0.0,0.0,0.0,0.0,3.191666666666667,2.2,1,5,0.0,0.04432998214449201,True
1,odometry_only,23,1288973222.054,1288973281.554,17.593311567560786,0.5482298789402512,0.7093356483892641,1.0,0.0,0.0,0.0,0.0,3.65,1.4833333333333334,2,5,0.0,0.04432998214449201,True
1,odometry_only,24,1288973282.054,1288973341.554,17.295043198430523,0.5506145448807487,0.7422649768779553,1.0,0.0,0.0,0.0,0.0,3.2583333333333333,2.075,2,5,0.0,0.04432998214449201,True
1,odometry_only,25,1288973342.054,1288973401.554,17.107129010513304,0.25883643078645224,0.44130469401095324,1.0,0.0,0.0,0.0,0.0,3.841666666666667,1.3333333333333333,1,5,0.0,0.04432998214449201,True
1,odometry_only,26,1288973402.054,1288973461.554,18.00615101123297,0.29141321150264615,0.3906494417419803,1.0,0.0,0.0,0.0,0.0,3.7416666666666667,1.3833333333333333,1,5,0.0,0.04432998214449201,True
1,odometry_only,27,1288973462.054,1288973521.554,14.412474711977438,0.13712854685026327,0.16615732104759212,1.0,0.0,0.0,0.0,0.0,3.95,1.1333333333333333,3,5,0.0,0.04432998214449201,True
1,odometry_only,28,1288973522.054,1288973581.554,17.3839920898858,0.1851066818955435,0.23094774088386807,1.0,0.0,0.0,0.0,0.0,2.3833333333333333,3.0,1,5,0.0,0.04432998214449201,True
1,odometry_only,29,1288973582.054,1288973641.554,16.174400691007833,0.1423203637733033,0.23298002957675693,1.0,0.0,0.0,0.0,0.0,3.0416666666666665,2.1166666666666667,2,5,0.0,0.04432998214449201,True
1,odometry_only,30,1288973642.054,1288973701.554,17.553433814398574,0.17993427082581376,0.3194160087320068,1.0,0.0,0.0,0.0,0.0,2.9,2.75,1,5,0.0,0.04432998214449201,True
1,odometry_only,31,1288973702.054,1288973761.554,20.441209756366028,0.2902839550770408,0.3545793650847979,1.0,0.0,0.0,0.0,0.0,3.45,1.8416666666666666,1,5,0.0,0.04432998214449201,True
1,odometry_only,32,1288973762.054,1288973821.554,20.362942058806976,0.29940190550049434,0.3750287888350416,1.0,0.0,0.0,0.0,0.0,3.2333333333333334,2.158333333333333,1,5,0.0,0.04432998214449201,True
1,odometry_only,33,1288973822.054,1288973881.554,21.610306350867607,0.3175300721756532,0.37774162811524375,1.0,0.0,0.0,0.0,0.0,3.933333333333333,1.2166666666666666,2,5,0.0,0.04432998214449201,True
1,odometry_only,34,1288973882.054,1288973941.554,21.49980183213525,0.3172259205754348,0.35709155199190257,1.0,0.0,0.0,0.0,0.0,3.6416666666666666,1.5416666666666667,1,5,0.0,0.04432998214449201,True
2,odometry_only,0,1288971842.054,1288971901.554,0.022871319974067515,0.00010744811815808105,0.0006003723908550466,1.0,0.0,0.0,0.0,0.0,1.0333333333333334,5.85,1,2,0.0,0.042152667857174364,True
2,odometry_only,1,1288971902.054,1288971961.554,0.9989207381665244,0.09523805952073197,0.4532969872904777,1.0,0.0,0.0,0.0,0.0,2.316666666666667,3.875,1,5,0.0,0.042152667857174364,True
2,odometry_only,2,1288971962.054,1288972021.554,2.906661484348015,0.42253606747727185,0.7984782442493487,1.0,0.0,0.0,0.0,0.0,3.6166666666666667,1.525,2,5,0.0,0.042152667857174364,True
2,odometry_only,3,1288972022.054,1288972081.554,3.1536167604329663,0.33782493094216204,0.7503014474090978,1.0,0.0,0.0,0.0,0.0,3.316666666666667,1.9166666666666667,1,5,0.0,0.042152667857174364,True
2,odometry_only,4,1288972082.054,1288972141.554,4.05190720486234,0.4535672629606683,0.6526670455458605,1.0,0.0,0.0,0.0,0.0,3.75,1.375,2,5,0.0,0.042152667857174364,True
2,odometry_only,5,1288972142.054,1288972201.554,3.119182492015648,0.19289670611895549,0.5150364163431014,1.0,0.0,0.0,0.0,0.0,3.0416666666666665,2.95,2,5,0.0,0.042152667857174364,True
2,odometry_only,6,1288972202.054,1288972261.554,7.452052784029574,1.2709868844437897,1.5752497655543205,1.0,0.0,0.0,0.0,0.0,3.55,1.5083333333333333,2,5,0.0,0.042152667857174364,True
2,odometry_only,7,1288972262.054,1288972321.554,6.60185101580028,0.8427903894397979,1.598554145882627,1.0,0.0,0.0,0.0,0.0,3.275,2.0083333333333333,2,5,0.0,0.042152667857174364,True
2,odometry_only,8,1288972322.054,1288972381.554,7.134294369678476,0.6689176287334996,0.8150066105275617,1.0,0.0,0.0,0.016666666666666666,8.722892417420306,3.8333333333333335,1.1666666666666667,2,5,0.0,0.042152667857174364,True
2,odometry_only,9,1288972382.054,1288972441.554,7.2020845575725865,0.3753467969306275,0.7078832587855336,1.0,0.0,0.0,0.008333333333333333,8.761429873145287,3.6,1.5583333333333333,2,5,0.0,0.042152667857174364,True
2,odometry_only,10,1288972442.054,1288972501.554,5.732255232901547,0.34648077056714194,0.7183942741859594,1.0,0.0,0.0,0.0,0.0,2.8833333333333333,3.1166666666666667,1,5,0.0,0.042152667857174364,True
2,odometry_only,11,1288972502.054,1288972561.554,12.372569063726324,1.60724840504347,2.228011049393497,1.0,0.0,0.0,0.0,0.0,3.433333333333333,2.033333333333333,2,5,0.0,0.042152667857174364,True
2,odometry_only,12,1288972562.054,1288972621.554,12.198387629003767,1.4591918015525343,1.7245973615848857,1.0,0.0,0.0,0.0,0.0,2.941666666666667,2.6666666666666665,1,5,0.0,0.042152667857174364,True
2,odometry_only,13,1288972622.054,1288972681.554,9.069252000330474,0.6310732151113051,1.2306214786299883,1.0,0.0,0.0,0.025,8.699162704272643,3.0083333333333333,2.441666666666667,2,5,0.0,0.042152667857174364,True
2,odometry_only,14,1288972682.054,1288972741.554,7.038161489992643,0.3565956225857873,0.4073704291126556,1.0,0.0,0.0,0.0,0.0,3.1333333333333333,2.433333333333333,1,5,0.0,0.042152667857174364,True
2,odometry_only,15,1288972742.054,1288972801.554,8.576007353590034,0.34750950525136204,0.4490872585924113,1.0,0.0,0.0,0.0,0.0,3.5,1.5666666666666667,1,5,0.0,0.042152667857174364,True
2,odometry_only,16,1288972802.054,1288972861.554,10.948855947275636,0.7498061898761208,1.2749094982336682,1.0,0.0,0.0,0.0,0.0,3.7333333333333334,1.3416666666666666,2,5,0.0,0.042152667857174364,True
2,odometry_only,17,1288972862.054,1288972921.554,11.76076798023252,0.8705722376191165,1.3168773549708956,1.0,0.0,0.0,0.016666666666666666,14.235018178967051,2.316666666666667,3.3333333333333335,1,5,0.0,0.042152667857174364,True
2,odometry_only,18,1288972922.054,1288972981.554,10.95410970821119,0.5571510317515148,0.8078145508829092,1.0,0.0,0.0,0.0,0.0,2.875,2.4166666666666665,1,5,0.0,0.042152667857174364,True
2,odometry_only,19,1288972982.054,1288973041.554,10.651409346058827,0.3982873192064408,0.8815913773131341,1.0,0.0,0.0,0.0,0.0,3.658333333333333,1.6833333333333333,2,5,0.0,0.042152667857174364,True
2,odometry_only,20,1288973042.054,1288973101.554,13.344886478353153,0.8123101875510791,0.9622961287292066,1.0,0.0,0.0,0.0,0.0,3.7,1.5916666666666666,2,5,0.0,0.042152667857174364,True
2,odometry_only,21,1288973102.054,1288973161.554,11.070124842382759,0.5853215818085459,0.6782936446410974,1.0,0.0,0.0,0.0,0.0,3.325,1.9333333333333333,1,5,0.0,0.042152667857174364,True
2,odometry_only,22,1288973162.054,1288973221.554,11.4741205098149,0.3583625608236776,0.5156096702800437,1.0,0.0,0.0,0.016666666666666666,11.384424672755394,3.191666666666667,2.2,1,5,0.0,0.042152667857174364,True
2,odometry_only,23,1288973222.054,1288973281.554,13.028275600151453,0.5613684827145161,0.599162856203494,1.0,0.0,0.0,0.0,0.0,3.65,1.4833333333333334,2,5,0.0,0.042152667857174364,True
2,odometry_only,24,1288973282.054,1288973341.554,16.265578242720775,0.6775638634247698,0.916487481556665,1.0,0.0,0.0,0.0,0.0,3.2583333333333333,2.075,2,5,0.0,0.042152667857174364,True
2,odometry_only,25,1288973342.054,1288973401.554,15.349787311203654,0.7245194689630142,0.810134906010232,1.0,0.0,0.0,0.0,0.0,3.841666666666667,1.3333333333333333,1,5,0.0,0.042152667857174364,True
2,odometry_only,26,1288973402.054,1288973461.554,15.269812907667074,0.6661138250869271,0.7443832824468751,1.0,0.0,0.0,0.0,0.0,3.7416666666666667,1.3833333333333333,1,5,0.0,0.042152667857174364,True
2,odometry_only,27,1288973462.054,1288973521.554,9.516364972602117,0.23032378984488838,0.49874765234035096,1.0,0.0,0.0,0.0,0.0,3.95,1.1333333333333333,3,5,0.0,0.042152667857174364,True
2,odometry_only,28,1288973522.054,1288973581.554,6.95441357916555,0.12145537216614564,0.20321364417928833,1.0,0.0,0.0,0.0,0.0,2.3833333333333333,3.0,1,5,0.0,0.042152667857174364,True
2,odometry_only,29,1288973582.054,1288973641.554,9.565086213671398,0.15589307404904237,0.24386373115169155,1.0,0.0,0.0,0.0,0.0,3.0416666666666665,2.1166666666666667,2,5,0.0,0.042152667857174364,True
2,odometry_only,30,1288973642.054,1288973701.554,9.48636788615576,0.08662617928587309,0.11159249651842897,1.0,0.0,0.0,0.0,0.0,2.9,2.75,1,5,0.0,0.042152667857174364,True
2,odometry_only,31,1288973702.054,1288973761.554,9.892029331817264,0.07377409296115048,0.09709684048311008,1.0,0.0,0.0,0.008333333333333333,11.21310599218512,3.45,1.8416666666666666,1,5,0.0,0.042152667857174364,True
2,odometry_only,32,1288973762.054,1288973821.554,11.271441192906899,0.14557366448062234,0.21147285721754824,1.0,0.0,0.0,0.0,0.0,3.2333333333333334,2.158333333333333,1,5,0.0,0.042152667857174364,True
2,odometry_only,33,1288973822.054,1288973881.554,13.253236874394371,0.22485449008564204,0.2821708650116324,1.0,0.0,0.0,0.0,0.0,3.933333333333333,1.2166666666666666,2,5,0.0,0.042152667857174364,True
2,odometry_only,34,1288973882.054,1288973941.554,12.035663944814884,0.1780367894878531,0.22052196891361475,1.0,0.0,0.0,0.016666666666666666,9.630014587037056,3.6416666666666666,1.5416666666666667,1,5,0.0,0.042152667857174364,True
3,odometry_only,0,1288971842.054,1288971901.554,0.009900113006742522,1.864778045268714e-05,6.395483835742372e-06,1.0,0.0,0.0,0.0,0.0,1.0333333333333334,5.85,1,2,0.0,0.04186762737642442,True
3,odometry_only,1,1288971902.054,1288971961.554,1.6322608665097602,0.12768112419667357,0.3271858170627352,1.0,0.0,0.0,0.0,0.0,2.316666666666667,3.875,1,5,0.0,0.04186762737642442,True
3,odometry_only,2,1288971962.054,1288972021.554,3.1447992554759514,0.428423824745926,0.525579270451139,1.0,0.0,0.0,0.0,0.0,3.6166666666666667,1.525,2,5,0.0,0.04186762737642442,True
3,odometry_only,3,1288972022.054,1288972081.554,3.1126764932714477,0.32621214623815664,0.6892926080985923,1.0,0.0,0.0,0.0,0.0,3.316666666666667,1.9166666666666667,1,5,0.0,0.04186762737642442,True
3,odometry_only,4,1288972082.054,1288972141.554,4.815895845172857,0.6565750124181531,0.9938516230518553,1.0,0.0,0.0,0.0,0.0,3.75,1.375,2,5,0.0,0.04186762737642442,True
3,odometry_only,5,1288972142.054,1288972201.554,4.923586877898669,0.3496025917801659,0.4773066935166374,1.0,0.0,0.0,0.0,0.0,3.0416666666666665,2.95,2,5,0.0,0.04186762737642442,True
3,odometry_only,6,1288972202.054,1288972261.554,3.68153004401834,0.14178016249344547,0.2643487349953185,1.0,0.0,0.0,0.0,0.0,3.55,1.5083333333333333,2,5,0.0,0.04186762737642442,True
3,odometry_only,7,1288972262.054,1288972321.554,5.575670835985392,0.5387604255023329,0.9014252028575002,1.0,0.0,0.0,0.0,0.0,3.275,2.0083333333333333,2,5,0.0,0.04186762737642442,True
3,odometry_only,8,1288972322.054,1288972381.554,8.654136697644812,1.2253957315627928,1.7908920171075842,1.0,0.0,0.0,0.025,9.47488525872563,3.8333333333333335,1.1666666666666667,2,5,0.0,0.04186762737642442,True
3,odometry_only,9,1288972382.054,1288972441.554,10.257487899147709,1.3732514973532028,1.959561091019366,1.0,0.0,0.0,0.0,0.0,3.6,1.5583333333333333,2,5,0.0,0.04186762737642442,True
3,odometry_only,10,1288972442.054,1288972501.554,9.876111966960568,1.243484422704283,2.10042350288763,1.0,0.0,0.0,0.0,0.0,2.8833333333333333,3.1166666666666667,1,5,0.0,0.04186762737642442,True
3,odometry_only,11,1288972502.054,1288972561.554,8.832385717888005,0.7153625895349168,0.9417359938991059,1.0,0.0,0.0,0.0,0.0,3.433333333333333,2.033333333333333,2,5,0.0,0.04186762737642442,True
3,odometry_only,12,1288972562.054,1288972621.554,10.563778542223575,0.8962663885379726,1.1157109825116895,1.0,0.0,0.0,0.0,0.0,2.941666666666667,2.6666666666666665,1,5,0.0,0.04186762737642442,True
3,odometry_only,13,1288972622.054,1288972681.554,10.533103224915932,1.0001216036120653,1.3361245264151718,1.0,0.0,0.0,0.041666666666666664,10.88336754916789,3.0083333333333333,2.441666666666667,2,5,0.0,0.04186762737642442,True
3,odometry_only,14,1288972682.054,1288972741.554,7.723033792379083,0.5060353177829647,0.609874436986966,1.0,0.0,0.0,0.0,0.0,3.1333333333333333,2.433333333333333,1,5,0.0,0.04186762737642442,True
3,odometry_only,15,1288972742.054,1288972801.554,4.146033621659058,0.11662066941948245,0.3384729205183275,1.0,0.0,0.0,0.016666666666666666,2.937447028427446,3.5,1.5666666666666667,1,5,0.0,0.04186762737642442,True
3,odometry_only,16,1288972802.054,1288972861.554,3.1828811040951814,0.028139347631019173,0.06363332095473001,1.0,0.0,0.0,0.0,0.0,3.7333333333333334,1.3416666666666666,2,5,0.0,0.04186762737642442,True
3,odometry_only,17,1288972862.054,1288972921.554,2.485942212760209,0.027623240446934892,0.0661063294372558,1.0,0.0,0.0,0.0,0.0,2.316666666666667,3.3333333333333335,1,5,0.0,0.04186762737642442,True
3,odometry_only,18,1288972922.054,1288972981.554,3.0076599581019807,0.02111002773663644,0.05681540258576159,1.0,0.0,0.0,0.016666666666666666,2.764666001429211,2.875,2.4166666666666665,1,5,0.0,0.04186762737642442,True
3,odometry_only,19,1288972982.054,1288973041.554,2.328424427516601,0.019574314277122352,0.05467006997747466,1.0,0.0,0.0,0.0,0.0,3.658333333333333,1.6833333333333333,2,5,0.0,0.04186762737642442,True
3,odometry_only,20,1288973042.054,1288973101.554,2.5909281387343013,0.028487172547311278,0.09408253565437652,1.0,0.0,0.0,0.0,0.0,3.7,1.5916666666666666,2,5,0.0,0.04186762737642442,True
3,odometry_only,21,1288973102.054,1288973161.554,6.216075963157536,0.1904995884096126,0.39262269272187705,1.0,0.0,0.0,0.0,0.0,3.325,1.9333333333333333,1,5,0.0,0.04186762737642442,True
3,odometry_only,22,1288973162.054,1288973221.554,4.301567541167868,0.07388298582294192,0.16550390436182144,1.0,0.0,0.0,0.016666666666666666,3.4604217779840565,3.191666666666667,2.2,1,5,0.0,0.04186762737642442,True
3,odometry_only,23,1288973222.054,1288973281.554,7.849337133904402,0.19840855781291472,0.317155668204067,1.0,0.0,0.0,0.0,0.0,3.65,1.4833333333333334,2,5,0.0,0.04186762737642442,True
3,odometry_only,24,1288973282.054,1288973341.554,11.447556555804537,0.3471340194897447,0.4426734019013758,1.0,0.0,0.0,0.025,12.170335831683104,3.2583333333333333,2.075,2,5,0.0,0.04186762737642442,True
3,odometry_only,25,1288973342.054,1288973401.554,8.89138681132765,0.1474089595957405,0.2163112288396798,1.0,0.0,0.0,0.0,0.0,3.841666666666667,1.3333333333333333,1,5,0.0,0.04186762737642442,True
3,odometry_only,26,1288973402.054,1288973461.554,9.32172789073103,0.23475409028887684,0.47310538398646457,1.0,0.0,0.0,0.0,0.0,3.7416666666666667,1.3833333333333333,1,5,0.0,0.04186762737642442,True
3,odometry_only,27,1288973462.054,1288973521.554,9.536591461015322,0.27838131390946574,0.43874816420580726,1.0,0.0,0.0,0.0,0.0,3.95,1.1333333333333333,3,5,0.0,0.04186762737642442,True
3,odometry_only,28,1288973522.054,1288973581.554,8.497461599027943,0.20706012381511218,0.2335606053486866,1.0,0.0,0.0,0.016666666666666666,8.19403610571867,2.3833333333333333,3.0,1,5,0.0,0.04186762737642442,True
3,odometry_only,29,1288973582.054,1288973641.554,9.575201192300833,0.24674157623163614,0.3511790533015168,1.0,0.0,0.0,0.0,0.0,3.0416666666666665,2.1166666666666667,2,5,0.0,0.04186762737642442,True
3,odometry_only,30,1288973642.054,1288973701.554,10.316917431852369,0.22969884855986009,0.35094204744893004,1.0,0.0,0.0,0.0,0.0,2.9,2.75,1,5,0.0,0.04186762737642442,True
3,odometry_only,31,1288973702.054,1288973761.554,2.329605050656077,0.00847090886246584,0.033152667159532086,1.0,0.0,0.0,0.0,0.0,3.45,1.8416666666666666,1,5,0.0,0.04186762737642442,True
3,odometry_only,32,1288973762.054,1288973821.554,2.7213742903817235,0.008133959969359708,0.02022985445539981,1.0,0.0,0.0,0.0,0.0,3.2333333333333334,2.158333333333333,1,5,0.0,0.04186762737642442,True
3,odometry_only,33,1288973822.054,1288973881.554,5.349374450735811,0.029535325457770586,0.09323702469854982,1.0,0.0,0.0,0.0,0.0,3.933333333333333,1.2166666666666666,2,5,0.0,0.04186762737642442,True
3,odometry_only,34,1288973882.054,1288973941.554,7.220726134128259,0.0793967569213194,0.10977278242851851,1.0,0.0,0.0,0.0,0.0,3.6416666666666666,1.5416666666666667,1,5,0.0,0.04186762737642442,True
4,odometry_only,0,1288971842.054,1288971901.554,0.5498859765648817,0.03789757427504908,0.23790345605708302,1.0,0.0,0.0,0.0,0.0,1.0333333333333334,5.85,1,2,0.0,0.0419303618903671,True
4,odometry_only,1,1288971902.054,1288971961.554,3.2714928698272603,0.9302316628799158,2.3989197854998574,1.0,0.0,0.0,0.016666666666666666,2.0671129419707994,2.316666666666667,3.875,1,5,0.0,0.0419303618903671,True
4,odometry_only,2,1288971962.054,1288972021.554,9.914973528296922,5.258166157742988,6.610417727655926,0.8083333333333333,0.0,0.0,0.1,10.056626349843448,3.6166666666666667,1.525,2,5,0.0,0.0419303618903671,True
4,odometry_only,3,1288972022.054,1288972081.554,7.013408373703376,1.8288661563843074,3.973146864039126,1.0,0.0,0.0,0.13333333333333333,8.624594706440549,3.316666666666667,1.9166666666666667,1,5,0.0,0.0419303618903671,True
4,odometry_only,4,1288972082.054,1288972141.554,8.95366807246274,1.844710502805435,2.988917492496165,1.0,0.0,0.0,0.21666666666666667,8.875630725715117,3.75,1.375,2,5,0.0,0.0419303618903671,True
4,odometry_only,5,1288972142.054,1288972201.554,2.8870959956685165,0.14897970518907483,0.21021773796983148,1.0,0.0,0.0,0.15833333333333333,3.4967515383380787,3.0416666666666665,2.95,2,5,0.0,0.0419303618903671,True
4,odometry_only,6,1288972202.054,1288972261.554,4.006423759008763,0.2388345404181047,0.6014251180876747,1.0,0.0,0.0,0.08333333333333333,4.214308959960102,3.55,1.5083333333333333,2,5,0.0,0.0419303618903671,True
4,odometry_only,7,1288972262.054,1288972321.554,6.867076150780533,0.6345900414462164,1.412716991125981,1.0,0.0,0.0,0.10833333333333334,7.315021132819653,3.275,2.0083333333333333,2,5,0.0,0.0419303618903671,True
4,odometry_only,8,1288972322.054,1288972381.554,9.303510275085008,0.8382738072119923,1.629344749086693,1.0,0.0,0.0,0.1,7.362696292030064,3.8333333333333335,1.1666666666666667,2,5,0.0,0.0419303618903671,True
4,odometry_only,9,1288972382.054,1288972441.554,9.494640405725006,0.6633119667166447,1.1478512803293248,1.0,0.0,0.0,0.0,0.0,3.6,1.5583333333333333,2,5,0.0,0.0419303618903671,True
4,odometry_only,10,1288972442.054,1288972501.554,6.349228596435159,0.33875732645959367,0.38305910357055223,1.0,0.0,0.0,0.175,6.434573921186277,2.8833333333333333,3.1166666666666667,1,5,0.0,0.0419303618903671,True
4,odometry_only,11,1288972502.054,1288972561.554,4.343382881561795,0.15230972123402045,0.3615040734223975,1.0,0.0,0.0,0.041666666666666664,6.01690236372765,3.433333333333333,2.033333333333333,2,5,0.0,0.0419303618903671,True
4,odometry_only,12,1288972562.054,1288972621.554,3.821984602351436,0.050569421046245316,0.13588279702834083,1.0,0.0,0.0,0.008333333333333333,1.2467839401688192,2.941666666666667,2.6666666666666665,1,5,0.0,0.0419303618903671,True
4,odometry_only,13,1288972622.054,1288972681.554,7.3927508300786835,0.16754827555931753,0.2651167927272453,1.0,0.0,0.0,0.0,0.0,3.0083333333333333,2.441666666666667,2,5,0.0,0.0419303618903671,True
4,odometry_only,14,1288972682.054,1288972741.554,6.2977545027428175,0.24341247963539878,0.4264304966358928,1.0,0.0,0.0,0.125,4.223453930095389,3.1333333333333333,2.433333333333333,1,5,0.0,0.0419303618903671,True
4,odometry_only,15,1288972742.054,1288972801.554,8.76261046656243,0.4071882316452117,0.42630804094104857,1.0,0.0,0.0,0.10833333333333334,8.427772043202317,3.5,1.5666666666666667,1,5,0.0,0.0419303618903671,True
4,odometry_only,16,1288972802.054,1288972861.554,12.195471910395018,0.544198285821773,0.6787566325563067,1.0,0.0,0.0,0.05,10.59070136146779,3.7333333333333334,1.3416666666666666,2,5,0.0,0.0419303618903671,True
4,odometry_only,17,1288972862.054,1288972921.554,5.9949400975465785,0.1298849920197261,0.3749602867302603,1.0,0.0,0.0,0.125,9.21249751794665,2.316666666666667,3.3333333333333335,1,5,0.0,0.0419303618903671,True
4,odometry_only,18,1288972922.054,1288972981.554,4.476704813171541,0.06922215624319002,0.21120083089399302,1.0,0.0,0.0,0.05,1.9210806328442223,2.875,2.4166666666666665,1,5,0.0,0.0419303618903671,True
4,odometry_only,19,1288972982.054,1288973041.554,8.121800695090325,0.18056958926402453,0.2147609941239646,1.0,0.0,0.0,0.2,8.281173374218117,3.658333333333333,1.6833333333333333,2,5,0.0,0.0419303618903671,True
4,odometry_only,20,1288973042.054,1288973101.554,8.404209047701183,0.20203018536508377,0.21403092990421826,1.0,0.0,0.0,0.016666666666666666,9.783671863472005,3.7,1.5916666666666666,2,5,0.0,0.0419303618903671,True
4,odometry_only,21,1288973102.054,1288973161.554,7.276000381014703,0.17629006513522,0.2599101249376114,1.0,0.0,0.0,0.075,6.3108116006379085,3.325,1.9333333333333333,1,5,0.0,0.0419303618903671,True
4,odometry_only,22,1288973162.054,1288973221.554,12.686264092372252,0.44771526315369137,0.6431891160541003,1.0,0.0,0.0,0.03333333333333333,12.386816728770794,3.191666666666667,2.2,1,5,0.0,0.0419303618903671,True
4,odometry_only,23,1288973222.054,1288973281.554,15.138920434247547,0.6312303026183589,0.6588325746040977,1.0,0.0,0.0,0.1,15.218280868062294,3.65,1.4833333333333334,2,5,0.0,0.0419303618903671,True
4,odometry_only,24,1288973282.054,1288973341.554,15.060972943554942,0.6041484690753123,0.6218551406085304,1.0,0.0,0.0,0.175,15.356838909273156,3.2583333333333333,2.075,2,5,0.0,0.0419303618903671,True
4,odometry_only,25,1288973342.054,1288973401.554,15.196903891021769,0.6111561595733479,0.6322031521968913,1.0,0.0,0.0,0.08333333333333333,15.410229510927545,3.841666666666667,1.3333333333333333,1,5,0.0,0.0419303618903671,True
4,odometry_only,26,1288973402.054,1288973461.554,12.688010777127793,0.4206614031014984,0.6035396843267167,1.0,0.0,0.0,0.025,15.242532202766355,3.7416666666666667,1.3833333333333333,1,5,0.0,0.0419303618903671,True
4,odometry_only,27,1288973462.054,1288973521.554,4.305338946294878,0.05338939357036276,0.15255960740657093,1.0,0.0,0.0,0.075,2.626128107220734,3.95,1.1333333333333333,3,5,0.0,0.0419303618903671,True
4,odometry_only,28,1288973522.054,1288973581.554,4.4591836263588345,0.04023206450747423,0.04735489167870063,1.0,0.0,0.0,0.11666666666666667,4.6594252258176505,2.3833333333333333,3.0,1,5,0.0,0.0419303618903671,True
4,odometry_only,29,1288973582.054,1288973641.554,5.409936001349093,0.06319002794112384,0.0746101243627718,1.0,0.0,0.0,0.3,5.815133555282851,3.0416666666666665,2.1166666666666667,2,5,0.0,0.0419303618903671,True
4,odometry_only,30,1288973642.054,1288973701.554,5.700949485757833,0.08164325186058904,0.13508105610342364,1.0,0.0,0.0,0.24166666666666667,6.559928087832879,2.9,2.75,1,5,0.0,0.0419303618903671,True
4,odometry_only,31,1288973702.054,1288973761.554,6.14363242334338,0.10134475296846866,0.1303797632492873,1.0,0.0,0.0,0.10833333333333334,5.01112058912021,3.45,1.8416666666666666,1,5,0.0,0.0419303618903671,True
4,odometry_only,32,1288973762.054,1288973821.554,5.785547312206217,0.09127970254124256,0.14338988425269333,1.0,0.0,0.0,0.15833333333333333,5.3052894101802295,3.2333333333333334,2.158333333333333,1,5,0.0,0.0419303618903671,True
4,odometry_only,33,1288973822.054,1288973881.554,6.381531856054541,0.09247425376001121,0.13217127937893083,1.0,0.0,0.0,0.21666666666666667,6.917228414651159,3.933333333333333,1.2166666666666666,2,5,0.0,0.0419303618903671,True
4,odometry_only,34,1288973882.054,1288973941.554,10.301549047042997,0.26120247111129197,0.3713720315177707,1.0,0.0,0.0,0.11666666666666667,10.296077098878902,3.6416666666666666,1.5416666666666667,1,5,0.0,0.0419303618903671,True
5,odometry_only,0,1288971842.054,1288971901.554,0.00019112168682944392,2.254852851287378e-08,5.9240485628788296e-08,1.0,0.0,0.0,0.0,0.0,1.0333333333333334,5.85,1,2,0.0,0.041996750002726915,True
5,odometry_only,1,1288971902.054,1288971961.554,0.18817556648136516,0.0020465603522217967,0.006625092867483786,1.0,0.0,0.0,0.0,0.0,2.316666666666667,3.875,1,5,0.0,0.041996750002726915,True
5,odometry_only,2,1288971962.054,1288972021.554,5.652330198823419,1.1165479541051728,2.2983783886776705,1.0,0.0,0.0,0.0,0.0,3.6166666666666667,1.525,2,5,0.0,0.041996750002726915,True
5,odometry_only,3,1288972022.054,1288972081.554,6.936525650401109,1.2069633953904784,2.0264470599849758,1.0,0.0,0.0,0.0,0.0,3.316666666666667,1.9166666666666667,1,5,0.0,0.041996750002726915,True
5,odometry_only,4,1288972082.054,1288972141.554,4.99577971274603,0.6416770928968212,1.0699268055165279,1.0,0.0,0.0,0.1,4.3751130403939635,3.75,1.375,2,5,0.0,0.041996750002726915,True
5,odometry_only,5,1288972142.054,1288972201.554,6.089290281926261,0.7066723210996703,0.9158007948033958,1.0,0.0,0.0,0.0,0.0,3.0416666666666665,2.95,2,5,0.0,0.041996750002726915,True
5,odometry_only,6,1288972202.054,1288972261.554,5.3409882744787325,0.478958068324341,1.0037961098610342,1.0,0.0,0.0,0.0,0.0,3.55,1.5083333333333333,2,5,0.0,0.041996750002726915,True
5,odometry_only,7,1288972262.054,1288972321.554,9.764087047767571,0.9542407305025814,1.5328227042039138,1.0,0.0,0.0,0.0,0.0,3.275,2.0083333333333333,2,5,0.0,0.041996750002726915,True
5,odometry_only,8,1288972322.054,1288972381.554,10.499649853227762,1.2181914065782744,1.4760587909237033,1.0,0.0,0.0,0.14166666666666666,11.239872061046576,3.8333333333333335,1.1666666666666667,2,5,0.0,0.041996750002726915,True
5,odometry_only,9,1288972382.054,1288972441.554,11.255203934500749,1.1532201586491289,1.3155342604101088,1.0,0.0,0.0,0.041666666666666664,11.247218607082946,3.6,1.5583333333333333,2,5,0.0,0.041996750002726915,True
5,odometry_only,10,1288972442.054,1288972501.554,8.33677826188176,0.7157285182169312,1.1657148114845761,1.0,0.0,0.0,0.0,0.0,2.8833333333333333,3.1166666666666667,1,5,0.0,0.041996750002726915,True
5,odometry_only,11,1288972502.054,1288972561.554,7.3453980040606055,0.5298083393151599,0.7373494928787065,1.0,0.0,0.0,0.0,0.0,3.433333333333333,2.033333333333333,2,5,0.0,0.041996750002726915,True
5,odometry_only,12,1288972562.054,1288972621.554,10.498741132905199,0.449839023881306,0.7813637757437191,1.0,0.0,0.0,0.0,0.0,2.941666666666667,2.6666666666666665,1,5,0.0,0.041996750002726915,True
5,odometry_only,13,1288972622.054,1288972681.554,12.109042957230885,0.3685342262755066,0.8006453460135563,1.0,0.0,0.0,0.0,0.0,3.0083333333333333,2.441666666666667,2,5,0.0,0.041996750002726915,True
5,odometry_only,14,1288972682.054,1288972741.554,5.101588756248201,0.08181962301499393,0.17506278347005302,1.0,0.0,0.0,0.0,0.0,3.1333333333333333,2.433333333333333,1,5,0.0,0.041996750002726915,True
5,odometry_only,15,1288972742.054,1288972801.554,8.624353991788759,0.3222955162504522,0.4334708635514455,1.0,0.0,0.0,0.0,0.0,3.5,1.5666666666666667,1,5,0.0,0.041996750002726915,True
5,odometry_only,16,1288972802.054,1288972861.554,9.549545213457952,0.4070688774840853,0.41199748062277064,1.0,0.0,0.0,0.0,0.0,3.7333333333333334,1.3416666666666666,2,5,0.0,0.041996750002726915,True
5,odometry_only,17,1288972862.054,1288972921.554,9.744103055812152,0.35391853414100555,0.4229083455151926,1.0,0.0,0.0,0.0,0.0,2.316666666666667,3.3333333333333335,1,5,0.0,0.041996750002726915,True
5,odometry_only,18,1288972922.054,1288972981.554,11.304875123574877,0.5351888986825067,0.6408517452136095,1.0,0.0,0.0,0.0,0.0,2.875,2.4166666666666665,1,5,0.0,0.041996750002726915,True
5,odometry_only,19,1288972982.054,1288973041.554,12.756651748723481,0.5909889337484867,0.6465512086000008,1.0,0.0,0.0,0.0,0.0,3.658333333333333,1.6833333333333333,2,5,0.0,0.041996750002726915,True
5,odometry_only,20,1288973042.054,1288973101.554,12.507722301544566,0.5541062284693153,0.6092393807477386,1.0,0.0,0.0,0.0,0.0,3.7,1.5916666666666666,2,5,0.0,0.041996750002726915,True
5,odometry_only,21,1288973102.054,1288973161.554,13.325989025082967,0.5990593911172744,0.7822028922868635,1.0,0.0,0.0,0.0,0.0,3.325,1.9333333333333333,1,5,0.0,0.041996750002726915,True
5,odometry_only,22,1288973162.054,1288973221.554,6.912266333165304,0.073485004614224,0.22800451157164564,1.0,0.0,0.0,0.0,0.0,3.191666666666667,2.2,1,5,0.0,0.041996750002726915,True
5,odometry_only,23,1288973222.054,1288973281.554,5.623301655557876,0.016982835564686192,0.021225688929563766,1.0,0.0,0.0,0.0,0.0,3.65,1.4833333333333334,2,5,0.0,0.041996750002726915,True
5,odometry_only,24,1288973282.054,1288973341.554,4.484938996151446,0.010527429460308334,0.018767619001809756,1.0,0.0,0.0,0.0,0.0,3.2583333333333333,2.075,2,5,0.0,0.041996750002726915,True
5,odometry_only,25,1288973342.054,1288973401.554,5.1033480921301,0.015066235843303626,0.022957251660269073,1.0,0.0,0.0,0.0,0.0,3.841666666666667,1.3333333333333333,1,5,0.0,0.041996750002726915,True
5,odometry_only,26,1288973402.054,1288973461.554,7.640416579120859,0.05038877892303302,0.11591567575593469,1.0,0.0,0.0,0.0,0.0,3.7416666666666667,1.3833333333333333,1,5,0.0,0.041996750002726915,True
5,odometry_only,27,1288973462.054,1288973521.554,9.703833228498354,0.08943830687211024,0.12004339034874988,1.0,0.0,0.0,0.0,0.0,3.95,1.1333333333333333,3,5,0.0,0.041996750002726915,True
5,odometry_only,28,1288973522.054,1288973581.554,7.396993560478791,0.049598344125570425,0.05799529462569883,1.0,0.0,0.0,0.0,0.0,2.3833333333333333,3.0,1,5,0.0,0.041996750002726915,True
5,odometry_only,29,1288973582.054,1288973641.554,7.219850585980015,0.054556130769046175,0.0737166036713974,1.0,0.0,0.0,0.0,0.0,3.0416666666666665,2.1166666666666667,2,5,0.0,0.041996750002726915,True
5,odometry_only,30,1288973642.054,1288973701.554,9.145671711806687,0.1001668840019909,0.11277660854125807,1.0,0.0,0.0,0.0,0.0,2.9,2.75,1,5,0.0,0.041996750002726915,True
5,odometry_only,31,1288973702.054,1288973761.554,12.297022151844496,0.1973040605096147,0.27856551273150026,1.0,0.0,0.0,0.06666666666666667,11.202099528050198,3.45,1.8416666666666666,1,5,0.0,0.041996750002726915,True
5,odometry_only,32,1288973762.054,1288973821.554,12.012368158919147,0.2166712715428173,0.2750887379285472,1.0,0.0,0.0,0.016666666666666666,10.675941250306279,3.2333333333333334,2.158333333333333,1,5,0.0,0.041996750002726915,True
5,odometry_only,33,1288973822.054,1288973881.554,11.710812447684631,0.20427720232295257,0.27707704179855586,1.0,0.0,0.0,0.0,0.0,3.933333333333333,1.2166666666666666,2,5,0.0,0.041996750002726915,True
5,odometry_only,34,1288973882.054,1288973941.554,11.60724392071423,0.19978233754831126,0.21138968747301096,1.0,0.0,0.0,0.0,0.0,3.6416666666666666,1.5416666666666667,1,5,0.0,0.041996750002726915,True
1,all_landmarks,0,1288971842.054,1288971901.554,0.32781098618518595,2.6545037387148955,14.189536344599098,0.85,0.9916666666666667,6.0,0.0,0.0,1.0333333333333334,5.85,1,2,0.2536150327324867,0.04985735237465373,True
1,all_landmarks,1,1288971902.054,1288971961.554,0.444397611161071,2.8583906926628715,9.324928684656257,0.875,0.825,7.0,0.0,0.0,2.316666666666667,3.875,1,5,0.20147513798304967,0.04985735237465373,True
1,all_landmarks,2,1288971962.054,1288972021.554,0.5032731526322515,2.831734442708321,10.661415840686061,0.8833333333333333,0.8833333333333333,5.0,0.0,0.0,3.6166666666666667,1.525,2,5,0.216969210240576,0.04985735237465373,True
1,all_landmarks,3,1288972022.054,1288972081.554,0.3227904231114178,1.3593961288665648,3.0823834483739208,1.0,0.875,4.0,0.0,0.0,3.316666666666667,1.9166666666666667,1,5,0.21711171716451644,0.04985735237465373,True
1,all_landmarks,4,1288972082.054,1288972141.554,0.3810643535259141,1.7456644665300733,5.900754777604378,0.95,0.9333333333333333,5.0,0.0,0.0,3.75,1.375,2,5,0.22599129716555277,0.04985735237465373,True
1,all_landmarks,5,1288972142.054,1288972201.554,0.3638639627101887,1.6883872184005961,5.425720648653672,0.9666666666666667,0.9333333333333333,5.0,0.0,0.0,3.0416666666666665,2.95,2,5,0.22584032552109826,0.04985735237465373,True
1,all_landmarks,6,1288972202.054,1288972261.554,0.2885275532598183,1.448312977618137,5.28338646750476,0.95,0.9,6.0,0.0,0.0,3.55,1.5083333333333333,2,5,0.22996102578110164,0.04985735237465373,True
1,all_landmarks,7,1288972262.054,1288972321.554,0.31342106067294145,1.511971919274098,4.212639984395514,0.975,0.9416666666666667,6.0,0.0,0.0,3.275,2.0083333333333333,2,5,0.23665824082162643,0.04985735237465373,True
1,all_landmarks,8,1288972322.054,1288972381.554,0.2462380718212095,1.2362595166497239,3.52029508420369,0.9666666666666667,0.85,6.0,0.008333333333333333,0.32378519723478205,3.8333333333333335,1.1666666666666667,2,5,0.2100690821144316,0.04985735237465373,True
1,all_landmarks,9,1288972382.054,1288972441.554,0.3580381196208909,1.869246359015105,4.76137346664196,0.9666666666666667,0.9583333333333334,6.0,0.0,0.0,3.6,1.5583333333333333,2,5,0.23721448696321915,0.04985735237465373,True
1,all_landmarks,10,1288972442.054,1288972501.554,0.3156729243515559,1.6357002164970145,4.131444543475987,0.9916666666666667,0.95,6.0,0.0,0.0,2.8833333333333333,3.1166666666666667,1,5,0.232662542992168,0.04985735237465373,True
1,all_landmarks,11,1288972502.054,1288972561.554,0.4018212574893037,2.5983391558527655,9.105188684400602,0.8833333333333333,0.925,6.0,0.0,0.0,3.433333333333333,2.033333333333333,2,5,0.23377060714695191,0.04985735237465373,True
1,all_landmarks,12,1288972562.054,1288972621.554,0.4031887722784736,1.8664697264007795,6.685820092248569,0.9416666666666667,0.7833333333333333,6.0,0.0,0.0,2.941666666666667,2.6666666666666665,1,5,0.2012381134761704,0.04985735237465373,True
1,all_landmarks,13,1288972622.054,1288972681.554,0.4643820768955304,2.2737173177816894,7.263213965650352,0.9,0.85,6.0,0.0,0.0,3.0083333333333333,2.441666666666667,2,5,0.20938824825816685,0.04985735237465373,True
1,all_landmarks,14,1288972682.054,1288972741.554,0.30508552015489177,1.1889873854853625,4.242731104749998,0.9833333333333333,0.9083333333333333,5.0,0.0,0.0,3.1333333333333333,2.433333333333333,1,5,0.22376061114999982,0.04985735237465373,True
1,all_landmarks,15,1288972742.054,1288972801.554,0.29098399488377297,1.6740004264022614,3.517556261864225,0.975,0.925,7.0,0.0,0.0,3.5,1.5666666666666667,1,5,0.23919256083549018,0.04985735237465373,True
1,all_landmarks,16,1288972802.054,1288972861.554,0.529429019053519,2.542715451178011,7.654011335501191,0.9166666666666666,0.7916666666666666,8.0,0.0,0.0,3.7333333333333334,1.3416666666666666,2,5,0.1993405462967025,0.04985735237465373,True
1,all_landmarks,17,1288972862.054,1288972921.554,0.40999434405665125,3.0597812767790518,9.701760758256269,0.8583333333333333,0.875,6.0,0.0,0.0,2.316666666666667,3.3333333333333335,1,5,0.22631033519903818,0.04985735237465373,True
1,all_landmarks,18,1288972922.054,1288972981.554,0.46042900343544657,2.1344125124608286,9.079069807910265,0.9,0.7916666666666666,6.0,0.0,0.0,2.875,2.4166666666666665,1,5,0.1934749275445938,0.04985735237465373,True
1,all_landmarks,19,1288972982.054,1288973041.554,0.4109688811930214,2.075714175730542,6.596408723768898,0.925,0.85,6.0,0.0,0.0,3.658333333333333,1.6833333333333333,2,5,0.22658741573492686,0.04985735237465373,True
1,all_landmarks,20,1288973042.054,1288973101.554,0.6153846814611036,3.8632797777411465,14.28552948684885,0.85,0.7083333333333334,3.0,0.0,0.0,3.7,1.5916666666666666,2,5,0.1729527086019516,0.04985735237465373,True
1,all_landmarks,21,1288973102.054,1288973161.554,0.9205687659155939,29.466581745848007,203.46987700936106,0.775,0.8916666666666667,5.0,0.0,0.0,3.325,1.9333333333333333,1,5,0.21928866770532393,0.04985735237465373,True
1,all_landmarks,22,1288973162.054,1288973221.554,0.40764157146199964,2.2168321918247273,6.743760712635074,0.9416666666666667,0.8583333333333333,4.0,0.0,0.0,3.191666666666667,2.2,1,5,0.219934641983774,0.04985735237465373,True
1,all_landmarks,23,1288973222.054,1288973281.554,0.2803190729218113,1.327744221491695,4.337908132201818,0.975,0.85,6.0,0.0,0.0,3.65,1.4833333333333334,2,5,0.2149853355354733,0.04985735237465373,True
1,all_landmarks,24,1288973282.054,1288973341.554,0.27315153350896204,1.092246695783653,2.8547541292596756,1.0,0.8916666666666667,6.0,0.0,0.0,3.2583333333333333,2.075,2,5,0.2269487988948822,0.04985735237465373,True
1,all_landmarks,25,1288973342.054,1288973401.554,0.3673175302490216,1.8088939989144053,5.6458899437173855,0.9583333333333334,0.8833333333333333,5.0,0.0,0.0,3.841666666666667,1.3333333333333333,1,5,0.22391769074731402,0.04985735237465373,True
1,all_landmarks,26,1288973402.054,1288973461.554,0.3227428976332266,2.0736012558343786,7.034552831955066,0.9083333333333333,0.9416666666666667,7.0,0.0,0.0,3.7416666666666667,1.3833333333333333,1,5,0.2177647448011807,0.04985735237465373,True
1,all_landmarks,27,1288973462.054,1288973521.554,0.3158552177941141,1.30938351367684,3.8371570944778397,0.975,0.9083333333333333,5.0,0.0,0.0,3.95,1.1333333333333333,3,5,0.22585338251458273,0.04985735237465373,True
1,all_landmarks,28,1288973522.054,1288973581.554,0.43295684275720714,3.448902698451142,11.57996210008955,0.7916666666666666,0.9416666666666667,8.0,0.0,0.0,2.3833333333333333,3.0,1,5,0.2313835812844927,0.04985735237465373,True
1,all_landmarks,29,1288973582.054,1288973641.554,0.33741715665123945,1.451927143503159,3.568892017013503,1.0,0.8833333333333333,6.0,0.0,0.0,3.0416666666666665,2.1166666666666667,2,5,0.21611185630162552,0.04985735237465373,True
1,all_landmarks,30,1288973642.054,1288973701.554,0.34837032247184696,1.8516258145137607,7.514752804896538,0.925,0.8583333333333333,9.0,0.0,0.0,2.9,2.75,1,5,0.21513214276896583,0.04985735237465373,True
1,all_landmarks,31,1288973702.054,1288973761.554,0.3232621017376095,1.6059337008160441,5.427918014207396,0.95,0.9,10.0,0.0,0.0,3.45,1.8416666666666666,1,5,0.22833143522342045,0.04985735237465373,True
1,all_landmarks,32,1288973762.054,1288973821.554,0.3450387051195029,1.9202772149624932,7.568164828169111,0.9416666666666667,0.925,7.0,0.0,0.0,3.2333333333333334,2.158333333333333,1,5,0.21276399625672232,0.04985735237465373,True
1,all_landmarks,33,1288973822.054,1288973881.554,0.3732866215501815,2.636513063653859,9.91066542150636,0.875,0.9,6.0,0.0,0.0,3.933333333333333,1.2166666666666666,2,5,0.22906365980704624,0.04985735237465373,True
1,all_landmarks,34,1288973882.054,1288973941.554,0.4388867276226265,2.192740416176334,8.039397858114679,0.9,0.8666666666666667,4.0,0.0,0.0,3.6416666666666666,1.5416666666666667,1,5,0.21836380826102364,0.04985735237465373,True
2,all_landmarks,0,1288971842.054,1288971901.554,0.181044117210602,1.3875432429602672,4.944735663866335,0.9666666666666667,0.9833333333333333,3.0,0.0,0.0,1.0333333333333334,5.85,1,2,0.24516379137833913,0.04442681191888239,True
2,all_landmarks,1,1288971902.054,1288971961.554,0.3261053739909201,2.859460476258452,6.390422595392538,0.9166666666666666,0.8083333333333333,7.0,0.0,0.0,2.316666666666667,3.875,1,5,0.19965393914589807,0.04442681191888239,True
2,all_landmarks,2,1288971962.054,1288972021.554,0.39503192022524586,2.4348886713346314,7.712466653274532,0.8583333333333333,0.8916666666666667,6.0,0.0,0.0,3.6166666666666667,1.525,2,5,0.22588240262534884,0.04442681191888239,True
2,all_landmarks,3,1288972022.054,1288972081.554,0.4039485954174805,3.5879662686430986,13.142996424905286,0.85,0.925,6.0,0.0,0.0,3.316666666666667,1.9166666666666667,1,5,0.2269301919804679,0.04442681191888239,True
2,all_landmarks,4,1288972082.054,1288972141.554,0.32087862197457767,1.6069248029846017,4.377615562725138,0.9666666666666667,0.8666666666666667,7.0,0.0,0.0,3.75,1.375,2,5,0.20455780496199924,0.04442681191888239,True
2,all_landmarks,5,1288972142.054,1288972201.554,0.3649512374348071,3.384279327668533,9.853513323157985,0.8333333333333334,0.9,9.0,0.0,0.0,3.0416666666666665,2.95,2,5,0.2186869013309479,0.04442681191888239,True
2,all_landmarks,6,1288972202.054,1288972261.554,0.4350133783025643,2.8617700210443116,10.62332371388728,0.8916666666666667,0.8666666666666667,6.0,0.0,0.0,3.55,1.5083333333333333,2,5,0.22011311484707724,0.04442681191888239,True
2,all_landmarks,7,1288972262.054,1288972321.554,0.37297878688740105,3.1864359847984334,8.690779139874858,0.8666666666666667,0.9166666666666666,6.0,0.0,0.0,3.275,2.0083333333333333,2,5,0.22995811058415308,0.04442681191888239,True
2,all_landmarks,8,1288972322.054,1288972381.554,0.46445692902659313,2.701765209948591,9.642566329821294,0.8666666666666667,0.7333333333333333,6.0,0.016666666666666666,0.11871307939570608,3.8333333333333335,1.1666666666666667,2,5,0.18297728889518314,0.04442681191888239,True
2,all_landmarks,9,1288972382.054,1288972441.554,0.33336422107575064,1.6705839001643905,5.591856338943626,0.95,0.8416666666666667,6.0,0.008333333333333333,0.14015267303272683,3.6,1.5583333333333333,2,5,0.21540796958737904,0.04442681191888239,True
2,all_landmarks,10,1288972442.054,1288972501.554,0.2729197098970873,2.5129449283863523,7.4717815248620925,0.9,0.8083333333333333,7.0,0.0,0.0,2.8833333333333333,3.1166666666666667,1,5,0.20753266314192423,0.04442681191888239,True
2,all_landmarks,11,1288972502.054,1288972561.554,0.32016410858865446,1.8497123804011733,5.749084661700653,0.9583333333333334,0.8,5.0,0.0,0.0,3.433333333333333,2.033333333333333,2,5,0.20258297612269724,0.04442681191888239,True
2,all_landmarks,12,1288972562.054,1288972621.554,0.2864265091892088,1.1926983617273348,4.842204998596428,0.975,0.8,4.0,0.0,0.0,2.941666666666667,2.6666666666666665,1,5,0.19599714544084337,0.04442681191888239,True
2,all_landmarks,13,1288972622.054,1288972681.554,0.3952655860310591,2.955049464189472,11.010702081768926,0.8916666666666667,0.8333333333333334,6.0,0.025,0.1774436243159717,3.0083333333333333,2.441666666666667,2,5,0.20997325708468756,0.04442681191888239,True
2,all_landmarks,14,1288972682.054,1288972741.554,0.21584738635840683,1.2906383677137407,4.124147627610265,0.9833333333333333,0.8083333333333333,6.0,0.0,0.0,3.1333333333333333,2.433333333333333,1,5,0.18834839844041398,0.04442681191888239,True
2,all_landmarks,15,1288972742.054,1288972801.554,0.31575918959113425,2.697789163515719,8.001521957177992,0.9,0.8083333333333333,7.0,0.0,0.0,3.5,1.5666666666666667,1,5,0.19785102614334651,0.04442681191888239,True
2,all_landmarks,16,1288972802.054,1288972861.554,0.26585467217477404,1.2765780159647993,5.0567862086625555,0.975,0.775,7.0,0.0,0.0,3.7333333333333334,1.3416666666666666,2,5,0.1925546852369157,0.04442681191888239,True
2,all_landmarks,17,1288972862.054,1288972921.554,0.36576575259728944,2.6850935267284597,8.76182700797869,0.875,0.8,6.0,0.016666666666666666,0.1649456762291609,2.316666666666667,3.3333333333333335,1,5,0.2065079704258177,0.04442681191888239,True
2,all_landmarks,18,1288972922.054,1288972981.554,0.3563783774022376,2.421921865769327,6.430612969788151,0.9333333333333333,0.825,7.0,0.0,0.0,2.875,2.4166666666666665,1,5,0.20746563647474564,0.04442681191888239,True
2,all_landmarks,19,1288972982.054,1288973041.554,0.3389929295263533,2.924705363769699,8.140456735254112,0.8666666666666667,0.9,7.0,0.0,0.0,3.658333333333333,1.6833333333333333,2,5,0.22795816646681893,0.04442681191888239,True
2,all_landmarks,20,1288973042.054,1288973101.554,0.6834514759302969,7.5925070631937155,20.799743126698036,0.8,0.6916666666666667,5.0,0.0,0.0,3.7,1.5916666666666666,2,5,0.17543951802783544,0.04442681191888239,True
2,all_landmarks,21,1288973102.054,1288973161.554,0.8550471313938479,8.875652913986226,27.84459056455903,0.6,0.6666666666666666,5.0,0.0,0.0,3.325,1.9333333333333333,1,5,0.17750201625956427,0.04442681191888239,True
2,all_landmarks,22,1288973162.054,1288973221.554,0.476465975727353,2.0196601990727148,7.9093249900781775,0.9333333333333333,0.5166666666666667,3.0,0.016666666666666666,0.8009994095801481,3.191666666666667,2.2,1,5,0.1315860582722558,0.04442681191888239,True
2,all_landmarks,23,1288973222.054,1288973281.554,0.41986969007542974,3.10505553173834,9.406613639258284,0.7833333333333333,0.75,6.0,0.0,0.0,3.65,1.4833333333333334,2,5,0.19032520009411705,0.04442681191888239,True
2,all_landmarks,24,1288973282.054,1288973341.554,0.4179548758021494,3.8833998028513883,10.118553390760605,0.7916666666666666,0.9,9.0,0.0,0.0,3.2583333333333333,2.075,2,5,0.2255935209595337,0.04442681191888239,True
2,all_landmarks,25,1288973342.054,1288973401.554,0.34380606544201403,3.4573182709973413,9.333360987744273,0.7916666666666666,0.85,11.0,0.0,0.0,3.841666666666667,1.3333333333333333,1,5,0.21617067202431126,0.04442681191888239,True
2,all_landmarks,26,1288973402.054,1288973461.554,0.3753707577377016,2.8233154932925277,7.9120574974805615,0.875,0.9083333333333333,8.0,0.0,0.0,3.7416666666666667,1.3833333333333333,1,5,0.2305201152463754,0.04442681191888239,True
2,all_landmarks,27,1288973462.054,1288973521.554,0.395904302596843,3.0430516479333116,6.962151294452904,0.85,0.8916666666666667,8.0,0.0,0.0,3.95,1.1333333333333333,3,5,0.2241395022471746,0.04442681191888239,True
2,all_landmarks,28,1288973522.054,1288973581.554,0.3638505355920888,3.1245880244326467,9.484176293893558,0.7916666666666666,0.9416666666666667,7.0,0.0,0.0,2.3833333333333333,3.0,1,5,0.2349382153106114,0.04442681191888239,True
2,all_landmarks,29,1288973582.054,1288973641.554,0.5508486986171423,4.286468483148757,12.6213785349885,0.8,0.85,6.0,0.0,0.0,3.0416666666666665,2.1166666666666667,2,5,0.2145665892296367,0.04442681191888239,True
2,all_landmarks,30,1288973642.054,1288973701.554,0.47220054372209674,3.7466009795697928,11.290967354345664,0.7666666666666667,0.7666666666666667,6.0,0.0,0.0,2.9,2.75,1,5,0.18807867702510622,0.04442681191888239,True
2,all_landmarks,31,1288973702.054,1288973761.554,0.38921567641033206,2.8654086106213685,9.287462061461671,0.8833333333333333,0.775,6.0,0.008333333333333333,0.5162933888079048,3.45,1.8416666666666666,1,5,0.1997546472483211,0.04442681191888239,True
2,all_landmarks,32,1288973762.054,1288973821.554,0.6559672343040295,6.447308569875152,26.559795656919615,0.725,0.7583333333333333,6.0,0.0,0.0,3.2333333333333334,2.158333333333333,1,5,0.18820686601930195,0.04442681191888239,True
2,all_landmarks,33,1288973822.054,1288973881.554,0.42870390072863257,2.2867950560038213,6.96835743863899,0.925,0.7916666666666666,6.0,0.0,0.0,3.933333333333333,1.2166666666666666,2,5,0.20157797886265652,0.04442681191888239,True
2,all_landmarks,34,1288973882.054,1288973941.554,0.31427589250248417,2.192033136554277,8.966113830670048,0.9083333333333333,0.7416666666666667,7.0,0.016666666666666666,0.29335494501598125,3.6416666666666666,1.5416666666666667,1,5,0.18520994706759375,0.04442681191888239,True
3,all_landmarks,0,1288971842.054,1288971901.554,0.39271301271826603,2.866394011047083,12.728243076245462,0.85,0.9666666666666667,9.0,0.0,0.0,1.0333333333333334,5.85,1,2,0.2344885556683654,0.04745775594242981,True
3,all_landmarks,1,1288971902.054,1288971961.554,0.48433036040252037,2.5291349753521475,7.657076626069895,0.8833333333333333,0.9333333333333333,5.0,0.0,0.0,2.316666666666667,3.875,1,5,0.24236101931995818,0.04745775594242981,True
3,all_landmarks,2,1288971962.054,1288972021.554,0.24470917844657197,0.8792712631264078,2.920413438309733,0.9916666666666667,0.8,5.0,0.0,0.0,3.6166666666666667,1.525,2,5,0.19542061143451267,0.04745775594242981,True
3,all_landmarks,3,1288972022.054,1288972081.554,0.4076227665592368,1.6395580506076428,5.183782320562201,0.9583333333333334,0.8666666666666667,3.0,0.0,0.0,3.316666666666667,1.9166666666666667,1,5,0.21642492016156514,0.04745775594242981,True
3,all_landmarks,4,1288972082.054,1288972141.554,0.3860333509710463,2.0443308057248704,5.972305625711568,0.95,0.9416666666666667,5.0,0.0,0.0,3.75,1.375,2,5,0.23135684943861434,0.04745775594242981,True
3,all_landmarks,5,1288972142.054,1288972201.554,0.3047279617900739,1.2860714006689564,3.091634151022793,0.975,0.875,5.0,0.0,0.0,3.0416666666666665,2.95,2,5,0.2143306111296018,0.04745775594242981,True
3,all_landmarks,6,1288972202.054,1288972261.554,0.4229455668267537,2.8704735678400817,7.5426970790554,0.875,0.9083333333333333,6.0,0.0,0.0,3.55,1.5083333333333333,2,5,0.2322686607307858,0.04745775594242981,True
3,all_landmarks,7,1288972262.054,1288972321.554,0.39546369552645744,1.908497761411892,6.202341398336259,0.9333333333333333,0.9,6.0,0.0,0.0,3.275,2.0083333333333333,2,5,0.2252804645895958,0.04745775594242981,True
3,all_landmarks,8,1288972322.054,1288972381.554,0.5296112906941922,2.8888152081359997,14.497433835151748,0.8583333333333333,0.775,3.0,0.025,0.38384856664501765,3.8333333333333335,1.1666666666666667,2,5,0.19957492318418293,0.04745775594242981,True
3,all_landmarks,9,1288972382.054,1288972441.554,0.5596656457069646,2.8946675249359997,13.582521161193755,0.8583333333333333,0.7916666666666666,6.0,0.0,0.0,3.6,1.5583333333333333,2,5,0.20298644754621717,0.04745775594242981,True
3,all_landmarks,10,1288972442.054,1288972501.554,0.4234245393046557,1.7507809572086126,5.360616628662232,0.975,0.7916666666666666,4.0,0.0,0.0,2.8833333333333333,3.1166666666666667,1,5,0.20919436514377593,0.04745775594242981,True
3,all_landmarks,11,1288972502.054,1288972561.554,0.391988003468302,1.4165604314308973,4.521114906100981,0.9833333333333333,0.8166666666666667,3.0,0.0,0.0,3.433333333333333,2.033333333333333,2,5,0.20815964274936252,0.04745775594242981,True
3,all_landmarks,12,1288972562.054,1288972621.554,0.3025926906211912,3.5002525964487643,8.515631153334946,0.7333333333333333,0.875,6.0,0.0,0.0,2.941666666666667,2.6666666666666665,1,5,0.22774268319209418,0.04745775594242981,True
3,all_landmarks,13,1288972622.054,1288972681.554,0.35388866920696077,3.443751703306104,10.52128522375127,0.7916666666666666,0.7333333333333333,6.0,0.041666666666666664,0.21596872348495047,3.0083333333333333,2.441666666666667,2,5,0.18469436645507814,0.04745775594242981,True
3,all_landmarks,14,1288972682.054,1288972741.554,0.5485125434182413,3.4533894191712866,9.137470943915897,0.8166666666666667,0.8083333333333333,6.0,0.0,0.0,3.1333333333333333,2.433333333333333,1,5,0.20024783495399684,0.04745775594242981,True
3,all_landmarks,15,1288972742.054,1288972801.554,0.5158283247148583,2.088927738384108,6.160423384768482,0.9333333333333333,0.7,6.0,0.016666666666666666,0.1496241888015733,3.5,1.5666666666666667,1,5,0.17581451776954862,0.04745775594242981,True
3,all_landmarks,16,1288972802.054,1288972861.554,0.49414245378848654,4.6461812464676235,13.259065999150481,0.6416666666666667,0.8666666666666667,5.0,0.0,0.0,3.7333333333333334,1.3416666666666666,2,5,0.2093907455934419,0.04745775594242981,True
3,all_landmarks,17,1288972862.054,1288972921.554,0.45098796262757257,2.9816003203337402,9.511927854224828,0.85,0.925,6.0,0.0,0.0,2.316666666666667,3.3333333333333335,1,5,0.23264643947283428,0.04745775594242981,True
3,all_landmarks,18,1288972922.054,1288972981.554,0.3339202233537096,1.569394033579692,4.9308980349882905,0.9583333333333334,0.85,7.0,0.016666666666666666,0.18312462617727412,2.875,2.4166666666666665,1,5,0.20866249613345614,0.04745775594242981,True
3,all_landmarks,19,1288972982.054,1288973041.554,0.5046118440558918,3.3640243459321186,10.283095815489222,0.8416666666666667,0.8666666666666667,6.0,0.0,0.0,3.658333333333333,1.6833333333333333,2,5,0.2239797701438268,0.04745775594242981,True
3,all_landmarks,20,1288973042.054,1288973101.554,0.35274822197153194,2.096054010180655,7.284380060492915,0.9416666666666667,0.9,7.0,0.0,0.0,3.7,1.5916666666666666,2,5,0.21541161434517966,0.04745775594242981,True
3,all_landmarks,21,1288973102.054,1288973161.554,0.32131183491190596,1.4951869152355144,4.216714015232819,0.975,0.75,5.0,0.0,0.0,3.325,1.9333333333333333,1,5,0.19432104263040753,0.04745775594242981,True
3,all_landmarks,22,1288973162.054,1288973221.554,0.30899057360242194,1.1567745643099898,4.159060792913358,0.9666666666666667,0.8,6.0,0.016666666666666666,0.16811938030450055,3.191666666666667,2.2,1,5,0.2068563167585267,0.04745775594242981,True
3,all_landmarks,23,1288973222.054,1288973281.554,0.3244231720476947,1.8687026632238417,7.265678137619977,0.9416666666666667,0.8583333333333333,6.0,0.0,0.0,3.65,1.4833333333333334,2,5,0.20888533188237085,0.04745775594242981,True
3,all_landmarks,24,1288973282.054,1288973341.554,0.39063830857004334,1.3748639141239662,4.3525371341402925,0.9916666666666667,0.7166666666666667,5.0,0.025,0.3412924431009332,3.2583333333333333,2.075,2,5,0.18888450927204556,0.04745775594242981,True
3,all_landmarks,25,1288973342.054,1288973401.554,0.3912634911930145,2.376055629748985,8.066823582103295,0.8833333333333333,0.875,8.0,0.0,0.0,3.841666666666667,1.3333333333333333,1,5,0.20305074501368736,0.04745775594242981,True
3,all_landmarks,26,1288973402.054,1288973461.554,0.3849575665679206,1.8817857462117804,6.25186421669302,0.9333333333333333,0.825,6.0,0.0,0.0,3.7416666666666667,1.3833333333333333,1,5,0.19704367558161417,0.04745775594242981,True
3,all_landmarks,27,1288973462.054,1288973521.554,0.2800376433849521,1.0801561558075543,3.030321478800088,0.9833333333333333,0.8916666666666667,5.0,0.0,0.0,3.95,1.1333333333333333,3,5,0.22825157940387725,0.04745775594242981,True
3,all_landmarks,28,1288973522.054,1288973581.554,0.443155080885123,2.9681467218272766,11.612751900320294,0.8666666666666667,0.7583333333333333,6.0,0.016666666666666666,0.15780266969823467,2.3833333333333333,3.0,1,5,0.19732534690035713,0.04745775594242981,True
3,all_landmarks,29,1288973582.054,1288973641.554,0.408769916446624,2.7171179789741435,7.787284086643207,0.8666666666666667,0.8916666666666667,6.0,0.0,0.0,3.0416666666666665,2.1166666666666667,2,5,0.23373573766814335,0.04745775594242981,True
3,all_landmarks,30,1288973642.054,1288973701.554,0.32175318913274936,1.7588694024662963,7.135284145996742,0.925,0.8416666666666667,5.0,0.0,0.0,2.9,2.75,1,5,0.19612394140826334,0.04745775594242981,True
3,all_landmarks,31,1288973702.054,1288973761.554,0.4171115707563189,1.914807102356807,6.011288458694593,0.9416666666666667,0.8583333333333333,6.0,0.0,0.0,3.45,1.8416666666666666,1,5,0.2125707470708423,0.04745775594242981,True
3,all_landmarks,32,1288973762.054,1288973821.554,0.4326584484711336,2.7192871332583723,8.265385600640654,0.9083333333333333,0.8583333333333333,7.0,0.0,0.0,3.2333333333333334,2.158333333333333,1,5,0.20745072853470606,0.04745775594242981,True
3,all_landmarks,33,1288973822.054,1288973881.554,0.40253056304210977,1.6538637121054576,3.9177079723791595,0.975,0.8416666666666667,5.0,0.0,0.0,3.933333333333333,1.2166666666666666,2,5,0.20282158136367798,0.04745775594242981,True
3,all_landmarks,34,1288973882.054,1288973941.554,0.5269425406600509,2.166530011767806,5.075432555873026,0.9916666666666667,0.7666666666666667,3.0,0.0,0.0,3.6416666666666666,1.5416666666666667,1,5,0.19971936146418254,0.04745775594242981,True
4,all_landmarks,0,1288971842.054,1288971901.554,0.28633063971979555,1.3597514380649363,6.4731339382008395,0.9333333333333333,0.875,3.0,0.0,0.0,1.0333333333333334,5.85,1,2,0.2247957474655575,0.04328970834612846,True
4,all_landmarks,1,1288971902.054,1288971961.554,0.36528435444076507,1.680553792364505,4.472438795221169,0.9583333333333334,0.5583333333333333,3.0,0.016666666666666666,0.2368534210344966,2.316666666666667,3.875,1,5,0.14866661230723063,0.04328970834612846,True
4,all_landmarks,2,1288971962.054,1288972021.554,0.43636835131371515,1.3600050540877668,4.0250653090499755,0.975,0.43333333333333335,3.0,0.1,0.2794631832228383,3.6166666666666667,1.525,2,5,0.11119300358825261,0.04328970834612846,True
4,all_landmarks,3,1288972022.054,1288972081.554,0.3964249593354922,0.8084648609674091,3.146214099546636,0.9916666666666667,0.2833333333333333,3.0,0.13333333333333333,0.5045275716021971,3.316666666666667,1.9166666666666667,1,5,0.06435413658618927,0.04328970834612846,True
4,all_landmarks,4,1288972082.054,1288972141.554,0.3069880605184103,0.9654499369016373,3.491127290633543,0.9916666666666667,0.325,4.0,0.21666666666666667,0.2244567200193909,3.75,1.375,2,5,0.0794124671154552,0.04328970834612846,True
4,all_landmarks,5,1288972142.054,1288972201.554,0.37036940356936293,1.5920026273173449,4.135043774221865,0.9666666666666667,0.5083333333333333,4.0,0.15833333333333333,0.29663427679377136,3.0416666666666665,2.95,2,5,0.14446939527988434,0.04328970834612846,True
4,all_landmarks,6,1288972202.054,1288972261.554,0.2847438966220773,1.3317628578434622,3.888777600016662,0.975,0.4583333333333333,3.0,0.08333333333333333,0.270624302310267,3.55,1.5083333333333333,2,5,0.11261662774615817,0.04328970834612846,True
4,all_landmarks,7,1288972262.054,1288972321.554,0.1890525228603048,0.6564770296628754,2.307156717301863,1.0,0.4583333333333333,3.0,0.10833333333333334,0.22503405000967808,3.275,2.0083333333333333,2,5,0.10417495667934418,0.04328970834612846,True
4,all_landmarks,8,1288972322.054,1288972381.554,0.4739446523770345,1.5676013163726543,4.055725512621982,0.9666666666666667,0.5416666666666666,5.0,0.1,0.7194862748690485,3.8333333333333335,1.1666666666666667,2,5,0.1287196671631601,0.04328970834612846,True
4,all_landmarks,9,1288972382.054,1288972441.554,0.4304570001171494,2.065859111442023,6.991883638981523,0.925,0.4666666666666667,4.0,0.0,0.0,3.6,1.5583333333333333,2,5,0.09417356683148277,0.04328970834612846,True
4,all_landmarks,10,1288972442.054,1288972501.554,0.6918540708695367,1.4933869855849855,5.3011745974318885,0.95,0.275,3.0,0.175,0.7476835815184516,2.8833333333333333,3.1166666666666667,1,5,0.058287468552589414,0.04328970834612846,True
4,all_landmarks,11,1288972502.054,1288972561.554,0.25063607042959635,1.0094595683316827,2.960274502369673,0.9916666666666667,0.575,3.0,0.041666666666666664,0.32202407112897,3.433333333333333,2.033333333333333,2,5,0.157081886794832,0.04328970834612846,True
4,all_landmarks,12,1288972562.054,1288972621.554,0.3417466912056412,2.4175518057170504,8.7630539474532,0.8666666666666667,0.5666666666666667,3.0,0.008333333333333333,0.27600434912082417,2.941666666666667,2.6666666666666665,1,5,0.14531800283326043,0.04328970834612846,True
4,all_landmarks,13,1288972622.054,1288972681.554,0.38901365782332065,4.280665427865888,10.530932951218537,0.7333333333333333,0.6916666666666667,3.0,0.0,0.0,3.0083333333333333,2.441666666666667,2,5,0.18147214651107788,0.04328970834612846,True
4,all_landmarks,14,1288972682.054,1288972741.554,0.26646249262224714,1.428506766215221,3.565902034350561,0.9833333333333333,0.65,4.0,0.125,0.21482848641616611,3.1333333333333333,2.433333333333333,1,5,0.17233882711993323,0.04328970834612846,True
4,all_landmarks,15,1288972742.054,1288972801.554,0.3035692620106544,0.7635857236414713,2.7718843452487465,1.0,0.44166666666666665,5.0,0.10833333333333334,0.46360835159046226,3.5,1.5666666666666667,1,5,0.09292092816697227,0.04328970834612846,True
4,all_landmarks,16,1288972802.054,1288972861.554,0.6362058113597564,2.6412883798069293,10.127048069962454,0.85,0.38333333333333336,4.0,0.05,0.7080721863275936,3.7333333333333334,1.3416666666666666,2,5,0.09342565536499023,0.04328970834612846,True
4,all_landmarks,17,1288972862.054,1288972921.554,0.48830192516228993,2.754109000717899,16.128373959385215,0.875,0.6,4.0,0.125,0.7239278142393681,2.316666666666667,3.3333333333333335,1,5,0.1353929943508572,0.04328970834612846,True
4,all_landmarks,18,1288972922.054,1288972981.554,0.3387791854022674,1.881186754130258,5.05995362325398,0.9833333333333333,0.6833333333333333,5.0,0.05,0.2185464585563877,2.875,2.4166666666666665,1,5,0.1708864602115419,0.04328970834612846,True
4,all_landmarks,19,1288972982.054,1288973041.554,0.2665823590548606,0.5324765729571374,1.8851368289868675,1.0,0.39166666666666666,3.0,0.2,0.43915168434519686,3.658333333333333,1.6833333333333333,2,5,0.09398329224851397,0.04328970834612846,True
4,all_landmarks,20,1288973042.054,1288973101.554,0.4774497040586347,2.2473281715481774,6.192506412983765,0.9416666666666667,0.55,5.0,0.016666666666666666,0.12180125672181927,3.7,1.5916666666666666,2,5,0.137748833530479,0.04328970834612846,True
4,all_landmarks,21,1288973102.054,1288973161.554,0.43573223492504215,3.2682716379601726,8.772447313085246,0.9,0.48333333333333334,5.0,0.075,0.2990335193280259,3.325,1.9333333333333333,1,5,0.11071717623207306,0.04328970834612846,True
4,all_landmarks,22,1288973162.054,1288973221.554,0.3499454266946739,1.6188048011127143,3.859911174825879,0.9833333333333333,0.625,3.0,0.03333333333333333,0.30720180233000016,3.191666666666667,2.2,1,5,0.15355132851335737,0.04328970834612846,True
4,all_landmarks,23,1288973222.054,1288973281.554,0.27431745249326034,0.6831914429811271,2.950559993866909,1.0,0.30833333333333335,3.0,0.1,0.2402968684635959,3.65,1.4833333333333334,2,5,0.0693777491648992,0.04328970834612846,True
4,all_landmarks,24,1288973282.054,1288973341.554,0.3064374156576414,1.0989662383811543,4.516201107436104,0.9666666666666667,0.3333333333333333,3.0,0.175,0.23320715872836292,3.2583333333333333,2.075,2,5,0.0934388561381234,0.04328970834612846,True
4,all_landmarks,25,1288973342.054,1288973401.554,0.3181664995504105,1.3264665087791996,5.366790555635806,0.9583333333333334,0.4583333333333333,6.0,0.08333333333333333,0.1735371300008978,3.841666666666667,1.3333333333333333,1,5,0.12089023027155132,0.04328970834612846,True
4,all_landmarks,26,1288973402.054,1288973461.554,0.5459020986636989,3.9878498737541372,17.280333650582897,0.825,0.7083333333333334,5.0,0.025,0.21041783426148425,3.7416666666666667,1.3833333333333333,1,5,0.18655160139004387,0.04328970834612846,True
4,all_landmarks,27,1288973462.054,1288973521.554,0.24960790063214117,1.4118658265625492,4.090626360179883,0.9916666666666667,0.675,5.0,0.075,0.14461880846965283,3.95,1.1333333333333333,3,5,0.1613143805000517,0.04328970834612846,True
4,all_landmarks,28,1288973522.054,1288973581.554,0.34604058534766724,1.2129294199006562,3.7775479655072677,0.9916666666666667,0.43333333333333335,3.0,0.11666666666666667,0.42488026999232203,2.3833333333333333,3.0,1,5,0.10492218269242182,0.04328970834612846,True
4,all_landmarks,29,1288973582.054,1288973641.554,0.41229807654055456,1.2903127254733895,5.422731714791203,0.9666666666666667,0.26666666666666666,3.0,0.3,0.24059534922812761,3.0416666666666665,2.1166666666666667,2,5,0.07286663949489594,0.04328970834612846,True
4,all_landmarks,30,1288973642.054,1288973701.554,0.6679097654542799,9.217344277637437,69.17749135543511,0.825,0.5583333333333333,8.0,0.24166666666666667,0.674800967436063,2.9,2.75,1,5,0.13882543138331835,0.04328970834612846,True
4,all_landmarks,31,1288973702.054,1288973761.554,1.1438294921852747,20.3950082396575,149.90252830376522,0.675,0.3333333333333333,3.0,0.10833333333333334,0.5887248915539262,3.45,1.8416666666666666,1,5,0.09473468561967215,0.04328970834612846,True
4,all_landmarks,32,1288973762.054,1288973821.554,0.5860533805860132,1.6686692425704719,5.526352271566315,0.9583333333333334,0.4,3.0,0.15833333333333333,0.20912603491924348,3.2333333333333334,2.158333333333333,1,5,0.11974717643525865,0.04328970834612846,True
4,all_landmarks,33,1288973822.054,1288973881.554,0.5219153503196771,1.206690327958483,3.440402945927629,0.9833333333333333,0.39166666666666666,4.0,0.21666666666666667,0.6611447742753803,3.933333333333333,1.2166666666666666,2,5,0.0933457925915718,0.04328970834612846,True
4,all_landmarks,34,1288973882.054,1288973941.554,0.5937737144640469,2.9392816372963324,8.448940702561401,0.8583333333333333,0.5,3.0,0.11666666666666667,0.5973794706955591,3.6416666666666666,1.5416666666666667,1,5,0.10330134133497874,0.04328970834612846,True
5,all_landmarks,0,1288971842.054,1288971901.554,0.022269134808242767,0.02635880581197657,0.14296971470710548,1.0,0.8416666666666667,3.0,0.0,0.0,1.0333333333333334,5.85,1,2,0.20449991259309983,0.04850249405551169,True
5,all_landmarks,1,1288971902.054,1288971961.554,0.29975928265410273,1.7210844335879198,6.1251869466353925,0.9416666666666667,0.9,6.0,0.0,0.0,2.316666666666667,3.875,1,5,0.22048324081632828,0.04850249405551169,True
5,all_landmarks,2,1288971962.054,1288972021.554,0.3560384387464226,2.228803954782803,5.423275379869134,0.9666666666666667,0.95,9.0,0.0,0.0,3.6166666666666667,1.525,2,5,0.2366673715420501,0.04850249405551169,True
5,all_landmarks,3,1288972022.054,1288972081.554,0.3487667072921008,2.1250095479777698,5.82738711977002,0.95,0.9083333333333333,5.0,0.0,0.0,3.316666666666667,1.9166666666666667,1,5,0.22575059966908562,0.04850249405551169,True
5,all_landmarks,4,1288972082.054,1288972141.554,0.35240578051660437,1.5919868346013573,5.776961465703197,0.95,0.7666666666666667,5.0,0.1,0.5583015139828813,3.75,1.375,2,5,0.1925486714641253,0.04850249405551169,True
5,all_landmarks,5,1288972142.054,1288972201.554,0.654154977195717,5.493681254595191,24.385298602233775,0.7916666666666666,0.8583333333333333,6.0,0.0,0.0,3.0416666666666665,2.95,2,5,0.20662435597843593,0.04850249405551169,True
5,all_landmarks,6,1288972202.054,1288972261.554,0.28189571590749846,1.536152617825204,4.125067036216559,0.9916666666666667,0.875,7.0,0.0,0.0,3.55,1.5083333333333333,2,5,0.21718910414548145,0.04850249405551169,True
5,all_landmarks,7,1288972262.054,1288972321.554,0.2770391730397462,2.236648194635699,4.963402041817925,0.9583333333333334,0.975,10.0,0.0,0.0,3.275,2.0083333333333333,2,5,0.2519953065046242,0.04850249405551169,True
5,all_landmarks,8,1288972322.054,1288972381.554,0.33792499394755804,1.841861469743222,5.1291932795382,0.95,0.6333333333333333,5.0,0.14166666666666666,0.02636564295001385,3.8333333333333335,1.1666666666666667,2,5,0.16955895910660426,0.04850249405551169,True
5,all_landmarks,9,1288972382.054,1288972441.554,0.3082692178421144,2.1710737632229002,4.793065559011632,0.9833333333333333,0.8333333333333334,6.0,0.041666666666666664,0.08472190327368354,3.6,1.5583333333333333,2,5,0.20779187040196526,0.04850249405551169,True
5,all_landmarks,10,1288972442.054,1288972501.554,0.4292727205693337,2.791443700385271,8.985598318672045,0.8916666666666667,0.95,6.0,0.0,0.0,2.8833333333333333,3.1166666666666667,1,5,0.23006810360484653,0.04850249405551169,True
5,all_landmarks,11,1288972502.054,1288972561.554,0.49870844893679556,3.9837695982569574,13.786224206931115,0.8083333333333333,0.9083333333333333,6.0,0.0,0.0,3.433333333333333,2.033333333333333,2,5,0.22991352210442226,0.04850249405551169,True
5,all_landmarks,12,1288972562.054,1288972621.554,0.524608265891977,4.542512508797989,12.965529790012924,0.675,0.9666666666666667,9.0,0.0,0.0,2.941666666666667,2.6666666666666665,1,5,0.2440457739590337,0.04850249405551169,True
5,all_landmarks,13,1288972622.054,1288972681.554,0.3443190477237083,2.253779479152548,7.6588919868735905,0.925,0.95,7.0,0.0,0.0,3.0083333333333333,2.441666666666667,2,5,0.23225575588525288,0.04850249405551169,True
5,all_landmarks,14,1288972682.054,1288972741.554,0.4332892750143508,2.697168262241121,10.645000007760466,0.8916666666666667,0.8583333333333333,4.0,0.0,0.0,3.1333333333333333,2.433333333333333,1,5,0.21208811087740792,0.04850249405551169,True
5,all_landmarks,15,1288972742.054,1288972801.554,0.5849099466040683,4.190044188329815,12.19741354209543,0.7583333333333333,0.8,5.0,0.0,0.0,3.5,1.5666666666666667,1,5,0.1989572824041049,0.04850249405551169,True
5,all_landmarks,16,1288972802.054,1288972861.554,0.3630938364744825,2.0948892699037294,6.354693956531016,0.9166666666666666,0.9,4.0,0.0,0.0,3.7333333333333334,1.3416666666666666,2,5,0.22244505849149493,0.04850249405551169,True
5,all_landmarks,17,1288972862.054,1288972921.554,0.47912116803432986,3.469163926738018,12.802593344741643,0.8333333333333334,0.725,8.0,0.0,0.0,2.316666666666667,3.3333333333333335,1,5,0.17779235598113802,0.04850249405551169,True
5,all_landmarks,18,1288972922.054,1288972981.554,0.5301802131227282,4.465867863180365,15.744265589592757,0.7916666666666666,0.8416666666666667,5.0,0.0,0.0,2.875,2.4166666666666665,1,5,0.21153172029389278,0.04850249405551169,True
5,all_landmarks,19,1288972982.054,1288973041.554,0.2662866306890053,1.0897828813711248,4.518765990290436,0.9666666666666667,0.8083333333333333,4.0,0.0,0.0,3.658333333333333,1.6833333333333333,2,5,0.1978756139675776,0.04850249405551169,True
5,all_landmarks,20,1288973042.054,1288973101.554,0.2040777734717195,1.1822046532618737,2.949433828390209,1.0,0.8916666666666667,3.0,0.0,0.0,3.7,1.5916666666666666,2,5,0.22248324818081325,0.04850249405551169,True
5,all_landmarks,21,1288973102.054,1288973161.554,0.5391098669543511,3.455522498631602,9.451769840199546,0.85,0.875,3.0,0.0,0.0,3.325,1.9333333333333333,1,5,0.2213985158337487,0.04850249405551169,True
5,all_landmarks,22,1288973162.054,1288973221.554,0.6786885731924185,5.832938970303569,19.230401715645847,0.625,0.875,6.0,0.0,0.0,3.191666666666667,2.2,1,5,0.209785465531879,0.04850249405551169,True
5,all_landmarks,23,1288973222.054,1288973281.554,0.5480831566791428,5.634097706561452,15.722813042027632,0.625,0.9166666666666666,5.0,0.0,0.0,3.65,1.4833333333333334,2,5,0.22511296229230032,0.04850249405551169,True
5,all_landmarks,24,1288973282.054,1288973341.554,0.47354191771914694,3.3037852681499724,11.477792438317367,0.825,0.8,6.0,0.0,0.0,3.2583333333333333,2.075,2,5,0.19682658324639002,0.04850249405551169,True
5,all_landmarks,25,1288973342.054,1288973401.554,0.30437883468371396,1.9181747457189529,5.709051836845799,0.9583333333333334,0.875,6.0,0.0,0.0,3.841666666666667,1.3333333333333333,1,5,0.2220460233092308,0.04850249405551169,True
5,all_landmarks,26,1288973402.054,1288973461.554,0.6400839564437079,8.050684819917775,18.475418886525485,0.8416666666666667,0.8666666666666667,6.0,0.0,0.0,3.7416666666666667,1.3833333333333333,1,5,0.23184699025419023,0.04850249405551169,True
5,all_landmarks,27,1288973462.054,1288973521.554,0.5524717603672938,5.053323999908104,20.25797886380756,0.725,0.875,6.0,0.0,0.0,3.95,1.1333333333333333,3,5,0.23088990572426052,0.04850249405551169,True
5,all_landmarks,28,1288973522.054,1288973581.554,0.543278199265492,3.2121974093025587,10.679678342850156,0.85,0.7083333333333334,5.0,0.0,0.0,2.3833333333333333,3.0,1,5,0.1812549317214224,0.04850249405551169,True
5,all_landmarks,29,1288973582.054,1288973641.554,0.41488495275254383,2.505810691914246,8.309527978278618,0.8916666666666667,0.8916666666666667,6.0,0.0,0.0,3.0416666666666665,2.1166666666666667,2,5,0.21188184569279353,0.04850249405551169,True
5,all_landmarks,30,1288973642.054,1288973701.554,0.42921179430995327,2.605226292491095,10.757085519063262,0.875,0.75,6.0,0.0,0.0,2.9,2.75,1,5,0.19054853883054523,0.04850249405551169,True
5,all_landmarks,31,1288973702.054,1288973761.554,0.45822731997147537,2.5991830252640993,10.031133778753635,0.8833333333333333,0.85,5.0,0.06666666666666667,0.5703418253314599,3.45,1.8416666666666666,1,5,0.2127275561624103,0.04850249405551169,True
5,all_landmarks,32,1288973762.054,1288973821.554,0.4153145322457748,2.374677861541012,7.810162975308958,0.9083333333333333,0.825,3.0,0.016666666666666666,0.5214915800144527,3.2333333333333334,2.158333333333333,1,5,0.203192976448271,0.04850249405551169,True
5,all_landmarks,33,1288973822.054,1288973881.554,0.4664326045655952,3.733561268291204,8.96469098025142,0.7916666666666666,0.9,6.0,0.0,0.0,3.933333333333333,1.2166666666666666,2,5,0.23206310255659948,0.04850249405551169,True
5,all_landmarks,34,1288973882.054,1288973941.554,0.3975729103382701,2.780626934357318,11.095422442677341,0.8583333333333333,0.9166666666666666,8.0,0.0,0.0,3.6416666666666666,1.5416666666666667,1,5,0.22248782333400513,0.04850249405551169,True
1,bounded_two,0,1288971842.054,1288971901.554,0.34529670453837363,2.25143056208661,12.51161713190732,0.8833333333333333,0.9916666666666667,2.0,0.0,0.0,1.0333333333333334,5.85,1,2,0.26203322807947793,0.049332796423030754,True
1,bounded_two,1,1288971902.054,1288971961.554,0.4535603877562012,2.3764402101279587,7.703112094370707,0.8833333333333333,0.825,2.0,0.0,0.0,2.316666666666667,3.875,1,5,0.2168915867805481,0.049332796423030754,True
1,bounded_two,2,1288971962.054,1288972021.554,0.507754187645396,2.6406391416270814,9.977841613351552,0.8916666666666667,0.8833333333333333,2.0,0.0,0.0,3.6166666666666667,1.525,2,5,0.2348249057928721,0.049332796423030754,True
1,bounded_two,3,1288972022.054,1288972081.554,0.30427634150079785,1.2615017366165548,2.8515805473472446,1.0,0.875,2.0,0.0,0.0,3.316666666666667,1.9166666666666667,1,5,0.23130408028761545,0.049332796423030754,True
1,bounded_two,4,1288972082.054,1288972141.554,0.3871272716789867,1.7103299382831028,6.187504573145426,0.9333333333333333,0.9333333333333333,2.0,0.0,0.0,3.75,1.375,2,5,0.24280407428741455,0.049332796423030754,True
1,bounded_two,5,1288972142.054,1288972201.554,0.38882546997929524,1.6623838983417087,4.94811168600448,0.975,0.9333333333333333,2.0,0.0,0.0,3.0416666666666665,2.95,2,5,0.24012074271837872,0.049332796423030754,True
1,bounded_two,6,1288972202.054,1288972261.554,0.2852320503395733,1.2291033356996897,4.741132362108992,0.9666666666666667,0.9,2.0,0.0,0.0,3.55,1.5083333333333333,2,5,0.24336658120155336,0.049332796423030754,True
1,bounded_two,7,1288972262.054,1288972321.554,0.28868776651612543,1.258726791644388,3.0744353106093216,0.975,0.9416666666666667,2.0,0.0,0.0,3.275,2.0083333333333333,2,5,0.25696240762869516,0.049332796423030754,True
1,bounded_two,8,1288972322.054,1288972381.554,0.2639892077591299,1.1305910429813077,2.775936789288766,0.9583333333333334,0.85,2.0,0.008333333333333333,0.32109202802030895,3.8333333333333335,1.1666666666666667,2,5,0.22856241464614868,0.049332796423030754,True
1,bounded_two,9,1288972382.054,1288972441.554,0.3831392437665058,1.9223582053822652,5.460586173145388,0.95,0.9583333333333334,2.0,0.0,0.0,3.6,1.5583333333333333,2,5,0.25618323882420857,0.049332796423030754,True
1,bounded_two,10,1288972442.054,1288972501.554,0.33014626583743567,1.5152108920004872,4.219207607055797,0.9916666666666667,0.95,2.0,0.0,0.0,2.8833333333333333,3.1166666666666667,1,5,0.2516207387049993,0.049332796423030754,True
1,bounded_two,11,1288972502.054,1288972561.554,0.4107624755902399,2.3062084453178424,8.742125215675532,0.9,0.925,2.0,0.0,0.0,3.433333333333333,2.033333333333333,2,5,0.25811658004919685,0.049332796423030754,True
1,bounded_two,12,1288972562.054,1288972621.554,0.39838649901991935,1.7589766836025367,5.749360995679141,0.95,0.7833333333333333,2.0,0.0,0.0,2.941666666666667,2.6666666666666665,1,5,0.216733252008756,0.049332796423030754,True
1,bounded_two,13,1288972622.054,1288972681.554,0.4405073118546574,1.9660216620029975,6.839381380457238,0.9416666666666667,0.85,2.0,0.0,0.0,3.0083333333333333,2.441666666666667,2,5,0.2231540819009145,0.049332796423030754,True
1,bounded_two,14,1288972682.054,1288972741.554,0.30714296412868075,1.1166770563232633,3.652008740331583,0.975,0.9083333333333333,2.0,0.0,0.0,3.1333333333333333,2.433333333333333,1,5,0.2401874154806137,0.049332796423030754,True
1,bounded_two,15,1288972742.054,1288972801.554,0.2785480287033227,1.2994237369305557,3.018024322140582,1.0,0.925,2.0,0.0,0.0,3.5,1.5666666666666667,1,5,0.259041565656662,0.049332796423030754,True
1,bounded_two,16,1288972802.054,1288972861.554,0.5348568904965308,2.529829939738704,7.246082561237828,0.9166666666666666,0.7916666666666666,2.0,0.0,0.0,3.7333333333333334,1.3416666666666666,2,5,0.2076832542816798,0.049332796423030754,True
1,bounded_two,17,1288972862.054,1288972921.554,0.4039281652780782,2.3785469786914706,8.025641694705948,0.9166666666666666,0.875,2.0,0.0,0.0,2.316666666666667,3.3333333333333335,1,5,0.24122491876284283,0.049332796423030754,True
1,bounded_two,18,1288972922.054,1288972981.554,0.47863821248368343,2.0787034701708214,8.20175996298631,0.925,0.7916666666666666,2.0,0.0,0.0,2.875,2.4166666666666665,1,5,0.2085207611322403,0.049332796423030754,True
1,bounded_two,19,1288972982.054,1288973041.554,0.42766395528125417,2.0132488741676626,6.765955075144444,0.9166666666666666,0.85,2.0,0.0,0.0,3.658333333333333,1.6833333333333333,2,5,0.2406290849049886,0.049332796423030754,True
1,bounded_two,20,1288973042.054,1288973101.554,0.6209552590119582,3.765548495469801,13.45946219298028,0.85,0.7083333333333334,2.0,0.0,0.0,3.7,1.5916666666666666,2,5,0.18650826414426167,0.049332796423030754,True
1,bounded_two,21,1288973102.054,1288973161.554,0.9235178829780879,27.0257499547286,171.61587617162078,0.775,0.8916666666666667,2.0,0.0,0.0,3.325,1.9333333333333333,1,5,0.23372908433278403,0.049332796423030754,True
1,bounded_two,22,1288973162.054,1288973221.554,0.4072447627063667,2.107890881388928,6.717277964830004,0.9416666666666667,0.8583333333333333,2.0,0.0,0.0,3.191666666666667,2.2,1,5,0.23722908794879913,0.049332796423030754,True
1,bounded_two,23,1288973222.054,1288973281.554,0.2938813099377165,1.2950059142731478,4.414566422850532,0.9666666666666667,0.85,2.0,0.0,0.0,3.65,1.4833333333333334,2,5,0.23070408602555592,0.049332796423030754,True
1,bounded_two,24,1288973282.054,1288973341.554,0.2723513850324214,0.9952276283041516,2.770144588762878,1.0,0.8916666666666667,2.0,0.0,0.0,3.2583333333333333,2.075,2,5,0.25053740839163463,0.049332796423030754,True
1,bounded_two,25,1288973342.054,1288973401.554,0.35664011884893987,1.6271407133046376,4.980395798193713,0.9583333333333334,0.8833333333333333,2.0,0.0,0.0,3.841666666666667,1.3333333333333333,1,5,0.23791241347789766,0.049332796423030754,True
1,bounded_two,26,1288973402.054,1288973461.554,0.29351563252168983,1.3542686819279055,3.726202382234303,0.9916666666666667,0.9416666666666667,2.0,0.0,0.0,3.7416666666666667,1.3833333333333333,1,5,0.2372374027967453,0.049332796423030754,True
1,bounded_two,27,1288973462.054,1288973521.554,0.33183539924304034,1.3424513579939146,3.46357675704236,0.975,0.9083333333333333,2.0,0.0,0.0,3.95,1.1333333333333333,3,5,0.24369574387868245,0.049332796423030754,True
1,bounded_two,28,1288973522.054,1288973581.554,0.41822717442282015,2.3819793849102244,8.053888184749557,0.9,0.9416666666666667,2.0,0.0,0.0,2.3833333333333333,3.0,1,5,0.2470124085744222,0.049332796423030754,True
1,bounded_two,29,1288973582.054,1288973641.554,0.3563494144446083,1.3762572042255774,3.076671062372838,1.0,0.8833333333333333,2.0,0.0,0.0,3.0416666666666665,2.1166666666666667,2,5,0.23837491075197856,0.049332796423030754,True
1,bounded_two,30,1288973642.054,1288973701.554,0.34542320309419955,1.6628890608260354,7.119773223700353,0.925,0.8583333333333333,2.0,0.0,0.0,2.9,2.75,1,5,0.224524920185407,0.049332796423030754,True
1,bounded_two,31,1288973702.054,1288973761.554,0.323917477207678,1.447842415698291,6.034236346444533,0.9416666666666667,0.9,2.0,0.0,0.0,3.45,1.8416666666666666,1,5,0.23664157489935558,0.049332796423030754,True
1,bounded_two,32,1288973762.054,1288973821.554,0.3377184301646424,1.6593030450433246,5.609943558452862,0.9583333333333334,0.925,2.0,0.0,0.0,3.2333333333333334,2.158333333333333,1,5,0.2265040745337804,0.049332796423030754,True
1,bounded_two,33,1288973822.054,1288973881.554,0.3546287353519002,1.94176341329729,6.1334684950763325,0.9416666666666667,0.9,2.0,0.0,0.0,3.933333333333333,1.2166666666666666,2,5,0.249158243338267,0.049332796423030754,True
1,bounded_two,34,1288973882.054,1288973941.554,0.4501256293160231,2.0908420880591785,7.618525450534939,0.9083333333333333,0.8666666666666667,2.0,0.0,0.0,3.6416666666666666,1.5416666666666667,1,5,0.23729158639907838,0.049332796423030754,True
2,bounded_two,0,1288971842.054,1288971901.554,0.1812914913610052,1.2870167803764914,4.724148193920999,1.0,0.9833333333333333,2.0,0.0,0.0,1.0333333333333334,5.85,1,2,0.25938323537508645,0.04941131905652583,True
2,bounded_two,1,1288971902.054,1288971961.554,0.3215495815981326,2.2755754512977044,4.934962157928082,1.0,0.8083333333333333,2.0,0.0,0.0,2.316666666666667,3.875,1,5,0.21966241300106049,0.04941131905652583,True
2,bounded_two,2,1288971962.054,1288972021.554,0.4215044785937032,2.319223623770434,7.655531050301518,0.9,0.8916666666666667,2.0,0.0,0.0,3.6166666666666667,1.525,2,5,0.24104990363121032,0.04941131905652583,True
2,bounded_two,3,1288972022.054,1288972081.554,0.3981665802247344,2.6725891094187335,7.518648498437811,0.9,0.925,2.0,0.0,0.0,3.316666666666667,1.9166666666666667,1,5,0.2441040833791097,0.04941131905652583,True
2,bounded_two,4,1288972082.054,1288972141.554,0.32120418229676,1.4575595523484888,3.4386445993942,0.9833333333333333,0.8666666666666667,2.0,0.0,0.0,3.75,1.375,2,5,0.22365824182828267,0.04941131905652583,True
2,bounded_two,5,1288972142.054,1288972201.554,0.36246028833841104,2.8690497222887243,6.419306430101668,0.925,0.9,2.0,0.0,0.0,3.0416666666666665,2.95,2,5,0.23536240955193838,0.04941131905652583,True
2,bounded_two,6,1288972202.054,1288972261.554,0.4373661130139718,2.608115825823216,10.825303876619813,0.9,0.8666666666666667,2.0,0.0,0.0,3.55,1.5083333333333333,2,5,0.23757075369358063,0.04941131905652583,True
2,bounded_two,7,1288972262.054,1288972321.554,0.36450176173545307,2.517575342779992,5.770383256712833,0.95,0.9166666666666666,2.0,0.0,0.0,3.275,2.0083333333333333,2,5,0.2470665802558263,0.04941131905652583,True
2,bounded_two,8,1288972322.054,1288972381.554,0.4176501979075842,1.9850591115634162,7.1088592573288105,0.9333333333333333,0.7333333333333333,2.0,0.016666666666666666,0.11599172683370323,3.8333333333333335,1.1666666666666667,2,5,0.19824159344037373,0.04941131905652583,True
2,bounded_two,9,1288972382.054,1288972441.554,0.3499300142642499,1.623662831532863,5.774172752425791,0.95,0.8416666666666667,2.0,0.008333333333333333,0.13762608770455423,3.6,1.5583333333333333,2,5,0.22970408002535503,0.04941131905652583,True
2,bounded_two,10,1288972442.054,1288972501.554,0.2555327607509741,1.5206882372288817,5.073921062657442,0.975,0.8083333333333333,2.0,0.0,0.0,2.8833333333333333,3.1166666666666667,1,5,0.2231915920972824,0.04941131905652583,True
2,bounded_two,11,1288972502.054,1288972561.554,0.31523282541727793,1.6278119638131243,4.945292954240259,0.9833333333333333,0.8,2.0,0.0,0.0,3.433333333333333,2.033333333333333,2,5,0.22132492164770762,0.04941131905652583,True
2,bounded_two,12,1288972562.054,1288972621.554,0.2961983738006099,1.1339059724418132,3.730475485908509,0.9666666666666667,0.8,2.0,0.0,0.0,2.941666666666667,2.6666666666666665,1,5,0.20819992224375408,0.04941131905652583,True
2,bounded_two,13,1288972622.054,1288972681.554,0.4229713046641178,2.772973612673737,9.271327972161144,0.9,0.8333333333333334,2.0,0.025,0.17850396189030546,3.0083333333333333,2.441666666666667,2,5,0.22527492344379424,0.04941131905652583,True
2,bounded_two,14,1288972682.054,1288972741.554,0.25053844982510104,1.2510604586947542,3.8858473565607063,0.9833333333333333,0.8083333333333333,2.0,0.0,0.0,3.1333333333333333,2.433333333333333,1,5,0.20478742818037668,0.04941131905652583,True
2,bounded_two,15,1288972742.054,1288972801.554,0.35861834094138684,2.4817079848635033,6.9559977872124135,0.9166666666666666,0.8083333333333333,2.0,0.0,0.0,3.5,1.5666666666666667,1,5,0.210416579246521,0.04941131905652583,True
2,bounded_two,16,1288972802.054,1288972861.554,0.2781614447348382,1.245200810007041,4.4334722077062665,0.9916666666666667,0.775,2.0,0.0,0.0,3.7333333333333334,1.3416666666666666,2,5,0.20773325860500336,0.04941131905652583,True
2,bounded_two,17,1288972862.054,1288972921.554,0.36133077696729143,2.312760365339391,7.013762077043447,0.9,0.8,2.0,0.016666666666666666,0.16592746595237567,2.316666666666667,3.3333333333333335,1,5,0.2175082504749298,0.04941131905652583,True
2,bounded_two,18,1288972922.054,1288972981.554,0.3763014860465521,2.312501133336307,6.415303747467676,0.9333333333333333,0.825,2.0,0.0,0.0,2.875,2.4166666666666665,1,5,0.22524575491746265,0.04941131905652583,True
2,bounded_two,19,1288972982.054,1288973041.554,0.3517532457258807,2.324473377303381,6.012497197849111,0.9416666666666667,0.9,2.0,0.0,0.0,3.658333333333333,1.6833333333333333,2,5,0.2477499117453893,0.04941131905652583,True
2,bounded_two,20,1288973042.054,1288973101.554,0.7323055152280697,7.936669439248548,18.918655097040006,0.7583333333333333,0.6166666666666667,2.0,0.0,0.0,3.7,1.5916666666666666,2,5,0.18149576783180238,0.04941131905652583,True
2,bounded_two,21,1288973102.054,1288973161.554,0.880161766064715,8.810136666057614,27.912356263267046,0.5833333333333334,0.6666666666666666,2.0,0.0,0.0,3.325,1.9333333333333333,1,5,0.185358265042305,0.04941131905652583,True
2,bounded_two,22,1288973162.054,1288973221.554,0.5060388141493577,2.3544100391294402,9.445377694405009,0.8916666666666667,0.5166666666666667,2.0,0.016666666666666666,0.8283465432393057,3.191666666666667,2.2,1,5,0.136712446808815,0.04941131905652583,True
2,bounded_two,23,1288973222.054,1288973281.554,0.430826009404641,2.9030715622211165,9.791431859690617,0.85,0.75,2.0,0.0,0.0,3.65,1.4833333333333334,2,5,0.20295408964157105,0.04941131905652583,True
2,bounded_two,24,1288973282.054,1288973341.554,0.4322093534959688,3.352486312646599,8.303612655954064,0.8583333333333333,0.9,2.0,0.0,0.0,3.2583333333333333,2.075,2,5,0.24783740937709808,0.04941131905652583,True
2,bounded_two,25,1288973342.054,1288973401.554,0.358703466559702,2.476806566133742,7.152581798218771,0.9,0.85,2.0,0.0,0.0,3.841666666666667,1.3333333333333333,1,5,0.2325290819009145,0.04941131905652583,True
2,bounded_two,26,1288973402.054,1288973461.554,0.33834963731890183,2.231670275540212,6.541748725053885,0.9166666666666666,0.9083333333333333,2.0,0.0,0.0,3.7416666666666667,1.3833333333333333,1,5,0.24913323918978372,0.04941131905652583,True
2,bounded_two,27,1288973462.054,1288973521.554,0.37431286622848114,2.561235196123987,5.944071092118197,0.95,0.8916666666666667,2.0,0.0,0.0,3.95,1.1333333333333333,3,5,0.24276658594608308,0.04941131905652583,True
2,bounded_two,28,1288973522.054,1288973581.554,0.34740245062671316,2.1677537393765425,7.23090405826547,0.925,0.9416666666666667,2.0,0.0,0.0,2.3833333333333333,3.0,1,5,0.2573124021291733,0.04941131905652583,True
2,bounded_two,29,1288973582.054,1288973641.554,0.5651619826592332,4.211866079171145,12.682874066178135,0.7916666666666666,0.85,2.0,0.0,0.0,3.0416666666666665,2.1166666666666667,2,5,0.23108325501283009,0.04941131905652583,True
2,bounded_two,30,1288973642.054,1288973701.554,0.5027410004123244,3.530946095748272,10.407545425992215,0.8083333333333333,0.7666666666666667,2.0,0.0,0.0,2.9,2.75,1,5,0.20110409458478293,0.04941131905652583,True
2,bounded_two,31,1288973702.054,1288973761.554,0.39071592564132346,2.4843250800846493,8.413338269885733,0.925,0.775,2.0,0.008333333333333333,0.4323750439429234,3.45,1.8416666666666666,1,5,0.21914575894673666,0.04941131905652583,True
2,bounded_two,32,1288973762.054,1288973821.554,0.6334549123860147,4.75289910426643,15.384115778849742,0.775,0.7583333333333333,2.0,0.0,0.0,3.2333333333333334,2.158333333333333,1,5,0.20330825547377268,0.04941131905652583,True
2,bounded_two,33,1288973822.054,1288973881.554,0.43678421187914024,2.185156959679708,6.076060836323895,0.95,0.7916666666666666,2.0,0.0,0.0,3.933333333333333,1.2166666666666666,2,5,0.21531658967336018,0.04941131905652583,True
2,bounded_two,34,1288973882.054,1288973941.554,0.29639988560249814,1.5676917059528066,5.305854807679379,0.9583333333333334,0.7416666666666667,2.0,0.016666666666666666,0.29371797096572694,3.6416666666666666,1.5416666666666667,1,5,0.19912909468015036,0.04941131905652583,True
3,bounded_two,0,1288971842.054,1288971901.554,0.37576299452883677,2.1660310388481614,8.000888555962755,0.9083333333333333,0.9666666666666667,2.0,0.0,0.0,1.0333333333333334,5.85,1,2,0.24784990151723227,0.048133086918720175,True
3,bounded_two,1,1288971902.054,1288971961.554,0.48325875022285136,2.298840569411195,7.359699359401667,0.9083333333333333,0.9333333333333333,2.0,0.0,0.0,2.316666666666667,3.875,1,5,0.26089157462120055,0.048133086918720175,True
3,bounded_two,2,1288971962.054,1288972021.554,0.24558921841489717,0.8065326942684337,2.7824717742464604,0.9916666666666667,0.8,2.0,0.0,0.0,3.6166666666666667,1.525,2,5,0.20412491659323376,0.048133086918720175,True
3,bounded_two,3,1288972022.054,1288972081.554,0.4067617684385066,1.5773698352053542,4.960138814562072,0.9583333333333334,0.8666666666666667,2.0,0.0,0.0,3.316666666666667,1.9166666666666667,1,5,0.22829575439294178,0.048133086918720175,True
3,bounded_two,4,1288972082.054,1288972141.554,0.38095693780440026,1.8742955138295014,5.367420134303841,0.9583333333333334,0.9416666666666667,2.0,0.0,0.0,3.75,1.375,2,5,0.24619157314300538,0.048133086918720175,True
3,bounded_two,5,1288972142.054,1288972201.554,0.2838197112168259,1.1852470935462402,2.7710569424777916,0.975,0.875,2.0,0.0,0.0,3.0416666666666665,2.95,2,5,0.22833324869473776,0.048133086918720175,True
3,bounded_two,6,1288972202.054,1288972261.554,0.4246774117965167,2.6377261130216865,7.12919600452949,0.8833333333333333,0.9083333333333333,2.0,0.0,0.0,3.55,1.5083333333333333,2,5,0.2502624104420344,0.048133086918720175,True
3,bounded_two,7,1288972262.054,1288972321.554,0.39691975575374217,1.7992624061345273,6.855872497956691,0.9333333333333333,0.9,2.0,0.0,0.0,3.275,2.0083333333333333,2,5,0.2379582424958547,0.048133086918720175,True
3,bounded_two,8,1288972322.054,1288972381.554,0.5284780212244558,2.755714444688754,14.436394083623986,0.8833333333333333,0.775,2.0,0.025,0.3755053300836119,3.8333333333333335,1.1666666666666667,2,5,0.21615825494130453,0.048133086918720175,True
3,bounded_two,9,1288972382.054,1288972441.554,0.5423741627569811,2.5521045751157514,10.02889263319671,0.875,0.7916666666666666,2.0,0.0,0.0,3.6,1.5583333333333333,2,5,0.2176415850718816,0.048133086918720175,True
3,bounded_two,10,1288972442.054,1288972501.554,0.4237564688055374,1.7776894486024801,5.256230009850354,0.9666666666666667,0.7916666666666666,2.0,0.0,0.0,2.8833333333333333,3.1166666666666667,1,5,0.22172908782958983,0.048133086918720175,True
3,bounded_two,11,1288972502.054,1288972561.554,0.39852878554112436,1.419382405886803,4.5198803033423305,0.9833333333333333,0.8166666666666667,2.0,0.0,0.0,3.433333333333333,2.033333333333333,2,5,0.21776242156823475,0.048133086918720175,True
3,bounded_two,12,1288972562.054,1288972621.554,0.29055282263322535,2.9407043184972586,8.15173692226881,0.7916666666666666,0.875,2.0,0.0,0.0,2.941666666666667,2.6666666666666665,1,5,0.2422082394361496,0.048133086918720175,True
3,bounded_two,13,1288972622.054,1288972681.554,0.3726161174502954,3.300902217641913,9.75834518118581,0.8083333333333333,0.7333333333333333,2.0,0.041666666666666664,0.2094296275228689,3.0083333333333333,2.441666666666667,2,5,0.19892075459162395,0.048133086918720175,True
3,bounded_two,14,1288972682.054,1288972741.554,0.5332394708087097,3.114318477142169,8.539761189684352,0.8583333333333333,0.8083333333333333,2.0,0.0,0.0,3.1333333333333333,2.433333333333333,1,5,0.2092499186595281,0.048133086918720175,True
3,bounded_two,15,1288972742.054,1288972801.554,0.5136443302546475,1.775375802476345,5.411555490254624,0.975,0.7,2.0,0.016666666666666666,0.12835784509381074,3.5,1.5666666666666667,1,5,0.18940410017967224,0.048133086918720175,True
3,bounded_two,16,1288972802.054,1288972861.554,0.48286091400281506,3.9998000306695065,10.177761313570702,0.7083333333333334,0.8666666666666667,2.0,0.0,0.0,3.7333333333333334,1.3416666666666666,2,5,0.22377074658870696,0.048133086918720175,True
3,bounded_two,17,1288972862.054,1288972921.554,0.45552255810472925,2.8399864183734373,9.511165570334178,0.8666666666666667,0.925,2.0,0.0,0.0,2.316666666666667,3.3333333333333335,1,5,0.2454040785630544,0.048133086918720175,True
3,bounded_two,18,1288972922.054,1288972981.554,0.3322450304555863,1.34515781131051,3.918816791327244,0.975,0.85,2.0,0.016666666666666666,0.18534399424659073,2.875,2.4166666666666665,1,5,0.22620408435662587,0.048133086918720175,True
3,bounded_two,19,1288972982.054,1288973041.554,0.5033659491153034,3.0815704691260186,9.665377813992865,0.875,0.8666666666666667,2.0,0.0,0.0,3.658333333333333,1.6833333333333333,2,5,0.24513324399789174,0.048133086918720175,True
3,bounded_two,20,1288973042.054,1288973101.554,0.39874674424854306,2.200790965990821,7.5918064568597545,0.9416666666666667,0.9,2.0,0.0,0.0,3.7,1.5916666666666666,2,5,0.22989990810553232,0.048133086918720175,True
3,bounded_two,21,1288973102.054,1288973161.554,0.3235767921502124,1.3739779824915148,4.1272357652803215,0.9833333333333333,0.75,2.0,0.0,0.0,3.325,1.9333333333333333,1,5,0.20037076473236085,0.048133086918720175,True
3,bounded_two,22,1288973162.054,1288973221.554,0.3079868700976894,1.0239787742967983,3.634484675865053,0.9916666666666667,0.8,2.0,0.016666666666666666,0.1708049452286034,3.191666666666667,2.2,1,5,0.22318326234817504,0.048133086918720175,True
3,bounded_two,23,1288973222.054,1288973281.554,0.33499993948637147,1.7518989771995712,5.135743016773287,0.95,0.8583333333333333,2.0,0.0,0.0,3.65,1.4833333333333334,2,5,0.21829574704170226,0.048133086918720175,True
3,bounded_two,24,1288973282.054,1288973341.554,0.3907068237118516,1.3246069856835694,4.054759221125017,1.0,0.7166666666666667,2.0,0.025,0.3438814849952715,3.2583333333333333,2.075,2,5,0.1972874253988266,0.048133086918720175,True
3,bounded_two,25,1288973342.054,1288973401.554,0.3825909206498029,1.9806154810111745,7.23286959334184,0.9333333333333333,0.875,2.0,0.0,0.0,3.841666666666667,1.3333333333333333,1,5,0.2144832452138265,0.048133086918720175,True
3,bounded_two,26,1288973402.054,1288973461.554,0.3830065247652647,1.6790347310354994,5.325145964906036,0.9583333333333334,0.825,2.0,0.0,0.0,3.7416666666666667,1.3833333333333333,1,5,0.20542076031366985,0.048133086918720175,True
3,bounded_two,27,1288973462.054,1288973521.554,0.28012484469836135,0.9911532182199558,2.4825828562687016,0.9833333333333333,0.8916666666666667,2.0,0.0,0.0,3.95,1.1333333333333333,3,5,0.23507491151491802,0.048133086918720175,True
3,bounded_two,28,1288973522.054,1288973581.554,0.45331655829380807,2.3696972747899525,7.586251139070613,0.875,0.7583333333333333,2.0,0.016666666666666666,0.1574725383390646,2.3833333333333333,3.0,1,5,0.208174929022789,0.048133086918720175,True
3,bounded_two,29,1288973582.054,1288973641.554,0.3784155244963736,2.0175677038107716,6.773999097258189,0.9333333333333333,0.8916666666666667,2.0,0.0,0.0,3.0416666666666665,2.1166666666666667,2,5,0.24484990338484447,0.048133086918720175,True
3,bounded_two,30,1288973642.054,1288973701.554,0.33632604624474116,1.78621639035114,7.317765163902644,0.925,0.8416666666666667,2.0,0.0,0.0,2.9,2.75,1,5,0.20254574616750082,0.048133086918720175,True
3,bounded_two,31,1288973702.054,1288973761.554,0.39322285217659697,1.6241267082675135,5.483140919727443,0.9583333333333334,0.8583333333333333,2.0,0.0,0.0,3.45,1.8416666666666666,1,5,0.22854574918746948,0.048133086918720175,True
3,bounded_two,32,1288973762.054,1288973821.554,0.4385351667144816,2.4499599867234383,6.882500860201177,0.9083333333333333,0.8583333333333333,2.0,0.0,0.0,3.2333333333333334,2.158333333333333,1,5,0.2225207487742106,0.048133086918720175,True
3,bounded_two,33,1288973822.054,1288973881.554,0.40939182887754383,1.6357199020751703,4.245313213117616,0.975,0.8416666666666667,2.0,0.0,0.0,3.933333333333333,1.2166666666666666,2,5,0.2086124151945114,0.048133086918720175,True
3,bounded_two,34,1288973882.054,1288973941.554,0.5107195550854609,2.016695500716935,4.716056237518163,0.9916666666666667,0.7666666666666667,2.0,0.0,0.0,3.6416666666666666,1.5416666666666667,1,5,0.20578741729259492,0.048133086918720175,True
4,bounded_two,0,1288971842.054,1288971901.554,0.28175889988490166,1.2354626178715,5.123504613731427,0.95,0.875,2.0,0.0,0.0,1.0333333333333334,5.85,1,2,0.23892907897631327,0.046366233312125714,True
4,bounded_two,1,1288971902.054,1288971961.554,0.46186298586806246,2.1834278342103186,9.101685206972041,0.9,0.5416666666666666,2.0,0.016666666666666666,0.23984898062660334,2.316666666666667,3.875,1,5,0.15587494671344757,0.046366233312125714,True
4,bounded_two,2,1288971962.054,1288972021.554,0.4483430912120413,1.3934362681970633,3.9787566235071123,0.975,0.43333333333333335,2.0,0.1,0.2796266093425739,3.6166666666666667,1.525,2,5,0.11484994788964589,0.046366233312125714,True
4,bounded_two,3,1288972022.054,1288972081.554,0.396571354864257,0.8096643790943349,3.1461991779122824,0.9916666666666667,0.2833333333333333,2.0,0.13333333333333333,0.5045252366607089,3.316666666666667,1.9166666666666667,1,5,0.06525830328464508,0.046366233312125714,True
4,bounded_two,4,1288972082.054,1288972141.554,0.3036262133044098,0.8939402428417397,3.435030551727178,1.0,0.325,2.0,0.21666666666666667,0.2183983027183173,3.75,1.375,2,5,0.08304580052693684,0.046366233312125714,True
4,bounded_two,5,1288972142.054,1288972201.554,0.36320704402731374,1.4935791824150044,4.11426166954236,0.9666666666666667,0.5083333333333333,2.0,0.15833333333333333,0.29500270214522284,3.0416666666666665,2.95,2,5,0.14788745145003002,0.046366233312125714,True
4,bounded_two,6,1288972202.054,1288972261.554,0.28761905151354017,1.314764845848111,3.816451468556338,0.975,0.4583333333333333,2.0,0.08333333333333333,0.2733768585741603,3.55,1.5083333333333333,2,5,0.11445829470952353,0.046366233312125714,True
4,bounded_two,7,1288972262.054,1288972321.554,0.18932966875639615,0.6535943735687556,2.2472104377751183,1.0,0.4583333333333333,2.0,0.10833333333333334,0.22503898221684895,3.275,2.0083333333333333,2,5,0.1059832900762558,0.046366233312125714,True
4,bounded_two,8,1288972322.054,1288972381.554,0.6013254189857661,2.0626757554228994,6.373346929474297,0.9416666666666667,0.5416666666666666,2.0,0.1,0.9244142943856063,3.8333333333333335,1.1666666666666667,2,5,0.13155411183834076,0.046366233312125714,True
4,bounded_two,9,1288972382.054,1288972441.554,0.42378931890310334,1.9792841240810983,6.972395631220548,0.9333333333333333,0.4666666666666667,2.0,0.0,0.0,3.6,1.5583333333333333,2,5,0.09448745548725128,0.046366233312125714,True
4,bounded_two,10,1288972442.054,1288972501.554,0.6918095654380988,1.489729521368035,5.293815358047015,0.95,0.275,2.0,0.175,0.7472694427294281,2.8833333333333333,3.1166666666666667,1,5,0.05917913516362508,0.046366233312125714,True
4,bounded_two,11,1288972502.054,1288972561.554,0.25225347807576426,1.0012261811236915,2.960275755062301,0.9916666666666667,0.575,2.0,0.041666666666666664,0.3220585135666002,3.433333333333333,2.033333333333333,2,5,0.1610291083653768,0.046366233312125714,True
4,bounded_two,12,1288972562.054,1288972621.554,0.339137093620439,2.3122538113360824,8.766150849963427,0.8666666666666667,0.5666666666666667,2.0,0.008333333333333333,0.2760103340280217,2.941666666666667,2.6666666666666665,1,5,0.15076244672139485,0.046366233312125714,True
4,bounded_two,13,1288972622.054,1288972681.554,0.38917540843328424,4.204093411372274,9.626554343944672,0.725,0.6916666666666667,2.0,0.0,0.0,3.0083333333333333,2.441666666666667,2,5,0.18698325753211975,0.046366233312125714,True
4,bounded_two,14,1288972682.054,1288972741.554,0.2691710188425633,1.4240297405522446,3.452269053185066,0.9833333333333333,0.65,2.0,0.125,0.21483478562201766,3.1333333333333333,2.433333333333333,1,5,0.1761624385913213,0.046366233312125714,True
4,bounded_two,15,1288972742.054,1288972801.554,0.29954718145236664,0.6994974051871719,2.4581924708738443,1.0,0.44166666666666665,2.0,0.10833333333333334,0.4508627602638867,3.5,1.5666666666666667,1,5,0.09619162281354268,0.046366233312125714,True
4,bounded_two,16,1288972802.054,1288972861.554,0.6421195293951399,2.5458143856960316,9.595295279391364,0.8583333333333333,0.38333333333333336,2.0,0.05,0.7500891823970794,3.7333333333333334,1.3416666666666666,2,5,0.09325412809848785,0.046366233312125714,True
4,bounded_two,17,1288972862.054,1288972921.554,0.502907528566425,2.651294407924135,16.558657218435535,0.8833333333333333,0.6,2.0,0.125,0.7632945934790871,2.316666666666667,3.3333333333333335,1,5,0.14282077352205913,0.046366233312125714,True
4,bounded_two,18,1288972922.054,1288972981.554,0.3484195285249174,1.7197868462356065,4.002347655650414,0.9916666666666667,0.6833333333333333,2.0,0.05,0.21895378983420316,2.875,2.4166666666666665,1,5,0.17910826504230498,0.046366233312125714,True
4,bounded_two,19,1288972982.054,1288973041.554,0.2608518899947902,0.4910078714861195,1.8371730425945123,1.0,0.39166666666666666,2.0,0.2,0.4367437952978339,3.658333333333333,1.6833333333333333,2,5,0.09796245793501536,0.046366233312125714,True
4,bounded_two,20,1288973042.054,1288973101.554,0.46747621450403753,2.0074806666178566,4.595621482506423,1.0,0.55,2.0,0.016666666666666666,0.12207447248632958,3.7,1.5916666666666666,2,5,0.14592911104361217,0.046366233312125714,True
4,bounded_two,21,1288973102.054,1288973161.554,0.4793742959742297,3.7702426250309724,8.218274849699368,0.9083333333333333,0.48333333333333334,2.0,0.075,0.29903007854937114,3.325,1.9333333333333333,1,5,0.1175541212161382,0.046366233312125714,True
4,bounded_two,22,1288973162.054,1288973221.554,0.3538375092238296,1.573583572417174,3.409865497814042,0.9833333333333333,0.625,2.0,0.03333333333333333,0.3118143979074821,3.191666666666667,2.2,1,5,0.16434577504793804,0.046366233312125714,True
4,bounded_two,23,1288973222.054,1288973281.554,0.27911702381240516,0.6709585107974356,2.9324337594578123,1.0,0.30833333333333335,2.0,0.1,0.23910302626332147,3.65,1.4833333333333334,2,5,0.07122497161229452,0.046366233312125714,True
4,bounded_two,24,1288973282.054,1288973341.554,0.3058232290376535,1.0632463991596763,3.9496789729815105,0.975,0.3333333333333333,2.0,0.175,0.23291348744240775,3.2583333333333333,2.075,2,5,0.09528330067793528,0.046366233312125714,True
4,bounded_two,25,1288973342.054,1288973401.554,0.3120806305019534,1.1587541968395934,3.6583837253027434,0.975,0.4583333333333333,2.0,0.08333333333333333,0.17027671088419882,3.841666666666667,1.3333333333333333,1,5,0.1266666203737259,0.046366233312125714,True
4,bounded_two,26,1288973402.054,1288973461.554,0.49054377057925747,2.789523330400408,9.920019411984237,0.875,0.7083333333333334,2.0,0.025,0.21225335915607593,3.7416666666666667,1.3833333333333333,1,5,0.1978332668542862,0.046366233312125714,True
4,bounded_two,27,1288973462.054,1288973521.554,0.26010892737791613,1.389292310607658,4.107280561019085,1.0,0.675,2.0,0.075,0.14160753530700873,3.95,1.1333333333333333,3,5,0.17306243777275085,0.046366233312125714,True
4,bounded_two,28,1288973522.054,1288973581.554,0.3487402134721918,1.1971992309733253,3.3926497933917044,0.9916666666666667,0.43333333333333335,2.0,0.11666666666666667,0.42545703975461824,2.3833333333333333,3.0,1,5,0.1122916281223297,0.046366233312125714,True
4,bounded_two,29,1288973582.054,1288973641.554,0.41280194222696126,1.272146664058343,5.041696319143169,0.9666666666666667,0.26666666666666666,2.0,0.3,0.24114330702033784,3.0416666666666665,2.1166666666666667,2,5,0.074712473154068,0.046366233312125714,True
4,bounded_two,30,1288973642.054,1288973701.554,0.6615559325145207,7.7754525548792595,63.583812083114964,0.825,0.5583333333333333,2.0,0.24166666666666667,0.6561560070397041,2.9,2.75,1,5,0.14461244344711305,0.046366233312125714,True
4,bounded_two,31,1288973702.054,1288973761.554,1.1693743382662354,20.930073347141718,167.3211388689007,0.6666666666666666,0.3333333333333333,2.0,0.10833333333333334,0.5996304086505384,3.45,1.8416666666666666,1,5,0.10018746256828308,0.046366233312125714,True
4,bounded_two,32,1288973762.054,1288973821.554,0.5828044513072315,1.6247139645104085,5.184405545724543,0.9583333333333334,0.4,2.0,0.15833333333333333,0.20668911955943775,3.2333333333333334,2.158333333333333,1,5,0.12339162131150563,0.046366233312125714,True
4,bounded_two,33,1288973822.054,1288973881.554,0.5217786749239428,1.168812902369614,3.4103195042701517,0.9833333333333333,0.39166666666666666,2.0,0.21666666666666667,0.6612007963610695,3.933333333333333,1.2166666666666666,2,5,0.09746662576993306,0.046366233312125714,True
4,bounded_two,34,1288973882.054,1288973941.554,0.5897226026185778,2.8184393832031662,8.421658724520109,0.8666666666666667,0.5,2.0,0.11666666666666667,0.5911853341558844,3.6416666666666666,1.5416666666666667,1,5,0.11114578644434611,0.046366233312125714,True
5,bounded_two,0,1288971842.054,1288971901.554,0.022346952360677984,0.024259974159936044,0.13493796046209536,1.0,0.8416666666666667,2.0,0.0,0.0,1.0333333333333334,5.85,1,2,0.21675824522972106,0.04668399759435228,True
5,bounded_two,1,1288971902.054,1288971961.554,0.28003331887718735,1.3521990025650814,3.371359004691383,0.9583333333333334,0.9,2.0,0.0,0.0,2.316666666666667,3.875,1,5,0.23595407406489055,0.04668399759435228,True
5,bounded_two,2,1288971962.054,1288972021.554,0.3547837766474437,2.006107197141948,5.490160388308728,0.9583333333333334,0.95,2.0,0.0,0.0,3.6166666666666667,1.525,2,5,0.256820739308993,0.04668399759435228,True
5,bounded_two,3,1288972022.054,1288972081.554,0.34833759654609653,1.96002348230015,5.3618202092542,0.9583333333333334,0.9083333333333333,2.0,0.0,0.0,3.316666666666667,1.9166666666666667,1,5,0.24474573731422425,0.04668399759435228,True
5,bounded_two,4,1288972082.054,1288972141.554,0.3438376929641494,1.4145903151935721,5.214379368015342,0.9583333333333334,0.7666666666666667,2.0,0.1,0.5564811431756062,3.75,1.375,2,5,0.21069575746854147,0.04668399759435228,True
5,bounded_two,5,1288972142.054,1288972201.554,0.5516717636863627,3.617548145404307,13.549933854580317,0.8333333333333334,0.8583333333333333,2.0,0.0,0.0,3.0416666666666665,2.95,2,5,0.2224082440137863,0.04668399759435228,True
5,bounded_two,6,1288972202.054,1288972261.554,0.31222536799266953,1.6372252011765842,4.1505129365537705,0.975,0.875,2.0,0.0,0.0,3.55,1.5083333333333333,2,5,0.2443957507610321,0.04668399759435228,True
5,bounded_two,7,1288972262.054,1288972321.554,0.2644526096516963,1.7275253603210055,5.321532724504179,0.975,0.975,2.0,0.0,0.0,3.275,2.0083333333333333,2,5,0.27503739992777504,0.04668399759435228,True
5,bounded_two,8,1288972322.054,1288972381.554,0.5954510032433048,4.715283487774252,19.949241775343356,0.8833333333333333,0.6333333333333333,2.0,0.14166666666666666,0.40825912393154895,3.8333333333333335,1.1666666666666667,2,5,0.18120409746964772,0.04668399759435228,True
5,bounded_two,9,1288972382.054,1288972441.554,0.30361691810020053,1.7783024237598895,4.1447085640795756,0.9916666666666667,0.8333333333333334,2.0,0.041666666666666664,0.4462520173381972,3.6,1.5583333333333333,2,5,0.22383325894673664,0.04668399759435228,True
5,bounded_two,10,1288972442.054,1288972501.554,0.429560881996383,2.394302363410417,8.420717965680119,0.9166666666666666,0.95,2.0,0.0,0.0,2.8833333333333333,3.1166666666666667,1,5,0.2531915754079819,0.04668399759435228,True
5,bounded_two,11,1288972502.054,1288972561.554,0.5149730944787716,3.771210610408703,14.605289839381445,0.825,0.9083333333333333,2.0,0.0,0.0,3.433333333333333,2.033333333333333,2,5,0.25234574476877847,0.04668399759435228,True
5,bounded_two,12,1288972562.054,1288972621.554,0.4764971601282696,3.513241583824392,10.038170928299625,0.8333333333333334,0.9666666666666667,2.0,0.0,0.0,2.941666666666667,2.6666666666666665,1,5,0.2636082410812378,0.04668399759435228,True
5,bounded_two,13,1288972622.054,1288972681.554,0.34970726901265514,2.1177251173262173,7.6024031270057835,0.9166666666666666,0.95,2.0,0.0,0.0,3.0083333333333333,2.441666666666667,2,5,0.25657490094502766,0.04668399759435228,True
5,bounded_two,14,1288972682.054,1288972741.554,0.4082462450506812,2.1498323901479712,7.377266030796994,0.9166666666666666,0.85,2.0,0.0,0.0,3.1333333333333333,2.433333333333333,1,5,0.22929158210754394,0.04668399759435228,True
5,bounded_two,15,1288972742.054,1288972801.554,0.5935779093590486,4.157850341553728,12.17531117453464,0.7666666666666667,0.7916666666666666,2.0,0.0,0.0,3.5,1.5666666666666667,1,5,0.21315825482209524,0.04668399759435228,True
5,bounded_two,16,1288972802.054,1288972861.554,0.4574294980948405,1.8578979110941944,4.972601362530193,0.975,0.8416666666666667,2.0,0.0,0.0,3.7333333333333334,1.3416666666666666,2,5,0.2379749208688736,0.04668399759435228,True
5,bounded_two,17,1288972862.054,1288972921.554,0.49058961016385605,2.97608867822654,9.051950092597751,0.8583333333333333,0.725,2.0,0.0,0.0,2.316666666666667,3.3333333333333335,1,5,0.1914207597573598,0.04668399759435228,True
5,bounded_two,18,1288972922.054,1288972981.554,0.5280569549388239,4.203192328722181,15.310334661908593,0.7916666666666666,0.8416666666666667,2.0,0.0,0.0,2.875,2.4166666666666665,1,5,0.22503324846426645,0.04668399759435228,True
5,bounded_two,19,1288972982.054,1288973041.554,0.2868750735620771,1.1025753698228131,4.56847207607975,0.9666666666666667,0.8083333333333333,2.0,0.0,0.0,3.658333333333333,1.6833333333333333,2,5,0.21194158593813578,0.04668399759435228,True
5,bounded_two,20,1288973042.054,1288973101.554,0.20461237499795543,1.1421617680249658,2.9269284960052766,1.0,0.8916666666666667,2.0,0.0,0.0,3.7,1.5916666666666666,2,5,0.23492491543292998,0.04668399759435228,True
5,bounded_two,21,1288973102.054,1288973161.554,0.5676941950611671,3.673437370045515,10.436803918623898,0.85,0.875,2.0,0.0,0.0,3.325,1.9333333333333333,1,5,0.23606240451335908,0.04668399759435228,True
5,bounded_two,22,1288973162.054,1288973221.554,0.6463128416234603,4.778478758353677,13.77821267002364,0.6666666666666666,0.875,2.0,0.0,0.0,3.191666666666667,2.2,1,5,0.2191624104976654,0.04668399759435228,True
5,bounded_two,23,1288973222.054,1288973281.554,0.5529239178135519,5.058428973136786,12.8094613910978,0.6416666666666667,0.9166666666666666,2.0,0.0,0.0,3.65,1.4833333333333334,2,5,0.24474157293637594,0.04668399759435228,True
5,bounded_two,24,1288973282.054,1288973341.554,0.47950833538863574,3.096495321234298,11.23946077750014,0.825,0.8,2.0,0.0,0.0,3.2583333333333333,2.075,2,5,0.2144124150276184,0.04668399759435228,True
5,bounded_two,25,1288973342.054,1288973401.554,0.31628973738779503,1.7213388408133676,4.8955139334705695,0.9666666666666667,0.875,2.0,0.0,0.0,3.841666666666667,1.3333333333333333,1,5,0.2370790789524714,0.04668399759435228,True
5,bounded_two,26,1288973402.054,1288973461.554,0.6329565486169468,7.627145432520524,18.45359221077199,0.8416666666666667,0.8666666666666667,2.0,0.0,0.0,3.7416666666666667,1.3833333333333333,1,5,0.25254157384236653,0.04668399759435228,True
5,bounded_two,27,1288973462.054,1288973521.554,0.532445389241739,4.573525032602845,19.132700350010946,0.75,0.8833333333333333,2.0,0.0,0.0,3.95,1.1333333333333333,3,5,0.25093323886394503,0.04668399759435228,True
5,bounded_two,28,1288973522.054,1288973581.554,0.5672940406246569,3.1246360135626383,10.954755765463453,0.85,0.7083333333333334,2.0,0.0,0.0,2.3833333333333333,3.0,1,5,0.19246659676233926,0.04668399759435228,True
5,bounded_two,29,1288973582.054,1288973641.554,0.458670867303438,2.6906136809815586,11.157246712738178,0.875,0.8916666666666667,2.0,0.0,0.0,3.0416666666666665,2.1166666666666667,2,5,0.2282040705283483,0.04668399759435228,True
5,bounded_two,30,1288973642.054,1288973701.554,0.4344556592613528,2.5029779017573004,9.719330352373575,0.8833333333333333,0.75,2.0,0.0,0.0,2.9,2.75,1,5,0.2014874279499054,0.04668399759435228,True
5,bounded_two,31,1288973702.054,1288973761.554,0.4357976697899719,2.0018864013464985,7.303103309331444,0.925,0.85,2.0,0.06666666666666667,0.5431932885903733,3.45,1.8416666666666666,1,5,0.2294457495212555,0.04668399759435228,True
5,bounded_two,32,1288973762.054,1288973821.554,0.41826644783101485,2.310941997798046,7.722259146967034,0.9166666666666666,0.825,2.0,0.016666666666666666,0.4986795121614244,3.2333333333333334,2.158333333333333,1,5,0.2196832537651062,0.04668399759435228,True
5,bounded_two,33,1288973822.054,1288973881.554,0.5155160584291036,3.842207006677901,10.931359638141823,0.8,0.9,2.0,0.0,0.0,3.933333333333333,1.2166666666666666,2,5,0.2507999082406362,0.04668399759435228,True
5,bounded_two,34,1288973882.054,1288973941.554,0.41903092359759375,2.739484960707221,11.177321347983677,0.875,0.9166666666666666,2.0,0.0,0.0,3.6416666666666666,1.5416666666666667,1,5,0.24066240688165028,0.04668399759435228,True
