scenario,seed,runtime_seconds,motion_distance_difference,current_algorithm,current_seed,current_position_rmse,current_best_hypothesis_rmse,current_mean_truth_consistent_flock_weight,current_decision_loss,current_mean_decision_base_error,current_selection_rate,current_mixture_rate,current_abstention_rate,current_investigation_rate,current_wrong_mode_rate,current_wrong_mode_action_rate,current_mean_output_confidence,current_ambiguity_resolution_steps,current_agent_position_rmse,current_mean_nees,current_p95_nees,current_max_nees,current_coverage95_rate,current_rejoin_window_nees,current_mean_nis,current_information_gain,current_spatial_diversity,current_estimate_disagreement,current_mean_operational_agents,current_mean_delivery_ratio,current_mean_message_age,current_partition_active_rate,current_partition_selection_rate,current_mean_topology_components,current_mean_observer_component_size,current_mean_topology_visibility_fraction,current_mean_topology_live_support,current_mean_topology_retained_support,current_mean_topology_unknown_support,current_mean_topology_probation_agents,current_topology_rejoin_events,current_topology_merge_grace_rate,current_topology_epoch_changes,current_mean_duplicate_support_suppressed,current_topology_selection_blocked_rate,current_mean_missing_evidence_residual_mass,current_mean_missing_evidence_model_nis,current_mean_missing_evidence_assignment_entropy,current_mean_missing_evidence_predicted_risk,current_mean_missing_evidence_predicted_wrong_risk,current_mean_missing_evidence_credible_modes,current_max_primary_support_jump,current_recovery_steps,current_messages,current_bytes_sent,current_mean_momentum,current_mean_momentum_change_score,current_mean_momentum_corroborating_agents,current_mean_momentum_biased_agents,current_momentum_fallback_rate,current_momentum_change_events,current_mean_hypothesis_flocks,current_multiflock_rate,current_mean_primary_flock_size,current_mean_primary_flock_weight,current_mean_alternative_flock_weight,current_mean_quarantined_agents,current_quarantine_rate,current_mean_suspected_bias_agents,current_mean_bias_estimate_norm,current_movement_distance,candidate_decision_loss,candidate_mean_base_error,candidate_position_rmse,candidate_best_hypothesis_rmse,candidate_selection_rate,candidate_mixture_rate,candidate_abstention_rate,candidate_wrong_mode_action_rate,candidate_mean_nees,candidate_p95_nees,candidate_max_nees,candidate_coverage95_rate,candidate_mean_residual_mass,candidate_max_residual_mass,candidate_mean_model_nis,candidate_mean_assignment_entropy,candidate_mean_predicted_risk,candidate_mean_predicted_wrong_risk,candidate_mean_credible_modes,candidate_mean_visible_agents,candidate_movement_distance,observer_loss,global_loss,hindsight_floor_loss
stable_control,13000,1.5707720411010087,0.0,flocking_topology_resilient,13000,2.2378621406138826,0.6499497123518984,0.74296875,0.9445054712699402,0.6054429712699404,0.55625,0.0,0.44375,0.0625,0.2222222222222222,0.0125,0.5375,78,0.7189543284144443,1.9344949477944582,4.699203286911546,33.689516557466014,0.9705729166666666,0.0,1.9795590045452456,3.6753052776630115,5.032688965460918,1.8934358409524967,8.0,1.0,0.0,0.0,0.0,1.0,8.0,1.0,7.9,0.24993910214451204,0.0125,0.0,0,0.0,0,51.03125,0.0,0.0,0.0,0.0,0.0,0.0,0.0,0.0,,3840,737280,0.7199999999999999,0.0,0.0,0.0,0.0,0,1.56875,0.4875,6.0,0.75,0.2359375,0.0,0.0,0.1,1.5392365309843068,194.80274480929683,0.28594981844298095,0.28594981844298095,0.322440997753879,0.322440997753879,1.0,0.0,0.0,0.0,1.862335227300992,5.013707787767921,10.060172432124986,0.9625,0.010368951849381774,0.020379233763839752,1.920730822028024,0.12499999999999996,0.39747912474525954,0.010368951849381774,1.0,7.9,194.80274480929683,0.280686593121571,0.280686593121571,0.5819998050439071
stable_control,13001,1.5311508749146014,0.0,flocking_topology_resilient,13001,2.2612165347992255,0.6601353027966822,0.74375,0.9174348027234046,0.5736848027234046,0.55,0.0,0.45,0.0625,0.0,0.0,0.534375,78,0.6571469702904111,1.542683596318295,4.170649526152409,6.069581564907928,0.9775669642857142,0.0,1.9580870268709147,3.676093088874855,5.043129361995904,1.9555658784071284,8.0,1.0,0.0,0.0,0.0,1.0,8.0,1.0,7.9,0.1376764526336,0.0125,0.0,0,0.0,0,50.80625,0.0,0.0,0.0,0.0,0.0,0.0,0.0,0.0,,3840,737280,0.7199999999999999,0.0,0.0,0.0,0.0,0,1.58125,0.4875,5.95625,0.74453125,0.23984375,0.0,0.0,0.1,1.5295313494572862,154.3013058350861,0.28051262097162843,0.28051262097162843,0.31468417949073063,0.31468417949073063,1.0,0.0,0.0,0.0,1.7694140719609144,4.950278914901351,7.734454229586472,0.98125,0.01509542241748284,0.051705040595783694,1.8927862085507576,0.12500000167593556,0.42632889083105585,0.01509542241748284,1.0,7.9,154.3013058350861,0.27550252731886643,0.27550252731886643,0.5711034352964963
stable_control,13002,1.58611616701819,0.0,flocking_topology_resilient,13002,2.262755968119746,0.669618933383642,0.746875,0.9335387321864911,0.5897887321864912,0.55,0.0,0.45,0.0625,0.0,0.0,0.534375,77,0.6659099197904675,1.6708292032228957,4.095921418091892,6.962526371194906,0.9715178571428572,0.0,1.9170811965706271,3.6868750190388413,5.071512089406982,1.8907371962255133,8.0,1.0,0.0,0.0,0.0,1.0,8.0,1.0,7.875,0.17955108608,0.015625,0.0,0,0.0,0,50.8375,0.0,0.0,0.0,0.0,0.0,0.0,0.0,0.0,,3840,737280,0.7199999999999999,0.0,0.0,0.0,0.0,0,1.54375,0.48125,5.99375,0.74921875,0.234375,0.0,0.0,0.125,1.5539561751347115,153.71252982744693,0.2884388416477558,0.2884388416477558,0.3291953312168236,0.3291953312168236,1.0,0.0,0.0,0.0,1.886211808452136,6.015729296007962,12.374118043259223,0.94375,0.01280674982368587,0.042708757817626126,1.9007053618057477,0.1250000000003421,0.4113433894437499,0.01280674982368587,1.0,7.875,153.71252982744693,0.2846073873256688,0.2846073873256688,0.5897887321864912
stable_control,13003,1.5451607499271631,0.0,flocking_topology_resilient,13003,2.158577006186915,0.6249299180579748,0.74140625,0.9126662148477778,0.5689162148477777,0.55,0.0,0.45,0.0625,0.0,0.0,0.540625,77,0.671632056224777,1.711687691968481,4.187925096829483,7.404956656769388,0.9828125,0.0,1.8886949957780998,3.6788873255487076,5.071322006986648,1.8801492779090203,8.0,1.0,0.0,0.0,0.0,1.0,8.0,1.0,7.9125,0.2228001371136,0.0109375,0.0,0,0.0,0,51.08125,0.0,0.0,0.0,0.0,0.0,0.0,0.0,0.0,,3840,737280,0.7199999999999999,0.0,0.0,0.0,0.0,0,1.5625,0.48125,6.00625,0.75078125,0.2359375,0.0,0.0,0.0875,1.5632100277080123,192.86003956277128,0.2833651696711558,0.2833651696711558,0.32412407864075216,0.32412407864075216,1.0,0.0,0.0,0.0,1.8490853111468966,5.881010839857658,10.933998347239335,0.95625,0.012286862326929646,0.05315177425285359,1.9002699584520362,0.12500000000011222,0.40841678174702595,0.012286862326929646,1.0,7.9125,192.86003956277128,0.2818612824821851,0.2818612824821851,0.5610783482818766
stable_control,13004,1.581174833001569,0.0,flocking_topology_resilient,13004,2.174406248551826,0.6164586552642773,0.7515625,0.9103034609898817,0.5665534609898818,0.55,0.0,0.45,0.0625,0.0,0.0,0.534375,77,0.6311151622155355,1.5126886459612383,4.088345860183151,6.57118459361184,0.97265625,0.0,1.9107737889211023,3.6977721952934237,5.037299826088253,1.828494729959484,8.0,1.0,0.0,0.0,0.0,1.0,8.0,1.0,7.9,0.04772040000000001,0.0125,0.0,0,0.0,0,51.0875,0.0,0.0,0.0,0.0,0.0,0.0,0.0,0.0,,3840,737280,0.7199999999999999,0.0,0.0,0.0,0.0,0,1.5,0.48125,6.01875,0.75234375,0.23515625,0.0,0.0,0.1,1.5699316046606413,154.6738426718104,0.2814429517043136,0.2814429517043136,0.3168409270880176,0.3168409270880176,1.0,0.0,0.0,0.0,1.82933657008995,5.21099085495928,10.801689729168139,0.975,0.011237753072172143,0.037923506736122624,1.8897863840509679,0.12661618037057398,0.3997921838410023,0.011237753072172143,1.0,7.9,154.6738426718104,0.2799582977664531,0.2799582977664531,0.5587139655805317
stable_control,13005,1.5346065838821232,0.0,flocking_topology_resilient,13005,2.2121819362775668,0.6464562305232164,0.72890625,0.9323721648376472,0.5886221648376472,0.55,0.0,0.45,0.0625,0.0,0.0,0.528125,78,0.6521858737174712,1.568675165346615,3.694091196935137,7.187559108786182,0.98671875,0.0,1.9165986005898776,3.686039429009626,4.975062588187849,1.8580732641338777,8.0,1.0,0.0,0.0,0.0,1.0,8.0,1.0,7.88125,0.39958733711359995,0.01484375,0.0,0,0.0,0,50.83125,0.0,0.0,0.0,0.0,0.0,0.0,0.0,0.0,,3840,737280,0.7199999999999999,0.0,0.0,0.0,0.0,0,1.58125,0.51875,5.9375,0.7421875,0.24140625,0.0,0.0,0.11875,1.5398501271973453,172.6141594441503,0.2555533887045059,0.2555533887045059,0.28436813107177045,0.28436813107177045,1.0,0.0,0.0,0.0,1.4623324221501015,4.482259376056941,7.751026803527274,0.99375,0.012662250089060346,0.04594829203082322,1.9895834547711844,0.1250000000021787,0.4107521540389367,0.012662250089060346,1.0,7.88125,172.6141594441503,0.2526145696037697,0.2526145696037697,0.5762960159110395
stable_control,13006,1.5490299579687417,0.0,flocking_topology_resilient,13006,2.0830417392644067,0.6617739596502864,0.7296875,0.9481238562861641,0.5990613562861642,0.54375,0.0,0.45625,0.06875,0.0,0.0,0.51875,77,0.6922879098899851,1.7853413353311247,4.815525814847046,7.4681752902331855,0.9652901785714285,0.0,2.074720281233422,3.6833863532225863,5.059831032010156,1.928240089820194,8.0,1.0,0.0,0.0,0.0,1.00625,7.975,0.996875,7.74375,0.3973610860800001,0.03203125,0.0,0,0.025,2,50.3875,0.025,0.0,0.0,0.0,0.0,0.0,0.0,0.0,,3840,737280,0.7199999999999999,0.0,0.0,0.0,0.0,0,1.575,0.50625,5.9625,0.7453125,0.221875,0.00625,0.00625,0.16875,1.523150699609993,172.96266286770293,0.2722468345097575,0.2722468345097575,0.3049096817643249,0.3049096817643249,1.0,0.0,0.0,0.0,1.6383499272825564,4.804714579130131,8.648901001474758,0.9875,0.010210454512561116,0.02001687351552195,1.9415552089396382,0.12500000000331918,0.39747890571074435,0.010210454512561116,1.0,7.80625,172.96266286770293,0.2669653437178227,0.26664246656620405,0.5855367808086175
stable_control,13007,1.5363016671035439,0.0,flocking_topology_resilient,13007,2.2380586431654046,0.6600788758160241,0.71875,0.9301767235749476,0.5864267235749476,0.55,0.0,0.45,0.0625,0.0,0.0,0.5375,79,0.6871063677663074,1.7204103757246478,4.653827308684599,6.311051298758741,0.9640625,0.0,2.0509075501511815,3.6684283062381864,5.116047814466588,1.967326626453988,8.0,1.0,0.0,0.0,0.0,1.0,8.0,1.0,7.9125,0.33502425599999996,0.0109375,0.0,0,0.0,0,51.0875,0.0,0.0,0.0,0.0,0.0,0.0,0.0,0.0,,3840,737280,0.7199999999999999,0.0,0.0,0.0,0.0,0,1.5625,0.525,5.99375,0.74921875,0.2375,0.0,0.0,0.0875,1.5717753689236793,189.3941540394842,0.2894306704723243,0.2894306704723243,0.32158081358562435,0.32158081358562435,1.0,0.0,0.0,0.0,1.8413785122947126,4.943134259798795,9.238209128756871,0.96875,0.013526664753925902,0.06838573230690075,1.9404723185477806,0.12500000106719633,0.4175031119213105,0.013526664753925902,1.0,7.9125,189.3941540394842,0.28986849090890576,0.28986849090890576,0.5821161941307482
stable_control,13008,1.5326919578947127,0.0,flocking_topology_resilient,13008,2.0557913341510874,0.6606490381161322,0.7453125,0.9542165399138494,0.6192165399138494,0.5625,0.0,0.4375,0.06875,0.3,0.01875,0.5453125,78,0.7156256227951585,1.8575720341982394,5.058068846518048,23.47319819840283,0.9530133928571429,0.0,2.059875453133479,3.691945038346442,4.999546896760471,1.861017075874959,8.0,1.0,0.0,0.0,0.0,1.03125,7.875,0.984375,7.65,0.168421456,0.04375,0.0,0,0.05,4,50.2875,0.05,0.0,0.0,0.0,0.0,0.0,0.0,0.0,,3840,737280,0.7199999999999999,0.0,0.0,0.0,0.0,0,1.51875,0.48125,6.00625,0.75078125,0.203125,0.0,0.0,0.1,1.5321072135139393,141.8666139275689,0.2857272806127991,0.2857272806127991,0.3215200819691028,0.3215200819691028,1.0,0.0,0.0,0.0,1.8427801799627717,5.78039566588926,14.833517726323436,0.95625,0.011008167929618496,0.028187330838862896,2.010836086074213,0.1266161785386654,0.4017280098736376,0.011008167929618496,1.0,7.775,141.8666139275689,0.2868193692788846,0.2847027594663403,0.5783010248136544
stable_control,13009,1.525086791953072,0.0,flocking_topology_resilient,13009,2.1714423152270443,0.6474667610648112,0.74765625,0.9220863484623715,0.5736488484623715,0.54375,0.0,0.45625,0.0625,0.0,0.0,0.534375,114,0.6623821856171059,1.7237167187716125,4.5260512840016505,6.8195027104281,0.97421875,0.0,2.0323020417245425,3.6979393228098743,5.008146183883779,1.81221356405423,8.0,1.0,0.0,0.0,0.0,1.0,8.0,1.0,7.90625,0.40845697481310256,0.01171875,0.0,0,0.0,0,51.0375,0.0,0.0,0.0,0.0,0.0,0.0,0.0,0.0,,3840,737280,0.7199999999999999,0.0,0.0,0.0,0.0,0,1.85,0.7125,5.99375,0.74921875,0.23828125,0.0,0.0,0.09375,1.5581764053407587,156.6637062007178,0.26080065006544684,0.26080065006544684,0.2941893199350555,0.2941893199350555,1.0,0.0,0.0,0.0,1.5872834506710214,4.763111924439105,8.496679314758248,0.9875,0.01338344949761898,0.05196998992196312,1.902590509661838,0.12500000000152206,0.41278418620445156,0.01338344949761898,1.0,7.90625,156.6637062007178,0.2603262686921048,0.2603262686921048,0.5705680857900303
stable_control,13010,1.5460771250072867,0.0,flocking_topology_resilient,13010,2.2207943444546205,0.6984178267808163,0.740625,0.9888910974258515,0.6492035974258517,0.55625,0.0,0.44375,0.06875,0.16666666666666666,0.0125,0.5109375,81,0.6995355914669312,1.8308809890782605,4.15122849015791,11.033496258887826,0.9777083333333334,0.0,1.9408412760076719,3.693383836897816,5.077993898432271,1.826980440125854,8.0,1.0,0.0,0.0,0.0,1.0,8.0,1.0,7.80625,0.14268979200000004,0.02421875,0.0,0,0.0,0,50.33125,0.0,0.0,0.0,0.0,0.0,0.0,0.0,0.0,,3840,737280,0.7199999999999999,0.0,0.0,0.0,0.0,0,1.53125,0.5,5.925,0.740625,0.23359375,0.0,0.0,0.19375,1.5369204316603067,137.80656904281025,0.2917767441613555,0.2917767441613555,0.3292740161905223,0.3292740161905223,1.0,0.0,0.0,0.0,1.9086275369632795,4.871044225346894,7.786758434070349,0.96875,0.010100058267328904,0.013201953811970053,1.875492021944502,0.12661617858795227,0.3952386121888968,0.010100058267328904,1.0,7.80625,137.80656904281025,0.2843795017219709,0.2843795017219709,0.6311522887466252
stable_control,13011,1.5310493749566376,0.0,flocking_topology_resilient,13011,2.066682933856851,0.676847447385787,0.737890625,0.959305426214959,0.615555426214959,0.55,0.0,0.45,0.0625,0.1111111111111111,0.00625,0.53671875,78,0.700909375390404,1.860074789784577,4.704824307479206,10.151497961417952,0.9502604166666666,0.0,1.9924210409582535,3.670293760163355,5.089312131689978,1.9109019137012833,8.0,1.0,0.0,0.0,0.0,1.0125,7.95,0.99375,7.83125,0.10741,0.02109375,0.0,0,0.025,2,50.8875,0.025,0.0,0.0,0.0,0.0,0.0,0.0,0.020833333333333315,,3840,737280,0.7199999999999999,0.0,0.0,0.0,0.0,0,1.525,0.49375,5.99375,0.747265625,0.229296875,0.0,0.0,0.05625,1.5278665226647188,176.57239701488325,0.26987136663117306,0.26987136663117306,0.3101537819852217,0.3101537819852217,1.0,0.0,0.0,0.0,1.6826324981717065,5.3353936487764635,9.312259395266798,0.96875,0.012829623154244357,0.05072240972168345,1.9199062715071917,0.12601969524305773,0.41308481850984735,0.012829623154244357,1.0,7.89375,176.57239701488325,0.2652842745322103,0.2652040874356997,0.6043727092117186
stable_control,13012,1.5744079169817269,0.0,flocking_topology_resilient,13012,2.1929409974520033,0.5944724836441392,0.705078125,0.8686246574625345,0.5301871574625345,0.55625,0.0,0.44375,0.05625,0.0,0.0,0.51015625,140,0.622894425998584,1.435396193201071,3.4919755427417773,6.305112234240168,0.97421875,0.0,1.9668273066633493,3.6728199296679547,5.034478437833637,1.9299176170142354,8.0,1.0,0.0,0.0,0.0,1.00625,7.975,0.996875,7.6875,0.5119532837943841,0.0390625,0.0,0,0.025,2,49.83125,0.025,0.0,0.0,0.0,0.0,0.0,0.0,0.020833333333333315,,3840,737280,0.7199999999999999,0.0,0.0,0.0,0.0,0,2.0,0.875,5.95625,0.742578125,0.216796875,0.08125,0.08125,0.19375,1.5556725499469508,220.91687373023558,0.2935300743846592,0.2935300743846592,0.32637496025698876,0.32637496025698876,1.0,0.0,0.0,0.0,1.8603919920559882,5.5368454213089935,9.949439681484925,0.95625,0.01183128073588035,0.03831364843334233,1.924795444496563,0.125000000001872,0.40971750564286485,0.01183128073588035,1.0,7.75,220.91687373023558,0.286953354932967,0.2859364134012884,0.5202373864808051
stable_control,13013,1.5748128751292825,0.0,flocking_topology_resilient,13013,2.1410164818953996,0.6498927829392934,0.73671875,0.9116454712292599,0.5725829712292599,0.55625,0.0,0.44375,0.0625,0.08333333333333333,0.00625,0.5515625,76,0.6608885302653323,1.6026363682076377,4.786919905528348,6.837446921616422,0.9506249999999999,0.0,2.0807536182770665,3.6744598503816435,5.12084880004805,1.9101622188537632,8.0,1.0,0.0,0.0,0.0,1.0,8.0,1.0,7.875,0.33042720000000003,0.015625,0.0,0,0.0,0,51.0375,0.0,0.0,0.0,0.0,0.0,0.0,0.0,0.0,,3840,737280,0.7199999999999999,0.0,0.0,0.0,0.0,0,1.525,0.50625,6.0625,0.7578125,0.2265625,0.0,0.0,0.125,1.526744244109729,193.65771366745247,0.2822943209406211,0.2822943209406211,0.3162426192665006,0.3162426192665006,1.0,0.0,0.0,0.0,1.7939742802338727,4.8152468590018405,7.328108878222273,0.975,0.011774952798719226,0.03634024338091684,1.90299361322131,0.1260196951238884,0.40700006421684076,0.011774952798719226,1.0,7.875,193.65771366745247,0.28170518986740006,0.28170518986740006,0.5634361716712314
stable_control,13014,1.5901466249488294,0.0,flocking_topology_resilient,13014,2.1553744821295004,0.634929267698216,0.7484375,0.9132075964800535,0.5694575964800535,0.55,0.0,0.45,0.0625,0.15384615384615385,0.0125,0.5421875,83,0.6664463964551054,1.7048013374224689,5.084701733233377,8.01178734526031,0.9671875,0.0,2.079255041225463,3.680442879499914,5.049759922991309,1.859363490902955,8.0,1.0,0.0,0.0,0.0,1.0,8.0,1.0,7.93125,0.2770207524652837,0.00859375,0.0,0,0.0,0,51.18125,0.0,0.0,0.0,0.0,0.0,0.0,0.0,0.0,,3840,737280,0.7199999999999999,0.0,0.0,0.0,0.0,0,1.61875,0.51875,6.025,0.753125,0.2359375,0.0,0.0,0.06875,1.5308710211808105,167.53027503290645,0.2935727678414869,0.2935727678414869,0.32826581572389624,0.32826581572389624,1.0,0.0,0.0,0.0,1.962223416807388,6.011878432366309,10.483501507514294,0.94375,0.012934390031916446,0.0651249698870561,1.9897552859313443,0.12661617853357615,0.41191587501505855,0.012934390031916446,1.0,7.93125,167.53027503290645,0.2903158959700597,0.2903158959700597,0.5517890737389687
stable_control,13015,1.5380892499815673,0.0,flocking_topology_resilient,13015,2.217146740695846,0.7145496664143082,0.7375,0.9872464531531019,0.6434964531531018,0.55,0.0,0.45,0.0625,0.0,0.0,0.53046875,81,0.7278694333754008,2.0205300230984475,5.915540268223543,11.186713392657527,0.940922619047619,0.0,2.1826157262066013,3.6847562369683557,4.990243441743742,1.8977902545462277,8.0,1.0,0.0,0.0,0.0,1.0,8.0,1.0,7.8375,0.24933279232815106,0.0203125,0.0,0,0.0,0,50.3375,0.0,0.0,0.0,0.0,0.0,0.0,0.0,0.0,,3840,737280,0.7199999999999999,0.0,0.0,0.0,0.0,0,1.63125,0.50625,5.94375,0.74296875,0.23359375,0.0125,0.0125,0.1625,1.565518729624903,162.4131858184038,0.2878983827458029,0.2878983827458029,0.331106329786874,0.331106329786874,1.0,0.0,0.0,0.0,1.9226347382018445,5.998362456196894,9.109375357860579,0.94375,0.0127996465201952,0.038289500972369744,1.9416078822036642,0.1260198677404282,0.41243312822356354,0.0127996465201952,1.0,7.8375,162.4131858184038,0.27976203147774165,0.27976203147774165,0.6384891230566101
stable_control,13016,1.5261472908314317,0.0,flocking_topology_resilient,13016,2.18993495749599,0.6739355614082511,0.7453125,0.9490461969222871,0.5999836969222869,0.54375,0.0,0.45625,0.06875,0.0,0.0,0.5328125,77,0.6880384501741068,1.7722786136413888,4.6233077668269855,9.431070377021062,0.9653645833333334,0.0,1.9159925153796273,3.673209163978979,5.084669756436933,1.880965893270218,8.0,1.0,0.0,0.0,0.0,1.0,8.0,1.0,7.9,0.18989446208000002,0.0125,0.0,0,0.0,0,51.0875,0.0,0.0,0.0,0.0,0.0,0.0,0.0,0.0,,3840,737280,0.7199999999999999,0.0,0.0,0.0,0.0,0,1.54375,0.48125,5.9875,0.7484375,0.2390625,0.0,0.0,0.1,1.5258275763853213,191.45850652146714,0.28644171024854004,0.28644171024854004,0.3256651687807342,0.3256651687807342,1.0,0.0,0.0,0.0,1.9025031025460515,5.132680868524708,13.314005727435855,0.96875,0.012543513039500362,0.07966100497343187,1.8527460100405695,0.12601969526911672,0.4111322794187694,0.012543513039500362,1.0,7.9,191.45850652146714,0.28107250016485175,0.28107250016485175,0.596149295433911
stable_control,13017,1.5344526248518378,0.0,flocking_topology_resilient,13017,2.325538454743413,0.7181901012970062,0.72109375,1.0501095555756284,0.7051095555756282,0.55,0.0,0.45,0.075,0.25,0.01875,0.52578125,77,0.9842173280321134,3.660565390843214,4.114893780878272,181.19816258480955,0.97265625,0.0,1.9971609926104446,3.6796616246896447,5.039819507132644,1.9120048926321023,8.0,1.0,0.0,0.0,0.0,1.0,8.0,1.0,7.9,0.334767024,0.0125,0.0,0,0.0,0,50.94375,0.0,0.0,0.0,0.0,0.0,0.0,0.0,0.0,,3840,737280,0.7199999999999999,0.0,0.0,0.0,0.0,0,1.575,0.5,5.99375,0.74921875,0.234375,0.0,0.0,0.1,1.5673758198899086,174.38428360619952,0.2688346541656417,0.2688346541656417,0.3059933553794609,0.3059933553794609,1.0,0.0,0.0,0.0,1.6492175605314041,5.547804219846841,9.155329274255035,0.975,0.012268618150495006,0.08259578081584609,1.869302191165375,0.1250000000348765,0.40869852019828945,0.012268618150495006,1.0,7.9,174.38428360619952,0.2685637807000988,0.2685637807000988,0.6353314739896563
stable_control,13018,1.537949874997139,0.0,flocking_topology_resilient,13018,2.137878518703417,0.6482547371356445,0.7390625,0.9161465822068419,0.5817715822068419,0.5625,0.0,0.4375,0.0625,0.0,0.0,0.5390625,84,0.6580489450312323,1.6250546075903791,3.629097885381605,8.001122073018557,0.9875,0.0,2.0098080973186563,3.6841760337804983,5.0673744147649105,1.8526621462786508,8.0,1.0,0.0,0.0,0.0,1.0,8.0,1.0,7.88125,0.41283075840981615,0.01484375,0.0,0,0.0,0,50.8875,0.0,0.0,0.0,0.0,0.0,0.0,0.0,0.0,,3840,737280,0.7199999999999999,0.0,0.0,0.0,0.0,0,1.6375,0.53125,5.9875,0.7484375,0.2359375,0.00625,0.00625,0.11875,1.5398857483843469,150.96449227873117,0.28419525912695187,0.28419525912695187,0.3261767670433446,0.3261767670433446,1.0,0.0,0.0,0.0,1.886793993131851,5.31027361463833,15.036437521649855,0.95625,0.011413312216866898,0.039526927421759644,1.8361511694438672,0.12601969513268418,0.4028856669776818,0.011413312216866898,1.0,7.88125,150.96449227873117,0.28383923316698817,0.28383923316698817,0.5798714415623012
stable_control,13019,1.5460123750381172,0.0,flocking_topology_resilient,13019,2.311174869730946,0.7118039769995083,0.740625,0.9913323837270077,0.6422698837270078,0.54375,0.0,0.45625,0.06875,0.14285714285714285,0.00625,0.525,76,0.7262422848338126,1.933365957730753,5.290153963723356,13.444154015013623,0.9524553571428571,0.0,1.9720565452244116,3.6740457879774153,5.03497138164078,1.8836544550631795,8.0,1.0,0.0,0.0,0.0,1.0,8.0,1.0,7.85625,0.046,0.01796875,0.0,0,0.0,0,50.78125,0.0,0.0,0.0,0.0,0.0,0.0,0.0,0.0,,3840,737280,0.7199999999999999,0.0,0.0,0.0,0.0,0,1.48125,0.48125,5.9875,0.7484375,0.23359375,0.0,0.0,0.14375,1.5240006013554948,157.34639412887367,0.2847044859401051,0.2847044859401051,0.31363663948941933,0.31363663948941933,1.0,0.0,0.0,0.0,1.7378488235640575,4.731500596420429,10.572397225066203,0.975,0.012385720345850407,0.06720708215719025,1.928231141793089,0.12500000000151856,0.41095838559984904,0.012385720345850407,1.0,7.85625,157.34639412887367,0.2816125010898089,0.2816125010898089,0.6328984012045392
stable_control,13020,1.5522176250815392,0.0,flocking_topology_resilient,13020,2.1992346098893885,0.6397910866859372,0.74609375,0.9450023242476575,0.5853148242476577,0.53125,0.0,0.46875,0.08125,0.14285714285714285,0.0125,0.53125,87,0.66653920908038,1.6430211644231605,4.4845653142035795,8.85008196114012,0.97578125,0.0,2.000242095538599,3.6837286461585292,5.0448220065368785,1.9170124604668282,8.0,1.0,0.0,0.0,0.0,1.0,8.0,1.0,7.91875,0.1830295720275575,0.01015625,0.0,0,0.0,0,51.1375,0.0,0.0,0.0,0.0,0.0,0.0,0.0,0.0,,3840,737280,0.7199999999999999,0.0,0.0,0.0,0.0,0,1.58125,0.5375,6.025,0.753125,0.234375,0.0,0.0,0.08125,1.559227723638136,165.3171697924898,0.2761723715785574,0.2761723715785574,0.3107845650757679,0.3107845650757679,1.0,0.0,0.0,0.0,1.7485310731502506,4.761328932846358,13.065338846464806,0.975,0.013445287464471392,0.07967041402909181,1.9357136791987408,0.12500000000093572,0.415164903891711,0.013445287464471392,1.0,7.91875,165.3171697924898,0.27284320457024186,0.27284320457024186,0.5653862913402675
stable_control,13021,1.5387552077881992,0.0,flocking_topology_resilient,13021,2.1952382856045785,0.6980551473210075,0.73828125,0.9663834331407969,0.612633433140797,0.5375,0.0,0.4625,0.06875,0.0,0.0,0.53125,78,0.7069867280260519,1.9101231903249563,4.575570676292276,21.291154828131198,0.96953125,0.0,2.046821016930946,3.695629783176358,5.002473708515241,1.819145593059518,8.0,1.0,0.0,0.0,0.0,1.0,8.0,1.0,7.84375,0.1462929371136,0.01953125,0.0,0,0.0,0,50.43125,0.0,0.0,0.0,0.0,0.0,0.0,0.0,0.0,,3840,737280,0.7199999999999999,0.0,0.0,0.0,0.0,0,1.55625,0.4875,5.94375,0.74296875,0.23515625,0.03125,0.03125,0.14375,1.5479485306671037,150.39756723784217,0.2556678639681387,0.2556678639681387,0.2869414866609809,0.2869414866609809,1.0,0.0,0.0,0.0,1.4761938856329178,4.344141830801947,7.080300161068579,0.99375,0.011507627496744093,0.030995971617747857,1.9878450459769035,0.12500000000015965,0.40294193235717596,0.011507627496744093,1.0,7.84375,150.39756723784217,0.24854230667312258,0.24854230667312258,0.6094866034962886
stable_control,13022,1.5327817080542445,0.0,flocking_topology_resilient,13022,2.315123039241749,0.6226814686107249,0.74296875,0.9348968574059257,0.5952093574059256,0.55625,0.0,0.44375,0.06875,0.3333333333333333,0.01875,0.5359375,77,0.9057956811617828,3.151262077191114,4.863017818171884,155.9048626857163,0.96640625,0.0,2.0118764470816544,3.711052710976329,4.958369997517588,1.7779734379316117,8.0,1.0,0.0,0.0,0.0,1.0,8.0,1.0,7.88125,0.23064126207999996,0.01484375,0.0,0,0.0,0,50.8875,0.0,0.0,0.0,0.0,0.0,0.0,0.0,0.0,,3840,737280,0.7199999999999999,0.0,0.0,0.0,0.0,0,1.55,0.48125,6.00625,0.75078125,0.2328125,0.0,0.0,0.11875,1.5234881496725863,136.30086604690382,0.26744313471031833,0.26744313471031833,0.30043511228317726,0.30043511228317726,1.0,0.0,0.0,0.0,1.6722583539405675,5.2966397068621776,6.442929976825669,0.98125,0.013009575635096877,0.04743549018747163,1.9281595348351588,0.12601970410161553,0.40950155264234445,0.013009575635096877,1.0,7.88125,136.30086604690382,0.26617469863809345,0.26617469863809345,0.5273598837504667
stable_control,13023,1.562397874891758,0.0,flocking_topology_resilient,13023,2.545753395099168,0.6758449237284194,0.70703125,0.9348983774961465,0.5911483774961465,0.55,0.0,0.45,0.0625,0.0,0.0,0.534375,77,0.6802265933825836,1.717306171058284,5.04416879427338,8.396152916499242,0.953125,0.0,1.9766037066611244,3.6845958349138628,5.062391522747907,1.880163505832591,8.0,1.0,0.0,0.0,0.0,1.03125,7.875,0.984375,7.725,0.24579108608000003,0.034375,0.0,0,0.025,2,50.29375,0.025,0.0,0.0,0.0,0.0,0.0,0.0,0.0,,3840,737280,0.7199999999999999,0.0,0.0,0.0,0.0,0,1.55,0.5,6.00625,0.75078125,0.21328125,0.00625,0.00625,0.0875,1.5338002962559583,157.56701140431608,0.27849074459470025,0.27849074459470025,0.31402255410122665,0.31402255410122665,1.0,0.0,0.0,0.0,1.761479403760751,5.501377319168838,9.013082661021965,0.9625,0.012324363273558856,0.08343360754308911,1.8474220609674545,0.12601969512342476,0.41314150506663677,0.012324363273558856,1.0,7.7875,157.56701140431608,0.27584797420331564,0.2758789975979034,0.5822520914856499
stable_control,13024,1.5464510831516236,0.0,flocking_topology_resilient,13024,2.1882780702441256,0.6710584469991299,0.74765625,0.9379376664941514,0.5941876664941513,0.55,0.0,0.45,0.0625,0.0,0.0,0.5453125,78,0.6778021867885131,1.7225855867075854,5.312899616479708,6.703847715558168,0.9765625,0.0,2.013989843381972,3.6899026204612517,5.013651933803072,1.8593127373356206,8.0,1.0,0.0,0.0,0.0,1.0,8.0,1.0,7.94375,0.2341869991936,0.00703125,0.0,0,0.0,0,51.28125,0.0,0.0,0.0,0.0,0.0,0.0,0.0,0.0,,3840,737280,0.7199999999999999,0.0,0.0,0.0,0.0,0,1.575,0.4875,6.0125,0.7515625,0.23984375,0.0,0.0,0.05625,1.5186571040634775,141.17790206198677,0.29530506663710776,0.29530506663710776,0.32715373815669996,0.32715373815669996,1.0,0.0,0.0,0.0,1.950747495739084,5.2081568184788445,8.92325818990236,0.98125,0.01644653220935403,0.07032435050008669,1.9487877498611859,0.1250000000003641,0.4322125250509055,0.01644653220935403,1.0,7.94375,141.17790206198677,0.2942708906521662,0.2942708906521662,0.590171894730986
stable_control,13025,1.5462498751003295,0.0,flocking_topology_resilient,13025,2.2097231082814943,0.6519312181318504,0.72890625,0.92797694120703,0.5795394412070299,0.54375,0.0,0.45625,0.0625,0.0,0.0,0.5203125,78,0.6698022823685867,1.672908937355046,4.433158354685455,8.932828999128265,0.9651041666666667,0.0,2.1111230692686855,3.6892420271703683,5.016583639765757,1.8283526088816493,8.0,1.0,0.0,0.0,0.0,1.0,8.0,1.0,7.8375,0.104395712,0.0203125,0.0,0,0.0,0,50.5,0.0,0.0,0.0,0.0,0.0,0.0,0.0,0.0,,3840,737280,0.7199999999999999,0.0,0.0,0.0,0.0,0,1.5375,0.4875,5.9375,0.7421875,0.23515625,0.0,0.0,0.1625,1.5457033871912695,152.72326995811142,0.27698971845807796,0.27698971845807796,0.31833099803414044,0.31833099803414044,1.0,0.0,0.0,0.0,1.7845186335763152,5.316524353249418,10.74572323559731,0.975,0.012250329433655047,0.06283587914002406,1.9227300528643987,0.12661617892249719,0.40843282063212627,0.012250329433655047,1.0,7.8375,152.72326995811142,0.2730806897900432,0.2730806897900432,0.5763403390916888
stable_control,13026,1.5315929581411183,0.0,flocking_topology_resilient,13026,2.5210513924097744,0.691167317412533,0.71328125,0.9546545409184246,0.6202795409184245,0.5625,0.0,0.4375,0.0625,0.0,0.0,0.53046875,75,0.7035777222672074,1.7252193000254699,4.455978397698026,7.63195518774144,0.96875,0.0,1.9197189888573465,3.6976680083353926,5.070609971555403,1.8899198729899376,8.0,1.0,0.0,0.0,0.0,1.0375,7.85,0.98125,7.6375,0.3344943926868377,0.0453125,0.0,0,0.025,2,49.7375,0.025,0.0,0.0,0.0,0.0,0.0,0.0,0.0,,3840,737280,0.7199999999999999,0.0,0.0,0.0,0.0,0,1.58125,0.48125,5.9875,0.7484375,0.20390625,0.01875,0.01875,0.14375,1.5327084148649186,132.49590241883644,0.2940939079054412,0.2940939079054412,0.3291656116542256,0.3291656116542256,1.0,0.0,0.0,0.0,1.8654770385478663,5.688208631714733,9.351612780701075,0.95,0.011397298008368487,0.037326028795967116,1.8423586135148522,0.12661617853275725,0.4072659575778504,0.011397298008368487,1.0,7.7,132.49590241883644,0.2988332546905365,0.29013269930155744,0.613382892645385
stable_control,13027,1.556463500019163,0.0,flocking_topology_resilient,13027,2.1530837998186563,0.6500041868410393,0.728125,0.937429385798634,0.603054385798634,0.5625,0.0,0.4375,0.0625,0.0,0.0,0.52890625,78,0.6815263093641777,1.7225101226641695,4.249552317629123,8.997485244597744,0.9715401785714285,0.0,2.0085142986013005,3.6838395627440335,5.034937552045188,1.8294193439433895,8.0,1.0,0.0,0.0,0.0,1.0,8.0,1.0,7.88125,0.1449064685568,0.01484375,0.0,0,0.0,0,50.6875,0.0,0.0,0.0,0.0,0.0,0.0,0.0,0.0,,3840,737280,0.7199999999999999,0.0,0.0,0.0,0.0,0,1.5625,0.5,5.925,0.740625,0.23984375,0.0,0.0,0.11875,1.5676226948974037,163.39544619861013,0.2700681684091094,0.2700681684091094,0.30235436600099697,0.30235436600099697,1.0,0.0,0.0,0.0,1.6509777363920435,4.78332625527973,8.339647019410432,0.96875,0.010214495678520933,0.01533052051517535,1.8922805497971944,0.12601969532913593,0.3956928333462853,0.010214495678520933,1.0,7.88125,163.39544619861013,0.26633218756672317,0.26633218756672317,0.5949569367854728
stable_control,13028,1.5604724159929901,0.0,flocking_topology_resilient,13028,2.119919328931639,0.5946261251505788,0.74140625,0.875259459644138,0.5308844596441381,0.55,0.0,0.45,0.06875,0.0,0.0,0.521875,76,0.6318775566328025,1.468348441356833,3.491363641597249,8.370006118339136,0.9911830357142858,0.0,2.034537275071893,3.6974820523518446,5.03577173736067,1.8659238043094764,8.0,1.0,0.0,0.0,0.0,1.00625,7.975,0.996875,7.75625,0.24645996111360002,0.03046875,0.0,0,0.025,2,50.43125,0.025,0.0,0.0,0.0,0.0,0.0,0.0,0.04166666666666663,,3840,737280,0.7199999999999999,0.0,0.0,0.0,0.0,0,1.55625,0.475,6.0,0.74609375,0.221875,0.0,0.0,0.15625,1.546904503339001,181.69772595927734,0.294402092071378,0.294402092071378,0.34491600812650675,0.34491600812650675,1.0,0.0,0.0,0.0,2.0306302918560895,5.683518705656297,11.065515609857185,0.95625,0.015422157913658608,0.09789620974651732,1.9528099239378591,0.1250000026752111,0.4276271676642381,0.015422157913658608,1.0,7.81875,181.69772595927734,0.28763853704245335,0.28796778386988614,0.5307276525873275
stable_control,13029,1.5502788329031318,0.0,flocking_topology_resilient,13029,2.256283997346972,0.7362922923988393,0.73828125,1.0311986619128009,0.6968236619128009,0.5625,0.0,0.4375,0.0625,0.3333333333333333,0.025,0.5140625,80,0.7676509887812644,2.205266416544238,5.900490407780708,15.056751437843912,0.9385416666666666,0.0,2.1703583877875388,3.6837085357043136,5.0272124263291476,1.8886347914127675,8.0,1.0,0.0,0.0,0.0,1.0,8.0,1.0,7.8,0.30970385408,0.025,0.0,0,0.0,0,50.31875,0.0,0.0,0.0,0.0,0.0,0.0,0.0,0.0,,3840,737280,0.7199999999999999,0.0,0.0,0.0,0.0,0,1.56875,0.5,5.95,0.74375,0.23046875,0.0,0.0,0.2,1.5532311071088167,161.73776917692243,0.3088825483127919,0.2995075483127919,0.3350529249037867,0.3350529249037867,0.9875,0.0,0.0125,0.0,2.033801659171453,6.253056963413237,9.901183352228577,0.94375,0.016693644402100603,0.11699592918539115,2.036280918004618,0.12661617877811454,0.44672950943357553,0.016693644402100603,1.0,7.8,161.73776917692243,0.2968059770190415,0.2968059770190415,0.6545770744563388
failure_only,13000,1.3059387907851487,0.0,flocking_topology_resilient,13000,2.2963262047410438,0.711813158728844,0.589453125,1.0262076075478237,0.6552701075478238,0.51875,0.0,0.48125,0.1,0.16666666666666666,0.00625,0.240625,78,0.7612889959892226,2.1527338961351283,5.4851821500156435,33.689516557466014,0.9458333333333334,1.2202025129733443,2.1291575567291283,3.680155171552125,19.170842015297534,3.4602836808019974,7.125,1.0,0.0,0.0,0.0,1.00625,7.10625,0.88828125,6.321875,0.24886970283520005,0.209765625,0.05,2,0.025,4,38.98125,0.025,0.0,0.0,0.0,0.0,0.0,0.0,0.125,,3381,649152,0.7199999999999999,0.0,0.0,0.0,0.0,0,1.5625,0.4875,4.88125,0.61015625,0.180078125,0.5125,0.26875,0.525,1.6866632874704586,185.89687117196996,0.30888245802360154,0.30888245802360154,0.34304918717974064,0.34304918717974064,1.0,0.0,0.0,0.0,1.7580924827198625,4.79116949386806,8.783932088771971,0.98125,0.01332492184893937,0.05073912065269805,1.94174828264375,0.12499999999999996,0.44893305750351187,0.01332492184893937,1.0,6.36875,185.89687117196996,0.3027480700373714,0.30252740157249003,0.639304458373992
failure_only,13001,1.366697374964133,0.0,flocking_topology_resilient,13001,2.404690769847783,0.7068782874920063,0.6317491319444445,0.9927663604941499,0.6277663604941497,0.525,0.0,0.475,0.0875,0.21428571428571427,0.01875,0.3119357638888889,88,0.7087001459084341,1.803484007740601,6.055002497096523,8.934261640110734,0.9461681547619047,1.6405392762455158,2.096584351191843,3.6284421489680674,11.556203510700465,2.4048960750101367,7.125,1.0,0.0,0.0,0.0,1.01875,7.06875,0.88359375,6.603993055555556,0.3620838004085539,0.17450086805555556,0.05,2,0.025,4,41.40625,0.025,0.0,0.0,0.0,0.0,0.0,0.0,0.0,,3361,645312,0.7199999999999999,0.0,0.0,0.0,0.0,0,1.66875,0.55,5.18125,0.6434678819444445,0.18046875,0.06875,0.06875,0.35,1.6581780367468952,154.2152050219733,0.3089954003380161,0.3043079003380161,0.3416441069289605,0.3416441069289605,0.99375,0.0,0.00625,0.0,1.7068488697142499,4.851051146278376,7.440624737188687,0.9875,0.019172204384357027,0.10364528728627144,1.8917833607859778,0.12500000167593556,0.4879158019537752,0.019172204384357027,1.0,6.66875,154.2152050219733,0.29653093311727796,0.2944052771159473,0.6046740380983772
failure_only,13002,1.0957091669552028,0.0,flocking_topology_resilient,13002,3.6954487062921637,1.0967837898409323,0.4506510416666666,1.512133012352892,0.9261955123528921,0.23125,0.0,0.76875,0.09375,0.0,0.0,0.12161458333333333,75,1.0970263794514283,1.83942853975512,4.992571697265323,49.006126253323785,0.9519940476190477,3.6249165686944114,2.030963360820329,3.6279706809716314,12.424862658007827,2.8688870662377455,7.125,1.0,0.0,0.0,0.0,1.0,7.125,0.890625,5.098958333333333,0.44684089105961655,0.36263020833333337,0.05,2,0.0,2,30.7375,0.0,0.0,0.0,0.0,0.0,0.0,0.0,0.0,,3404,653568,0.7199999999999999,0.0,0.0,0.0,0.0,0,1.575,0.46875,4.425,0.5529947916666667,0.08359375,1.675,0.6875,1.19375,1.4577730660691182,157.37508303926577,0.4005699755932368,0.4005699755932368,0.4544294574787108,0.4544294574787108,1.0,0.0,0.0,0.0,2.069707589971073,5.715363074795237,12.374118043259223,0.95625,0.018392733891005087,0.09680605547840912,1.9170020762639417,0.1250000000003421,0.5434118239739216,0.018392733891005087,1.0,5.1,157.37508303926577,0.31392711288377245,0.31392711288377245,0.9261955123528921
failure_only,13003,1.068867500172928,0.0,flocking_topology_resilient,13003,1.4143392832753594,0.6302399186329186,0.5223524305555556,1.1567487739401745,0.5629987739401747,0.225,0.0,0.775,0.125,0.0,0.0,0.07126736111111112,124,0.6374650145240062,1.484279538628171,3.7506118485420767,7.404956656769388,0.98828125,1.3499640559356223,1.8788340934633747,3.7323068363687724,16.15922365998223,3.781560844500034,7.125,1.0,0.0,0.0,0.0,1.01875,7.0875,0.8859375,4.897569444444445,0.37980244628916987,0.3878038194444445,0.05,2,0.025,3,29.38125,0.025,0.0,0.0,0.0,0.0,0.0,0.0,0.0,,3386,650112,0.7199999999999999,0.0,0.0,0.0,0.0,0,1.85,0.78125,4.24375,0.5286024305555556,0.08359375,1.86875,0.69375,1.425,1.5493712546588543,185.8119711671463,0.3384294631850911,0.3290544631850911,0.3773740978811591,0.3773740978811591,0.9875,0.0,0.0125,0.0,1.6417197572378945,4.9462978032735085,10.403578625765935,0.9625,0.021332544244126915,0.146933638112917,1.8355068805176287,0.12500000000011222,0.5553298309882402,0.021332544244126915,1.0,4.9125,185.8119711671463,0.29486862797965563,0.29260578525282654,0.5629987739401747
failure_only,13004,1.0727880829945207,0.0,flocking_topology_resilient,13004,3.6120987280941916,3.3498672482124134,0.5426649305555681,2.6960021608309583,2.163189660830958,0.30625,0.0,0.69375,0.125,0.0,0.0,0.1431423611111236,27,3.350199773957798,32.75441474439245,136.10510036503797,182.2415054838082,0.6971354166666666,1.528360174613223,1.930493996378381,3.6009230688080125,11.229253478691808,3.4848984770367273,7.125,1.0,0.0,0.0,0.0,1.0125,7.075,0.884375,5.160069444444444,0.138398912,0.35499131944444445,0.05,2,0.025,3,31.9875,0.0375,0.0,0.0,0.0,0.0,0.0,0.0,0.08333333333333333,,3400,652800,0.7199999999999999,0.0,0.0,0.0,0.0,0,1.29375,0.275,4.5875,0.5621961805555555,0.0828125000000125,1.375,0.64375,1.1375,1.507514181835721,158.95832383670336,0.35301353205917707,0.35301353205917707,0.40601106186312164,0.40601106186312164,1.0,0.0,0.0,0.0,1.6734238377311499,4.5820585644246234,7.938175738664615,0.98125,0.014955659276960687,0.07047066447327865,1.7759926997997522,0.12661618037057398,0.518638178895752,0.014955659276960687,1.0,5.25,158.95832383670336,0.30009557092178063,0.2982888543796666,2.163189660830958
failure_only,13005,1.327357499860227,0.0,flocking_topology_resilient,13005,2.194489475707752,0.6382343524826074,0.6189887152777778,0.9313093934062711,0.5769343934062711,0.5375,0.0,0.4625,0.075,0.0,0.0,0.27391493055555555,78,0.6443888085227385,1.561369588419068,3.9121038524894383,8.145160101263457,0.9902901785714284,2.8626470025532043,1.9312104762757882,3.668942326351774,13.671414354615544,2.411861335085292,7.125,1.0,0.0,0.0,0.0,1.0,7.125,0.890625,6.576909722222223,0.1980397028352,0.17788628472222223,0.05,2,0.0,2,40.58125,0.0,0.0,0.0,0.0,0.0,0.0,0.0,0.0,,3378,648576,0.7199999999999999,0.0,0.0,0.0,0.0,0,1.55,0.49375,5.00625,0.6244574652777778,0.19765625,0.31875,0.25625,0.40625,1.6798713807194336,166.9912068288116,0.26525660020834774,0.26525660020834774,0.29639258678898905,0.29639258678898905,1.0,0.0,0.0,0.0,1.338475411582039,3.3185492616636645,7.191935132588987,0.99375,0.014292107809498324,0.06012045869579688,1.9776243128114064,0.1250000000021787,0.4489882873077472,0.014292107809498324,1.0,6.5875,166.9912068288116,0.2619266571515556,0.2619266571515556,0.5728047657180382
failure_only,13006,1.0406484580598772,0.0,flocking_topology_resilient,13006,1.3281536741844553,0.6239743905351753,0.5259114583333334,1.1885378545257954,0.5532253545257955,0.16875,0.0,0.83125,0.11875,0.0,0.0,0.10494791666666667,124,0.6605509202016167,1.6021427508062402,4.388056775072331,5.7733105614994065,0.9794270833333334,0.9871963642683205,1.9689050390423994,3.7409403852944023,12.974598469803237,2.8740237557660553,7.125,1.0,0.0,0.0,0.0,1.01875,7.0875,0.8859375,5.038541666666667,0.4149622702891699,0.37018229166666666,0.05,2,0.025,3,29.8375,0.025,0.0,0.0,0.0,0.0,0.0,0.0,0.0,,3394,651648,0.7199999999999999,0.0,0.0,0.0,0.0,0,1.94375,0.775,4.3,0.5368489583333333,0.09296875,1.79375,0.69375,1.21875,1.5201397787240007,169.86149903682718,0.34051657265592294,0.34051657265592294,0.39689483456463465,0.39689483456463465,1.0,0.0,0.0,0.0,1.7883113343006856,5.2556570322698715,13.067041540691811,0.9625,0.019616560935085313,0.09161000868949012,1.9163893592709305,0.12500000000331918,0.525898128681779,0.019616560935085313,1.0,5.04375,169.86149903682718,0.2885054402295068,0.2882457983265222,0.5532253545257955
failure_only,13007,1.3130856251809746,0.0,flocking_topology_resilient,13007,2.321811220424548,0.6525303265896846,0.59765625,0.9558176096674792,0.6014426096674793,0.5375,0.0,0.4625,0.075,0.2727272727272727,0.01875,0.253125,82,0.6768070708228945,1.6917300761797118,4.810408375242262,6.822071075704971,0.9739583333333333,1.159550929702509,2.0231385945809564,3.678619997923213,16.51949978963335,3.485441727307838,7.125,1.0,0.0,0.0,0.0,1.0,7.125,0.890625,6.45,0.24580891200000005,0.19375,0.05,2,0.0,2,39.5875,0.0,0.0,0.0,0.0,0.0,0.0,0.0,0.125,,3372,647424,0.7199999999999999,0.0,0.0,0.0,0.0,0,1.56875,0.51875,4.925,0.615625,0.18984375,0.50625,0.25625,0.55625,1.7208576382450036,179.5483305683663,0.29530339272052486,0.29530339272052486,0.33280605292754284,0.33280605292754284,1.0,0.0,0.0,0.0,1.678985339876484,5.33445733189583,7.31254925707222,0.96875,0.014193262217353125,0.06446774402929044,1.8746687464259786,0.12500000106719633,0.45232865977041214,0.014193262217353125,1.0,6.45,179.5483305683663,0.29634360843946206,0.29634360843946206,0.5759604409885959
failure_only,13008,1.0750816250219941,0.0,flocking_topology_resilient,13008,1.2169293736561015,0.7017821005536999,0.5555772569444445,1.117448061035034,0.6377605610350338,0.36875,0.0,0.63125,0.0625,0.043478260869565216,0.00625,0.13615451388888888,122,0.7211844844458575,1.8859611357226052,4.56268281223005,23.47319819840283,0.9482812500000002,2.109343269218118,2.0712410461131823,3.7310430907718226,8.751017185236112,2.206349278718084,7.125,1.0,0.0,0.0,0.0,1.01875,7.05,0.88125,5.000868055555555,0.3637711896652979,0.3748914930555555,0.05,2,0.025,4,31.0375,0.025,0.0,0.0,0.0,0.0,0.0,0.0,0.0,,3389,650688,0.7199999999999999,0.0,0.0,0.0,0.0,0,1.81875,0.7625,4.53125,0.5649522569444445,0.059375,1.65625,0.63125,1.1625,1.448576746771097,144.11637673870987,0.34095593325625123,0.34095593325625123,0.39426789725640576,0.39426789725640576,1.0,0.0,0.0,0.0,1.706333444203564,4.804648332085602,20.566039478725468,0.96875,0.017022601716265233,0.09179410069611868,1.9445312349027173,0.1266161785386654,0.520296160467951,0.017022601716265233,1.0,5.075,144.11637673870987,0.2926178355859171,0.2909170012390045,0.6177224386442492
failure_only,13009,1.094723666086793,0.0,flocking_topology_resilient,13009,1.3842822246943933,0.5992483665337857,0.5503689236111111,1.0962092696714143,0.5280842696714142,0.2625,0.0,0.7375,0.15,0.0,0.0,0.16636284722222222,94,0.6277958549088264,1.4792786061721384,3.419385681305709,11.862031067267889,0.98359375,2.399740973790061,1.9572684362144117,3.716980505050136,11.247649793312034,3.5909679143987523,7.125,1.0,0.0,0.0,0.0,1.0,7.125,0.890625,5.284201388888889,0.3773485400552732,0.3394748263888889,0.05,2,0.0,2,31.9375,0.0,0.0,0.0,0.0,0.0,0.0,0.0,0.0,,3383,649536,0.7199999999999999,0.0,0.0,0.0,0.0,0,1.74375,0.5875,4.5625,0.5683376736111111,0.0921875,1.45625,0.63125,1.09375,1.5172025899224524,156.23282602913264,0.338623910453323,0.31987391045332303,0.3680005277120979,0.3680005277120979,0.975,0.0,0.025,0.0,1.6377343417502026,4.346563098754432,8.637508267443764,0.98125,0.023040274078287296,0.13130887293541538,1.9418873428401233,0.12500000000152206,0.5593411968523613,0.023040274078287296,1.0,5.3,156.23282602913264,0.2735655315202167,0.2735655315202167,0.5280842696714142
failure_only,13010,1.0992911658249795,0.0,flocking_topology_resilient,13010,1.3707618223045182,0.6318419636623773,0.5645616319444444,1.090422833826278,0.5588603338262781,0.30625,0.0,0.69375,0.1125,0.0,0.0,0.1463107638888889,108,0.6511159211362822,1.5620512777256494,3.96851871871,7.706051215492337,0.9795684523809524,1.3383384520539652,1.7566630868277162,3.74331710436802,8.934765478980756,2.374086532163313,7.125,1.0,0.0,0.0,0.0,1.00625,7.1125,0.8890625,5.1852430555555555,0.3337574069052017,0.35184461805555556,0.05,2,0.025,3,31.63125,0.025,0.0,0.0,0.0,0.0,0.0,0.0,0.0,,3386,650112,0.7199999999999999,0.0,0.0,0.0,0.0,0,1.76875,0.675,4.54375,0.5661241319444444,0.08046875,1.55,0.69375,1.14375,1.4612850901759291,137.75785191068124,0.35489430536623523,0.3502068053662352,0.39711413012069313,0.39711413012069313,0.99375,0.0,0.00625,0.0,1.8941010115334094,5.756211772126071,10.997070061906024,0.9625,0.021153395803998,0.1142640477281676,1.835223543780792,0.12661617858795227,0.5370078391561126,0.021153395803998,1.0,5.2,137.75785191068124,0.29767520490430854,0.29642074686523145,0.5588603338262781
failure_only,13011,1.3383909580297768,0.0,flocking_topology_resilient,13011,2.0050020221892986,0.6915871345939401,0.5947699652777778,0.9754774031808846,0.6157899031808847,0.53125,0.0,0.46875,0.08125,0.0,0.0,0.2598524305555555,77,0.7080793358094386,1.8634900295852872,5.276484441493508,12.80014290367447,0.9520833333333332,1.7522787518347576,2.0959640359558263,3.6508583084805637,14.436207903265247,4.251166643087808,7.125,1.0,0.0,0.0,0.0,1.025,7.0375,0.8796875,6.314409722222222,0.3252108000000001,0.21069878472222223,0.05,2,0.05,6,39.5875,0.05,0.0,0.0,0.0,0.0,0.0,0.0,0.020833333333333315,,3369,646848,0.7199999999999999,0.0,0.0,0.0,0.0,0,1.54375,0.51875,4.9875,0.6189887152777778,0.16953125,0.38125,0.2125,0.40625,1.637860354485769,170.83664170287744,0.29256734926449374,0.29256734926449374,0.3302094310511017,0.3302094310511017,1.0,0.0,0.0,0.0,1.592666152717943,4.994503179272972,8.788077238086176,0.98125,0.015109724891845306,0.06674735930655992,1.9549549127311152,0.12601969524305773,0.4592160719458137,0.015109724891845306,1.0,6.44375,170.83664170287744,0.285750140052206,0.28570327296860837,0.6057755028139666
failure_only,13012,1.299698666902259,0.0,flocking_topology_resilient,13012,2.1554306470520466,0.584073987583829,0.598828125,0.9092589210303172,0.5461339210303173,0.525,0.0,0.475,0.06875,0.015625,0.00625,0.22578125,140,0.6033428695808828,1.3517910014485097,2.99423995335672,6.301584864814621,0.985,1.6469810451999585,2.082789362062676,3.6869101172173346,19.713872072060614,3.0992482567994837,7.125,1.0,0.0,0.0,0.0,1.00625,7.1,0.8875,6.2375,0.5630797976091355,0.2203125,0.05,2,0.025,4,38.68125,0.025,0.0,0.0,0.0,0.0,0.0,0.0,0.020833333333333315,,3399,652608,0.7199999999999999,0.0,0.0,0.0,0.0,0,1.975,0.875,4.9,0.610546875,0.168359375,0.5875,0.31875,0.69375,1.8019810240718257,204.82110930235072,0.2952869439715168,0.2952869439715168,0.3294635340360135,0.3294635340360135,1.0,0.0,0.0,0.0,1.5634269278528603,4.201903302139795,6.4592735687553064,0.9875,0.013855930368704089,0.04586483806308033,1.8526777195796469,0.125000000001872,0.45467334042132707,0.013855930368704089,1.0,6.3,204.82110930235072,0.2933647719038882,0.2923478026605127,0.5134820133114264
failure_only,13013,1.3276065830141306,0.0,flocking_topology_resilient,13013,2.274759875376255,0.6950835128925161,0.597265625,0.9603406795705325,0.6059656795705325,0.5375,0.0,0.4625,0.075,0.0,0.0,0.253125,76,0.6808322854199619,1.7185774231265145,4.908388203191725,7.002580817322669,0.9591145833333332,0.9776436302792488,2.116033161314536,3.6773986928185636,16.97476607125989,3.712713188235346,7.125,1.0,0.0,0.0,0.0,1.01875,7.06875,0.88359375,6.284375,0.26787690283520005,0.214453125,0.06875,2,0.025,3,39.0375,0.025,0.0,0.0,0.0,0.0,0.0,0.0,0.0,,3383,649536,0.7199999999999999,0.0,0.0,0.0,0.0,0,1.5125,0.48125,4.9375,0.6171875,0.168359375,0.4875,0.25625,0.575,1.6781981329039675,183.97060774664982,0.3029454825542688,0.3029454825542688,0.3396279385819373,0.3396279385819373,1.0,0.0,0.0,0.0,1.6784266130040457,4.601825530561432,9.335701504164067,0.98125,0.014580271104633852,0.057143586462675436,1.8870291534975494,0.1260196951238884,0.45910428874740977,0.014580271104633852,1.0,6.33125,183.97060774664982,0.3032294449113112,0.2985202185252741,0.6043136602129611
failure_only,13014,1.3621243748348206,0.0,flocking_topology_resilient,13014,2.160541946644033,0.643143928769933,0.6204210069444445,0.9201941622827965,0.5711316622827965,0.54375,0.0,0.45625,0.06875,0.038461538461538464,0.00625,0.2924045138888889,95,0.6671539984574539,1.6727904025012434,4.687852862564879,8.01178734526031,0.97109375,4.090265280621668,2.141349130016764,3.6499382642153266,14.62129119487218,2.7526993615846695,7.125,1.0,0.0,0.0,0.0,1.0,7.125,0.890625,6.644618055555556,0.3130674626582552,0.16942274305555555,0.05,2,0.0,2,41.03125,0.0,0.0,0.0,0.0,0.0,0.0,0.0,0.0,,3380,648960,0.7199999999999999,0.0,0.0,0.0,0.0,0,1.6875,0.60625,5.08125,0.6344835069444444,0.1953125,0.28125,0.24375,0.3625,1.6572504025159678,162.6704075656709,0.3153347903454041,0.3153347903454041,0.3538350347895628,0.3538350347895628,1.0,0.0,0.0,0.0,1.9254569239172667,5.719017713926098,12.86432914799924,0.95625,0.015303054636557331,0.06349693836994269,1.9770761697738473,0.12661617853357615,0.45546880641411647,0.015303054636557331,1.0,6.65,162.6704075656709,0.31403469043245746,0.31403469043245746,0.5606019454516806
failure_only,13015,1.318009041948244,0.0,flocking_topology_resilient,13015,2.2645958029924214,0.6210336937101375,0.60546875,0.9081840991278579,0.543184099127858,0.525,0.0,0.475,0.0875,0.0,0.0,0.24296875,86,0.6447589902120446,1.5432882829641148,4.625821190673821,11.66217837535033,0.9723958333333333,0.9685339593354457,2.090243588666408,3.685048667582587,12.74007970149961,4.142142450213122,7.125,1.0,0.0,0.0,0.0,1.0,7.125,0.890625,6.3875,0.21629357924787646,0.2015625,0.05,2,0.0,2,38.9875,0.0,0.0,0.0,0.0,0.0,0.0,0.0,0.0,,3376,648192,0.7199999999999999,0.0,0.0,0.0,0.0,0,1.61875,0.5375,4.8875,0.6109375,0.1859375,0.49375,0.26875,0.5,1.7274921057272277,161.82176261064188,0.3003959288159182,0.28633342881591817,0.3327150914888576,0.3327150914888576,0.98125,0.0,0.01875,0.0,1.6287862051688193,5.2513801225154975,9.109375357860579,0.975,0.02055155837515908,0.15830158942673575,1.8934270060183074,0.1260198677404282,0.5063886551913532,0.02055155837515908,1.0,6.3875,161.82176261064188,0.2801647174848756,0.2801647174848756,0.543184099127858
failure_only,13016,1.0682705829385668,0.0,flocking_topology_resilient,13016,3.6115555000432087,0.676473521525007,0.4229166666666667,1.2088680254978965,0.5879305254978966,0.18125,0.0,0.81875,0.06875,0.0,0.0,0.11614583333333332,74,0.679816459976414,1.1098443693447557,4.323103786295794,5.358366572418715,0.990625,1.2116447240356116,2.007390229612901,3.6396533916758336,18.092303812057025,3.0386318833610226,7.125,1.0,0.0,0.0,0.0,1.0,7.125,0.890625,5.083333333333334,0.44984214552631396,0.3645833333333333,0.05,2,0.0,2,30.4375,0.0,0.0,0.0,0.0,0.0,0.0,0.0,0.0,,3408,654336,0.7199999999999999,0.0,0.0,0.0,0.0,0,1.6,0.46875,4.375,0.5463541666666667,0.0890625,1.73125,0.69375,1.225,1.548397327361177,184.13367079928253,0.33011625045462495,0.3207412504546249,0.3660790614734092,0.3660790614734092,0.9875,0.0,0.0125,0.0,1.5634558484256338,5.347825770265897,9.307595236701154,0.975,0.016167004698721604,0.13598174677704408,1.7812905251040168,0.12601969526911672,0.5308969947104456,0.016167004698721604,1.0,5.0875,184.13367079928253,0.29702461637354555,0.29702461637354555,0.5879305254978966
failure_only,13017,1.3310114999767393,0.0,flocking_topology_resilient,13017,2.215112696516993,0.7067756192705132,0.6080512152777777,1.063924078654513,0.697674078654513,0.525,0.0,0.475,0.1,0.5714285714285714,0.025,0.25360243055555554,80,0.993909116329111,3.7814480831809307,4.8007219191274375,181.19816258480955,0.9511830357142858,2.588360065219887,1.989845535652193,3.6568459112648286,14.322230555464083,3.8474419057010385,7.125,1.0,0.0,0.0,0.0,1.0125,7.0875,0.8859375,6.423784722222223,0.29244331456,0.19702690972222223,0.05,2,0.025,4,39.94375,0.025,0.0,0.0,0.0,0.0,0.0,0.0,0.125,,3362,645504,0.7199999999999999,0.0,0.0,0.0,0.0,0,1.55,0.50625,4.9875,0.6221137152777778,0.180859375,0.3625,0.2625,0.4625,1.7065372266236642,169.0767300822368,0.2938173753233621,0.2938173753233621,0.3321105083361561,0.3321105083361561,1.0,0.0,0.0,0.0,1.6006016136382932,4.523464470783682,9.435437380386533,0.975,0.014076454857327041,0.08259578081584609,1.873511970836045,0.1250000000348765,0.452017052668406,0.014076454857327041,1.0,6.48125,169.0767300822368,0.28781940880007745,0.29171297240671556,0.6184059863480142
failure_only,13018,1.3819233749527484,0.0,flocking_topology_resilient,13018,2.046496942109903,0.5935398285507939,0.6328993055555555,0.8816668102868249,0.5419793102868249,0.55625,0.0,0.44375,0.06875,0.0,0.0,0.3032986111111111,78,0.6205500567132699,1.4410496008292957,3.5366898095649586,6.580201142882129,0.9918154761904763,1.999602974173523,1.9354353208308677,3.667458581256534,11.417431790033758,3.757453108355628,7.125,1.0,0.0,0.0,0.0,1.0,7.125,0.890625,6.638194444444444,0.2662262425597134,0.17022569444444444,0.05,2,0.0,2,41.2875,0.0,0.0,0.0,0.0,0.0,0.0,0.0,0.0,,3378,648576,0.7199999999999999,0.0,0.0,0.0,0.0,0,1.5625,0.4875,5.13125,0.6391493055555555,0.190625,0.28125,0.20625,0.325,1.6194113372640757,145.99451918766093,0.2877365363844725,0.2877365363844725,0.3367130099842985,0.3367130099842985,1.0,0.0,0.0,0.0,1.7777936739866351,5.303568921089441,15.036437521649855,0.95625,0.011473750841345503,0.04120064783434232,1.804106699751641,0.12601969513268418,0.4293863280340675,0.011473750841345503,1.0,6.65625,145.99451918766093,0.2846674075351245,0.2846674075351245,0.5291148589639965
failure_only,13019,1.1232807079795748,0.0,flocking_topology_resilient,13019,3.699344564281888,0.7248035989053143,0.45438368055555556,1.2384642127410055,0.6484642127410054,0.2375,0.0,0.7625,0.18125,0.0,0.0,0.18689236111111113,73,0.7143437568814384,1.1885912931322853,3.5494940506454937,5.785852349954447,0.9768229166666668,1.355305157018408,1.9861481866931499,3.564992555084374,12.13718297442344,2.3618702308647377,7.125,1.0,0.0,0.0,0.0,1.0,7.125,0.890625,5.366319444444445,0.34270305485964736,0.3292100694444445,0.05,2,0.0,2,32.18125,0.0,0.0,0.0,0.0,0.0,0.0,0.0,0.0,,3413,655296,0.7199999999999999,0.0,0.0,0.0,0.0,0,1.65625,0.45625,4.59375,0.5707899305555555,0.1,1.45625,0.6875,0.9875,1.4842479390984227,156.6801120690284,0.3378432369188845,0.3378432369188845,0.38089415645877744,0.38089415645877744,1.0,0.0,0.0,0.0,1.6393020148723494,4.137261037939875,10.572397225066203,0.98125,0.014483640826022215,0.08266971853358085,1.8920593509338517,0.12500000000151856,0.5067381383996052,0.014483640826022215,1.0,5.39375,156.6801120690284,0.3024063204491033,0.3024063204491033,0.6484642127410054
failure_only,13020,1.3306311659980565,0.0,flocking_topology_resilient,13020,2.1530433075463002,0.6362973788276703,0.6243272569444445,0.9351973038152932,0.5648848038152933,0.51875,0.0,0.48125,0.09375,0.0,0.0,0.26740451388888886,79,0.650913416508119,1.564836257539017,4.2088136452378775,6.680745394163036,0.984375,0.8177736498156447,2.0115654616417777,3.6618874139542696,13.678859559480212,2.9375796707241086,7.125,1.0,0.0,0.0,0.0,1.0,7.125,0.890625,6.525868055555556,0.17133233600000003,0.18426649305555556,0.05,2,0.0,2,40.2875,0.0,0.0,0.0,0.0,0.0,0.0,0.0,0.0,,3353,643776,0.7199999999999999,0.0,0.0,0.0,0.0,0,1.55,0.49375,5.01875,0.6258897569444445,0.1890625,0.29375,0.225,0.46875,1.6889460364236921,162.3012928744337,0.3111694947495852,0.3111694947495852,0.34716760641654665,0.34716760641654665,1.0,0.0,0.0,0.0,1.824886367034764,4.948521317046013,8.87487771455349,0.9625,0.017416113132652036,0.09379140278020712,1.9230989087291093,0.12500000000093572,0.47067824029522887,0.017416113132652036,1.0,6.5375,162.3012928744337,0.3010515327667593,0.3010515327667593,0.5648848038152933
failure_only,13021,1.0831515840254724,0.0,flocking_topology_resilient,13021,1.4094123036021722,0.6720361628086028,0.5547960069444444,1.1015593430451676,0.5959343430451675,0.3375,0.0,0.6625,0.0875,0.0,0.0,0.12834201388888888,124,0.6469702148968216,1.5459521367700488,3.9840147106532533,8.670611529730783,0.9866815476190476,0.9519388389653882,1.8974246758424242,3.696001823079116,11.221575794960646,3.1878636588588565,7.125,1.0,0.0,0.0,0.0,1.0,7.125,0.890625,5.119618055555556,0.32054524628916986,0.36004774305555554,0.05,2,0.0,2,31.18125,0.0,0.0,0.0,0.0,0.0,0.0,0.0,0.0,,3397,652224,0.7199999999999999,0.0,0.0,0.0,0.0,0,1.84375,0.775,4.48125,0.5571397569444445,0.08203125,1.6625,0.69375,1.15,1.4887383571249466,151.91920519728703,0.3482846754650003,0.3295346754650003,0.36953609385596875,0.36953609385596875,0.975,0.0,0.025,0.0,1.57276284536347,4.49666985240524,7.300830451968668,0.98125,0.020644386125660528,0.22559497439856685,1.8972452168721277,0.12500000000015965,0.5557812807382153,0.020644386125660528,1.0,5.14375,151.91920519728703,0.25956209424450394,0.25956209424450394,0.5959343430451675
failure_only,13022,1.0877561250235885,0.0,flocking_topology_resilient,13022,3.7146487570374735,0.7372593505270287,0.4512803819444445,1.2131333189971907,0.7062583189971905,0.3375,0.0,0.6625,0.1,1.0,0.01875,0.15881076388888887,75,0.9959568462411629,2.9418888582861094,4.536726286819896,155.9048626857163,0.96015625,0.9056986384298045,2.0756009681044234,3.622315577655582,11.355897482919008,4.288564179540797,7.125,1.0,0.0,0.0,0.0,1.0,7.125,0.890625,5.235243055555555,0.4384237703796473,0.3455946180555555,0.05,2,0.0,2,31.7875,0.0,0.0,0.0,0.0,0.0,0.0,0.0,0.0,,3409,654528,0.7199999999999999,0.0,0.0,0.0,0.0,0,1.6,0.46875,4.5625,0.5676866319444445,0.0859375,1.55625,0.66875,1.09375,1.4695549202089573,139.0976178771564,0.31826880054240064,0.31826880054240064,0.36123863926243416,0.36123863926243416,1.0,0.0,0.0,0.0,1.5020797855327763,4.519485190290862,7.287086735483922,0.96875,0.0162821623436259,0.07781939965327568,1.8297894607797383,0.12601970410161553,0.5227026967174282,0.0162821623436259,1.0,5.25625,139.0976178771564,0.27590501469647305,0.27590501469647305,0.6404342906041363
failure_only,13023,1.3246880408842117,0.0,flocking_topology_resilient,13023,2.5073343920735796,0.6849875529083748,0.5933376736111111,0.9752829767198292,0.6055954767198294,0.51875,0.0,0.48125,0.0875,0.2857142857142857,0.0125,0.2554253472222222,82,0.6804439827291938,1.7405779953275917,5.088020922467684,7.739221677622543,0.9507068452380952,2.30017402799503,1.9414444011961223,3.659618688870059,13.399558694090222,3.1684442524531975,7.125,1.0,0.0,0.0,0.0,1.03125,7.0,0.875,6.309201388888889,0.3396430915235841,0.21134982638888888,0.05,2,0.025,4,39.24375,0.025,0.0,0.0,0.0,0.0,0.0,0.0,0.0,,3379,648768,0.7199999999999999,0.0,0.0,0.0,0.0,0,1.58125,0.5125,4.975,0.619900173611111,0.1671875,0.39375,0.24375,0.4125,1.6774982367983662,157.47282516580862,0.2869556193254559,0.28226811932545587,0.31913747821445765,0.31913747821445765,0.99375,0.0,0.00625,0.0,1.5330829005508206,4.168263126670691,9.013082661021965,0.975,0.015219977519484812,0.11267411927448108,1.8340633763632037,0.12601969512342476,0.46597449828909027,0.015219977519484812,1.0,6.3875,157.47282516580862,0.2822337996691543,0.28229169218815436,0.5880724082373652
failure_only,13024,1.0857876669615507,0.0,flocking_topology_resilient,13024,3.5851875202142978,0.6395321680583945,0.4628689236111111,1.1103111342818175,0.5615611342818176,0.2875,0.0,0.7125,0.14375,0.0,0.0,0.16167534722222224,74,0.6827811260427601,1.3604454657226233,4.6679722520226345,13.413658458186474,0.968125,0.7564251176623646,2.048347952064162,3.5945857793756177,10.538655710757714,2.6472668619202593,7.125,1.0,0.0,0.0,0.0,1.0,7.125,0.890625,5.271701388888888,0.44927959197324724,0.34103732638888895,0.05,2,0.0,2,31.93125,0.0,0.0,0.0,0.0,0.0,0.0,0.0,0.0,,3407,654144,0.7199999999999999,0.0,0.0,0.0,0.0,0,1.61875,0.4625,4.5625,0.567556423611111,0.090625,1.53125,0.63125,1.08125,1.4414563420515616,147.2305000297347,0.35637025242455894,0.35168275242455893,0.4022798488283132,0.4022798488283132,0.99375,0.0,0.00625,0.0,1.770264919307498,5.244168085323229,7.535549796603629,0.975,0.01840530099761518,0.11607536794087367,1.8354556354308333,0.1250000000003641,0.5476854417094936,0.01840530099761518,1.0,5.29375,147.2305000297347,0.3080463223669757,0.3080463223669757,0.5615611342818176
failure_only,13025,1.0648696250282228,0.0,flocking_topology_resilient,13025,1.4169096339838254,0.6203164888818189,0.53515625,1.1155245642914733,0.5439620642914731,0.25625,0.0,0.74375,0.1375,0.0,0.0,0.121875,124,0.6578020563437714,1.5907839303051126,4.44286013447037,8.01944713886656,0.9763541666666665,1.8210209309350183,1.997475052892493,3.733622627837382,10.868059678600634,5.651266510735872,7.125,1.0,0.0,0.0,0.0,1.0,7.125,0.890625,5.1,0.3511937582891699,0.3625,0.05,2,0.0,2,30.55,0.0,0.0,0.0,0.0,0.0,0.0,0.0,0.0,,3390,650880,0.7199999999999999,0.0,0.0,0.0,0.0,0,1.9,0.775,4.4,0.55,0.08671875,1.6125,0.69375,1.25625,1.5107458828698703,153.86393563166595,0.32741333140435497,0.31803833140435495,0.3697154459834974,0.3697154459834974,0.9875,0.0,0.0125,0.0,1.5886579792796094,4.8019571482925905,10.738233932118435,0.975,0.02023961590167282,0.13676730803982892,1.882769499485205,0.12661617892249719,0.5378532637219116,0.02023961590167282,1.0,5.1,153.86393563166595,0.27796347045863684,0.27796347045863684,0.5434298576614792
failure_only,13026,1.3414998748339713,0.0,flocking_topology_resilient,13026,2.3991927822289414,0.7180105589311132,0.6235243055555555,0.9854400867213894,0.6457525867213892,0.55625,0.0,0.44375,0.06875,0.0,0.0,0.33220486111111114,78,0.729102822961626,1.847600290126912,4.883416801330882,7.63195518774144,0.96640625,0.635595498288792,2.1449932010836035,3.6705366839462954,9.664164436991259,2.646675884737206,7.125,1.0,0.0,0.0,0.0,1.0625,6.9,0.8625,6.350694444444445,0.434098704648174,0.20616319444444448,0.05,2,0.05,6,40.5375,0.05,0.0,0.0,0.0,0.0,0.0,0.0,0.0,,3330,639360,0.7199999999999999,0.0,0.0,0.0,0.0,0,1.59375,0.4875,5.25625,0.6532118055555556,0.1390625,0.11875,0.11875,0.3375,1.6747705349691802,132.47055464641397,0.3193271115220177,0.3193271115220177,0.36489812796708926,0.36489812796708926,1.0,0.0,0.0,0.0,1.884771922650802,5.713271646491049,8.393223549204865,0.95625,0.013697049048299164,0.052023616734170816,1.791252516514227,0.12661617853275725,0.4506078499543351,0.013697049048299164,1.0,6.48125,132.47055464641397,0.31845830029216776,0.2999993304355266,0.6397692083171802
failure_only,13027,1.3651580000296235,0.0,flocking_topology_resilient,13027,2.0573205215057224,0.6634299184622868,0.632009548611111,0.9746937391143533,0.6084437391143533,0.525,0.0,0.475,0.1,0.0,0.0,0.30386284722222223,78,0.6817052774744896,1.7237111822337496,4.584309569738806,8.997485244597744,0.9761532738095238,2.143729613900847,2.099334351639022,3.6397594185376376,13.107437268888441,2.682531956809684,7.125,1.0,0.0,0.0,0.0,1.0125,7.0875,0.8859375,6.568576388888888,0.1602014685568,0.1789279513888889,0.05,2,0.0375,6,41.0375,0.0375,0.0,0.0,0.0,0.0,0.0,0.0,0.125,,3354,643968,0.7199999999999999,0.0,0.0,0.0,0.0,0,1.55,0.5,5.11875,0.6382595486111111,0.18046875,0.16875,0.15625,0.3625,1.6716204888350674,161.96869870369196,0.28476421013601616,0.28476421013601616,0.31733249236520206,0.31733249236520206,1.0,0.0,0.0,0.0,1.5325078788966215,3.9192486050160817,8.840319307663476,0.96875,0.009999999999999998,0.01,1.8876311335958669,0.12601969532913593,0.4242855070144557,0.009999999999999998,1.0,6.64375,161.96869870369196,0.2787173266853505,0.2776428322977552,0.6063680836860159
failure_only,13028,1.3250794161576778,0.0,flocking_topology_resilient,13028,2.238715360798121,0.6315767245245211,0.59453125,0.9286904342638511,0.5683779342638511,0.53125,0.0,0.46875,0.0875,0.03571428571428571,0.00625,0.2414062500000062,100,0.6839726850993906,1.6557005260458015,4.459409878230471,10.619159118626445,0.9642559523809524,0.7326109475010416,2.232462977184908,3.6905510409980864,15.737667833487041,3.604926717811035,7.125,1.0,0.0,0.0,0.0,1.025,7.04375,0.88046875,6.2,0.5530761889571473,0.225,0.05,2,0.05,5,38.93125,0.05625,0.0,0.0,0.0,0.0,0.0,0.0,0.04166666666666663,,3375,648000,0.7199999999999999,0.0,0.0,0.0,0.0,0,1.7125,0.63125,4.94375,0.612890625,0.16210937500000625,0.44375,0.24375,0.5375,1.6646556245165693,173.37150689805324,0.3274623114504426,0.3274623114504426,0.3726350358447629,0.3726350358447629,1.0,0.0,0.0,0.0,1.9853416707577616,4.986227452002168,13.801843779838823,0.9625,0.015377214281437249,0.09789620974651732,1.9282188439273096,0.1250000026752111,0.4623820467599421,0.015377214281437249,1.0,6.31875,173.37150689805324,0.3186123186391379,0.3192079114437652,0.5610479994810673
failure_only,13029,1.096007833024487,0.0,flocking_topology_resilient,13029,3.7244028593147087,0.8264655883644993,0.4341145833333333,1.307349371196705,0.703911871196705,0.20625,0.0,0.79375,0.08125,0.0,0.0,0.14947916666666666,75,0.8330930508123562,1.6136381880735058,4.680331349485176,17.36248728373382,0.9606770833333332,2.1494587765856923,2.215691962046769,3.6220458668149775,13.116865094203897,3.0558740353817013,7.125,1.0,0.0,0.0,0.0,1.0,7.125,0.890625,5.191666666666666,0.5048008910596167,0.3510416666666667,0.05,2,0.0,2,30.96875,0.0,0.0,0.0,0.0,0.0,0.0,0.0,0.0,,3410,654720,0.7199999999999999,0.0,0.0,0.0,0.0,0,1.6375,0.46875,4.46875,0.5583333333333333,0.090625,1.66875,0.69375,1.125,1.5009251805060795,165.16497920941072,0.3864950367456739,0.36774503674567394,0.42317324258602235,0.42317324258602235,0.975,0.0,0.025,0.0,1.9645286329851512,6.669624868151058,10.313634381943235,0.9375,0.021101072284662643,0.1545590048716431,2.041845926472547,0.12661617877811454,0.5687096259207507,0.021101072284662643,1.0,5.19375,165.16497920941072,0.31114706788139174,0.31114706788139174,0.703911871196705
partition_only,13000,1.3150442920159549,0.0,flocking_topology_resilient,13000,4.025827255987763,0.7284202052917819,0.5119791666666667,1.1020023902283886,0.6785648902283885,0.44375,0.0,0.55625,0.0625,0.037037037037037035,0.00625,0.221875,114,0.7796725158321501,1.257414953120292,3.6546284983276807,33.689516557466014,0.9807291666666667,0.0,1.9756917286092297,3.6858297858274733,4.689031950396178,2.0019191456527747,8.0,1.0,0.0,0.4375,0.0,2.15,5.48125,0.68515625,5.2375,0.3625524462891699,0.3453125,0.0,0,0.15625,16,33.88125,0.15625,0.0,0.0,0.0,0.0,0.0,0.0,0.1458333333333333,,2721,522432,0.7199999999999999,0.0,0.0,0.0,0.0,0,1.79375,0.7125,4.99375,0.6076822916666667,0.046484375,0.0,0.0,0.1,1.538644809972655,194.69421249442777,0.41388501780179754,0.3716975178017975,0.4333996185072968,0.4333996185072968,0.94375,0.0,0.05625,0.0,1.7964079310260643,5.408110149062104,10.018046060222371,0.96875,0.028377849195240036,0.20803628702551863,1.9034858740919804,0.12499999999999996,0.6696488494936901,0.028377849195240036,1.0,5.4,194.69421249442777,0.363822682059881,0.2784229750632282,0.6633225589628811
partition_only,13001,1.3298915419727564,0.0,flocking_topology_resilient,13001,4.053016519696782,0.863171868114568,0.5265625,1.1770098600900065,0.7488848600900064,0.4375,0.0,0.5625,0.0625,0.0,0.0,0.23098958333333336,78,0.8562039081606038,1.350823211922565,4.290983396152922,11.770224811443622,0.9589657738095237,0.0,2.000688511025903,3.6891091317128883,4.703428654563505,2.014065693257851,8.0,1.0,0.0,0.4375,0.0,2.09375,5.5125,0.6890625,5.319791666666667,0.20231726333010341,0.3350260416666666,0.0,0,0.2,17,34.30625,0.2,0.0,0.0,0.0,0.0,0.0,0.0,0.08333333333333337,,2745,527040,0.7199999999999999,0.0,0.0,0.0,0.0,0,1.5375,0.475,5.025,0.6138020833333334,0.049609375,0.0,0.0,0.08125,1.529904773372866,156.18373472103727,0.43330812863431767,0.38643312863431767,0.4618191203672504,0.4618191203672504,0.9375,0.0,0.0625,0.0,1.8641407238879186,5.001078741827422,11.357319346476265,0.96875,0.030430622215412373,0.2116722415336196,1.8470787936712068,0.12500000167593556,0.6854825944646643,0.030430622215412373,1.0,5.46875,156.18373472103727,0.38351701009266254,0.2723978832530495,0.7488848600900064
partition_only,13002,1.3803009591065347,0.0,flocking_topology_resilient,13002,3.9423669831680286,0.6701823050388603,0.521484375,1.0197112974313023,0.5915862974313021,0.4375,0.0,0.5625,0.0625,0.0,0.0,0.31484375,76,0.6836719601671349,1.3302231342043633,4.099796869971207,6.668091570997564,0.9866071428571429,0.0,1.9038539275064594,3.6972187500101903,4.846593275881583,1.9558142246477168,8.0,1.0,0.0,0.4375,0.0,2.13125,5.8625,0.7328125,5.625,0.2798589936837516,0.296875,0.0,0,0.15,17,36.8375,0.15,0.0,0.0,0.0,0.0,0.0,0.0,0.16666666666666666,,2916,559872,0.7199999999999999,0.0,0.0,0.0,0.0,0,1.5125,0.475,5.375,0.656640625,0.045703125,0.0,0.0,0.10625,1.554293229305708,155.2928587767304,0.39814245331260756,0.39814245331260756,0.4583741383614801,0.4583741383614801,1.0,0.0,0.0,0.0,2.1244462676213325,5.933587875201935,12.374118043259223,0.95,0.014347370125618156,0.0523591120484508,1.8869028716222804,0.1250000000003421,0.5094219765238676,0.014347370125618156,1.0,5.76875,155.2928587767304,0.3901472301964163,0.2850496063720116,0.5915862974313021
partition_only,13003,1.3458120001014322,0.0,flocking_topology_resilient,13003,3.791839890506687,1.017946813348731,0.5305989583333334,1.30687088749216,0.8787458874921599,0.4375,0.0,0.5625,0.0625,0.0,0.0,0.24296875,79,1.0244660509678711,1.4007460311344957,3.89609275279673,7.885484704768222,0.9765625,0.0,1.9855645096063952,3.6914949180151795,4.7008880805467514,2.016981578892163,8.0,1.0,0.0,0.4375,0.0,2.08125,5.59375,0.69921875,5.388541666666667,0.33594658365299657,0.3264322916666667,0.0,0,0.24375,21,34.73125,0.24375,0.0,0.0,0.0,0.0,0.0,0.0,0.14583333333333331,,2749,527808,0.7199999999999999,0.0,0.0,0.0,0.0,0,1.64375,0.51875,5.01875,0.6139322916666667,0.05963541666666666,0.0,0.0,0.0875,1.5629447934421261,193.21518823109835,0.37204623340066295,0.357983733400663,0.42619980233195437,0.42619980233195437,0.98125,0.0,0.01875,0.0,1.7557248692175087,5.947290834277751,10.931933743846326,0.95,0.01727187577507695,0.18236979958928687,1.822277744672227,0.12500000000011222,0.5613034460207851,0.01727187577507695,1.0,5.55625,193.21518823109835,0.36005481571593667,0.2787975538618896,0.8736873207026017
partition_only,13004,1.4144185420591384,0.0,flocking_topology_resilient,13004,1.126274926828259,0.6329280908422401,0.6704427083333333,1.009600173051949,0.5814751730519488,0.4375,0.0,0.5625,0.0625,0.0,0.0,0.34401041666666665,114,0.6439566881864585,1.5848010410459608,4.331237109809586,6.212531225918094,0.99453125,0.0,1.9434927052194524,3.7080588319286476,4.802753979424269,1.9292685706492048,8.0,1.0,0.0,0.4375,0.0,2.1875,5.875,0.734375,5.719791666666667,0.3351456462891699,0.2850260416666667,0.0,0,0.1,11,37.3375,0.1,0.0,0.0,0.0,0.0,0.0,0.0,0.08333333333333337,,2902,557184,0.7199999999999999,0.0,0.0,0.0,0.0,0,1.75,0.7125,5.45,0.6712239583333333,0.04375,0.0,0.0,0.0875,1.5691784626561749,156.420713277658,0.32849607097272904,0.32849607097272904,0.37557069888676653,0.37557069888676653,1.0,0.0,0.0,0.0,1.7662458901111642,4.894704693881821,8.648476429738679,0.96875,0.01672959385173143,0.08114607593795861,1.9111589898339751,0.12661618037057398,0.492234665350937,0.01672959385173143,1.0,5.8125,156.420713277658,0.3244573716870833,0.2778004168667082,0.5814751730519488
partition_only,13005,1.499958791071549,0.0,flocking_topology_resilient,13005,1.1454520128158705,0.604119025310876,0.6529947916666667,0.9643234923629649,0.5361984923629649,0.4375,0.0,0.5625,0.0625,0.0,0.0,0.33828125,114,0.6354422316025803,1.5322653000901874,3.882671714609501,8.196740383351333,0.9890625,0.0,1.9036791009646599,3.7004789550569526,4.750965375868326,1.9135398733579894,8.0,1.0,0.0,0.4375,0.0,2.1625,5.88125,0.73515625,5.721875,0.4504185796225032,0.284765625,0.0,0,0.10625,12,37.33125,0.10625,0.0,0.0,0.0,0.0,0.0,0.0,0.10416666666666669,,2906,557952,0.7199999999999999,0.0,0.0,0.0,0.0,0,1.78125,0.71875,5.41875,0.6662760416666667,0.04895833333333333,0.0,0.0,0.1,1.5392767851701878,173.08253159070642,0.3067471663428794,0.2879971663428794,0.3229519289950817,0.3229519289950817,0.975,0.0,0.025,0.0,1.3491159516775366,3.5038145266906273,6.1030571112657555,0.99375,0.022988119543397478,0.16694120818581326,1.9889661296182743,0.1250000000021787,0.5490596738209274,0.022988119543397478,1.0,5.825,173.08253159070642,0.28436795272223536,0.251378652481011,0.5361984923629649
partition_only,13006,1.3170509580522776,0.0,flocking_topology_resilient,13006,1.1535826349313176,0.6854093968120822,0.6048177083333396,1.0396414223998618,0.6115164223998619,0.4375,0.0,0.5625,0.0625,0.0,0.0,0.2247395833333396,82,0.7037991587939313,1.8921767801948288,4.704810011708496,8.851155030118003,0.959375,0.0,2.093520412222172,3.699305101280591,4.76185863030844,1.9990650713592983,8.0,1.0,0.0,0.4375,0.0,1.99375,5.50625,0.68828125,5.276041666666666,0.4617164999777498,0.3404947916666667,0.0,0,0.20625,21,34.3875,0.20625,0.0,0.0,0.0,0.0,0.0,0.0,0.12499999999999994,,2746,527232,0.7199999999999999,0.0,0.0,0.0,0.0,0,1.575,0.51875,5.025,0.6110677083333333,0.04843750000000625,0.00625,0.00625,0.15625,1.5224617099119733,174.38345258401515,0.4268317313651706,0.36589423136517063,0.42443219049271663,0.42443219049271663,0.91875,0.0,0.08125,0.0,1.8325322081873463,5.114178587642009,10.836564690915221,0.9625,0.031666037369286956,0.19194321055239877,1.9369627917965482,0.12500000000331918,0.6731160493648842,0.031666037369286956,1.0,5.45,174.38345258401515,0.3577838881540617,0.26432328669257166,0.6115164223998619
partition_only,13007,1.4088097498752177,0.0,flocking_topology_resilient,13007,4.060632748466719,0.8469289393997184,0.46171875,1.1707581119464128,0.7426331119464129,0.4375,0.0,0.5625,0.0625,0.0,0.0,0.13359375,116,0.8443863822922884,1.121997773823418,3.6976905721327875,6.311051298758741,0.96796875,0.0,2.014256622716304,3.6800135844544997,4.946000666098232,2.0571850977296258,8.0,1.0,0.0,0.4375,0.0,2.16875,5.11875,0.63984375,4.903125,0.7530895022891698,0.387109375,0.0,0,0.1,9,31.2375,0.1,0.0,0.0,0.0,0.0,0.0,0.0,0.14583333333333334,,2895,555840,0.7199999999999999,0.0,0.0,0.0,0.0,0,1.8375,0.74375,4.64375,0.56328125,0.048828125,0.0,0.0,0.05625,1.567744375800204,190.94982572378098,0.5482703181300927,0.4545203181300927,0.5452533237850143,0.5452533237850143,0.875,0.0,0.125,0.0,1.8581657736887265,4.932056932951185,9.834051380145793,0.98125,0.04128030284315411,0.27357944257313266,1.90033278212777,0.12500000106719633,0.8638149903980636,0.04128030284315411,1.0,5.06875,190.94982572378098,0.4548037352282597,0.291314335486074,0.741590317655497
partition_only,13008,1.3263984580989927,0.0,flocking_topology_resilient,13008,1.139661168074003,0.6922862001176321,0.6053385416666667,1.0457492022899235,0.6269992022899235,0.45,0.0,0.55,0.0625,0.047619047619047616,0.00625,0.2296875,107,0.7132704772855248,1.8535092192239992,4.9279236645834725,23.47319819840283,0.9599330357142858,0.0,2.0671809963715084,3.7114130881370935,4.661925441761558,1.966538605451558,8.0,1.0,0.0,0.4375,0.0,2.1,5.5,0.6875,5.275,0.21197809437181733,0.340625,0.0,0,0.18125,20,34.0375,0.18125,0.0,0.0,0.0,0.0,0.0,0.0,0.10416666666666669,,2741,526272,0.7199999999999999,0.0,0.0,0.0,0.0,0,1.74375,0.66875,5.01875,0.6127604166666666,0.04544270833333333,0.0,0.0,0.10625,1.5329099280416907,143.6279382646761,0.41672716625767653,0.38391466625767656,0.44994546964587806,0.44994546964587806,0.95625,0.0,0.04375,0.0,2.052232668479371,6.117648221454348,12.530164141248525,0.94375,0.025362238996358522,0.17605916751089726,1.9959940205078026,0.1266161785386654,0.6040440693898563,0.025362238996358522,1.0,5.41875,143.6279382646761,0.3889324814758883,0.281675341769671,0.6069610798991389
partition_only,13009,1.4159990409389138,0.0,flocking_topology_resilient,13009,1.2081243899133434,0.6213922374805134,0.6223958333333334,0.9778097342327691,0.5496847342327692,0.4375,0.0,0.5625,0.0625,0.0,0.0,0.25078125,108,0.6364473683899518,1.585979892731037,4.426327786178268,6.823588726644152,0.96328125,0.0,1.985552137238613,3.707594197300433,4.797147636935553,1.969761930630216,8.0,1.0,0.0,0.4375,0.0,2.2,5.5375,0.6921875,5.396875,0.21718771826515065,0.325390625,0.0,0,0.125,15,34.7875,0.125,0.0,0.0,0.0,0.0,0.0,0.0,0.08333333333333337,,2726,523392,0.7199999999999999,0.0,0.0,0.0,0.0,0,1.7375,0.675,5.075,0.6225260416666667,0.052083333333333336,0.0,0.0,0.08125,1.5580201560164044,157.64576572856018,0.3874092755441707,0.34053427554417065,0.4013389109194441,0.4013389109194441,0.9375,0.0,0.0625,0.0,1.682004383078435,4.715391838897401,8.481896774377184,0.98125,0.029419764870400246,0.2512098450037762,1.923072731180202,0.12500000000152206,0.6370663653482798,0.029419764870400246,1.0,5.51875,157.64576572856018,0.340294802711818,0.2593203391274027,0.5496847342327692
partition_only,13010,1.3510861250106245,0.0,flocking_topology_resilient,13010,1.263397167977216,0.6449843918266985,0.6161458333333333,0.986289267503197,0.572226767503197,0.45625,0.0,0.54375,0.0625,0.0,0.0,0.25,76,0.6460938452619286,1.5816299531640219,3.6592186954802166,7.839104345875807,0.971875,0.0,1.9292594058822417,3.7192232542326282,4.706381360157953,1.923010731988791,8.0,1.0,0.0,0.4375,0.0,2.0,5.7375,0.7171875,5.445833333333334,0.22614786374089743,0.31927083333333334,0.0,0,0.2875,27,34.73125,0.2875,0.0,0.0,0.0,0.0,0.0,0.0,0.08333333333333337,,2740,526080,0.7199999999999999,0.0,0.0,0.0,0.0,0,1.50625,0.475,5.0,0.6171875,0.061979166666666675,0.0,0.0,0.1875,1.5377735462260447,138.33597558383073,0.3679044632190995,0.3679044632190995,0.42188330223731235,0.42188330223731235,1.0,0.0,0.0,0.0,2.014645593492469,5.35138521571005,7.889942291032056,0.95625,0.015035386724829994,0.06875110684431009,1.7993750946975708,0.12661617858795227,0.49612629666906455,0.015035386724829994,1.0,5.6,138.33597558383073,0.36358674713699857,0.28066247495356567,0.572226767503197
partition_only,13011,1.4210022089537233,0.0,flocking_topology_resilient,13011,1.0431310538201826,0.6701627912674101,0.600390625,1.0257285705614092,0.5976035705614091,0.4375,0.0,0.5625,0.0625,0.0,0.0,0.23828125,92,0.6858736985881723,1.7475629133575592,4.733160702039967,10.19615618068687,0.953125,0.0,1.9835487402008218,3.6853291784742597,4.7359104560120455,2.0079466457051054,8.0,1.0,0.0,0.4375,0.0,2.0625,5.45,0.68125,5.2375,0.5517895410493501,0.3453125,0.0,0,0.20625,20,33.9875,0.20625,0.0,0.0,0.0,0.0,0.0,0.0,0.125,,2739,525888,0.7199999999999999,0.0,0.0,0.0,0.0,0,1.675,0.60625,5.03125,0.615234375,0.0375,0.0,0.0,0.025,1.5279764657490003,178.20010321288277,0.4161102763586307,0.3692352763586307,0.43581151609360264,0.43581151609360264,0.9375,0.0,0.0625,0.0,1.8161435267716115,4.7397585632421455,10.620367844892204,0.96875,0.030158115847647236,0.1900385302799942,2.082637183373325,0.12601969524305773,0.6517365113974788,0.030158115847647236,1.0,5.425,178.20010321288277,0.3658815793933101,0.2626587007359262,0.5896053514630613
partition_only,13012,1.3388310829177499,0.0,flocking_topology_resilient,13012,4.003655228931528,0.6351410650050089,0.48906250000001245,0.9907046314215083,0.5625796314215084,0.4375,0.0,0.5625,0.0625,0.0,0.0,0.11328125000002501,70,0.6376579285963778,1.0561356304028409,3.1061663242693323,7.569360485186109,0.97421875,0.0,1.9912125199321813,3.6776128663045653,4.860424641082033,2.0187688164786506,8.0,1.0,0.0,0.4375,0.0,2.1375,5.15625,0.64453125,4.759375,0.5154836674186853,0.405078125,0.0,0,0.20625,19,30.83125,0.225,0.0,0.0,0.0,0.0,0.0,0.0,0.12499999999999989,,2884,553728,0.7199999999999999,0.0,0.0,0.0,0.0,0,1.5375,0.5,4.61875,0.5558593750000125,0.0382812500000125,0.08125,0.08125,0.19375,1.5553747649696208,220.46450557015714,0.4536115118235302,0.4020490118235302,0.48301945443726463,0.48301945443726463,0.93125,0.0,0.06875,0.0,1.472722586764817,4.352305746377498,9.453244545539025,0.98125,0.03318280517990265,0.22355243832832822,1.8241711221894135,0.125000000001872,0.7963497127094141,0.03318280517990265,1.0,4.98125,220.46450557015714,0.4086516408164222,0.28637210110594363,0.5585572434660533
partition_only,13013,1.4431834579445422,0.0,flocking_topology_resilient,13013,3.8175509895825077,0.6978699250565663,0.525,1.0542057884179545,0.6260807884179547,0.4375,0.0,0.5625,0.0625,0.25,0.00625,0.2533854166666729,77,0.7179183908575726,1.0830239377006072,3.1824821610320315,6.3790595015802465,0.98046875,0.0,1.9811391256879225,3.683809130650199,4.74036861161579,1.973089466300977,8.0,1.0,0.0,0.4375,0.0,2.09375,5.59375,0.69921875,5.407291666666667,0.3963005056699019,0.3240885416666667,0.0,0,0.21875,23,34.8875,0.21875,0.0,0.0,0.0,0.0,0.0,0.0,0.14583333333333334,,2750,528000,0.7199999999999999,0.0,0.0,0.0,0.0,0,1.51875,0.5125,5.075,0.6243489583333333,0.05156250000000625,0.0,0.0,0.1125,1.5287985979724232,195.57031643374296,0.3762472464153541,0.37155974641535416,0.43217714082479125,0.43217714082479125,0.99375,0.0,0.00625,0.0,1.7679159144425483,4.652171740589468,7.032329031420589,0.98125,0.01632330995085284,0.11301021728763745,1.7957418388107982,0.1260196951238884,0.5507161800174047,0.01632330995085284,1.0,5.5375,195.57031643374296,0.3670192430238073,0.28199549059851464,0.6170033300594484
partition_only,13014,1.3633021670393646,0.0,flocking_topology_resilient,13014,3.638994766958056,0.6386421866584435,0.5408854166666667,0.9786677227835471,0.5505427227835471,0.4375,0.0,0.5625,0.0625,0.0,0.0,0.2549479166666667,77,0.6498706066790615,1.217952501664553,4.230362264009901,8.01178734526031,0.96484375,0.0,2.017807092773912,3.6939948720276874,4.7123723520747225,1.9336409121671765,8.0,1.0,0.0,0.4375,0.0,1.95625,5.7125,0.7140625,5.476041666666666,0.37739867732615207,0.31549479166666666,0.0,0,0.2875,24,35.33125,0.2875,0.0,0.0,0.0,0.0,0.0,0.0,0.08333333333333337,,2775,532800,0.7199999999999999,0.0,0.0,0.0,0.0,0,1.5375,0.48125,5.075,0.6233072916666667,0.059895833333333336,0.0,0.0,0.0625,1.531507862087379,169.67295986212207,0.3675180644615979,0.3581430644615979,0.4088027544915721,0.4088027544915721,0.9875,0.0,0.0125,0.0,1.8025221158546922,4.612625901153029,10.791571712015624,0.96875,0.022199015365820744,0.14680093651475265,1.9233352373020813,0.12661617853357615,0.575062648271471,0.022199015365820744,1.0,5.68125,169.67295986212207,0.35519430400066143,0.2863498168992771,0.5505427227835471
partition_only,13015,1.410223500104621,0.0,flocking_topology_resilient,13015,3.8280226031595745,0.7249451453465321,0.529296875,1.0691945641356078,0.6463820641356077,0.44375,0.0,0.55625,0.05625,0.0,0.0,0.23333333333333334,140,0.7351925567798344,1.4710749733128825,5.125514577786819,6.644208906978362,0.959375,0.0,2.1587783148163835,3.701499272941547,4.695498559306926,2.0051768225532958,8.0,1.0,0.0,0.4375,0.0,2.05625,5.66875,0.70859375,5.351041666666667,0.4932611640933904,0.3311197916666667,0.0,0,0.24375,24,34.4375,0.24375,0.0,0.0,0.0,0.0,0.0,0.0,0.16666666666666666,,2761,530112,0.7199999999999999,0.0,0.0,0.0,0.0,0,1.9875,0.86875,4.9875,0.6119791666666667,0.05533854166666667,0.0125,0.0125,0.15625,1.5649298953529789,164.89214400585493,0.4007338079030337,0.3866713079030337,0.4680779184031092,0.4680779184031092,0.98125,0.0,0.01875,0.0,2.0139062617601056,6.042021229654413,9.250895452978291,0.94375,0.020829658615599513,0.16520319799811645,1.9384161188059639,0.1260198677404282,0.5788844617699832,0.020829658615599513,1.0,5.55625,164.89214400585493,0.3732914657268991,0.27644231505782485,0.6463820641356077
partition_only,13016,1.3567530422005802,0.0,flocking_topology_resilient,13016,3.9290183218292283,0.9559340177283359,0.529296875,1.2583071867550326,0.8301821867550327,0.4375,0.0,0.5625,0.0625,0.0,0.0,0.2302083333333333,78,0.9624293699262508,1.0568414293824353,3.206398238054018,6.6221813040075235,0.9886160714285716,0.0,1.9672787441117023,3.6873597778934313,4.7698685837500685,1.985411366396706,8.0,1.0,0.0,0.4375,0.0,2.14375,5.51875,0.68984375,5.314583333333333,0.2791559726380542,0.3356770833333333,0.0,0,0.15,16,34.3375,0.15,0.0,0.0,0.0,0.0,0.0,0.0,0.1875,,2733,524736,0.7199999999999999,0.0,0.0,0.0,0.0,0,1.50625,0.4875,5.03125,0.6143229166666666,0.05,0.0,0.0,0.09375,1.5262040872765301,192.8812101362577,0.4029001764218435,0.36540017642184364,0.4290766179289167,0.4290766179289167,0.95,0.0,0.05,0.0,1.740962799344841,5.291253293468275,9.307595236701154,0.96875,0.02504904397323015,0.2193126149817489,1.7471428499061652,0.12601969526911672,0.6404791437117732,0.02504904397323015,1.0,5.45625,192.8812101362577,0.3632430846774652,0.28070148150262203,0.8274499213748208
partition_only,13017,1.4306517909280956,0.0,flocking_topology_resilient,13017,1.3777740666883387,0.6880391570009577,0.596484375,1.082542996900171,0.6637929969001712,0.45,0.0,0.55,0.0625,0.06382978723404255,0.01875,0.2236979166666667,133,0.9630842346506875,3.5711319221082634,3.9710519548145653,181.19816258480955,0.9703125,0.0,2.010477500059401,3.69926085329502,4.707065139258644,2.025482600322014,8.0,1.0,0.0,0.4375,0.0,2.10625,5.5375,0.6921875,5.290625,0.3325555248215256,0.338671875,0.0,0,0.2375,27,34.29375,0.2375,0.0,0.0,0.0,0.0,0.0,0.0,0.1458333333333333,,2737,525504,0.7199999999999999,0.0,0.0,0.0,0.0,0,1.9125,0.83125,5.0,0.6095052083333334,0.050520833333333334,0.00625,0.00625,0.125,1.5669169627227282,174.50373706430847,0.2946203660299434,0.2852453660299434,0.32906130859599775,0.32906130859599775,0.9875,0.0,0.0125,0.0,1.2424099718710468,3.5410947111856657,5.446486363618305,1.0,0.01974417157663714,0.13868813423539672,1.8501992280561006,0.1250000000348765,0.5449331874919817,0.01974417157663714,1.0,5.48125,174.50373706430847,0.28419490440659345,0.26343172472921256,0.5975238428115129
partition_only,13018,1.4364484171383083,0.0,flocking_topology_resilient,13018,1.095382139945875,0.6324721353189727,0.666015625,0.9809599422580252,0.5622099422580253,0.45,0.0,0.55,0.0625,0.0,0.0,0.33359375,124,0.6569540339278025,1.612016659798276,4.317931882409754,9.648525882280053,0.96796875,0.0,1.9877681915110414,3.6931485224606435,4.8935556916020655,1.912520022677279,8.0,1.0,0.0,0.4375,0.0,2.14375,5.875,0.734375,5.7020833333333325,0.21323467206776847,0.2872395833333333,0.0,0,0.14375,13,37.3375,0.14375,0.0,0.0,0.0,0.0,0.0,0.0,0.08333333333333337,,2879,552768,0.7199999999999999,0.0,0.0,0.0,0.0,0,1.83125,0.775,5.4375,0.666015625,0.04674479166666666,0.00625,0.00625,0.10625,1.5390654098858871,150.09127383938232,0.3322416421526496,0.3228666421526496,0.3751236479478805,0.3751236479478805,0.9875,0.0,0.0125,0.0,1.7385836442679303,5.095657619903708,12.090051621336277,0.9625,0.01685255668926553,0.12716227895908683,1.8107213684938803,0.12601969513268418,0.5035239673715861,0.01685255668926553,1.0,5.84375,150.09127383938232,0.32147743315717714,0.28179678002821534,0.5622099422580253
partition_only,13019,1.4694529578555375,0.0,flocking_topology_resilient,13019,1.3018632710214066,0.6875699613109459,0.646875,1.0541868974652124,0.6260618974652123,0.4375,0.0,0.5625,0.0625,0.0,0.0,0.3203125,100,0.6698617573488482,1.6975143018393166,4.514929860469822,13.51799504013254,0.97734375,0.0,1.9869692387053113,3.6930488087325046,4.79051914355801,1.9189584634903905,8.0,1.0,0.0,0.4375,0.0,2.18125,5.875,0.734375,5.675,0.09057967774846457,0.290625,0.0,0,0.13125,15,37.08125,0.13125,0.0,0.0,0.0,0.0,0.0,0.0,0.10416666666666663,,2875,552000,0.7199999999999999,0.0,0.0,0.0,0.0,0,1.675,0.625,5.39375,0.659375,0.05,0.01875,0.01875,0.13125,1.524026218515305,158.60369545472477,0.31631861851531334,0.31631861851531334,0.3563643133752095,0.3563643133752095,1.0,0.0,0.0,0.0,1.611426490020507,4.147454782031427,10.572397225066203,0.9875,0.017664558318736995,0.06608675085632779,1.9882924393137018,0.12500000000151856,0.4993287302847985,0.017664558318736995,1.0,5.80625,158.60369545472477,0.3173183077541918,0.2802041857739318,0.6205031187081008
partition_only,13020,1.4441678340081125,0.0,flocking_topology_resilient,13020,3.9702018891744606,0.8061143979203134,0.53515625,1.1551451813713718,0.7270201813713716,0.4375,0.0,0.5625,0.0625,0.0,0.0,0.3354166666666667,114,0.8010807695729878,1.2208807804097583,3.8110275924718082,6.680745394163036,0.9760416666666666,0.0,1.9202804476782809,3.688683280527492,4.918276857878526,2.0271352813593815,8.0,1.0,0.0,0.4375,0.0,2.13125,5.86875,0.73359375,5.721875,0.4370669262891699,0.284765625,0.0,0,0.1375,12,37.5375,0.1375,0.0,0.0,0.0,0.0,0.0,0.0,0.10416666666666669,,2898,556416,0.7199999999999999,0.0,0.0,0.0,0.0,0,1.80625,0.7125,5.44375,0.666796875,0.04765625,0.0,0.0,0.0625,1.5576081652618614,165.2074065981768,0.3584137287201056,0.3256012287201056,0.3777862078729163,0.3777862078729163,0.95625,0.0,0.04375,0.0,1.5179475612715678,4.296475988568214,7.525465112676892,0.9875,0.026480162405271283,0.2154806868586712,1.9099884261758717,0.12500000000093572,0.610105489999255,0.026480162405271283,1.0,5.84375,165.2074065981768,0.31950719183332943,0.2708676702211915,0.7270201813713716
partition_only,13021,1.3944587500300258,0.0,flocking_topology_resilient,13021,1.1515854082099055,0.6723570020827663,0.569921875,1.034876359183397,0.6020638591833969,0.43125,0.0,0.56875,0.0625,0.0,0.0,0.1609375,81,0.6751018063469851,1.6839490186893804,3.982213339869876,11.831227584943685,0.98515625,0.0,2.036223118018621,3.7034576461491895,4.861671287561894,1.964611584925454,8.0,1.0,0.0,0.4375,0.0,2.16875,5.2,0.65,5.003125,0.31944879085753614,0.374609375,0.0,0,0.1375,11,31.38125,0.1375,0.0,0.0,0.0,0.0,0.0,0.0,0.08333333333333326,,2902,557184,0.7199999999999999,0.0,0.0,0.0,0.0,0,1.58125,0.50625,4.66875,0.5734375,0.049609375,0.03125,0.03125,0.1375,1.545373306921317,151.82975927092025,0.46483278270484096,0.40389528270484093,0.4974098200573174,0.4974098200573174,0.91875,0.0,0.08125,0.0,1.6785474031308234,4.374404861727564,11.579671711728373,0.975,0.034328166866576935,0.3423370197880581,1.8049497128289111,0.12500000000015965,0.7407533075463959,0.034328166866576935,1.0,5.1125,151.82975927092025,0.40117668936533074,0.24691023810242568,0.6020638591833969
partition_only,13022,1.4047408341430128,0.0,flocking_topology_resilient,13022,1.306424507459396,0.6775914328757265,0.5997395833333397,1.0826913732439523,0.6639413732439522,0.45,0.0,0.55,0.0625,1.0,0.01875,0.22317708333333958,78,0.9411742918071447,3.3953841416986505,4.523559729060618,155.9048626857163,0.9609375,0.0,2.094270926012486,3.7315139658397016,4.644849092037587,1.919068166415497,8.0,1.0,0.0,0.4375,0.0,2.0625,5.5125,0.6890625,5.255208333333333,0.4399896057448848,0.34309895833333337,0.0,0,0.23125,20,33.9375,0.23125,0.0,0.0,0.0,0.0,0.0,0.0,0.16666666666666666,,2748,527616,0.7199999999999999,0.0,0.0,0.0,0.0,0,1.55625,0.4875,4.96875,0.6059895833333333,0.05013020833333959,0.0,0.0,0.125,1.5231251489169912,138.46389121059994,0.33738042685380537,0.33738042685380537,0.3875071340180248,0.3875071340180248,1.0,0.0,0.0,0.0,1.665934464209474,5.051009939007171,8.698482461591912,0.975,0.013678095513744049,0.057424552066510995,1.7889126276641059,0.12601970410161553,0.5061556113264799,0.013678095513744049,1.0,5.4125,138.46389121059994,0.3319606515903001,0.2629356189867835,0.598117344850898
partition_only,13023,1.4499368329998106,0.0,flocking_topology_resilient,13023,3.888793972157865,0.7862578671033803,0.5216145833333333,1.1190186282720158,0.6908936282720157,0.4375,0.0,0.5625,0.0625,0.0,0.0,0.14140625,77,0.7656586621312532,1.2843620820060462,4.321563979279218,7.964890757421136,0.95625,0.0,1.9968145485739743,3.695830217705647,4.8802414743607345,1.9638864944190142,8.0,1.0,0.0,0.4375,0.0,2.19375,5.19375,0.64921875,4.94375,0.263175352726052,0.38203125,0.0,0,0.125,11,31.64375,0.125,0.0,0.0,0.0,0.0,0.0,0.0,0.1458333333333333,,2907,558144,0.7199999999999999,0.0,0.0,0.0,0.0,0,1.50625,0.475,4.6875,0.5680989583333333,0.04791666666666667,0.0,0.0,0.075,1.534634215673476,159.30522700764118,0.4347366068744452,0.3831741068744452,0.44952428388165916,0.44952428388165916,0.93125,0.0,0.06875,0.0,1.5641867126405642,4.573528226304702,9.013082661021965,0.975,0.028102037095941706,0.20804752886303224,1.6935851330422746,0.12601969512342476,0.7345699318158262,0.028102037095941706,1.0,5.14375,159.30522700764118,0.3800198235077453,0.2730790906703616,0.6894654687084738
partition_only,13024,1.3863340420648456,0.0,flocking_topology_resilient,13024,3.690015487004501,0.8139401927696044,0.5309895833333333,1.1223030954301394,0.7048030954301392,0.45,0.0,0.55,0.05,0.0,0.0,0.2455729166666667,140,0.8229665351813376,1.3856411376985729,3.708104632037814,13.121544079870098,0.978125,0.0,1.964914094351022,3.7129086670611167,4.65063052394506,1.9467701539566136,8.0,1.0,0.0,0.4375,0.0,2.0625,5.68125,0.71015625,5.417708333333334,0.4793551684310858,0.3227864583333333,0.0,0,0.2875,27,35.18125,0.2875,0.0,0.0,0.0,0.0,0.0,0.0,0.125,,2750,528000,0.7199999999999999,0.0,0.0,0.0,0.0,0,1.9625,0.875,5.04375,0.61796875,0.05924479166666667,0.0,0.0,0.04375,1.517965882649422,141.41415099855675,0.4162526459211048,0.38344014592110476,0.4448694222294132,0.4448694222294132,0.95625,0.0,0.04375,0.0,1.978521544608514,5.677479352474786,10.507808063264937,0.95625,0.026918570324494205,0.20162012523042241,1.9129291182268282,0.1250000000003641,0.6252406772861865,0.026918570324494205,1.0,5.65,141.41415099855675,0.3818195284721436,0.29049053600351027,0.7048030954301392
partition_only,13025,1.4074292911682278,0.0,flocking_topology_resilient,13025,3.8138145127906204,0.6941353552324585,0.521484375,1.0388798949291933,0.6107548949291933,0.4375,0.0,0.5625,0.0625,0.0,0.0,0.2265625,78,0.7046597460495182,1.2178904429074002,4.603728644331445,9.136055111032588,0.9557291666666666,0.0,2.1223212540597816,3.7145719068303578,4.646583798530596,1.9290401084075832,8.0,1.0,0.0,0.4375,0.0,2.19375,5.55,0.69375,5.289583333333334,0.3595078455632227,0.33880208333333334,0.0,0,0.125,13,34.0,0.125,0.0,0.0,0.0,0.0,0.0,0.0,0.08333333333333337,,2726,523392,0.7199999999999999,0.0,0.0,0.0,0.0,0,1.5125,0.475,4.98125,0.6111979166666667,0.04895833333333334,0.0,0.0,0.15,1.5444797073929573,152.2933384486779,0.391167340227338,0.367729840227338,0.42238798855903775,0.42238798855903775,0.96875,0.0,0.03125,0.0,1.7448214110578824,4.824993345179169,8.953600118510423,0.98125,0.02406218709622778,0.16817141146015116,1.8600708006565227,0.12661617892249719,0.611269833106888,0.02406218709622778,1.0,5.4375,152.2933384486779,0.368006816744233,0.269479471110466,0.6102226882991996
partition_only,13026,1.3631036670412868,0.0,flocking_topology_resilient,13026,3.9142300963454266,0.6636629630801433,0.51953125,1.0152829894852329,0.5912204894852329,0.44375,0.0,0.55625,0.06875,0.0,0.0,0.234375,108,0.6753565777117309,1.1128868773482803,3.547344901931965,7.233131715012888,0.98125,0.0,1.942968963163271,3.715307447370081,4.709335211188446,1.9942803051658273,8.0,1.0,0.0,0.4375,0.0,2.0875,5.525,0.690625,5.290625,0.2564781651983884,0.338671875,0.0,0,0.2,16,34.0375,0.2,0.0,0.0,0.0,0.0,0.0,0.0,0.16666666666666674,,2738,525696,0.7199999999999999,0.0,0.0,0.0,0.0,0,1.76875,0.66875,5.0125,0.614453125,0.0453125,0.01875,0.01875,0.15,1.532536056005824,132.41385167978038,0.4244669547374209,0.4057169547374209,0.4747128980806225,0.4747128980806225,0.975,0.0,0.025,0.0,1.8916397222294912,5.786244641764822,6.941485589963868,0.9625,0.023262676562040684,0.14114846659820482,1.776132500295874,0.12661617853275725,0.6106151982550182,0.023262676562040684,1.0,5.4125,132.41385167978038,0.40433246377309173,0.287185743677086,0.5897376736838804
partition_only,13027,1.403569791931659,0.0,flocking_topology_resilient,13027,1.1135269856636274,0.6391154422575687,0.606119791666673,0.9901661579236014,0.5761036579236014,0.45625,0.0,0.54375,0.0625,0.0,0.0,0.23177083333333956,92,0.6589034726187116,1.638824330157513,4.202261945393234,8.997485244597744,0.97265625,0.0,1.976039517729403,3.705420095202464,4.660291270907882,1.9455531642787196,8.0,1.0,0.0,0.4375,0.0,2.025,5.51875,0.68984375,5.269791666666667,0.22041837532102382,0.34127604166666664,0.0,0,0.16875,15,33.9875,0.16875,0.0,0.0,0.0,0.0,0.0,0.0,0.14583333333333343,,2762,530304,0.7199999999999999,0.0,0.0,0.0,0.0,0,1.66875,0.575,4.975,0.6088541666666667,0.047526041666672916,0.0,0.0,0.1125,1.5663864232902798,164.5492605164811,0.34639027669610845,0.34170277669610843,0.3849686385702791,0.3849686385702791,0.99375,0.0,0.00625,0.0,1.6394262312534014,4.326099131385727,7.977112288048543,0.975,0.015464385151786247,0.1085692746865977,1.8217289426001184,0.12601969532913593,0.5177333565220792,0.015464385151786247,1.0,5.425,164.5492605164811,0.342823367703364,0.2628385212904051,0.5761036579236014
partition_only,13028,1.4438714580610394,0.0,flocking_topology_resilient,13028,1.0699762244533915,0.6068915092852074,0.6572916666666666,0.9656712626082584,0.5422337626082584,0.44375,0.0,0.55625,0.0625,0.0,0.0,0.3216145833333333,67,0.6414967020580353,1.5456458325347722,3.935763440495662,8.370006118339136,0.9857142857142858,0.0,2.0247197656725633,3.710132492469614,4.792759991332302,1.8952836364072385,8.0,1.0,0.0,0.4375,0.0,2.1875,5.8625,0.7328125,5.5875,0.1146933470495863,0.3015625,0.0,0,0.15625,17,36.73125,0.15625,0.0,0.0,0.0,0.0,0.0,0.0,0.14583333333333334,,2887,554304,0.7199999999999999,0.0,0.0,0.0,0.0,0,1.45,0.44375,5.4,0.6604166666666667,0.03802083333333333,0.0,0.0,0.16875,1.5476957793281483,181.33841073420237,0.33779564044768,0.33779564044768,0.386951689353891,0.386951689353891,1.0,0.0,0.0,0.0,1.795623123146114,4.49882103145676,11.129341250684604,0.975,0.01612878170468033,0.09789620974651732,1.863413145125979,0.1250000026752111,0.4936888929679397,0.01612878170468033,1.0,5.74375,181.33841073420237,0.33214783726347896,0.28855446538610396,0.5422337626082584
partition_only,13029,1.4680303751956671,0.0,flocking_topology_resilient,13029,1.1321747099610713,0.6690505667306478,0.65234375,1.0110280839903374,0.5922780839903374,0.45,0.0,0.55,0.0625,0.0,0.0,0.3190104166666667,114,0.6877655548689574,1.7802052247768188,3.797825236320194,15.056751437843912,0.9682291666666666,0.0,2.1263903181041615,3.694033242157496,4.827362811889147,1.940471121767396,8.0,1.0,0.0,0.4375,0.0,2.15625,5.86875,0.73359375,5.619791666666667,0.46096227028916986,0.29752604166666663,0.0,0,0.0625,7,36.76875,0.0625,0.0,0.0,0.0,0.0,0.0,0.0,0.125,,2912,559104,0.7199999999999999,0.0,0.0,0.0,0.0,0,1.75625,0.7125,5.375,0.659375,0.04309895833333333,0.0125,0.0125,0.2,1.5549839618031212,163.0951343482982,0.3663639430980785,0.34292644309807857,0.3911112418379977,0.3911112418379977,0.96875,0.0,0.03125,0.0,1.9837255994325353,5.958604201412955,10.075642157446437,0.95,0.022280741682656487,0.21873571327509214,1.9760484721970648,0.12661617877811454,0.5531813708693342,0.022280741682656487,1.0,5.725,163.0951343482982,0.3396110534606626,0.2947886305721804,0.5922780839903374
asymmetric_partition,13000,1.398861583089456,0.0,flocking_topology_resilient,13000,4.030946583510169,0.7538323468310391,0.5069010416666729,1.125753889838896,0.7023163898388958,0.44375,0.0,0.55625,0.0625,0.037037037037037035,0.00625,0.20911458333333957,114,0.8187148269976467,1.481630671702245,4.219387818468894,33.689516557466014,0.9643973214285715,0.0,1.9708546506369278,3.6785300359713773,4.792698190559188,1.9570809727619172,8.0,1.0,0.0,0.4375,0.0,1.93125,5.43125,0.67890625,5.186458333333333,0.3325052462891699,0.3516927083333333,0.0,0,0.24375,22,33.38125,0.25,0.0,0.0,0.0,0.0,0.0,0.0,0.14583333333333334,,2857,548544,0.7199999999999999,0.0,0.0,0.0,0.0,0,1.76875,0.7125,4.94375,0.6026041666666666,0.04570312500000625,0.0,0.0,0.13125,1.539160360948849,195.7856766291576,0.4162765543795075,0.3740890543795074,0.4363806539329223,0.4363806539329223,0.94375,0.0,0.05625,0.0,1.7850144193083133,5.403848018128743,10.36395474537721,0.96875,0.02669172897121893,0.20803628702551863,1.872555775348059,0.12499999999999996,0.6643086845922725,0.02669172897121893,1.0,5.325,195.7856766291576,0.36462977733444707,0.27884005314987315,0.6870740585733882
asymmetric_partition,13001,1.4044256671331823,0.0,flocking_topology_resilient,13001,3.9132070393626965,0.830487902152426,0.51171875,1.1719192998253791,0.7437942998253789,0.4375,0.0,0.5625,0.0625,0.0,0.0,0.11536458333333335,71,0.8226674401568114,1.0613286826154587,3.8146926339401817,6.069581564907928,0.9822544642857143,0.0,1.9649986368640715,3.6872025592002715,4.814062349846085,2.009190580692154,8.0,1.0,0.0,0.4375,0.0,2.00625,5.04375,0.63046875,4.846875,0.34665222368034315,0.394140625,0.0,0,0.2875,28,30.65625,0.2875,0.0,0.0,0.0,0.0,0.0,0.0,0.14583333333333331,,2842,545664,0.7199999999999999,0.0,0.0,0.0,0.0,0,1.55625,0.50625,4.5875,0.556640625,0.047265625,0.0,0.0,0.075,1.5282530525669178,155.95138171896366,0.4965923479317508,0.41221734793175074,0.49464824145053093,0.49464824145053093,0.8875,0.0,0.1125,0.0,1.655595828302269,5.176435126678588,7.79207300611187,0.96875,0.04044481481414478,0.3484225256652164,1.8987109343466393,0.12500000167593556,0.8574646672611571,0.04044481481414478,1.0,5.00625,155.95138171896366,0.4090710252816758,0.2726720293932855,0.731846853169412
asymmetric_partition,13002,1.4339710418134928,0.0,flocking_topology_resilient,13002,3.8625568225563316,0.9409376654841889,0.5148437500000125,1.2547448538915686,0.8266198538915687,0.4375,0.0,0.5625,0.0625,0.0,0.0,0.20572916666668545,76,0.9533405956112645,1.6822466387532713,5.803530964689787,15.957234127581826,0.9352678571428571,0.0,2.100868489842392,3.7000018263958507,4.785272699468375,1.9536321663709149,8.0,1.0,0.0,0.4375,0.0,2.1375,5.425,0.678125,5.189583333333333,0.31729758897380533,0.35130208333333335,0.0,0,0.19375,20,33.4875,0.2,0.0,0.0,0.0,0.0,0.0,0.0,0.14583333333333331,,2840,545280,0.7199999999999999,0.0,0.0,0.0,0.0,0,1.5375,0.475,4.95,0.6024739583333458,0.04544270833333958,0.0,0.0,0.125,1.5539297447401457,156.8344954543304,0.4009571574377565,0.4009571574377565,0.4647547948352653,0.4647547948352653,1.0,0.0,0.0,0.0,1.8652624858641915,4.929440424126632,12.374118043259223,0.975,0.019881777353898195,0.09770427596291209,1.8080604940312839,0.1250000000003421,0.5862336525540546,0.019881777353898195,1.0,5.33125,156.8344954543304,0.40199147762486936,0.2847040734832529,0.8266198538915687
asymmetric_partition,13003,1.4032598328776658,0.0,flocking_topology_resilient,13003,3.8710441559858326,0.7922486183827081,0.5208333333333333,1.1308551438366834,0.7027301438366833,0.4375,0.0,0.5625,0.0625,0.0,0.0,0.2223958333333333,99,0.8134297525963443,1.2190621557569745,3.6760114310834235,7.404956656769388,0.9796875,0.0,1.9457798332284668,3.684227788865246,4.7789579852417745,1.9898457478166693,8.0,1.0,0.0,0.4375,0.0,2.04375,5.41875,0.67734375,5.264583333333333,0.1672386777484646,0.3419270833333333,0.0,0,0.26875,25,33.83125,0.26875,0.0,0.0,0.0,0.0,0.0,0.0,0.12499999999999994,,2844,546048,0.7199999999999999,0.0,0.0,0.0,0.0,0,1.68125,0.61875,4.99375,0.6098958333333334,0.04817708333333333,0.0,0.0,0.0875,1.5634603076766722,192.6294346167196,0.3995375839079693,0.3854750839079693,0.45580140202939334,0.45580140202939334,0.98125,0.0,0.01875,0.0,1.8239577629089525,5.4108537444649825,10.68143843335288,0.95625,0.017680270062106023,0.18199463132377053,1.8250399033104905,0.12500000000011222,0.5773677043862908,0.017680270062106023,1.0,5.39375,192.6294346167196,0.3841948499946374,0.28117831561786527,0.7027301438366833
asymmetric_partition,13004,1.507088707992807,0.0,flocking_topology_resilient,13004,1.1298649750089214,0.6385208190859002,0.6582031250000062,1.003125972551672,0.5750009725516719,0.4375,0.0,0.5625,0.0625,0.0,0.0,0.31796875000000624,114,0.6343221513107054,1.5489070515768284,4.114345729414813,8.350899007432066,0.9859375,0.0,1.94111437829554,3.7113233043840927,4.883376970066066,1.8983159446434108,8.0,1.0,0.0,0.4375,0.0,1.8,5.7875,0.7234375,5.615625,0.3351456462891699,0.298046875,0.0,0,0.11875,11,36.8375,0.11875,0.0,0.0,0.0,0.0,0.0,0.0,0.10416666666666669,,3197,613824,0.7199999999999999,0.0,0.0,0.0,0.0,0,1.73125,0.7125,5.38125,0.658984375,0.04296875000000625,0.0,0.0,0.09375,1.569221320245082,155.94987628383385,0.3377332128556654,0.3377332128556654,0.38943415749679183,0.38943415749679183,1.0,0.0,0.0,0.0,1.7990324694467283,5.224658106298568,8.647510351287254,0.9625,0.016711486306967036,0.08038847136984317,1.8997336441199963,0.12661618037057398,0.49825431039813656,0.016711486306967036,1.0,5.725,155.94987628383385,0.3337565906610975,0.27854525127348245,0.5750009725516719
asymmetric_partition,13005,1.4836390831042081,0.0,flocking_topology_resilient,13005,1.1544591778547086,0.6216782276578224,0.640625,0.9914252537701035,0.5633002537701035,0.4375,0.0,0.5625,0.0625,0.0,0.0,0.30963541666666666,114,0.6326364124133756,1.5224487333398804,3.6919290519759964,8.241291685352765,0.9890625,0.0,1.9242927563859484,3.6997551148201295,4.8722205691507146,1.892032380383219,8.0,1.0,0.0,0.4375,0.0,1.75,5.78125,0.72265625,5.607291666666667,0.49258524628916983,0.2990885416666667,0.0,0,0.16875,16,36.68125,0.16875,0.0,0.0,0.0,0.0,0.0,0.0,0.125,,3215,617280,0.7199999999999999,0.0,0.0,0.0,0.0,0,1.75625,0.725,5.34375,0.6540364583333333,0.046875,0.0,0.0,0.11875,1.5393730242461905,172.671404933555,0.3081772428446913,0.28942724284469123,0.32324605568660936,0.32324605568660936,0.975,0.0,0.025,0.0,1.314169212771358,3.4960056843562057,5.817208663095977,1.0,0.023002108568392104,0.1662658988672339,1.9715687654130534,0.1250000000021787,0.5562227336733404,0.023002108568392104,1.0,5.71875,172.671404933555,0.28593953046986337,0.251164427118389,0.5627160921287379
asymmetric_partition,13006,1.3787439579609782,0.0,flocking_topology_resilient,13006,1.1372150236168774,0.6353605600714657,0.6063802083333396,0.9811289338196572,0.5530039338196573,0.4375,0.0,0.5625,0.0625,0.0,0.0,0.2135416666666729,116,0.6632790281573453,1.6895576905966785,4.70594071497586,8.850918229235091,0.96640625,0.0,2.0323203013664375,3.6982103119605654,4.808804766449981,1.937083634894971,8.0,1.0,0.0,0.4375,0.0,1.9625,5.41875,0.67734375,5.2333333333333325,0.38275134870725436,0.3458333333333333,0.0,0,0.23125,21,33.7375,0.23125,0.0,0.0,0.0,0.0,0.0,0.0,0.14583333333333331,,2870,551040,0.7199999999999999,0.0,0.0,0.0,0.0,0,1.775,0.725,4.96875,0.6063802083333333,0.04778645833333958,0.00625,0.00625,0.11875,1.522773043972365,174.45465940959846,0.42272739856548325,0.36647739856548334,0.42587350753618514,0.42587350753618514,0.925,0.0,0.075,0.0,1.8161992404429594,5.549632698608776,10.566698259253018,0.9625,0.029910972327662287,0.19194321055239877,1.9308095401494014,0.12500000000331918,0.6645354253224133,0.029910972327662287,1.0,5.375,174.45465940959846,0.36090238467604063,0.26356279825582335,0.5530039338196573
asymmetric_partition,13007,1.3665002090856433,0.0,flocking_topology_resilient,13007,4.052500700309687,0.8053619784105999,0.4993489583333333,1.1394171696123447,0.7112921696123446,0.4375,0.0,0.5625,0.0625,0.0,0.0,0.11744791666666665,116,0.825925513763522,1.0419735655275082,3.4504149502944443,6.311051298758741,0.9787946428571429,0.0,1.9644490409404765,3.6851033591956037,4.836354964939375,2.0214833507282037,8.0,1.0,0.0,0.4375,0.0,2.13125,5.0625,0.6328125,4.838541666666666,0.5085137582891699,0.39518229166666663,0.0,0,0.11875,11,30.6375,0.11875,0.0,0.0,0.0,0.0,0.0,0.0,0.14583333333333331,,2832,543744,0.7199999999999999,0.0,0.0,0.0,0.0,0,1.81875,0.73125,4.575,0.556640625,0.04739583333333333,0.0,0.0,0.08125,1.5698526956006265,191.08937953313102,0.5541870525878677,0.46043705258786777,0.5545829211000348,0.5545829211000348,0.875,0.0,0.125,0.0,1.8682544355580888,5.021358048765742,9.151441379900405,0.975,0.04280408740249201,0.27357944257313266,1.9127449268598558,0.12500000106719633,0.8771534073786766,0.04280408740249201,1.0,4.9875,191.08937953313102,0.46255541208029866,0.289426856986322,0.7082710382507993
asymmetric_partition,13008,1.407096792012453,0.0,flocking_topology_resilient,13008,1.1120780922549387,0.6837993305515946,0.5996093750000062,1.0427387114908713,0.6239887114908713,0.45,0.0,0.55,0.0625,0.08333333333333333,0.00625,0.21536458333333958,98,0.7050393253074996,1.8161127376058026,4.581195261559623,23.47319819840283,0.97265625,0.0,2.05076510165287,3.7045934812485326,4.747254718429934,1.9581235617732986,8.0,1.0,0.0,0.4375,0.0,2.075,5.41875,0.67734375,5.211458333333333,0.13530713374846456,0.34856770833333334,0.0,0,0.24375,23,33.4875,0.24375,0.0,0.0,0.0,0.0,0.0,0.0,0.14583333333333334,,2856,548352,0.7199999999999999,0.0,0.0,0.0,0.0,0,1.66875,0.6125,4.9625,0.6069010416666666,0.04375000000000625,0.0,0.0,0.11875,1.532635934605708,143.77668898047094,0.431535987217916,0.379973487217916,0.44929305481011494,0.44929305481011494,0.93125,0.0,0.06875,0.0,2.0145521569852507,5.988827925652498,12.183630158803737,0.95,0.027631205791789883,0.19568424333236165,1.977609032259943,0.1266161785386654,0.6437871619663447,0.027631205791789883,1.0,5.33125,143.77668898047094,0.38578653821618414,0.2826334794684052,0.6039505891000868
asymmetric_partition,13009,1.4292162919882685,0.0,flocking_topology_resilient,13009,1.1802714682480375,0.6364433709435482,0.6046875,0.9958643287714466,0.5677393287714466,0.4375,0.0,0.5625,0.0625,0.0,0.0,0.21354166666666666,99,0.6400121765879433,1.6157126976374823,4.425658309822685,6.823588726644152,0.97265625,0.0,2.013154270938945,3.709241969744138,4.830485630964155,1.929916575103721,8.0,1.0,0.0,0.4375,0.0,2.2125,5.4,0.675,5.2354166666666675,0.14530842430846455,0.3455729166666667,0.0,0,0.15,14,33.6375,0.15,0.0,0.0,0.0,0.0,0.0,0.0,0.14583333333333331,,2810,539520,0.7199999999999999,0.0,0.0,0.0,0.0,0,1.68125,0.61875,4.9625,0.6046875,0.04973958333333333,0.0,0.0,0.09375,1.55753636203839,157.08935672993667,0.39672942638219355,0.3498544263821935,0.40933550446753125,0.40933550446753125,0.9375,0.0,0.0625,0.0,1.6795101876730818,4.749135608407977,8.16411483341768,0.98125,0.029617612447018243,0.25067988407112196,1.9397631217861069,0.12500000000152206,0.6479226918047184,0.029617612447018243,1.0,5.375,157.08935672993667,0.3489385615433259,0.25924033782587974,0.5677393287714466
asymmetric_partition,13010,1.3724327918607742,0.0,flocking_topology_resilient,13010,1.074168599571381,0.6647617451038921,0.5927083333333334,1.0061903822190257,0.5921278822190257,0.45625,0.0,0.54375,0.0625,0.0,0.0,0.19270833333333331,110,0.6653734727606522,1.6800770241983045,4.365004013686376,7.845880701106219,0.96875,0.0,1.891881453632879,3.7132663787202054,4.780529250979334,1.8969023172928607,8.0,1.0,0.0,0.4375,0.0,2.09375,5.39375,0.67421875,5.117708333333333,0.31639611233561304,0.36028645833333334,0.0,0,0.2625,27,32.73125,0.2625,0.0,0.0,0.0,0.0,0.0,0.0,0.14583333333333331,,2832,543744,0.7199999999999999,0.0,0.0,0.0,0.0,0,1.74375,0.6875,4.86875,0.5942708333333333,0.04388020833333333,0.0,0.0,0.19375,1.53659388057314,137.39787731559738,0.4100869095702164,0.4007119095702164,0.4654402040712905,0.4654402040712905,0.9875,0.0,0.0125,0.0,2.090528815587405,5.367957651130643,7.923181350463447,0.95625,0.019546283267972493,0.13544131525476713,1.8210130271559266,0.12661617858795227,0.555543305824301,0.019546283267972493,1.0,5.25625,137.39787731559738,0.3937218964127832,0.2818351440230275,0.5921278822190257
asymmetric_partition,13011,1.3910872500855476,0.0,flocking_topology_resilient,13011,1.0503179723861913,0.6907974821007177,0.5829427083333396,1.0343563525111439,0.606231352511144,0.4375,0.0,0.5625,0.0625,0.0,0.0,0.20911458333333957,114,0.6919161372342378,1.764014982075811,4.9570496408728175,10.194544797174617,0.9552083333333334,0.0,1.9568825950766466,3.684983826517315,4.798451756230011,2.0020642552925834,8.0,1.0,0.0,0.4375,0.0,2.04375,5.35,0.66875,5.120833333333334,0.48315524628916984,0.3598958333333333,0.0,0,0.2625,23,33.3375,0.2625,0.0,0.0,0.0,0.0,0.0,0.0,0.125,,2856,548352,0.7199999999999999,0.0,0.0,0.0,0.0,0,1.775,0.73125,4.9625,0.6040364583333334,0.035286458333339585,0.0,0.0,0.0375,1.5278884409594933,178.12734829960723,0.41918643220569207,0.37231143220569207,0.4386176731032264,0.4386176731032264,0.9375,0.0,0.0625,0.0,1.7966885402404167,4.753376660979677,10.620367844892204,0.96875,0.03013803021528503,0.1900385302799942,2.0685506973066596,0.12601969524305773,0.6597509890071994,0.03013803021528503,1.0,5.3125,178.12734829960723,0.36822142507860695,0.26431859532192686,0.606231352511144
asymmetric_partition,13012,1.3224692498333752,0.0,flocking_topology_resilient,13012,4.026299792217278,0.6797938064771533,0.4761718750000313,1.03646822472724,0.60834322472724,0.4375,0.0,0.5625,0.0625,0.0,0.0,0.0880208333333771,70,0.683992070472407,0.9920445900248425,2.899444946605954,6.988953422374884,0.9875,0.0,1.9721472164638691,3.6879460639617556,4.782129115522226,2.024911064114881,8.0,1.0,0.0,0.4375,0.0,2.125,5.01875,0.62734375,4.65625,0.6229878459472672,0.41796875,0.0,0,0.2125,23,30.08125,0.2375,0.0,0.0,0.0,0.0,0.0,0.0,0.1458333333333333,,2819,541248,0.7199999999999999,0.0,0.0,0.0,0.0,0,1.55,0.5125,4.53125,0.5440104166666979,0.03723958333334583,0.08125,0.08125,0.2,1.5546208533171095,220.58644988452974,0.4969070691921359,0.43128206919213585,0.5275883870842065,0.5275883870842065,0.9125,0.0,0.0875,0.0,1.515978735904529,4.4238055555245275,9.926236218729585,0.975,0.03534357865471072,0.2325634512975775,1.7681995267734414,0.125000000001872,0.8468468251980099,0.03534357865471072,1.0,4.8625,220.58644988452974,0.4198487117194274,0.28612956460812444,0.6022217508058244
asymmetric_partition,13013,1.376375666121021,0.0,flocking_topology_resilient,13013,3.8225465838771564,0.6206230098202912,0.5084635416666667,0.9806228352841184,0.5524978352841183,0.4375,0.0,0.5625,0.0625,0.0,0.0,0.13984375000001248,77,0.6333480212001843,0.9814868679571503,3.2430425864999206,5.740854653227732,0.984375,0.0,2.013635057211345,3.6853324155041944,4.815883887476998,1.9513028685264981,8.0,1.0,0.0,0.4375,0.0,1.94375,5.11875,0.63984375,4.928125,0.27702310597138746,0.383984375,0.0,0,0.3,27,31.2875,0.3,0.0,0.0,0.0,0.0,0.0,0.0,0.125,,2850,547200,0.7199999999999999,0.0,0.0,0.0,0.0,0,1.5125,0.5125,4.65,0.566796875,0.0492187500000125,0.0,0.0,0.13125,1.526325192326375,193.17787917866846,0.5519569541439524,0.4675819541439524,0.5691521409157149,0.5691521409157149,0.8875,0.0,0.1125,0.0,1.9199068545967009,5.037725604803313,6.813996987025187,0.98125,0.03436465913057738,0.28821543472119726,1.8263620165565364,0.1260196951238884,0.8148237723381463,0.03436465913057738,1.0,5.06875,193.17787917866846,0.46208542462781654,0.281922119979083,0.5524978352841183
asymmetric_partition,13014,1.4194395828526467,0.0,flocking_topology_resilient,13014,3.8731757835404785,0.8530746988041836,0.5072916666666667,1.1549628222714439,0.7268378222714441,0.4375,0.0,0.5625,0.0625,0.0,0.0,0.2223958333333333,77,0.8499857865982662,1.3234771634134077,4.9955993882185,18.116826741842075,0.9487723214285715,0.0,2.0683003749263804,3.6916919648623336,4.805334989325266,1.9179742104465927,8.0,1.0,0.0,0.4375,0.0,2.0,5.425,0.678125,5.255208333333334,0.4342855644521376,0.34309895833333337,0.0,0,0.2,21,33.83125,0.2,0.0,0.0,0.0,0.0,0.0,0.0,0.12499999999999994,,2835,544320,0.7199999999999999,0.0,0.0,0.0,0.0,0,1.51875,0.4875,5.0,0.6106770833333333,0.04544270833333333,0.0,0.0,0.05625,1.5310546052850438,168.39916453154757,0.4028643396653443,0.3700518396653443,0.42374593486828704,0.42374593486828704,0.95625,0.0,0.04375,0.0,1.7568827004651149,4.6541193493019355,10.761384805587495,0.96875,0.026595317709614007,0.15639387965746734,1.9582306298736412,0.12661617853357615,0.6490783966510699,0.026595317709614007,1.0,5.39375,168.39916453154757,0.36587640321818843,0.2899141368750485,0.7268378222714441
asymmetric_partition,13015,1.378957707900554,0.0,flocking_topology_resilient,13015,4.013639363144486,0.6966407359343327,0.5123697916666666,1.0325128316482535,0.6043878316482534,0.4375,0.0,0.5625,0.0625,0.0,0.0,0.2111979166666667,114,0.7185590364782429,1.0213210902418002,4.262499557433313,6.644208906978362,0.96796875,0.0,2.044419863560195,3.6962001524118593,4.766496424141502,1.951916918068593,8.0,1.0,0.0,0.4375,0.0,2.0,5.41875,0.67734375,5.185416666666667,0.4531821491243699,0.35182291666666665,0.0,0,0.19375,19,33.1375,0.19375,0.0,0.0,0.0,0.0,0.0,0.0,0.12499999999999994,,2851,547392,0.7199999999999999,0.0,0.0,0.0,0.0,0,1.83125,0.7125,4.93125,0.60390625,0.042708333333333334,0.0125,0.0125,0.1625,1.5655935466978632,164.4994994098801,0.4200974526423133,0.41072245264231333,0.4926500608177483,0.4926500608177483,0.9875,0.0,0.0125,0.0,2.0294516020170437,6.158859764773268,9.109375357860579,0.94375,0.022526784744381065,0.11304987239506238,1.9214856279576722,0.1260198677404282,0.6085330326946166,0.022526784744381065,1.0,5.3,164.4994994098801,0.403983784084609,0.277340171511682,0.6043878316482534
asymmetric_partition,13016,1.3791693751700222,0.0,flocking_topology_resilient,13016,3.94103448038873,0.6550728264287858,0.5106770833333458,1.015874660389168,0.587749660389168,0.4375,0.0,0.5625,0.0625,0.0,0.0,0.11041666666667915,71,0.6598534876554117,0.9441185826489628,2.7234726375260565,6.662961222123818,0.9921875,0.0,1.9458164279937464,3.6834673606315973,4.810186804207616,1.9569699742047004,8.0,1.0,0.0,0.4375,0.0,2.1375,5.025,0.628125,4.816666666666666,0.2302550601603431,0.3979166666666667,0.0,0,0.21875,21,30.6875,0.225,0.0,0.0,0.0,0.0,0.0,0.0,0.16666666666666669,,2806,538752,0.7199999999999999,0.0,0.0,0.0,0.0,0,1.4875,0.46875,4.58125,0.5536458333333458,0.0484375,0.0,0.0,0.0875,1.5267633935134817,192.64683976851728,0.5184861803035107,0.45286118030351064,0.5477818108520303,0.5477818108520303,0.9125,0.0,0.0875,0.0,1.7864627858845754,4.9253391028773414,9.307595236701154,0.98125,0.03380092750633795,0.24900530703502127,1.6249621883037846,0.12601969526911672,0.8036424490158097,0.03380092750633795,1.0,4.975,192.64683976851728,0.4408615652197385,0.2795185540202285,0.5876946198254303
asymmetric_partition,13017,1.3793105001095682,0.0,flocking_topology_resilient,13017,1.3376868263346064,0.6720752717549363,0.594921875,1.0649782727477992,0.6462282727477993,0.45,0.0,0.55,0.0625,0.21428571428571427,0.01875,0.21875,99,0.9741709192468523,3.6554998726811787,4.548851923909722,181.19816258480955,0.959375,0.0,2.0090863881193353,3.695778437549322,4.764327974563001,1.9832975421676042,8.0,1.0,0.0,0.4375,0.0,2.08125,5.41875,0.67734375,5.240625,0.2482078777484646,0.344921875,0.0,0,0.275,29,33.74375,0.275,0.0,0.0,0.0,0.0,0.0,0.0,0.1458333333333333,,2867,550464,0.7199999999999999,0.0,0.0,0.0,0.0,0,1.68125,0.625,4.9875,0.606640625,0.04778645833333333,0.0,0.0,0.1,1.5670409775080536,176.12968999163192,0.2960485456746523,0.2960485456746523,0.34041293597815914,0.34041293597815914,1.0,0.0,0.0,0.0,1.262493352629463,3.5796521350965262,5.3671790274522735,1.0,0.01938524935956432,0.08259578081584609,1.817068611840919,0.1250000000348765,0.5389982094984299,0.01938524935956432,1.0,5.3875,176.12968999163192,0.29655283580091146,0.2649328667314081,0.5791461785556689
asymmetric_partition,13018,1.3949974591378123,0.0,flocking_topology_resilient,13018,1.1015295687480775,0.6347497252759278,0.6076822916666667,0.9855536883737486,0.5668036883737486,0.45,0.0,0.55,0.0625,0.0,0.0,0.215625,87,0.648638137080801,1.6017256926069479,3.888530841062773,6.616781187171194,0.971875,0.0,2.0021316326548115,3.704699393146715,4.781246391958131,1.9209844998080392,8.0,1.0,0.0,0.4375,0.0,2.15,5.3875,0.6734375,5.219791666666667,0.19657251558763944,0.3475260416666667,0.0,0,0.24375,23,33.6875,0.24375,0.0,0.0,0.0,0.0,0.0,0.0,0.12500000000000006,,2818,541056,0.7199999999999999,0.0,0.0,0.0,0.0,0,1.5875,0.55,4.98125,0.6076822916666667,0.04479166666666666,0.00625,0.00625,0.1125,1.539328325685252,150.46312204477505,0.3466592282522001,0.3466592282522001,0.3987756433633466,0.3987756433633466,1.0,0.0,0.0,0.0,1.6474827773668927,4.480720918672765,11.899390257918652,0.975,0.016287176691739985,0.06560780951942223,1.7711564907757034,0.12601969513268418,0.5247326391731123,0.016287176691739985,1.0,5.35,150.46312204477505,0.34472401501505,0.2801702885921733,0.5660123280342809
asymmetric_partition,13019,1.3666637919377536,0.0,flocking_topology_resilient,13019,1.2993984091503825,0.6885649568200841,0.60078125,1.0360797417371792,0.6079547417371792,0.4375,0.0,0.5625,0.0625,0.0,0.0,0.2067708333333333,99,0.689947928102563,1.7578751742296153,4.561718852063392,13.588158708885171,0.96796875,0.0,1.95522288562319,3.6898676328566475,4.7072529424574565,1.9371977227236408,8.0,1.0,0.0,0.4375,0.0,1.9875,5.425,0.678125,5.208333333333334,0.07179787774846458,0.34895833333333337,0.0,0,0.35625,35,33.58125,0.35625,0.0,0.0,0.0,0.0,0.0,0.0,0.14583333333333331,,2822,541824,0.7199999999999999,0.0,0.0,0.0,0.0,0,1.63125,0.61875,4.95625,0.6029947916666667,0.048046875,0.01875,0.01875,0.14375,1.5254885389294381,156.95979145080653,0.4059748187682386,0.35909981876823865,0.41694181273793013,0.41694181273793013,0.9375,0.0,0.0625,0.0,1.7491767949371329,4.639504214262483,10.572397225066203,0.96875,0.026770233658157054,0.22493303321991398,1.965243085960897,0.12500000000151856,0.6356432237366005,0.026770233658157054,1.0,5.35,156.95979145080653,0.35863619424504833,0.2800668663126537,0.6079547417371792
asymmetric_partition,13020,1.4111029589548707,0.0,flocking_topology_resilient,13020,3.933433044271201,0.8115821172399823,0.5131510416666666,1.1591763896262002,0.7310513896262003,0.4375,0.0,0.5625,0.0625,0.0,0.0,0.20625,114,0.8220324528321296,1.2009445050280605,3.903298802702593,10.418432177408903,0.97109375,0.0,1.965077803612274,3.6926932800292347,4.844031940080796,2.041855118922567,8.0,1.0,0.0,0.4375,0.0,2.0375,5.35,0.66875,5.194791666666666,0.35041801428916985,0.35065104166666666,0.0,0,0.31875,31,33.5875,0.31875,0.0,0.0,0.0,0.0,0.0,0.0,0.14583333333333334,,2846,546432,0.7199999999999999,0.0,0.0,0.0,0.0,0,1.7625,0.7125,4.95625,0.60234375,0.04622395833333333,0.0,0.0,0.06875,1.55836277885988,165.1729412417429,0.4163253579370735,0.3694503579370735,0.44524616710515114,0.44524616710515114,0.9375,0.0,0.0625,0.0,1.598865144887307,4.632808281628349,7.237908410055303,0.99375,0.03233346951183619,0.23106200178976602,1.9522002251545278,0.12500000000093572,0.70445040524186,0.03233346951183619,1.0,5.3375,165.1729412417429,0.3697063160259084,0.2718507049230472,0.7310513896262003
asymmetric_partition,13021,1.3665280418936163,0.0,flocking_topology_resilient,13021,1.1637851417867717,0.6928693034048043,0.5579427083333334,1.042174194246479,0.6093616942464791,0.43125,0.0,0.56875,0.0625,0.0,0.0,0.12552083333333336,114,0.7036263472974614,1.8439715926352551,4.225134225996348,11.831227584943685,0.97421875,0.0,2.0524684005892033,3.704543812031474,4.772854279065905,1.9470033873658739,8.0,1.0,0.0,0.4375,0.0,2.05625,5.0375,0.6296875,4.858333333333333,0.32054524628916986,0.3927083333333333,0.0,0,0.18125,16,30.63125,0.18125,0.0,0.0,0.0,0.0,0.0,0.0,0.12499999999999997,,2858,548736,0.7199999999999999,0.0,0.0,0.0,0.0,0,1.76875,0.7125,4.5875,0.559375,0.04622395833333333,0.03125,0.03125,0.1375,1.5459461544540667,151.2828898859692,0.48921512673409123,0.4142151267340912,0.5201227992405864,0.5201227992405864,0.9,0.0,0.1,0.0,1.7067795722187697,4.425346350112316,11.579671711728373,0.96875,0.03970642247373072,0.3423370197880581,1.8427504497395137,0.12500000000015965,0.7969699912423878,0.03970642247373072,1.0,5.0,151.2828898859692,0.41324291650752165,0.24658753958588572,0.6093616942464791
asymmetric_partition,13022,1.3550281671341509,0.0,flocking_topology_resilient,13022,1.2976631275290529,0.6854381001657734,0.5973958333333396,1.0877037840686068,0.668953784068607,0.45,0.0,0.55,0.0625,0.10714285714285714,0.01875,0.2119791666666729,114,0.9504601870907735,3.4702747822704927,4.944240476690133,155.9048626857163,0.95625,0.0,2.1153756977664027,3.7248940840737914,4.745050980520472,1.9127628039443352,8.0,1.0,0.0,0.4375,0.0,2.06875,5.39375,0.67421875,5.197916666666667,0.4200524462891698,0.35026041666666663,0.0,0,0.29375,27,33.4375,0.29375,0.0,0.0,0.0,0.0,0.0,0.0,0.14583333333333331,,2863,549696,0.7199999999999999,0.0,0.0,0.0,0.0,0,1.75625,0.7125,4.95,0.6055989583333334,0.04335937500000625,0.0,0.0,0.11875,1.521719068091651,137.9938955454318,0.3447976740576419,0.3447976740576419,0.4002968636049983,0.4002968636049983,1.0,0.0,0.0,0.0,1.6594820623403905,4.533170344195457,8.698482461591912,0.975,0.015027629146719013,0.057424552066510995,1.786522248767076,0.12601970410161553,0.5229374082877395,0.015027629146719013,1.0,5.3125,137.9938955454318,0.3407725928285118,0.26373884803941205,0.6031297556755526
asymmetric_partition,13023,1.350062167039141,0.0,flocking_topology_resilient,13023,3.9492868951541067,0.7350282909413509,0.510416666666673,1.0776076642551908,0.6494826642551909,0.4375,0.0,0.5625,0.0625,0.0,0.0,0.12005208333333961,114,0.7245634729257598,1.13920080887625,3.6145842262411043,7.964890757421136,0.9796875,0.0,1.9582490789152829,3.698898365286376,4.830546542102742,1.958767903866353,8.0,1.0,0.0,0.4375,0.0,2.10625,5.025,0.628125,4.861458333333333,0.33158524628916985,0.3923177083333333,0.0,0,0.25625,23,30.69375,0.25625,0.0,0.0,0.0,0.0,0.0,0.0,0.12499999999999994,,2844,546048,0.7199999999999999,0.0,0.0,0.0,0.0,0,1.7625,0.71875,4.5875,0.5591145833333334,0.047005208333339585,0.00625,0.00625,0.0875,1.5345779303693157,159.86631902563644,0.4462681063783596,0.3993931063783596,0.46604481785920415,0.46604481785920415,0.9375,0.0,0.0625,0.0,1.5553550946762256,4.32973151774882,9.013082661021965,0.975,0.02784856215985715,0.20804654143242476,1.6821233301162912,0.12601969512342476,0.7484746472441994,0.02784856215985715,1.0,4.99375,159.86631902563644,0.401153580449245,0.27288341386062037,0.6480545046916488
asymmetric_partition,13024,1.3900425839237869,0.0,flocking_topology_resilient,13024,3.882109134668739,0.8149270497146444,0.5192708333333333,1.148983996343667,0.7208589963436669,0.4375,0.0,0.5625,0.0625,0.0,0.0,0.23359375,95,0.8151586700185045,1.15532720456746,3.4641150076411,7.409687030959535,0.98671875,0.0,1.9919183215218994,3.705336854757148,4.736896260108385,1.9321848851594314,8.0,1.0,0.0,0.4375,0.0,2.01875,5.45,0.68125,5.30625,0.31180887795998774,0.33671875,0.0,0,0.275,25,33.98125,0.275,0.0,0.0,0.0,0.0,0.0,0.0,0.125,,2857,548544,0.7199999999999999,0.0,0.0,0.0,0.0,0,1.675,0.59375,5.00625,0.6140625,0.04921875,0.0,0.0,0.04375,1.518763798539767,141.31820825799173,0.41464915628638177,0.3865241562863818,0.4430240909510536,0.4430240909510536,0.9625,0.0,0.0375,0.0,1.8335086096964865,5.065027356020384,8.374778406953265,0.975,0.026008211363271895,0.20162012523042241,1.8791365955715453,0.1250000000003641,0.6359567708942779,0.026008211363271895,1.0,5.425,141.31820825799173,0.3847374913602565,0.292425349779368,0.7208589963436669
asymmetric_partition,13025,1.3565168750938028,0.0,flocking_topology_resilient,13025,3.875183843705258,0.8098403121513267,0.5005208333333334,1.1535601843542644,0.7254351843542644,0.4375,0.0,0.5625,0.0625,0.0,0.0,0.19322916666666665,114,0.8220389087892678,1.1884398100807156,4.512635276777794,7.622030475169611,0.9565104166666666,0.0,2.1085132714978423,3.703440301588362,4.743464457863309,1.8963455334000863,8.0,1.0,0.0,0.4375,0.0,2.0625,5.39375,0.67421875,5.135416666666667,0.32819375828916986,0.3580729166666667,0.0,0,0.25625,26,32.9,0.25625,0.0,0.0,0.0,0.0,0.0,0.0,0.14583333333333331,,2831,543552,0.7199999999999999,0.0,0.0,0.0,0.0,0,1.775,0.7125,4.88125,0.5946614583333334,0.046484375,0.0,0.0,0.15625,1.544354612200156,152.28108604609568,0.40100359279868486,0.38225359279868487,0.4467918610434753,0.4467918610434753,0.975,0.0,0.025,0.0,1.7712253665958357,5.104269332120807,8.846804485670301,0.96875,0.025061838194936126,0.1674097563688415,1.8522882184320384,0.12661617892249719,0.6267733274168341,0.025061838194936126,1.0,5.275,152.28108604609568,0.38208537572808715,0.27035369568137496,0.7249029777242705
asymmetric_partition,13026,1.3807422909885645,0.0,flocking_topology_resilient,13026,3.916308016597164,0.6513667428836649,0.5069010416666667,0.9944744775896588,0.5757244775896586,0.45,0.0,0.55,0.0625,0.0,0.0,0.2036458333333333,97,0.666427235118957,1.0617425872011357,3.607742001941042,7.489167472721755,0.98203125,0.0,1.9282417972942454,3.709914109201068,4.812398734732442,1.9652983928601828,8.0,1.0,0.0,0.4375,0.0,1.9625,5.4125,0.6765625,5.167708333333334,0.21379378324170234,0.35403645833333336,0.0,0,0.31875,28,33.1875,0.31875,0.0,0.0,0.0,0.0,0.0,0.0,0.10416666666666657,,2851,547392,0.7199999999999999,0.0,0.0,0.0,0.0,0,1.725,0.6125,4.925,0.6002604166666667,0.044140625,0.01875,0.01875,0.15625,1.5324366674463714,132.24299220154498,0.438458575615977,0.424396075615977,0.5011203909870338,0.5011203909870338,0.98125,0.0,0.01875,0.0,2.0135262662570357,6.1217085761032255,7.822546144661616,0.9375,0.022397923125985514,0.1251374366138512,1.7560801226895044,0.12661617853275725,0.608550311092219,0.022397923125985514,1.0,5.3,132.24299220154498,0.416884715778703,0.28905868381685773,0.5742416617883062
asymmetric_partition,13027,1.4035159160848707,0.0,flocking_topology_resilient,13027,1.1144106685411133,0.6495168580455871,0.5897135416666666,1.0034229542803539,0.5893604542803539,0.45625,0.0,0.54375,0.0625,0.0,0.0,0.2091145833333333,113,0.675181202828315,1.7129475844060793,4.2361727543964935,8.997485244597744,0.97734375,0.0,2.0022412199329858,3.7051477544863483,4.756997191140835,1.9543234799384794,8.0,1.0,0.0,0.4375,0.0,2.125,5.4,0.675,5.177083333333333,0.4783317148459698,0.3528645833333333,0.0,0,0.21875,21,33.2375,0.21875,0.0,0.0,0.0,0.0,0.0,0.0,0.12499999999999994,,2856,548352,0.7199999999999999,0.0,0.0,0.0,0.0,0,1.7875,0.7125,4.93125,0.6022135416666666,0.042578125,0.0,0.0,0.13125,1.566750642931114,164.08891174492643,0.3530615164940656,0.3483740164940656,0.39452061223405027,0.39452061223405027,0.99375,0.0,0.00625,0.0,1.6340774369744078,4.595731458231081,7.2470457531531345,0.975,0.01930042682758842,0.11155369822547562,1.8351658276290088,0.12601969532913593,0.5498721658625138,0.01930042682758842,1.0,5.3,164.08891174492643,0.3503566916532308,0.2632306899673143,0.5887888794215597
asymmetric_partition,13028,1.3594598749186844,0.0,flocking_topology_resilient,13028,1.0943521722700016,0.6493191045849777,0.5994791666666666,1.003707382457119,0.5802698824571189,0.44375,0.0,0.55625,0.0625,0.0,0.0,0.2088541666666667,67,0.6694710633797745,1.6839570549649117,5.236793169462283,8.370006118339136,0.9716517857142858,0.0,2.0896394867550496,3.7108420534965054,4.779498372583619,1.8983148102059828,8.0,1.0,0.0,0.4375,0.0,2.14375,5.3875,0.6734375,5.130208333333334,0.11478227928561939,0.3587239583333333,0.0,0,0.20625,20,33.33125,0.20625,0.0,0.0,0.0,0.0,0.0,0.0,0.125,,2827,542784,0.7199999999999999,0.0,0.0,0.0,0.0,0,1.45,0.44375,4.975,0.6040364583333334,0.03723958333333333,0.0,0.0,0.15,1.5474277986293712,182.59318842450634,0.3548221038424724,0.3407596038424724,0.3943446685553639,0.3943446685553639,0.98125,0.0,0.01875,0.0,1.6507016605852567,4.474937779134217,11.33217755083067,0.96875,0.021269648479550242,0.16004474473768446,1.8568819621925285,0.1250000026752111,0.5709853291944081,0.021269648479550242,1.0,5.3125,182.59318842450634,0.33442023989657105,0.2882756363014774,0.5802698824571189
asymmetric_partition,13029,1.3520721669774503,0.0,flocking_topology_resilient,13029,1.1389949047346994,0.6819607563402504,0.594140625,1.0206104516322108,0.6018604516322106,0.45,0.0,0.55,0.0625,0.0,0.0,0.19609375,114,0.696724806146259,1.8398234689221624,4.282273725846009,15.056751437843912,0.9625,0.0,2.128690560125286,3.696593297311807,4.786900228900523,1.9743852407869007,8.0,1.0,0.0,0.4375,0.0,1.95,5.40625,0.67578125,5.128125,0.4379622702891699,0.358984375,0.0,0,0.33125,29,33.21875,0.33125,0.0,0.0,0.0,0.0,0.0,0.0,0.16666666666666666,,2848,546816,0.7199999999999999,0.0,0.0,0.0,0.0,0,1.74375,0.7125,4.93125,0.598046875,0.04296875,0.00625,0.00625,0.2,1.5536937515514733,162.61404490980613,0.3888753513121843,0.3701253513121843,0.4337707579714497,0.4337707579714497,0.975,0.0,0.025,0.0,1.9464252430984033,6.578588644059227,9.140759479719183,0.9375,0.018412490235142104,0.13760245426789464,1.897989359915842,0.12661617877811454,0.5587909474176758,0.018412490235142104,1.0,5.275,162.61404490980613,0.3607016125726183,0.2926397834327888,0.6018604516322106
failure_partition,13000,1.1766574999783188,0.0,flocking_topology_resilient,13000,2.6224518728512685,0.6887776928638542,0.489453125,1.0742917195340076,0.6461667195340077,0.4375,0.0,0.5625,0.0625,0.5,0.00625,0.04609375000000625,78,0.7364099256705895,1.7094479634979465,4.470182881394249,33.689516557466014,0.9666666666666668,1.5717653875881554,2.0585620846111623,3.69418264056855,20.10630912235894,3.180184622102169,7.0625,1.0,0.0,0.4375,0.0,1.625,5.475,0.684375,4.765625,0.27487562397195636,0.404296875,0.05,2,0.075,7,27.63125,0.08125,0.0,0.0,0.0,0.0,0.0,0.0,0.062499999999999944,,2494,478848,0.7199999999999999,0.0,0.0,0.0,0.0,0,1.53125,0.4875,4.2125,0.519140625,0.07656250000000625,0.4625,0.24375,0.5625,1.7148150335094936,183.6711133602498,0.4198089994504997,0.3682464994504997,0.4098169203671567,0.4098169203671567,0.93125,0.0,0.06875,0.0,1.7638042592539382,4.985610509837814,8.783932088771971,0.96875,0.027936052058013187,0.20803628702551863,1.8835861493836368,0.12499999999999996,0.6666481026023207,0.027936052058013187,1.0,4.84375,183.6711133602498,0.36587120221210967,0.30011736554582435,0.6309243882685001
failure_partition,13001,1.200262833153829,0.0,flocking_topology_resilient,13001,3.5811833991900954,0.8979008503087743,0.466015625,1.201691773571293,0.773566773571293,0.4375,0.0,0.5625,0.0625,0.0,0.0,0.08125000000000625,76,0.8825502488297722,1.6863258585154248,5.338635685375601,11.867553675964293,0.9584821428571427,1.3162905290044937,2.0403307449101495,3.66755290460524,12.799543500548003,2.9669710786819876,7.0625,1.0,0.0,0.4375,0.0,1.7125,5.44375,0.68046875,4.840625,0.2253069894144411,0.394921875,0.05,2,0.2,16,28.95625,0.20625,0.0,0.0,0.0,0.0,0.0,0.0,0.25,,2514,482688,0.7199999999999999,0.0,0.0,0.0,0.0,0,1.54375,0.475,4.36875,0.537890625,0.06562500000000625,0.24375,0.23125,0.425,1.6916210754410173,151.24228820708882,0.43238322650144256,0.38550822650144256,0.4569089706698387,0.4569089706698387,0.9375,0.0,0.0625,0.0,1.822521906115267,5.393142592809009,7.964592254778157,0.975,0.030244071769604187,0.1761501546489374,1.8780046565502146,0.12500000167593556,0.6824931409136733,0.030244071769604187,1.0,4.9625,151.24228820708882,0.3702130285221517,0.29178982559807615,0.773566773571293
failure_partition,13002,1.0303187910467386,0.0,flocking_topology_resilient,13002,3.8522011716305387,0.7011531097509608,0.3951605902777778,1.2261647684711696,0.6164772684711697,0.20625,0.0,0.79375,0.14375,0.0,0.0,-0.038845486111079866,75,0.6981278253052378,1.2219202380377114,3.778050390779011,6.791298093377319,0.9866071428571429,1.850391860717942,1.9444409622490029,3.6234659195202723,13.06725816068761,2.591760031088926,7.0625,1.0,0.0,0.4375,0.0,1.7375,5.4125,0.6765625,4.210243055555556,0.2623921092037516,0.4737196180555555,0.05,2,0.29375,30,25.6375,0.30625,0.0,0.0,0.0,0.0,0.0,0.0,0.16666666666666669,,2620,503040,0.7199999999999999,0.0,0.0,0.0,0.0,0,1.5625,0.46875,3.94375,0.4765407986111111,0.048958333333364586,1.6125,0.6875,1.1875,1.4767174515391415,153.49075342278638,0.4503419929851088,0.4456544929851088,0.540322142202963,0.540322142202963,0.99375,0.0,0.00625,0.0,1.964908265024555,5.439210405968589,12.374118043259223,0.9625,0.01857729965830522,0.10248066704914792,1.8194725999394712,0.1250000000003421,0.6229250336891612,0.01857729965830522,1.0,4.36875,153.49075342278638,0.41318544769469245,0.3163139424371838,0.6164772684711697
failure_partition,13003,0.9697143749799579,0.0,flocking_topology_resilient,13003,1.82046007495792,0.6506430108338952,0.39114583333341457,1.1688494681649981,0.5810369681649982,0.23125,0.0,0.76875,0.1125,0.0,0.0,-0.17864583333325207,116,0.690265040295225,1.607752260435629,4.321551626015546,7.404956656769388,0.9791145833333333,1.0435487295244343,1.8535652854435878,3.7466146577577613,17.300513993808448,4.142957944861098,7.0625,1.0,0.0,0.4375,0.0,1.70625,5.0875,0.6359375,3.6916666666666664,0.3858644402619506,0.5385416666666667,0.05,2,0.23125,21,21.93125,0.28125,0.0,0.0,0.0,0.0,0.0,0.0,0.125,,2623,503616,0.7199999999999999,0.0,0.0,0.0,0.0,0,1.79375,0.7375,3.39375,0.4106770833333333,0.050781250000081254,1.85625,0.69375,1.425,1.5794814420386287,183.15435812782795,0.42569342875782484,0.42569342875782484,0.517215371017916,0.517215371017916,1.0,0.0,0.0,0.0,1.509604556629316,4.251031365188378,10.403578625765935,0.96875,0.013737326533922564,0.05592589905862465,1.5958144147612032,0.12500000000011222,0.6412269308119043,0.013737326533922564,1.0,3.81875,183.15435812782795,0.37409296653725754,0.2928150086212999,0.5810369681649982
failure_partition,13004,1.0158039580564946,0.0,flocking_topology_resilient,13004,3.4320975883644276,1.9417140159943784,0.41208767361113613,1.865299951887787,1.304987451887787,0.26875,0.0,0.73125,0.11875,0.0,0.0,-0.14691840277764653,64,1.9385042827106267,5.256441420831016,8.491536555466213,132.0523844586849,0.9332366071428572,1.85743621376942,1.9533036203085328,3.6059127456560573,12.481907981205236,3.9548800399697166,7.0625,1.0,0.0,0.4375,0.0,1.7,5.59375,0.69921875,3.7560763888888884,0.44525267816750114,0.530490451388889,0.05,2,0.225,23,22.7875,0.2875,0.0,0.0,0.0,0.0,0.0,0.0,0.375,,2632,505344,0.7199999999999999,0.0,0.0,0.0,0.0,0,1.4375,0.4,3.525,0.42654079861113614,0.04296875000010625,1.4,0.6625,1.14375,1.537812716749767,155.4901653085354,0.5624683240588452,0.5109058240588451,0.6794611066833421,0.6794611066833421,0.93125,0.0,0.06875,0.0,1.5694117518267459,4.662155129409203,8.37452046571012,0.975,0.03384151602198458,0.2178848904709746,1.5628520610768186,0.12661618037057398,0.9153911914976884,0.03384151602198458,1.0,3.84375,155.4901653085354,0.34612691657817046,0.29941910070951516,1.304987451887787
failure_partition,13005,1.2762878751382232,0.0,flocking_topology_resilient,13005,1.3664054228896494,0.6238194706814556,0.580859375,0.9915281143999092,0.5634031143999093,0.4375,0.0,0.5625,0.0625,0.0,0.0,0.19140625,78,0.6465762280012566,1.5761899210989765,4.0218094364187404,8.191123968284899,0.9825520833333332,0.8617634585982406,1.9048440521328487,3.6874320598701447,14.999747289284107,3.0482086946574816,7.0625,1.0,0.0,0.4375,0.0,1.6,5.95,0.74375,5.35625,0.42625659851807196,0.33046875,0.05,2,0.06875,8,32.03125,0.06875,0.0,0.0,0.0,0.0,0.0,0.0,0.04166666666666674,,2739,525888,0.7199999999999999,0.0,0.0,0.0,0.0,0,1.53125,0.5125,4.7625,0.591015625,0.078515625,0.40625,0.225,0.4375,1.709835414447372,165.01425966892833,0.30617487431354373,0.2967998743135437,0.3311475136263803,0.3311475136263803,0.9875,0.0,0.0125,0.0,1.3724237307989549,3.6099876893239053,4.616753831849675,1.0,0.019646800915612942,0.1356066839489366,1.9559246363755356,0.1250000000021787,0.5239734519580849,0.019646800915612942,1.0,5.40625,165.01425966892833,0.28961575066632417,0.2639161297903921,0.5566176631929809
failure_partition,13006,0.982801292091608,0.0,flocking_topology_resilient,13006,1.1372599812741684,0.6614731276684115,0.43359375,1.2191828749498212,0.5801203749498212,0.15625,0.0,0.84375,0.0625,0.0,0.0,-0.109375,114,0.6699368459694449,1.6511356691825179,5.052275875127357,9.46887852895922,0.95859375,0.9492011182586302,1.9885060600417428,3.7557576761094524,13.68626817387331,2.9584554211963114,7.0625,1.0,0.0,0.4375,0.0,1.65625,5.53125,0.69140625,3.93125,0.41304560362250314,0.50859375,0.05,2,0.1875,19,22.1875,0.1875,0.0,0.0,0.0,0.0,0.0,0.0,0.125,,2542,488064,0.7199999999999999,0.0,0.0,0.0,0.0,0,1.81875,0.7125,3.53125,0.4375,0.05390625,1.8,0.69375,1.25625,1.5442960779118875,165.21758208307295,0.4626063874356364,0.39698138743563643,0.46368064697918226,0.46368064697918226,0.9125,0.0,0.0875,0.0,1.7405268959950313,5.5491155090817665,10.52741115818143,0.9625,0.036877692230823544,0.19194321055239877,1.9646940294540465,0.12500000000331918,0.7661013113853862,0.036877692230823544,1.0,3.9625,165.21758208307295,0.3446843579257683,0.28713418843485294,0.5801203749498212
failure_partition,13007,1.2966283750720322,0.0,flocking_topology_resilient,13007,1.940371607882701,0.633597391228781,0.533203125,0.9943945596801287,0.5662695596801286,0.4375,0.0,0.5625,0.0625,0.0,0.0,0.12500000000000627,109,0.664886469273943,1.5292923266351726,4.540265915991919,7.3204464371078295,0.9729166666666668,1.5172213585739223,2.01893798613517,3.683261656873596,17.29466498469023,3.8513140518685725,7.0625,1.0,0.0,0.4375,0.0,1.56875,5.5,0.6875,4.8625,0.4121154531591703,0.3921875,0.05,2,0.0375,6,30.6375,0.04375,0.0,0.0,0.0,0.0,0.0,0.0,0.0625,,2827,542784,0.7199999999999999,0.0,0.0,0.0,0.0,0,1.73125,0.6875,4.5875,0.56171875,0.04531250000000625,0.45,0.225,0.5,1.7353039599457234,177.57144804416535,0.39536882907929083,0.35786882907929085,0.40380475816215605,0.40380475816215605,0.95,0.0,0.05,0.0,1.7754452210332214,4.799327537527054,9.263484771197177,0.975,0.03023844318863946,0.1702025529146775,1.8647117387931391,0.12500000106719633,0.6521984152279885,0.03023844318863946,1.0,4.95625,177.57144804416535,0.3548967601838055,0.2950229849922378,0.5662695596801286
failure_partition,13008,1.0638833749108016,0.0,flocking_topology_resilient,13008,1.1561750574202072,0.7309044391487414,0.4592013888889264,1.1602500675959586,0.6611875675959588,0.34375,0.0,0.65625,0.06875,0.25,0.00625,-0.07222222222218472,107,0.7216980685141751,1.8795746589174331,4.9349042068201365,23.47319819840283,0.9533854166666667,0.8360764538796821,2.0407716860628757,3.727039915456551,9.094085058872235,3.2355575318120877,7.0625,1.0,0.0,0.4375,0.0,1.6875,5.55625,0.69453125,4.067361111111111,0.20431142770515068,0.4915798611111112,0.05,2,0.26875,27,24.2375,0.28125,0.0,0.0,0.0,0.0,0.0,0.0,0.125,,2550,489600,0.7199999999999999,0.0,0.0,0.0,0.0,0,1.7,0.66875,3.76875,0.4638888888888889,0.0437500000000375,1.65,0.63125,1.1625,1.4691399325126304,144.59710544367462,0.5055884684428695,0.4118384684428696,0.4778967577525088,0.4778967577525088,0.875,0.0,0.125,0.0,1.7706978381375524,5.487638524468585,21.1997765873422,0.95625,0.04564495281166448,0.22625522349084728,1.896661231933488,0.1266161785386654,0.890787099667177,0.04564495281166448,1.0,4.125,144.59710544367462,0.360056050134873,0.29082388113220325,0.6411494452051743
failure_partition,13009,1.029802333097905,0.0,flocking_topology_resilient,13009,1.2104260179976234,0.6104396708052643,0.456749131944457,1.1412335990195197,0.5381085990195197,0.2125,0.0,0.7875,0.125,0.0,0.0,-0.06931423611109862,108,0.6205221930025041,1.4403311589835652,3.546472393518883,7.087910814193537,0.98671875,1.5271155390456785,1.973026544687452,3.7366704053846247,12.160750943210836,4.1307960958295045,7.0625,1.0,0.0,0.4375,0.0,1.6875,5.5125,0.6890625,4.1227430555555555,0.263689285876884,0.48465711805555556,0.05,2,0.16875,17,24.0375,0.175,0.0,0.0,0.0,0.0,0.0,0.0,0.125,,2536,486912,0.7199999999999999,0.0,0.0,0.0,0.0,0,1.83125,0.71875,3.7375,0.45753038194444445,0.0578125000000125,1.49375,0.63125,1.08125,1.5396229118856493,156.1873908292596,0.5213921742825345,0.3901421742825345,0.4640737114133657,0.4640737114133657,0.825,0.0,0.175,0.0,1.650083865101244,4.726588016045653,8.481896774377184,0.975,0.052100767688505654,0.2950303034521568,1.989686299481209,0.12500000000152206,0.9133376051669213,0.052100767688505654,1.0,4.2,156.1873908292596,0.3190576192161061,0.2729197101350792,0.5381085990195197
failure_partition,13010,1.0292787090875208,0.0,flocking_topology_resilient,13010,1.2041855542485067,0.6856638158853,0.4489583333333771,1.187090637129331,0.6070906371293312,0.2375,0.0,0.7625,0.08125,0.0,0.0,-0.09114583333328959,62,0.6814076502024733,1.740509051400588,4.07793527706077,8.354616685203032,0.9704464285714286,0.7194734675789153,1.7546512516091894,3.7746547922223757,9.66821516291417,3.471350339176875,7.0625,1.0,0.0,0.4375,0.0,1.71875,5.50625,0.68828125,4.029166666666667,0.18085183835848728,0.4963541666666667,0.05,2,0.2625,24,23.53125,0.28125,0.0,0.0,0.0,0.0,0.0,0.0,0.10416666666666667,,2541,487872,0.7199999999999999,0.0,0.0,0.0,0.0,0,1.45625,0.3875,3.65,0.4489583333333334,0.053125000000043755,1.625,0.69375,1.2125,1.4882311512288768,139.2638360221769,0.45589583029453706,0.4137083302945371,0.47326468321248144,0.47326468321248144,0.94375,0.0,0.05625,0.0,1.9102094448730949,5.51071101213199,10.926271082493203,0.96875,0.028020841972200512,0.18076756697289648,1.7694829440086395,0.12661617858795227,0.7223172806886101,0.028020841972200512,1.0,4.0875,139.2638360221769,0.3589076397533755,0.29692392578390214,0.6070906371293312
failure_partition,13011,1.1896876250393689,0.0,flocking_topology_resilient,13011,1.4570518485758632,0.7054115938948539,0.5062500000000062,1.0597172200202167,0.6315922200202168,0.4375,0.0,0.5625,0.0625,0.14285714285714285,0.00625,0.05468750000000625,77,0.7076349640790277,1.8476379666721408,5.432149740944701,12.357804738074275,0.946875,1.6424102501086109,2.071268070716438,3.689560651412658,15.034370719738613,4.474946408209075,7.0625,1.0,0.0,0.4375,0.0,1.625,5.44375,0.68046875,4.70625,0.49850733463662616,0.41171875,0.05,2,0.1125,11,27.9375,0.11875,0.0,0.0,0.0,0.0,0.0,0.0,0.062499999999999944,,2503,480576,0.7199999999999999,0.0,0.0,0.0,0.0,0,1.54375,0.5125,4.2875,0.52421875,0.06328125000000626,0.425,0.2125,0.48125,1.666460902301555,168.8698745464398,0.4086435740197012,0.3570810740197012,0.40859799210508124,0.40859799210508124,0.93125,0.0,0.06875,0.0,1.7116162976907785,4.5940538602005745,6.585310993983567,0.9875,0.03267278246312946,0.1900385302799942,2.0959292611402582,0.12601969524305773,0.6789954919137828,0.03267278246312946,1.0,4.8625,168.8698745464398,0.35304475433242016,0.28717933853262406,0.615575256153783
failure_partition,13012,1.2045987090095878,0.0,flocking_topology_resilient,13012,2.6969453410955606,0.7206752413726756,0.4628689236111486,1.0432386838584482,0.6257386838584484,0.45,0.0,0.55,0.05,0.0,0.0,-0.006553819444388187,70,0.7144947751904859,1.6596425148210592,4.7928614852304285,33.96228725887586,0.965625,1.733545211209885,2.109801425901102,3.6946107471030096,20.776472179175435,3.262238942515464,7.0625,1.0,0.0,0.4375,0.0,1.69375,5.30625,0.66328125,4.49982638888889,0.6314508752889375,0.43752170138888885,0.05,2,0.15,16,26.98125,0.1875,0.0,0.0,0.0,0.0,0.0,0.0,0.18749999999999994,,2548,489216,0.7199999999999999,0.0,0.0,0.0,0.0,0,1.94375,0.85625,4.10625,0.4967230902777965,0.06497395833337083,0.48125,0.28125,0.6375,1.8211894624639982,201.96743161564888,0.41899365949860307,0.3627436594986031,0.42849789066524024,0.42849789066524024,0.925,0.0,0.075,0.0,1.4438225563022056,4.359659378418093,6.45309604606679,0.98125,0.029396132163919498,0.24012061888288005,1.7464275572698706,0.125000000001872,0.7434698911784914,0.029396132163919498,1.0,4.69375,201.96743161564888,0.3659850152209237,0.2946355540298013,0.6151070150454798
failure_partition,13013,1.1661682920530438,0.0,flocking_topology_resilient,13013,3.437724370060856,1.031984909060898,0.4406250000000062,1.1538475468215537,0.7257225468215533,0.4375,0.0,0.5625,0.0625,0.0,0.0,-0.029687499999974998,66,1.0386723049156479,2.930675758336654,4.282255488752331,92.10124861867024,0.9580729166666668,1.6195293006017413,2.032993361160159,3.6807289652150508,18.10156517352138,3.785489155892094,7.0625,1.0,0.0,0.4375,0.0,1.75625,5.00625,0.62578125,4.313541666666667,0.2902782605830161,0.4608072916666667,0.05,2,0.16875,15,25.7875,0.19375,0.0,0.0,0.0,0.0,0.0,0.0,0.125,,2591,497472,0.7199999999999999,0.0,0.0,0.0,0.0,0,1.475,0.4625,3.9625,0.4838541666666729,0.05533854166668541,0.38125,0.19375,0.53125,1.6912419693223566,181.0596305853221,0.5090822096543299,0.4528322096543299,0.5517489077443698,0.5517489077443698,0.925,0.0,0.075,0.0,1.780327522267735,5.32508260393124,6.697004727765538,0.9875,0.029905526723809778,0.19013683555424207,1.7531934967692357,0.1260196951238884,0.757646690271053,0.029905526723809778,1.0,4.44375,181.0596305853221,0.44319201971998917,0.3001851795151634,0.7184645704357886
failure_partition,13014,1.202272290829569,0.0,flocking_topology_resilient,13014,3.8662514814087348,0.6961254363062427,0.4339409722222222,1.0472710031589936,0.6191460031589935,0.4375,0.0,0.5625,0.0625,0.0,0.0,-0.02430555555555556,75,0.7103029599266153,1.3523801389651424,5.249626023628755,8.99238197335435,0.9630580357142857,0.446576428916273,2.0570244575821723,3.6868748123356143,16.20597860330306,2.6459061712486553,7.0625,1.0,0.0,0.4375,0.0,1.8625,4.89375,0.61171875,4.271527777777778,0.19164369513042484,0.46605902777777775,0.05,2,0.125,12,25.93125,0.125,0.0,0.0,0.0,0.0,0.0,0.0,0.08333333333333326,,2614,501888,0.7199999999999999,0.0,0.0,0.0,0.0,0,1.4875,0.45625,4.0,0.48771701388888894,0.04544270833333333,0.35,0.1875,0.41875,1.6877169587372958,161.27843574595914,0.46678952436191024,0.4339770243619102,0.5115570460996942,0.5115570460996942,0.95625,0.0,0.04375,0.0,1.7670597673192063,4.630083121311736,11.512123446258563,0.975,0.02689482794611771,0.2082395589964888,1.8877791936281245,0.12661617853357615,0.7332378661460195,0.02689482794611771,1.0,4.39375,161.27843574595914,0.427153316203151,0.310158230322363,0.6191460031589935
failure_partition,13015,1.1534477081149817,0.0,flocking_topology_resilient,13015,3.963767970718003,0.8091591333880844,0.4285156250000187,1.100110232179036,0.6719852321790359,0.4375,0.0,0.5625,0.0625,0.0,0.0,-0.03541666666664791,75,0.8277333887259617,1.3148853380895926,4.426707677344521,22.69752981271802,0.9671875,1.089842984889083,2.0343936185807787,3.7081145588490045,14.08244134788807,3.446424547233866,7.0625,1.0,0.0,0.4375,0.0,1.83125,4.9,0.6125,4.210416666666667,0.3853488138039102,0.4736979166666666,0.05,2,0.15,13,25.2375,0.15625,0.0,0.0,0.0,0.0,0.0,0.0,0.10416666666666657,,2592,497664,0.7199999999999999,0.0,0.0,0.0,0.0,0,1.5125,0.4625,3.94375,0.48098958333335207,0.04375,0.45,0.2375,0.50625,1.7526728216975083,157.84884709951285,0.5287182222218552,0.4677807222218552,0.5913090560367389,0.5913090560367389,0.91875,0.0,0.08125,0.0,1.7700578745315922,5.343113501589755,9.109375357860579,0.95625,0.03098066715295388,0.16662912038969177,1.7312556116409514,0.1260198677404282,0.7880549594623949,0.03098066715295388,1.0,4.3125,157.84884709951285,0.45069268220661407,0.27865909841077025,0.6719852321790359
failure_partition,13016,1.0245070829987526,0.0,flocking_topology_resilient,13016,3.868944068006751,0.9346910096026492,0.36367187500000625,1.4234205698335884,0.8031080698335884,0.18125,0.0,0.81875,0.0625,0.0,0.0,-0.1463541666666604,73,0.9353962580969802,1.032771395279212,3.72423755971642,5.358366572418715,0.9984375,2.4336051301397847,2.0661398899479204,3.653244960195091,19.172030647327432,3.4588516504810003,7.0625,1.0,0.0,0.4375,0.0,1.7125,5.05625,0.63203125,3.8083333333333327,0.21035223930472086,0.5239583333333334,0.05,2,0.23125,21,21.9875,0.23125,0.0,0.0,0.0,0.0,0.0,0.0,0.0625,,2669,512448,0.7199999999999999,0.0,0.0,0.0,0.0,0,1.5,0.45625,3.4875,0.4259114583333333,0.050130208333339574,1.71875,0.69375,1.23125,1.573693469744004,182.88308664561316,0.46826642632372406,0.42139142632372406,0.4943052009989021,0.4943052009989021,0.9375,0.0,0.0625,0.0,1.6747757489424935,5.218432734940619,9.307595236701154,0.9875,0.027618396070154465,0.21725399704367504,1.7286833949087046,0.12601969526911672,0.7457062860241022,0.027618396070154465,1.0,3.89375,182.88308664561316,0.4019727295421016,0.2993731108167436,0.8031080698335884
failure_partition,13017,1.1935867920983583,0.0,flocking_topology_resilient,13017,1.4113113293330803,0.7128764139932274,0.4864366319444445,1.106906811303526,0.6881568113035261,0.45,0.0,0.55,0.0625,0.08333333333333333,0.01875,-0.015407986111111115,122,0.9886382387035396,3.7093745814088166,4.947433031974289,181.19816258480955,0.9638020833333332,0.805363316725631,1.9363745424457808,3.683074721521262,15.577031209736438,4.217681675189017,7.0625,1.0,0.0,0.4375,0.0,1.825,4.94375,0.61796875,4.328993055555555,0.21905482292594267,0.4588758680555555,0.05,2,0.16875,16,26.19375,0.16875,0.0,0.0,0.0,0.0,0.0,0.0,0.125,,2591,497472,0.7199999999999999,0.0,0.0,0.0,0.0,0,1.8,0.7625,4.03125,0.49190538194444444,0.04921875,0.35625,0.2,0.475,1.733077956604923,164.9451122546928,0.3947968839174988,0.3854218839174988,0.46366239786177194,0.46366239786177194,0.9875,0.0,0.0125,0.0,1.5479921899657116,4.563820445815582,7.564589659502764,0.975,0.025644785753915066,0.11006177821742481,1.834277295703839,0.1250000000348765,0.6485206301820706,0.025644785753915066,1.0,4.46875,164.9451122546928,0.3841094299015612,0.29017139789978585,0.6218876572148677
failure_partition,13018,1.320385708939284,0.0,flocking_topology_resilient,13018,1.1016604948140631,0.6413609034905797,0.5897135416666666,1.0017538121785756,0.5830038121785757,0.45,0.0,0.55,0.0625,0.0,0.0,0.17942708333333332,85,0.6692224824736106,1.6813508936175754,3.93577703992115,5.832189247429906,0.9927083333333334,2.556940243040202,1.9902588875335099,3.696799696729542,12.508956334040429,3.3308305963823295,7.0625,1.0,0.0,0.4375,0.0,1.55,5.6375,0.7046875,5.075,0.14490657922820074,0.365625,0.05,2,0.075,8,31.9875,0.075,0.0,0.0,0.0,0.0,0.0,0.0,0.062499999999999944,,2815,540480,0.7199999999999999,0.0,0.0,0.0,0.0,0,1.5625,0.53125,4.76875,0.5897135416666666,0.044661458333333334,0.4125,0.225,0.40625,1.6491797947464355,145.63975443123715,0.3302999764504397,0.3209249764504397,0.37584515464052437,0.37584515464052437,0.9875,0.0,0.0125,0.0,1.656915788742214,5.15916120598919,10.098246239018241,0.9625,0.019329047136316203,0.12751472865505672,1.8145434841877317,0.12601969513268418,0.5323040654984185,0.019329047136316203,1.0,5.13125,145.63975443123715,0.3195348188218044,0.28607760803668936,0.5830038121785757
failure_partition,13019,1.0049339581746608,0.0,flocking_topology_resilient,13019,3.4885418149791207,0.9369726623033631,0.38485243055558055,1.4198185478398853,0.8188810478398851,0.21875,0.0,0.78125,0.15,0.3333333333333333,0.00625,-0.17638888888879514,72,0.9371216976954913,1.1223180198711153,3.1615515103098932,6.3203299063194045,0.9846875,0.8165503271533653,1.9870009016222685,3.620165788876116,13.113438323956723,2.7486454264999716,7.0625,1.0,0.0,0.4375,0.0,1.70625,5.59375,0.69921875,3.6819444444444445,0.2978496013463944,0.5397569444444444,0.05,2,0.275,24,21.78125,0.325,0.0,0.0,0.0,0.0,0.0,0.0,0.125,,2628,504576,0.7199999999999999,0.0,0.0,0.0,0.0,0,1.46875,0.4625,3.4125,0.41180555555558057,0.04843750000006876,1.575,0.69375,1.09375,1.5183158506952308,156.67666092691368,0.5103533835309495,0.4681658835309495,0.5871134876920518,0.5871134876920518,0.94375,0.0,0.05625,0.0,1.5683398693853903,4.310822875705487,10.572397225066203,0.98125,0.028740829160631653,0.23370511115975445,1.7016247549314347,0.12500000000151856,0.8351782392698592,0.028740829160631653,1.0,3.775,156.67666092691368,0.3327369085626229,0.30233829421963343,0.8110985930455581
failure_partition,13020,1.2220591250807047,0.0,flocking_topology_resilient,13020,2.6049092920334127,0.6757914653634293,0.48200954861111106,1.0279591532911059,0.5998341532911059,0.4375,0.0,0.5625,0.0625,0.0,0.0,0.06401909722222224,76,0.6713164484033459,1.562192646908846,4.485759549956004,6.680745394163036,0.990625,2.141901232681943,2.047272974784302,3.6872770246955517,14.529268173848726,3.9640078789617847,7.0625,1.0,0.0,0.4375,0.0,1.725,5.4125,0.6765625,4.812326388888889,0.448033891680873,0.3984592013888889,0.05,2,0.1125,9,28.5875,0.1125,0.0,0.0,0.0,0.0,0.0,0.0,0.062499999999999944,,2523,484416,0.7199999999999999,0.0,0.0,0.0,0.0,0,1.5375,0.48125,4.3125,0.5288845486111111,0.071875,0.34375,0.2,0.43125,1.7113406157939917,159.91144016247583,0.35152150193181875,0.35152150193181875,0.4111795714951332,0.4111795714951332,1.0,0.0,0.0,0.0,1.607906892285758,4.438808856905212,6.484403032086634,0.9875,0.022964525829944064,0.09818702318332914,1.835107009285381,0.12500000000093572,0.5824486846640133,0.022964525829944064,1.0,4.91875,159.91144016247583,0.34092756690777354,0.29738632135190324,0.5998341532911059
failure_partition,13021,0.9768949169665575,0.0,flocking_topology_resilient,13021,1.171124649024615,0.7057182184091454,0.4105468750000437,1.235839663457125,0.621464663457125,0.2,0.0,0.8,0.14375,0.0,0.0,-0.17578124999995626,114,0.709552183076712,1.8624196897339889,5.16675454260322,11.831227584943685,0.9664434523809524,1.6914755394683292,1.9498292596104747,3.7528913593204907,12.311938975573034,2.9182219991024896,7.0625,1.0,0.0,0.4375,0.0,1.6375,5.075,0.634375,3.653125,0.32054524628916986,0.543359375,0.05,2,0.1875,17,20.78125,0.21875,0.0,0.0,0.0,0.0,0.0,0.0,0.041666666666666685,,2629,504768,0.7199999999999999,0.0,0.0,0.0,0.0,0,1.73125,0.7125,3.325,0.411328125,0.04453125000004375,1.80625,0.69375,1.2,1.5177512310910104,152.0391818559136,0.5594432270117352,0.4563182270117352,0.5561661714974477,0.5561661714974477,0.8625,0.0,0.1375,0.0,1.7210984401647473,4.9219930977076265,11.579671711728373,0.96875,0.04615451574329836,0.3423370197880581,1.7513097008848049,0.12500000000015965,0.9350415672225983,0.04615451574329836,1.0,3.6875,152.0391818559136,0.38568985911717163,0.2621256856455042,0.621464663457125
failure_partition,13022,1.0052846248727292,0.0,flocking_topology_resilient,13022,3.59400708594335,0.7754482138167609,0.39505208333333336,1.2979130549923077,0.7257255549923078,0.25625,0.0,0.74375,0.14375,1.0,0.01875,-0.08385416666666666,71,1.0168707828521706,2.8254036086505927,4.268258060876685,155.9048626857163,0.9565104166666666,1.0562588643303803,2.0699401721415565,3.6429910996552017,12.121116946427387,3.6790589383655656,7.0625,1.0,0.0,0.4375,0.0,1.5875,5.13125,0.64140625,4.014583333333333,0.4358870468405295,0.4981770833333333,0.05,2,0.1125,12,23.4875,0.1125,0.0,0.0,0.0,0.0,0.0,0.0,0.20833333333333334,,2659,510528,0.7199999999999999,0.0,0.0,0.0,0.0,0,1.525,0.44375,3.7125,0.4518229166666667,0.04921875,1.61875,0.69375,1.09375,1.4937614022205965,138.8688742850266,0.4171650212823973,0.3937275212823973,0.45547213081856314,0.45547213081856314,0.96875,0.0,0.03125,0.0,1.6327154524903071,4.775785349256925,9.041772293757877,0.9625,0.025716932751616534,0.21044576905437584,1.7331369835305193,0.12601970410161553,0.6830498794192581,0.025716932751616534,1.0,4.1125,138.8688742850266,0.36464349259477047,0.2753097566732067,0.6599015265992536
failure_partition,13023,1.1974296669941396,0.0,flocking_topology_resilient,13023,2.488870780167432,0.6749280281785411,0.5,1.0222517607045076,0.5941267607045078,0.4375,0.0,0.5625,0.0625,0.0,0.0,0.03984375,76,0.6628562336521263,1.4682023844051142,3.4344931031623993,7.4722252889924405,0.9763020833333333,1.0282620966684888,1.96738225310237,3.7049910443078202,14.06581547037876,4.234138345092169,7.0625,1.0,0.0,0.4375,0.0,1.65,5.475,0.684375,4.775,0.21075260041779204,0.403125,0.05,2,0.1,9,27.79375,0.1,0.0,0.0,0.0,0.0,0.0,0.0,0.08333333333333331,,2533,486336,0.7199999999999999,0.0,0.0,0.0,0.0,0,1.5,0.475,4.225,0.516015625,0.079296875,0.41875,0.225,0.475,1.7089216976365216,154.52889171761967,0.3845352292327376,0.32828522923273756,0.38366246810985605,0.38366246810985605,0.925,0.0,0.075,0.0,1.501242187607749,4.861422111803374,9.013082661021965,0.975,0.028007158022022742,0.19471093555696067,1.7516379175325394,0.12601969512342476,0.665171002396937,0.028007158022022742,1.0,4.90625,154.52889171761967,0.32528177933811736,0.27688788243850765,0.5926986011409656
failure_partition,13024,1.0099544590339065,0.0,flocking_topology_resilient,13024,3.784019380839076,0.7753796087105669,0.38645833333333957,1.2409376501481846,0.6509376501481847,0.225,0.0,0.775,0.0875,0.0,0.0,-0.07812499999998126,74,0.7680999102934345,1.3993431547782547,4.355044057019247,21.441808367926548,0.9584374999999999,0.3936996059983891,2.0194172338569523,3.6402152870922793,11.249279048334417,2.8976349275067266,7.0625,1.0,0.0,0.4375,0.0,1.59375,5.56875,0.69609375,4.077083333333333,0.3920645703937389,0.4903645833333334,0.05,2,0.19375,16,23.63125,0.2125,0.0,0.0,0.0,0.0,0.0,0.0,0.0625,,2538,487296,0.7199999999999999,0.0,0.0,0.0,0.0,0,1.59375,0.46875,3.66875,0.4510416666666666,0.05859375000001876,1.775,0.6375,1.1625,1.469445924521208,146.2243873263134,0.4299879104682544,0.4065504104682544,0.47619567063703105,0.47619567063703105,0.96875,0.0,0.03125,0.0,1.750575810312951,5.522426798321718,10.507808063264937,0.96875,0.028432726494429694,0.20162012523042241,1.7646881977397377,0.1250000000003641,0.7160337321019086,0.028432726494429694,1.0,4.16875,146.2243873263134,0.35555439211549955,0.30864589306802187,0.6509376501481847
failure_partition,13025,0.9795007908251137,0.0,flocking_topology_resilient,13025,2.058437567779216,0.6954634609890471,0.3968532986111611,1.2349456150477305,0.6111956150477305,0.1875,0.0,0.8125,0.14375,0.0,0.0,-0.15967881944435694,29,0.6973175924287395,1.5060834634723126,4.004006909414855,12.069503423476391,0.9766666666666666,1.3853477657516957,1.9652985893454862,3.7537538333096245,11.733807723771088,4.881476419184607,7.0625,1.0,0.0,0.4375,0.0,1.68125,5.45,0.68125,3.7300347222222223,0.26088057322806096,0.5337456597222222,0.05,2,0.2125,19,22.2,0.25625,0.0,0.0,0.0,0.0,0.0,0.0,0.124999999999,,2526,484992,0.7199999999999999,0.0,0.0,0.0,0.0,0,1.275,0.24375,3.50625,0.41742621527782775,0.0480468750000375,1.6375,0.69375,1.25625,1.5358333567006677,150.5221442637888,0.47356924559113905,0.43138174559113907,0.5338278547364395,0.5338278547364395,0.94375,0.0,0.05625,0.0,1.5954729426669372,4.673304805995527,10.485119777771718,0.98125,0.027271245159396218,0.216276921315453,1.7123961998138746,0.12661617892249719,0.779395266809438,0.027271245159396218,1.0,3.86875,150.5221442637888,0.3821066881177231,0.27542037747528003,0.6106634084177367
failure_partition,13026,1.1874291670974344,0.0,flocking_topology_resilient,13026,2.0444713488808985,0.6763775233433552,0.48240017361111737,1.0226817180114174,0.6039317180114174,0.45,0.0,0.55,0.0625,0.0,0.0,0.00594618055556807,136,0.6888937421920363,1.6939674586679145,4.584766336872541,7.43572999400481,0.9481770833333334,2.3399476314003254,2.0695954246024484,3.7023443491579213,10.290874244831931,4.500213462090175,7.0625,1.0,0.0,0.4375,0.0,1.90625,4.90625,0.61328125,4.385243055555556,0.3245141179983783,0.45184461805555554,0.05,2,0.23125,18,26.9375,0.2375,0.0,0.0,0.0,0.0,0.0,0.0,0.20833333333333326,,2551,489792,0.7199999999999999,0.0,0.0,0.0,0.0,0,1.96875,0.85,4.13125,0.5014105902777778,0.04518229166667917,0.15625,0.15625,0.38125,1.7058900549268337,130.4621046282557,0.44348715587378235,0.44348715587378235,0.5343522626189436,0.5343522626189436,1.0,0.0,0.0,0.0,1.906508973568938,5.855861779587712,7.3932628128098905,0.95625,0.019034567667134045,0.08076793235670626,1.5922576296289912,0.12661617853275725,0.6110948356022053,0.019034567667134045,1.0,4.53125,130.4621046282557,0.4506105360959598,0.2969948682257089,0.6024489022100651
failure_partition,13027,1.1664944160729647,0.0,flocking_topology_resilient,13027,1.329115458898149,0.653793978244052,0.525390625,1.0114869292077497,0.5974244292077497,0.45625,0.0,0.54375,0.0625,0.0,0.0,0.0640625,75,0.6627004259907817,1.663209397984965,4.431126808644769,8.997485244597744,0.9788318452380953,1.3483265793200772,2.055689211409406,3.7073278808112518,14.426559321376425,2.514808803991381,7.0625,1.0,0.0,0.4375,0.0,1.675,5.46875,0.68359375,4.758333333333333,0.24106643253434398,0.4052083333333333,0.05,2,0.15625,15,28.1875,0.15625,0.0,0.0,0.0,0.0,0.0,0.0,0.125,,2507,481344,0.7199999999999999,0.0,0.0,0.0,0.0,0,1.51875,0.46875,4.29375,0.526953125,0.06549479166666666,0.40625,0.21875,0.4375,1.6993262146786783,158.56390608945443,0.3391193155564752,0.3391193155564752,0.3820215657961294,0.3820215657961294,1.0,0.0,0.0,0.0,1.620244336578859,4.522869414858134,9.995687887676581,0.96875,0.014482946038396793,0.06573370958922056,1.897083833265404,0.12601969532913593,0.5119095834240521,0.014482946038396793,1.0,4.89375,158.56390608945443,0.33189428803707566,0.2758961408983004,0.5974244292077497
failure_partition,13028,1.2253547499421984,0.0,flocking_topology_resilient,13028,2.494028699275803,0.6463634623997244,0.4906250000000124,0.9767091851428376,0.5638966851428376,0.45625,0.0,0.54375,0.05,0.0,0.0,0.03072916666667916,139,0.6508508401167383,1.4166952762474163,4.076333480041746,8.370006118339136,0.9846726190476192,2.316564314103655,2.106018701218961,3.7205339583533807,17.068240136122473,4.598636195439065,7.0625,1.0,0.0,0.4375,0.0,1.6625,5.45625,0.68203125,4.611458333333333,0.5044452081103623,0.4235677083333334,0.05,2,0.21875,17,27.88125,0.21875,0.0,0.0,0.0,0.0,0.0,0.0,0.3541666666666667,,2538,487296,0.7199999999999999,0.0,0.0,0.0,0.0,0,2.01875,0.86875,4.2375,0.5138020833333334,0.06263020833334583,0.44375,0.23125,0.4875,1.697000208658378,169.81856679282117,0.4168651377016285,0.37467763770162843,0.4412345530870525,0.4412345530870525,0.94375,0.0,0.05625,0.0,1.8761124494483468,5.657312572771235,13.61007666278209,0.95625,0.03164403929377437,0.2103648438691797,1.8874631922839682,0.1250000026752111,0.6804739752994674,0.03164403929377437,1.0,4.83125,169.81856679282117,0.3699756170754755,0.3206460280703748,0.5638966851428376
failure_partition,13029,1.0087792079430073,0.0,flocking_topology_resilient,13029,3.605212118278818,0.8706043623830847,0.38331163194444445,1.3634409525316002,0.7618784525316002,0.20625,0.0,0.79375,0.0625,0.0,0.0,-0.1560329861111111,75,0.8776588578261768,1.6392668834612565,5.220369987975926,21.611295162185932,0.95484375,0.9536951095001059,2.208389594592952,3.6316633167929666,14.38718657463993,3.534504360722096,7.0625,1.0,0.0,0.4375,0.0,1.63125,5.18125,0.64765625,3.719618055555556,0.5482188493054183,0.5350477430555556,0.05,2,0.0875,9,21.31875,0.0875,0.0,0.0,0.0,0.0,0.0,0.0,0.06250000000000003,,2627,504384,0.7199999999999999,0.0,0.0,0.0,0.0,0,1.5,0.46875,3.44375,0.4219835069444445,0.04296875,1.675,0.69375,1.13125,1.5265649001643948,160.72027280167063,0.536119997825055,0.475182497825055,0.5680979169308974,0.5680979169308974,0.91875,0.0,0.08125,0.0,1.88537072102207,5.8877371196433925,13.123323634527859,0.95,0.03064506768361417,0.2523247185398094,1.8200836972533234,0.12661617877811454,0.8000918039778645,0.03064506768361417,1.0,3.7875,160.72027280167063,0.4005131732388114,0.31296413164334985,0.7618784525316002
staggered_rejoin,13000,1.202930707950145,0.0,flocking_topology_resilient,13000,2.0529808413503816,0.6928526421706217,0.5087022569444445,1.0315178188554286,0.6446428188554285,0.5,0.0,0.5,0.11875,0.1111111111111111,0.00625,0.1306857638888889,79,0.7516847523108271,2.025052242666173,4.907970601144645,33.689516557466014,0.9614583333333334,1.9207665252581947,1.9248707040550266,3.688317867485041,23.66921632734168,3.2149906842455733,6.66875,1.0,0.0,0.0,0.0,1.0125,6.63125,0.82890625,5.594618055555555,0.12471851200000002,0.3006727430555555,0.075,3,0.025,5,31.98125,0.025,0.0,0.0,0.0,0.0,0.0,0.0,0.08333333333333337,,3128,600576,0.7199999999999999,0.0,0.0,0.0,0.0,0,1.7,0.49375,4.30625,0.5352647569444444,0.14609375,0.79375,0.28125,0.69375,1.6106934442785494,180.60860731806827,0.32073554516667774,0.32073554516667774,0.3589351989594555,0.3589351989594555,1.0,0.0,0.0,0.0,1.7313554041950927,4.99465053252942,8.783932088771971,0.975,0.016571180478695484,0.0832517276917919,1.9328378802361594,0.12499999999999996,0.4883980978644963,0.016571180478695484,1.0,5.65625,180.60860731806827,0.3128196467938208,0.3138561005944148,0.6202503604180334
staggered_rejoin,13001,1.307927625020966,0.0,flocking_topology_resilient,13001,2.5063335735990733,0.6756033958686491,0.5828776041666666,0.9783247787464244,0.6092622787464246,0.51875,0.0,0.48125,0.08125,0.0,0.0,0.28763020833333336,81,0.6793734592852705,1.6171629550595277,3.786027410808233,6.069581564907928,0.9801711309523811,1.4957869114871247,1.9790497576615622,3.5685331603071715,13.252682444741296,3.2512663369024013,6.66875,1.0,0.0,0.0,0.0,1.0,6.66875,0.83359375,6.281770833333333,0.17964361835520004,0.2147786458333333,0.075,3,0.0,4,37.65625,0.0,0.0,0.0,0.0,0.0,0.0,0.0,0.125,,3106,596352,0.7199999999999999,0.0,0.0,0.0,0.0,0,1.675,0.50625,5.00625,0.6219401041666666,0.1546875,0.0375,0.0375,0.29375,1.6130694452322072,152.57984621820228,0.3158242526855733,0.3158242526855733,0.34817118984379564,0.34817118984379564,1.0,0.0,0.0,0.0,1.6802801540472452,3.824853987993849,7.256455449787826,0.9875,0.016391267017744307,0.08494399954324966,1.8785080904071303,0.12500000167593556,0.48044066773330363,0.016391267017744307,1.0,6.3125,152.57984621820228,0.3064756249083108,0.3064756249083108,0.6058449966855657
staggered_rejoin,13002,1.2609497078228742,0.0,flocking_topology_resilient,13002,2.8414587823882305,0.6918123832107601,0.5448784722222222,1.0076389923929385,0.6167014923929386,0.49375,0.0,0.50625,0.1125,0.125,0.00625,0.23350694444444448,79,0.7206014724909162,1.8952715603730603,6.097719894315613,10.807054761295829,0.9371279761904763,1.4283758063392014,2.428819203221768,3.6064237581426815,15.591873087839138,4.161117200066648,6.66875,1.0,0.0,0.0,0.0,1.01875,6.63125,0.82890625,5.927777777777778,0.24074633600000003,0.25902777777777775,0.075,3,0.025,5,35.4375,0.025,0.0,0.0,0.0,0.0,0.0,0.0,0.1875,,3138,602496,0.7199999999999999,0.0,0.0,0.0,0.0,0,1.625,0.49375,4.7875,0.5948784722222222,0.1390625,0.35,0.20625,0.41875,1.6398936179212231,153.87356558617952,0.3381976772606393,0.3381976772606393,0.38619221185558283,0.38619221185558283,1.0,0.0,0.0,0.0,1.919217434907512,5.779593939962436,12.374118043259223,0.95625,0.014706265517839618,0.07853818130050118,1.911082093909704,0.1250000000003421,0.4752934798668491,0.014706265517839618,1.0,5.9875,153.87356558617952,0.3228958098017254,0.3219462750970652,0.6039327175457003
staggered_rejoin,13003,1.2048294169362634,0.0,flocking_topology_resilient,13003,1.8248117495963723,0.5668788217618761,0.535373263888889,0.9009130674049034,0.4993505674049034,0.48125,0.0,0.51875,0.125,0.0,0.0,0.13949652777777777,78,0.602026509518122,1.3106892162512886,4.364129752900996,7.404956656769388,0.9806770833333334,2.28936532340016,1.9546947723380632,3.677621520947974,20.753885090558054,4.255860057697963,6.66875,1.0,0.0,0.0,0.0,1.01875,6.63125,0.82890625,5.614236111111111,0.22552291200000002,0.2982204861111111,0.075,3,0.025,5,32.53125,0.025,0.0,0.0,0.0,0.0,0.0,0.0,0.125,,3123,599616,0.7199999999999999,0.0,0.0,0.0,0.0,0,1.65,0.49375,4.4125,0.548654513888889,0.13984375,0.73125,0.2875,0.78125,1.6450146407473494,179.20901913427795,0.3262471123997625,0.3262471123997625,0.37021526158857937,0.37021526158857937,1.0,0.0,0.0,0.0,1.842681227754987,6.044908112934318,10.403578625765935,0.94375,0.014084752202910703,0.08367739258243542,1.8638783407831483,0.12500000000011222,0.4723210902978071,0.014084752202910703,1.0,5.66875,179.20901913427795,0.3158413873995315,0.3161091315414618,0.4941551159336687
staggered_rejoin,13004,1.2964245830662549,0.0,flocking_topology_resilient,13004,2.53045128591278,0.6702468237795117,0.561328125,0.9767996078396198,0.6124246078396197,0.525,0.0,0.475,0.08125,0.0,0.0,0.23359375000000626,79,0.6822298622722993,1.6528352620063784,4.955051414695487,9.035143216342911,0.9598437499999999,1.9002114818430555,2.2876021783993226,3.6441590033747437,13.802335966452551,5.412761974065371,6.66875,1.0,0.0,0.0,0.0,1.025,6.59375,0.82421875,5.9375,0.2625961805568,0.2578125,0.075,3,0.025,5,35.7375,0.03125,0.0,0.0,0.0,0.0,0.0,0.0,0.125,,3111,597312,0.7199999999999999,0.0,0.0,0.0,0.0,0,1.63125,0.49375,4.8125,0.598046875,0.13867187500000627,0.28125,0.2125,0.44375,1.5859329104866604,154.44435577544854,0.31616858615292615,0.31616858615292615,0.3561692058179261,0.3561692058179261,1.0,0.0,0.0,0.0,1.708856003622094,4.7824113697503,11.170849236723232,0.9875,0.013720885075414895,0.0602491392629933,1.853908582039353,0.12661618037057398,0.4691575119816466,0.013720885075414895,1.0,5.99375,154.44435577544854,0.30624416550842387,0.30145108476169774,0.6044048671456876
staggered_rejoin,13005,1.2697182910051197,0.0,flocking_topology_resilient,13005,2.695571052431723,0.7752483939377742,0.5389105902777778,1.0425326148352538,0.6469076148352537,0.4875,0.0,0.5125,0.1125,0.0,0.0,0.21063368055555554,79,0.7867230862929557,2.1615030629654637,4.727956971091661,44.97876795060549,0.9591889880952381,1.6935205497687031,2.258183833632155,3.6143127867749976,16.9939385148419,4.329921947095489,6.66875,1.0,0.0,0.0,0.0,1.0,6.66875,0.83359375,5.911284722222222,0.1843036,0.2610894097222222,0.075,3,0.0,4,35.03125,0.0,0.0,0.0,0.0,0.0,0.0,0.0,0.10416666666666663,,3121,599232,0.7199999999999999,0.0,0.0,0.0,0.0,0,1.58125,0.5,4.70625,0.5865668402777777,0.14609375,0.40625,0.29375,0.5375,1.6689391924520411,165.9022994256388,0.2817076075225286,0.2770201075225286,0.3092425280188027,0.3092425280188027,0.99375,0.0,0.00625,0.0,1.289988356044309,3.4122468622888187,7.061759159911796,0.99375,0.016093706142885827,0.10607618878174291,1.9513207609912648,0.1250000000021787,0.48789036946358966,0.016093706142885827,1.0,5.925,165.9022994256388,0.2773406284443454,0.2773406284443454,0.6427173974557802
staggered_rejoin,13006,1.2611150410957634,0.0,flocking_topology_resilient,13006,1.8077044838419496,0.6636999300423425,0.5572482638888889,1.004398914896801,0.6147114148968014,0.49375,0.0,0.50625,0.1,0.25,0.01875,0.20355902777777776,82,0.6993299569907321,1.8408191082577148,4.801755266580335,8.867925106447679,0.9625372023809524,1.8051299337563889,2.2227232939829817,3.6272679336565816,17.344970453379165,4.114348255550776,6.66875,1.0,0.0,0.0,0.0,1.01875,6.63125,0.82890625,5.8850694444444445,0.31180719907225607,0.26436631944444444,0.075,3,0.025,5,34.5875,0.025,0.0,0.0,0.0,0.0,0.0,0.0,0.125,,3099,595008,0.7199999999999999,0.0,0.0,0.0,0.0,0,1.70625,0.53125,4.6125,0.5728732638888889,0.15260416666666665,0.39375,0.2375,0.4875,1.6152018119315976,165.44135335654104,0.3190033618588025,0.3190033618588025,0.3566069261826122,0.3566069261826122,1.0,0.0,0.0,0.0,1.7384176844076307,5.544770027243878,7.4936489310961365,0.9875,0.011869999543545059,0.04037929696022706,1.92530382894788,0.12500000000331918,0.4531973166907478,0.011869999543545059,1.0,5.925,165.44135335654104,0.31426960649621416,0.31437767661291416,0.5813585761095622
staggered_rejoin,13007,1.2347558340989053,0.0,flocking_topology_resilient,13007,2.5931504457708243,0.7208029157698498,0.490625,0.9931241269120907,0.6174991269120907,0.5125,0.0,0.4875,0.1,0.0,0.0,0.15,81,0.7494467143732977,1.9247106449677027,4.9273094629957805,29.385618324329528,0.963125,1.3649752335999852,2.2307934539305783,3.6623739324972155,19.836478406701026,2.772915556362191,6.66875,1.0,0.0,0.0,0.0,1.0,6.66875,0.83359375,5.675,0.209517856,0.290625,0.075,3,0.0,4,32.9375,0.0,0.0,0.0,0.0,0.0,0.0,0.0,0.0,,3108,596736,0.7199999999999999,0.0,0.0,0.0,0.0,0,1.6,0.51875,4.44375,0.55546875,0.1484375,0.78125,0.3,0.74375,1.677094491296332,177.9670197850891,0.30334718252914367,0.30334718252914367,0.3394969696563073,0.3394969696563073,1.0,0.0,0.0,0.0,1.553785484938587,4.691408448530565,7.122891368356738,0.98125,0.015277544622979833,0.08066972120001718,1.8598758942913896,0.12500000106719633,0.48292104013289255,0.015277544622979833,1.0,5.675,177.9670197850891,0.31010502609398555,0.31010502609398555,0.6123491926016208
staggered_rejoin,13008,1.3381949998438358,0.0,flocking_topology_resilient,13008,1.7934625517476843,0.7218813394909528,0.6292534722222223,1.0088050790921144,0.6644300790921143,0.55,0.0,0.45,0.06875,0.045454545454545456,0.00625,0.32256944444444446,92,0.7465920122108785,2.030994406943485,5.048230786518985,23.47319819840283,0.9646577380952381,2.483036415802562,2.1639222977373462,3.645925124529031,12.433319752803438,3.4146932218449977,6.66875,1.0,0.0,0.0,0.0,1.04375,6.54375,0.81796875,6.227777777777778,0.3200450407852746,0.22152777777777777,0.075,3,0.025,6,37.7875,0.025,0.0,0.0,0.0,0.0,0.0,0.0,0.14583333333333326,,3113,597696,0.7199999999999999,0.0,0.0,0.0,0.0,0,1.74375,0.575,5.13125,0.6386284722222222,0.1296875,0.0,0.0,0.2125,1.600686373152826,140.20018223783845,0.31105126463008864,0.31105126463008864,0.35250972279334264,0.35250972279334264,1.0,0.0,0.0,0.0,1.7217409113993867,4.829513152462792,11.102741104604133,0.9625,0.015114567280735746,0.09924599354324401,1.9821601514048737,0.1266161785386654,0.46482530170933334,0.015114567280735746,1.0,6.28125,140.20018223783845,0.31296009245831125,0.30807736816120074,0.636529640094127
staggered_rejoin,13009,1.2034253331366926,0.0,flocking_topology_resilient,13009,1.3288314490870035,0.7023370381802941,0.6036024305555555,1.1095756585232002,0.6327006585232,0.375,0.0,0.625,0.08125,0.0,0.0,0.22126736111111112,119,0.6909813683158329,1.8146842728609147,4.724045025501513,8.45786734085254,0.9553199404761903,1.5674081076342847,1.939320992083666,3.6685387827435023,15.157823049832894,2.8262640442896942,6.66875,1.0,0.0,0.0,0.0,1.01875,6.65,0.83125,5.378819444444444,0.3609357928491699,0.32764756944444445,0.075,3,0.025,5,33.7375,0.025,0.0,0.0,0.0,0.0,0.0,0.0,0.125,,3136,602112,0.7199999999999999,0.0,0.0,0.0,0.0,0,1.80625,0.74375,4.86875,0.6051649305555555,0.0671875,0.9625,0.69375,0.75625,1.380843827284762,152.96303634964445,0.3312041030678813,0.3171416030678813,0.360352705142799,0.360352705142799,0.98125,0.0,0.01875,0.0,1.6477974611633706,4.617908326308785,8.496679314758248,0.975,0.018688255279870315,0.12782083946082376,1.915219703839231,0.12500000000152206,0.5248352914861405,0.018688255279870315,1.0,5.40625,152.96303634964445,0.29469731070258004,0.2939912991130353,0.6327006585232
staggered_rejoin,13010,1.3089369588997215,0.0,flocking_topology_resilient,13010,1.8412390613994345,0.6370081667051901,0.6057074652777777,0.9262613328699192,0.5593863328699191,0.525,0.0,0.475,0.10625,0.0,0.0,0.2770399305555556,78,0.6369061448228899,1.4838474971072244,4.0644553354718145,7.893015409687128,0.9715624999999999,0.8656034795604479,1.837714865160842,3.651810481216876,12.698858306778813,2.750770075414772,6.66875,1.0,0.0,0.0,0.0,1.0125,6.64375,0.83046875,6.158159722222222,0.14058851200000003,0.23023003472222223,0.075,3,0.025,5,36.78125,0.025,0.0,0.0,0.0,0.0,0.0,0.0,0.125,,3114,597888,0.7199999999999999,0.0,0.0,0.0,0.0,0,1.65,0.4875,4.9375,0.6143012152777778,0.13984375,0.125,0.125,0.31875,1.5531273638322356,136.29037306952767,0.31939771966948205,0.31939771966948205,0.36446824262986394,0.36446824262986394,1.0,0.0,0.0,0.0,1.8814776034233573,5.961905055759958,7.594344247929129,0.95,0.012464210593150957,0.05108956019564853,1.8470812754654702,0.12661617858795227,0.44802597520933257,0.012464210593150957,1.0,6.2125,136.29037306952767,0.3236708944796616,0.32287467456297425,0.5558966592166346
staggered_rejoin,13011,1.2710211670491844,0.0,flocking_topology_resilient,13011,1.6148415686818187,0.6736899173419327,0.580837673611111,0.9687329191897585,0.5990454191897584,0.51875,0.0,0.48125,0.0875,0.0,0.0,0.22261284722222224,79,0.6971543874578425,1.8483466602068437,5.191855374448107,10.15094465468226,0.954032738095238,1.2464249532938554,2.191451931584742,3.608291943392505,16.588920523410174,4.649589596588396,6.66875,1.0,0.0,0.0,0.0,1.04375,6.55625,0.81953125,5.781076388888889,0.34215172416,0.2773654513888889,0.075,3,0.05,7,34.8875,0.05,0.0,0.0,0.0,0.0,0.0,0.0,0.125,,3109,596928,0.7199999999999999,0.0,0.0,0.0,0.0,0,1.65,0.5,4.7625,0.590993923611111,0.124609375,0.3125,0.225,0.54375,1.6287866391595156,169.42473945528252,0.32642514630024416,0.32642514630024416,0.3730936103086648,0.3730936103086648,1.0,0.0,0.0,0.0,1.8322274714368803,5.63657749373885,9.610811190662568,0.95,0.01718009973983835,0.09918232393597123,1.9230765149343387,0.12601969524305773,0.49028122887134773,0.01718009973983835,1.0,5.89375,169.42473945528252,0.31658979239019475,0.3154196972600946,0.592494474319813
staggered_rejoin,13012,1.2121590829920024,0.0,flocking_topology_resilient,13012,2.571602753645114,0.600826640448799,0.4956597222222222,0.9058091554259586,0.5258091554259585,0.5,0.0,0.5,0.05,0.0,0.0,0.12256944444444444,140,0.6093346540916149,1.2802210801135767,3.4648752825288924,10.025711545382087,0.985,0.786469044111036,2.1677386440764623,3.676383485871246,25.975279531776202,3.861495412864335,6.66875,1.0,0.0,0.0,0.0,1.00625,6.64375,0.83046875,5.4996527777777775,0.41635045173942364,0.31254340277777776,0.075,3,0.025,6,32.38125,0.025,0.0,0.0,0.0,0.0,0.0,0.0,0.04166666666666674,,3155,605760,0.7199999999999999,0.0,0.0,0.0,0.0,0,2.0375,0.875,4.4,0.5456597222222223,0.138671875,0.825,0.3375,0.8875,1.7590387501835707,196.77502982086418,0.3324846786503417,0.3277971786503417,0.3728911519811704,0.3728911519811704,0.99375,0.0,0.00625,0.0,1.701227790495286,5.142904909206357,10.092508355060332,0.975,0.014645059616141144,0.11585363728218198,1.860789040192619,0.125000000001872,0.4854126091433013,0.014645059616141144,1.0,5.58125,196.77502982086418,0.31221128190834047,0.3111948689059604,0.5113063829885538
staggered_rejoin,13013,1.235914875054732,0.0,flocking_topology_resilient,13013,2.0828438347305522,0.6168306839008039,0.5360460069444445,0.9578766969370683,0.5503766969370683,0.475,0.0,0.525,0.1375,0.0,0.0,0.1658420138888889,82,0.6328633375558339,1.4401539924878293,4.229570569252441,7.572177840065567,0.97890625,0.9133154169005416,2.0235775471994666,3.6415956798175686,20.162175554100706,3.165463749011164,6.66875,1.0,0.0,0.0,0.0,1.01875,6.6125,0.8265625,5.7321180555555555,0.228135712,0.28348524305555556,0.075,3,0.025,5,33.5375,0.025,0.0,0.0,0.0,0.0,0.0,0.0,0.125,,3124,599808,0.7199999999999999,0.0,0.0,0.0,0.0,0,1.64375,0.53125,4.4875,0.5587022569444444,0.146875,0.56875,0.2875,0.65625,1.6715679769454517,179.89777617359582,0.314508115653308,0.314508115653308,0.35407873470632734,0.35407873470632734,1.0,0.0,0.0,0.0,1.619508509693413,4.581843477034614,6.0724508808084625,0.99375,0.011445920620768922,0.023991413105842723,1.8651000747215938,0.1260196951238884,0.4567195599605348,0.011445920620768922,1.0,5.7875,179.89777617359582,0.31537133815126817,0.3101159529647699,0.5423363850577739
staggered_rejoin,13014,1.3028552909381688,0.0,flocking_topology_resilient,13014,2.6310976899882412,0.6647049752200374,0.5243272569444445,0.9650931390141164,0.5841556390141163,0.50625,0.0,0.49375,0.10625,0.0,0.0,0.20750868055555555,80,0.6686179566837563,1.728888224500014,5.485873656288194,8.01178734526031,0.9502604166666668,1.4758687826055341,2.202676515655898,3.628836051108344,18.027625098210656,3.5130574658622478,6.66875,1.0,0.0,0.0,0.0,1.0125,6.64375,0.83046875,5.8883680555555555,0.21118572522666668,0.26395399305555556,0.075,3,0.0375,8,34.88125,0.0375,0.0,0.0,0.0,0.0,0.0,0.0,0.16666666666666674,,3116,598272,0.7199999999999999,0.0,0.0,0.0,0.0,0,1.64375,0.5125,4.675,0.5818793402777778,0.14557291666666666,0.45,0.2375,0.45,1.593491397947758,161.32117406365762,0.3406799057995268,0.3406799057995268,0.3856783612577777,0.3856783612577777,1.0,0.0,0.0,0.0,2.0431614640777354,5.888571923080845,13.537951415512868,0.95,0.01868553388683232,0.0946697310372487,1.9854436535477362,0.12661617853357615,0.49622289406020137,0.01868553388683232,1.0,5.95,161.32117406365762,0.33475468260509345,0.33324941847974987,0.5828266971634719
staggered_rejoin,13015,1.2572031249292195,0.0,flocking_topology_resilient,13015,1.883202961982645,0.6191070310488169,0.5585720486111111,0.9393026229543011,0.558365122954301,0.50625,0.0,0.49375,0.10625,0.14285714285714285,0.00625,0.20855034722222224,81,0.6613952344214706,1.6223434082173651,4.918281224069267,10.444891227976477,0.9721875000000001,2.301546178193044,2.2077118099489494,3.659735447457109,14.99234984793103,5.560726457668798,6.66875,1.0,0.0,0.0,0.0,1.0,6.66875,0.83359375,5.881076388888888,0.21718182976412467,0.2648654513888889,0.075,3,0.0,4,33.9375,0.0,0.0,0.0,0.0,0.0,0.0,0.0,0.08333333333333326,,3109,596928,0.7199999999999999,0.0,0.0,0.0,0.0,0,1.75,0.5125,4.6,0.5726345486111111,0.14453125,0.4375,0.3,0.5375,1.6718917207679955,160.2987585502467,0.32293612078618644,0.31824862078618643,0.36226916926466396,0.36226916926466396,0.99375,0.0,0.00625,0.0,1.8077790915431389,5.588067040920948,9.109375357860579,0.9625,0.018517037154801873,0.10983904588793272,1.8791719072564554,0.1260198677404282,0.4974737391836019,0.018517037154801873,1.0,5.9,160.2987585502467,0.31237473117403186,0.31237473117403186,0.5398706085014109
staggered_rejoin,13016,1.2491499590687454,0.0,flocking_topology_resilient,13016,2.5270120127650784,0.6302882733632339,0.50859375,0.9321805605566758,0.5618680605566757,0.51875,0.0,0.48125,0.09375,0.0,0.0,0.1484375,78,0.648572587050526,1.568379152416206,3.9266845058874407,9.330463819451417,0.9796875,1.2290131367974342,2.048213127846618,3.673994535691984,22.667737706998942,7.434688461123352,6.66875,1.0,0.0,0.0,0.0,1.0,6.66875,0.83359375,5.7125,0.20622168,0.2859375,0.075,3,0.0,4,33.1875,0.0,0.0,0.0,0.0,0.0,0.0,0.0,0.0,,3136,602112,0.7199999999999999,0.0,0.0,0.0,0.0,0,1.625,0.49375,4.45625,0.55703125,0.15078125,0.79375,0.31875,0.70625,1.6459032032546879,177.7979091966927,0.3235274810173246,0.3188399810173246,0.3617433850101854,0.3617433850101854,0.99375,0.0,0.00625,0.0,1.7647913478413915,5.278293090884821,9.307595236701154,0.9625,0.016052969925641564,0.11996528078192023,1.8393932779174917,0.12601969526911672,0.48855327918763375,0.016052969925641564,1.0,5.7125,177.7979091966927,0.31873957810535003,0.31873957810535003,0.5597286972625548
staggered_rejoin,13017,1.243229249957949,0.0,flocking_topology_resilient,13017,2.0987845488385477,0.6618768996430417,0.5645616319444444,1.0113155482170542,0.6556905482170541,0.5375,0.0,0.4625,0.0875,0.21428571428571427,0.01875,0.22912326388888887,80,0.9758760009158288,3.6430746720441696,5.112811688914466,181.19816258480955,0.94796875,1.077210231912604,1.9683175693936341,3.6019566699713175,16.354820758022107,2.534478265431706,6.66875,1.0,0.0,0.0,0.0,1.0,6.66875,0.83359375,6.022743055555556,0.21046251200000005,0.24715711805555554,0.075,3,0.0,4,34.84375,0.0,0.0,0.0,0.0,0.0,0.0,0.0,0.16666666666666674,,3109,596928,0.7199999999999999,0.0,0.0,0.0,0.0,0,1.71875,0.51875,4.6625,0.5801866319444444,0.15234375,0.3,0.21875,0.46875,1.6020133626644324,166.0334027014069,0.3087250404515027,0.3087250404515027,0.35294133137563544,0.35294133137563544,1.0,0.0,0.0,0.0,1.6516373777003508,5.131849467082824,8.782056752365078,0.96875,0.013019777695151863,0.08259578081584609,1.8301193599727767,0.1250000000348765,0.4600297925350615,0.013019777695151863,1.0,6.04375,166.0334027014069,0.30163524051085033,0.30163524051085033,0.5628056911971047
staggered_rejoin,13018,1.3164399161469191,0.0,flocking_topology_resilient,13018,1.7441726473324104,0.5609530683941781,0.5955512152777778,0.8838738332906123,0.5135613332906124,0.51875,0.0,0.48125,0.09375,0.0,0.0,0.29266493055555554,115,0.5884850842162939,1.282906200260792,3.024671163883219,5.470315288066043,0.995610119047619,1.002335315216192,1.9155492380250514,3.6256946447927234,13.593685225460508,3.596248071503048,6.66875,1.0,0.0,0.0,0.0,1.01875,6.63125,0.82890625,6.206076388888889,0.3398513895098237,0.22424045138888887,0.075,3,0.025,5,36.7375,0.025,0.0,0.0,0.0,0.0,0.0,0.0,0.22916666666666674,,3115,598080,0.7199999999999999,0.0,0.0,0.0,0.0,0,2.00625,0.71875,4.925,0.6111762152777778,0.14192708333333334,0.03125,0.025,0.325,1.5565033568229967,149.201868579621,0.2938731727327615,0.2938731727327615,0.3372119099977103,0.3372119099977103,1.0,0.0,0.0,0.0,1.622248732851449,5.2381086230515015,9.16816738294725,0.96875,0.012589798708144268,0.05641671304864279,1.8019638228475288,0.12601969513268418,0.45142459796669476,0.012589798708144268,1.0,6.26875,149.201868579621,0.28989744054949507,0.2882393409702838,0.5084950973720762
staggered_rejoin,13019,1.1735445829108357,0.0,flocking_topology_resilient,13019,3.830960114067363,1.134001737806922,0.4621744791666667,1.454890210496833,0.9614527104968331,0.35625,0.0,0.64375,0.10625,0.0,0.0,0.21028645833333334,119,1.1367459745879704,1.282951657314232,4.3795381631939065,9.377359228981454,0.9592113095238096,1.299121962483019,1.9758458655942035,3.5090223387665787,15.006274231461878,7.105135582368473,6.66875,1.0,0.0,0.0,0.0,1.0,6.66875,0.83359375,5.334895833333333,0.39828524628916984,0.3331380208333333,0.075,3,0.0,4,33.48125,0.0,0.0,0.0,0.0,0.0,0.0,0.0,0.10416666666666674,,3170,608640,0.7199999999999999,0.0,0.0,0.0,0.0,0,1.8,0.75625,4.8375,0.6004557291666667,0.06640625,0.90625,0.70625,0.80625,1.378730169536745,155.7700921475277,0.34376614357969937,0.34376614357969937,0.39363556070230593,0.39363556070230593,1.0,0.0,0.0,0.0,1.674637854838355,4.126618263779323,10.572397225066203,0.98125,0.011724271045541764,0.033991609234977974,1.8687825541841594,0.12500000000151856,0.4981489440477624,0.011724271045541764,1.0,5.36875,155.7700921475277,0.31483577350840686,0.31483577350840686,0.9605155337975269
staggered_rejoin,13020,1.2970491671003401,0.0,flocking_topology_resilient,13020,1.7688608587201093,0.6063437435082709,0.5774739583333333,0.9101637773064004,0.5345387773064004,0.5125,0.0,0.4875,0.1,0.0,0.0,0.22369791666666666,83,0.6283449679313982,1.4490204576700887,3.5731212732910165,6.680745394163036,0.9866071428571429,1.8155306330537584,2.258521365083351,3.6411946486485434,16.30586682006257,2.3324155765866212,6.66875,1.0,0.0,0.0,0.0,1.0125,6.64375,0.83046875,5.926041666666666,0.35894191892892463,0.2592447916666667,0.075,3,0.025,6,35.1875,0.025,0.0,0.0,0.0,0.0,0.0,0.0,0.125,,3113,597696,0.7199999999999999,0.0,0.0,0.0,0.0,0,1.73125,0.53125,4.7375,0.5907552083333333,0.1421875,0.275,0.2375,0.53125,1.6201885074666738,159.91723192899119,0.3316885719873105,0.32700107198731054,0.36238869605284824,0.36238869605284824,0.99375,0.0,0.00625,0.0,1.8071782192511248,4.867960525121828,7.508305026758867,0.9875,0.016625500354232575,0.10177747902216575,1.8713807711245303,0.12500000000093572,0.4850651886472132,0.016625500354232575,1.0,5.9625,159.91723192899119,0.3157654353385242,0.31537305933463866,0.531280794945447
staggered_rejoin,13021,1.2028149161487818,0.0,flocking_topology_resilient,13021,1.3148806719644557,0.7259696582205246,0.6126302083333334,1.1020038700794705,0.6498163700794705,0.40625,0.0,0.59375,0.06875,0.0,0.0,0.2361979166666667,119,0.7191768629322829,1.9399590949718042,4.531694523187077,9.17698452809353,0.9709598214285714,1.9363604609822653,1.9851225476687844,3.656852421263744,14.82252727901349,4.005909150891619,6.66875,1.0,0.0,0.0,0.0,1.01875,6.65,0.83125,5.426041666666667,0.32054524628916986,0.32174479166666664,0.075,3,0.025,5,34.03125,0.025,0.0,0.0,0.0,0.0,0.0,0.0,0.10416666666666674,,3139,602688,0.7199999999999999,0.0,0.0,0.0,0.0,0,1.78125,0.74375,4.91875,0.6134114583333334,0.0640625,0.98125,0.69375,0.7375,1.400998193265194,147.3968000283449,0.33248751840821383,0.31842501840821386,0.35417070670617506,0.35417070670617506,0.98125,0.0,0.01875,0.0,1.5593239726950041,4.325390440688394,7.148962135515644,0.98125,0.01885633670444204,0.16650282160275282,1.8969688653665702,0.12500000000015965,0.5277600184484947,0.01885633670444204,1.0,5.4375,147.3968000283449,0.27785588499701097,0.27858258708982897,0.6498163700794705
staggered_rejoin,13022,1.3054384579882026,0.0,flocking_topology_resilient,13022,2.8395671668133886,0.8859567987195122,0.5615451388888889,1.1282456006297332,0.7248081006297331,0.48125,0.0,0.51875,0.14375,0.3333333333333333,0.01875,0.2699652777777778,79,1.0956640077999338,3.620703047396115,5.484746821094686,155.9048626857163,0.94296875,1.2260502768277017,2.284798333528937,3.6590724830254615,13.390476058699766,3.6930172139172384,6.66875,1.0,0.0,0.0,0.0,1.0,6.66875,0.83359375,6.104861111111111,0.28480421511680004,0.23689236111111112,0.075,3,0.0,4,36.6375,0.0,0.0,0.0,0.0,0.0,0.0,0.0,0.125,,3111,597312,0.7199999999999999,0.0,0.0,0.0,0.0,0,1.625,0.49375,4.9375,0.6146701388888889,0.14375,0.25,0.1625,0.41875,1.571740359461257,136.49949033968767,0.3115404803098351,0.3115404803098351,0.3583036308435249,0.3583036308435249,1.0,0.0,0.0,0.0,1.7842147200149774,5.901162708601415,8.953471672639221,0.95,0.014227756014381438,0.09922892106232875,1.8936716052987375,0.12601970410161553,0.46471293239520567,0.014227756014381438,1.0,6.125,136.49949033968767,0.30384096055552445,0.30384096055552445,0.6566866390744391
staggered_rejoin,13023,1.2116390420123935,0.0,flocking_topology_resilient,13023,2.4732886034702397,0.6012979214646983,0.50703125,0.9151140934290349,0.5294890934290348,0.5,0.0,0.5,0.10625,0.0,0.0,0.14140625,80,0.6074822035767171,1.3475175686253134,4.479581449389967,7.377027925574425,0.96796875,1.2920877865219424,2.071488880437435,3.702059816704201,15.856671209959085,3.6873770659599607,6.66875,1.0,0.0,0.0,0.0,1.05625,6.46875,0.80859375,5.4125,0.26383386112,0.3234375,0.075,3,0.05,7,31.29375,0.05,0.0,0.0,0.0,0.0,0.0,0.0,0.25,,3120,599040,0.7199999999999999,0.0,0.0,0.0,0.0,0,1.675,0.5,4.35,0.541015625,0.119140625,0.6625,0.3125,0.6625,1.632663274576257,156.97899199536786,0.3125899278493017,0.29852742784930164,0.3428801265353827,0.3428801265353827,0.98125,0.0,0.01875,0.0,1.5578231288918105,4.563781205634228,9.013082661021965,0.975,0.018676750195908143,0.12889679965480663,1.7727571487492344,0.12601969512342476,0.5208784953669594,0.018676750195908143,1.0,5.4875,156.97899199536786,0.2866736265305322,0.28148729702922315,0.5153576003609597
staggered_rejoin,13024,1.3320935410447419,0.0,flocking_topology_resilient,13024,2.60200012532222,0.6906640375895802,0.587109375,0.9635079121451178,0.5985079121451177,0.525,0.0,0.475,0.0875,0.0,0.0,0.29765625,79,0.709504576174626,1.893581232858088,5.3947267936932475,17.256183326565967,0.9560416666666667,1.5261256737876276,2.18969148473515,3.6248627391031634,12.96323225329522,4.651306980419568,6.66875,1.0,0.0,0.0,0.0,1.0,6.66875,0.83359375,6.296875,0.21940570511360002,0.212890625,0.075,3,0.0,4,37.38125,0.0,0.0,0.0,0.0,0.0,0.0,0.0,0.25,,3116,598272,0.7199999999999999,0.0,0.0,0.0,0.0,0,1.6875,0.49375,4.98125,0.620703125,0.15078125,0.1,0.1,0.275,1.5870487822282882,142.09882378036474,0.3329784647346007,0.3329784647346007,0.37103117815416964,0.37103117815416964,1.0,0.0,0.0,0.0,1.9582908628986733,5.112067190459402,10.649482522346224,0.9625,0.01501337741620339,0.07968431756432492,1.913110895675797,0.1250000000003641,0.4670227445612062,0.01501337741620339,1.0,6.3125,142.09882378036474,0.3270551005056187,0.3270551005056187,0.5948757519719499
staggered_rejoin,13025,1.2516742500010878,0.0,flocking_topology_resilient,13025,1.9163460111931734,0.6242055890321097,0.5573784722222223,0.9349749088443027,0.5571624088443026,0.50625,0.0,0.49375,0.075,0.0,0.0,0.19288194444444445,81,0.6528109905322546,1.6135186715396006,4.631133222760122,8.542715498995486,0.9739583333333333,1.509562784031837,2.3509904787043405,3.6820424015137574,15.242247793692474,3.2000464478106116,6.66875,1.0,0.0,0.0,0.0,1.0,6.66875,0.83359375,5.8590277777777775,0.085848512,0.26762152777777776,0.1125,3,0.0,4,34.05,0.0,0.0,0.0,0.0,0.0,0.0,0.0,0.125,,3127,600384,0.7199999999999999,0.0,0.0,0.0,0.0,0,1.64375,0.50625,4.575,0.5690972222222223,0.15,0.4,0.275,0.5875,1.631442200259103,149.50872205700458,0.32142998954259133,0.31205498954259137,0.36187688101752025,0.36187688101752025,0.9875,0.0,0.0125,0.0,1.789404061103299,5.108526833775534,14.918208300314573,0.98125,0.01881616194970636,0.1253063460946668,1.971036229334785,0.12661617892249719,0.5027003382482848,0.01881616194970636,1.0,5.88125,149.50872205700458,0.3063359245804068,0.3063359245804068,0.5413280307041323
staggered_rejoin,13026,1.3227659580297768,0.0,flocking_topology_resilient,13026,2.543076935039864,0.7196629038685437,0.5746961805555555,0.9754359482241567,0.6304359482241566,0.55,0.0,0.45,0.075,0.0,0.0,0.27907986111111105,80,0.731370743003122,1.8002191580311055,5.146015510245593,14.087388669531272,0.95390625,2.0668693755588503,2.1718534932505293,3.633173858020463,12.029985283481015,3.9710741291147102,6.66875,1.0,0.0,0.0,0.0,1.05,6.5,0.8125,6.031944444444444,0.3727256706900378,0.24600694444444446,0.075,3,0.025,6,37.2875,0.025,0.0,0.0,0.0,0.0,0.0,0.0,0.125,,3091,593472,0.7199999999999999,0.0,0.0,0.0,0.0,0,1.625,0.4875,5.0625,0.6258680555555556,0.125,0.05625,0.05625,0.3,1.6212773859309102,130.65314079351035,0.3148729553417936,0.3148729553417936,0.3553221175204565,0.3553221175204565,1.0,0.0,0.0,0.0,1.7008600124421769,4.897719112106342,8.349607359204537,0.95625,0.013529095738579905,0.0526503350680137,1.7818351650452613,0.12661617853275725,0.46486956823954095,0.013529095738579905,1.0,6.13125,130.65314079351035,0.31500135686888164,0.3086372690169043,0.6232221379915794
staggered_rejoin,13027,1.2582356671337038,0.0,flocking_topology_resilient,13027,1.7503413378475676,0.5908745597302251,0.560546875,0.9300485540316501,0.5331735540316501,0.4875,0.0,0.5125,0.125,0.0,0.0,0.2125,79,0.6253763820340675,1.4190786614272715,3.270526584656911,10.337600332168396,0.9809151785714286,2.1487323190137055,2.3267572875974905,3.6664048600205477,15.648018658717195,3.6191559024577784,6.66875,1.0,0.0,0.0,0.0,1.01875,6.63125,0.82890625,5.815625,0.3008051179176908,0.273046875,0.075,3,0.04375,7,33.9875,0.04375,0.0,0.0,0.0,0.0,0.0,0.0,0.125,,3113,597696,0.7199999999999999,0.0,0.0,0.0,0.0,0,1.7625,0.5,4.60625,0.575390625,0.1359375,0.39375,0.29375,0.59375,1.6127803453549163,161.11725648514962,0.29995211740225436,0.29995211740225436,0.332484013849188,0.332484013849188,1.0,0.0,0.0,0.0,1.5397825206181814,4.4683666910314015,6.992952793182432,0.9875,0.010200936797189534,0.016429978187220824,1.904988463093281,0.12601969532913593,0.4428655938712104,0.010200936797189534,1.0,5.86875,161.11725648514962,0.2971858183682623,0.2949210609414575,0.5296534927192631
staggered_rejoin,13028,1.2320693749934435,0.0,flocking_topology_resilient,13028,2.638192294063978,0.6976809140121515,0.5080729166666667,1.0213970071426803,0.6242095071426805,0.48125,0.0,0.51875,0.08125,0.0,0.0,0.12239583333333333,77,0.7128057247612983,1.8274460789680105,5.016389265046382,14.985556635716568,0.9857142857142858,1.4326506222933046,2.1072456820016034,3.693649803432477,19.644102491530724,5.926864923426397,6.66875,1.0,0.0,0.0,0.0,1.03125,6.59375,0.82421875,5.502083333333333,0.23024053952,0.31223958333333335,0.075,3,0.05,7,32.73125,0.05,0.0,0.0,0.0,0.0,0.0,0.0,0.04166666666666663,,3121,599232,0.7199999999999999,0.0,0.0,0.0,0.0,0,1.56875,0.4875,4.4875,0.5565104166666666,0.1265625,0.78125,0.3125,0.7125,1.6506826054264003,170.7979782173848,0.3566562792992377,0.3566562792992377,0.4016594661205088,0.4016594661205088,1.0,0.0,0.0,0.0,2.0513783354083204,5.46278243303068,12.519764488879325,0.975,0.016010213592183825,0.09789620974651732,1.8898584911577818,0.1250000026752111,0.48704330149858704,0.016010213592183825,1.0,5.6,170.7979782173848,0.34657754773231153,0.34035513999925116,0.6232365945821696
staggered_rejoin,13029,1.2456810001749545,0.0,flocking_topology_resilient,13029,2.528217200538531,0.6840091333687035,0.5328993055555555,0.9820355824961421,0.6264105824961421,0.5375,0.0,0.4625,0.0875,0.0,0.0,0.18454861111111112,81,0.7134629967268836,1.9217828484254873,4.93983065695996,15.056751437843912,0.9721354166666666,1.7910823442225954,2.1510642461317033,3.654097170153534,16.537514849428064,4.697415051574142,6.66875,1.0,0.0,0.0,0.0,1.0,6.66875,0.83359375,5.850694444444445,0.2831371268352,0.2686631944444445,0.075,3,0.0,4,34.66875,0.0,0.0,0.0,0.0,0.0,0.0,0.0,0.0,,3121,599232,0.7199999999999999,0.0,0.0,0.0,0.0,0,1.59375,0.50625,4.6625,0.5805555555555555,0.1484375,0.55,0.30625,0.5375,1.6490395669994697,158.2886404580026,0.34440856502204004,0.33034606502204006,0.3725712222359338,0.3725712222359338,0.98125,0.0,0.01875,0.0,1.904334781467497,5.509091964282157,8.835860006192489,0.96875,0.020727603457407956,0.1362507469792106,2.0523117823438413,0.12661617877811454,0.5221577171713909,0.020727603457407956,1.0,5.86875,158.2886404580026,0.32759317656924736,0.32759317656924736,0.6118355794399815
flapping_reconnect,13000,1.5668611661531031,0.0,flocking_topology_resilient,13000,3.185018597926264,0.7193312908277849,0.6167968749999999,1.018761120210054,0.6668861202100539,0.5375,0.0,0.4625,0.05,0.015151515151515152,0.00625,0.3752604166666667,140,0.7717676119186152,1.9325791368529295,4.554844023744949,33.689516557466014,0.9734375,0.0,1.927946334074224,3.683169789895351,4.891445676362489,1.9187871145069697,8.0,1.0,0.0,0.1875,0.0,1.4625,6.9375,0.8671875,6.319791666666667,0.4106157940028904,0.2100260416666667,0.0,0,0.18125,25,43.33125,0.18125,0.0,0.0,0.0,0.0,0.0,0.0,0.04166666666666674,,3366,646272,0.7199999999999999,0.0,0.0,0.0,0.0,0,1.95625,0.875,5.5875,0.679296875,0.108984375,0.0,0.0,0.13125,1.5403877976940559,195.95794819585078,0.3304658321026107,0.3117158321026107,0.3504442842655498,0.3504442842655498,0.975,0.0,0.025,0.0,1.7979043915209356,5.013707787767921,9.753946191056597,0.96875,0.017892567643573432,0.2080447549401798,1.881660604606445,0.12499999999999996,0.5038118347195413,0.017892567643573432,1.0,6.80625,195.95794819585078,0.3056389777668727,0.27829952430505084,0.6456827759270063
flapping_reconnect,13001,1.5503549999557436,0.0,flocking_topology_resilient,13001,3.362683209478525,0.7418949313615156,0.598046875,1.006517240726048,0.6499547407260482,0.53125,0.0,0.46875,0.05,0.0,0.0,0.3765625,140,0.7201911513019071,1.3708882928573816,3.9544838692054873,6.054235177738028,0.9861607142857143,0.0,1.908897784213552,3.6822960488609953,4.924465570088294,1.9392144746750801,8.0,1.0,0.0,0.1875,0.0,1.49375,6.8125,0.8515625,6.234375000000001,0.7377261097295204,0.220703125,0.0,0,0.20625,23,42.95625,0.20625,0.0,0.0,0.0,0.0,0.0,0.0,0.062499999999999944,,3354,643968,0.7199999999999999,0.0,0.0,0.0,0.0,0,1.975,0.875,5.58125,0.6765625,0.09973958333333333,0.0,0.0,0.0875,1.5299851772687778,156.10411885699958,0.33372913591324627,0.33372913591324627,0.39432294077864366,0.39432294077864366,1.0,0.0,0.0,0.0,1.9206712082587027,5.342203338608391,7.8912493860371455,0.95625,0.01592088300472807,0.062137895008595734,1.8258159763291162,0.12500000167593556,0.4853225138624687,0.01592088300472807,1.0,6.725,156.10411885699958,0.32839224238882536,0.2740673413007092,0.6435949417195242
flapping_reconnect,13002,1.5642392500303686,0.0,flocking_topology_resilient,13002,3.440204666682586,0.7479798890030482,0.6126302083333333,1.049305484306132,0.6821179843061322,0.51875,0.0,0.48125,0.0625,0.0,0.0,0.44453125,77,0.757501078161504,1.7713193894025625,4.870506123491249,6.781207092298539,0.9696875,0.0,2.0239708164140517,3.6914390633704293,4.992987293013185,1.9249740264599176,8.0,1.0,0.0,0.1875,0.0,1.49375,7.025,0.878125,6.525,0.37985119402291206,0.184375,0.0,0,0.16875,19,44.4875,0.16875,0.0,0.0,0.0,0.0,0.0,0.0,0.02083333333333337,,3459,664128,0.7199999999999999,0.0,0.0,0.0,0.0,0,1.54375,0.48125,5.8,0.7151041666666667,0.09973958333333333,0.0,0.0,0.1125,1.5543547228533563,157.46844336369833,0.3408890783362831,0.33620157833628306,0.3816970678356905,0.3816970678356905,0.99375,0.0,0.00625,0.0,1.9963371485229877,5.419100715737628,12.374118043259223,0.9625,0.017717836794222286,0.10818558424436925,1.8826342626317991,0.1250000000003421,0.4839509368151743,0.017717836794222286,1.0,6.9125,157.46844336369833,0.327793063389458,0.28652240594051526,0.6799658204505985
flapping_reconnect,13003,1.514324750052765,0.0,flocking_topology_resilient,13003,3.063414295393315,0.7077058884746729,0.6220052083333333,0.9850582811529385,0.6284957811529386,0.53125,0.0,0.46875,0.05,0.0,0.0,0.36953125,140,0.7323764023985257,1.6343931271489602,4.2643605731514285,7.404956656769388,0.96484375,0.0,1.988205374045556,3.6827444659416697,4.916321507383779,1.9296566870244647,8.0,1.0,0.0,0.1875,0.0,1.4375,6.9875,0.8734375,6.384375,0.5718424296738662,0.201953125,0.0,0,0.20625,23,43.78125,0.20625,0.0,0.0,0.0,0.0,0.0,0.0,0.062499999999999944,,3391,651072,0.7199999999999999,0.0,0.0,0.0,0.0,0,1.975,0.875,5.5875,0.67734375,0.11888020833333332,0.00625,0.00625,0.1125,1.5644180397505931,194.9397361387394,0.3474032778703431,0.3286532778703431,0.380639150891239,0.380639150891239,0.975,0.0,0.025,0.0,1.995313951887384,5.758077564288861,10.673630922727671,0.95,0.020187328119062133,0.22389029362656632,1.863613667755964,0.12500000000011222,0.514460989819172,0.020187328119062133,1.0,6.88125,194.9397361387394,0.32460374113771717,0.2826926994874289,0.6263152889893968
flapping_reconnect,13004,1.579650041880086,0.0,flocking_topology_resilient,13004,1.5349414727709787,0.6104721087639419,0.712890625,0.9091317271905759,0.5525692271905756,0.53125,0.0,0.46875,0.05,0.0,0.0,0.4471354166666666,140,0.6193434805311463,1.4659072435953562,3.4845187009535312,6.783543431731957,0.99375,0.0,1.9260444950612154,3.7012169161355333,4.958479448317607,1.882004054728157,8.0,1.0,0.0,0.1875,0.0,1.49375,7.05625,0.88203125,6.576041666666667,0.45494099325702975,0.17799479166666668,0.0,0,0.15625,18,45.0375,0.15625,0.0,0.0,0.0,0.0,0.0,0.0,0.041666666666666685,,3439,660288,0.7199999999999999,0.0,0.0,0.0,0.0,0,1.925,0.875,5.825,0.71640625,0.10559895833333333,0.0,0.0,0.09375,1.5697611664184987,157.52235216400797,0.3033312915808102,0.3033312915808102,0.3445272618539024,0.3445272618539024,1.0,0.0,0.0,0.0,1.8857421108059687,5.03385213116991,13.929450114117056,0.9625,0.014940066570679223,0.0802416347200922,1.89386190696165,0.12661618037057398,0.4472118262590662,0.014940066570679223,1.0,6.98125,157.52235216400797,0.30306338310182773,0.2791597834810608,0.5522213296874054
flapping_reconnect,13005,1.5640766248106956,0.0,flocking_topology_resilient,13005,1.4627360929534035,0.6088953576293327,0.7,0.9006845231329834,0.5441220231329832,0.53125,0.0,0.46875,0.05,0.015384615384615385,0.00625,0.4432291666666667,140,0.6463905379698874,1.5803586608005595,4.061814121693069,8.252530388806967,0.9766741071428571,0.0,1.945534544578689,3.6923293987800507,4.904303604219079,1.913541218573986,8.0,1.0,0.0,0.1875,0.0,1.53125,7.0,0.875,6.5041666666666655,0.6969374211786084,0.18697916666666667,0.0,0,0.175,20,44.48125,0.175,0.0,0.0,0.0,0.0,0.0,0.0,0.02083333333333337,,3454,663168,0.7199999999999999,0.0,0.0,0.0,0.0,0,1.94375,0.875,5.7625,0.710546875,0.10091145833333333,0.0,0.0,0.10625,1.5397392378138601,174.06446992810683,0.26436827813305114,0.26436827813305114,0.29781843749399445,0.29781843749399445,1.0,0.0,0.0,0.0,1.3575536604957406,3.9123728316930557,5.625955193253248,1.0,0.017755962838307764,0.08865618602232375,1.9794805461770437,0.1250000000021787,0.4675210947568248,0.017755962838307764,1.0,6.89375,174.06446992810683,0.2624353627560806,0.2522523767584672,0.5363872430354405
flapping_reconnect,13006,1.5486650420352817,0.0,flocking_topology_resilient,13006,1.5354723761462568,0.6965068940389398,0.6690104166666666,0.976419391431083,0.614544391431083,0.525,0.0,0.475,0.05625,0.0,0.0,0.371875,140,0.692601201343143,1.8189869140102826,4.375270969015827,8.871220017441162,0.96171875,0.0,2.114532031219794,3.6951142712137823,4.917777929608095,1.9536637937978363,8.0,1.0,0.0,0.1875,0.0,1.51875,6.825,0.853125,6.223958333333334,0.8481041098063204,0.22200520833333334,0.0,0,0.15,17,42.8875,0.15,0.0,0.0,0.0,0.0,0.0,0.0,0.04166666666666674,,3359,644928,0.7199999999999999,0.0,0.0,0.0,0.0,0,1.95,0.875,5.59375,0.67890625,0.09856770833333332,0.00625,0.00625,0.1625,1.5211181477937719,173.5512443944912,0.35868693505866456,0.3164994350586646,0.3619025507710598,0.3619025507710598,0.94375,0.0,0.05625,0.0,1.7636415455225218,4.861104561385271,8.812151889023081,0.9875,0.025191359187064756,0.19409008488159588,1.9620210782255572,0.12500000000331918,0.5669918985986067,0.025191359187064756,1.0,6.6875,173.5512443944912,0.3125398247379503,0.26541972321243684,0.6138954934438215
flapping_reconnect,13007,1.574602667009458,0.0,flocking_topology_resilient,13007,3.38692594823284,0.6397168354035782,0.5729166666666667,0.9343650322824468,0.5778025322824469,0.53125,0.0,0.46875,0.05,0.0,0.0,0.32760416666666664,142,0.6561703331469119,1.355794627860456,3.6028922739379907,6.311051298758741,0.975,0.0,2.0251751110221803,3.677546864414654,5.0512364139227115,2.0068813974127564,8.0,1.0,0.0,0.1875,0.0,1.49375,6.6875,0.8359375,5.994791666666666,1.0258877023434085,0.2506510416666667,0.0,0,0.24375,26,42.1375,0.24375,0.0,0.0,0.0,0.0,0.0,0.0,0.06250000000000003,,3436,659712,0.7199999999999999,0.0,0.0,0.0,0.0,0,2.00625,0.8875,5.5,0.6552083333333334,0.09231770833333333,0.0,0.0,0.06875,1.5675607013786312,191.339614243201,0.3419853961102582,0.3372978961102582,0.3963322768696841,0.3963322768696841,0.99375,0.0,0.00625,0.0,1.7397927085763356,4.62897734603091,10.05095749696469,0.9875,0.01889834220304803,0.11993607477529297,1.889039468510926,0.12500000106719633,0.523294208490676,0.01889834220304803,1.0,6.61875,191.339614243201,0.33617552824743846,0.2919334764755036,0.5692551671569259
flapping_reconnect,13008,1.5534533332102,0.0,flocking_topology_resilient,13008,1.7523468694956879,0.6757561132442426,0.6703125,0.9631916385008351,0.6113166385008351,0.5375,0.0,0.4625,0.05,0.015151515151515152,0.00625,0.38020833333333337,140,0.707030381370648,1.8349966792325383,5.011724921505923,23.47319819840283,0.9528645833333332,0.0,2.042760896573622,3.70099150260389,4.8557894598621285,1.868516327705119,8.0,1.0,0.0,0.1875,0.0,1.45625,6.9375,0.8671875,6.339583333333334,0.6289847613039632,0.2075520833333333,0.0,0,0.1875,20,43.6875,0.1875,0.0,0.0,0.0,0.0,0.0,0.0,0.062499999999999944,,3370,647040,0.7199999999999999,0.0,0.0,0.0,0.0,0,1.98125,0.875,5.63125,0.68203125,0.10859375,0.0,0.0,0.1,1.533046502844794,145.47194032074378,0.336950043042189,0.30413754304218904,0.3446804216915564,0.3446804216915564,0.95625,0.0,0.04375,0.0,1.7214386686067946,5.069272232229607,11.472322843896908,0.96875,0.022009787951843735,0.25914653028359386,2.0456778242178304,0.1266161785386654,0.5315586342343777,0.022009787951843735,1.0,6.8375,145.47194032074378,0.30588452938794974,0.2843335462825174,0.5912785161100506
flapping_reconnect,13009,1.551287124864757,0.0,flocking_topology_resilient,13009,1.7752812674080503,0.6728441877363636,0.683203125,0.9684947775407281,0.607244777540728,0.525,0.0,0.475,0.05,0.0,0.0,0.38046875,140,0.6753034121209363,1.73714531672521,4.53436776958188,6.808897094200075,0.97265625,0.0,2.016753204670124,3.696397479625047,4.958475332066316,1.8926169112622417,8.0,1.0,0.0,0.1875,0.0,1.49375,6.925,0.865625,6.390625,0.422183293798008,0.201171875,0.0,0,0.16875,21,43.7875,0.16875,0.0,0.0,0.0,0.0,0.0,0.0,0.04166666666666674,,3355,644160,0.7199999999999999,0.0,0.0,0.0,0.0,0,2.00625,0.875,5.625,0.683203125,0.11510416666666665,0.0,0.0,0.075,1.5591505413333873,159.62212576381395,0.32933341196115,0.30589591196115,0.3603308989674633,0.3603308989674633,0.96875,0.0,0.03125,0.0,1.7113373730805557,4.950999004177242,6.752096737190948,0.975,0.0232599878741444,0.2142162608854969,1.925155694242553,0.12500000000152206,0.5298825428370114,0.0232599878741444,1.0,6.85625,159.62212576381395,0.307258552002057,0.2611971524777198,0.6054805201455542
flapping_reconnect,13010,1.5477586248889565,0.0,flocking_topology_resilient,13010,1.649420966721705,0.6844684119530949,0.671484375,0.9796123514437941,0.6211748514437943,0.53125,0.0,0.46875,0.06875,0.0,0.0,0.3591145833333333,103,0.6917035000138738,1.801599404835055,4.380690542254885,8.184322431980059,0.959375,0.0,1.9845377495406542,3.7028885730991767,4.948610552291625,1.851129395039911,8.0,1.0,0.0,0.1875,0.0,1.5,6.95,0.86875,6.303125,0.6665215179695441,0.212109375,0.0,0,0.125,12,43.18125,0.125,0.0,0.0,0.0,0.0,0.0,0.0,0.04166666666666663,,3367,646464,0.7199999999999999,0.0,0.0,0.0,0.0,0,1.7375,0.64375,5.55,0.6736979166666666,0.11263020833333333,0.0,0.0,0.1875,1.5387794683055873,143.1021267361803,0.35123092750110374,0.32779342750110374,0.379268134901686,0.379268134901686,0.96875,0.0,0.03125,0.0,1.9575083887964815,5.108882168072662,7.8626002448448356,0.9625,0.018745253366143286,0.19835853999815536,1.880211348740764,0.12661617858795227,0.5050252626733469,0.018745253366143286,1.0,6.76875,143.1021267361803,0.32315088882516385,0.28072315399760983,0.6156461753098725
flapping_reconnect,13011,1.554622541880235,0.0,flocking_topology_resilient,13011,1.5356618069666084,0.6708487243030415,0.6667968750000001,0.9486467431994147,0.5920842431994146,0.53125,0.0,0.46875,0.05,0.0,0.0,0.37838541666666664,140,0.6709209439883297,1.6703812979065233,4.209958381496146,8.193443250561472,0.9725446428571429,0.0,1.9449305455566375,3.673305654491956,4.997917819086398,1.93465711436695,8.0,1.0,0.0,0.1875,0.0,1.45,6.8625,0.8578125,6.29375,0.6278549024836965,0.21328125,0.0,0,0.175,22,43.3875,0.175,0.0,0.0,0.0,0.0,0.0,0.0,0.04166666666666674,,3371,647232,0.7199999999999999,0.0,0.0,0.0,0.0,0,1.95625,0.875,5.60625,0.68046875,0.10416666666666666,0.0,0.0,0.06875,1.5275062964412325,181.70468583174673,0.30846513690931243,0.2990901369093124,0.3487728404408495,0.3487728404408495,0.9875,0.0,0.0125,0.0,1.6989130552755909,4.998330958003429,9.494421984786893,0.96875,0.02153282896105687,0.11973797687302704,1.9976343722056846,0.12601969524305773,0.5111647229175641,0.02153282896105687,1.0,6.79375,181.70468583174673,0.2956255167484171,0.2656595056987428,0.5918004946181614
flapping_reconnect,13012,1.5221645408309996,0.0,flocking_topology_resilient,13012,3.137593100236846,0.6573719440122132,0.6057291666666792,0.94665616902704,0.58540616902704,0.525,0.0,0.475,0.05,0.0,0.0,0.299218750000025,140,0.6586169476003808,1.3345511775401946,3.90143112784424,6.499761170716436,0.9841145833333333,0.0,1.9809535892713768,3.678782912149063,4.952224193852777,1.9588194698997856,8.0,1.0,0.0,0.1875,0.0,1.50625,6.725,0.840625,5.959375,0.8145523076455629,0.255078125,0.0,0,0.175,19,41.53125,0.19375,0.0,0.0,0.0,0.0,0.0,0.0,0.08333333333233332,,3445,661440,0.7199999999999999,0.0,0.0,0.0,0.0,0,1.95,0.8625,5.44375,0.6453125000000125,0.0980468750000125,0.08125,0.08125,0.2,1.5564536056268945,220.97687147478604,0.33853954748546033,0.32916454748546037,0.3769414818914901,0.3769414818914901,0.9875,0.0,0.0125,0.0,1.6061691737296513,4.542540987987634,10.229452691424422,0.98125,0.01942560601457134,0.11647834145508257,1.8766547812752563,0.125000000001872,0.557321445208605,0.01942560601457134,1.0,6.525,220.97687147478604,0.33061716270237573,0.28629357027483354,0.576716570373593
flapping_reconnect,13013,1.545689957914874,0.0,flocking_topology_resilient,13013,3.219028523825691,0.6629185937346265,0.6213541666666667,0.9485011992202026,0.5813136992202026,0.51875,0.0,0.48125,0.0625,0.0,0.0,0.3919270833333396,77,0.672930335715953,1.404171249796709,3.8323395777103966,10.593574650043085,0.97578125,0.0,2.0311383550109725,3.6809773490355795,4.910768846344275,1.9140196292929779,8.0,1.0,0.0,0.1875,0.0,1.51875,6.8625,0.8578125,6.283333333333333,0.4466978419247788,0.21458333333333335,0.0,0,0.2125,19,43.2875,0.21875,0.0,0.0,0.0,0.0,0.0,0.0,0.04166666666666674,,3347,642624,0.7199999999999999,0.0,0.0,0.0,0.0,0,1.51875,0.48125,5.6625,0.6885416666666666,0.09609375000000624,0.0,0.0,0.13125,1.52662217288098,195.97053901017344,0.3322313563518888,0.32754385635188876,0.3755240801906453,0.3755240801906453,0.99375,0.0,0.00625,0.0,1.8769966449473123,4.78445605545856,7.104817897608428,0.98125,0.016460503106526626,0.10305848708177077,1.8325592278554161,0.1260196951238884,0.4894731317220117,0.016460503106526626,1.0,6.74375,195.97053901017344,0.32209569507746943,0.28350483186717584,0.5781145851810072
flapping_reconnect,13014,1.5340114159043878,0.0,flocking_topology_resilient,13014,3.0998632100469705,0.6932969541051259,0.6264322916666666,0.9667742249429647,0.6102117249429647,0.53125,0.0,0.46875,0.05,0.0,0.0,0.38958333333333334,140,0.6917169327431069,1.6034153257104535,4.679696310681077,8.01178734526031,0.9546875,0.0,2.104657205903845,3.6882750893512197,4.9340819872703605,1.9030016556290732,8.0,1.0,0.0,0.1875,0.0,1.3875,6.9625,0.8703125,6.433333333333333,0.5912360744772964,0.19583333333333336,0.0,0,0.15625,20,44.03125,0.15625,0.0,0.0,0.0,0.0,0.0,0.0,0.04166666666666674,,3397,652224,0.7199999999999999,0.0,0.0,0.0,0.0,0,1.95625,0.875,5.6625,0.68828125,0.11419270833333335,0.0,0.0,0.0625,1.5302760939471658,170.63377902560106,0.32577747344262675,0.3210899734426268,0.36456265796210463,0.36456265796210463,0.99375,0.0,0.00625,0.0,1.8692345706590026,5.194926041996516,11.666488936719524,0.9625,0.01648381284925436,0.11628481250564979,1.9465999507069598,0.12661617853357615,0.48137043584499145,0.01648381284925436,1.0,6.9,170.63377902560106,0.3192495193722487,0.28920113468043224,0.6102117249429647
flapping_reconnect,13015,1.5207799999043345,0.0,flocking_topology_resilient,13015,2.9085836576446296,0.7721134368131217,0.6248697916666666,1.0412280631811912,0.6846655631811912,0.53125,0.0,0.46875,0.05,0.015384615384615385,0.00625,0.3690104166666667,140,0.7819679118626123,2.093841607667149,5.534110882369362,12.690550281977087,0.94765625,0.0,2.097083667364307,3.690422246419446,4.9277483258359025,1.9328292640809395,8.0,1.0,0.0,0.1875,0.0,1.4375,7.0125,0.8765625,6.397916666666666,0.43130708790795697,0.20026041666666666,0.0,0,0.15625,19,43.2875,0.15625,0.0,0.0,0.0,0.0,0.0,0.0,0.04166666666666674,,3375,648000,0.7199999999999999,0.0,0.0,0.0,0.0,0,1.99375,0.875,5.53125,0.6733072916666666,0.123828125,0.0,0.0,0.16875,1.5646685481381384,168.24656057333607,0.3163326719568637,0.3163326719568637,0.3730372625795009,0.3730372625795009,1.0,0.0,0.0,0.0,1.9245297628299807,5.794615342272055,9.109375357860579,0.95,0.015700307884472228,0.06943491757103348,1.9322723989914992,0.1260198677404282,0.46652809017415053,0.015700307884472228,1.0,6.85625,168.24656057333607,0.3081860357934113,0.27907372339867764,0.6782329480671216
flapping_reconnect,13016,1.572509832913056,0.0,flocking_topology_resilient,13016,3.297797992699796,0.6576809692863055,0.6123697916666666,0.9426794518242361,0.570179451824236,0.5125,0.0,0.4875,0.06875,0.0,0.0,0.3736979166666667,77,0.6803660394203133,1.4379625411832346,4.294553837032285,9.355162987127933,0.96796875,0.0,1.9346011405108292,3.6773850196337547,4.978166415260756,1.931212438396603,8.0,1.0,0.0,0.1875,0.0,1.55625,6.85,0.85625,6.263541666666667,0.532971609959424,0.2170572916666667,0.0,0,0.14375,15,43.1875,0.14375,0.0,0.0,0.0,0.0,0.0,0.0,0.04166666666666674,,3343,641856,0.7199999999999999,0.0,0.0,0.0,0.0,0,1.5125,0.48125,5.59375,0.6796875,0.10325520833333335,0.0,0.0,0.11875,1.526173668767436,193.46757668171475,0.3274806596291248,0.31810565962912485,0.37931233783726254,0.37931233783726254,0.9875,0.0,0.0125,0.0,1.8086296448242394,5.215085167558144,9.855572113558653,0.95625,0.017091319576063017,0.11469704937658229,1.834733433299622,0.12601969526911672,0.4981363125652491,0.017091319576063017,1.0,6.73125,193.46757668171475,0.3116281773218346,0.28018909071154424,0.570179451824236
flapping_reconnect,13017,1.5943114999681711,0.0,flocking_topology_resilient,13017,1.8440923436726786,0.678485332554237,0.67421875,1.0442409626537217,0.6811159626537217,0.525,0.0,0.475,0.06875,0.13636363636363635,0.0375,0.3822916666666667,115,0.9684107760269459,3.584249191899177,4.034925353568296,181.19816258480955,0.9613839285714285,0.0,2.018348116429278,3.688574655147343,4.936072118498018,2.0081781343494525,8.0,1.0,0.0,0.1875,0.0,1.49375,6.9,0.8625,6.3375,0.7417992505017702,0.2078125,0.0,0,0.175,20,43.44375,0.175,0.0,0.0,0.0,0.0,0.0,0.0,0.04166666666666674,,3369,646848,0.7199999999999999,0.0,0.0,0.0,0.0,0,2.00625,0.7375,5.61875,0.6822916666666666,0.10690104166666665,0.0,0.0,0.09375,1.5670518580358426,177.36432040207254,0.2662902643869974,0.2662902643869974,0.3010367203817996,0.3010367203817996,1.0,0.0,0.0,0.0,1.3690213685581711,3.9714130641755503,9.190656121207542,0.9875,0.014811128161887472,0.08259578081584609,1.8798406771852807,0.1250000000348765,0.45699583599108545,0.014811128161887472,1.0,6.80625,177.36432040207254,0.268383092098861,0.2669491696357533,0.5782311433797616
flapping_reconnect,13018,1.5738915000110865,0.0,flocking_topology_resilient,13018,1.562265123120468,0.6264730007579221,0.7063802083333333,0.9027069444833188,0.5555194444833189,0.54375,0.0,0.45625,0.05,0.0,0.0,0.45234375,139,0.6342446364643942,1.5265644002788932,3.916321257362764,6.833776250776744,0.97890625,0.0,1.9816168039906423,3.692519145193491,4.923503847394075,1.8287447763073612,8.0,1.0,0.0,0.1875,0.0,1.44375,7.15625,0.89453125,6.679166666666665,0.29009836528304517,0.16510416666666666,0.0,0,0.16875,21,45.0375,0.16875,0.0,0.0,0.0,0.0,0.0,0.0,0.020833333333333315,,3439,660288,0.7199999999999999,0.0,0.0,0.0,0.0,0,1.95,0.86875,5.80625,0.715625,0.11848958333333333,0.00625,0.00625,0.10625,1.5384077531522984,150.5442683966222,0.2990762935970298,0.2990762935970298,0.3481853480675033,0.3481853480675033,1.0,0.0,0.0,0.0,1.8957937497763204,5.057627411723571,15.412462968185471,0.9625,0.0126887472703761,0.056535388064097594,1.839559722730089,0.12601969513268418,0.4301121967116421,0.0126887472703761,1.0,7.05625,150.5442683966222,0.2998286832693112,0.2824676693025047,0.5555194444833189
flapping_reconnect,13019,1.5593736248556525,0.0,flocking_topology_resilient,13019,1.4967071723052232,0.6632276128221112,0.7104166666666666,0.946087403953656,0.5848374039536559,0.525,0.0,0.475,0.05,0.0,0.0,0.4338541666666666,140,0.6549775282046939,1.6073803584142936,4.377786762614899,13.430154436411422,0.9743303571428571,0.0,1.957946872961403,3.6873226687568788,4.917447398345975,1.8437295192640448,8.0,1.0,0.0,0.1875,0.0,1.5125,7.0,0.875,6.420833333333334,0.5292019559137977,0.19739583333333333,0.0,0,0.16875,20,44.13125,0.16875,0.0,0.0,0.0,0.0,0.0,0.0,0.02083333333333337,,3435,659520,0.7199999999999999,0.0,0.0,0.0,0.0,0,1.9,0.875,5.78125,0.7127604166666666,0.08984375,0.01875,0.01875,0.14375,1.5257155997490155,158.9698225274748,0.3034526710162281,0.3034526710162281,0.3399894323088916,0.3399894323088916,1.0,0.0,0.0,0.0,1.74387073021561,4.471234119664185,10.572397225066203,0.98125,0.012780062796317859,0.06542357627505595,1.904261616793247,0.12500000000151856,0.43748652017241946,0.012780062796317859,1.0,6.85,158.9698225274748,0.3028777421024299,0.2824084103444321,0.5848374039536559
flapping_reconnect,13020,1.5845958329737186,0.0,flocking_topology_resilient,13020,3.2374311517378107,0.746761820670937,0.6260416666666666,1.0116450378811646,0.6350825378811646,0.50625,0.0,0.49375,0.0625,0.0,0.0,0.453125,76,0.7618255324829867,1.477949433554525,3.8343919324968905,5.001195012086376,0.9921875,0.0,1.9357210521727826,3.6890979636140857,5.012875344985332,1.9666161745738269,8.0,1.0,0.0,0.1875,0.0,1.5375,7.05625,0.88203125,6.6,0.5650698974208,0.175,0.0,0,0.15625,14,45.0875,0.15625,0.0,0.0,0.0,0.0,0.0,0.0,0.02083333333333337,,3435,659520,0.7199999999999999,0.0,0.0,0.0,0.0,0,1.51875,0.475,5.8375,0.7197916666666666,0.102734375,0.0,0.0,0.06875,1.5570563328522327,166.68922929921678,0.29236083781386357,0.29236083781386357,0.3331012374551344,0.3331012374551344,1.0,0.0,0.0,0.0,1.613676330864791,4.3747294242504955,12.42710867349327,0.98125,0.014645471190784265,0.07926303891293064,1.9320761173865393,0.12500000000093572,0.4573527571979718,0.014645471190784265,1.0,6.9875,166.68922929921678,0.29026111003146565,0.27433975891801127,0.632255847002219
flapping_reconnect,13021,1.5478140839841217,0.0,flocking_topology_resilient,13021,1.6387486070504607,0.6535885243320607,0.6436197916666667,0.9480202083405661,0.5814577083405661,0.51875,0.0,0.48125,0.05625,0.0,0.0,0.325,140,0.6687999215724719,1.7002468122794887,4.194563413621068,9.992011128664448,0.97265625,0.0,2.053441460842482,3.6958201824830694,4.983170833319329,1.9258929093176527,8.0,1.0,0.0,0.1875,0.0,1.5625,6.5875,0.8234375,5.953125,0.6630630161893583,0.255859375,0.0,0,0.2,18,41.13125,0.2,0.0,0.0,0.0,0.0,0.0,0.0,0.08333333333333334,,3439,660288,0.7199999999999999,0.0,0.0,0.0,0.0,0,1.95625,0.875,5.4125,0.6485677083333333,0.09322916666666667,0.03125,0.03125,0.1375,1.5458024753509645,152.42984195453855,0.31620593199179964,0.29745593199179965,0.35540467882961485,0.35540467882961485,0.975,0.0,0.025,0.0,1.4264962004316828,4.062088806335728,7.080300161068579,0.98125,0.017826391227330797,0.1897937979777548,1.875151163700646,0.12500000000015965,0.5213134806746739,0.017826391227330797,1.0,6.475,152.42984195453855,0.2951405593713633,0.24678081644151234,0.5777552914724089
flapping_reconnect,13022,1.5524892499670386,0.0,flocking_topology_resilient,13022,1.8340473782418452,0.6440967912834502,0.6756510416666667,0.979688451176124,0.627188451176124,0.5375,0.0,0.4625,0.05625,0.045454545454545456,0.01875,0.38177083333333334,140,0.9223139673010566,3.2688818956339363,4.520826905109576,155.9048626857163,0.96171875,0.0,2.074205981620126,3.7148529447987224,4.922409350311213,1.8807802202843997,8.0,1.0,0.0,0.1875,0.0,1.45,6.9375,0.8671875,6.384375,0.5741266440004964,0.201953125,0.0,0,0.14375,18,43.4375,0.14375,0.0,0.0,0.0,0.0,0.0,0.0,0.04166666666666674,,3369,646848,0.7199999999999999,0.0,0.0,0.0,0.0,0,1.95,0.875,5.63125,0.683984375,0.11197916666666666,0.0,0.0,0.11875,1.5234779319593315,139.44759816398175,0.2848485142449664,0.2848485142449664,0.3255468137504951,0.3255468137504951,1.0,0.0,0.0,0.0,1.5931396201711026,4.552826169709867,6.976292952229978,0.98125,0.012105981630831273,0.04292559939158501,1.83190595291765,0.12601970410161553,0.4371917130297317,0.012105981630831273,1.0,6.81875,139.44759816398175,0.28245364576942683,0.2640203038450587,0.5592353261310496
flapping_reconnect,13023,1.5941299591213465,0.0,flocking_topology_resilient,13023,3.0651452745513685,0.6811341386935175,0.6278645833333333,0.9463427323362724,0.5791552323362724,0.51875,0.0,0.48125,0.0625,0.0,0.0,0.3411458333333333,77,0.6708751945316939,1.3796700585779358,3.9400685250011738,7.698811681921455,0.9760416666666666,0.0,1.941813162010824,3.6874655803111294,5.024439672720445,1.9363367598708567,8.0,1.0,0.0,0.1875,0.0,1.49375,6.7875,0.8484375,6.164583333333334,0.4544779752581121,0.22942708333333334,0.0,0,0.1625,18,42.59375,0.1625,0.0,0.0,0.0,0.0,0.0,0.0,0.06250000000000003,,3452,662784,0.7199999999999999,0.0,0.0,0.0,0.0,0,1.5125,0.48125,5.55,0.66484375,0.10364583333333333,0.0,0.0,0.08125,1.5337439276286973,158.98535059008336,0.3552396827788794,0.3083646827788794,0.36365598848811004,0.36365598848811004,0.9375,0.0,0.0625,0.0,1.692208221486722,5.230023989722634,12.512596565576779,0.9625,0.02672192225750235,0.19717278758268464,1.8390716972559846,0.12601969512342476,0.6073364409994825,0.02672192225750235,1.0,6.70625,158.98535059008336,0.3081274851606473,0.2740716079806501,0.5774210033031041
flapping_reconnect,13024,1.5562196248210967,0.0,flocking_topology_resilient,13024,3.1231949373998864,0.7145938811483576,0.619921875,0.9951727311823413,0.6279852311823413,0.51875,0.0,0.48125,0.0625,0.0,0.0,0.39375,78,0.7145802532737147,1.6631760557296726,4.270460811287615,22.63046640511468,0.96484375,0.0,1.9815387100072404,3.696662760220657,4.915762227833109,1.8742776868222983,8.0,1.0,0.0,0.1875,0.0,1.45625,6.9375,0.8671875,6.4125,0.6347801493381121,0.1984375,0.0,0,0.15625,20,43.93125,0.15625,0.0,0.0,0.0,0.0,0.0,0.0,0.04166666666666674,,3404,653568,0.7199999999999999,0.0,0.0,0.0,0.0,0,1.575,0.5,5.6375,0.6852864583333333,0.115234375,0.0,0.0,0.05625,1.5194775945783043,146.30807024683529,0.3353007273550408,0.3259257273550408,0.37576775281289515,0.37576775281289515,0.9875,0.0,0.0125,0.0,1.8543558766757997,5.248051770357079,8.656674103330863,0.975,0.018774766962600394,0.123363895718235,1.9326255835191433,0.1250000000003641,0.5001654103222115,0.018774766962600394,1.0,6.88125,146.30807024683529,0.32544963481145484,0.2927512578517313,0.6233979941889755
flapping_reconnect,13025,1.551688084146008,0.0,flocking_topology_resilient,13025,3.3570607204771843,0.6583470330212392,0.6,0.9390359747705291,0.5718484747705291,0.51875,0.0,0.48125,0.0625,0.0,0.0,0.35937500000000006,78,0.6789056361195515,1.4634064729883245,4.666440200460626,8.667172043377114,0.9658854166666666,0.0,2.0708421268331847,3.69386616696634,4.939132739652058,1.8486356167200575,8.0,1.0,0.0,0.1875,0.0,1.5,6.84375,0.85546875,6.177083333333334,0.40601172443784533,0.22786458333333334,0.0,0,0.175,20,42.45,0.175,0.0,0.0,0.0,0.0,0.0,0.0,0.062499999999999944,,3376,648192,0.7199999999999999,0.0,0.0,0.0,0.0,0,1.525,0.4875,5.525,0.669140625,0.10065104166666668,0.01875,0.01875,0.18125,1.5467184962321627,156.3831309989772,0.3260801867220202,0.3213926867220202,0.37976918095889584,0.37976918095889584,0.99375,0.0,0.00625,0.0,1.7653819642520965,5.104869471823141,9.062179252170676,0.975,0.02068462504756887,0.10807967022046489,1.9556287198094295,0.12661617892249719,0.5144228229635953,0.02068462504756887,1.0,6.65625,156.3831309989772,0.31855588053292305,0.27144684237729877,0.5657240657231603
flapping_reconnect,13026,1.54316808283329,0.0,flocking_topology_resilient,13026,3.3187338091185272,0.8413349387745032,0.6058593750000001,1.053854616392416,0.6913546163924161,0.525,0.0,0.475,0.0625,0.0,0.0,0.3713541666666667,75,0.8430696363806287,1.6702395628020397,4.451632104908591,19.30600480304402,0.9583035714285714,0.0,1.9417750997324674,3.7013550954605656,4.949232370941101,1.8887721883095367,8.0,1.0,0.0,0.1875,0.0,1.55625,6.78125,0.84765625,6.164583333333334,0.49882573470010716,0.2294270833333333,0.0,0,0.20625,21,42.5875,0.20625,0.0,0.0,0.0,0.0,0.0,0.0,0.062499999999999944,,3344,642048,0.7199999999999999,0.0,0.0,0.0,0.0,0,1.5375,0.46875,5.60625,0.679296875,0.08919270833333334,0.00625,0.00625,0.14375,1.5330710328084247,133.64469276071674,0.33280751901004385,0.33280751901004385,0.3891772661338504,0.3891772661338504,1.0,0.0,0.0,0.0,1.8539187893854057,5.545082563785428,10.57768582953878,0.95625,0.012924265271852137,0.08377658153529005,1.8306174866031188,0.12661617853275725,0.4635365323900057,0.012924265271852137,1.0,6.65,133.64469276071674,0.3334604405939251,0.2902512611384907,0.6898718005910638
flapping_reconnect,13027,1.5657042909879237,0.0,flocking_topology_resilient,13027,1.5483876622784714,0.6252725117379836,0.6731770833333334,0.9085443718849741,0.5660443718849739,0.55,0.0,0.45,0.05,0.0,0.0,0.38828125,139,0.6559821171025825,1.633614815916678,3.619935533974864,8.997485244597744,0.97421875,0.0,2.0113498080150007,3.6940201921218843,4.888436998504851,1.8806099894999062,8.0,1.0,0.0,0.1875,0.0,1.49375,6.85,0.85625,6.29375,0.6393572027297596,0.21328125,0.0,0,0.14375,17,43.1375,0.14375,0.0,0.0,0.0,0.0,0.0,0.0,0.04166666666666674,,3369,646848,0.7199999999999999,0.0,0.0,0.0,0.0,0,1.9875,0.86875,5.56875,0.6766927083333334,0.10403645833333335,0.0,0.0,0.0875,1.5671016302419907,164.61790284276304,0.31676125666707067,0.2980112566670707,0.33349143443693147,0.33349143443693147,0.975,0.0,0.025,0.0,1.6297211526315833,4.75055250400852,7.837960658858256,0.9625,0.01567427570998314,0.1621482829142175,1.8616343344719994,0.12601969532913593,0.4823800490370824,0.01567427570998314,1.0,6.7625,164.61790284276304,0.29421338012374276,0.26443693199413293,0.5591071824111981
flapping_reconnect,13028,1.5869683329947293,0.0,flocking_topology_resilient,13028,1.3991747429330865,0.636879754669096,0.6912760416666666,0.9360933730903058,0.5689058730903058,0.51875,0.0,0.48125,0.0625,0.0,0.0,0.4359375,89,0.658256599019108,1.5912449613143316,4.482451814657884,8.370006118339136,0.9772321428571429,0.0,2.02604864054904,3.7030177666950643,4.9517124562673045,1.8698123472303094,8.0,1.0,0.0,0.1875,0.0,1.5375,6.9875,0.8734375,6.429166666666667,0.7053011718993663,0.19635416666666666,0.0,0,0.175,20,43.98125,0.175,0.0,0.0,0.0,0.0,0.0,0.0,0.041666666666666685,,3439,660288,0.7199999999999999,0.0,0.0,0.0,0.0,0,1.675,0.575,5.79375,0.712890625,0.08984375,0.0,0.0,0.16875,1.5473931238570917,182.62108365001052,0.3076047803076058,0.3076047803076058,0.3543923272759783,0.3543923272759783,1.0,0.0,0.0,0.0,1.869487323335063,5.008647172510892,11.151874398774009,0.975,0.01554441775800637,0.09789620974651732,1.9251283140644588,0.1250000026752111,0.45497242015300454,0.01554441775800637,1.0,6.8375,182.62108365001052,0.304218652170947,0.28795468097053517,0.5644121825442094
flapping_reconnect,13029,1.5641480418853462,0.0,flocking_topology_resilient,13029,1.5921532171943586,0.6817854701219143,0.7059895833333334,0.9481549021937766,0.5962799021937768,0.5375,0.0,0.4625,0.05,0.0,0.0,0.4283854166666667,140,0.6942314089539805,1.8312312428091837,4.79212364018682,15.056751437843912,0.9574032738095237,0.0,2.1198611192658667,3.689760485959115,4.943376969314938,1.8954364095322602,8.0,1.0,0.0,0.1875,0.0,1.48125,7.09375,0.88671875,6.509375,0.4928225244982468,0.186328125,0.0,0,0.15625,16,44.21875,0.15625,0.0,0.0,0.0,0.0,0.0,0.0,0.02083333333333337,,3433,659136,0.7199999999999999,0.0,0.0,0.0,0.0,0,1.9375,0.875,5.7625,0.7098958333333334,0.10377604166666668,0.00625,0.00625,0.2,1.5541372393047912,164.0490402379784,0.3279484581151816,0.31857345811518156,0.3578554570296245,0.3578554570296245,0.9875,0.0,0.0125,0.0,1.9716007118723593,5.599764458013561,9.06783114837305,0.95625,0.019257886569486914,0.12146995283539663,2.0208722418384166,0.12661617877811454,0.4849571598663947,0.019257886569486914,1.0,6.89375,164.0490402379784,0.3146730908952745,0.29346573685639876,0.5962799021937768
false_split_dropout,13000,1.4632814170327038,0.0,flocking_topology_resilient,13000,2.9034228878097834,0.7049027694485165,0.6509114583333334,1.1277048111043702,0.7023923111043702,0.44375,0.0,0.55625,0.08125,0.375,0.01875,0.47578125,78,0.9970769911704946,3.715552342942469,5.1896952518170165,161.3150217249856,0.9353794642857143,0.0,1.967840210121448,3.685748585064823,4.717358645654377,2.0600878143765344,8.0,0.6458333333333334,0.0,0.0,0.0,1.10625,7.675,0.959375,7.148958333333333,0.3934822728533333,0.10638020833333332,0.0,0,0.28125,24,48.74375,0.28125,0.0,0.0,0.0,0.0,0.0,0.0,0.14583333333333348,,2480,476160,0.7199999999999999,0.0,0.0,0.0,0.0,0,1.59375,0.4875,5.90625,0.72109375,0.16940104166666664,0.0,0.0,0.08125,1.537881196846353,200.53600352481283,0.2880675964376963,0.2880675964376963,0.32385595776011133,0.32385595776011133,1.0,0.0,0.0,0.0,1.7747069515284355,5.276765275064847,7.558091834652251,0.96875,0.012059398860455994,0.045199968047173605,1.9371039524606382,0.12500000103653391,0.41609139638170645,0.012059398860455994,1.0,7.59375,200.53600352481283,0.28615843984790895,0.2779650003747209,0.6173246028013051
false_split_dropout,13001,1.4616475829388946,0.0,flocking_topology_resilient,13001,2.8731464491186784,0.6279156208111862,0.6630208333333334,1.0536875987685705,0.6865000987685705,0.51875,0.0,0.48125,0.0625,0.3333333333333333,0.025,0.51171875,79,1.1295564742780557,4.704190954245121,4.493435383352855,167.961195782619,0.9429464285714285,0.0,1.960554228873816,3.6897354903128687,4.723668333144344,1.9394263687846458,8.0,0.6760416666666667,0.0,0.0,0.0,1.0875,7.7,0.9625,7.329166666666666,0.3097519474602667,0.08385416666666667,0.0,0,0.18125,16,48.94375,0.18125,0.0,0.0,0.0,0.0,0.0,0.0,0.04166666666666674,,2596,498432,0.7199999999999999,0.0,0.0,0.0,0.0,0,1.575,0.5,5.94375,0.733203125,0.17981770833333333,0.0,0.0,0.0875,1.530293958701855,163.9822848673429,0.2829178527698413,0.2829178527698413,0.3172246856446182,0.3172246856446182,1.0,0.0,0.0,0.0,1.7436155442730352,5.0336420484752145,7.056145888730063,0.9875,0.01579304333695062,0.04887390545699171,1.9079464904389631,0.12500000117876633,0.43826452553860007,0.01579304333695062,1.0,7.6125,163.9822848673429,0.2782669243261898,0.27404948184561145,0.555642661677822
false_split_dropout,13002,1.463838792173192,0.0,flocking_topology_resilient,13002,3.357144315461862,0.7360965089621557,0.6115885416666667,1.0230270291522259,0.6464645291522257,0.50625,0.0,0.49375,0.0625,0.0,0.0,0.4671875000000062,77,0.7550906927378602,1.6212264623177866,4.057874233651371,6.50988212962102,0.96015625,0.0,2.0313603907632904,3.6999702170966238,4.7265160137435185,1.9980021444216458,8.0,0.64296875,0.0,0.0,0.0,1.175,7.2625,0.9078125,6.670833333333334,0.443015780648451,0.16614583333333333,0.0,0,0.2,17,46.20625,0.2,0.0,0.0,0.0,0.0,0.0,0.0,0.06250000000000003,,2469,474048,0.7199999999999999,0.0,0.0,0.0,0.0,0,1.5375,0.48125,5.91875,0.7278645833333334,0.10520833333333957,0.0,0.0,0.14375,1.5523919491133704,165.76534648451124,0.3086996177503092,0.3086996177503092,0.3487810892279,0.3487810892279,1.0,0.0,0.0,0.0,1.8491750107894773,5.734984966766522,12.142566148996405,0.95625,0.01506528751250023,0.06309254799414436,1.8837475377507023,0.125000000000224,0.45161438861581515,0.01506528751250023,1.0,7.11875,165.76534648451124,0.3080368504977661,0.2845329370390004,0.6464645291522257
false_split_dropout,13003,1.4787358748726547,0.0,flocking_topology_resilient,13003,2.9011745889151563,0.6453488523097225,0.66875,0.9558846098076872,0.5746346098076873,0.5,0.0,0.5,0.0625,0.3333333333333333,0.00625,0.5075520833333333,77,0.6657664279142207,1.474493235511689,3.7175478463388267,8.410730904058127,0.9699032738095237,0.0,1.971881980153245,3.6887620904432863,4.784853853763587,2.0203866031586992,8.0,0.6658854166666667,0.0,0.0,0.0,1.0875,7.68125,0.96015625,7.240625,0.3909643611136,0.094921875,0.0,0,0.1625,14,49.09375,0.1625,0.0,0.0,0.0,0.0,0.0,0.0,0.125,,2557,490944,0.7199999999999999,0.0,0.0,0.0,0.0,0,1.5375,0.48125,5.98125,0.7420572916666667,0.16067708333333336,0.00625,0.00625,0.0875,1.5607153025283078,202.59109552923306,0.2904737681654416,0.2904737681654416,0.3313586827325703,0.3313586827325703,1.0,0.0,0.0,0.0,1.7937401879287562,5.609510979627702,10.6110058313949,0.95625,0.011772727717700469,0.04895178665909797,1.843805590375397,0.12500000000208605,0.4151981417088503,0.011772727717700469,1.0,7.6,202.59109552923306,0.2854345946535249,0.27843389121266326,0.5678436194869964
false_split_dropout,13004,1.4812676669098437,0.0,flocking_topology_resilient,13004,1.8211031707229526,0.6163968530018832,0.75390625,0.9203522964036273,0.5672272964036271,0.5375,0.0,0.4625,0.0625,0.1,0.00625,0.53203125,82,0.645830593278902,1.5410814677070217,4.035852197910574,6.655613140308783,0.9721875000000001,0.0,1.9682438229453845,3.7142033646607233,4.71388978608286,2.0060985502851585,8.0,0.6747395833333334,0.0,0.0,0.0,1.075,7.7,0.9625,7.410416666666667,0.34071612138830265,0.07369791666666667,0.0,0,0.1,8,49.38125,0.1,0.0,0.0,0.0,0.0,0.0,0.0,0.0,,2591,497472,0.7199999999999999,0.0,0.0,0.0,0.0,0,1.60625,0.5125,6.04375,0.75546875,0.17005208333333333,0.0,0.0,0.08125,1.5686976269670194,164.19871739044038,0.2775031054030347,0.2775031054030347,0.31477494286046437,0.31477494286046437,1.0,0.0,0.0,0.0,1.756987203517869,5.365378802950272,10.791743803007673,0.96875,0.012083947835954473,0.04060835122743053,1.9105474523356052,0.1266161831839467,0.40848023225259117,0.012083947835954473,1.0,7.61875,164.19871739044038,0.2773509461358468,0.2777513423406943,0.5592974168001914
false_split_dropout,13005,1.4358925828710198,0.0,flocking_topology_resilient,13005,2.155938814785898,0.6511841029428318,0.7102864583333334,1.047084832250302,0.684584832250302,0.525,0.0,0.475,0.0625,0.25,0.01875,0.4838541666666667,78,0.9895440256616683,3.6936958500304904,4.417341739280821,146.12167149774086,0.95546875,0.0,2.1158422120023332,3.7097826495810815,4.534902267475485,2.0506329609276017,8.0,0.6473958333333334,0.0,0.0,0.0,1.0625,7.7875,0.9734375,7.310416666666667,0.316036171392,0.08619791666666667,0.0,0,0.1625,15,49.3625,0.1625,0.0,0.0,0.0,0.0,0.0,0.0,0.06250000000000003,,2486,477312,0.7199999999999999,0.0,0.0,0.0,0.0,0,1.59375,0.5,5.88125,0.7196614583333334,0.191796875,0.0,0.0,0.1,1.5358889614103486,182.39321916864972,0.25380118764381787,0.25380118764381787,0.28310268400398103,0.28310268400398103,1.0,0.0,0.0,0.0,1.4419800094506412,4.260352056650879,7.030755953309113,0.99375,0.012656974659604114,0.04464493234148538,1.9978042566041085,0.1250000000052065,0.411139233480666,0.012656974659604114,1.0,7.6875,182.39321916864972,0.25293373382197143,0.2519780824613332,0.5902627346952917
false_split_dropout,13006,1.4520341670140624,0.0,flocking_topology_resilient,13006,1.8188721752517463,0.6551670009202403,0.712890625,1.0228108344139626,0.6690608344139626,0.5375,0.0,0.4625,0.06875,0.4444444444444444,0.025,0.50859375,77,0.727450966858529,1.962722749844989,4.149457654160551,29.651803743735236,0.95234375,0.0,2.113318855125512,3.703636612653743,4.746741680781409,1.9529586032088484,8.0,0.6614583333333334,0.0,0.0,0.0,1.10625,7.6125,0.9515625,7.129166666666667,0.37867484067549184,0.10885416666666665,0.0,0,0.16875,16,48.2375,0.16875,0.0,0.0,0.0,0.0,0.0,0.0,0.125,,2540,487680,0.7199999999999999,0.0,0.0,0.0,0.0,0,1.59375,0.5,5.9625,0.73984375,0.14973958333333331,0.00625,0.00625,0.13125,1.521791867880806,179.43747136192098,0.27288821652358947,0.27288821652358947,0.3033900378676254,0.3033900378676254,1.0,0.0,0.0,0.0,1.58820752590593,4.2414684078195,8.197220488782843,0.99375,0.012576862416396078,0.070769458117365,1.9584816826494957,0.12500000000002282,0.4160657577385061,0.012576862416396078,1.0,7.48125,179.43747136192098,0.2680096624831021,0.26393188138199436,0.580919282034866
false_split_dropout,13007,1.452756917104125,0.0,flocking_topology_resilient,13007,2.7246481348332803,0.6645546369894607,0.6421875,1.0509910404432756,0.6275535404432754,0.44375,0.0,0.55625,0.0625,0.125,0.0125,0.52109375,79,0.7008627855255021,1.6960957861168826,4.2143416377923035,8.646634034179128,0.9677083333333332,0.0,2.0144131399185903,3.68268020417489,4.673794651301084,2.0437086242663485,8.0,0.6421875,0.0,0.0,0.0,1.0875,7.775,0.971875,7.395833333333334,0.7061897527466666,0.07552083333333333,0.0,0,0.25625,23,49.78125,0.25625,0.0,0.0,0.0,0.0,0.0,0.0,0.27083333333333337,,2466,473472,0.7199999999999999,0.0,0.0,0.0,0.0,0,1.6125,0.54375,6.0,0.738671875,0.18424479166666669,0.0,0.0,0.05,1.5672562267451444,198.00917960381275,0.28919792336679506,0.28919792336679506,0.32166063732996003,0.32166063732996003,1.0,0.0,0.0,0.0,1.8225252442743134,4.774731813240541,9.960897305765286,0.9625,0.013581652729104752,0.06897651257525826,1.946818579735971,0.1250009411531655,0.42214329208434814,0.013581652729104752,1.0,7.725,198.00917960381275,0.2879878223785922,0.28835777565188614,0.6002041411938013
false_split_dropout,13008,1.4389925000723451,0.0,flocking_topology_resilient,13008,1.6252751903806457,0.6395183156698663,0.7125,0.9726765548332337,0.5701765548332338,0.475,0.0,0.525,0.0875,0.0,0.0,0.484375,78,0.6543260783380228,1.5767736814293174,4.242205364021795,6.684867312826961,0.98203125,0.0,2.0438285094856297,3.703446419429323,4.772420236240363,2.0001602437269215,8.0,0.6434895833333333,0.0,0.0,0.0,1.16875,7.36875,0.92109375,6.739583333333333,0.33844060765013334,0.15755208333333334,0.0,0,0.2625,22,46.61875,0.2625,0.0,0.0,0.0,0.0,0.0,0.0,0.08333333333333337,,2471,474432,0.7199999999999999,0.0,0.0,0.0,0.0,0,1.51875,0.4875,5.91875,0.7234375,0.11666666666666667,0.0,0.0,0.125,1.5297004918910124,153.69385664879732,0.29652835129943006,0.29652835129943006,0.3350548349185031,0.3350548349185031,1.0,0.0,0.0,0.0,1.8545419774122422,5.332205477023341,15.554591882305457,0.95,0.012037020996508708,0.03778748500746398,1.9811350484959713,0.12661617901748695,0.4168877104804466,0.012037020996508708,1.0,7.24375,153.69385664879732,0.2989804836662263,0.28376578057024576,0.562741070464335
false_split_dropout,13009,1.4798189580906183,0.0,flocking_topology_resilient,13009,2.045503970902108,0.6369872267570672,0.7328125,0.962487555460261,0.565300055460261,0.48125,0.0,0.51875,0.08125,0.0,0.0,0.50703125,95,0.6685105584649745,1.6745509038405408,4.289674246783461,9.51791985874728,0.96328125,0.0,1.9694209467944988,3.707170919462805,4.747682907800146,1.9909770704413554,8.0,0.6830729166666666,0.0,0.0,0.0,1.05,7.8375,0.9796875,7.525,0.4775132381043403,0.059375,0.0,0,0.125,10,49.98125,0.125,0.0,0.0,0.0,0.0,0.0,0.0,0.08333333333333337,,2623,503616,0.7199999999999999,0.0,0.0,0.0,0.0,0,1.7,0.59375,5.9625,0.735546875,0.204296875,0.0,0.0,0.09375,1.5561854289529193,164.57235833079633,0.2572078442893623,0.2572078442893623,0.28938741039440874,0.28938741039440874,1.0,0.0,0.0,0.0,1.5319984514333032,4.372363441264394,6.160077081166097,0.99375,0.01354836685507374,0.05560406499944315,1.907095330815773,0.12601969512309052,0.4156924720420264,0.01354836685507374,1.0,7.74375,164.57235833079633,0.25720227726179984,0.2607072240425839,0.5609072678233604
false_split_dropout,13010,1.4964321251027286,0.0,flocking_topology_resilient,13010,1.889117353683698,0.7314233747228652,0.7282552083333333,1.0364504537769639,0.6458254537769639,0.4875,0.0,0.5125,0.0625,0.0,0.0,0.4815104166666667,79,0.7657223498303934,2.1348385601821094,5.063114322006831,20.08250659624633,0.9430431547619047,0.0,2.0100583170101656,3.7015574067184254,4.824532960182648,1.9979861875220781,8.0,0.6817708333333333,0.0,0.0,0.0,1.08125,7.725,0.965625,7.115625,0.2620435337210697,0.110546875,0.0,0,0.23125,19,48.73125,0.23125,0.0,0.0,0.0,0.0,0.0,0.0,0.14583333333333337,,2618,502656,0.7199999999999999,0.0,0.0,0.0,0.0,0,1.53125,0.49375,5.91875,0.731640625,0.1578125,0.0,0.0,0.1875,1.534426979856525,149.80368842556186,0.29407842747459245,0.29407842747459245,0.33299182254705356,0.33299182254705356,1.0,0.0,0.0,0.0,1.9138743940203824,5.279636800098681,7.900023752531542,0.96875,0.011133111556836503,0.04272128867450807,1.8814884858501615,0.12661617854204066,0.4056960664385219,0.011133111556836503,1.0,7.54375,149.80368842556186,0.2892869065258913,0.2824053244287736,0.6367039609146632
false_split_dropout,13011,1.476612125057727,0.0,flocking_topology_resilient,13011,1.9658205001823483,0.7084160264581818,0.7265625,0.9888539662875289,0.6451039662875289,0.55,0.0,0.45,0.0625,0.0,0.0,0.5390625,77,0.7214364207443933,1.8896383208364917,5.142878565190601,10.104921241316653,0.9478199404761906,0.0,2.0332981631879647,3.6785137315136054,4.724930154046071,1.975944169159225,8.0,0.6638020833333333,0.0,0.0,0.0,1.04375,7.825,0.978125,7.5166666666666675,0.5940604944469333,0.060416666666666674,0.0,0,0.0875,8,49.91875,0.0875,0.0,0.0,0.0,0.0,0.0,0.0,0.0,,2549,489408,0.7199999999999999,0.0,0.0,0.0,0.0,0,1.6,0.50625,6.00625,0.75078125,0.18645833333333334,0.0,0.0,0.1,1.5269331608914176,185.4973857296417,0.2788426727911684,0.2788426727911684,0.3232974476008914,0.3232974476008914,1.0,0.0,0.0,0.0,1.776035746330108,5.361681512452713,9.132429415513805,0.95625,0.01451278489174011,0.050761954806740305,1.929865313509239,0.12601969516009476,0.42571954091979036,0.01451278489174011,1.0,7.725,185.4973857296417,0.2745373343741995,0.26502869860596806,0.6308658385450503
false_split_dropout,13012,1.422394375083968,0.0,flocking_topology_resilient,13012,3.1767948697990565,0.671416917306423,0.5604166666666729,1.0590015132989263,0.6008765132989264,0.4,0.0,0.6,0.08125,0.0,0.0,0.38359375000000623,83,0.7144823280922362,1.550802044839561,4.006693910094843,22.805834698370507,0.9705729166666666,0.0,1.9964242199300593,3.674059055366873,4.71124939492468,2.0644820865775664,8.0,0.6567708333333334,0.0,0.0,0.0,1.18125,7.29375,0.91171875,6.40625,0.8106502515605257,0.19921875,0.0,0,0.2875,25,45.56875,0.2875,0.0,0.0,0.0,0.0,0.0,0.0,0.14583333333333331,,2522,484224,0.7199999999999999,0.0,0.0,0.0,0.0,0,1.6,0.575,5.8,0.6890625,0.11093750000000627,0.08125,0.08125,0.2,1.5564589715312278,225.30452629734745,0.3073480150254325,0.3073480150254325,0.3446528419252459,0.3446528419252459,1.0,0.0,0.0,0.0,1.8141245906593633,4.792768352013493,10.136816656874782,0.96875,0.013947162552601772,0.07434560438224078,1.9158162055997692,0.1250000000065026,0.44477736713261196,0.013947162552601772,1.0,7.06875,225.30452629734745,0.29742397923401037,0.2893357868745651,0.5968917077896514
false_split_dropout,13013,1.4659000420942903,0.0,flocking_topology_resilient,13013,2.67929428499668,0.7185415489417563,0.6891927083333333,1.0534828339242612,0.7003578339242612,0.5375,0.0,0.4625,0.0625,0.2857142857142857,0.025,0.5434895833333334,76,0.7455148464660745,1.8768749929205242,4.421328657871464,35.00603777508162,0.965625,0.0,1.978949406834462,3.690034441975892,4.635558912665211,1.9879609308424846,8.0,0.6393229166666667,0.0,0.0,0.0,1.075,7.7625,0.9703125,7.419791666666666,0.4744943382784001,0.07252604166666667,0.0,0,0.15,12,49.53125,0.15,0.0,0.0,0.0,0.0,0.0,0.0,0.02083333333333337,,2455,471360,0.7199999999999999,0.0,0.0,0.0,0.0,0,1.55625,0.5125,6.06875,0.7565104166666666,0.17018229166666668,0.0,0.0,0.11875,1.5279986115361677,201.95312016037843,0.2790039399068854,0.2790039399068854,0.3133651206591853,0.3133651206591853,1.0,0.0,0.0,0.0,1.7196444059580291,4.874788273340667,6.140922163384067,0.99375,0.012995884270977693,0.06038285338522982,1.919309066550861,0.12500000000898281,0.4192620488454855,0.012995884270977693,1.0,7.64375,201.95312016037843,0.28085008366155395,0.28059140129433746,0.6364137947505493
false_split_dropout,13014,1.4317610419820994,0.0,flocking_topology_resilient,13014,2.843638681863902,0.660032365941168,0.6497395833333334,0.9566231154359734,0.5706856154359732,0.49375,0.0,0.50625,0.0625,0.0,0.0,0.5294270833333333,77,0.7054313793640006,1.5461143400864188,4.185786783974008,5.920516344822612,0.97265625,0.0,2.017635571657648,3.691019245699408,4.606500835960913,2.022127765439461,8.0,0.6296875,0.0,0.0,0.0,1.11875,7.6375,0.9546875,7.219791666666666,0.4069434731136,0.09752604166666666,0.0,0,0.225,21,48.86875,0.225,0.0,0.0,0.0,0.0,0.0,0.0,0.02083333333333337,,2418,464256,0.7199999999999999,0.0,0.0,0.0,0.0,0,1.5625,0.49375,6.01875,0.7483072916666667,0.1518229166666667,0.0,0.0,0.05625,1.5281411989937181,180.6019330620124,0.30683923546122854,0.30683923546122854,0.3474320527874849,0.3474320527874849,1.0,0.0,0.0,0.0,2.020795381648925,5.928127152048808,11.05018219619994,0.95,0.012870682369529683,0.06484483697129444,1.979470487900707,0.12661617853229923,0.4208906407950167,0.012870682369529683,1.0,7.58125,180.6019330620124,0.3030946866633572,0.28820022949217117,0.5676027038709854
false_split_dropout,13015,1.438121167011559,0.0,flocking_topology_resilient,13015,2.894344087788403,0.6730298338246026,0.6326822916666667,1.0232064260704807,0.5960189260704805,0.44375,0.0,0.55625,0.1,0.0,0.0,0.45390625,85,0.6835331622933112,1.7053187889943664,4.4877748529783075,8.780646800023257,0.9694196428571429,0.0,1.9832843234952844,3.6935018451181145,4.720540357098682,2.002838807732785,8.0,0.6369791666666667,0.0,0.0,0.0,1.08125,7.6875,0.9609375,7.0114583333333345,0.3715102744744908,0.12356770833333333,0.0,0,0.2,19,48.50625,0.2,0.0,0.0,0.0,0.0,0.0,0.0,0.14583333333333331,,2446,469632,0.7199999999999999,0.0,0.0,0.0,0.0,0,1.6,0.53125,5.8625,0.707421875,0.16588541666666667,0.0,0.0,0.14375,1.5667586328362706,173.7070942742828,0.28821567565574335,0.28821567565574335,0.3325576214319973,0.3325576214319973,1.0,0.0,0.0,0.0,1.8464886375220146,5.948333550979453,8.001830577830294,0.95,0.012139097620534167,0.03279400277201571,1.9287511966395265,0.12602075877882463,0.4162879714272771,0.012139097620534167,1.0,7.54375,173.7070942742828,0.2820227856812327,0.2787436281806448,0.5925022472930758
false_split_dropout,13016,1.4415450000669807,0.0,flocking_topology_resilient,13016,2.820755717818401,0.6524486374659061,0.648828125,0.9772317632119929,0.5800442632119929,0.48125,0.0,0.51875,0.08125,0.0,0.0,0.48671875,78,0.6497663519004259,1.5137446389322105,3.722524309530695,5.443080826445342,0.97734375,0.0,1.8984397095919363,3.7018520641133277,4.669060940237197,1.9953323657676325,8.0,0.6479166666666666,0.0,0.0,0.0,1.0875,7.65625,0.95703125,7.084375,0.5636081527466666,0.114453125,0.0,0,0.2,16,48.8,0.2,0.0,0.0,0.0,0.0,0.0,0.0,0.125,,2488,477696,0.7199999999999999,0.0,0.0,0.0,0.0,0,1.58125,0.50625,5.9125,0.721484375,0.1625,0.0,0.0,0.0875,1.5258508639735457,199.89447550115787,0.29848307835702304,0.29848307835702304,0.3402615435911594,0.3402615435911594,1.0,0.0,0.0,0.0,1.9689514197176614,6.009263648624566,10.657179606025956,0.95,0.010872098770072365,0.023761548714443477,1.8242877280637377,0.12601969534157229,0.40694461106274565,0.010872098770072365,1.0,7.56875,199.89447550115787,0.28923439838392495,0.27620767610787356,0.5782934865439906
false_split_dropout,13017,1.4358170831110328,0.0,flocking_topology_resilient,13017,1.9163076370262813,0.6320140551121546,0.7317708333333333,0.9355502918259215,0.5864877918259216,0.54375,0.0,0.45625,0.06875,0.125,0.00625,0.5127604166666666,79,0.673652354022148,1.6541604428841155,3.823802676825708,7.5564875111404115,0.9761160714285715,0.0,1.9036933534195204,3.692807038837741,4.70863040322074,2.0475507650060787,8.0,0.659375,0.0,0.0,0.0,1.05625,7.79375,0.97421875,7.258333333333333,0.2672477333333333,0.09270833333333332,0.0,0,0.1875,16,49.50625,0.1875,0.0,0.0,0.0,0.0,0.0,0.0,0.06250000000000003,,2532,486144,0.7199999999999999,0.0,0.0,0.0,0.0,0,1.53125,0.49375,5.95625,0.7384114583333333,0.16731770833333334,0.00625,0.00625,0.1125,1.5635629392280654,184.6754979466689,0.26181918534552995,0.26181918534552995,0.29739203566446915,0.29739203566446915,1.0,0.0,0.0,0.0,1.5532720633605912,4.7918830797989,8.267071485505063,0.98125,0.009999999999999998,0.01,1.8368885762117935,0.12500000000390962,0.39745436173376075,0.009999999999999998,1.0,7.68125,184.6754979466689,0.2655649065850724,0.26603670360029896,0.5654204081672587
false_split_dropout,13018,1.4840462498832494,0.0,flocking_topology_resilient,13018,1.7698365014719146,0.6653399962633951,0.723046875,0.9648608002118362,0.5895483002118361,0.50625,0.0,0.49375,0.05,0.0,0.0,0.48307291666666663,1,0.6750349680644648,1.6956244369654236,3.907669270712397,8.162353126645964,0.9669642857142857,0.0,1.9765609550656076,3.700706146133831,4.785896221063246,1.9652248352866042,8.0,0.6546875,0.0,0.0,0.0,1.11875,7.50625,0.93828125,6.996875,0.4388591676422263,0.125390625,0.0,0,0.175,16,47.84375,0.175,0.0,0.0,0.0,0.0,0.0,0.0,0.0,,2514,482688,0.7199999999999999,0.0,0.0,0.0,0.0,0,1.94375,0.88125,5.94375,0.73671875,0.1375,0.00625,0.00625,0.09375,1.5382591046330876,156.49091400180163,0.2963699568489349,0.2963699568489349,0.34151283220734496,0.34151283220734496,1.0,0.0,0.0,0.0,1.9537097076443064,5.208693637263373,15.604909467566397,0.95625,0.011489017427661492,0.041247493874629164,1.8574610410674919,0.12601969512347927,0.41080198098819026,0.011489017427661492,1.0,7.4125,156.49091400180163,0.29513687174620995,0.28161198488902,0.5895483002118361
false_split_dropout,13019,1.488406583899632,0.0,flocking_topology_resilient,13019,1.964368724354062,0.6688542935068271,0.726171875,0.9741888057185875,0.5970013057185876,0.50625,0.0,0.49375,0.06875,0.0,0.0,0.49609375,76,0.6858865104735328,1.7539076382665164,5.1605116864131135,10.438686243056985,0.97109375,0.0,1.9829548697720454,3.696173135445308,4.698099114813473,1.9445591679756213,8.0,0.6705729166666667,0.0,0.0,0.0,1.075,7.71875,0.96484375,7.284375,0.21463943466666668,0.089453125,0.0,0,0.14375,12,49.0,0.14375,0.0,0.0,0.0,0.0,0.0,0.0,0.041666666666666685,,2575,494400,0.7199999999999999,0.0,0.0,0.0,0.0,0,1.4875,0.48125,5.95625,0.738671875,0.171875,0.01875,0.01875,0.13125,1.525095562202041,168.4181836896043,0.2913073222461816,0.2913073222461816,0.32293051853991345,0.32293051853991345,1.0,0.0,0.0,0.0,1.7913998196334535,4.425011944297036,10.492213213491484,0.98125,0.012255677037070327,0.06409649358155804,1.9412865724856967,0.1250000000000037,0.41211215942240925,0.012255677037070327,1.0,7.58125,168.4181836896043,0.29025062881213676,0.27914817763432087,0.5944361635234776
false_split_dropout,13020,1.4532882920466363,0.0,flocking_topology_resilient,13020,2.7387770076814655,0.6502059711231017,0.6669270833333334,1.007394634467147,0.6155196344671467,0.4875,0.0,0.5125,0.075,0.3333333333333333,0.0125,0.50703125,82,0.6990161350512402,1.6854690335707658,3.7313693014532756,12.443825317661446,0.97109375,0.0,1.9316640323884908,3.696512599775038,4.774824006676511,2.016718257864965,8.0,0.6526041666666667,0.0,0.0,0.0,1.06875,7.74375,0.96796875,7.284375,0.34128062400000003,0.089453125,0.0,0,0.175,14,49.50625,0.175,0.0,0.0,0.0,0.0,0.0,0.0,0.041666666666666685,,2506,481152,0.7199999999999999,0.0,0.0,0.0,0.0,0,1.55625,0.5125,6.0125,0.7453125,0.16315104166666666,0.0,0.0,0.075,1.5557463839304024,174.33608924642215,0.2828447016768746,0.2828447016768746,0.3199296701475525,0.3199296701475525,1.0,0.0,0.0,0.0,1.76030466463324,4.729225303410676,12.690208950998919,0.975,0.015468090953882385,0.09639956576365204,1.9236798371889787,0.12500000005837994,0.433438378459395,0.015468090953882385,1.0,7.66875,174.33608924642215,0.2792245845322378,0.2703429299700943,0.5901313286044091
false_split_dropout,13021,1.4040388748981059,0.0,flocking_topology_resilient,13021,1.934883527702246,0.6577353009524989,0.685546875,1.026232372333255,0.5815448723332549,0.41875,0.0,0.58125,0.0875,0.0,0.0,0.4317708333333333,79,0.6767768706549568,1.6668766327030604,3.9729805767576467,7.118615773344476,0.9791666666666666,0.0,2.0187083795878804,3.710277487661549,4.6052610835902,1.9510369003997128,8.0,0.625,0.0,0.0,0.0,1.10625,7.66875,0.95859375,6.9,0.35626161941333334,0.1375,0.0,0,0.2875,23,48.2,0.2875,0.0,0.0,0.0,0.0,0.0,0.0,0.14583333333333331,,2400,460800,0.7199999999999999,0.0,0.0,0.0,0.0,0,1.56875,0.49375,5.81875,0.6963541666666667,0.16380208333333332,0.03125,0.03125,0.1625,1.5501911331830192,161.95313789923173,0.2885617817590885,0.2698117817590885,0.3027487463216728,0.3027487463216728,0.975,0.0,0.025,0.0,1.5675102781029533,4.496103301893816,7.097185221649303,0.99375,0.017844940041836323,0.21047159324229825,2.0214173249000025,0.1260197000675363,0.4662827235351479,0.017844940041836323,1.0,7.5125,161.95313789923173,0.2614483633485822,0.2505334692528619,0.5738453853433071
false_split_dropout,13022,1.4562616671901196,0.0,flocking_topology_resilient,13022,1.921902030368997,0.6438799942953152,0.7321614583333333,0.9579042513755255,0.5807167513755255,0.50625,0.0,0.49375,0.06875,0.14285714285714285,0.00625,0.5041666666666667,77,0.6808299971214554,1.7490926876344581,4.200701395925582,12.53204155369533,0.95390625,0.0,2.0603555186444114,3.7154199468671933,4.719849246399131,1.9495028717929082,8.0,0.6703125,0.0,0.0,0.0,1.05625,7.81875,0.97734375,7.334375,0.23069576881117868,0.083203125,0.0,0,0.175,16,49.49375,0.175,0.0,0.0,0.0,0.0,0.0,0.0,0.125,,2574,494208,0.7199999999999999,0.0,0.0,0.0,0.0,0,1.5375,0.48125,5.94375,0.7345052083333334,0.18072916666666666,0.0,0.0,0.125,1.5203623737694525,150.15246112571725,0.26968556455092485,0.26968556455092485,0.3027535292630163,0.3027535292630163,1.0,0.0,0.0,0.0,1.671810760674843,5.048104770809415,6.595979641540175,0.975,0.013052106279449194,0.04919589091058011,1.943931535934265,0.12661618174363268,0.41285150064744947,0.013052106279449194,1.0,7.69375,150.15246112571725,0.26751223664591467,0.2651483845411476,0.5666885593283407
false_split_dropout,13023,1.4435785410460085,0.0,flocking_topology_resilient,13023,2.80606356730348,0.6499105408327873,0.6674479166666666,0.9478930221385939,0.5613305221385939,0.49375,0.0,0.50625,0.06875,0.0,0.0,0.4859375,132,0.6458787112960436,1.3942160837987063,4.052176161744373,5.3317969086040815,0.9651041666666667,0.0,1.8677669334449987,3.7118967968705427,4.698266896137666,1.991897743712996,8.0,0.65390625,0.0,0.0,0.0,1.08125,7.675,0.959375,7.235416666666666,0.5348628449222665,0.09557291666666666,0.0,0,0.15625,14,49.3125,0.15625,0.0,0.0,0.0,0.0,0.0,0.0,0.14583333333333331,,2511,482112,0.7199999999999999,0.0,0.0,0.0,0.0,0,1.9125,0.825,5.975,0.73203125,0.17096354166666666,0.0,0.0,0.0625,1.5330670801065425,164.05781421254795,0.29415671068551197,0.29415671068551197,0.3316074049132163,0.3316074049132163,1.0,0.0,0.0,0.0,1.8886905581193936,5.354802987603096,8.649517201126221,0.95625,0.012137738972127842,0.08263724054466302,1.8150785242311023,0.12601969512757388,0.41315641278279325,0.012137738972127842,1.0,7.61875,164.05781421254795,0.29320080670972437,0.26839285059716195,0.5612642660093914
false_split_dropout,13024,1.4529147499706596,0.0,flocking_topology_resilient,13024,2.764868263330818,0.6897756715980834,0.6891927083333333,1.1086172607835496,0.7179922607835498,0.4875,0.0,0.5125,0.0625,0.3,0.01875,0.51484375,78,0.9516835052048811,3.2951081148317853,5.57680859648694,128.11407694110923,0.9572916666666667,0.0,2.05083429342216,3.7020449648272717,4.664888765662857,1.9281790522710047,8.0,0.6572916666666667,0.0,0.0,0.0,1.075,7.7375,0.9671875,7.447916666666666,0.25196649755784534,0.06901041666666666,0.0,0,0.1375,12,49.45625,0.1375,0.0,0.0,0.0,0.0,0.0,0.0,0.0625,,2524,484608,0.7199999999999999,0.0,0.0,0.0,0.0,0,1.54375,0.4875,5.96875,0.734375,0.19270833333333331,0.0,0.0,0.05,1.5190226161364095,156.42938223156912,0.29484322690335096,0.29484322690335096,0.32476600341208134,0.32476600341208134,1.0,0.0,0.0,0.0,1.8500374417633298,5.007046253124992,8.919542773641897,0.975,0.016265951231793894,0.07141207804641042,1.9049116289773156,0.1250000000000906,0.43773491239172896,0.016265951231793894,1.0,7.6875,156.42938223156912,0.2937365837548157,0.2928711471295591,0.6203512195098838
false_split_dropout,13025,1.4347956250421703,0.0,flocking_topology_resilient,13025,3.0669521001736224,0.7242357611034714,0.651171875,1.0272201326793122,0.6412826326793124,0.49375,0.0,0.50625,0.0625,0.0,0.0,0.51015625,1,0.7211426370625182,1.8307815137042815,4.9780805194615425,7.989274890349353,0.9578125,0.0,2.1261180798267043,3.7128714291681932,4.567532400955623,2.0071533134957766,8.0,0.6473958333333333,0.0,0.0,0.0,1.1125,7.61875,0.95234375,7.096875,0.26755339904,0.112890625,0.0,0,0.25,22,48.15,0.25,0.0,0.0,0.0,0.0,0.0,0.0,0.125,,2486,477312,0.7199999999999999,0.0,0.0,0.0,0.0,0,1.525,0.49375,5.95625,0.7423177083333334,0.14401041666666664,0.0,0.0,0.14375,1.5421114195454397,159.03057058673215,0.2770000063830763,0.2770000063830763,0.3176873793643382,0.3176873793643382,1.0,0.0,0.0,0.0,1.7025612428522519,5.088474322164733,9.497942553798056,0.96875,0.012428629735425148,0.06625158744763411,1.9327555507563048,0.12661617855739105,0.4179376688621435,0.012428629735425148,1.0,7.475,159.03057058673215,0.2725696853641215,0.2702880443609993,0.6401080258779985
false_split_dropout,13026,1.4200506671331823,0.0,flocking_topology_resilient,13026,3.06776731983347,0.6946763966877264,0.6350260416666667,1.0053073472822693,0.6087448472822692,0.48125,0.0,0.51875,0.075,0.0,0.0,0.4895833333333333,79,0.6991954276119461,1.4534983544386744,4.669017707185036,6.557248565380995,0.9727008928571429,0.0,1.9868752390950384,3.7105417974262345,4.737926102378708,1.995366951015167,8.0,0.63828125,0.0,0.0,0.0,1.14375,7.45,0.93125,6.977083333333335,0.5935722294301382,0.12786458333333334,0.0,0,0.175,14,47.15,0.175,0.0,0.0,0.0,0.0,0.0,0.0,0.02083333333333337,,2451,470592,0.7199999999999999,0.0,0.0,0.0,0.0,0,1.68125,0.49375,5.95,0.7276041666666667,0.1421875,0.00625,0.00625,0.125,1.5315588382661214,146.75363320077125,0.30456013879146077,0.30456013879146077,0.3488903661894484,0.3488903661894484,1.0,0.0,0.0,0.0,1.868122615460336,5.96594350756547,9.508834152946582,0.95,0.01311922488368702,0.06827946663934548,1.836174907090011,0.1266161785326511,0.4292222622281489,0.01311922488368702,1.0,7.325,146.75363320077125,0.30888846369230344,0.287882652551681,0.6061358457587198
false_split_dropout,13027,1.464113041991368,0.0,flocking_topology_resilient,13027,2.009308902536447,0.6699561848625281,0.6895833333333333,0.9990498795918181,0.597799879591818,0.475,0.0,0.525,0.075,0.0,0.0,0.4950520833333334,82,0.6995671400805745,1.7302140388699587,4.572711461440449,13.122674078925876,0.9632589285714286,0.0,1.987096636954557,3.7031287779935624,4.704751037115979,1.96323468545608,8.0,0.6692708333333334,0.0,0.0,0.0,1.075,7.7625,0.9703125,7.354166666666667,0.390951424,0.08072916666666666,0.0,0,0.16875,16,48.94375,0.16875,0.0,0.0,0.0,0.0,0.0,0.0,0.14583333333333337,,2570,493440,0.7199999999999999,0.0,0.0,0.0,0.0,0,1.56875,0.525,5.875,0.724609375,0.19075520833333331,0.0,0.0,0.1125,1.5664475842235825,171.92054700265425,0.2716822524523317,0.2716822524523317,0.3043535377280824,0.3043535377280824,1.0,0.0,0.0,0.0,1.6637931128381411,4.7429299450813645,7.653776777962266,0.9625,0.010108012625609262,0.01345652446179529,1.880411022008293,0.12601969533495647,0.39688665963812886,0.010108012625609262,1.0,7.65,171.92054700265425,0.2697863526963561,0.26745193283231006,0.5889288954352814
false_split_dropout,13028,1.4532577500212938,0.0,flocking_topology_resilient,13028,1.912507572721716,0.6955125361305121,0.681640625,1.067814589805816,0.6346895898058159,0.4375,0.0,0.5625,0.1125,0.09090909090909091,0.00625,0.46484375,78,0.7085090425867633,1.7755870792097945,4.100438165777119,9.531001693552872,0.9671130952380953,0.0,2.0381623708949617,3.706936903740286,4.6275380866289755,2.0420096437952853,8.0,0.6572916666666666,0.0,0.0,0.0,1.0625,7.775,0.971875,7.182291666666666,0.527277024,0.10221354166666667,0.0,0,0.225,18,49.36875,0.225,0.0,0.0,0.0,0.0,0.0,0.0,0.14583333333333331,,2524,484608,0.7199999999999999,0.0,0.0,0.0,0.0,0,1.58125,0.5125,5.95625,0.718359375,0.17708333333333331,0.0,0.0,0.1125,1.546140324286571,189.64986191471814,0.30051754330584574,0.30051754330584574,0.3476209215622283,0.3476209215622283,1.0,0.0,0.0,0.0,2.059069117220208,5.655732519964547,11.000734130385293,0.95625,0.014915825031585317,0.09175111491034037,1.9360155756976745,0.1250001049241281,0.4269994038986022,0.014915825031585317,1.0,7.66875,189.64986191471814,0.2933430095356571,0.2916524660007323,0.621619585754994
false_split_dropout,13029,1.4359234999865294,0.0,flocking_topology_resilient,13029,1.9525227258611066,0.6546227554779006,0.689453125,0.9700294693714113,0.5781544693714114,0.4875,0.0,0.5125,0.075,0.0,0.0,0.44140625,76,0.6885362844088297,1.7440959339819861,4.11178376308945,7.543594080680107,0.9590997023809524,0.0,2.122776835803827,3.7081854615009844,4.543014690873278,2.063227994202948,8.0,0.6572916666666667,0.0,0.0,0.0,1.08125,7.66875,0.95859375,7.096875,0.5100486406497281,0.112890625,0.0,0,0.16875,16,48.16875,0.16875,0.0,0.0,0.0,0.0,0.0,0.0,0.27083333333333337,,2524,484608,0.7199999999999999,0.0,0.0,0.0,0.0,0,1.6125,0.50625,5.85,0.7097656250000001,0.17578125,0.0125,0.0125,0.18125,1.5499148097476496,170.3498703358727,0.3129471284928222,0.3035721284928222,0.339830875040831,0.339830875040831,0.9875,0.0,0.0125,0.0,2.045144198982755,6.038775863251492,9.435475311595054,0.94375,0.017420639654686692,0.12106336739778227,2.039134782373368,0.12500008896981984,0.4561014896763343,0.017420639654686692,1.0,7.5,170.3498703358727,0.30065989894680845,0.29220510074728245,0.5776024576942493
unmodelled_count,13000,1.184767333092168,0.0,flocking_topology_resilient,13000,0.9551716072275082,0.5697125964779352,0.71484375,0.6330514099699921,0.5799264099699921,0.9375,0.0,0.0625,0.0625,0.0,0.0,0.6140625,80,0.6465002056356903,1.5060718069337746,3.696236466561508,4.815121236362808,0.9895089285714285,0.0,1.862753471971493,3.6962320638862733,4.897519828443857,1.815753459067927,8.0,1.0,0.0,0.0,0.0,1.0,8.0,1.0,7.7875,0.40821319039338705,0.0265625,0.0,0,0.0,0,48.03125,0.0,0.0,0.0,0.0,0.0,0.0,0.0,0.0,,3840,737280,0.7199999999999999,0.0,0.0,0.0,0.0,0,1.9,0.5125,6.03125,0.75390625,0.17890625,0.00625,0.00625,0.2125,1.2979264807314617,194.55698042978048,0.9006764275567356,0.5256764275567356,0.605887571846726,0.605887571846726,0.5,0.0,0.5,0.0,6.5539546145375684,21.045740198240626,29.65311497437066,0.575,0.40935878244310986,0.9944212446639464,4.990793904282801,0.12927197459287995,3.232321256617021,0.40935878244310986,1.0,7.7875,194.55698042978048,,,
unmodelled_count,13001,1.1419090409763157,0.0,flocking_topology_resilient,13001,1.1979170931686565,0.6294720462156861,0.70078125,0.7008888887216591,0.615888888721659,0.9,0.0,0.1,0.1,0.029850746268656716,0.0125,0.5984375,81,0.6999611832186436,1.7972027394284447,4.654187863352506,9.535457245907386,0.9545907738095238,0.0,1.8441031224950648,3.696331382139726,4.8655611107059284,1.7778384257995667,8.0,1.0,0.0,0.0,0.0,1.0,8.0,1.0,7.70625,0.23746373695338702,0.03671875,0.0,0,0.0,0,47.30625,0.0,0.0,0.0,0.0,0.0,0.0,0.0,0.0,,3840,737280,0.7199999999999999,0.0,0.0,0.0,0.0,0,1.86875,0.50625,5.9,0.7375,0.1796875,0.06875,0.0375,0.2875,1.2796574382717494,158.76008190336185,0.8704599162866449,0.49545991628664476,0.5861013098939292,0.5861013098939292,0.5,0.0,0.5,0.0,6.305351823352937,19.283007726961895,39.192940003228664,0.675,0.3603335671148523,0.9905356991434606,4.552411458702051,0.1264994689902445,2.9316328244048724,0.3603335671148523,1.0,7.70625,158.76008190336185,,,
unmodelled_count,13002,1.12382858293131,0.0,flocking_topology_resilient,13002,1.1743771444440922,0.6620323113469846,0.6921875,0.7113229059513563,0.6050729059513562,0.875,0.0,0.125,0.125,0.0,0.0,0.596875,133,0.7062298092282565,1.8568157923876956,5.065874431036848,11.139567033238805,0.958950892857143,0.0,2.2717449555428546,3.7168302415244154,4.732612332993011,1.7703049531678636,8.0,1.0,0.0,0.0,0.0,1.0,8.0,1.0,7.6125,0.36215693990809167,0.0484375,0.0,0,0.0,0,46.7875,0.0,0.0,0.0,0.0,0.0,0.0,0.0,0.0,,3840,737280,0.7199999999999999,0.0,0.0,0.0,0.0,0,2.1875,0.83125,5.85,0.73125,0.171875,0.00625,0.00625,0.3875,1.2978797039080814,159.41411003434789,0.9092745806979836,0.5248995806979837,0.6275562566145918,0.6275562566145918,0.4875,0.0,0.5125,0.0,6.850692639430241,24.01661740285173,31.432697585558735,0.65,0.3837119386034823,0.989820731127782,5.065067708373194,0.12924839753949247,3.083645779612855,0.3837119386034823,1.0,7.6125,159.41411003434789,,,
unmodelled_count,13003,1.1611317920032889,0.0,flocking_topology_resilient,13003,0.9289349932146034,0.6173922228611556,0.70859375,0.6633022854233399,0.6208022854233399,0.95,0.0,0.05,0.05,0.041666666666666664,0.01875,0.6359375,78,0.7107078013556931,1.8418730230876559,4.6143669549133834,13.270385931585876,0.960625,0.0,1.9918364559405455,3.6921526402622744,4.957645350056926,1.8158830049963968,8.0,1.0,0.0,0.0,0.0,1.0,8.0,1.0,7.85625,0.20061494847971334,0.01796875,0.0,0,0.0,0,48.23125,0.0,0.0,0.0,0.0,0.0,0.0,0.0,0.0,,3840,737280,0.7199999999999999,0.0,0.0,0.0,0.0,0,1.88125,0.4875,6.0,0.75,0.18125,0.00625,0.00625,0.14375,1.310719352202985,195.39993355831243,0.8880902991103795,0.5130902991103795,0.6152806522601697,0.6152806522601697,0.5,0.0,0.5,0.0,6.903980612023443,23.72755121222742,33.61139474583757,0.6,0.4165460244440965,0.9986550387384592,4.97465500537057,0.12731474104439597,3.2769640616789717,0.4165460244440965,1.0,7.85625,195.39993355831243,,,
unmodelled_count,13004,1.1785519171971828,0.0,flocking_topology_resilient,13004,0.9746268326151312,0.5701641323225748,0.7140625,0.6411330710909753,0.5720705710909753,0.91875,0.0,0.08125,0.08125,0.028985507246376812,0.0125,0.625,80,0.6362364762219799,1.5367864095443218,4.152450874957066,6.198826692898079,0.9859375,0.0,2.1390291858765367,3.7211049045953346,4.882353817965668,1.7486000281775609,8.0,1.0,0.0,0.0,0.0,1.0,8.0,1.0,7.7375,0.208343568,0.0328125,0.0,0,0.0,0,47.7875,0.0,0.0,0.0,0.0,0.0,0.0,0.0,0.0,,3840,737280,0.7199999999999999,0.0,0.0,0.0,0.0,0,1.8125,0.5,5.98125,0.74765625,0.18203125,0.0,0.0,0.2625,1.3270821476851022,159.74492649375497,0.914381806067613,0.539381806067613,0.6569472868379207,0.6569472868379207,0.5,0.0,0.5,0.0,7.845324459948247,28.985836533656606,52.58439767956292,0.6125,0.4010140772665907,0.9999544011524555,5.1971056887074525,0.12707914778100285,3.1793839967461572,0.4010140772665907,1.0,7.7375,159.74492649375497,,,
unmodelled_count,13005,1.1904027920681983,0.0,flocking_topology_resilient,13005,0.8088570178149509,0.576253679634233,0.6984375,0.5770172896762928,0.5451422896762927,0.9625,0.0,0.0375,0.0375,0.011904761904761904,0.00625,0.6328125,84,0.6176151188766282,1.4377479416679904,3.4380873384090793,9.224666350793106,0.97625,0.0,2.0137346458373786,3.707135205234356,4.93452430890758,1.7532216427321419,8.0,1.0,0.0,0.0,0.0,1.0,8.0,1.0,7.825,0.4874039803489628,0.021875,0.0,0,0.0,0,48.03125,0.0,0.0,0.0,0.0,0.0,0.0,0.0,0.0,,3840,737280,0.7199999999999999,0.0,0.0,0.0,0.0,0,1.95,0.55,5.95,0.74375,0.1828125,0.0,0.0,0.175,1.3054484164179505,174.40291902042708,0.8672026061363922,0.4922026061363921,0.5862848166805117,0.5862848166805117,0.5,0.0,0.5,0.0,6.406375660976868,22.6908655284105,31.37799517155741,0.6125,0.4289238457895868,0.9962338681929006,5.071036937095279,0.126445795645973,3.3523744678883127,0.4289238457895868,1.0,7.825,174.40291902042708,,,
unmodelled_count,13006,1.1298683329951018,0.0,flocking_topology_resilient,13006,0.9865317415118855,0.5859962084029667,0.6828125,0.621095948316009,0.5573459483160089,0.925,0.0,0.075,0.075,0.014492753623188406,0.00625,0.6125,79,0.63665365566423,1.4926844719902366,3.83246523231153,6.629353054773997,0.9759300595238095,0.0,1.8919909525529188,3.706890678440054,4.809513510172384,1.8184478028986022,8.0,1.0,0.0,0.0,0.0,1.0,8.0,1.0,7.7625,0.20824209460838405,0.0296875,0.0,0,0.0,0,47.4375,0.0,0.0,0.0,0.0,0.0,0.0,0.0,0.0,,3840,737280,0.7199999999999999,0.0,0.0,0.0,0.0,0,1.8875,0.49375,5.8875,0.7359375,0.18359375,0.00625,0.00625,0.2375,1.2908865945861971,176.12459471397932,0.9216670771008619,0.5466670771008619,0.652517789663682,0.652517789663682,0.5,0.0,0.5,0.0,7.808592549618456,24.25722985553226,33.02837326461218,0.60625,0.410015357240463,0.9954389837919606,5.018252783146319,0.12842184266947093,3.2367265266386682,0.410015357240463,1.0,7.7625,176.12459471397932,,,
unmodelled_count,13007,1.1310817499179393,0.0,flocking_topology_resilient,13007,1.2026398628058916,0.588456036698027,0.6479166666666666,0.7166785118098279,0.6023035118098278,0.8625,0.0,0.1375,0.1125,0.04477611940298507,0.01875,0.5953125,82,0.7047489920716082,1.7693203721167279,5.463855392285164,12.43013745315057,0.9651041666666667,0.0,1.897148558511273,3.6925224649004753,4.844629311665377,1.8978412714288926,8.0,1.0,0.0,0.0,0.0,1.0125,7.95,0.99375,7.6375,0.49350649460838414,0.0453125,0.0,0,0.025,2,46.9875,0.025,0.0,0.0,0.0,0.0,0.0,0.0,0.041666666666666685,,3840,737280,0.7199999999999999,0.0,0.0,0.0,0.0,0,1.91875,0.54375,5.8625,0.7302083333333333,0.17578125,0.04375,0.0375,0.2375,1.3155514560381811,195.37291231814913,0.8693666714812393,0.49905417148123926,0.5839969977282052,0.5839969977282052,0.50625,0.0,0.49375,0.0,6.061886311650902,18.639452824144183,33.043529947053216,0.6375,0.3899864264165137,0.9971150006387466,4.734093826924491,0.12597279369986242,3.111300436587201,0.3899864264165137,1.0,7.7,195.37291231814913,,,
unmodelled_count,13008,1.1414828330744058,0.0,flocking_topology_resilient,13008,1.0360475468832064,0.6219955248404655,0.68046875,0.6514541303070841,0.5930166303070841,0.93125,0.0,0.06875,0.06875,0.014285714285714285,0.00625,0.63046875,79,0.6715452211882089,1.6819552051792606,4.304188302051572,8.584325275289967,0.9734375,0.0,2.0769678042131443,3.713250466607873,4.8762392398805385,1.7790794568621144,8.0,1.0,0.0,0.0,0.0,1.0,8.0,1.0,7.81875,0.11376054656000001,0.02265625,0.0,0,0.0,0,47.7875,0.0,0.0,0.0,0.0,0.0,0.0,0.0,0.0,,3840,737280,0.7199999999999999,0.0,0.0,0.0,0.0,0,1.8625,0.49375,5.9125,0.7390625,0.1828125,0.00625,0.00625,0.18125,1.3041214618761505,145.90133043540698,0.9265889458514612,0.5515889458514612,0.6749801094400204,0.6749801094400204,0.5,0.0,0.5,0.0,8.269878225054995,29.868771912462815,58.255132837120804,0.65,0.39805739390169415,0.9990679314359694,5.218000142137901,0.13014631508009253,3.1613764681510172,0.39805739390169415,1.0,7.81875,145.90133043540698,,,
unmodelled_count,13009,1.1538817500695586,0.0,flocking_topology_resilient,13009,0.8511324387012582,0.6349158483954175,0.71015625,0.650741771914163,0.602929271914163,0.94375,0.0,0.05625,0.05625,0.0,0.0,0.6203125,80,0.6681050217704027,1.6654409659852978,4.285347884573461,6.963278434933656,0.9805059523809525,0.0,2.1778739131811653,3.713618196433649,4.8952435721136975,1.7489219359051986,8.0,1.0,0.0,0.0,0.0,1.0,8.0,1.0,7.75,0.5106634069532294,0.03125,0.0,0,0.0,0,47.6875,0.0,0.0,0.0,0.0,0.0,0.0,0.0,0.0,,3840,737280,0.7199999999999999,0.0,0.0,0.0,0.0,0,1.96875,0.5,5.95,0.74375,0.17578125,0.03125,0.03125,0.2375,1.3168614273274126,160.82978324587947,0.846440917638121,0.4714409176381208,0.5663893107385009,0.5663893107385009,0.5,0.0,0.5,0.0,5.833316413653111,20.659535098511906,29.57610841354174,0.66875,0.41302961481420397,0.9966391495778975,4.911141799964128,0.1281772943148911,3.253980015723117,0.41302961481420397,1.0,7.75,160.82978324587947,,,
unmodelled_count,13010,1.1272211249452084,0.0,flocking_topology_resilient,13010,0.9632291985936473,0.6375964415719358,0.70078125,0.6534528218685677,0.6003278218685677,0.9375,0.0,0.0625,0.0625,0.0,0.0,0.609375,79,0.6712660067347707,1.6899116327971644,4.770702275117618,8.718895400661893,0.9700223214285714,0.0,2.1462441714643865,3.722537635268395,4.825900146721334,1.6955089131560075,8.0,1.0,0.0,0.0,0.0,1.0,8.0,1.0,7.675,0.22070134656,0.040625,0.0,0,0.0,0,47.08125,0.0,0.0,0.0,0.0,0.0,0.0,0.0,0.0,,3840,737280,0.7199999999999999,0.0,0.0,0.0,0.0,0,1.84375,0.49375,5.89375,0.73671875,0.1765625,0.00625,0.00625,0.325,1.3215040068692434,142.28148345916864,0.8708443652476732,0.4958443652476731,0.5859849254739612,0.5859849254739612,0.5,0.0,0.5,0.0,6.153872858045746,19.75675523322272,39.03601613209818,0.63125,0.40002917940593885,0.9997698139628568,4.947256385490755,0.12551053395072423,3.175016619724486,0.40002917940593885,1.0,7.675,142.28148345916864,,,
unmodelled_count,13011,1.1964486250653863,0.0,flocking_topology_resilient,13011,0.8459909363292378,0.6027257118577348,0.71796875,0.6039842950343743,0.5614842950343744,0.95,0.0,0.05,0.05,0.0,0.0,0.63828125,86,0.6484354627421881,1.5610590922972687,4.054556493130528,6.971536588101394,0.9806696428571428,0.0,1.9880967717570441,3.6901789966975174,4.966401287655617,1.813984589613537,8.0,1.0,0.0,0.0,0.0,1.0,8.0,1.0,7.86875,0.4114539204675731,0.01640625,0.0,0,0.0,0,48.7875,0.0,0.0,0.0,0.0,0.0,0.0,0.0,0.0,,3840,737280,0.7199999999999999,0.0,0.0,0.0,0.0,0,1.9125,0.55,6.125,0.765625,0.17890625,0.0125,0.0125,0.13125,1.3048860944884477,179.03121733277533,0.8817416230812458,0.5067416230812458,0.6113071383076666,0.6113071383076666,0.5,0.0,0.5,0.0,6.734907915750199,23.248053934541403,32.94914438905305,0.58125,0.39625282695998265,0.9956936489635444,4.831286752634341,0.12587385118198963,3.151487240537069,0.39625282695998265,1.0,7.86875,179.03121733277533,,,
unmodelled_count,13012,1.140395374968648,0.0,flocking_topology_resilient,13012,0.9433358908826772,0.5959716559649718,0.653125,0.6490853359104386,0.5853353359104385,0.925,0.0,0.075,0.075,0.015625,0.0125,0.596875,140,0.6636962601385636,1.582485955718575,3.4001823321149067,6.347362023208657,0.9788020833333334,0.0,2.3247784036935153,3.693703045084521,4.839195910476615,1.8711167145001348,8.0,1.0,0.0,0.0,0.0,1.0,8.0,1.0,7.6375,0.7177829201691355,0.0453125,0.0,0,0.0,0,46.58125,0.0,0.0,0.0,0.0,0.0,0.0,0.0,0.0,,3840,737280,0.7199999999999999,0.0,0.0,0.0,0.0,0,2.36875,0.875,5.84375,0.73046875,0.16328125,0.05,0.0375,0.35625,1.314262592999515,220.59284767995507,0.9028803512280984,0.5278803512280984,0.6471709750790896,0.6471709750790896,0.5,0.0,0.5,0.0,7.335208172133396,25.08996204108896,39.95903790817413,0.64375,0.3897556572035069,0.997875056903484,5.093018427192343,0.12602175014936043,3.1147846522449627,0.3897556572035069,1.0,7.6375,220.59284767995507,,,
unmodelled_count,13013,1.15938016702421,0.0,flocking_topology_resilient,13013,1.0366424196286286,0.6114278574113933,0.69609375,0.6407447164637864,0.5610572164637863,0.90625,0.0,0.09375,0.09375,0.0,0.0,0.61171875,79,0.6444073740771633,1.515643853868069,3.787433176284446,6.073359076470835,0.98359375,0.0,2.0858066356592495,3.6982205446086036,4.774659515825893,1.778679351035456,8.0,1.0,0.0,0.0,0.0,1.0,8.0,1.0,7.725,0.4307649088765363,0.034375,0.0,0,0.0,0,47.5875,0.0,0.0,0.0,0.0,0.0,0.0,0.0,0.0,,3840,737280,0.7199999999999999,0.0,0.0,0.0,0.0,0,1.88125,0.51875,5.90625,0.73828125,0.17890625,0.00625,0.00625,0.275,1.2960652339892045,197.95416006780002,0.8841165027998878,0.5091165027998878,0.6033687980634153,0.6033687980634153,0.5,0.0,0.5,0.0,6.567986802379778,21.229555712182062,29.3055231354591,0.64375,0.3796243405726722,0.994671935285228,4.812536861163465,0.1261156621104667,3.050184667425486,0.3796243405726722,1.0,7.725,197.95416006780002,,,
unmodelled_count,13014,1.166503082960844,0.0,flocking_topology_resilient,13014,1.0586087693898587,0.632798197297835,0.696875,0.685702787414045,0.6166402874140451,0.91875,0.0,0.08125,0.08125,0.014705882352941176,0.00625,0.6234375,78,0.7095160082930566,1.8963679966306528,5.0453121839538175,8.01178734526031,0.9546875,0.0,2.0144873271941734,3.6990826051059047,4.890949603786213,1.8106851007502154,8.0,1.0,0.0,0.0,0.0,1.0,8.0,1.0,7.825,0.20366331456000003,0.021875,0.0,0,0.0,0,48.13125,0.0,0.0,0.0,0.0,0.0,0.0,0.0,0.0,,3840,737280,0.7199999999999999,0.0,0.0,0.0,0.0,0,1.85,0.49375,5.925,0.740625,0.1828125,0.00625,0.00625,0.175,1.2943611130839745,172.852782560787,0.8917977884096926,0.5167977884096926,0.6088188720211355,0.6088188720211355,0.5,0.0,0.5,0.0,6.716672106919651,21.177831747003832,35.79290629763006,0.6,0.3846738501802945,0.9920209388095709,4.7472324829382915,0.12582474426536772,3.0791703354428552,0.3846738501802945,1.0,7.825,172.852782560787,,,
unmodelled_count,13015,1.128987083910033,0.0,flocking_topology_resilient,13015,0.9516170162307107,0.5507733683689933,0.671875,0.6031644155417581,0.5447269155417581,0.93125,0.0,0.06875,0.06875,0.007751937984496124,0.00625,0.6109375,140,0.6286801692472315,1.4850208396440165,3.7539683958533323,7.747150715626266,0.9806919642857143,0.0,2.180849190322065,3.7094267401185794,4.846181278448472,1.840775407255909,8.0,1.0,0.0,0.0,0.0,1.0,8.0,1.0,7.71875,0.3879766620717384,0.03515625,0.0,0,0.0,0,46.7875,0.0,0.0,0.0,0.0,0.0,0.0,0.0,0.0,,3840,737280,0.7199999999999999,0.0,0.0,0.0,0.0,0,2.34375,0.875,5.7875,0.7234375,0.18203125,0.0,0.0,0.28125,1.3345792134718026,169.26150435588096,0.8799975331358534,0.5190600331358534,0.6234605142268265,0.6234605142268265,0.51875,0.0,0.48125,0.0,6.9221187714793,23.5205359477144,31.09928448191874,0.625,0.40787373195908516,0.9985481512674708,5.115003217459612,0.12500987148069045,3.209327842166715,0.40787373195908516,1.0,7.71875,169.26150435588096,,,
unmodelled_count,13016,1.1403927500359714,0.0,flocking_topology_resilient,13016,0.8283044973416255,0.5408403191805886,0.690625,0.5582361537043891,0.521048653704389,0.95625,0.0,0.04375,0.04375,0.0,0.0,0.63046875,79,0.6174444929625538,1.3921511913551903,3.017067804016627,6.773289207119605,0.9895833333333333,0.0,2.0887007427048543,3.7017961986640735,4.802493232714268,1.7592172814490952,8.0,1.0,0.0,0.0,0.0,1.0,8.0,1.0,7.7625,0.4241294294435841,0.0296875,0.0,0,0.0,0,47.4375,0.0,0.0,0.0,0.0,0.0,0.0,0.0,0.0,,3840,737280,0.7199999999999999,0.0,0.0,0.0,0.0,0,1.95625,0.50625,5.8625,0.7328125,0.18046875,0.0,0.0,0.2375,1.296707254169619,195.00934061325069,0.9270278810423414,0.5520278810423412,0.6641064863050247,0.6641064863050247,0.5,0.0,0.5,0.0,7.949730883659052,27.26412560324176,42.337138662705414,0.59375,0.4129235826808113,0.9936632113799309,4.984723355158016,0.13183056664944376,3.2543414946291973,0.4129235826808113,1.0,7.7625,195.00934061325069,,,
unmodelled_count,13017,1.1386586669832468,0.0,flocking_topology_resilient,13017,0.9744656617707528,0.5658813234375282,0.6921875,0.6304025642851157,0.5719650642851157,0.93125,0.0,0.06875,0.06875,0.0,0.0,0.6234375,78,0.6809507059560178,1.6891458597946822,4.360177088108528,7.58464802919595,0.9681770833333333,0.0,1.8671489604394687,3.6989386183591066,4.886901534792189,1.87893381332515,8.0,1.0,0.0,0.0,0.0,1.0,8.0,1.0,7.8125,0.14133932660838405,0.0234375,0.0,0,0.0,0,47.89375,0.0,0.0,0.0,0.0,0.0,0.0,0.0,0.0,,3840,737280,0.7199999999999999,0.0,0.0,0.0,0.0,0,1.8625,0.4875,5.91875,0.73984375,0.1828125,0.0,0.0,0.1875,1.3167082355170272,175.9493607461977,0.8931458060481411,0.518145806048141,0.6232734290370473,0.6232734290370473,0.5,0.0,0.5,0.0,6.989937133861977,21.7351828456236,39.70977364849993,0.6,0.4323761678582129,0.9989284541982861,5.116936802123591,0.1266559373024802,3.3741281095064464,0.4323761678582129,1.0,7.8125,175.9493607461977,,,
unmodelled_count,13018,1.134462291141972,0.0,flocking_topology_resilient,13018,1.0322710599039697,0.589918593770076,0.68515625,0.6377061935569911,0.5739561935569911,0.925,0.0,0.075,0.075,0.013333333333333334,0.00625,0.6125,85,0.6465974455869361,1.5603072848125097,5.088808272716211,6.573928067376875,0.9716666666666667,0.0,1.9735511978251246,3.7033153037218405,4.884916150617179,1.8001984274592289,8.0,1.0,0.0,0.0,0.0,1.0,8.0,1.0,7.725,0.3368622250825621,0.034375,0.0,0,0.0,0,47.1875,0.0,0.0,0.0,0.0,0.0,0.0,0.0,0.0,,3840,737280,0.7199999999999999,0.0,0.0,0.0,0.0,0,1.9625,0.53125,5.80625,0.72578125,0.18125,0.01875,0.01875,0.26875,1.29988078085598,154.39921748196988,0.9515404104421297,0.5765404104421297,0.7101064824967497,0.7101064824967497,0.5,0.0,0.5,0.0,8.88946034657736,28.87757882896923,47.04900335479859,0.5875,0.4197948109734309,0.9992620127125873,5.061766921871231,0.12912128353252983,3.2967937003339074,0.4197948109734309,1.0,7.725,154.39921748196988,,,
unmodelled_count,13019,1.1562849588226527,0.0,flocking_topology_resilient,13019,0.9561076038803421,0.5707524763411687,0.7018229166666667,0.6476897908293641,0.575814790829364,0.9125,0.0,0.0875,0.0625,0.015151515151515152,0.00625,0.62421875,78,0.6483224647119533,1.5564820197351328,4.120582886329135,9.799381932815354,0.978125,0.0,2.0854295234772837,3.7084611996457455,4.855157153458327,1.756282434438318,8.0,1.0,0.0,0.0,0.0,1.00625,7.975,0.996875,7.6875,0.16974970283520002,0.0390625,0.0,0,0.025,2,47.33125,0.025,0.0,0.0,0.0,0.0,0.0,0.0,0.02083333333333337,,3840,737280,0.7199999999999999,0.0,0.0,0.0,0.0,0,1.86875,0.4875,5.9125,0.737109375,0.16875,0.0,0.0,0.225,1.2969746633603858,160.64266794113522,0.8987230196622326,0.5237230196622326,0.6383739877842172,0.6383739877842172,0.5,0.0,0.5,0.0,7.243770914880775,24.71143822940948,36.43511637229088,0.61875,0.4272216299886301,0.9991125825453249,5.3183523140594975,0.1289033742284005,3.3415548646011928,0.4272216299886301,1.0,7.75,160.64266794113522,,,
unmodelled_count,13020,1.1703414169605821,0.0,flocking_topology_resilient,13020,1.0709253720151615,0.603139124819862,0.709375,0.6591704572617706,0.5747954572617706,0.9,0.0,0.1,0.09375,0.014925373134328358,0.00625,0.61875,81,0.6601093224463097,1.6086487359702608,4.105797566960805,7.989222538936105,0.9765104166666665,0.0,1.8989093128354653,3.7054059265217774,4.907482078173007,1.816996674326416,8.0,1.0,0.0,0.0,0.0,1.0,8.0,1.0,7.7875,0.22012940567040004,0.0265625,0.0,0,0.0,0,48.1375,0.0,0.0,0.0,0.0,0.0,0.0,0.0,0.0,,3840,737280,0.7199999999999999,0.0,0.0,0.0,0.0,0,1.83125,0.50625,6.00625,0.75078125,0.18359375,0.05,0.05,0.20625,1.3174728801347162,167.09882228150323,0.9009658440282126,0.5447158440282125,0.6899582560128756,0.6899582560128756,0.525,0.0,0.475,0.0,8.84372266933993,35.02852561211148,42.6937445804529,0.625,0.35786667262931215,0.9989801309265749,4.921436352118386,0.12618852963072852,2.8960264380897347,0.35786667262931215,1.0,7.7875,167.09882228150323,,,
unmodelled_count,13021,1.138887792127207,0.0,flocking_topology_resilient,13021,1.1599760935528318,0.6075838834673233,0.69765625,0.6665249255729168,0.5721499255729168,0.8875,0.0,0.1125,0.1,0.03225806451612903,0.0125,0.61640625,78,0.6718757133766686,1.6782685936434991,4.890470549880033,11.738847976053824,0.97890625,0.0,1.9651891615720412,3.7128781447168833,4.770087357787733,1.742776227864495,8.0,1.0,0.0,0.0,0.0,1.0,8.0,1.0,7.7375,0.24992737664000003,0.0328125,0.0,0,0.0,0,47.58125,0.0,0.0,0.0,0.0,0.0,0.0,0.0,0.0,,3840,737280,0.7199999999999999,0.0,0.0,0.0,0.0,0,1.85,0.4875,5.89375,0.73671875,0.17890625,0.05,0.05,0.2625,1.2869047064110781,155.45988972411516,0.8306963437169228,0.45569634371692286,0.539728945947765,0.539728945947765,0.5,0.0,0.5,0.0,5.3129494399912875,17.2015450314294,30.83109716790426,0.675,0.3687730922681217,0.9987922312665174,4.612567308410306,0.12637439462224775,2.9813725262795083,0.3687730922681217,1.0,7.7375,155.45988972411516,,,
unmodelled_count,13022,1.1942487920168787,0.0,flocking_topology_resilient,13022,0.9183805538394841,0.5528669032892664,0.7171875,0.5697060858193296,0.5059560858193295,0.925,0.0,0.075,0.075,0.0,0.0,0.63671875,77,0.5986658983837378,1.3500450490413356,4.073150590403735,6.767253102488029,0.9809151785714285,0.0,1.9020594622543752,3.726414178780886,4.866360367524825,1.7352281490649528,8.0,1.0,0.0,0.0,0.0,1.0,8.0,1.0,7.81875,0.041753515520000006,0.02265625,0.0,0,0.0,0,47.6875,0.0,0.0,0.0,0.0,0.0,0.0,0.0,0.0,,3840,737280,0.7199999999999999,0.0,0.0,0.0,0.0,0,1.8625,0.48125,5.93125,0.74140625,0.178125,0.0,0.0,0.18125,1.276653569543973,138.4747341064743,0.8624358598153551,0.4874358598153551,0.5972073681182766,0.5972073681182766,0.5,0.0,0.5,0.0,6.586370564236634,26.279336908278907,47.796919002359246,0.675,0.3877034052556219,0.9969972540807246,4.857560834615766,0.13095617494658937,3.0963969064219135,0.3877034052556219,1.0,7.81875,138.4747341064743,,,
unmodelled_count,13023,1.179295042064041,0.0,flocking_topology_resilient,13023,1.1386481749410386,0.6280398594245375,0.70625,0.6810020033519562,0.6013145033519561,0.90625,0.0,0.09375,0.09375,0.014285714285714285,0.00625,0.62265625,83,0.6839748072145067,1.7180668067757119,4.718297415444112,7.86042776595457,0.9489583333333332,0.0,2.135442006706946,3.7035946188520272,4.848800238381097,1.7906151863804767,8.0,1.0,0.0,0.0,0.0,1.0,8.0,1.0,7.775,0.37578133611802933,0.028125,0.0,0,0.0,0,47.74375,0.0,0.0,0.0,0.0,0.0,0.0,0.0,0.0,,3840,737280,0.7199999999999999,0.0,0.0,0.0,0.0,0,1.9375,0.51875,5.925,0.740625,0.18125,0.00625,0.00625,0.225,1.2990332131806894,163.10032759603266,0.8583587644953077,0.48804626449530775,0.5824879235503257,0.5824879235503257,0.50625,0.0,0.49375,0.0,6.117533017414269,22.408222829828468,33.81851232070389,0.65625,0.3629321810639478,0.9915249271794742,4.628538665691572,0.1262701202640261,2.94074102982173,0.3629321810639478,1.0,7.775,163.10032759603266,,,
unmodelled_count,13024,1.1451540000271052,0.0,flocking_topology_resilient,13024,1.1306567174435393,0.5899900051064193,0.7109375,0.6445806427341465,0.5542681427341465,0.89375,0.0,0.10625,0.10625,0.0,0.0,0.61015625,79,0.6402077836447293,1.5436754142355293,4.168453648548026,7.891150609316334,0.9755208333333332,0.0,2.1790958081390923,3.721268752245488,4.764487939606509,1.6942935798767138,8.0,1.0,0.0,0.0,0.0,1.0,8.0,1.0,7.7125,0.2509227270397133,0.0359375,0.0,0,0.0,0,47.38125,0.0,0.0,0.0,0.0,0.0,0.0,0.0,0.0,,3840,737280,0.7199999999999999,0.0,0.0,0.0,0.0,0,1.86875,0.5125,5.84375,0.73046875,0.18125,0.00625,0.00625,0.2875,1.2741107487878982,146.30033391352762,0.9377290429739545,0.5627290429739547,0.6664360352694756,0.6664360352694756,0.5,0.0,0.5,0.0,7.869176947085999,25.22042997576759,40.528063878324964,0.59375,0.41317787198860045,0.998235157763508,5.217083380658818,0.13598152130649224,3.2537282545850443,0.41317787198860045,1.0,7.7125,146.30033391352762,,,
unmodelled_count,13025,1.1226871248800308,0.0,flocking_topology_resilient,13025,1.0529871326358278,0.5867365343331306,0.67734375,0.624726080545458,0.5556635805454581,0.91875,0.0,0.08125,0.08125,0.0,0.0,0.5890625,77,0.6451103530195301,1.5650951411192051,4.080802445281377,7.8362217905401055,0.965625,0.0,2.1968677345396515,3.7151960908539126,4.822987571166773,1.7780778634422567,8.0,1.0,0.0,0.0,0.0,1.0,8.0,1.0,7.63125,0.17284040000000003,0.04609375,0.0,0,0.0,0,46.7,0.0,0.0,0.0,0.0,0.0,0.0,0.0,0.0,,3840,737280,0.7199999999999999,0.0,0.0,0.0,0.0,0,1.81875,0.4875,5.8,0.725,0.178125,0.025,0.025,0.3625,1.3021818304678565,155.86986657023135,0.9078746906783423,0.5328746906783423,0.6557983507725108,0.6557983507725108,0.5,0.0,0.5,0.0,7.76811041734814,28.56508902918307,39.80720451973987,0.61875,0.39697181087618566,0.9935071336037173,5.08221252590153,0.1265417175134163,3.156505297323153,0.39697181087618566,1.0,7.63125,155.86986657023135,,,
unmodelled_count,13026,1.1516181661281735,0.0,flocking_topology_resilient,13026,1.0958534785510163,0.6334956426341026,0.68828125,0.6595078481000718,0.5851328481000718,0.9125,0.0,0.0875,0.0875,0.014925373134328358,0.00625,0.6109375,79,0.6575381510322791,1.6324301071027647,4.529281664480691,7.632641007406955,0.9797395833333333,0.0,1.8716586632117362,3.721189659765625,4.823479092089779,1.7845458681736404,8.0,1.0,0.0,0.0,0.0,1.0,8.0,1.0,7.725,0.17126054656,0.034375,0.0,0,0.0,0,47.5375,0.0,0.0,0.0,0.0,0.0,0.0,0.0,0.0,,3840,737280,0.7199999999999999,0.0,0.0,0.0,0.0,0,1.80625,0.49375,5.91875,0.73984375,0.17734375,0.03125,0.03125,0.2625,1.289800175710465,134.46283246645356,0.9299354895371605,0.5502479895371606,0.6694099117129139,0.6694099117129139,0.49375,0.0,0.50625,0.0,8.085656845227197,29.596069397025577,47.5618756855483,0.625,0.39577879025659435,0.9952849918842195,4.923234265064702,0.12826034172455775,3.1519988930312755,0.39577879025659435,1.0,7.725,134.46283246645356,,,
unmodelled_count,13027,1.152272874955088,0.0,flocking_topology_resilient,13027,0.8242991434295208,0.619432574418459,0.6828125,0.6418924165626361,0.6100174165626361,0.9625,0.0,0.0375,0.0375,0.008849557522123894,0.00625,0.62421875,115,0.6779276912632491,1.7105742493436407,5.203846493416936,7.753730303497363,0.95234375,0.0,1.868417995537764,3.7114111195508173,4.855479972831898,1.845837799667693,8.0,1.0,0.0,0.0,0.0,1.0,8.0,1.0,7.80625,0.3510383202273889,0.02421875,0.0,0,0.0,0,47.2875,0.0,0.0,0.0,0.0,0.0,0.0,0.0,0.0,,3840,737280,0.7199999999999999,0.0,0.0,0.0,0.0,0,2.225,0.73125,5.8,0.725,0.18203125,0.0,0.0,0.19375,1.3185645523561917,165.98024892424795,0.8802254416719748,0.5052254416719748,0.6025234323328641,0.6025234323328641,0.5,0.0,0.5,0.0,6.730642452716959,21.137301953908846,29.90117695133823,0.60625,0.4212372208371401,0.997199706378419,4.968041313895649,0.12803492080316975,3.304780502956375,0.4212372208371401,1.0,7.80625,165.98024892424795,,,
unmodelled_count,13028,1.1822825418785214,0.0,flocking_topology_resilient,13028,0.7614638398315627,0.5809847145100718,0.709375,0.6055662785148792,0.5683787785148793,0.95625,0.0,0.04375,0.04375,0.0,0.0,0.628125,78,0.665465150171542,1.6308053589272884,4.01781237157957,8.370006118339136,0.9772767857142858,0.0,2.270940257016225,3.7177197201900953,4.894055550273391,1.74588826698638,8.0,1.0,0.0,0.0,0.0,1.0,8.0,1.0,7.69375,0.28545760000000003,0.03828125,0.0,0,0.0,0,47.18125,0.0,0.0,0.0,0.0,0.0,0.0,0.0,0.0,,3840,737280,0.7199999999999999,0.0,0.0,0.0,0.0,0,1.88125,0.4875,6.0125,0.7515625,0.16328125,0.00625,0.00625,0.30625,1.311017820802816,181.22099624019663,0.9551192697822423,0.5801192697822424,0.708166450020787,0.708166450020787,0.5,0.0,0.5,0.0,8.893024491004663,32.61713627841916,43.47471107711152,0.56875,0.41623675514598757,0.9856865675033191,5.234022473172111,0.14075456918011736,3.2754743798130734,0.41623675514598757,1.0,7.69375,181.22099624019663,,,
unmodelled_count,13029,1.1508832920808345,0.0,flocking_topology_resilient,13029,1.0761916440140802,0.6290243159606937,0.715625,0.704126857634321,0.6138143576343209,0.89375,0.0,0.10625,0.10625,0.0625,0.025,0.58125,79,0.7207912103163464,1.9467097412104422,4.54689520612973,15.140486951776126,0.9610863095238095,0.0,2.170403450128034,3.7062889294164614,4.782879295193888,1.7740181516504727,8.0,1.0,0.0,0.0,0.0,1.0,8.0,1.0,7.61875,0.3757504120826725,0.04765625,0.0,0,0.0,0,47.21875,0.0,0.0,0.0,0.0,0.0,0.0,0.0,0.0,,3840,737280,0.7199999999999999,0.0,0.0,0.0,0.0,0,1.84375,0.49375,5.91875,0.73984375,0.17109375,0.0125,0.0125,0.38125,1.2984925179849636,167.5977701296244,0.8837322962756126,0.4946697962756127,0.5763989630155689,0.5763989630155689,0.48125,0.0,0.51875,0.0,6.081284406012156,20.090118729421906,32.14278561709878,0.6625,0.3578289146762475,0.9843288967570598,4.773205156414844,0.12769735693801948,2.929863649730389,0.3578289146762475,1.0,7.61875,167.5977701296244,,,
unmodelled_offset,13000,1.2760147079825401,0.0,flocking_topology_resilient,13000,2.4147265421851345,0.6533486197281495,0.73046875,0.991235172439034,0.661547672439034,0.56875,0.0,0.43125,0.0625,0.3076923076923077,0.025,0.5375,79,0.8327591280439472,2.5203910728348773,4.918640900269291,59.72690175233238,0.9557291666666666,0.0,1.9891237163903561,3.6748078593825775,5.138337944758199,2.050302675098751,8.0,1.0,0.0,0.0,0.0,1.0,8.0,1.0,7.925,0.3340015980824541,0.009375,0.0,0,0.0,0,50.98125,0.0,0.0,0.0,0.0,0.0,0.0,0.0,0.0,,3840,737280,0.7199999999999999,0.0,0.0,0.0,0.0,0,1.69375,0.5,6.0,0.75,0.234375,0.0,0.0,0.075,1.6180104965750168,193.77425901701523,1.0197311793105617,0.6728561793105616,0.8076022980031734,0.8076022980031734,0.5375,0.0,0.4625,0.0,11.691716324364785,31.87491185804815,51.64291035174011,0.54375,0.12713084862766913,0.43123429714750156,2.891996005451655,0.1250000037408742,1.4640856795396133,0.12713084862766913,1.0,7.925,193.77425901701523,,,
unmodelled_offset,13001,1.2546548750251532,0.0,flocking_topology_resilient,13001,2.541111439121366,0.6362794934360368,0.72578125,0.9009776865707412,0.552540186570741,0.54375,0.0,0.45625,0.0625,0.0,0.0,0.5296875,79,0.6439390897090038,1.490974445930112,3.829995412355021,6.960459516800256,0.9738095238095237,0.0,2.0121142150599014,3.6748720888812856,5.149942122333587,2.0010451752185174,8.0,1.0,0.0,0.0,0.0,1.0125,7.95,0.99375,7.79375,0.23821013711360006,0.02578125,0.0,0,0.025,2,50.65625,0.025,0.0,0.0,0.0,0.0,0.0,0.0,0.0,,3840,737280,0.7199999999999999,0.0,0.0,0.0,0.0,0,1.5625,0.49375,5.96875,0.74609375,0.2265625,0.0,0.0,0.09375,1.6146522990573247,153.43331379286946,0.9787121011236952,0.6505871011236952,0.7939444693849939,0.7939444693849939,0.5625,0.0,0.4375,0.0,10.754387194232212,35.19059071548314,56.15316830047464,0.54375,0.1216302639225159,0.43028735724995676,2.8866118224922324,0.1250000025066606,1.4128299270269344,0.1216302639225159,1.0,7.85625,153.43331379286946,,,
unmodelled_offset,13002,1.2480962499976158,0.0,flocking_topology_resilient,13002,2.3932045806697744,0.730192905245801,0.746875,0.98525150759913,0.6415015075991299,0.55,0.0,0.45,0.0625,0.0,0.0,0.5328125,78,0.7236042368878338,1.9916229301168689,5.302635614950625,8.292536042915565,0.9391741071428571,0.0,1.9679556079736351,3.690811082602638,5.1442317704883935,1.9896366287344491,8.0,1.0,0.0,0.0,0.0,1.0,8.0,1.0,7.9125,0.081537024,0.0109375,0.0,0,0.0,0,51.0875,0.0,0.0,0.0,0.0,0.0,0.0,0.0,0.0,,3840,737280,0.7199999999999999,0.0,0.0,0.0,0.0,0,1.51875,0.4875,5.9875,0.7484375,0.23984375,0.0,0.0,0.0875,1.639215881769846,154.30695354254703,0.9808844565799717,0.6340094565799717,0.7751317158053554,0.7751317158053554,0.5375,0.0,0.4625,0.0,10.933030058466338,37.53462283003836,54.22184869647755,0.55,0.13358778603012536,0.43300814197071835,2.9569631119027697,0.12500000000056272,1.5019091338775696,0.13358778603012536,1.0,7.9125,154.30695354254703,,,
unmodelled_offset,13003,1.2698686250951141,0.0,flocking_topology_resilient,13003,2.3175351948597944,0.6854014010115008,0.74453125,0.9730191353448742,0.6245816353448743,0.54375,0.0,0.45625,0.0625,0.0,0.0,0.53125,77,0.6822819725202937,1.75144659025525,4.472846640767872,8.761792516014404,0.9763020833333333,0.0,1.9705667633577353,3.6822510889386506,5.058711917669797,1.9329410788807906,8.0,1.0,0.0,0.0,0.0,1.0,8.0,1.0,7.9125,0.36144139919359997,0.0109375,0.0,0,0.0,0,51.13125,0.0,0.0,0.0,0.0,0.0,0.0,0.0,0.0,,3840,737280,0.7199999999999999,0.0,0.0,0.0,0.0,0,1.58125,0.5,5.99375,0.74921875,0.23828125,0.00625,0.00625,0.0875,1.6557802407519042,192.1796493978397,0.9819458785070596,0.6538208785070596,0.7983260541512075,0.7983260541512075,0.5625,0.0,0.4375,0.0,11.639489403446117,34.94695807971469,55.56066761502435,0.51875,0.1509651570426196,0.5702140452333777,3.0468050741530517,0.12500000000017503,1.591781314272564,0.1509651570426196,1.0,7.9125,192.1796493978397,,,
unmodelled_offset,13004,1.2702574171125889,0.0,flocking_topology_resilient,13004,2.3154412206985975,0.6284936874661852,0.7515625,0.9156397150072196,0.5718897150072196,0.55,0.0,0.45,0.0625,0.0,0.0,0.5421875,77,0.6313776348168753,1.5158196188062463,3.8310531278823006,5.190321207296876,0.98671875,0.0,1.901386053950887,3.6989728374525868,5.077624437365817,1.9501044530633025,8.0,1.0,0.0,0.0,0.0,1.0,8.0,1.0,7.9,0.2167035648852378,0.0125,0.0,0,0.0,0,50.9875,0.0,0.0,0.0,0.0,0.0,0.0,0.0,0.0,,3840,737280,0.7199999999999999,0.0,0.0,0.0,0.0,0,1.63125,0.48125,6.025,0.753125,0.2328125,0.0,0.0,0.1,1.6516111279595278,156.13323754613077,1.0196329212047757,0.6633829212047757,0.8151915238943391,0.8151915238943391,0.525,0.0,0.475,0.0,12.168022602511774,39.718142473661274,54.56661345692608,0.54375,0.13197550092407542,0.49297476347914704,2.95584773423354,0.1266161813361954,1.5006536188050767,0.13197550092407542,1.0,7.9,156.13323754613077,,,
unmodelled_offset,13005,1.29467958281748,0.0,flocking_topology_resilient,13005,2.2808674950142147,0.6818493947211347,0.7375,0.9685369885119268,0.6247869885119268,0.55,0.0,0.45,0.0625,0.0,0.0,0.5234375,78,0.6811704680910867,1.7526681728181692,4.514618980691798,8.539476684161782,0.96953125,0.0,2.0654535122618145,3.6866403259091554,5.055160081487133,1.9938404445178104,8.0,1.0,0.0,0.0,0.0,1.00625,7.975,0.996875,7.81875,0.357353150144512,0.02265625,0.0,0,0.025,2,50.78125,0.025,0.0,0.0,0.0,0.0,0.0,0.0,0.041666666666666685,,3840,737280,0.7199999999999999,0.0,0.0,0.0,0.0,0,1.5875,0.5125,5.9375,0.73828125,0.2359375,0.0,0.0,0.09375,1.6281486831838585,172.26152029613735,0.9983207002654797,0.6467582002654796,0.8051025379499812,0.8051025379499812,0.53125,0.0,0.46875,0.0,11.984368348383354,37.3477763163847,62.145556888774934,0.55625,0.14595184117144916,0.4493165894797069,3.055090713592557,0.12500000000346045,1.5843915897012593,0.14595184117144916,1.0,7.88125,172.26152029613735,,,
unmodelled_offset,13006,1.2547435420565307,0.0,flocking_topology_resilient,13006,2.2413031936422083,0.6646773160243032,0.7375,0.9484089022626794,0.5993464022626794,0.54375,0.0,0.45625,0.06875,0.0,0.0,0.5296875,77,0.6719440734179509,1.7542978192764977,4.448226162432253,8.910843794577037,0.971875,0.0,2.10524509154322,3.696160430873486,5.0311812548565555,1.8952160182626023,8.0,1.0,0.0,0.0,0.0,1.0,8.0,1.0,7.8375,0.264782617664512,0.0203125,0.0,0,0.0,0,50.5875,0.0,0.0,0.0,0.0,0.0,0.0,0.0,0.0,,3840,737280,0.7199999999999999,0.0,0.0,0.0,0.0,0,1.58125,0.4875,5.96875,0.74609375,0.2328125,0.00625,0.00625,0.1625,1.6081668408762375,171.4823152518163,0.9917411230512118,0.6636161230512118,0.8115872562411247,0.8115872562411247,0.5625,0.0,0.4375,0.0,12.15081676390135,38.28180269677626,72.29105070032278,0.55625,0.12956082576529737,0.5282155356084786,2.998995697376291,0.12763587381904096,1.4593404027194268,0.12956082576529737,1.0,7.8375,171.4823152518163,,,
unmodelled_offset,13007,1.2680569579824805,0.0,flocking_topology_resilient,13007,2.30028766883803,0.6402711611383699,0.71953125,0.9474605967457244,0.5983980967457243,0.54375,0.0,0.45625,0.06875,0.05555555555555555,0.00625,0.5328125,79,0.6553795390307406,1.5694835634034177,3.941447118511591,7.412555443890677,0.9796875,0.0,1.9389210322058144,3.674652958678088,5.133077812551143,2.0522506175329895,8.0,1.0,0.0,0.0,0.0,1.0,8.0,1.0,7.9,0.5007873371136,0.0125,0.0,0,0.0,0,50.9375,0.0,0.0,0.0,0.0,0.0,0.0,0.0,0.0,,3840,737280,0.7199999999999999,0.0,0.0,0.0,0.0,0,1.60625,0.55,5.98125,0.74765625,0.23828125,0.0,0.0,0.1,1.6514059745133998,189.3861161244903,0.9760296491280369,0.6385296491280369,0.7712675677829796,0.7712675677829796,0.55,0.0,0.45,0.0,10.81048219624721,34.01205395248059,45.809975600575775,0.55625,0.12318857724523827,0.45918452593413717,2.9450818414863575,0.1250000019633682,1.4309921597621351,0.12318857724523827,1.0,7.9,189.3861161244903,,,
unmodelled_offset,13008,1.272463624831289,0.0,flocking_topology_resilient,13008,2.30129717071353,0.6689389726225761,0.74296875,1.0126651312922974,0.6729776312922973,0.55625,0.0,0.44375,0.06875,0.3333333333333333,0.01875,0.5359375,78,1.0257920240074827,4.088585897790476,4.947882927792523,206.90573142081226,0.96171875,0.0,2.128156051327662,3.6951236198582245,5.100626198696561,1.9484570712730762,8.0,1.0,0.0,0.0,0.0,1.025,7.9,0.9875,7.725,0.3462799611136,0.034375,0.0,0,0.025,2,50.3875,0.025,0.0,0.0,0.0,0.0,0.0,0.0,0.0,,3840,737280,0.7199999999999999,0.0,0.0,0.0,0.0,0,1.55625,0.4875,6.01875,0.75234375,0.21171875,0.0,0.0,0.1125,1.616867410845413,143.3585449453755,0.9874122189981704,0.6452247189981705,0.7895259365083941,0.7895259365083941,0.54375,0.0,0.45625,0.0,11.397105231062866,36.25713376534935,61.463225675372726,0.56875,0.14058911111573866,0.500665220210409,3.0144404023851985,0.12661617854080082,1.5420309007763504,0.14058911111573866,1.0,7.7875,143.3585449453755,,,
unmodelled_offset,13009,1.2580860420130193,0.0,flocking_topology_resilient,13009,2.357906731935159,0.6567199074889486,0.740625,0.9368134193946606,0.5883759193946604,0.54375,0.0,0.45625,0.0625,0.0,0.0,0.525,79,0.6851946541391348,1.7686644192437946,5.784365186386676,9.949581928640667,0.95234375,0.0,2.006168634398814,3.6983478939227297,5.082165030409718,1.9220209039707634,8.0,1.0,0.0,0.0,0.0,1.0,8.0,1.0,7.8625,0.23670406208,0.0171875,0.0,0,0.0,0,50.7875,0.0,0.0,0.0,0.0,0.0,0.0,0.0,0.0,,3840,737280,0.7199999999999999,0.0,0.0,0.0,0.0,0,1.55625,0.49375,5.98125,0.74765625,0.23515625,0.01875,0.01875,0.13125,1.6373131436937178,155.8753595900268,0.9777743082853029,0.626211808285303,0.7791344623994322,0.7791344623994322,0.53125,0.0,0.46875,0.0,11.119690201143309,35.29152541883009,70.20726971166886,0.5625,0.13854897000969962,0.5289476502505244,2.9553174175043764,0.1266161785351049,1.5373098934160256,0.13854897000969962,1.0,7.8625,155.8753595900268,,,
unmodelled_offset,13010,1.3146298751235008,0.0,flocking_topology_resilient,13010,2.344460241778512,0.690938610451069,0.73359375,0.9600822152204174,0.6303947152204177,0.56875,0.0,0.43125,0.0625,0.18181818181818182,0.0125,0.5265625,78,0.6886114994191167,1.752557465131987,4.52562595718265,7.922903450678085,0.9495535714285716,0.0,1.9686339304508234,3.6916475646760376,5.130135788670884,1.9366743820658836,8.0,1.0,0.0,0.0,0.0,1.0,8.0,1.0,7.8375,0.062848512,0.0203125,0.0,0,0.0,0,50.43125,0.0,0.0,0.0,0.0,0.0,0.0,0.0,0.0,,3840,737280,0.7199999999999999,0.0,0.0,0.0,0.0,0,1.5375,0.4875,5.94375,0.74296875,0.23203125,0.0,0.0,0.1625,1.6292633199132134,138.70961249551647,0.9842361475233,0.6467361475233,0.7768397761259975,0.7768397761259975,0.55,0.0,0.45,0.0,10.900375804157415,34.44708286551451,42.45919704469816,0.5375,0.13603417864572706,0.4578996225206986,2.9572284263394133,0.1266161786300814,1.5090958699218129,0.13603417864572706,1.0,7.8375,138.70961249551647,,,
unmodelled_offset,13011,1.3032621250022203,0.0,flocking_topology_resilient,13011,2.233591472544945,0.6598671847797662,0.737890625,0.9304094752659076,0.5813469752659074,0.54375,0.0,0.45625,0.06875,0.0,0.0,0.5265625,77,0.6734748034094006,1.7087237998875182,4.676492017340919,8.919642113139922,0.9623883928571428,0.0,2.030545282285673,3.6785115219491247,5.0896873209493,1.9674892962196686,8.0,1.0,0.0,0.0,0.0,1.0125,7.95,0.99375,7.8125,0.09015999999999999,0.0234375,0.0,0,0.025,2,50.6875,0.025,0.0,0.0,0.0,0.0,0.0,0.0,0.020833333333333315,,3840,737280,0.7199999999999999,0.0,0.0,0.0,0.0,0,1.525,0.4875,5.9875,0.746484375,0.226171875,0.0,0.0,0.075,1.6211431867459978,177.65487683742214,0.9830659005484655,0.6361909005484656,0.7863637290025948,0.7863637290025948,0.5375,0.0,0.4625,0.0,11.124947633355903,37.16606340456616,43.07627897856871,0.55,0.1613400317325926,0.5009245211107299,3.044398218782985,0.12601969530569856,1.675019371126502,0.1613400317325926,1.0,7.875,177.65487683742214,,,
unmodelled_offset,13012,1.2730169158894569,0.0,flocking_topology_resilient,13012,2.333786960644646,0.6901982517738469,0.71796875,0.9743285052399576,0.6405785052399577,0.5625,0.0,0.4375,0.05625,0.014285714285714285,0.00625,0.5140625,140,0.6815896511234655,1.7217709231044018,4.6351962173787955,7.089860606321108,0.9760416666666666,0.0,2.027212058166195,3.6741258883560697,5.058168711125097,2.047765649578392,8.0,1.0,0.0,0.0,0.0,1.0,8.0,1.0,7.8125,0.660382536274384,0.0234375,0.0,0,0.0,0,50.28125,0.0,0.0,0.0,0.0,0.0,0.0,0.0,0.0,,3840,737280,0.7199999999999999,0.0,0.0,0.0,0.0,0,2.04375,0.875,5.95625,0.74453125,0.2296875,0.075,0.075,0.15625,1.6438923309144304,217.38646688108267,1.0170427799798212,0.6795427799798212,0.8392304918268495,0.8392304918268495,0.55,0.0,0.45,0.0,12.872093772903577,41.40965323569881,50.57246689937289,0.54375,0.1412709040295433,0.4147043082658469,2.997052102921964,0.12499999999999996,1.5445849257637914,0.1412709040295433,1.0,7.8125,217.38646688108267,,,
unmodelled_offset,13013,1.2683252082206309,0.0,flocking_topology_resilient,13013,2.235123012794047,0.6853808301295127,0.7328125,0.9717740463896792,0.6280240463896792,0.55,0.0,0.45,0.0625,0.1111111111111111,0.00625,0.53984375,76,0.7002439098178267,1.7919081907618697,4.24512391769517,5.542956008389314,0.975,0.0,2.121816693203171,3.679343612761798,5.083761336187742,1.9821047278598285,8.0,1.0,0.0,0.0,0.0,1.0,8.0,1.0,7.85,0.20148000000000002,0.01875,0.0,0,0.0,0,50.7375,0.0,0.0,0.0,0.0,0.0,0.0,0.0,0.0,,3840,737280,0.7199999999999999,0.0,0.0,0.0,0.0,0,1.5125,0.49375,6.025,0.753125,0.22578125,0.0,0.0,0.15,1.618696915891552,192.67763631007503,0.9845288443291226,0.6376538443291226,0.7747212728444018,0.7747212728444018,0.5375,0.0,0.4625,0.0,10.93805506216424,37.13713933544463,45.39532716563147,0.5625,0.12015490184631954,0.46551511248728766,2.9388089949157647,0.1266161785337075,1.4222847173985476,0.12015490184631954,1.0,7.85,192.67763631007503,,,
unmodelled_offset,13014,1.3138032089918852,0.0,flocking_topology_resilient,13014,2.2526804919611276,0.6128505064384551,0.74609375,0.8997467593552593,0.5559967593552593,0.55,0.0,0.45,0.0625,0.25,0.0125,0.54453125,78,0.6445023481420986,1.5694738049439039,4.958451597285891,8.01178734526031,0.959375,0.0,1.9924490686254017,3.6894854166662867,5.031924026894709,1.9327295243649125,8.0,1.0,0.0,0.0,0.0,1.0,8.0,1.0,7.9375,0.14982257408000002,0.0078125,0.0,0,0.0,0,51.18125,0.0,0.0,0.0,0.0,0.0,0.0,0.0,0.0,,3840,737280,0.7199999999999999,0.0,0.0,0.0,0.0,0,1.575,0.4875,6.00625,0.75078125,0.2390625,0.0,0.0,0.0625,1.613135111831118,168.8051792076867,0.9331573790652297,0.6237823790652295,0.7545375813971279,0.7545375813971279,0.5875,0.0,0.4125,0.0,10.4832290222602,29.9021267641412,64.98660904098165,0.53125,0.11010039758414174,0.49239192162618006,2.9582981430689617,0.1276358736568027,1.3194314067998605,0.11010039758414174,1.0,7.9375,168.8051792076867,,,
unmodelled_offset,13015,1.2749955840408802,0.0,flocking_topology_resilient,13015,2.280925859282327,0.6303787381494154,0.7390625,0.9122810515365029,0.5685310515365029,0.55,0.0,0.45,0.0625,0.0,0.0,0.528125,78,0.6543132499681743,1.6482730538503305,4.133090579065922,6.644208906978362,0.9808779761904762,0.0,2.0458451272145175,3.686218698005527,5.115353782910273,2.024670485941619,8.0,1.0,0.0,0.0,0.0,1.0,8.0,1.0,7.86875,0.17152460864000002,0.01640625,0.0,0,0.0,0,50.6875,0.0,0.0,0.0,0.0,0.0,0.0,0.0,0.0,,3840,737280,0.7199999999999999,0.0,0.0,0.0,0.0,0,1.5625,0.4875,5.93125,0.74140625,0.2390625,0.0,0.0,0.13125,1.6498873581680875,162.2973611697482,1.0150685908097612,0.6588185908097611,0.7960277820493387,0.7960277820493387,0.525,0.0,0.475,0.0,11.437692790012083,35.46924135473912,49.767731288580876,0.53125,0.13472543073569843,0.41827690668423695,2.9625071900963063,0.12601991188785508,1.5199117682363008,0.13472543073569843,1.0,7.86875,162.2973611697482,,,
unmodelled_offset,13016,1.2992761670611799,0.0,flocking_topology_resilient,13016,2.286803699314507,0.6399425665825592,0.746875,0.9195983595300252,0.5705358595300253,0.54375,0.0,0.45625,0.06875,0.0,0.0,0.53125,77,0.6601633426077955,1.6347062389561764,4.346226308164134,7.199879590795901,0.9744419642857143,0.0,1.9090363596559214,3.683294080488371,5.15693200687237,1.9883059812162884,8.0,1.0,0.0,0.0,0.0,1.0,8.0,1.0,7.89375,0.08625000000000001,0.01328125,0.0,0,0.0,0,50.9875,0.0,0.0,0.0,0.0,0.0,0.0,0.0,0.0,,3840,737280,0.7199999999999999,0.0,0.0,0.0,0.0,0,1.50625,0.4875,5.975,0.746875,0.2390625,0.0,0.0,0.10625,1.6143989481673724,190.90532662657228,1.000976156050661,0.6541011560506609,0.8003366268354142,0.8003366268354142,0.5375,0.0,0.4625,0.0,11.679824996678091,36.69858385413678,55.74236318440032,0.55,0.13485486958366022,0.45701636622967273,2.8894976776251573,0.1260196953517262,1.5112425426467204,0.13485486958366022,1.0,7.89375,190.90532662657228,,,
unmodelled_offset,13017,1.2535847499966621,0.0,flocking_topology_resilient,13017,2.460697908643769,0.717296462151456,0.72109375,1.0462088776251801,0.6958963776251801,0.54375,0.0,0.45625,0.08125,0.25,0.01875,0.5171875,77,1.0520281865360472,4.270811435812128,5.428230531348791,224.5259102701336,0.9475074404761905,0.0,2.181612953670983,3.6830036602730174,5.1109357357536105,2.0209769384235576,8.0,1.0,0.0,0.0,0.0,1.0,8.0,1.0,7.89375,0.348337024,0.01328125,0.0,0,0.0,0,50.94375,0.0,0.0,0.0,0.0,0.0,0.0,0.0,0.0,,3840,737280,0.7199999999999999,0.0,0.0,0.0,0.0,0,1.5625,0.50625,5.99375,0.74921875,0.23515625,0.00625,0.00625,0.10625,1.651005670721051,174.30753424331263,0.9914808654136331,0.6446058654136331,0.8019068965339418,0.8019068965339418,0.5375,0.0,0.4625,0.0,11.746043727691255,34.51167614100153,58.52314709640452,0.56875,0.11761508498279374,0.4802170423128466,2.9184909359499365,0.1250000000536385,1.4051975583403948,0.11761508498279374,1.0,7.89375,174.30753424331263,,,
unmodelled_offset,13018,1.23734650015831,0.0,flocking_topology_resilient,13018,2.3025980144869194,0.6304394018566548,0.7359375,0.9241520540001819,0.5804020540001819,0.55,0.0,0.45,0.0625,0.0,0.0,0.528125,78,0.6345945974671187,1.5159473795084275,3.2266452894514366,5.92211592168135,0.990625,0.0,1.9243438143207867,3.6889025902714847,5.098550096704154,1.9458456195718685,8.0,1.0,0.0,0.0,0.0,1.0,8.0,1.0,7.85,0.3263967739729511,0.01875,0.0,0,0.0,0,50.5875,0.0,0.0,0.0,0.0,0.0,0.0,0.0,0.0,,3840,737280,0.7199999999999999,0.0,0.0,0.0,0.0,0,1.5875,0.5,5.94375,0.74296875,0.2375,0.0125,0.0125,0.15,1.6276917613085196,148.58860266360432,0.9429645371984238,0.6101520371984239,0.7545887914564312,0.7545887914564312,0.55625,0.0,0.44375,0.0,10.220732538969353,31.53734214239722,46.88500402328007,0.5625,0.10498309508926025,0.393378970853978,2.814019853822617,0.126019695136057,1.3126149931998663,0.10498309508926025,1.0,7.85,148.58860266360432,,,
unmodelled_offset,13019,1.2018993750680238,0.0,flocking_topology_resilient,13019,2.3903139383155487,0.6810959164923818,0.73359375,0.9700589973895923,0.6209964973895923,0.54375,0.0,0.45625,0.06875,0.0,0.0,0.521875,76,0.7009077063726765,1.8160171536120955,4.317759843014754,10.829136624804084,0.9647321428571429,0.0,2.1109559496450108,3.68502968574217,5.0145390527202505,1.9819079792643097,8.0,1.0,0.0,0.0,0.0,1.0,8.0,1.0,7.84375,0.14478702400000001,0.01953125,0.0,0,0.0,0,50.68125,0.0,0.0,0.0,0.0,0.0,0.0,0.0,0.0,,3840,737280,0.7199999999999999,0.0,0.0,0.0,0.0,0,1.5125,0.48125,5.9625,0.7453125,0.23515625,0.0125,0.00625,0.15625,1.6116659525742207,158.1919417249092,0.9552455700129139,0.6130580700129139,0.7483066154925407,0.7483066154925407,0.54375,0.0,0.45625,0.0,10.107931355088125,31.24225765671818,44.64149493490307,0.5625,0.1257076018039412,0.4397988772805618,2.981098310773168,0.12500000000240488,1.4507259497418317,0.1257076018039412,1.0,7.84375,158.1919417249092,,,
unmodelled_offset,13020,1.2556174169294536,0.0,flocking_topology_resilient,13020,2.6071669760156606,0.6789775019601617,0.728125,0.9464126597287723,0.5973501597287723,0.54375,0.0,0.45625,0.06875,0.0,0.0,0.5359375,77,0.6955450801440748,1.5902300473775288,4.091823370059995,6.2101482765438805,0.9786458333333334,0.0,1.9367708057210773,3.6833974012373987,5.157555950404846,1.9956578214223206,8.0,1.0,0.0,0.0,0.0,1.03125,7.875,0.984375,7.75,0.24070385408000003,0.03125,0.0,0,0.025,2,50.5375,0.025,0.0,0.0,0.0,0.0,0.0,0.0,0.0,,3840,737280,0.7199999999999999,0.0,0.0,0.0,0.0,0,1.54375,0.48125,6.01875,0.75234375,0.21484375,0.0,0.0,0.0625,1.647060414494512,163.8786102093367,1.0058500589327877,0.6636625589327878,0.8630451868316872,0.8630451868316872,0.54375,0.0,0.45625,0.0,11.934383795668486,46.91219525269676,70.53220152342837,0.54375,0.13290787005492782,0.4185726426123425,2.9439618671136474,0.12500000000158543,1.4970462638074797,0.13290787005492782,1.0,7.8125,163.8786102093367,,,
unmodelled_offset,13021,1.2058197918813676,0.0,flocking_topology_resilient,13021,2.3139710825415687,0.648477668962986,0.73984375,0.9194067080175099,0.5756567080175098,0.55,0.0,0.45,0.0625,0.1111111111111111,0.00625,0.5390625,79,0.6688619469469176,1.720333190249514,4.536733274522331,11.329663719191698,0.9734375,0.0,2.0421095908162843,3.696437074201975,5.135733295217984,1.9581494033532905,8.0,1.0,0.0,0.0,0.0,1.0,8.0,1.0,7.89375,0.12477996799999999,0.01328125,0.0,0,0.0,0,50.68125,0.0,0.0,0.0,0.0,0.0,0.0,0.0,0.0,,3840,737280,0.7199999999999999,0.0,0.0,0.0,0.0,0,1.56875,0.49375,5.95,0.74375,0.23828125,0.00625,0.00625,0.10625,1.638436181110955,149.38136370870748,0.9722168656612507,0.6206543656612508,0.7646406205752287,0.7646406205752287,0.53125,0.0,0.46875,0.0,10.600251703410555,31.971577392891646,58.79758392024505,0.55,0.15323191387346707,0.5348574725842248,3.0904105003453695,0.12500000000020098,1.6273582493265366,0.15323191387346707,1.0,7.89375,149.38136370870748,,,
unmodelled_offset,13022,1.2133363340981305,0.0,flocking_topology_resilient,13022,2.2850441287563603,0.6411635651271591,0.73828125,0.94689297715291,0.5931429771529098,0.5375,0.0,0.4625,0.06875,0.16666666666666666,0.00625,0.5234375,78,0.6717052974373855,1.70344546491342,4.526302391506675,14.924829441116042,0.96015625,0.0,2.1482912248158987,3.7019038968593563,5.1171637956292475,1.9858916253055718,8.0,1.0,0.0,0.0,0.0,1.01875,7.925,0.990625,7.71875,0.350943326144512,0.03515625,0.0,0,0.025,2,50.1875,0.025,0.0,0.0,0.0,0.0,0.0,0.0,0.0,,3840,737280,0.7199999999999999,0.0,0.0,0.0,0.0,0,1.5875,0.4875,5.96875,0.74609375,0.2171875,0.0,0.0,0.14375,1.6141494093296238,137.41893903344715,0.9926634526758438,0.6411009526758439,0.7958938837340266,0.7958938837340266,0.53125,0.0,0.46875,0.0,11.593827312575169,37.02210778394012,48.93088043622596,0.575,0.14516474802443566,0.5412636387955703,2.9837001480089507,0.12763590308014955,1.5793910997368437,0.14516474802443566,1.0,7.78125,137.41893903344715,,,
unmodelled_offset,13023,1.0949188331142068,0.0,flocking_topology_resilient,13023,2.294737055438683,0.6604396551235469,0.7484375,0.9267544244596477,0.5830044244596477,0.55,0.0,0.45,0.0625,0.0,0.0,0.5375,80,0.6654465281943981,1.6612228985206952,4.267282314197342,9.12442630029826,0.96875,0.0,1.9625299602885768,3.695854598973591,5.079315881652495,1.906878891213081,8.0,1.0,0.0,0.0,0.0,1.0,8.0,1.0,7.91875,0.257906302144512,0.01015625,0.0,0,0.0,0,51.19375,0.0,0.0,0.0,0.0,0.0,0.0,0.0,0.0,,3840,737280,0.7199999999999999,0.0,0.0,0.0,0.0,0,1.56875,0.50625,6.0125,0.7515625,0.23828125,0.0,0.0,0.08125,1.6160078475247226,157.24573418606047,0.9829834299263916,0.6314209299263918,0.7730321187834654,0.7730321187834654,0.53125,0.0,0.46875,0.0,11.00263461811453,36.3948629940665,45.04385585467662,0.54375,0.11862302263936834,0.4239425762353234,2.8567875647662624,0.12601969512364244,1.4137621001474703,0.11862302263936834,1.0,7.91875,157.24573418606047,,,
unmodelled_offset,13024,1.2129385420121253,0.0,flocking_topology_resilient,13024,2.652473951959711,0.6961632273709764,0.7169270833333333,1.0006805478447043,0.6516180478447045,0.54375,0.0,0.45625,0.06875,0.2,0.0125,0.5380208333333334,81,0.7661835162888749,2.038998395902827,5.72677852108328,21.372473888269166,0.94921875,0.0,2.011560855656301,3.6944406874177362,5.121349220486701,1.9540429400054262,8.0,1.0,0.0,0.0,0.0,1.03125,7.875,0.984375,7.65,0.33595403008,0.04375,0.0,0,0.05,4,50.23125,0.05,0.0,0.0,0.0,0.0,0.0,0.0,0.0,,3840,737280,0.7199999999999999,0.0,0.0,0.0,0.0,0,1.56875,0.50625,6.00625,0.75078125,0.203125,0.0,0.0,0.1,1.606032277703756,144.45728731227655,1.0507404745301556,0.7038654745301554,0.9066319878820582,0.9066319878820582,0.5375,0.0,0.4625,0.0,12.640554151657403,44.82273110646941,83.71910220386013,0.5625,0.1378915703393184,0.436018179820914,2.9758123810548605,0.12500000000054423,1.5317230139048257,0.1378915703393184,1.0,7.775,144.45728731227655,,,
unmodelled_offset,13025,1.0604168330319226,0.0,flocking_topology_resilient,13025,2.3093131830141687,0.6444553015806206,0.728125,0.9237876372667984,0.5800376372667984,0.55,0.0,0.45,0.0625,0.0,0.0,0.51328125,78,0.6655923226426059,1.6962228144898646,4.329307091382561,8.589897788134238,0.984375,0.0,2.1537205418590744,3.696819721559801,5.067647802806471,1.9165014553047375,8.0,1.0,0.0,0.0,0.0,1.0,8.0,1.0,7.78125,0.10428052985267644,0.02734375,0.0,0,0.0,0,50.1,0.0,0.0,0.0,0.0,0.0,0.0,0.0,0.0,,3840,737280,0.7199999999999999,0.0,0.0,0.0,0.0,0,1.56875,0.4875,5.9,0.7375,0.234375,0.03125,0.03125,0.20625,1.6310384006790728,154.3134321513907,0.9791174517487189,0.6556799517487188,0.8153791945577301,0.8153791945577301,0.56875,0.0,0.43125,0.0,11.90643030307016,35.54271213555769,53.48007830414758,0.54375,0.12891474603981426,0.581182286344192,2.9377729521566014,0.12661618506566122,1.4512856483162484,0.12891474603981426,1.0,7.78125,154.3134321513907,,,
unmodelled_offset,13026,1.2259459579363465,0.0,flocking_topology_resilient,13026,2.50020299892995,0.623754415545313,0.725,0.8963542107545951,0.5526042107545951,0.55,0.0,0.45,0.0625,0.125,0.00625,0.52734375,78,0.6322164589206312,1.4747437255996676,4.0347172797475475,7.796314668824605,0.9791294642857142,0.0,1.9063636538201725,3.6965614118501393,5.0630421229283415,1.973149313494084,8.0,1.0,0.0,0.0,0.0,1.0125,7.95,0.99375,7.7375,0.23028261766451202,0.0328125,0.0,0,0.025,2,50.2875,0.025,0.0,0.0,0.0,0.0,0.0,0.0,0.0,,3840,737280,0.7199999999999999,0.0,0.0,0.0,0.0,0,1.58125,0.4875,5.95625,0.74453125,0.22109375,0.01875,0.01875,0.14375,1.6275620626485516,130.56198917416845,1.0003731893074512,0.6628731893074513,0.82316800966566,0.82316800966566,0.55,0.0,0.45,0.0,11.835214175417667,40.08747391253886,51.865674711459334,0.55,0.1467137532054093,0.5977920628389499,2.9559346235172947,0.12661617853301804,1.5749788968877152,0.1467137532054093,1.0,7.8,130.56198917416845,,,
unmodelled_offset,13027,1.10122629115358,0.0,flocking_topology_resilient,13027,2.3306146163266286,0.6785925442690878,0.7375,0.9544428890316258,0.6060053890316258,0.54375,0.0,0.45625,0.0625,0.0,0.0,0.521875,79,0.6757692868376896,1.717073294426789,4.909531550105224,8.800161574162601,0.9639508928571429,0.0,1.9864381843023975,3.6929980062355368,5.077352046358728,1.9343125919476871,8.0,1.0,0.0,0.0,0.0,1.0,8.0,1.0,7.875,0.046000000000000006,0.015625,0.0,0,0.0,0,50.6875,0.0,0.0,0.0,0.0,0.0,0.0,0.0,0.0,,3840,737280,0.7199999999999999,0.0,0.0,0.0,0.0,0,1.525,0.49375,5.93125,0.74140625,0.24140625,0.0,0.0,0.125,1.6552889862308995,162.06929375678277,1.0143437784440354,0.6627812784440354,0.8183998129115226,0.8183998129115226,0.53125,0.0,0.46875,0.0,12.232551618790156,37.75545256601917,69.21527318690634,0.54375,0.12454494700617524,0.5360755277597403,2.961310436069257,0.12661618069986433,1.451387338162838,0.12454494700617524,1.0,7.875,162.06929375678277,,,
unmodelled_offset,13028,1.1822899170219898,0.0,flocking_topology_resilient,13028,2.14326550132612,0.5851832456859622,0.7515625,0.870540449966575,0.5255404499665749,0.55,0.0,0.45,0.075,0.16666666666666666,0.00625,0.53671875,76,0.6521646515404986,1.5526486796926604,4.117531070014751,8.986190807715186,0.9775669642857142,0.0,2.0980489915433695,3.6918960137038033,5.116165368791476,1.9661088735147623,8.0,1.0,0.0,0.0,0.0,1.0125,7.95,0.99375,7.753125,0.2538718101978453,0.030859375,0.0,0,0.025,2,50.53125,0.025,0.0,0.0,0.0,0.0,0.0,0.0,0.0,,3840,737280,0.7199999999999999,0.0,0.0,0.0,0.0,0,1.55625,0.475,6.04375,0.75546875,0.212109375,0.0,0.0,0.1375,1.6337499303011764,181.96310229760803,1.0169601216552184,0.6700851216552184,0.8263721386908592,0.8263721386908592,0.5375,0.0,0.4625,0.0,12.457183932188078,40.91948037569568,51.29774815696685,0.55,0.14605308701906183,0.6417504406012903,3.0522717211805217,0.12500000334937597,1.5810790147422484,0.14605308701906183,1.0,7.8125,181.96310229760803,,,
unmodelled_offset,13029,1.0632036249153316,0.0,flocking_topology_resilient,13029,2.3214424211504836,0.6479765127830811,0.73046875,0.9450418235835916,0.5747293235835913,0.51875,0.0,0.48125,0.09375,0.0,0.0,0.5,81,0.6719102188262656,1.715027708324627,4.103990646346749,6.940448230287778,0.9742633928571429,0.0,2.168992752717072,3.6880217059645872,5.105578825673691,2.02771079817855,8.0,1.0,0.0,0.0,0.0,1.0,8.0,1.0,7.775,0.21339126208000003,0.028125,0.0,0,0.0,0,49.91875,0.0,0.0,0.0,0.0,0.0,0.0,0.0,0.0,,3840,737280,0.7199999999999999,0.0,0.0,0.0,0.0,0,1.56875,0.49375,5.86875,0.73359375,0.2359375,0.025,0.025,0.21875,1.6407852451829044,161.361337450153,1.0413906056063822,0.6851406056063821,0.81255862669028,0.81255862669028,0.525,0.0,0.475,0.0,11.952373748152008,32.91845508332296,52.01721910973843,0.50625,0.1392848583196727,0.47697434600700594,3.106696042658542,0.12500000004352443,1.5498638322778209,0.1392848583196727,1.0,7.775,161.361337450153,,,
