scenario,seed,arm,decision_loss,position_rmse,best_hypothesis_rmse,selection_rate,mixture_rate,abstention_rate,wrong_mode_action_rate,mean_nees,p95_nees,coverage95_rate,mean_residual_mass,cross_diagnostic_rate,strong_floor_rate,ramp_diagnostic_rate,influence_cap_rate,trust_alert_rate,mean_raw_trust,minimum_raw_trust,mean_raw_only_precision_fraction,mean_trust_residual_mass,strategic_alert_rate,nonstrategic_alert_rate,quarantine_rate,mean_sensor_speed,shadow_max_decision_loss_difference,shadow_action_difference_rate,runtime_seconds,trace_fingerprint
stable_control,20000,m9c_baseline,0.28729238068569424,0.32097829319667437,0.32097829319667437,1.0,0.0,0.0,0.0,1.9065715964874859,5.238877860845908,0.975,0.012249619186558845,0.0,0.0,0.0,0.0,0.0,1.0,1.0,0.0,0.0,0.0,0.0,0.0,0.8727470610075578,0.0,0.0,30.468409833032638,0d2f2a71f145f6b2a7a2a065ba7d41d1333023fb49e1c2ff4d9a8751ce345740
stable_control,20001,m9c_baseline,0.2601888835246936,0.2981006902854293,0.2981006902854293,1.0,0.0,0.0,0.0,1.5524321718033023,4.149900773291518,0.975,0.011058812082399916,0.0,0.0,0.0,0.0,0.0,1.0,1.0,0.0,0.0,0.0,0.0,0.0,0.8829990577960807,0.0,0.0,30.041777041042224,dfdf705ea951f7261237cd7feb664dc3154ec4b40c94755f06e1eda62c7850df
stable_control,20002,m9c_baseline,0.282329015333716,0.3124490409401511,0.3124490409401511,0.9875,0.0,0.0125,0.0,1.7539994952501043,5.990825155580213,0.95,0.017896529091257322,0.0,0.0,0.0,0.0,0.0,1.0,1.0,0.0,0.0,0.0,0.0,0.0,1.2301823121394058,0.0,0.0,30.82985083386302,2552af2856e6bc6a038904cdec3b21b57ec583f738d99bd656eb4d35178a2409
stable_control,20003,m9c_baseline,0.2613018039107262,0.3015938943442577,0.3015938943442577,1.0,0.0,0.0,0.0,1.6536212287684129,5.283095214148917,0.9625,0.015775778917750324,0.0,0.0,0.0,0.0,0.0,1.0,1.0,0.0,0.0,0.0,0.0,0.0,0.66817267224814,0.0,0.0,29.58865633304231,0f52c9ed568adc906a7dca7d2af3852dc2b5b09bbf91655a4a10188dfff9d111
stable_control,20004,m9c_baseline,0.27481066379723174,0.30887157439209223,0.30887157439209223,1.0,0.0,0.0,0.0,1.755600192993676,4.934592113091182,0.975,0.014025486291970961,0.0,0.0,0.0,0.0,0.0,1.0,1.0,0.0,0.0,0.0,0.0,0.0,0.9031812654033761,0.0,0.0,29.7477204578463,3dfbe4107460eb3d453b9765a90a2ab4dd660ac69344fcf495b72b46eaf48823
stable_control,20005,m9c_baseline,0.2699525834213115,0.30677265908332485,0.30677265908332485,1.0,0.0,0.0,0.0,1.7439260064759092,4.921520824811473,0.9625,0.010200721779829494,0.0,0.0,0.0,0.0,0.0,1.0,1.0,0.0,0.0,0.0,0.0,0.00625,0.6527333126871693,0.0,0.0,30.587526750052348,05ea39e54dbb09871ded9e562d2142b2ec3859e44d185cd959377929a250f818
stable_control,20006,m9c_baseline,0.2666721478432663,0.30220564906304204,0.30220564906304204,1.0,0.0,0.0,0.0,1.6726500423964132,4.480442355570401,0.98125,0.012598159510258295,0.0,0.0,0.0,0.0,0.0,1.0,1.0,0.0,0.0,0.0,0.0,0.0,0.9914063169580327,0.0,0.0,30.29487849981524,b4e64b2b6dc806476cefd4f0af8a7bcd365361d5dd0c5f70c6179e5cb3e663af
stable_control,20007,m9c_baseline,0.2738508204715034,0.3077006408804126,0.3077006408804126,1.0,0.0,0.0,0.0,1.7514411967637993,4.986177404628046,0.96875,0.015847166782620766,0.0,0.0,0.0,0.0,0.0,1.0,1.0,0.0,0.0,0.0,0.0,0.0,0.7716660270980653,0.0,0.0,29.308799791848287,61ec0078bba47a75f425d8e4d701bfd363055f98a6b56283a2e2934b0695d773
stable_control,20008,m9c_baseline,0.2746359451444019,0.30077739844450363,0.30077739844450363,0.99375,0.0,0.00625,0.0,1.6655311565777957,4.900618896074735,0.96875,0.015998818306992076,0.0,0.0,0.0,0.0,0.0,1.0,1.0,0.0,0.0,0.0,0.0,0.00625,0.9432724711182121,0.0,0.0,29.773902541957796,4a43f7c8c8703ef1529c6aae91fcaa6bfc116e4932ed59f78e62198cf97181b6
stable_control,20009,m9c_baseline,0.28486342871701886,0.324011983599267,0.324011983599267,1.0,0.0,0.0,0.0,1.8943673408822908,5.568214455116237,0.9625,0.01631247089237118,0.0,0.0,0.0,0.0,0.0,1.0,1.0,0.0,0.0,0.0,0.0,0.0,1.0276253777849405,0.0,0.0,30.03590458398685,16bd9933c3095e48f075922dbfc17849f2c5a5d2e89eca7238b66eab6a6f0e63
stable_control,20010,m9c_baseline,0.27429324317722276,0.3130547224867193,0.3130547224867193,1.0,0.0,0.0,0.0,1.7448378927843453,5.456874798747433,0.9625,0.012334136221215554,0.0,0.0,0.0,0.0,0.0,1.0,1.0,0.0,0.0,0.0,0.0,0.0,0.8875113721353654,0.0,0.0,29.622813625028357,3efdbfee3770bfaf227b915ce69d4824dd522113a6bd8d04c8468231285c9ec5
stable_control,20011,m9c_baseline,0.2712739822659088,0.30880400291493315,0.30880400291493315,1.0,0.0,0.0,0.0,1.7674220225938568,6.046400329049902,0.94375,0.011400387392056996,0.0,0.0,0.0,0.0,0.0,1.0,1.0,0.0,0.0,0.0,0.0,0.0,0.7749503017153565,0.0,0.0,30.2582538749557,e686b9581a2f030f5c195115b0947be5366819981404642c671b69097bd4bdeb
stable_control,20012,m9c_baseline,0.2536061041763328,0.2819402099200254,0.2819402099200254,1.0,0.0,0.0,0.0,1.4591028651962885,4.220406086971337,0.99375,0.011428128159749357,0.0,0.0,0.0,0.0,0.0,1.0,1.0,0.0,0.0,0.0,0.0,0.01875,0.7619713609472466,0.0,0.0,30.13344308291562,836729f1ceafa61a8e121bf08fedd7c837f967bcd5d73f10947ae9d373f9bc92
stable_control,20013,m9c_baseline,0.29436078617361755,0.32866128065437683,0.32866128065437683,1.0,0.0,0.0,0.0,1.9944652272834678,5.9824324302928,0.95625,0.012800353567499062,0.0,0.0,0.0,0.0,0.0,1.0,1.0,0.0,0.0,0.0,0.0,0.01875,0.8471072038601861,0.0,0.0,30.31057183397934,e3920a01d2aaf2448519d358b143fc0e21e3b340dd6149ff3da22f6a7caa4f25
stable_control,20014,m9c_baseline,0.2839239260795686,0.31214056696221765,0.31214056696221765,1.0,0.0,0.0,0.0,1.8051300498927945,4.851984207858456,0.98125,0.011626643275107576,0.0,0.0,0.0,0.0,0.0,1.0,1.0,0.0,0.0,0.0,0.0,0.0,0.8184352394591583,0.0,0.0,30.81165249994956,9549db86c09743a4f4d462029ef2ef06ee744fe462c9ceb74147f660d9c098e3
stable_control,20015,m9c_baseline,0.2826485190461138,0.3139910398203796,0.3139910398203796,0.99375,0.0,0.00625,0.0,1.8285249116739564,6.101121433469537,0.9375,0.01398805569277431,0.0,0.0,0.0,0.0,0.0,1.0,1.0,0.0,0.0,0.0,0.0,0.00625,0.9119248642611707,0.0,0.0,30.636964208912104,55123d463b2bdd05bf4592baf1f824898d35a3b649a38c88380b2682b2d7172d
stable_control,20016,m9c_baseline,0.28523328054378194,0.31866583257196085,0.31866583257196085,1.0,0.0,0.0,0.0,1.8437343952112921,4.987499491944663,0.98125,0.014571592888185353,0.0,0.0,0.0,0.0,0.0,1.0,1.0,0.0,0.0,0.0,0.0,0.0,1.0817098792391058,0.0,0.0,29.91224520886317,39ad4ec9def956be2babc10b41905432e37b107e85d93a911413f401b54b101b
stable_control,20017,m9c_baseline,0.27000897387509,0.3090994716088726,0.3090994716088726,1.0,0.0,0.0,0.0,1.6821973221163433,4.615535627061273,0.96875,0.011767275102190689,0.0,0.0,0.0,0.0,0.0,1.0,1.0,0.0,0.0,0.0,0.0,0.0,0.9942665472291765,0.0,0.0,29.94187487498857,d040a7fcb11c0a8d0b4a2eafc986565f95b0987d7e39fa7e61c1b2103ba30132
stable_control,20018,m9c_baseline,0.2674865315363551,0.30314970202505603,0.30314970202505603,1.0,0.0,0.0,0.0,1.643134572682761,4.369564998091326,0.98125,0.016855688557485433,0.0,0.0,0.0,0.0,0.0,1.0,1.0,0.0,0.0,0.0,0.0,0.0,1.0778705921903449,0.0,0.0,29.8655247092247,a9a7995cf822fa4519b8636b47f4933a78458a7aee55e0222fa7011cbab01223
stable_control,20019,m9c_baseline,0.2841543266093064,0.3231894913057375,0.3231894913057375,1.0,0.0,0.0,0.0,1.9071543866920186,6.186294314418467,0.94375,0.012550552381246768,0.0,0.0,0.0,0.0,0.0,1.0,1.0,0.0,0.0,0.0,0.0,0.0125,1.0175787450122207,0.0,0.0,29.958337417105213,ac661382c0546fa31959ff75bc0085cff3d2e18cd84b4d8d96b8201ba9d62949
stable_control,20020,m9c_baseline,0.24768518854865706,0.2846197085280038,0.2846197085280038,1.0,0.0,0.0,0.0,1.4749948692166979,4.543690892144375,0.975,0.013044257841656517,0.0,0.0,0.0,0.0,0.0,1.0,1.0,0.0,0.0,0.0,0.0,0.0,1.0473339579103036,0.0,0.0,30.244326333049685,0fc588737ea534c06995e0a67c633b4ecf0f6b4f6d36ac84102cd835cb678bea
stable_control,20021,m9c_baseline,0.2519071659030205,0.2949027524415933,0.2949027524415933,1.0,0.0,0.0,0.0,1.474638572577963,5.196797696836777,0.9625,0.010489369859445919,0.0,0.0,0.0,0.0,0.0,1.0,1.0,0.0,0.0,0.0,0.0,0.0,0.6857012817424505,0.0,0.0,30.3710199999623,647a09ab98da04e68535691514e5617c1f9b144bb02383bf16234f69b547e2fd
stable_control,20022,m9c_baseline,0.2766179956011019,0.3073220580460141,0.3073220580460141,1.0,0.0,0.0,0.0,1.7085043575339978,4.112453972451628,0.975,0.013929701622686136,0.0,0.0,0.0,0.0,0.0,1.0,1.0,0.0,0.0,0.0,0.0,0.0,0.8198143010031433,0.0,0.0,31.00276912515983,bdfbff98a9e639391f1474aa523b3f8b0890e4d81008802c3bb5383dcceb898d
stable_control,20023,m9c_baseline,0.2752073537905235,0.309138912517693,0.309138912517693,1.0,0.0,0.0,0.0,1.773779385585034,5.1008327955819945,0.9625,0.012558544391826913,0.0,0.0,0.0,0.0,0.0,1.0,1.0,0.0,0.0,0.0,0.0,0.01875,1.1106450075771632,0.0,0.0,31.079013040987775,a5f2b5e15a7ec4cb005fad3b9a2bc88f2cef02de10483c4d3240fd0bc2cd326b
stable_control,20024,m9c_baseline,0.2784754513520652,0.3147558326083805,0.3147558326083805,1.0,0.0,0.0,0.0,1.805815111799853,5.868515211453206,0.95,0.011988939234814155,0.0,0.0,0.0,0.0,0.0,1.0,1.0,0.0,0.0,0.0,0.0,0.01875,1.0145495631418797,0.0,0.0,29.753294040914625,d3153614d8968eb645ea6eb77a71ec9c273373bbbac3b5b8f069511b9b1053cb
stable_control,20025,m9c_baseline,0.29293823950227205,0.32912554222694324,0.32912554222694324,1.0,0.0,0.0,0.0,1.924144458774181,5.288612598192657,0.9625,0.01390888919882429,0.0,0.0,0.0,0.0,0.0,1.0,1.0,0.0,0.0,0.0,0.0,0.0,0.8236524997709267,0.0,0.0,29.662870124913752,0958134e3d9b0f1508afd09e905a9bae1d5b1d2997400543ba0444ef9de52ed2
stable_control,20026,m9c_baseline,0.287798115245664,0.33044541156471624,0.33044541156471624,1.0,0.0,0.0,0.0,1.9156648191894348,6.38146022258016,0.9375,0.011066157520468047,0.0,0.0,0.0,0.0,0.0,1.0,1.0,0.0,0.0,0.0,0.0,0.0,0.9677278349269848,0.0,0.0,30.099561458919197,2490cafec0972dcfd35125435b8ad4d5f2162b90b4750942d6e0737fcfa78f94
stable_control,20027,m9c_baseline,0.2664870220463772,0.3039058871653396,0.3039058871653396,1.0,0.0,0.0,0.0,1.723813527434438,5.375026440280441,0.96875,0.012311178099093906,0.0,0.0,0.0,0.0,0.0,1.0,1.0,0.0,0.0,0.0,0.0,0.0,0.7882931615216296,0.0,0.0,30.29991766694002,cb5e8ad4fd32c2ce506e42ff71904d3c35b6374449779093e14a8d7abd39d9a3
stable_control,20028,m9c_baseline,0.24705401586582149,0.27344432632179955,0.27344432632179955,1.0,0.0,0.0,0.0,1.3734036667614626,3.659528434154018,1.0,0.011577509604503813,0.0,0.0,0.0,0.0,0.0,1.0,1.0,0.0,0.0,0.0,0.0,0.0,0.801364649182784,0.0,0.0,30.3330134160351,ee075db1d98c9d20a0be4ef4d37ca298af1c5349aaedb78ac0f2609159e83e22
stable_control,20029,m9c_baseline,0.27124508123757357,0.30229424946117167,0.30229424946117167,1.0,0.0,0.0,0.0,1.653484947292272,4.497987175504536,0.975,0.010443876944380502,0.0,0.0,0.0,0.0,0.0,1.0,1.0,0.0,0.0,0.0,0.0,0.0,1.0468499133402687,0.0,0.0,30.375211165985093,ef55670554399519712a37d290dedb48eccf2c9685fde2328f969a11475ac73f
stable_control,20030,m9c_baseline,0.2991780195289145,0.3424032451962453,0.3424032451962453,1.0,0.0,0.0,0.0,2.1662030507129346,6.467603647262544,0.93125,0.013120524633298145,0.0,0.0,0.0,0.0,0.0,1.0,1.0,0.0,0.0,0.0,0.0,0.0,0.901410712283198,0.0,0.0,30.7459118750412,a45b40d8c602860c4c8ca92226d8236f3860d873e64615ba646fa3c091e71010
stable_control,20031,m9c_baseline,0.27705678392234645,0.30667878853439845,0.30667878853439845,1.0,0.0,0.0,0.0,1.7300509206556924,4.950875501780054,0.9625,0.013059808507910092,0.0,0.0,0.0,0.0,0.0,1.0,1.0,0.0,0.0,0.0,0.0,0.0,0.8764163219297343,0.0,0.0,30.6946730830241,cf81dd16d1c7ad682c56ad46bdfdfd1f17a2a32e6047651d4b7ebce5284795e7
stable_control,20032,m9c_baseline,0.2803810967626233,0.31534178023557613,0.31534178023557613,1.0,0.0,0.0,0.0,1.7993060667782441,5.347470004696443,0.96875,0.013612408977385828,0.0,0.0,0.0,0.0,0.0,1.0,1.0,0.0,0.0,0.0,0.0,0.00625,0.9562920440503533,0.0,0.0,29.776095541892573,72395e35fcef921493ac15519ba79e39672252b28f845208a2dd910b05578168
stable_control,20033,m9c_baseline,0.26660770646950527,0.28504793213942137,0.28504793213942137,0.9875,0.0,0.0125,0.0,1.4547748949874793,3.899501919489828,0.98125,0.01614028996342151,0.0,0.0,0.0,0.0,0.0,1.0,1.0,0.0,0.0,0.0,0.0,0.0,1.3677696610376127,0.0,0.0,30.067429041024297,05241236ff434185056ad9fa7d88c5fd5a3f1cf4e889ac8aaf928383c2f9bead
stable_control,20034,m9c_baseline,0.26778924025776296,0.3035337939598434,0.3035337939598434,1.0,0.0,0.0,0.0,1.6513143747695918,4.8287235555802,0.9875,0.011912853827956978,0.0,0.0,0.0,0.0,0.0,1.0,1.0,0.0,0.0,0.0,0.0,0.03125,0.9469389865015068,0.0,0.0,30.12065716716461,c88e263e2e0e1232ed7f05cbc94f298228b53e090193393b67472feeb9b3cbff
stable_control,20035,m9c_baseline,0.2862256292129093,0.32606540009617446,0.32606540009617446,1.0,0.0,0.0,0.0,1.9587635038027353,5.920051343740889,0.95,0.014971085451590923,0.0,0.0,0.0,0.0,0.0,1.0,1.0,0.0,0.0,0.0,0.0,0.0,0.8488092007994315,0.0,0.0,30.11417429195717,4d14ed5a84d7a76aa0a75ae3898f02648d8ffea306a9516ce38906b81300414f
stable_control,20036,m9c_baseline,0.2706344139586129,0.30629685261589235,0.30629685261589235,1.0,0.0,0.0,0.0,1.695193532529709,4.818614813966791,0.96875,0.010423297615865778,0.0,0.0,0.0,0.0,0.0,1.0,1.0,0.0,0.0,0.0,0.0,0.0,1.3085356654831406,0.0,0.0,30.164913167012855,1025329412487edcb2ec915c2b0d237d681a965f6b95813d5b0087acff99088c
stable_control,20037,m9c_baseline,0.2597242755581711,0.28965937372613443,0.28965937372613443,1.0,0.0,0.0,0.0,1.5561074616705965,4.34638292748514,0.99375,0.012327836439257353,0.0,0.0,0.0,0.0,0.0,1.0,1.0,0.0,0.0,0.0,0.0,0.0,0.8867486559204739,0.0,0.0,30.392067458014935,ec5ba17aa057a4b6e37e0c90b1bcd5c9699ec2ec586d7dda13dd5fd9d1583a6c
stable_control,20038,m9c_baseline,0.2507684502164853,0.2830902980998705,0.2830902980998705,1.0,0.0,0.0,0.0,1.4554395464512553,4.791415956312869,0.98125,0.011345163937718908,0.0,0.0,0.0,0.0,0.0,1.0,1.0,0.0,0.0,0.0,0.0,0.0,1.135638688828187,0.0,0.0,30.79152062512003,fa8ff1795eb897d3d2eb3f0f7f08f88ac719145d8d21b6f9106d9d8e9d46b370
stable_control,20039,m9c_baseline,0.28679902667897766,0.32129532857040566,0.32129532857040566,1.0,0.0,0.0,0.0,1.8340845160215031,5.0793626366989075,0.975,0.012423223654846575,0.0,0.0,0.0,0.0,0.0,1.0,1.0,0.0,0.0,0.0,0.0,0.0,1.0843168033180777,0.0,0.0,30.608461417024955,5858c2c5eb8b7415e47603a0881e36130a1e825ebac915a35ccaed4f09ccc4a4
stable_control,20000,cross_channel,0.28729238068569424,0.32097829319667437,0.32097829319667437,1.0,0.0,0.0,0.0,1.9065715964874859,5.238877860845908,0.975,0.012249619186558845,0.09375,0.0,1.0,0.0,0.0,0.995905374806252,0.840156158170045,0.0,0.0,0.0,0.0,0.0,0.8727470610075578,0.0,0.0,30.468409833032638,0d2f2a71f145f6b2a7a2a065ba7d41d1333023fb49e1c2ff4d9a8751ce345740
stable_control,20001,cross_channel,0.2601888835246936,0.2981006902854293,0.2981006902854293,1.0,0.0,0.0,0.0,1.5524321718033023,4.149900773291518,0.975,0.011058812082399916,0.0875,0.0,1.0,0.0,0.0,0.99552270858251,0.8479328888180706,0.0,0.0,0.0,0.0,0.0,0.8829990577960807,0.0,0.0,30.041777041042224,dfdf705ea951f7261237cd7feb664dc3154ec4b40c94755f06e1eda62c7850df
stable_control,20002,cross_channel,0.282329015333716,0.3124490409401511,0.3124490409401511,0.9875,0.0,0.0125,0.0,1.7539994952501043,5.990825155580213,0.95,0.017896529091257322,0.11875,0.0,1.0,0.0,0.0,0.9956208482541069,0.8336414150122902,0.0,0.0,0.0,0.0,0.0,1.2301823121394058,0.0,0.0,30.82985083386302,2552af2856e6bc6a038904cdec3b21b57ec583f738d99bd656eb4d35178a2409
stable_control,20003,cross_channel,0.2613018039107262,0.3015938943442577,0.3015938943442577,1.0,0.0,0.0,0.0,1.6536212287684129,5.283095214148917,0.9625,0.015775778917750324,0.14375,0.0,0.99375,0.0,0.0,0.994778442550394,0.7727375148956876,0.0,0.0,0.0,0.0,0.0,0.66817267224814,0.0,0.0,29.58865633304231,0f52c9ed568adc906a7dca7d2af3852dc2b5b09bbf91655a4a10188dfff9d111
stable_control,20004,cross_channel,0.27481066379723174,0.30887157439209223,0.30887157439209223,1.0,0.0,0.0,0.0,1.755600192993676,4.934592113091182,0.975,0.014025486291970961,0.16875,0.0,1.0,0.0,0.0,0.9927799536657215,0.6979975181304731,0.0,0.0,0.0,0.0,0.0,0.9031812654033761,0.0,0.0,29.7477204578463,3dfbe4107460eb3d453b9765a90a2ab4dd660ac69344fcf495b72b46eaf48823
stable_control,20005,cross_channel,0.2699525834213115,0.30677265908332485,0.30677265908332485,1.0,0.0,0.0,0.0,1.7439260064759092,4.921520824811473,0.9625,0.010200721779829494,0.04375,0.0,1.0,0.0,0.0,0.9969084504735115,0.7224173846669272,0.0,0.0,0.0,0.0,0.00625,0.6527333126871693,0.0,0.0,30.587526750052348,05ea39e54dbb09871ded9e562d2142b2ec3859e44d185cd959377929a250f818
stable_control,20006,cross_channel,0.2666721478432663,0.30220564906304204,0.30220564906304204,1.0,0.0,0.0,0.0,1.6726500423964132,4.480442355570401,0.98125,0.012598159510258295,0.0875,0.0,1.0,0.0,0.0,0.9950209673543645,0.70369730887301,0.0,0.0,0.0,0.0,0.0,0.9914063169580327,0.0,0.0,30.29487849981524,b4e64b2b6dc806476cefd4f0af8a7bcd365361d5dd0c5f70c6179e5cb3e663af
stable_control,20007,cross_channel,0.2738508204715034,0.3077006408804126,0.3077006408804126,1.0,0.0,0.0,0.0,1.7514411967637993,4.986177404628046,0.96875,0.015847166782620766,0.0875,0.0,1.0,0.0,0.0,0.9953354866664018,0.659265806992628,0.0,0.0,0.0,0.0,0.0,0.7716660270980653,0.0,0.0,29.308799791848287,61ec0078bba47a75f425d8e4d701bfd363055f98a6b56283a2e2934b0695d773
stable_control,20008,cross_channel,0.2746359451444019,0.30077739844450363,0.30077739844450363,0.99375,0.0,0.00625,0.0,1.6655311565777957,4.900618896074735,0.96875,0.015998818306992076,0.09375,0.0,1.0,0.0,0.0,0.9962092510312683,0.8460686939636479,0.0,0.0,0.0,0.0,0.00625,0.9432724711182121,0.0,0.0,29.773902541957796,4a43f7c8c8703ef1529c6aae91fcaa6bfc116e4932ed59f78e62198cf97181b6
stable_control,20009,cross_channel,0.28486342871701886,0.324011983599267,0.324011983599267,1.0,0.0,0.0,0.0,1.8943673408822908,5.568214455116237,0.9625,0.01631247089237118,0.0875,0.0,0.99375,0.0,0.0,0.9955265346566982,0.7392273445197233,0.0,0.0,0.0,0.0,0.0,1.0276253777849405,0.0,0.0,30.03590458398685,16bd9933c3095e48f075922dbfc17849f2c5a5d2e89eca7238b66eab6a6f0e63
stable_control,20010,cross_channel,0.27429324317722276,0.3130547224867193,0.3130547224867193,1.0,0.0,0.0,0.0,1.7448378927843453,5.456874798747433,0.9625,0.012334136221215554,0.09375,0.0,1.0,0.0,0.0,0.9961937879917402,0.8091037797335066,0.0,0.0,0.0,0.0,0.0,0.8875113721353654,0.0,0.0,29.622813625028357,3efdbfee3770bfaf227b915ce69d4824dd522113a6bd8d04c8468231285c9ec5
stable_control,20011,cross_channel,0.2712739822659088,0.30880400291493315,0.30880400291493315,1.0,0.0,0.0,0.0,1.7674220225938568,6.046400329049902,0.94375,0.011400387392056996,0.125,0.0,1.0,0.0,0.0,0.9960018700009499,0.8919056551722326,0.0,0.0,0.0,0.0,0.0,0.7749503017153565,0.0,0.0,30.2582538749557,e686b9581a2f030f5c195115b0947be5366819981404642c671b69097bd4bdeb
stable_control,20012,cross_channel,0.2536061041763328,0.2819402099200254,0.2819402099200254,1.0,0.0,0.0,0.0,1.4591028651962885,4.220406086971337,0.99375,0.011428128159749357,0.125,0.0,1.0,0.0,0.0,0.9966614554454637,0.8354489673254077,0.0,0.0,0.0,0.0,0.01875,0.7619713609472466,0.0,0.0,30.13344308291562,836729f1ceafa61a8e121bf08fedd7c837f967bcd5d73f10947ae9d373f9bc92
stable_control,20013,cross_channel,0.29436078617361755,0.32866128065437683,0.32866128065437683,1.0,0.0,0.0,0.0,1.9944652272834678,5.9824324302928,0.95625,0.012800353567499062,0.05625,0.0,1.0,0.0,0.0,0.9980114717929947,0.8857648690816806,0.0,0.0,0.0,0.0,0.01875,0.8471072038601861,0.0,0.0,30.31057183397934,e3920a01d2aaf2448519d358b143fc0e21e3b340dd6149ff3da22f6a7caa4f25
stable_control,20014,cross_channel,0.2839239260795686,0.31214056696221765,0.31214056696221765,1.0,0.0,0.0,0.0,1.8051300498927945,4.851984207858456,0.98125,0.011626643275107576,0.0875,0.0,1.0,0.0,0.0,0.9965190580966133,0.7767213591295321,0.0,0.0,0.0,0.0,0.0,0.8184352394591583,0.0,0.0,30.81165249994956,9549db86c09743a4f4d462029ef2ef06ee744fe462c9ceb74147f660d9c098e3
stable_control,20015,cross_channel,0.2826485190461138,0.3139910398203796,0.3139910398203796,0.99375,0.0,0.00625,0.0,1.8285249116739564,6.101121433469537,0.9375,0.01398805569277431,0.08125,0.0,1.0,0.0,0.0,0.9964693067346243,0.7983935666742957,0.0,0.0,0.0,0.0,0.00625,0.9119248642611707,0.0,0.0,30.636964208912104,55123d463b2bdd05bf4592baf1f824898d35a3b649a38c88380b2682b2d7172d
stable_control,20016,cross_channel,0.28523328054378194,0.31866583257196085,0.31866583257196085,1.0,0.0,0.0,0.0,1.8437343952112921,4.987499491944663,0.98125,0.014571592888185353,0.1125,0.0,1.0,0.0,0.0,0.9958976275255864,0.8426166959397465,0.0,0.0,0.0,0.0,0.0,1.0817098792391058,0.0,0.0,29.91224520886317,39ad4ec9def956be2babc10b41905432e37b107e85d93a911413f401b54b101b
stable_control,20017,cross_channel,0.27000897387509,0.3090994716088726,0.3090994716088726,1.0,0.0,0.0,0.0,1.6821973221163433,4.615535627061273,0.96875,0.011767275102190689,0.0875,0.0,1.0,0.0,0.0,0.9979136293098531,0.8897869030191259,0.0,0.0,0.0,0.0,0.0,0.9942665472291765,0.0,0.0,29.94187487498857,d040a7fcb11c0a8d0b4a2eafc986565f95b0987d7e39fa7e61c1b2103ba30132
stable_control,20018,cross_channel,0.2674865315363551,0.30314970202505603,0.30314970202505603,1.0,0.0,0.0,0.0,1.643134572682761,4.369564998091326,0.98125,0.016855688557485433,0.125,0.0,1.0,0.0,0.0,0.9933678182700119,0.6234551164988731,0.0,0.0,0.0,0.0,0.0,1.0778705921903449,0.0,0.0,29.8655247092247,a9a7995cf822fa4519b8636b47f4933a78458a7aee55e0222fa7011cbab01223
stable_control,20019,cross_channel,0.2841543266093064,0.3231894913057375,0.3231894913057375,1.0,0.0,0.0,0.0,1.9071543866920186,6.186294314418467,0.94375,0.012550552381246768,0.1125,0.0,1.0,0.0,0.0,0.9958196991386365,0.805677132828424,0.0,0.0,0.0,0.0,0.0125,1.0175787450122207,0.0,0.0,29.958337417105213,ac661382c0546fa31959ff75bc0085cff3d2e18cd84b4d8d96b8201ba9d62949
stable_control,20020,cross_channel,0.24768518854865706,0.2846197085280038,0.2846197085280038,1.0,0.0,0.0,0.0,1.4749948692166979,4.543690892144375,0.975,0.013044257841656517,0.08125,0.0,1.0,0.0,0.0,0.9973387852725739,0.8384199188468872,0.0,0.0,0.0,0.0,0.0,1.0473339579103036,0.0,0.0,30.244326333049685,0fc588737ea534c06995e0a67c633b4ecf0f6b4f6d36ac84102cd835cb678bea
stable_control,20021,cross_channel,0.2519071659030205,0.2949027524415933,0.2949027524415933,1.0,0.0,0.0,0.0,1.474638572577963,5.196797696836777,0.9625,0.010489369859445919,0.06875,0.0,0.99375,0.0,0.0,0.9966952110136287,0.8269583452711953,0.0,0.0,0.0,0.0,0.0,0.6857012817424505,0.0,0.0,30.3710199999623,647a09ab98da04e68535691514e5617c1f9b144bb02383bf16234f69b547e2fd
stable_control,20022,cross_channel,0.2766179956011019,0.3073220580460141,0.3073220580460141,1.0,0.0,0.0,0.0,1.7085043575339978,4.112453972451628,0.975,0.013929701622686136,0.1125,0.0,1.0,0.0,0.0,0.9950181546161566,0.6147607621269574,0.0,0.0,0.0,0.0,0.0,0.8198143010031433,0.0,0.0,31.00276912515983,bdfbff98a9e639391f1474aa523b3f8b0890e4d81008802c3bb5383dcceb898d
stable_control,20023,cross_channel,0.2752073537905235,0.309138912517693,0.309138912517693,1.0,0.0,0.0,0.0,1.773779385585034,5.1008327955819945,0.9625,0.012558544391826913,0.0875,0.0,1.0,0.0,0.0,0.9957840736173674,0.7149951189011797,0.0,0.0,0.0,0.0,0.01875,1.1106450075771632,0.0,0.0,31.079013040987775,a5f2b5e15a7ec4cb005fad3b9a2bc88f2cef02de10483c4d3240fd0bc2cd326b
stable_control,20024,cross_channel,0.2784754513520652,0.3147558326083805,0.3147558326083805,1.0,0.0,0.0,0.0,1.805815111799853,5.868515211453206,0.95,0.011988939234814155,0.1,0.0,1.0,0.0,0.0,0.9976642014820625,0.9143177350179833,0.0,0.0,0.0,0.0,0.01875,1.0145495631418797,0.0,0.0,29.753294040914625,d3153614d8968eb645ea6eb77a71ec9c273373bbbac3b5b8f069511b9b1053cb
stable_control,20025,cross_channel,0.29293823950227205,0.32912554222694324,0.32912554222694324,1.0,0.0,0.0,0.0,1.924144458774181,5.288612598192657,0.9625,0.01390888919882429,0.1,0.0,1.0,0.0,0.0,0.9941616541701318,0.7486440968607302,0.0,0.0,0.0,0.0,0.0,0.8236524997709267,0.0,0.0,29.662870124913752,0958134e3d9b0f1508afd09e905a9bae1d5b1d2997400543ba0444ef9de52ed2
stable_control,20026,cross_channel,0.287798115245664,0.33044541156471624,0.33044541156471624,1.0,0.0,0.0,0.0,1.9156648191894348,6.38146022258016,0.9375,0.011066157520468047,0.08125,0.0,1.0,0.0,0.0,0.9964397746509478,0.8242222722628492,0.0,0.0,0.0,0.0,0.0,0.9677278349269848,0.0,0.0,30.099561458919197,2490cafec0972dcfd35125435b8ad4d5f2162b90b4750942d6e0737fcfa78f94
stable_control,20027,cross_channel,0.2664870220463772,0.3039058871653396,0.3039058871653396,1.0,0.0,0.0,0.0,1.723813527434438,5.375026440280441,0.96875,0.012311178099093906,0.05625,0.0,1.0,0.0,0.0,0.998764267378691,0.8852065418432047,0.0,0.0,0.0,0.0,0.0,0.7882931615216296,0.0,0.0,30.29991766694002,cb5e8ad4fd32c2ce506e42ff71904d3c35b6374449779093e14a8d7abd39d9a3
stable_control,20028,cross_channel,0.24705401586582149,0.27344432632179955,0.27344432632179955,1.0,0.0,0.0,0.0,1.3734036667614626,3.659528434154018,1.0,0.011577509604503813,0.09375,0.0,1.0,0.0,0.0,0.9965167444156917,0.7734914274885334,0.0,0.0,0.0,0.0,0.0,0.801364649182784,0.0,0.0,30.3330134160351,ee075db1d98c9d20a0be4ef4d37ca298af1c5349aaedb78ac0f2609159e83e22
stable_control,20029,cross_channel,0.27124508123757357,0.30229424946117167,0.30229424946117167,1.0,0.0,0.0,0.0,1.653484947292272,4.497987175504536,0.975,0.010443876944380502,0.0625,0.0,1.0,0.0,0.0,0.9976095677247099,0.8088928555261665,0.0,0.0,0.0,0.0,0.0,1.0468499133402687,0.0,0.0,30.375211165985093,ef55670554399519712a37d290dedb48eccf2c9685fde2328f969a11475ac73f
stable_control,20030,cross_channel,0.2991780195289145,0.3424032451962453,0.3424032451962453,1.0,0.0,0.0,0.0,2.1662030507129346,6.467603647262544,0.93125,0.013120524633298145,0.09375,0.0,1.0,0.0,0.0,0.9966886130377208,0.7635684074056825,0.0,0.0,0.0,0.0,0.0,0.901410712283198,0.0,0.0,30.7459118750412,a45b40d8c602860c4c8ca92226d8236f3860d873e64615ba646fa3c091e71010
stable_control,20031,cross_channel,0.27705678392234645,0.30667878853439845,0.30667878853439845,1.0,0.0,0.0,0.0,1.7300509206556924,4.950875501780054,0.9625,0.013059808507910092,0.0625,0.0,0.99375,0.0,0.0,0.9968662507308619,0.7972840493238856,0.0,0.0,0.0,0.0,0.0,0.8764163219297343,0.0,0.0,30.6946730830241,cf81dd16d1c7ad682c56ad46bdfdfd1f17a2a32e6047651d4b7ebce5284795e7
stable_control,20032,cross_channel,0.2803810967626233,0.31534178023557613,0.31534178023557613,1.0,0.0,0.0,0.0,1.7993060667782441,5.347470004696443,0.96875,0.013612408977385828,0.0875,0.0,1.0,0.0,0.0,0.9975416161898389,0.8449280973878401,0.0,0.0,0.0,0.0,0.00625,0.9562920440503533,0.0,0.0,29.776095541892573,72395e35fcef921493ac15519ba79e39672252b28f845208a2dd910b05578168
stable_control,20033,cross_channel,0.26660770646950527,0.28504793213942137,0.28504793213942137,0.9875,0.0,0.0125,0.0,1.4547748949874793,3.899501919489828,0.98125,0.01614028996342151,0.1125,0.0,0.99375,0.0,0.0,0.9932609759849814,0.5499988731641221,0.0,0.0,0.0,0.0,0.0,1.3677696610376127,0.0,0.0,30.067429041024297,05241236ff434185056ad9fa7d88c5fd5a3f1cf4e889ac8aaf928383c2f9bead
stable_control,20034,cross_channel,0.26778924025776296,0.3035337939598434,0.3035337939598434,1.0,0.0,0.0,0.0,1.6513143747695918,4.8287235555802,0.9875,0.011912853827956978,0.08125,0.0,1.0,0.0,0.0,0.9979803762218197,0.8911902395430844,0.0,0.0,0.0,0.0,0.03125,0.9469389865015068,0.0,0.0,30.12065716716461,c88e263e2e0e1232ed7f05cbc94f298228b53e090193393b67472feeb9b3cbff
stable_control,20035,cross_channel,0.2862256292129093,0.32606540009617446,0.32606540009617446,1.0,0.0,0.0,0.0,1.9587635038027353,5.920051343740889,0.95,0.014971085451590923,0.08125,0.0,1.0,0.0,0.0,0.9956411635347276,0.7926903282279587,0.0,0.0,0.0,0.0,0.0,0.8488092007994315,0.0,0.0,30.11417429195717,4d14ed5a84d7a76aa0a75ae3898f02648d8ffea306a9516ce38906b81300414f
stable_control,20036,cross_channel,0.2706344139586129,0.30629685261589235,0.30629685261589235,1.0,0.0,0.0,0.0,1.695193532529709,4.818614813966791,0.96875,0.010423297615865778,0.0625,0.0,1.0,0.0,0.0,0.9969853779827307,0.8278735997552835,0.0,0.0,0.0,0.0,0.0,1.3085356654831406,0.0,0.0,30.164913167012855,1025329412487edcb2ec915c2b0d237d681a965f6b95813d5b0087acff99088c
stable_control,20037,cross_channel,0.2597242755581711,0.28965937372613443,0.28965937372613443,1.0,0.0,0.0,0.0,1.5561074616705965,4.34638292748514,0.99375,0.012327836439257353,0.125,0.0,1.0,0.0,0.0,0.9947409396485796,0.67967514564231,0.0,0.0,0.0,0.0,0.0,0.8867486559204739,0.0,0.0,30.392067458014935,ec5ba17aa057a4b6e37e0c90b1bcd5c9699ec2ec586d7dda13dd5fd9d1583a6c
stable_control,20038,cross_channel,0.2507684502164853,0.2830902980998705,0.2830902980998705,1.0,0.0,0.0,0.0,1.4554395464512553,4.791415956312869,0.98125,0.011345163937718908,0.075,0.0,1.0,0.0,0.0,0.9966533304817464,0.7243593417116498,0.0,0.0,0.0,0.0,0.0,1.135638688828187,0.0,0.0,30.79152062512003,fa8ff1795eb897d3d2eb3f0f7f08f88ac719145d8d21b6f9106d9d8e9d46b370
stable_control,20039,cross_channel,0.28679902667897766,0.32129532857040566,0.32129532857040566,1.0,0.0,0.0,0.0,1.8340845160215031,5.0793626366989075,0.975,0.012423223654846575,0.075,0.0,1.0,0.0,0.0,0.9971346818424713,0.8607996859239889,0.0,0.0,0.0,0.0,0.0,1.0843168033180777,0.0,0.0,30.608461417024955,5858c2c5eb8b7415e47603a0881e36130a1e825ebac915a35ccaed4f09ccc4a4
stable_control,20000,ramp_rate,0.28729238068569424,0.32097829319667437,0.32097829319667437,1.0,0.0,0.0,0.0,1.9065715964874859,5.238877860845908,0.975,0.012249619186558845,0.09375,0.0,1.0,0.0,0.0,1.0,1.0,0.0,0.0,0.0,0.0,0.0,0.8727470610075578,0.0,0.0,30.468409833032638,0d2f2a71f145f6b2a7a2a065ba7d41d1333023fb49e1c2ff4d9a8751ce345740
stable_control,20001,ramp_rate,0.2601888835246936,0.2981006902854293,0.2981006902854293,1.0,0.0,0.0,0.0,1.5524321718033023,4.149900773291518,0.975,0.011058812082399916,0.0875,0.0,1.0,0.0,0.0,1.0,1.0,0.0,0.0,0.0,0.0,0.0,0.8829990577960807,0.0,0.0,30.041777041042224,dfdf705ea951f7261237cd7feb664dc3154ec4b40c94755f06e1eda62c7850df
stable_control,20002,ramp_rate,0.282329015333716,0.3124490409401511,0.3124490409401511,0.9875,0.0,0.0125,0.0,1.7539994952501043,5.990825155580213,0.95,0.017896529091257322,0.11875,0.0,1.0,0.0,0.0,1.0,1.0,0.0,0.0,0.0,0.0,0.0,1.2301823121394058,0.0,0.0,30.82985083386302,2552af2856e6bc6a038904cdec3b21b57ec583f738d99bd656eb4d35178a2409
stable_control,20003,ramp_rate,0.2613018039107262,0.3015938943442577,0.3015938943442577,1.0,0.0,0.0,0.0,1.6536212287684129,5.283095214148917,0.9625,0.015775778917750324,0.14375,0.0,0.99375,0.0,0.0,1.0,1.0,0.0,0.0,0.0,0.0,0.0,0.66817267224814,0.0,0.0,29.58865633304231,0f52c9ed568adc906a7dca7d2af3852dc2b5b09bbf91655a4a10188dfff9d111
stable_control,20004,ramp_rate,0.27481066379723174,0.30887157439209223,0.30887157439209223,1.0,0.0,0.0,0.0,1.755600192993676,4.934592113091182,0.975,0.014025486291970961,0.16875,0.0,1.0,0.0,0.0,1.0,1.0,0.0,0.0,0.0,0.0,0.0,0.9031812654033761,0.0,0.0,29.7477204578463,3dfbe4107460eb3d453b9765a90a2ab4dd660ac69344fcf495b72b46eaf48823
stable_control,20005,ramp_rate,0.2699525834213115,0.30677265908332485,0.30677265908332485,1.0,0.0,0.0,0.0,1.7439260064759092,4.921520824811473,0.9625,0.010200721779829494,0.04375,0.0,1.0,0.0,0.0,1.0,1.0,0.0,0.0,0.0,0.0,0.00625,0.6527333126871693,0.0,0.0,30.587526750052348,05ea39e54dbb09871ded9e562d2142b2ec3859e44d185cd959377929a250f818
stable_control,20006,ramp_rate,0.2666721478432663,0.30220564906304204,0.30220564906304204,1.0,0.0,0.0,0.0,1.6726500423964132,4.480442355570401,0.98125,0.012598159510258295,0.0875,0.0,1.0,0.0,0.0,1.0,1.0,0.0,0.0,0.0,0.0,0.0,0.9914063169580327,0.0,0.0,30.29487849981524,b4e64b2b6dc806476cefd4f0af8a7bcd365361d5dd0c5f70c6179e5cb3e663af
stable_control,20007,ramp_rate,0.2738508204715034,0.3077006408804126,0.3077006408804126,1.0,0.0,0.0,0.0,1.7514411967637993,4.986177404628046,0.96875,0.015847166782620766,0.0875,0.0,1.0,0.0,0.0,1.0,1.0,0.0,0.0,0.0,0.0,0.0,0.7716660270980653,0.0,0.0,29.308799791848287,61ec0078bba47a75f425d8e4d701bfd363055f98a6b56283a2e2934b0695d773
stable_control,20008,ramp_rate,0.2746359451444019,0.30077739844450363,0.30077739844450363,0.99375,0.0,0.00625,0.0,1.6655311565777957,4.900618896074735,0.96875,0.015998818306992076,0.09375,0.0,1.0,0.0,0.0,1.0,1.0,0.0,0.0,0.0,0.0,0.00625,0.9432724711182121,0.0,0.0,29.773902541957796,4a43f7c8c8703ef1529c6aae91fcaa6bfc116e4932ed59f78e62198cf97181b6
stable_control,20009,ramp_rate,0.28486342871701886,0.324011983599267,0.324011983599267,1.0,0.0,0.0,0.0,1.8943673408822908,5.568214455116237,0.9625,0.01631247089237118,0.0875,0.0,0.99375,0.0,0.0,1.0,1.0,0.0,0.0,0.0,0.0,0.0,1.0276253777849405,0.0,0.0,30.03590458398685,16bd9933c3095e48f075922dbfc17849f2c5a5d2e89eca7238b66eab6a6f0e63
stable_control,20010,ramp_rate,0.27429324317722276,0.3130547224867193,0.3130547224867193,1.0,0.0,0.0,0.0,1.7448378927843453,5.456874798747433,0.9625,0.012334136221215554,0.09375,0.0,1.0,0.0,0.0,1.0,1.0,0.0,0.0,0.0,0.0,0.0,0.8875113721353654,0.0,0.0,29.622813625028357,3efdbfee3770bfaf227b915ce69d4824dd522113a6bd8d04c8468231285c9ec5
stable_control,20011,ramp_rate,0.2712739822659088,0.30880400291493315,0.30880400291493315,1.0,0.0,0.0,0.0,1.7674220225938568,6.046400329049902,0.94375,0.011400387392056996,0.125,0.0,1.0,0.0,0.0,1.0,1.0,0.0,0.0,0.0,0.0,0.0,0.7749503017153565,0.0,0.0,30.2582538749557,e686b9581a2f030f5c195115b0947be5366819981404642c671b69097bd4bdeb
stable_control,20012,ramp_rate,0.2536061041763328,0.2819402099200254,0.2819402099200254,1.0,0.0,0.0,0.0,1.4591028651962885,4.220406086971337,0.99375,0.011428128159749357,0.125,0.0,1.0,0.0,0.0,1.0,1.0,0.0,0.0,0.0,0.0,0.01875,0.7619713609472466,0.0,0.0,30.13344308291562,836729f1ceafa61a8e121bf08fedd7c837f967bcd5d73f10947ae9d373f9bc92
stable_control,20013,ramp_rate,0.29436078617361755,0.32866128065437683,0.32866128065437683,1.0,0.0,0.0,0.0,1.9944652272834678,5.9824324302928,0.95625,0.012800353567499062,0.05625,0.0,1.0,0.0,0.0,1.0,1.0,0.0,0.0,0.0,0.0,0.01875,0.8471072038601861,0.0,0.0,30.31057183397934,e3920a01d2aaf2448519d358b143fc0e21e3b340dd6149ff3da22f6a7caa4f25
stable_control,20014,ramp_rate,0.2839239260795686,0.31214056696221765,0.31214056696221765,1.0,0.0,0.0,0.0,1.8051300498927945,4.851984207858456,0.98125,0.011626643275107576,0.0875,0.0,1.0,0.0,0.0,1.0,1.0,0.0,0.0,0.0,0.0,0.0,0.8184352394591583,0.0,0.0,30.81165249994956,9549db86c09743a4f4d462029ef2ef06ee744fe462c9ceb74147f660d9c098e3
stable_control,20015,ramp_rate,0.2826485190461138,0.3139910398203796,0.3139910398203796,0.99375,0.0,0.00625,0.0,1.8285249116739564,6.101121433469537,0.9375,0.01398805569277431,0.08125,0.0,1.0,0.0,0.0,1.0,1.0,0.0,0.0,0.0,0.0,0.00625,0.9119248642611707,0.0,0.0,30.636964208912104,55123d463b2bdd05bf4592baf1f824898d35a3b649a38c88380b2682b2d7172d
stable_control,20016,ramp_rate,0.28523328054378194,0.31866583257196085,0.31866583257196085,1.0,0.0,0.0,0.0,1.8437343952112921,4.987499491944663,0.98125,0.014571592888185353,0.1125,0.0,1.0,0.0,0.0,1.0,1.0,0.0,0.0,0.0,0.0,0.0,1.0817098792391058,0.0,0.0,29.91224520886317,39ad4ec9def956be2babc10b41905432e37b107e85d93a911413f401b54b101b
stable_control,20017,ramp_rate,0.27000897387509,0.3090994716088726,0.3090994716088726,1.0,0.0,0.0,0.0,1.6821973221163433,4.615535627061273,0.96875,0.011767275102190689,0.0875,0.0,1.0,0.0,0.0,1.0,1.0,0.0,0.0,0.0,0.0,0.0,0.9942665472291765,0.0,0.0,29.94187487498857,d040a7fcb11c0a8d0b4a2eafc986565f95b0987d7e39fa7e61c1b2103ba30132
stable_control,20018,ramp_rate,0.2674865315363551,0.30314970202505603,0.30314970202505603,1.0,0.0,0.0,0.0,1.643134572682761,4.369564998091326,0.98125,0.016855688557485433,0.125,0.0,1.0,0.0,0.0,1.0,1.0,0.0,0.0,0.0,0.0,0.0,1.0778705921903449,0.0,0.0,29.8655247092247,a9a7995cf822fa4519b8636b47f4933a78458a7aee55e0222fa7011cbab01223
stable_control,20019,ramp_rate,0.2841543266093064,0.3231894913057375,0.3231894913057375,1.0,0.0,0.0,0.0,1.9071543866920186,6.186294314418467,0.94375,0.012550552381246768,0.1125,0.0,1.0,0.0,0.0,1.0,1.0,0.0,0.0,0.0,0.0,0.0125,1.0175787450122207,0.0,0.0,29.958337417105213,ac661382c0546fa31959ff75bc0085cff3d2e18cd84b4d8d96b8201ba9d62949
stable_control,20020,ramp_rate,0.24768518854865706,0.2846197085280038,0.2846197085280038,1.0,0.0,0.0,0.0,1.4749948692166979,4.543690892144375,0.975,0.013044257841656517,0.08125,0.0,1.0,0.0,0.0,1.0,1.0,0.0,0.0,0.0,0.0,0.0,1.0473339579103036,0.0,0.0,30.244326333049685,0fc588737ea534c06995e0a67c633b4ecf0f6b4f6d36ac84102cd835cb678bea
stable_control,20021,ramp_rate,0.2519071659030205,0.2949027524415933,0.2949027524415933,1.0,0.0,0.0,0.0,1.474638572577963,5.196797696836777,0.9625,0.010489369859445919,0.06875,0.0,0.99375,0.0,0.0,1.0,1.0,0.0,0.0,0.0,0.0,0.0,0.6857012817424505,0.0,0.0,30.3710199999623,647a09ab98da04e68535691514e5617c1f9b144bb02383bf16234f69b547e2fd
stable_control,20022,ramp_rate,0.2766179956011019,0.3073220580460141,0.3073220580460141,1.0,0.0,0.0,0.0,1.7085043575339978,4.112453972451628,0.975,0.013929701622686136,0.1125,0.0,1.0,0.0,0.0,1.0,1.0,0.0,0.0,0.0,0.0,0.0,0.8198143010031433,0.0,0.0,31.00276912515983,bdfbff98a9e639391f1474aa523b3f8b0890e4d81008802c3bb5383dcceb898d
stable_control,20023,ramp_rate,0.2752073537905235,0.309138912517693,0.309138912517693,1.0,0.0,0.0,0.0,1.773779385585034,5.1008327955819945,0.9625,0.012558544391826913,0.0875,0.0,1.0,0.0,0.0,1.0,1.0,0.0,0.0,0.0,0.0,0.01875,1.1106450075771632,0.0,0.0,31.079013040987775,a5f2b5e15a7ec4cb005fad3b9a2bc88f2cef02de10483c4d3240fd0bc2cd326b
stable_control,20024,ramp_rate,0.2784754513520652,0.3147558326083805,0.3147558326083805,1.0,0.0,0.0,0.0,1.805815111799853,5.868515211453206,0.95,0.011988939234814155,0.1,0.0,1.0,0.0,0.0,1.0,1.0,0.0,0.0,0.0,0.0,0.01875,1.0145495631418797,0.0,0.0,29.753294040914625,d3153614d8968eb645ea6eb77a71ec9c273373bbbac3b5b8f069511b9b1053cb
stable_control,20025,ramp_rate,0.29293823950227205,0.32912554222694324,0.32912554222694324,1.0,0.0,0.0,0.0,1.924144458774181,5.288612598192657,0.9625,0.01390888919882429,0.1,0.0,1.0,0.0,0.0,1.0,1.0,0.0,0.0,0.0,0.0,0.0,0.8236524997709267,0.0,0.0,29.662870124913752,0958134e3d9b0f1508afd09e905a9bae1d5b1d2997400543ba0444ef9de52ed2
stable_control,20026,ramp_rate,0.287798115245664,0.33044541156471624,0.33044541156471624,1.0,0.0,0.0,0.0,1.9156648191894348,6.38146022258016,0.9375,0.011066157520468047,0.08125,0.0,1.0,0.0,0.0,1.0,1.0,0.0,0.0,0.0,0.0,0.0,0.9677278349269848,0.0,0.0,30.099561458919197,2490cafec0972dcfd35125435b8ad4d5f2162b90b4750942d6e0737fcfa78f94
stable_control,20027,ramp_rate,0.2664870220463772,0.3039058871653396,0.3039058871653396,1.0,0.0,0.0,0.0,1.723813527434438,5.375026440280441,0.96875,0.012311178099093906,0.05625,0.0,1.0,0.0,0.0,1.0,1.0,0.0,0.0,0.0,0.0,0.0,0.7882931615216296,0.0,0.0,30.29991766694002,cb5e8ad4fd32c2ce506e42ff71904d3c35b6374449779093e14a8d7abd39d9a3
stable_control,20028,ramp_rate,0.24705401586582149,0.27344432632179955,0.27344432632179955,1.0,0.0,0.0,0.0,1.3734036667614626,3.659528434154018,1.0,0.011577509604503813,0.09375,0.0,1.0,0.0,0.0,1.0,1.0,0.0,0.0,0.0,0.0,0.0,0.801364649182784,0.0,0.0,30.3330134160351,ee075db1d98c9d20a0be4ef4d37ca298af1c5349aaedb78ac0f2609159e83e22
stable_control,20029,ramp_rate,0.27124508123757357,0.30229424946117167,0.30229424946117167,1.0,0.0,0.0,0.0,1.653484947292272,4.497987175504536,0.975,0.010443876944380502,0.0625,0.0,1.0,0.0,0.0,1.0,1.0,0.0,0.0,0.0,0.0,0.0,1.0468499133402687,0.0,0.0,30.375211165985093,ef55670554399519712a37d290dedb48eccf2c9685fde2328f969a11475ac73f
stable_control,20030,ramp_rate,0.2991780195289145,0.3424032451962453,0.3424032451962453,1.0,0.0,0.0,0.0,2.1662030507129346,6.467603647262544,0.93125,0.013120524633298145,0.09375,0.0,1.0,0.0,0.0,1.0,1.0,0.0,0.0,0.0,0.0,0.0,0.901410712283198,0.0,0.0,30.7459118750412,a45b40d8c602860c4c8ca92226d8236f3860d873e64615ba646fa3c091e71010
stable_control,20031,ramp_rate,0.27705678392234645,0.30667878853439845,0.30667878853439845,1.0,0.0,0.0,0.0,1.7300509206556924,4.950875501780054,0.9625,0.013059808507910092,0.0625,0.0,0.99375,0.0,0.0,1.0,1.0,0.0,0.0,0.0,0.0,0.0,0.8764163219297343,0.0,0.0,30.6946730830241,cf81dd16d1c7ad682c56ad46bdfdfd1f17a2a32e6047651d4b7ebce5284795e7
stable_control,20032,ramp_rate,0.2803810967626233,0.31534178023557613,0.31534178023557613,1.0,0.0,0.0,0.0,1.7993060667782441,5.347470004696443,0.96875,0.013612408977385828,0.0875,0.0,1.0,0.0,0.0,1.0,1.0,0.0,0.0,0.0,0.0,0.00625,0.9562920440503533,0.0,0.0,29.776095541892573,72395e35fcef921493ac15519ba79e39672252b28f845208a2dd910b05578168
stable_control,20033,ramp_rate,0.26660770646950527,0.28504793213942137,0.28504793213942137,0.9875,0.0,0.0125,0.0,1.4547748949874793,3.899501919489828,0.98125,0.01614028996342151,0.1125,0.0,0.99375,0.0,0.0,0.9982421880649393,0.55,0.0,0.0,0.0,0.0,0.0,1.3677696610376127,0.0,0.0,30.067429041024297,05241236ff434185056ad9fa7d88c5fd5a3f1cf4e889ac8aaf928383c2f9bead
stable_control,20034,ramp_rate,0.26778924025776296,0.3035337939598434,0.3035337939598434,1.0,0.0,0.0,0.0,1.6513143747695918,4.8287235555802,0.9875,0.011912853827956978,0.08125,0.0,1.0,0.0,0.0,1.0,1.0,0.0,0.0,0.0,0.0,0.03125,0.9469389865015068,0.0,0.0,30.12065716716461,c88e263e2e0e1232ed7f05cbc94f298228b53e090193393b67472feeb9b3cbff
stable_control,20035,ramp_rate,0.2862256292129093,0.32606540009617446,0.32606540009617446,1.0,0.0,0.0,0.0,1.9587635038027353,5.920051343740889,0.95,0.014971085451590923,0.08125,0.0,1.0,0.0,0.0,1.0,1.0,0.0,0.0,0.0,0.0,0.0,0.8488092007994315,0.0,0.0,30.11417429195717,4d14ed5a84d7a76aa0a75ae3898f02648d8ffea306a9516ce38906b81300414f
stable_control,20036,ramp_rate,0.2706344139586129,0.30629685261589235,0.30629685261589235,1.0,0.0,0.0,0.0,1.695193532529709,4.818614813966791,0.96875,0.010423297615865778,0.0625,0.0,1.0,0.0,0.0,1.0,1.0,0.0,0.0,0.0,0.0,0.0,1.3085356654831406,0.0,0.0,30.164913167012855,1025329412487edcb2ec915c2b0d237d681a965f6b95813d5b0087acff99088c
stable_control,20037,ramp_rate,0.2597242755581711,0.28965937372613443,0.28965937372613443,1.0,0.0,0.0,0.0,1.5561074616705965,4.34638292748514,0.99375,0.012327836439257353,0.125,0.0,1.0,0.0,0.0,1.0,1.0,0.0,0.0,0.0,0.0,0.0,0.8867486559204739,0.0,0.0,30.392067458014935,ec5ba17aa057a4b6e37e0c90b1bcd5c9699ec2ec586d7dda13dd5fd9d1583a6c
stable_control,20038,ramp_rate,0.2507684502164853,0.2830902980998705,0.2830902980998705,1.0,0.0,0.0,0.0,1.4554395464512553,4.791415956312869,0.98125,0.011345163937718908,0.075,0.0,1.0,0.0,0.0,1.0,1.0,0.0,0.0,0.0,0.0,0.0,1.135638688828187,0.0,0.0,30.79152062512003,fa8ff1795eb897d3d2eb3f0f7f08f88ac719145d8d21b6f9106d9d8e9d46b370
stable_control,20039,ramp_rate,0.28679902667897766,0.32129532857040566,0.32129532857040566,1.0,0.0,0.0,0.0,1.8340845160215031,5.0793626366989075,0.975,0.012423223654846575,0.075,0.0,1.0,0.0,0.0,1.0,1.0,0.0,0.0,0.0,0.0,0.0,1.0843168033180777,0.0,0.0,30.608461417024955,5858c2c5eb8b7415e47603a0881e36130a1e825ebac915a35ccaed4f09ccc4a4
stable_control,20000,influence_budget,0.2869834374221817,0.32079457194009886,0.32079457194009886,1.0,0.0,0.0,0.0,1.903861336413194,5.238877860845906,0.975,0.012239875554853154,0.09375,0.0,1.0,0.00625,0.0,1.0,1.0,0.008223723716970567,0.0,0.0,0.0,0.0,0.8727470610075578,0.0,0.0,30.468409833032638,0d2f2a71f145f6b2a7a2a065ba7d41d1333023fb49e1c2ff4d9a8751ce345740
stable_control,20001,influence_budget,0.26023245529698763,0.2980584285866734,0.2980584285866734,1.0,0.0,0.0,0.0,1.5509454783510381,4.149900773291518,0.975,0.011058827489012196,0.0875,0.0,1.0,0.00625,0.0,1.0,1.0,0.006195896226997987,0.0,0.0,0.0,0.0,0.8829990577960807,0.0,0.0,30.041777041042224,dfdf705ea951f7261237cd7feb664dc3154ec4b40c94755f06e1eda62c7850df
stable_control,20002,influence_budget,0.28238373716711895,0.3125078536480276,0.3125078536480276,0.9875,0.0,0.0125,0.0,1.7546075336503946,5.991676396294343,0.95,0.017895715286558315,0.11875,0.0,1.0,0.00625,0.0,1.0,1.0,0.00604366717678873,0.0,0.0,0.0,0.0,1.2301823121394058,0.0,0.0,30.82985083386302,2552af2856e6bc6a038904cdec3b21b57ec583f738d99bd656eb4d35178a2409
stable_control,20003,influence_budget,0.2613018039107262,0.3015938943442577,0.3015938943442577,1.0,0.0,0.0,0.0,1.6536212287684129,5.283095214148917,0.9625,0.015775778917750324,0.14375,0.0,0.99375,0.0,0.0,1.0,1.0,0.006252178686479243,0.0,0.0,0.0,0.0,0.66817267224814,0.0,0.0,29.58865633304231,0f52c9ed568adc906a7dca7d2af3852dc2b5b09bbf91655a4a10188dfff9d111
stable_control,20004,influence_budget,0.27481066379723174,0.30887157439209223,0.30887157439209223,1.0,0.0,0.0,0.0,1.755600192993676,4.934592113091182,0.975,0.014025486291970961,0.16875,0.0,1.0,0.0,0.0,1.0,1.0,0.0057320068996731055,0.0,0.0,0.0,0.0,0.9031812654033761,0.0,0.0,29.7477204578463,3dfbe4107460eb3d453b9765a90a2ab4dd660ac69344fcf495b72b46eaf48823
stable_control,20005,influence_budget,0.2699006951577525,0.30671573055380497,0.30671573055380497,1.0,0.0,0.0,0.0,1.742507461588395,4.921520824811473,0.9625,0.010201522339273895,0.04375,0.0,1.0,0.00625,0.0,1.0,1.0,0.007370430725470334,0.0,0.0,0.0,0.00625,0.6527333126871693,0.0,0.0,30.587526750052348,05ea39e54dbb09871ded9e562d2142b2ec3859e44d185cd959377929a250f818
stable_control,20006,influence_budget,0.26670064779600194,0.3022302684857754,0.3022302684857754,1.0,0.0,0.0,0.0,1.6729042104195493,4.480442355570401,0.98125,0.012598159510258295,0.0875,0.0,1.0,0.00625,0.0,1.0,1.0,0.01615517406882479,0.0,0.0,0.0,0.0,0.9914063169580327,0.0,0.0,30.29487849981524,b4e64b2b6dc806476cefd4f0af8a7bcd365361d5dd0c5f70c6179e5cb3e663af
stable_control,20007,influence_budget,0.2736141378926632,0.30756782521004217,0.30756782521004217,1.0,0.0,0.0,0.0,1.747865096829281,4.986177404628101,0.96875,0.01583973349546671,0.0875,0.0,1.0,0.01875,0.0,1.0,1.0,0.015395326384608698,0.0,0.0,0.0,0.0,0.7716660270980653,0.0,0.0,29.308799791848287,61ec0078bba47a75f425d8e4d701bfd363055f98a6b56283a2e2934b0695d773
stable_control,20008,influence_budget,0.2750141958042323,0.30103339803036017,0.30103339803036017,0.99375,0.0,0.00625,0.0,1.6671316433313224,4.900618896074735,0.96875,0.01599881830721435,0.09375,0.0,1.0,0.00625,0.0,1.0,1.0,0.014903972580730252,0.0,0.0,0.0,0.00625,0.9432724711182121,0.0,0.0,29.773902541957796,4a43f7c8c8703ef1529c6aae91fcaa6bfc116e4932ed59f78e62198cf97181b6
stable_control,20009,influence_budget,0.28486342871701886,0.324011983599267,0.324011983599267,1.0,0.0,0.0,0.0,1.8943673408822908,5.568214455116237,0.9625,0.01631247089237118,0.0875,0.0,0.99375,0.0,0.0,1.0,1.0,0.008285017621764723,0.0,0.0,0.0,0.0,1.0276253777849405,0.0,0.0,30.03590458398685,16bd9933c3095e48f075922dbfc17849f2c5a5d2e89eca7238b66eab6a6f0e63
stable_control,20010,influence_budget,0.2742684690642086,0.3129761690145353,0.3129761690145353,1.0,0.0,0.0,0.0,1.7434736369288035,5.459438025594714,0.9625,0.012359383120034767,0.09375,0.0,1.0,0.00625,0.0,1.0,1.0,0.009572108862023903,0.0,0.0,0.0,0.0,0.8875113721353654,0.0,0.0,29.622813625028357,3efdbfee3770bfaf227b915ce69d4824dd522113a6bd8d04c8468231285c9ec5
stable_control,20011,influence_budget,0.2712064649481338,0.3087315880598027,0.3087315880598027,1.0,0.0,0.0,0.0,1.7663179730172565,6.046400266843277,0.94375,0.011400388257106445,0.125,0.0,1.0,0.00625,0.0,1.0,1.0,0.006346318622903252,0.0,0.0,0.0,0.0,0.7749503017153565,0.0,0.0,30.2582538749557,e686b9581a2f030f5c195115b0947be5366819981404642c671b69097bd4bdeb
stable_control,20012,influence_budget,0.2537083042713047,0.2819796150624405,0.2819796150624405,1.0,0.0,0.0,0.0,1.4594318175932055,4.220414087033527,0.99375,0.011428128159749357,0.125,0.0,1.0,0.00625,0.0,1.0,1.0,0.013608476132151614,0.0,0.0,0.0,0.01875,0.7619713609472466,0.0,0.0,30.13344308291562,836729f1ceafa61a8e121bf08fedd7c837f967bcd5d73f10947ae9d373f9bc92
stable_control,20013,influence_budget,0.2955960682998801,0.33026370853769293,0.33026370853769293,1.0,0.0,0.0,0.0,2.0061738897532293,5.982374125911665,0.95625,0.012799604606358764,0.05625,0.0,1.0,0.0125,0.0,1.0,1.0,0.013328159528344683,0.0,0.0,0.0,0.01875,0.8471072038601861,0.0,0.0,30.31057183397934,e3920a01d2aaf2448519d358b143fc0e21e3b340dd6149ff3da22f6a7caa4f25
stable_control,20014,influence_budget,0.283954024161387,0.31215868295770777,0.31215868295770777,1.0,0.0,0.0,0.0,1.805312082145214,4.851984207670708,0.98125,0.011626643275160336,0.0875,0.0,1.0,0.00625,0.0,1.0,1.0,0.01589674672211646,0.0,0.0,0.0,0.0,0.8184352394591583,0.0,0.0,30.81165249994956,9549db86c09743a4f4d462029ef2ef06ee744fe462c9ceb74147f660d9c098e3
stable_control,20015,influence_budget,0.2832196969221516,0.31446318933029815,0.31446318933029815,0.99375,0.0,0.00625,0.0,1.8329083484955961,6.101254268036943,0.9375,0.013988058819046526,0.08125,0.0,1.0,0.0125,0.0,1.0,1.0,0.010282277236194586,0.0,0.0,0.0,0.00625,0.9119248642611707,0.0,0.0,30.636964208912104,55123d463b2bdd05bf4592baf1f824898d35a3b649a38c88380b2682b2d7172d
stable_control,20016,influence_budget,0.28549329016638963,0.318739726039928,0.318739726039928,1.0,0.0,0.0,0.0,1.844208416922615,4.987534412122166,0.98125,0.014571612799729742,0.1125,0.0,1.0,0.0125,0.0,1.0,1.0,0.011777766595819575,0.0,0.0,0.0,0.0,1.0817098792391058,0.0,0.0,29.91224520886317,39ad4ec9def956be2babc10b41905432e37b107e85d93a911413f401b54b101b
stable_control,20017,influence_budget,0.2703321260386817,0.30924944857840075,0.30924944857840075,1.0,0.0,0.0,0.0,1.6835319606574657,4.615535018448522,0.96875,0.011070330373448827,0.0875,0.0,1.0,0.0125,0.0,1.0,1.0,0.01080581172401222,0.0,0.0,0.0,0.0,0.9942665472291765,0.0,0.0,29.94187487498857,d040a7fcb11c0a8d0b4a2eafc986565f95b0987d7e39fa7e61c1b2103ba30132
stable_control,20018,influence_budget,0.2676033679478886,0.3035387081065001,0.3035387081065001,1.0,0.0,0.0,0.0,1.6429199439342839,4.3486031332626665,0.98125,0.016855688556364257,0.125,0.0,1.0,0.00625,0.0,1.0,1.0,0.011028820366870796,0.0,0.0,0.0,0.0,1.0778705921903449,0.0,0.0,29.8655247092247,a9a7995cf822fa4519b8636b47f4933a78458a7aee55e0222fa7011cbab01223
stable_control,20019,influence_budget,0.2842320694992883,0.3232340227561584,0.3232340227561584,1.0,0.0,0.0,0.0,1.907624239882301,6.1860460540963915,0.94375,0.01255055238035383,0.1125,0.0,1.0,0.0125,0.0,1.0,1.0,0.013772560274364206,0.0,0.0,0.0,0.0125,1.0175787450122207,0.0,0.0,29.958337417105213,ac661382c0546fa31959ff75bc0085cff3d2e18cd84b4d8d96b8201ba9d62949
stable_control,20020,influence_budget,0.24772165675049385,0.2846777357068432,0.2846777357068432,1.0,0.0,0.0,0.0,1.474646778397055,4.543690892144375,0.975,0.013044257841656526,0.08125,0.0,1.0,0.00625,0.0,1.0,1.0,0.007593923077969708,0.0,0.0,0.0,0.0,1.0473339579103036,0.0,0.0,30.244326333049685,0fc588737ea534c06995e0a67c633b4ecf0f6b4f6d36ac84102cd835cb678bea
stable_control,20021,influence_budget,0.2519071659030205,0.2949027524415933,0.2949027524415933,1.0,0.0,0.0,0.0,1.474638572577963,5.196797696836777,0.9625,0.010489369859445919,0.06875,0.0,0.99375,0.0,0.0,1.0,1.0,0.007341977798654591,0.0,0.0,0.0,0.0,0.6857012817424505,0.0,0.0,30.3710199999623,647a09ab98da04e68535691514e5617c1f9b144bb02383bf16234f69b547e2fd
stable_control,20022,influence_budget,0.2766179956011019,0.3073220580460141,0.3073220580460141,1.0,0.0,0.0,0.0,1.7085043575339978,4.112453972451628,0.975,0.013929701622686136,0.1125,0.0,1.0,0.0,0.0,1.0,1.0,0.011187381750919215,0.0,0.0,0.0,0.0,0.8198143010031433,0.0,0.0,31.00276912515983,bdfbff98a9e639391f1474aa523b3f8b0890e4d81008802c3bb5383dcceb898d
stable_control,20023,influence_budget,0.2754108063997559,0.30946897478324237,0.30946897478324237,1.0,0.0,0.0,0.0,1.7715669016336395,5.102126489719332,0.9625,0.012558687479677921,0.0875,0.0,1.0,0.04375,0.0,1.0,1.0,0.017233825635156432,0.0,0.0,0.0,0.01875,1.1106450075771632,0.0,0.0,31.079013040987775,a5f2b5e15a7ec4cb005fad3b9a2bc88f2cef02de10483c4d3240fd0bc2cd326b
stable_control,20024,influence_budget,0.2786531780228275,0.3148813248381564,0.3148813248381564,1.0,0.0,0.0,0.0,1.8068409394162273,5.868479145220867,0.95,0.011988939234808881,0.1,0.0,1.0,0.01875,0.0,1.0,1.0,0.01037732972070723,0.0,0.0,0.0,0.01875,1.0145495631418797,0.0,0.0,29.753294040914625,d3153614d8968eb645ea6eb77a71ec9c273373bbbac3b5b8f069511b9b1053cb
stable_control,20025,influence_budget,0.2929804240225172,0.3291610173737665,0.3291610173737665,1.0,0.0,0.0,0.0,1.9242506218083435,5.288612598192406,0.9625,0.013908632020969095,0.1,0.0,1.0,0.00625,0.0,1.0,1.0,0.007922808134689836,0.0,0.0,0.0,0.0,0.8236524997709267,0.0,0.0,29.662870124913752,0958134e3d9b0f1508afd09e905a9bae1d5b1d2997400543ba0444ef9de52ed2
stable_control,20026,influence_budget,0.287798115245664,0.33044541156471624,0.33044541156471624,1.0,0.0,0.0,0.0,1.9156648191894348,6.38146022258016,0.9375,0.011066157520468047,0.08125,0.0,1.0,0.0,0.0,1.0,1.0,0.004192171224574352,0.0,0.0,0.0,0.0,0.9677278349269848,0.0,0.0,30.099561458919197,2490cafec0972dcfd35125435b8ad4d5f2162b90b4750942d6e0737fcfa78f94
stable_control,20027,influence_budget,0.2666530365490192,0.3040374624806674,0.3040374624806674,1.0,0.0,0.0,0.0,1.7226776865052915,5.376672464762591,0.96875,0.012067111384420317,0.05625,0.0,1.0,0.0125,0.0,1.0,1.0,0.007737741333121104,0.0,0.0,0.0,0.0,0.7882931615216296,0.0,0.0,30.29991766694002,cb5e8ad4fd32c2ce506e42ff71904d3c35b6374449779093e14a8d7abd39d9a3
stable_control,20028,influence_budget,0.24706614154809214,0.2734491061141752,0.2734491061141752,1.0,0.0,0.0,0.0,1.3734479382177631,3.6595081697205165,1.0,0.011569429328412078,0.09375,0.0,1.0,0.0125,0.0,1.0,1.0,0.010424056391896266,0.0,0.0,0.0,0.0,0.801364649182784,0.0,0.0,30.3330134160351,ee075db1d98c9d20a0be4ef4d37ca298af1c5349aaedb78ac0f2609159e83e22
stable_control,20029,influence_budget,0.27124508123757357,0.30229424946117167,0.30229424946117167,1.0,0.0,0.0,0.0,1.653484947292272,4.497987175504536,0.975,0.010443876944380502,0.0625,0.0,1.0,0.0,0.0,1.0,1.0,0.010191005534823428,0.0,0.0,0.0,0.0,1.0468499133402687,0.0,0.0,30.375211165985093,ef55670554399519712a37d290dedb48eccf2c9685fde2328f969a11475ac73f
stable_control,20030,influence_budget,0.2993450012395429,0.3424348329903286,0.3424348329903286,1.0,0.0,0.0,0.0,2.1631126107906318,6.467096073444428,0.93125,0.013120501119557888,0.09375,0.0,1.0,0.0125,0.0,1.0,1.0,0.010859645257698208,0.0,0.0,0.0,0.0,0.901410712283198,0.0,0.0,30.7459118750412,a45b40d8c602860c4c8ca92226d8236f3860d873e64615ba646fa3c091e71010
stable_control,20031,influence_budget,0.27705678392234645,0.30667878853439845,0.30667878853439845,1.0,0.0,0.0,0.0,1.7300509206556924,4.950875501780054,0.9625,0.013059808507910092,0.0625,0.0,0.99375,0.0,0.0,1.0,1.0,0.009755335246925817,0.0,0.0,0.0,0.0,0.8764163219297343,0.0,0.0,30.6946730830241,cf81dd16d1c7ad682c56ad46bdfdfd1f17a2a32e6047651d4b7ebce5284795e7
stable_control,20032,influence_budget,0.28032684971805805,0.3152515623889854,0.3152515623889854,1.0,0.0,0.0,0.0,1.7965586196465864,5.347470009665259,0.96875,0.013603968428154692,0.0875,0.0,1.0,0.0125,0.0,1.0,1.0,0.010449770493249268,0.0,0.0,0.0,0.00625,0.9562920440503533,0.0,0.0,29.776095541892573,72395e35fcef921493ac15519ba79e39672252b28f845208a2dd910b05578168
stable_control,20033,influence_budget,0.2665912774096338,0.2850375613624879,0.2850375613624879,0.9875,0.0,0.0125,0.0,1.4546385964337412,3.899501919489828,0.98125,0.016140289966333918,0.1125,0.0,0.99375,0.00625,0.0,1.0,1.0,0.007803911637032571,0.0,0.0,0.0,0.0,1.3677696610376127,0.0,0.0,30.067429041024297,05241236ff434185056ad9fa7d88c5fd5a3f1cf4e889ac8aaf928383c2f9bead
stable_control,20034,influence_budget,0.2683638854709419,0.30394838638397753,0.30394838638397753,1.0,0.0,0.0,0.0,1.655287467926491,4.867913731379583,0.9875,0.01176012291993881,0.08125,0.0,1.0,0.01875,0.0,1.0,1.0,0.01039141608038812,0.0,0.0,0.0,0.03125,0.9469389865015068,0.0,0.0,30.12065716716461,c88e263e2e0e1232ed7f05cbc94f298228b53e090193393b67472feeb9b3cbff
stable_control,20035,influence_budget,0.2862256292129093,0.32606540009617446,0.32606540009617446,1.0,0.0,0.0,0.0,1.9587635038027353,5.920051343740889,0.95,0.014971085451590923,0.08125,0.0,1.0,0.0,0.0,1.0,1.0,0.0047274404795463205,0.0,0.0,0.0,0.0,0.8488092007994315,0.0,0.0,30.11417429195717,4d14ed5a84d7a76aa0a75ae3898f02648d8ffea306a9516ce38906b81300414f
stable_control,20036,influence_budget,0.2706344139586129,0.30629685261589235,0.30629685261589235,1.0,0.0,0.0,0.0,1.695193532529709,4.818614813966791,0.96875,0.010423297615865778,0.0625,0.0,1.0,0.0,0.0,1.0,1.0,0.006869674254186486,0.0,0.0,0.0,0.0,1.3085356654831406,0.0,0.0,30.164913167012855,1025329412487edcb2ec915c2b0d237d681a965f6b95813d5b0087acff99088c
stable_control,20037,influence_budget,0.2597926365968907,0.28972579736391424,0.28972579736391424,1.0,0.0,0.0,0.0,1.5567267272707952,4.346382927811885,0.99375,0.01232783643925735,0.125,0.0,1.0,0.00625,0.0,1.0,1.0,0.008288099038544286,0.0,0.0,0.0,0.0,0.8867486559204739,0.0,0.0,30.392067458014935,ec5ba17aa057a4b6e37e0c90b1bcd5c9699ec2ec586d7dda13dd5fd9d1583a6c
stable_control,20038,influence_budget,0.25061752593445746,0.2829824214450895,0.2829824214450895,1.0,0.0,0.0,0.0,1.454129424248173,4.791415956313002,0.98125,0.011345130645854901,0.075,0.0,1.0,0.0125,0.0,1.0,1.0,0.008526024881324572,0.0,0.0,0.0,0.0,1.135638688828187,0.0,0.0,30.79152062512003,fa8ff1795eb897d3d2eb3f0f7f08f88ac719145d8d21b6f9106d9d8e9d46b370
stable_control,20039,influence_budget,0.2869886569235348,0.3216336378259936,0.3216336378259936,1.0,0.0,0.0,0.0,1.8293922559552798,5.066153003188417,0.975,0.01242094661608364,0.075,0.0,1.0,0.01875,0.0,1.0,1.0,0.009024172350983052,0.0,0.0,0.0,0.0,1.0843168033180777,0.0,0.0,30.608461417024955,5858c2c5eb8b7415e47603a0881e36130a1e825ebac915a35ccaed4f09ccc4a4
stable_control,20000,combined,0.28729238068569424,0.32097829319667437,0.32097829319667437,1.0,0.0,0.0,0.0,1.9065715964874859,5.238877860845908,0.975,0.012249619186558845,0.09375,0.0,1.0,0.0,0.0,0.995905374806252,0.840156158170045,0.0,0.0,0.0,0.0,0.0,0.8727470610075578,0.0,0.0,30.468409833032638,0d2f2a71f145f6b2a7a2a065ba7d41d1333023fb49e1c2ff4d9a8751ce345740
stable_control,20001,combined,0.2601888835246936,0.2981006902854293,0.2981006902854293,1.0,0.0,0.0,0.0,1.5524321718033023,4.149900773291518,0.975,0.011058812082399916,0.0875,0.0,1.0,0.0,0.0,0.99552270858251,0.8479328888180706,0.0,0.0,0.0,0.0,0.0,0.8829990577960807,0.0,0.0,30.041777041042224,dfdf705ea951f7261237cd7feb664dc3154ec4b40c94755f06e1eda62c7850df
stable_control,20002,combined,0.282329015333716,0.3124490409401511,0.3124490409401511,0.9875,0.0,0.0125,0.0,1.7539994952501043,5.990825155580213,0.95,0.017896529091257322,0.11875,0.0,1.0,0.0,0.0,0.9956208482541069,0.8336414150122902,0.0,0.0,0.0,0.0,0.0,1.2301823121394058,0.0,0.0,30.82985083386302,2552af2856e6bc6a038904cdec3b21b57ec583f738d99bd656eb4d35178a2409
stable_control,20003,combined,0.2613018039107262,0.3015938943442577,0.3015938943442577,1.0,0.0,0.0,0.0,1.6536212287684129,5.283095214148917,0.9625,0.015775778917750324,0.14375,0.0,0.99375,0.0,0.0,0.994778442550394,0.7727375148956876,0.0,0.0,0.0,0.0,0.0,0.66817267224814,0.0,0.0,29.58865633304231,0f52c9ed568adc906a7dca7d2af3852dc2b5b09bbf91655a4a10188dfff9d111
stable_control,20004,combined,0.27481066379723174,0.30887157439209223,0.30887157439209223,1.0,0.0,0.0,0.0,1.755600192993676,4.934592113091182,0.975,0.014025486291970961,0.16875,0.0,1.0,0.0,0.0,0.9927799536657215,0.6979975181304731,0.0,0.0,0.0,0.0,0.0,0.9031812654033761,0.0,0.0,29.7477204578463,3dfbe4107460eb3d453b9765a90a2ab4dd660ac69344fcf495b72b46eaf48823
stable_control,20005,combined,0.2699525834213115,0.30677265908332485,0.30677265908332485,1.0,0.0,0.0,0.0,1.7439260064759092,4.921520824811473,0.9625,0.010200721779829494,0.04375,0.0,1.0,0.0,0.0,0.9969084504735115,0.7224173846669272,0.0,0.0,0.0,0.0,0.00625,0.6527333126871693,0.0,0.0,30.587526750052348,05ea39e54dbb09871ded9e562d2142b2ec3859e44d185cd959377929a250f818
stable_control,20006,combined,0.2666721478432663,0.30220564906304204,0.30220564906304204,1.0,0.0,0.0,0.0,1.6726500423964132,4.480442355570401,0.98125,0.012598159510258295,0.0875,0.0,1.0,0.0,0.0,0.9950209673543645,0.70369730887301,0.0,0.0,0.0,0.0,0.0,0.9914063169580327,0.0,0.0,30.29487849981524,b4e64b2b6dc806476cefd4f0af8a7bcd365361d5dd0c5f70c6179e5cb3e663af
stable_control,20007,combined,0.2738508204715034,0.3077006408804126,0.3077006408804126,1.0,0.0,0.0,0.0,1.7514411967637993,4.986177404628046,0.96875,0.015847166782620766,0.0875,0.0,1.0,0.0,0.0,0.9953354866664018,0.659265806992628,0.0,0.0,0.0,0.0,0.0,0.7716660270980653,0.0,0.0,29.308799791848287,61ec0078bba47a75f425d8e4d701bfd363055f98a6b56283a2e2934b0695d773
stable_control,20008,combined,0.2746359451444019,0.30077739844450363,0.30077739844450363,0.99375,0.0,0.00625,0.0,1.6655311565777957,4.900618896074735,0.96875,0.015998818306992076,0.09375,0.0,1.0,0.0,0.0,0.9962092510312683,0.8460686939636479,0.0,0.0,0.0,0.0,0.00625,0.9432724711182121,0.0,0.0,29.773902541957796,4a43f7c8c8703ef1529c6aae91fcaa6bfc116e4932ed59f78e62198cf97181b6
stable_control,20009,combined,0.28486342871701886,0.324011983599267,0.324011983599267,1.0,0.0,0.0,0.0,1.8943673408822908,5.568214455116237,0.9625,0.01631247089237118,0.0875,0.0,0.99375,0.0,0.0,0.9955265346566982,0.7392273445197233,0.0,0.0,0.0,0.0,0.0,1.0276253777849405,0.0,0.0,30.03590458398685,16bd9933c3095e48f075922dbfc17849f2c5a5d2e89eca7238b66eab6a6f0e63
stable_control,20010,combined,0.27429324317722276,0.3130547224867193,0.3130547224867193,1.0,0.0,0.0,0.0,1.7448378927843453,5.456874798747433,0.9625,0.012334136221215554,0.09375,0.0,1.0,0.0,0.0,0.9961937879917402,0.8091037797335066,0.0,0.0,0.0,0.0,0.0,0.8875113721353654,0.0,0.0,29.622813625028357,3efdbfee3770bfaf227b915ce69d4824dd522113a6bd8d04c8468231285c9ec5
stable_control,20011,combined,0.2712739822659088,0.30880400291493315,0.30880400291493315,1.0,0.0,0.0,0.0,1.7674220225938568,6.046400329049902,0.94375,0.011400387392056996,0.125,0.0,1.0,0.0,0.0,0.9960018700009499,0.8919056551722326,0.0,0.0,0.0,0.0,0.0,0.7749503017153565,0.0,0.0,30.2582538749557,e686b9581a2f030f5c195115b0947be5366819981404642c671b69097bd4bdeb
stable_control,20012,combined,0.2536061041763328,0.2819402099200254,0.2819402099200254,1.0,0.0,0.0,0.0,1.4591028651962885,4.220406086971337,0.99375,0.011428128159749357,0.125,0.0,1.0,0.0,0.0,0.9966614554454637,0.8354489673254077,0.0,0.0,0.0,0.0,0.01875,0.7619713609472466,0.0,0.0,30.13344308291562,836729f1ceafa61a8e121bf08fedd7c837f967bcd5d73f10947ae9d373f9bc92
stable_control,20013,combined,0.29436078617361755,0.32866128065437683,0.32866128065437683,1.0,0.0,0.0,0.0,1.9944652272834678,5.9824324302928,0.95625,0.012800353567499062,0.05625,0.0,1.0,0.0,0.0,0.9980114717929947,0.8857648690816806,0.0,0.0,0.0,0.0,0.01875,0.8471072038601861,0.0,0.0,30.31057183397934,e3920a01d2aaf2448519d358b143fc0e21e3b340dd6149ff3da22f6a7caa4f25
stable_control,20014,combined,0.2839239260795686,0.31214056696221765,0.31214056696221765,1.0,0.0,0.0,0.0,1.8051300498927945,4.851984207858456,0.98125,0.011626643275107576,0.0875,0.0,1.0,0.0,0.0,0.9965190580966133,0.7767213591295321,0.0,0.0,0.0,0.0,0.0,0.8184352394591583,0.0,0.0,30.81165249994956,9549db86c09743a4f4d462029ef2ef06ee744fe462c9ceb74147f660d9c098e3
stable_control,20015,combined,0.2826485190461138,0.3139910398203796,0.3139910398203796,0.99375,0.0,0.00625,0.0,1.8285249116739564,6.101121433469537,0.9375,0.01398805569277431,0.08125,0.0,1.0,0.0,0.0,0.9964693067346243,0.7983935666742957,0.0,0.0,0.0,0.0,0.00625,0.9119248642611707,0.0,0.0,30.636964208912104,55123d463b2bdd05bf4592baf1f824898d35a3b649a38c88380b2682b2d7172d
stable_control,20016,combined,0.28523328054378194,0.31866583257196085,0.31866583257196085,1.0,0.0,0.0,0.0,1.8437343952112921,4.987499491944663,0.98125,0.014571592888185353,0.1125,0.0,1.0,0.0,0.0,0.9958976275255864,0.8426166959397465,0.0,0.0,0.0,0.0,0.0,1.0817098792391058,0.0,0.0,29.91224520886317,39ad4ec9def956be2babc10b41905432e37b107e85d93a911413f401b54b101b
stable_control,20017,combined,0.27000897387509,0.3090994716088726,0.3090994716088726,1.0,0.0,0.0,0.0,1.6821973221163433,4.615535627061273,0.96875,0.011767275102190689,0.0875,0.0,1.0,0.0,0.0,0.9979136293098531,0.8897869030191259,0.0,0.0,0.0,0.0,0.0,0.9942665472291765,0.0,0.0,29.94187487498857,d040a7fcb11c0a8d0b4a2eafc986565f95b0987d7e39fa7e61c1b2103ba30132
stable_control,20018,combined,0.2674865315363551,0.30314970202505603,0.30314970202505603,1.0,0.0,0.0,0.0,1.643134572682761,4.369564998091326,0.98125,0.016855688557485433,0.125,0.0,1.0,0.0,0.0,0.9933678182700119,0.6234551164988731,0.0,0.0,0.0,0.0,0.0,1.0778705921903449,0.0,0.0,29.8655247092247,a9a7995cf822fa4519b8636b47f4933a78458a7aee55e0222fa7011cbab01223
stable_control,20019,combined,0.2841543266093064,0.3231894913057375,0.3231894913057375,1.0,0.0,0.0,0.0,1.9071543866920186,6.186294314418467,0.94375,0.012550552381246768,0.1125,0.0,1.0,0.0,0.0,0.9958196991386365,0.805677132828424,0.0,0.0,0.0,0.0,0.0125,1.0175787450122207,0.0,0.0,29.958337417105213,ac661382c0546fa31959ff75bc0085cff3d2e18cd84b4d8d96b8201ba9d62949
stable_control,20020,combined,0.24768518854865706,0.2846197085280038,0.2846197085280038,1.0,0.0,0.0,0.0,1.4749948692166979,4.543690892144375,0.975,0.013044257841656517,0.08125,0.0,1.0,0.0,0.0,0.9973387852725739,0.8384199188468872,0.0,0.0,0.0,0.0,0.0,1.0473339579103036,0.0,0.0,30.244326333049685,0fc588737ea534c06995e0a67c633b4ecf0f6b4f6d36ac84102cd835cb678bea
stable_control,20021,combined,0.2519071659030205,0.2949027524415933,0.2949027524415933,1.0,0.0,0.0,0.0,1.474638572577963,5.196797696836777,0.9625,0.010489369859445919,0.06875,0.0,0.99375,0.0,0.0,0.9966952110136287,0.8269583452711953,0.0,0.0,0.0,0.0,0.0,0.6857012817424505,0.0,0.0,30.3710199999623,647a09ab98da04e68535691514e5617c1f9b144bb02383bf16234f69b547e2fd
stable_control,20022,combined,0.2766179956011019,0.3073220580460141,0.3073220580460141,1.0,0.0,0.0,0.0,1.7085043575339978,4.112453972451628,0.975,0.013929701622686136,0.1125,0.0,1.0,0.0,0.0,0.9950181546161566,0.6147607621269574,0.0,0.0,0.0,0.0,0.0,0.8198143010031433,0.0,0.0,31.00276912515983,bdfbff98a9e639391f1474aa523b3f8b0890e4d81008802c3bb5383dcceb898d
stable_control,20023,combined,0.2752073537905235,0.309138912517693,0.309138912517693,1.0,0.0,0.0,0.0,1.773779385585034,5.1008327955819945,0.9625,0.012558544391826913,0.0875,0.0,1.0,0.0,0.0,0.9957840736173674,0.7149951189011797,0.0,0.0,0.0,0.0,0.01875,1.1106450075771632,0.0,0.0,31.079013040987775,a5f2b5e15a7ec4cb005fad3b9a2bc88f2cef02de10483c4d3240fd0bc2cd326b
stable_control,20024,combined,0.2784754513520652,0.3147558326083805,0.3147558326083805,1.0,0.0,0.0,0.0,1.805815111799853,5.868515211453206,0.95,0.011988939234814155,0.1,0.0,1.0,0.0,0.0,0.9976642014820625,0.9143177350179833,0.0,0.0,0.0,0.0,0.01875,1.0145495631418797,0.0,0.0,29.753294040914625,d3153614d8968eb645ea6eb77a71ec9c273373bbbac3b5b8f069511b9b1053cb
stable_control,20025,combined,0.29293823950227205,0.32912554222694324,0.32912554222694324,1.0,0.0,0.0,0.0,1.924144458774181,5.288612598192657,0.9625,0.01390888919882429,0.1,0.0,1.0,0.0,0.0,0.9941616541701318,0.7486440968607302,0.0,0.0,0.0,0.0,0.0,0.8236524997709267,0.0,0.0,29.662870124913752,0958134e3d9b0f1508afd09e905a9bae1d5b1d2997400543ba0444ef9de52ed2
stable_control,20026,combined,0.287798115245664,0.33044541156471624,0.33044541156471624,1.0,0.0,0.0,0.0,1.9156648191894348,6.38146022258016,0.9375,0.011066157520468047,0.08125,0.0,1.0,0.0,0.0,0.9964397746509478,0.8242222722628492,0.0,0.0,0.0,0.0,0.0,0.9677278349269848,0.0,0.0,30.099561458919197,2490cafec0972dcfd35125435b8ad4d5f2162b90b4750942d6e0737fcfa78f94
stable_control,20027,combined,0.2664870220463772,0.3039058871653396,0.3039058871653396,1.0,0.0,0.0,0.0,1.723813527434438,5.375026440280441,0.96875,0.012311178099093906,0.05625,0.0,1.0,0.0,0.0,0.998764267378691,0.8852065418432047,0.0,0.0,0.0,0.0,0.0,0.7882931615216296,0.0,0.0,30.29991766694002,cb5e8ad4fd32c2ce506e42ff71904d3c35b6374449779093e14a8d7abd39d9a3
stable_control,20028,combined,0.24705401586582149,0.27344432632179955,0.27344432632179955,1.0,0.0,0.0,0.0,1.3734036667614626,3.659528434154018,1.0,0.011577509604503813,0.09375,0.0,1.0,0.0,0.0,0.9965167444156917,0.7734914274885334,0.0,0.0,0.0,0.0,0.0,0.801364649182784,0.0,0.0,30.3330134160351,ee075db1d98c9d20a0be4ef4d37ca298af1c5349aaedb78ac0f2609159e83e22
stable_control,20029,combined,0.27124508123757357,0.30229424946117167,0.30229424946117167,1.0,0.0,0.0,0.0,1.653484947292272,4.497987175504536,0.975,0.010443876944380502,0.0625,0.0,1.0,0.0,0.0,0.9976095677247099,0.8088928555261665,0.0,0.0,0.0,0.0,0.0,1.0468499133402687,0.0,0.0,30.375211165985093,ef55670554399519712a37d290dedb48eccf2c9685fde2328f969a11475ac73f
stable_control,20030,combined,0.2991780195289145,0.3424032451962453,0.3424032451962453,1.0,0.0,0.0,0.0,2.1662030507129346,6.467603647262544,0.93125,0.013120524633298145,0.09375,0.0,1.0,0.0,0.0,0.9966886130377208,0.7635684074056825,0.0,0.0,0.0,0.0,0.0,0.901410712283198,0.0,0.0,30.7459118750412,a45b40d8c602860c4c8ca92226d8236f3860d873e64615ba646fa3c091e71010
stable_control,20031,combined,0.27705678392234645,0.30667878853439845,0.30667878853439845,1.0,0.0,0.0,0.0,1.7300509206556924,4.950875501780054,0.9625,0.013059808507910092,0.0625,0.0,0.99375,0.0,0.0,0.9968662507308619,0.7972840493238856,0.0,0.0,0.0,0.0,0.0,0.8764163219297343,0.0,0.0,30.6946730830241,cf81dd16d1c7ad682c56ad46bdfdfd1f17a2a32e6047651d4b7ebce5284795e7
stable_control,20032,combined,0.2803810967626233,0.31534178023557613,0.31534178023557613,1.0,0.0,0.0,0.0,1.7993060667782441,5.347470004696443,0.96875,0.013612408977385828,0.0875,0.0,1.0,0.0,0.0,0.9975416161898389,0.8449280973878401,0.0,0.0,0.0,0.0,0.00625,0.9562920440503533,0.0,0.0,29.776095541892573,72395e35fcef921493ac15519ba79e39672252b28f845208a2dd910b05578168
stable_control,20033,combined,0.26660770646950527,0.28504793213942137,0.28504793213942137,0.9875,0.0,0.0125,0.0,1.4547748949874793,3.899501919489828,0.98125,0.01614028996342151,0.1125,0.0,0.99375,0.0,0.0,0.9932609759849814,0.5499988731641221,0.0,0.0,0.0,0.0,0.0,1.3677696610376127,0.0,0.0,30.067429041024297,05241236ff434185056ad9fa7d88c5fd5a3f1cf4e889ac8aaf928383c2f9bead
stable_control,20034,combined,0.26778924025776296,0.3035337939598434,0.3035337939598434,1.0,0.0,0.0,0.0,1.6513143747695918,4.8287235555802,0.9875,0.011912853827956978,0.08125,0.0,1.0,0.0,0.0,0.9979803762218197,0.8911902395430844,0.0,0.0,0.0,0.0,0.03125,0.9469389865015068,0.0,0.0,30.12065716716461,c88e263e2e0e1232ed7f05cbc94f298228b53e090193393b67472feeb9b3cbff
stable_control,20035,combined,0.2862256292129093,0.32606540009617446,0.32606540009617446,1.0,0.0,0.0,0.0,1.9587635038027353,5.920051343740889,0.95,0.014971085451590923,0.08125,0.0,1.0,0.0,0.0,0.9956411635347276,0.7926903282279587,0.0,0.0,0.0,0.0,0.0,0.8488092007994315,0.0,0.0,30.11417429195717,4d14ed5a84d7a76aa0a75ae3898f02648d8ffea306a9516ce38906b81300414f
stable_control,20036,combined,0.2706344139586129,0.30629685261589235,0.30629685261589235,1.0,0.0,0.0,0.0,1.695193532529709,4.818614813966791,0.96875,0.010423297615865778,0.0625,0.0,1.0,0.0,0.0,0.9969853779827307,0.8278735997552835,0.0,0.0,0.0,0.0,0.0,1.3085356654831406,0.0,0.0,30.164913167012855,1025329412487edcb2ec915c2b0d237d681a965f6b95813d5b0087acff99088c
stable_control,20037,combined,0.2597242755581711,0.28965937372613443,0.28965937372613443,1.0,0.0,0.0,0.0,1.5561074616705965,4.34638292748514,0.99375,0.012327836439257353,0.125,0.0,1.0,0.0,0.0,0.9947409396485796,0.67967514564231,0.0,0.0,0.0,0.0,0.0,0.8867486559204739,0.0,0.0,30.392067458014935,ec5ba17aa057a4b6e37e0c90b1bcd5c9699ec2ec586d7dda13dd5fd9d1583a6c
stable_control,20038,combined,0.2507684502164853,0.2830902980998705,0.2830902980998705,1.0,0.0,0.0,0.0,1.4554395464512553,4.791415956312869,0.98125,0.011345163937718908,0.075,0.0,1.0,0.0,0.0,0.9966533304817464,0.7243593417116498,0.0,0.0,0.0,0.0,0.0,1.135638688828187,0.0,0.0,30.79152062512003,fa8ff1795eb897d3d2eb3f0f7f08f88ac719145d8d21b6f9106d9d8e9d46b370
stable_control,20039,combined,0.28679902667897766,0.32129532857040566,0.32129532857040566,1.0,0.0,0.0,0.0,1.8340845160215031,5.0793626366989075,0.975,0.012423223654846575,0.075,0.0,1.0,0.0,0.0,0.9971346818424713,0.8607996859239889,0.0,0.0,0.0,0.0,0.0,1.0843168033180777,0.0,0.0,30.608461417024955,5858c2c5eb8b7415e47603a0881e36130a1e825ebac915a35ccaed4f09ccc4a4
failure_partition,20000,m9c_baseline,0.36769919606591783,0.421110470138176,0.421110470138176,1.0,0.0,0.0,0.0,1.751622081198375,4.745452887581191,0.98125,0.015062685076212685,0.0,0.0,0.0,0.0,0.0,1.0,1.0,0.0,0.0,0.0,0.0,0.675,0.8918217364204732,0.0,0.0,24.798256249865517,105912c16a86086745d269e79f5f40f4df0de0ad4734372c8534fc701b228c21
failure_partition,20001,m9c_baseline,0.321082153634092,0.36898614888872044,0.36898614888872044,1.0,0.0,0.0,0.0,1.6647331411666833,4.962523242466702,0.9875,0.0120031075828799,0.0,0.0,0.0,0.0,0.0,1.0,1.0,0.0,0.0,0.0,0.0,0.65625,0.8854731739518449,0.0,0.0,24.993909916840494,a953a74323b2fa431567cf4b7a9ffb50775170bb489a821fbfc2755829e1d68f
failure_partition,20002,m9c_baseline,0.3860815324985814,0.44635056827010494,0.44635056827010494,0.98125,0.0,0.01875,0.0,1.872199528460468,5.768595444889037,0.95625,0.03094290185854544,0.0,0.0,0.0,0.0,0.0,1.0,1.0,0.0,0.0,0.0,0.0,0.225,1.1524737468522743,0.0,0.0,24.96495912503451,6f5f08dbbcc2af2ec1494713b8e36fe6d516d8edd6cc93ce17c22a4eca2bb592
failure_partition,20003,m9c_baseline,0.300190065040445,0.3427578724221654,0.3427578724221654,0.99375,0.0,0.00625,0.0,1.4183340056963467,3.893556930475768,0.96875,0.022346906245356808,0.0,0.0,0.0,0.0,0.0,1.0,1.0,0.0,0.0,0.0,0.0,0.63125,0.6846825289653251,0.0,0.0,25.30500241694972,8599004a2203be31ff6aa2878659b36b49a48676634f722383135a0ad907c7ac
failure_partition,20004,m9c_baseline,0.30692135853487973,0.3511209313175989,0.3511209313175989,1.0,0.0,0.0,0.0,1.525353885720914,4.919600690338648,0.98125,0.015881675353587053,0.0,0.0,0.0,0.0,0.0,1.0,1.0,0.0,0.0,0.0,0.0,0.06875,0.8890040655472097,0.0,0.0,25.644149666884914,aa2afcdcdd0a173c47b31e9d6387214ea235ef1a43fe7d19a41f46b284141877
failure_partition,20005,m9c_baseline,0.4001763617755728,0.4449735823020387,0.4449735823020387,0.9625,0.0,0.0375,0.0,1.7248246862900323,4.985954886824635,0.96875,0.024280542860097305,0.0,0.0,0.0,0.0,0.0,1.0,1.0,0.0,0.0,0.0,0.0,0.0,0.6285497954396144,0.0,0.0,24.57531545800157,bb177bca3051770c627f07e16103e04f310aa32b7fd0c6d00a517bad4f1cff31
failure_partition,20006,m9c_baseline,0.40140158323063846,0.4424743338263979,0.4424743338263979,0.95625,0.0,0.04375,0.0,1.6608579279515348,4.611838385338316,0.96875,0.0270859451157226,0.0,0.0,0.0,0.0,0.0,1.0,1.0,0.0,0.0,0.0,0.0,0.69375,0.9757092918104873,0.0,0.0,24.588416249956936,e1e7cb022d91ebe937375da5bfd089ec78438ea6a0c205ec5886f97ef95df38b
failure_partition,20007,m9c_baseline,0.3863873303250949,0.42261898049965624,0.42261898049965624,0.96875,0.0,0.03125,0.0,1.744537410488764,5.714945213823332,0.96875,0.02601184515983922,0.0,0.0,0.0,0.0,0.0,1.0,1.0,0.0,0.0,0.0,0.0,0.11875,0.7761200864400364,0.0,0.0,25.227119541959837,102db775863397cb1e958e4896ee494e53004a96e1a77b53fa71ebbac655002c
failure_partition,20008,m9c_baseline,0.334986600185168,0.3672752739818947,0.3672752739818947,0.9875,0.0,0.0125,0.0,1.5745709373545487,4.184589109379738,0.99375,0.02422398113408796,0.0,0.0,0.0,0.0,0.0,1.0,1.0,0.0,0.0,0.0,0.0,0.15625,0.9378889720815602,0.0,0.0,24.97694916697219,22756f96f9f84739785ee66be6d1d12a4619b58c05fa254a72ac83a1f97f6d7c
failure_partition,20009,m9c_baseline,0.342495144549678,0.3895969968727101,0.3895969968727101,0.99375,0.0,0.00625,0.0,1.8112129688948477,5.666201590495586,0.9625,0.02151590423577803,0.0,0.0,0.0,0.0,0.0,1.0,1.0,0.0,0.0,0.0,0.0,0.69375,1.0011425660922328,0.0,0.0,24.76497820788063,70c47bca8ea91ae6ce4591c9be417934bdcb62ea51cc201016c113e94d40d951
failure_partition,20010,m9c_baseline,0.3692016680625536,0.4017700253838242,0.4017700253838242,0.98125,0.0,0.01875,0.0,1.7316721654127885,4.631419078757217,0.98125,0.018860570325797472,0.0,0.0,0.0,0.0,0.0,1.0,1.0,0.0,0.0,0.0,0.0,0.69375,0.8990534822156263,0.0,0.0,24.7984222501982,de81737fbd2544db93daf073b0b7430bd3fbffc2d7f527988e77c9c442a5e565
failure_partition,20011,m9c_baseline,0.34045868478562624,0.3885974060819389,0.3885974060819389,0.99375,0.0,0.00625,0.0,1.656231529812733,4.841082995301315,0.98125,0.019096996761251768,0.0,0.0,0.0,0.0,0.0,1.0,1.0,0.0,0.0,0.0,0.0,0.0,0.761636175694008,0.0,0.0,25.126178625039756,b644ce607cfec3d649f3d5d2b2940384553151bc79067064b1d1dd1f7c28c436
failure_partition,20012,m9c_baseline,0.44249878539064724,0.48856448424336446,0.48856448424336446,0.93125,0.0,0.06875,0.0,1.4367569040804486,4.422155641107312,0.98125,0.029955237704459382,0.0,0.0,0.0,0.0,0.0,1.0,1.0,0.0,0.0,0.0,0.0,0.0125,0.7467117986593799,0.0,0.0,23.967250167159364,270fa0cf5bf73dca2c832e4c4cae8b521d75dd629435ee11649abff9f0e9bd14
failure_partition,20013,m9c_baseline,0.3539246421505732,0.41000261979463937,0.41000261979463937,1.0,0.0,0.0,0.0,1.6150396050749554,4.297919081712009,0.99375,0.015810194712371897,0.0,0.0,0.0,0.0,0.0,1.0,1.0,0.0,0.0,0.0,0.0,0.61875,0.8452877366770416,0.0,0.0,23.97538624983281,afc276c17ace7afdc310ad85e72567db524a280366c999abcff176ddde460cc4
failure_partition,20014,m9c_baseline,0.41841406413744353,0.4039837264181629,0.4039837264181629,0.91875,0.0,0.08125,0.0,1.8192117816706808,4.5234400717524155,0.99375,0.03666683924567865,0.0,0.0,0.0,0.0,0.0,1.0,1.0,0.0,0.0,0.0,0.0,0.10625,0.798666419341927,0.0,0.0,25.64043145813048,6ea75d92f7845cfb48e5509d38dab6ab3713b2052cf441b3fae15bb069f2de33
failure_partition,20015,m9c_baseline,0.3639950993975196,0.41806321588156536,0.41806321588156536,0.99375,0.0,0.00625,0.0,1.6634550074393601,4.747671224087312,0.96875,0.01984644751434752,0.0,0.0,0.0,0.0,0.0,1.0,1.0,0.0,0.0,0.0,0.0,0.20625,0.8831217912494431,0.0,0.0,25.004329374991357,3fa03540a7ee836926eccf6814b7396e5128c8e78f88c2fc2d00967efa386ac7
failure_partition,20016,m9c_baseline,0.43009701716193477,0.4413836041118571,0.4413836041118571,0.95,0.0,0.05,0.0,2.0068822721197908,4.90769482911973,0.9875,0.02530210665075151,0.0,0.0,0.0,0.0,0.0,1.0,1.0,0.0,0.0,0.0,0.0,0.175,1.0207468472285155,0.0,0.0,23.815319458022714,b47bb6010b5c03a52a521054c7ee0ca1594efa0d16d3cd0069899c6de8a3f589
failure_partition,20017,m9c_baseline,0.3763650374086134,0.4293343972688884,0.4293343972688884,0.975,0.0,0.025,0.0,1.5654453996790856,4.674145095134074,0.975,0.02351923310487497,0.0,0.0,0.0,0.0,0.0,1.0,1.0,0.0,0.0,0.0,0.0,0.6875,0.9819638072819071,0.0,0.0,23.61186212510802,8cdc7aa8f601a48448035c06b3f1346c43db7b78c588a399014267b1a63ffeeb
failure_partition,20018,m9c_baseline,0.37717554232605116,0.4178013900605219,0.4178013900605219,0.96875,0.0,0.03125,0.0,1.4831749741959435,4.052177866761419,0.975,0.027048184275931753,0.0,0.0,0.0,0.0,0.0,1.0,1.0,0.0,0.0,0.0,0.0,0.69375,1.0489219545632735,0.0,0.0,23.52165829204023,91e2f039fe31a6bb4eef4c51f687bd7178ca29e713c5053ac1cd1683452b8e61
failure_partition,20019,m9c_baseline,0.3652460598875834,0.398267896336841,0.398267896336841,0.98125,0.0,0.01875,0.0,1.814593394626598,5.578435470762593,0.95625,0.02095480369751376,0.0,0.0,0.0,0.0,0.0,1.0,1.0,0.0,0.0,0.0,0.0,0.69375,1.0091209914266532,0.0,0.0,24.73056891700253,4da7b6a13a66d490e0d935ca1019ec5af5cf1ce138a750b1562337cbf61ff39a
failure_partition,20020,m9c_baseline,0.3627657165849813,0.422471165850193,0.422471165850193,0.975,0.0,0.025,0.0,1.5804224256176578,4.9824457516407605,0.95625,0.021082125509386512,0.0,0.0,0.0,0.0,0.0,1.0,1.0,0.0,0.0,0.0,0.0,0.69375,1.0238468372732794,0.0,0.0,24.28326595784165,0f088b1fe5a8be608d609da00ba9ce80cfccf469839fa06a30b77427389b7a7b
failure_partition,20021,m9c_baseline,0.3454489732453222,0.39615947794878614,0.39615947794878614,0.99375,0.0,0.00625,0.0,1.6250649464015674,4.963474141973767,0.9625,0.018274133318531595,0.0,0.0,0.0,0.0,0.0,1.0,1.0,0.0,0.0,0.0,0.0,0.65625,0.7009699306276267,0.0,0.0,24.052444416098297,463adc6d1a7d63abc8d0758c7fa1a4b5036936920e514fe0cf5c2efc91bbd860
failure_partition,20022,m9c_baseline,0.3723046460403191,0.37316642717751947,0.37316642717751947,0.94375,0.0,0.05625,0.0,1.6180051988029067,4.418918973515951,0.9875,0.02778367796314919,0.0,0.0,0.0,0.0,0.0,1.0,1.0,0.0,0.0,0.0,0.0,0.125,0.8107242143014115,0.0,0.0,24.979419959010556,427a938513827b5c9e178a2876db8240f50998ee722028de8ce00cb184f56cdc
failure_partition,20023,m9c_baseline,0.3568678439103567,0.4101165740984624,0.4101165740984624,0.99375,0.0,0.00625,0.0,1.696060353087585,4.973986376399555,0.96875,0.021020130449253584,0.0,0.0,0.0,0.0,0.0,1.0,1.0,0.0,0.0,0.0,0.0,0.69375,1.0652007478369612,0.0,0.0,24.639263625023887,ffa9befcbe02e1c5e0a098895df8608e9c859f6670140964312ae5dc08afbcd7
failure_partition,20024,m9c_baseline,0.33766036701792784,0.3691111225859485,0.3691111225859485,0.99375,0.0,0.00625,0.0,1.6869439558814332,4.834010315054793,0.975,0.018423503720138828,0.0,0.0,0.0,0.0,0.0,1.0,1.0,0.0,0.0,0.0,0.0,0.2125,0.9683840007846856,0.0,0.0,25.00187287502922,5c61552046a62a293dcf663dd0839977bc119a5ef8cbb5265195f8e3e5f08ee6
failure_partition,20025,m9c_baseline,0.4166037592718975,0.4268210552143195,0.4268210552143195,0.9375,0.0,0.0625,0.0,1.877163458291274,5.58895033606507,0.96875,0.02453376055065255,0.0,0.0,0.0,0.0,0.0,1.0,1.0,0.0,0.0,0.0,0.0,0.61875,0.8290613085032529,0.0,0.0,24.326151583110914,4f976eace0041c077f39890176efc06217b8357b532fb4692d140abac7629f50
failure_partition,20026,m9c_baseline,0.40019632554287804,0.45511905450455375,0.45511905450455375,0.9875,0.0,0.0125,0.0,1.7374330424449607,4.995773908465076,0.9625,0.02164067801945473,0.0,0.0,0.0,0.0,0.0,1.0,1.0,0.0,0.0,0.0,0.0,0.225,0.9392603413481373,0.0,0.0,23.911723125027493,4efca25952bec640b73f33520da3acda1abe3ca255e020b7dbc9c7993a881339
failure_partition,20027,m9c_baseline,0.3322203910593923,0.3540198403194937,0.3540198403194937,0.9625,0.0,0.0375,0.0,1.5775106935489533,4.7103635547976275,0.975,0.024787788309487215,0.0,0.0,0.0,0.0,0.0,1.0,1.0,0.0,0.0,0.0,0.0,0.63125,0.7813019365804879,0.0,0.0,24.878437125124037,31a7afd32703ae0992b2d87cb9755bf1e0a9a5d91de76aa6e0371fbe0585ad61
failure_partition,20028,m9c_baseline,0.31721766425176556,0.35468549320390697,0.35468549320390697,1.0,0.0,0.0,0.0,1.353263240412162,3.4523809703779005,0.99375,0.01344608134897172,0.0,0.0,0.0,0.0,0.0,1.0,1.0,0.0,0.0,0.0,0.0,0.15625,0.7867217751515293,0.0,0.0,24.933861166005954,b4ac84cff87a0df1d1b0b3922c007ac4d4bfd5d7218baa890e91c24ac93459c7
failure_partition,20029,m9c_baseline,0.3559488280242519,0.38562714533839526,0.38562714533839526,0.975,0.0,0.025,0.0,1.729514873897044,4.851570807529737,0.96875,0.015525305553424015,0.0,0.0,0.0,0.0,0.0,1.0,1.0,0.0,0.0,0.0,0.0,0.69375,1.0157973653873702,0.0,0.0,24.78820470906794,61fefd23c22aa91738a3b6ec8e4d2c6251fb81f59088c084a9dbf92323f10218
failure_partition,20030,m9c_baseline,0.3687402663547531,0.42885308651394843,0.42885308651394843,1.0,0.0,0.0,0.0,2.0597625098700956,6.922170395858998,0.9375,0.014926655583065784,0.0,0.0,0.0,0.0,0.0,1.0,1.0,0.0,0.0,0.0,0.0,0.175,0.9034408029237401,0.0,0.0,25.594921665964648,3d2aa645e68efffc7a2873be3753b40e6a13005c0f566bbcc168d5343256cd13
failure_partition,20031,m9c_baseline,0.3925264294989338,0.41707887135691696,0.41707887135691696,0.9625,0.0,0.0375,0.0,1.5059304141149394,4.279320723546528,0.975,0.020164985714187195,0.0,0.0,0.0,0.0,0.0,1.0,1.0,0.0,0.0,0.0,0.0,0.21875,0.8686330442857967,0.0,0.0,24.098709667101502,03002d77ebadb33debcdd53e9137b23c133c742a08e9e687549ec456f158e5ef
failure_partition,20032,m9c_baseline,0.30963434157332687,0.34967765162609465,0.34967765162609465,1.0,0.0,0.0,0.0,1.689640464666494,5.176316635538887,0.9625,0.01323330357547447,0.0,0.0,0.0,0.0,0.0,1.0,1.0,0.0,0.0,0.0,0.0,0.66875,0.9566363752484669,0.0,0.0,25.065994709031656,bd0b0f7b2d248fea069698c18707c365d7882ddcd0428f53011744077fd45777
failure_partition,20033,m9c_baseline,0.38638998532706265,0.40022893780022045,0.40022893780022045,0.95625,0.0,0.04375,0.0,1.6511460574624302,4.666930874108429,0.98125,0.028445197144663127,0.0,0.0,0.0,0.0,0.0,1.0,1.0,0.0,0.0,0.0,0.0,0.21875,1.2449321439776455,0.0,0.0,24.347389874979854,2485a51e3e93d9a056848a055b06ed35db04cea36e9f8b9243367e4ad3a48cb6
failure_partition,20034,m9c_baseline,0.335795199142205,0.3660251795787321,0.3660251795787321,0.99375,0.0,0.00625,0.0,1.5811956727404781,4.641665424789207,0.9875,0.017383978248783825,0.0,0.0,0.0,0.0,0.0,1.0,1.0,0.0,0.0,0.0,0.0,0.65625,0.9479316740034447,0.0,0.0,24.134898249991238,406a2bd0a118340069688805c16756c5b06b64d8ae9784302e944ac70f357cc2
failure_partition,20035,m9c_baseline,0.3192377499091649,0.36077807550492547,0.36077807550492547,0.99375,0.0,0.00625,0.0,1.8289602419604474,5.38501908191832,0.9625,0.021868641738122745,0.0,0.0,0.0,0.0,0.0,1.0,1.0,0.0,0.0,0.0,0.0,0.68125,0.8635926392897391,0.0,0.0,25.092506374930963,240545164427d8142d559de69fc59a87fccc00fcadc4bdd9040e9952d42ea7f0
failure_partition,20036,m9c_baseline,0.4312046858251012,0.46075602053126125,0.46075602053126125,0.94375,0.0,0.05625,0.0,1.6925641992707547,5.198557920381792,0.96875,0.027441873737880505,0.0,0.0,0.0,0.0,0.0,1.0,1.0,0.0,0.0,0.0,0.0,0.6875,1.2077817488364606,0.0,0.0,23.686166666913778,6e2496cfe05800b0e86735a8520d5937a45f77cebd6fb071e7678aa3b8f8352c
failure_partition,20037,m9c_baseline,0.40420674471066453,0.4080789070095774,0.4080789070095774,0.93125,0.0,0.06875,0.0,1.5583717685426217,4.519702879365828,0.99375,0.031191750935082745,0.0,0.0,0.0,0.0,0.0,1.0,1.0,0.0,0.0,0.0,0.0,0.64375,0.9037163777212884,0.0,0.0,23.29150770790875,db3cd4c1852d35502c490b4a6381b0fedc181bd9f65cef67adabe286da302618
failure_partition,20038,m9c_baseline,0.38985103062779913,0.4122035637230823,0.4122035637230823,0.95625,0.0,0.04375,0.0,1.5417012633603062,4.448540996084619,0.98125,0.029854170097933414,0.0,0.0,0.0,0.0,0.0,1.0,1.0,0.0,0.0,0.0,0.0,0.69375,1.0725005274538906,0.0,0.0,23.93307441705838,8daeb62cb84fd15e1acff47bce162292db290b6cca8f591b74b68de727dc6039
failure_partition,20039,m9c_baseline,0.3319045443416724,0.37424220058357577,0.37424220058357577,1.0,0.0,0.0,0.0,1.8470123481678882,5.355046347393438,0.96875,0.017838563427193983,0.0,0.0,0.0,0.0,0.0,1.0,1.0,0.0,0.0,0.0,0.0,0.69375,1.040642448185421,0.0,0.0,25.415273792110384,4013653250a1b2aa27abf12d079ab22354a68580fe6a94c5c39d0b825a8f352e
failure_partition,20000,cross_channel,0.36769919606591783,0.421110470138176,0.421110470138176,1.0,0.0,0.0,0.0,1.751622081198375,4.745452887581191,0.98125,0.015062685076212685,0.0625,0.0,0.875,0.0,0.0,0.9956770571456616,0.840156158170045,0.0,0.0,0.0,0.0,0.675,0.8918217364204732,0.0,0.0,24.798256249865517,105912c16a86086745d269e79f5f40f4df0de0ad4734372c8534fc701b228c21
failure_partition,20001,cross_channel,0.321082153634092,0.36898614888872044,0.36898614888872044,1.0,0.0,0.0,0.0,1.6647331411666833,4.962523242466702,0.9875,0.0120031075828799,0.05625,0.0,0.85,0.0,0.0,0.9978090027190858,0.8868981229337991,0.0,0.0,0.0,0.0,0.65625,0.8854731739518449,0.0,0.0,24.993909916840494,a953a74323b2fa431567cf4b7a9ffb50775170bb489a821fbfc2755829e1d68f
failure_partition,20002,cross_channel,0.3860815324985814,0.44635056827010494,0.44635056827010494,0.98125,0.0,0.01875,0.0,1.872199528460468,5.768595444889037,0.95625,0.03094290185854544,0.09375,0.0,0.9,0.0,0.0,0.996377995204767,0.824763955659231,0.0,0.0,0.0,0.0,0.225,1.1524737468522743,0.0,0.0,24.96495912503451,6f5f08dbbcc2af2ec1494713b8e36fe6d516d8edd6cc93ce17c22a4eca2bb592
failure_partition,20003,cross_channel,0.300190065040445,0.3427578724221654,0.3427578724221654,0.99375,0.0,0.00625,0.0,1.4183340056963467,3.893556930475768,0.96875,0.022346906245356808,0.1125,0.0,0.91875,0.0,0.0,0.9949138575102671,0.7772314544261982,0.0,0.0,0.0,0.0,0.63125,0.6846825289653251,0.0,0.0,25.30500241694972,8599004a2203be31ff6aa2878659b36b49a48676634f722383135a0ad907c7ac
failure_partition,20004,cross_channel,0.30692135853487973,0.3511209313175989,0.3511209313175989,1.0,0.0,0.0,0.0,1.525353885720914,4.919600690338648,0.98125,0.015881675353587053,0.14375,0.0,0.93125,0.0,0.0,0.9925040835966522,0.8125260260122099,0.0,0.0,0.0,0.0,0.06875,0.8890040655472097,0.0,0.0,25.644149666884914,aa2afcdcdd0a173c47b31e9d6387214ea235ef1a43fe7d19a41f46b284141877
failure_partition,20005,cross_channel,0.4001763617755728,0.4449735823020387,0.4449735823020387,0.9625,0.0,0.0375,0.0,1.7248246862900323,4.985954886824635,0.96875,0.024280542860097305,0.025,0.0,0.76875,0.0,0.0,0.9985647680871519,0.8712254710619889,0.0,0.0,0.0,0.0,0.0,0.6285497954396144,0.0,0.0,24.57531545800157,bb177bca3051770c627f07e16103e04f310aa32b7fd0c6d00a517bad4f1cff31
failure_partition,20006,cross_channel,0.40140158323063846,0.4424743338263979,0.4424743338263979,0.95625,0.0,0.04375,0.0,1.6608579279515348,4.611838385338316,0.96875,0.0270859451157226,0.05,0.0,0.7125,0.0,0.0,0.997569750309669,0.7930642495688678,0.0,0.0,0.0,0.0,0.69375,0.9757092918104873,0.0,0.0,24.588416249956936,e1e7cb022d91ebe937375da5bfd089ec78438ea6a0c205ec5886f97ef95df38b
failure_partition,20007,cross_channel,0.3863873303250949,0.42261898049965624,0.42261898049965624,0.96875,0.0,0.03125,0.0,1.744537410488764,5.714945213823332,0.96875,0.02601184515983922,0.06875,0.0,0.89375,0.0,0.0,0.9969331344018947,0.7636625400291925,0.0,0.0,0.0,0.0,0.11875,0.7761200864400364,0.0,0.0,25.227119541959837,102db775863397cb1e958e4896ee494e53004a96e1a77b53fa71ebbac655002c
failure_partition,20008,cross_channel,0.334986600185168,0.3672752739818947,0.3672752739818947,0.9875,0.0,0.0125,0.0,1.5745709373545487,4.184589109379738,0.99375,0.02422398113408796,0.075,0.0,0.9125,0.0,0.0,0.9928459329970096,0.8187671048095615,0.0,0.0,0.0,0.0,0.15625,0.9378889720815602,0.0,0.0,24.97694916697219,22756f96f9f84739785ee66be6d1d12a4619b58c05fa254a72ac83a1f97f6d7c
failure_partition,20009,cross_channel,0.342495144549678,0.3895969968727101,0.3895969968727101,0.99375,0.0,0.00625,0.0,1.8112129688948477,5.666201590495586,0.9625,0.02151590423577803,0.06875,0.0,0.86875,0.0,0.0,0.9966383443067514,0.8090765348848044,0.0,0.0,0.0,0.0,0.69375,1.0011425660922328,0.0,0.0,24.76497820788063,70c47bca8ea91ae6ce4591c9be417934bdcb62ea51cc201016c113e94d40d951
failure_partition,20010,cross_channel,0.3692016680625536,0.4017700253838242,0.4017700253838242,0.98125,0.0,0.01875,0.0,1.7316721654127885,4.631419078757217,0.98125,0.018860570325797472,0.05625,0.0,0.9125,0.0,0.0,0.9986143167368489,0.9080266913086915,0.0,0.0,0.0,0.0,0.69375,0.8990534822156263,0.0,0.0,24.7984222501982,de81737fbd2544db93daf073b0b7430bd3fbffc2d7f527988e77c9c442a5e565
failure_partition,20011,cross_channel,0.34045868478562624,0.3885974060819389,0.3885974060819389,0.99375,0.0,0.00625,0.0,1.656231529812733,4.841082995301315,0.98125,0.019096996761251768,0.08125,0.0,0.925,0.0,0.0,0.9955711248574823,0.8202390634114856,0.0,0.0,0.0,0.0,0.0,0.761636175694008,0.0,0.0,25.126178625039756,b644ce607cfec3d649f3d5d2b2940384553151bc79067064b1d1dd1f7c28c436
failure_partition,20012,cross_channel,0.44249878539064724,0.48856448424336446,0.48856448424336446,0.93125,0.0,0.06875,0.0,1.4367569040804486,4.422155641107312,0.98125,0.029955237704459382,0.04375,0.0,0.66875,0.0,0.0,0.9983904416683117,0.8388173776958503,0.0,0.0,0.0,0.0,0.0125,0.7467117986593799,0.0,0.0,23.967250167159364,270fa0cf5bf73dca2c832e4c4cae8b521d75dd629435ee11649abff9f0e9bd14
failure_partition,20013,cross_channel,0.3539246421505732,0.41000261979463937,0.41000261979463937,1.0,0.0,0.0,0.0,1.6150396050749554,4.297919081712009,0.99375,0.015810194712371897,0.0375,0.0,0.66875,0.0,0.0,0.999015752570733,0.8913465032811463,0.0,0.0,0.0,0.0,0.61875,0.8452877366770416,0.0,0.0,23.97538624983281,afc276c17ace7afdc310ad85e72567db524a280366c999abcff176ddde460cc4
failure_partition,20014,cross_channel,0.41841406413744353,0.4039837264181629,0.4039837264181629,0.91875,0.0,0.08125,0.0,1.8192117816706808,4.5234400717524155,0.99375,0.03666683924567865,0.05625,0.0,0.9125,0.0,0.0,0.9966061631093442,0.8279356728821036,0.0,0.0,0.0,0.0,0.10625,0.798666419341927,0.0,0.0,25.64043145813048,6ea75d92f7845cfb48e5509d38dab6ab3713b2052cf441b3fae15bb069f2de33
failure_partition,20015,cross_channel,0.3639950993975196,0.41806321588156536,0.41806321588156536,0.99375,0.0,0.00625,0.0,1.6634550074393601,4.747671224087312,0.96875,0.01984644751434752,0.04375,0.0,0.75625,0.0,0.0,0.997455297738205,0.8060818626103406,0.0,0.0,0.0,0.0,0.20625,0.8831217912494431,0.0,0.0,25.004329374991357,3fa03540a7ee836926eccf6814b7396e5128c8e78f88c2fc2d00967efa386ac7
failure_partition,20016,cross_channel,0.43009701716193477,0.4413836041118571,0.4413836041118571,0.95,0.0,0.05,0.0,2.0068822721197908,4.90769482911973,0.9875,0.02530210665075151,0.06875,0.0,0.85,0.0,0.0,0.99830285218858,0.88465794386222,0.0,0.0,0.0,0.0,0.175,1.0207468472285155,0.0,0.0,23.815319458022714,b47bb6010b5c03a52a521054c7ee0ca1594efa0d16d3cd0069899c6de8a3f589
failure_partition,20017,cross_channel,0.3763650374086134,0.4293343972688884,0.4293343972688884,0.975,0.0,0.025,0.0,1.5654453996790856,4.674145095134074,0.975,0.02351923310487497,0.04375,0.0,0.7625,0.0,0.0,0.9977593944159399,0.8307480370286933,0.0,0.0,0.0,0.0,0.6875,0.9819638072819071,0.0,0.0,23.61186212510802,8cdc7aa8f601a48448035c06b3f1346c43db7b78c588a399014267b1a63ffeeb
failure_partition,20018,cross_channel,0.37717554232605116,0.4178013900605219,0.4178013900605219,0.96875,0.0,0.03125,0.0,1.4831749741959435,4.052177866761419,0.975,0.027048184275931753,0.1,0.0,0.76875,0.0,0.0,0.9878721729550339,0.6283028027947778,0.0,0.0,0.0,0.0,0.69375,1.0489219545632735,0.0,0.0,23.52165829204023,91e2f039fe31a6bb4eef4c51f687bd7178ca29e713c5053ac1cd1683452b8e61
failure_partition,20019,cross_channel,0.3652460598875834,0.398267896336841,0.398267896336841,0.98125,0.0,0.01875,0.0,1.814593394626598,5.578435470762593,0.95625,0.02095480369751376,0.075,0.0,0.93125,0.0,0.0,0.9940174715021717,0.8333269321451484,0.0,0.0,0.0,0.0,0.69375,1.0091209914266532,0.0,0.0,24.73056891700253,4da7b6a13a66d490e0d935ca1019ec5af5cf1ce138a750b1562337cbf61ff39a
failure_partition,20020,cross_channel,0.3627657165849813,0.422471165850193,0.422471165850193,0.975,0.0,0.025,0.0,1.5804224256176578,4.9824457516407605,0.95625,0.021082125509386512,0.05,0.0,0.875,0.0,0.0,0.9981825164653543,0.8384199188468872,0.0,0.0,0.0,0.0,0.69375,1.0238468372732794,0.0,0.0,24.28326595784165,0f088b1fe5a8be608d609da00ba9ce80cfccf469839fa06a30b77427389b7a7b
failure_partition,20021,cross_channel,0.3454489732453222,0.39615947794878614,0.39615947794878614,0.99375,0.0,0.00625,0.0,1.6250649464015674,4.963474141973767,0.9625,0.018274133318531595,0.04375,0.0,0.90625,0.0,0.0,0.9967646663533969,0.8784649602435338,0.0,0.0,0.0,0.0,0.65625,0.7009699306276267,0.0,0.0,24.052444416098297,463adc6d1a7d63abc8d0758c7fa1a4b5036936920e514fe0cf5c2efc91bbd860
failure_partition,20022,cross_channel,0.3723046460403191,0.37316642717751947,0.37316642717751947,0.94375,0.0,0.05625,0.0,1.6180051988029067,4.418918973515951,0.9875,0.02778367796314919,0.08125,0.0,0.9125,0.0,0.0,0.9934403772488449,0.6235474850444388,0.0,0.0,0.0,0.0,0.125,0.8107242143014115,0.0,0.0,24.979419959010556,427a938513827b5c9e178a2876db8240f50998ee722028de8ce00cb184f56cdc
failure_partition,20023,cross_channel,0.3568678439103567,0.4101165740984624,0.4101165740984624,0.99375,0.0,0.00625,0.0,1.696060353087585,4.973986376399555,0.96875,0.021020130449253584,0.05625,0.0,0.875,0.0,0.0,0.9967839420645476,0.8205901854336601,0.0,0.0,0.0,0.0,0.69375,1.0652007478369612,0.0,0.0,24.639263625023887,ffa9befcbe02e1c5e0a098895df8608e9c859f6670140964312ae5dc08afbcd7
failure_partition,20024,cross_channel,0.33766036701792784,0.3691111225859485,0.3691111225859485,0.99375,0.0,0.00625,0.0,1.6869439558814332,4.834010315054793,0.975,0.018423503720138828,0.0625,0.0,0.925,0.0,0.0,0.9970384086816451,0.8175621473461261,0.0,0.0,0.0,0.0,0.2125,0.9683840007846856,0.0,0.0,25.00187287502922,5c61552046a62a293dcf663dd0839977bc119a5ef8cbb5265195f8e3e5f08ee6
failure_partition,20025,cross_channel,0.4166037592718975,0.4268210552143195,0.4268210552143195,0.9375,0.0,0.0625,0.0,1.877163458291274,5.58895033606507,0.96875,0.02453376055065255,0.05,0.0,0.925,0.0,0.0,0.9972724902806916,0.810619284190803,0.0,0.0,0.0,0.0,0.61875,0.8290613085032529,0.0,0.0,24.326151583110914,4f976eace0041c077f39890176efc06217b8357b532fb4692d140abac7629f50
failure_partition,20026,cross_channel,0.40019632554287804,0.45511905450455375,0.45511905450455375,0.9875,0.0,0.0125,0.0,1.7374330424449607,4.995773908465076,0.9625,0.02164067801945473,0.04375,0.0,0.7375,0.0,0.0,0.9983433279279111,0.8567495589240888,0.0,0.0,0.0,0.0,0.225,0.9392603413481373,0.0,0.0,23.911723125027493,4efca25952bec640b73f33520da3acda1abe3ca255e020b7dbc9c7993a881339
failure_partition,20027,cross_channel,0.3322203910593923,0.3540198403194937,0.3540198403194937,0.9625,0.0,0.0375,0.0,1.5775106935489533,4.7103635547976275,0.975,0.024787788309487215,0.0375,0.0,0.88125,0.0,0.0,0.9971802680899273,0.8420972165184697,0.0,0.0,0.0,0.0,0.63125,0.7813019365804879,0.0,0.0,24.878437125124037,31a7afd32703ae0992b2d87cb9755bf1e0a9a5d91de76aa6e0371fbe0585ad61
failure_partition,20028,cross_channel,0.31721766425176556,0.35468549320390697,0.35468549320390697,1.0,0.0,0.0,0.0,1.353263240412162,3.4523809703779005,0.99375,0.01344608134897172,0.0625,0.0,0.88125,0.0,0.0,0.9960455299565052,0.7734914274885334,0.0,0.0,0.0,0.0,0.15625,0.7867217751515293,0.0,0.0,24.933861166005954,b4ac84cff87a0df1d1b0b3922c007ac4d4bfd5d7218baa890e91c24ac93459c7
failure_partition,20029,cross_channel,0.3559488280242519,0.38562714533839526,0.38562714533839526,0.975,0.0,0.025,0.0,1.729514873897044,4.851570807529737,0.96875,0.015525305553424015,0.05625,0.0,0.8875,0.0,0.0,0.9953879625982619,0.7937382804917934,0.0,0.0,0.0,0.0,0.69375,1.0157973653873702,0.0,0.0,24.78820470906794,61fefd23c22aa91738a3b6ec8e4d2c6251fb81f59088c084a9dbf92323f10218
failure_partition,20030,cross_channel,0.3687402663547531,0.42885308651394843,0.42885308651394843,1.0,0.0,0.0,0.0,2.0597625098700956,6.922170395858998,0.9375,0.014926655583065784,0.0875,0.0,0.89375,0.0,0.0,0.9946394486138475,0.7658532887485039,0.0,0.0,0.0,0.0,0.175,0.9034408029237401,0.0,0.0,25.594921665964648,3d2aa645e68efffc7a2873be3753b40e6a13005c0f566bbcc168d5343256cd13
failure_partition,20031,cross_channel,0.3925264294989338,0.41707887135691696,0.41707887135691696,0.9625,0.0,0.0375,0.0,1.5059304141149394,4.279320723546528,0.975,0.020164985714187195,0.05,0.0,0.6125,0.0,0.0,0.99721092216676,0.7525817039826072,0.0,0.0,0.0,0.0,0.21875,0.8686330442857967,0.0,0.0,24.098709667101502,03002d77ebadb33debcdd53e9137b23c133c742a08e9e687549ec456f158e5ef
failure_partition,20032,cross_channel,0.30963434157332687,0.34967765162609465,0.34967765162609465,1.0,0.0,0.0,0.0,1.689640464666494,5.176316635538887,0.9625,0.01323330357547447,0.075,0.0,0.95,0.0,0.0,0.9972817657978853,0.8454186779945334,0.0,0.0,0.0,0.0,0.66875,0.9566363752484669,0.0,0.0,25.065994709031656,bd0b0f7b2d248fea069698c18707c365d7882ddcd0428f53011744077fd45777
failure_partition,20033,cross_channel,0.38638998532706265,0.40022893780022045,0.40022893780022045,0.95625,0.0,0.04375,0.0,1.6511460574624302,4.666930874108429,0.98125,0.028445197144663127,0.09375,0.0,0.91875,0.0,0.0,0.9950840487959901,0.8161154250714582,0.0,0.0,0.0,0.0,0.21875,1.2449321439776455,0.0,0.0,24.347389874979854,2485a51e3e93d9a056848a055b06ed35db04cea36e9f8b9243367e4ad3a48cb6
failure_partition,20034,cross_channel,0.335795199142205,0.3660251795787321,0.3660251795787321,0.99375,0.0,0.00625,0.0,1.5811956727404781,4.641665424789207,0.9875,0.017383978248783825,0.05,0.0,0.95625,0.0,0.0,0.9976903219394829,0.8897869874728994,0.0,0.0,0.0,0.0,0.65625,0.9479316740034447,0.0,0.0,24.134898249991238,406a2bd0a118340069688805c16756c5b06b64d8ae9784302e944ac70f357cc2
failure_partition,20035,cross_channel,0.3192377499091649,0.36077807550492547,0.36077807550492547,0.99375,0.0,0.00625,0.0,1.8289602419604474,5.38501908191832,0.9625,0.021868641738122745,0.06875,0.0,0.94375,0.0,0.0,0.9963440981239919,0.5731376208369154,0.0,0.0,0.0,0.0,0.68125,0.8635926392897391,0.0,0.0,25.092506374930963,240545164427d8142d559de69fc59a87fccc00fcadc4bdd9040e9952d42ea7f0
failure_partition,20036,cross_channel,0.4312046858251012,0.46075602053126125,0.46075602053126125,0.94375,0.0,0.05625,0.0,1.6925641992707547,5.198557920381792,0.96875,0.027441873737880505,0.0375,0.0,0.76875,0.0,0.0,0.9981840368033268,0.8278735997552835,0.0,0.0,0.0,0.0,0.6875,1.2077817488364606,0.0,0.0,23.686166666913778,6e2496cfe05800b0e86735a8520d5937a45f77cebd6fb071e7678aa3b8f8352c
failure_partition,20037,cross_channel,0.40420674471066453,0.4080789070095774,0.4080789070095774,0.93125,0.0,0.06875,0.0,1.5583717685426217,4.519702879365828,0.99375,0.031191750935082745,0.06875,0.0,0.70625,0.0,0.0,0.996723735919271,0.6391953145998971,0.0,0.0,0.0,0.0,0.64375,0.9037163777212884,0.0,0.0,23.29150770790875,db3cd4c1852d35502c490b4a6381b0fedc181bd9f65cef67adabe286da302618
failure_partition,20038,cross_channel,0.38985103062779913,0.4122035637230823,0.4122035637230823,0.95625,0.0,0.04375,0.0,1.5417012633603062,4.448540996084619,0.98125,0.029854170097933414,0.0625,0.0,0.70625,0.0,0.0,0.9956331119201174,0.730056293000236,0.0,0.0,0.0,0.0,0.69375,1.0725005274538906,0.0,0.0,23.93307441705838,8daeb62cb84fd15e1acff47bce162292db290b6cca8f591b74b68de727dc6039
failure_partition,20039,cross_channel,0.3319045443416724,0.37424220058357577,0.37424220058357577,1.0,0.0,0.0,0.0,1.8470123481678882,5.355046347393438,0.96875,0.017838563427193983,0.06875,0.0,0.9375,0.0,0.0,0.9963580704321553,0.8555446251524681,0.0,0.0,0.0,0.0,0.69375,1.040642448185421,0.0,0.0,25.415273792110384,4013653250a1b2aa27abf12d079ab22354a68580fe6a94c5c39d0b825a8f352e
failure_partition,20000,ramp_rate,0.36769919606591783,0.421110470138176,0.421110470138176,1.0,0.0,0.0,0.0,1.751622081198375,4.745452887581191,0.98125,0.015062685076212685,0.0625,0.0,0.875,0.0,0.0,1.0,1.0,0.0,0.0,0.0,0.0,0.675,0.8918217364204732,0.0,0.0,24.798256249865517,105912c16a86086745d269e79f5f40f4df0de0ad4734372c8534fc701b228c21
failure_partition,20001,ramp_rate,0.321082153634092,0.36898614888872044,0.36898614888872044,1.0,0.0,0.0,0.0,1.6647331411666833,4.962523242466702,0.9875,0.0120031075828799,0.05625,0.0,0.85,0.0,0.0,1.0,1.0,0.0,0.0,0.0,0.0,0.65625,0.8854731739518449,0.0,0.0,24.993909916840494,a953a74323b2fa431567cf4b7a9ffb50775170bb489a821fbfc2755829e1d68f
failure_partition,20002,ramp_rate,0.3860815324985814,0.44635056827010494,0.44635056827010494,0.98125,0.0,0.01875,0.0,1.872199528460468,5.768595444889037,0.95625,0.03094290185854544,0.09375,0.0,0.9,0.0,0.0,1.0,1.0,0.0,0.0,0.0,0.0,0.225,1.1524737468522743,0.0,0.0,24.96495912503451,6f5f08dbbcc2af2ec1494713b8e36fe6d516d8edd6cc93ce17c22a4eca2bb592
failure_partition,20003,ramp_rate,0.300190065040445,0.3427578724221654,0.3427578724221654,0.99375,0.0,0.00625,0.0,1.4183340056963467,3.893556930475768,0.96875,0.022346906245356808,0.1125,0.0,0.91875,0.0,0.0,1.0,1.0,0.0,0.0,0.0,0.0,0.63125,0.6846825289653251,0.0,0.0,25.30500241694972,8599004a2203be31ff6aa2878659b36b49a48676634f722383135a0ad907c7ac
failure_partition,20004,ramp_rate,0.30692135853487973,0.3511209313175989,0.3511209313175989,1.0,0.0,0.0,0.0,1.525353885720914,4.919600690338648,0.98125,0.015881675353587053,0.14375,0.0,0.93125,0.0,0.0,1.0,1.0,0.0,0.0,0.0,0.0,0.06875,0.8890040655472097,0.0,0.0,25.644149666884914,aa2afcdcdd0a173c47b31e9d6387214ea235ef1a43fe7d19a41f46b284141877
failure_partition,20005,ramp_rate,0.4001763617755728,0.4449735823020387,0.4449735823020387,0.9625,0.0,0.0375,0.0,1.7248246862900323,4.985954886824635,0.96875,0.024280542860097305,0.025,0.0,0.76875,0.0,0.0,1.0,1.0,0.0,0.0,0.0,0.0,0.0,0.6285497954396144,0.0,0.0,24.57531545800157,bb177bca3051770c627f07e16103e04f310aa32b7fd0c6d00a517bad4f1cff31
failure_partition,20006,ramp_rate,0.40140158323063846,0.4424743338263979,0.4424743338263979,0.95625,0.0,0.04375,0.0,1.6608579279515348,4.611838385338316,0.96875,0.0270859451157226,0.05,0.0,0.7125,0.0,0.0,1.0,1.0,0.0,0.0,0.0,0.0,0.69375,0.9757092918104873,0.0,0.0,24.588416249956936,e1e7cb022d91ebe937375da5bfd089ec78438ea6a0c205ec5886f97ef95df38b
failure_partition,20007,ramp_rate,0.3863873303250949,0.42261898049965624,0.42261898049965624,0.96875,0.0,0.03125,0.0,1.744537410488764,5.714945213823332,0.96875,0.02601184515983922,0.06875,0.0,0.89375,0.0,0.0,1.0,1.0,0.0,0.0,0.0,0.0,0.11875,0.7761200864400364,0.0,0.0,25.227119541959837,102db775863397cb1e958e4896ee494e53004a96e1a77b53fa71ebbac655002c
failure_partition,20008,ramp_rate,0.334986600185168,0.3672752739818947,0.3672752739818947,0.9875,0.0,0.0125,0.0,1.5745709373545487,4.184589109379738,0.99375,0.02422398113408796,0.075,0.0,0.9125,0.0,0.0,1.0,1.0,0.0,0.0,0.0,0.0,0.15625,0.9378889720815602,0.0,0.0,24.97694916697219,22756f96f9f84739785ee66be6d1d12a4619b58c05fa254a72ac83a1f97f6d7c
failure_partition,20009,ramp_rate,0.342495144549678,0.3895969968727101,0.3895969968727101,0.99375,0.0,0.00625,0.0,1.8112129688948477,5.666201590495586,0.9625,0.02151590423577803,0.06875,0.0,0.86875,0.0,0.0,1.0,1.0,0.0,0.0,0.0,0.0,0.69375,1.0011425660922328,0.0,0.0,24.76497820788063,70c47bca8ea91ae6ce4591c9be417934bdcb62ea51cc201016c113e94d40d951
failure_partition,20010,ramp_rate,0.3692016680625536,0.4017700253838242,0.4017700253838242,0.98125,0.0,0.01875,0.0,1.7316721654127885,4.631419078757217,0.98125,0.018860570325797472,0.05625,0.0,0.9125,0.0,0.0,1.0,1.0,0.0,0.0,0.0,0.0,0.69375,0.8990534822156263,0.0,0.0,24.7984222501982,de81737fbd2544db93daf073b0b7430bd3fbffc2d7f527988e77c9c442a5e565
failure_partition,20011,ramp_rate,0.34045868478562624,0.3885974060819389,0.3885974060819389,0.99375,0.0,0.00625,0.0,1.656231529812733,4.841082995301315,0.98125,0.019096996761251768,0.08125,0.0,0.925,0.0,0.0,1.0,1.0,0.0,0.0,0.0,0.0,0.0,0.761636175694008,0.0,0.0,25.126178625039756,b644ce607cfec3d649f3d5d2b2940384553151bc79067064b1d1dd1f7c28c436
failure_partition,20012,ramp_rate,0.44249878539064724,0.48856448424336446,0.48856448424336446,0.93125,0.0,0.06875,0.0,1.4367569040804486,4.422155641107312,0.98125,0.029955237704459382,0.04375,0.0,0.66875,0.0,0.0,1.0,1.0,0.0,0.0,0.0,0.0,0.0125,0.7467117986593799,0.0,0.0,23.967250167159364,270fa0cf5bf73dca2c832e4c4cae8b521d75dd629435ee11649abff9f0e9bd14
failure_partition,20013,ramp_rate,0.3539246421505732,0.41000261979463937,0.41000261979463937,1.0,0.0,0.0,0.0,1.6150396050749554,4.297919081712009,0.99375,0.015810194712371897,0.0375,0.0,0.66875,0.0,0.0,1.0,1.0,0.0,0.0,0.0,0.0,0.61875,0.8452877366770416,0.0,0.0,23.97538624983281,afc276c17ace7afdc310ad85e72567db524a280366c999abcff176ddde460cc4
failure_partition,20014,ramp_rate,0.41841406413744353,0.4039837264181629,0.4039837264181629,0.91875,0.0,0.08125,0.0,1.8192117816706808,4.5234400717524155,0.99375,0.03666683924567865,0.05625,0.0,0.9125,0.0,0.0,1.0,1.0,0.0,0.0,0.0,0.0,0.10625,0.798666419341927,0.0,0.0,25.64043145813048,6ea75d92f7845cfb48e5509d38dab6ab3713b2052cf441b3fae15bb069f2de33
failure_partition,20015,ramp_rate,0.3639950993975196,0.41806321588156536,0.41806321588156536,0.99375,0.0,0.00625,0.0,1.6634550074393601,4.747671224087312,0.96875,0.01984644751434752,0.04375,0.0,0.75625,0.0,0.0,1.0,1.0,0.0,0.0,0.0,0.0,0.20625,0.8831217912494431,0.0,0.0,25.004329374991357,3fa03540a7ee836926eccf6814b7396e5128c8e78f88c2fc2d00967efa386ac7
failure_partition,20016,ramp_rate,0.43009701716193477,0.4413836041118571,0.4413836041118571,0.95,0.0,0.05,0.0,2.0068822721197908,4.90769482911973,0.9875,0.02530210665075151,0.06875,0.0,0.85,0.0,0.0,1.0,1.0,0.0,0.0,0.0,0.0,0.175,1.0207468472285155,0.0,0.0,23.815319458022714,b47bb6010b5c03a52a521054c7ee0ca1594efa0d16d3cd0069899c6de8a3f589
failure_partition,20017,ramp_rate,0.3763650374086134,0.4293343972688884,0.4293343972688884,0.975,0.0,0.025,0.0,1.5654453996790856,4.674145095134074,0.975,0.02351923310487497,0.04375,0.0,0.7625,0.0,0.0,1.0,1.0,0.0,0.0,0.0,0.0,0.6875,0.9819638072819071,0.0,0.0,23.61186212510802,8cdc7aa8f601a48448035c06b3f1346c43db7b78c588a399014267b1a63ffeeb
failure_partition,20018,ramp_rate,0.37717554232605116,0.4178013900605219,0.4178013900605219,0.96875,0.0,0.03125,0.0,1.4831749741959435,4.052177866761419,0.975,0.027048184275931753,0.1,0.0,0.76875,0.0,0.0,1.0,1.0,0.0,0.0,0.0,0.0,0.69375,1.0489219545632735,0.0,0.0,23.52165829204023,91e2f039fe31a6bb4eef4c51f687bd7178ca29e713c5053ac1cd1683452b8e61
failure_partition,20019,ramp_rate,0.3652460598875834,0.398267896336841,0.398267896336841,0.98125,0.0,0.01875,0.0,1.814593394626598,5.578435470762593,0.95625,0.02095480369751376,0.075,0.0,0.93125,0.0,0.0,1.0,1.0,0.0,0.0,0.0,0.0,0.69375,1.0091209914266532,0.0,0.0,24.73056891700253,4da7b6a13a66d490e0d935ca1019ec5af5cf1ce138a750b1562337cbf61ff39a
failure_partition,20020,ramp_rate,0.3627657165849813,0.422471165850193,0.422471165850193,0.975,0.0,0.025,0.0,1.5804224256176578,4.9824457516407605,0.95625,0.021082125509386512,0.05,0.0,0.875,0.0,0.0,1.0,1.0,0.0,0.0,0.0,0.0,0.69375,1.0238468372732794,0.0,0.0,24.28326595784165,0f088b1fe5a8be608d609da00ba9ce80cfccf469839fa06a30b77427389b7a7b
failure_partition,20021,ramp_rate,0.3454489732453222,0.39615947794878614,0.39615947794878614,0.99375,0.0,0.00625,0.0,1.6250649464015674,4.963474141973767,0.9625,0.018274133318531595,0.04375,0.0,0.90625,0.0,0.0,1.0,1.0,0.0,0.0,0.0,0.0,0.65625,0.7009699306276267,0.0,0.0,24.052444416098297,463adc6d1a7d63abc8d0758c7fa1a4b5036936920e514fe0cf5c2efc91bbd860
failure_partition,20022,ramp_rate,0.3723046460403191,0.37316642717751947,0.37316642717751947,0.94375,0.0,0.05625,0.0,1.6180051988029067,4.418918973515951,0.9875,0.02778367796314919,0.08125,0.0,0.9125,0.0,0.0,1.0,1.0,0.0,0.0,0.0,0.0,0.125,0.8107242143014115,0.0,0.0,24.979419959010556,427a938513827b5c9e178a2876db8240f50998ee722028de8ce00cb184f56cdc
failure_partition,20023,ramp_rate,0.3568678439103567,0.4101165740984624,0.4101165740984624,0.99375,0.0,0.00625,0.0,1.696060353087585,4.973986376399555,0.96875,0.021020130449253584,0.05625,0.0,0.875,0.0,0.0,1.0,1.0,0.0,0.0,0.0,0.0,0.69375,1.0652007478369612,0.0,0.0,24.639263625023887,ffa9befcbe02e1c5e0a098895df8608e9c859f6670140964312ae5dc08afbcd7
failure_partition,20024,ramp_rate,0.33766036701792784,0.3691111225859485,0.3691111225859485,0.99375,0.0,0.00625,0.0,1.6869439558814332,4.834010315054793,0.975,0.018423503720138828,0.0625,0.0,0.925,0.0,0.0,1.0,1.0,0.0,0.0,0.0,0.0,0.2125,0.9683840007846856,0.0,0.0,25.00187287502922,5c61552046a62a293dcf663dd0839977bc119a5ef8cbb5265195f8e3e5f08ee6
failure_partition,20025,ramp_rate,0.4166037592718975,0.4268210552143195,0.4268210552143195,0.9375,0.0,0.0625,0.0,1.877163458291274,5.58895033606507,0.96875,0.02453376055065255,0.05,0.0,0.925,0.0,0.0,1.0,1.0,0.0,0.0,0.0,0.0,0.61875,0.8290613085032529,0.0,0.0,24.326151583110914,4f976eace0041c077f39890176efc06217b8357b532fb4692d140abac7629f50
failure_partition,20026,ramp_rate,0.40019632554287804,0.45511905450455375,0.45511905450455375,0.9875,0.0,0.0125,0.0,1.7374330424449607,4.995773908465076,0.9625,0.02164067801945473,0.04375,0.0,0.7375,0.0,0.0,1.0,1.0,0.0,0.0,0.0,0.0,0.225,0.9392603413481373,0.0,0.0,23.911723125027493,4efca25952bec640b73f33520da3acda1abe3ca255e020b7dbc9c7993a881339
failure_partition,20027,ramp_rate,0.3322203910593923,0.3540198403194937,0.3540198403194937,0.9625,0.0,0.0375,0.0,1.5775106935489533,4.7103635547976275,0.975,0.024787788309487215,0.0375,0.0,0.88125,0.0,0.0,1.0,1.0,0.0,0.0,0.0,0.0,0.63125,0.7813019365804879,0.0,0.0,24.878437125124037,31a7afd32703ae0992b2d87cb9755bf1e0a9a5d91de76aa6e0371fbe0585ad61
failure_partition,20028,ramp_rate,0.31721766425176556,0.35468549320390697,0.35468549320390697,1.0,0.0,0.0,0.0,1.353263240412162,3.4523809703779005,0.99375,0.01344608134897172,0.0625,0.0,0.88125,0.0,0.0,1.0,1.0,0.0,0.0,0.0,0.0,0.15625,0.7867217751515293,0.0,0.0,24.933861166005954,b4ac84cff87a0df1d1b0b3922c007ac4d4bfd5d7218baa890e91c24ac93459c7
failure_partition,20029,ramp_rate,0.3559488280242519,0.38562714533839526,0.38562714533839526,0.975,0.0,0.025,0.0,1.729514873897044,4.851570807529737,0.96875,0.015525305553424015,0.05625,0.0,0.8875,0.0,0.0,1.0,1.0,0.0,0.0,0.0,0.0,0.69375,1.0157973653873702,0.0,0.0,24.78820470906794,61fefd23c22aa91738a3b6ec8e4d2c6251fb81f59088c084a9dbf92323f10218
failure_partition,20030,ramp_rate,0.3687402663547531,0.42885308651394843,0.42885308651394843,1.0,0.0,0.0,0.0,2.0597625098700956,6.922170395858998,0.9375,0.014926655583065784,0.0875,0.0,0.89375,0.0,0.0,1.0,1.0,0.0,0.0,0.0,0.0,0.175,0.9034408029237401,0.0,0.0,25.594921665964648,3d2aa645e68efffc7a2873be3753b40e6a13005c0f566bbcc168d5343256cd13
failure_partition,20031,ramp_rate,0.3925264294989338,0.41707887135691696,0.41707887135691696,0.9625,0.0,0.0375,0.0,1.5059304141149394,4.279320723546528,0.975,0.020164985714187195,0.05,0.0,0.6125,0.0,0.0,1.0,1.0,0.0,0.0,0.0,0.0,0.21875,0.8686330442857967,0.0,0.0,24.098709667101502,03002d77ebadb33debcdd53e9137b23c133c742a08e9e687549ec456f158e5ef
failure_partition,20032,ramp_rate,0.30963434157332687,0.34967765162609465,0.34967765162609465,1.0,0.0,0.0,0.0,1.689640464666494,5.176316635538887,0.9625,0.01323330357547447,0.075,0.0,0.95,0.0,0.0,1.0,1.0,0.0,0.0,0.0,0.0,0.66875,0.9566363752484669,0.0,0.0,25.065994709031656,bd0b0f7b2d248fea069698c18707c365d7882ddcd0428f53011744077fd45777
failure_partition,20033,ramp_rate,0.38638998532706265,0.40022893780022045,0.40022893780022045,0.95625,0.0,0.04375,0.0,1.6511460574624302,4.666930874108429,0.98125,0.028445197144663127,0.09375,0.0,0.91875,0.0,0.0,1.0,1.0,0.0,0.0,0.0,0.0,0.21875,1.2449321439776455,0.0,0.0,24.347389874979854,2485a51e3e93d9a056848a055b06ed35db04cea36e9f8b9243367e4ad3a48cb6
failure_partition,20034,ramp_rate,0.335795199142205,0.3660251795787321,0.3660251795787321,0.99375,0.0,0.00625,0.0,1.5811956727404781,4.641665424789207,0.9875,0.017383978248783825,0.05,0.0,0.95625,0.0,0.0,1.0,1.0,0.0,0.0,0.0,0.0,0.65625,0.9479316740034447,0.0,0.0,24.134898249991238,406a2bd0a118340069688805c16756c5b06b64d8ae9784302e944ac70f357cc2
failure_partition,20035,ramp_rate,0.3192377499091649,0.36077807550492547,0.36077807550492547,0.99375,0.0,0.00625,0.0,1.8289602419604474,5.38501908191832,0.9625,0.021868641738122745,0.06875,0.0,0.94375,0.0,0.0,1.0,1.0,0.0,0.0,0.0,0.0,0.68125,0.8635926392897391,0.0,0.0,25.092506374930963,240545164427d8142d559de69fc59a87fccc00fcadc4bdd9040e9952d42ea7f0
failure_partition,20036,ramp_rate,0.4312046858251012,0.46075602053126125,0.46075602053126125,0.94375,0.0,0.05625,0.0,1.6925641992707547,5.198557920381792,0.96875,0.027441873737880505,0.0375,0.0,0.76875,0.0,0.0,1.0,1.0,0.0,0.0,0.0,0.0,0.6875,1.2077817488364606,0.0,0.0,23.686166666913778,6e2496cfe05800b0e86735a8520d5937a45f77cebd6fb071e7678aa3b8f8352c
failure_partition,20037,ramp_rate,0.40420674471066453,0.4080789070095774,0.4080789070095774,0.93125,0.0,0.06875,0.0,1.5583717685426217,4.519702879365828,0.99375,0.031191750935082745,0.06875,0.0,0.70625,0.0,0.0,1.0,1.0,0.0,0.0,0.0,0.0,0.64375,0.9037163777212884,0.0,0.0,23.29150770790875,db3cd4c1852d35502c490b4a6381b0fedc181bd9f65cef67adabe286da302618
failure_partition,20038,ramp_rate,0.38985103062779913,0.4122035637230823,0.4122035637230823,0.95625,0.0,0.04375,0.0,1.5417012633603062,4.448540996084619,0.98125,0.029854170097933414,0.0625,0.0,0.70625,0.0,0.0,1.0,1.0,0.0,0.0,0.0,0.0,0.69375,1.0725005274538906,0.0,0.0,23.93307441705838,8daeb62cb84fd15e1acff47bce162292db290b6cca8f591b74b68de727dc6039
failure_partition,20039,ramp_rate,0.3319045443416724,0.37424220058357577,0.37424220058357577,1.0,0.0,0.0,0.0,1.8470123481678882,5.355046347393438,0.96875,0.017838563427193983,0.06875,0.0,0.9375,0.0,0.0,1.0,1.0,0.0,0.0,0.0,0.0,0.69375,1.040642448185421,0.0,0.0,25.415273792110384,4013653250a1b2aa27abf12d079ab22354a68580fe6a94c5c39d0b825a8f352e
failure_partition,20000,influence_budget,0.38409952645673356,0.4434261511390297,0.4434261511390297,1.0,0.0,0.0,0.0,1.7268552133117638,4.687514100270338,0.9875,0.011733793374383423,0.0625,0.0,0.875,0.325,0.0,1.0,1.0,0.13033395831675892,0.0,0.0,0.0,0.675,0.8918217364204732,0.0,0.0,24.798256249865517,105912c16a86086745d269e79f5f40f4df0de0ad4734372c8534fc701b228c21
failure_partition,20001,influence_budget,0.32572390986044814,0.3740233774196337,0.3740233774196337,1.0,0.0,0.0,0.0,1.6456101385565816,4.605745575207748,0.9875,0.011004922744304601,0.05625,0.0,0.85,0.24375,0.0,1.0,1.0,0.09520533819256634,0.0,0.0,0.0,0.65625,0.8854731739518449,0.0,0.0,24.993909916840494,a953a74323b2fa431567cf4b7a9ffb50775170bb489a821fbfc2755829e1d68f
failure_partition,20002,influence_budget,0.3854085178176238,0.4460289526112335,0.4460289526112335,0.98125,0.0,0.01875,0.0,1.8689010326767288,5.7685793435086925,0.95625,0.03094290185854544,0.09375,0.0,0.9,0.0125,0.0,1.0,1.0,0.010277362926231399,0.0,0.0,0.0,0.225,1.1524737468522743,0.0,0.0,24.96495912503451,6f5f08dbbcc2af2ec1494713b8e36fe6d516d8edd6cc93ce17c22a4eca2bb592
failure_partition,20003,influence_budget,0.3012093305455469,0.3430538215241003,0.3430538215241003,0.99375,0.0,0.00625,0.0,1.4097831053415302,3.8995629031801076,0.96875,0.021739321994702195,0.1125,0.0,0.91875,0.25,0.0,1.0,1.0,0.09900174234100616,0.0,0.0,0.0,0.63125,0.6846825289653251,0.0,0.0,25.30500241694972,8599004a2203be31ff6aa2878659b36b49a48676634f722383135a0ad907c7ac
failure_partition,20004,influence_budget,0.30692135853487973,0.3511209313175989,0.3511209313175989,1.0,0.0,0.0,0.0,1.525353885720914,4.919600690338648,0.98125,0.015881675353587053,0.14375,0.0,0.93125,0.0,0.0,1.0,1.0,0.011106954567325416,0.0,0.0,0.0,0.06875,0.8890040655472097,0.0,0.0,25.644149666884914,aa2afcdcdd0a173c47b31e9d6387214ea235ef1a43fe7d19a41f46b284141877
failure_partition,20005,influence_budget,0.4001060913089006,0.4449294005273569,0.4449294005273569,0.9625,0.0,0.0375,0.0,1.7238391307593084,4.985954886824873,0.96875,0.024297764500549247,0.025,0.0,0.76875,0.00625,0.0,1.0,1.0,0.007099269817000198,0.0,0.0,0.0,0.0,0.6285497954396144,0.0,0.0,24.57531545800157,bb177bca3051770c627f07e16103e04f310aa32b7fd0c6d00a517bad4f1cff31
failure_partition,20006,influence_budget,0.4053647172826945,0.44639650384934637,0.44639650384934637,0.95625,0.0,0.04375,0.0,1.6576020996980225,4.611838385338316,0.96875,0.027376879012904632,0.05,0.0,0.7125,0.11875,0.0,1.0,1.0,0.06720787249444565,0.0,0.0,0.0,0.69375,0.9757092918104873,0.0,0.0,24.588416249956936,e1e7cb022d91ebe937375da5bfd089ec78438ea6a0c205ec5886f97ef95df38b
failure_partition,20007,influence_budget,0.38858758222017437,0.42395634896493267,0.42395634896493267,0.96875,0.0,0.03125,0.0,1.7485188002754426,5.714367623244704,0.96875,0.025484318135513516,0.06875,0.0,0.89375,0.03125,0.0,1.0,1.0,0.048584181496146565,0.0,0.0,0.0,0.11875,0.7761200864400364,0.0,0.0,25.227119541959837,102db775863397cb1e958e4896ee494e53004a96e1a77b53fa71ebbac655002c
failure_partition,20008,influence_budget,0.33882739322548217,0.3718507389195259,0.3718507389195259,0.9875,0.0,0.0125,0.0,1.5921711727711076,4.184589109379738,0.99375,0.022722810956976862,0.075,0.0,0.9125,0.025,0.0,1.0,1.0,0.014880099394650303,0.0,0.0,0.0,0.15625,0.9378889720815602,0.0,0.0,24.97694916697219,22756f96f9f84739785ee66be6d1d12a4619b58c05fa254a72ac83a1f97f6d7c
failure_partition,20009,influence_budget,0.3370928997289327,0.3917229699819953,0.3917229699819953,1.0,0.0,0.0,0.0,1.7913661921628825,5.645526919462367,0.95625,0.017428171961843365,0.06875,0.0,0.86875,0.2,0.0,1.0,1.0,0.08677558020494971,0.0,0.0,0.0,0.69375,1.0011425660922328,0.0,0.0,24.76497820788063,70c47bca8ea91ae6ce4591c9be417934bdcb62ea51cc201016c113e94d40d951
failure_partition,20010,influence_budget,0.37028355791280765,0.4000005489018623,0.4000005489018623,0.98125,0.0,0.01875,0.0,1.689732430469101,4.632362422369288,0.975,0.017273542360509066,0.05625,0.0,0.9125,0.26875,0.0,1.0,1.0,0.12452853903013099,0.0,0.0,0.0,0.69375,0.8990534822156263,0.0,0.0,24.7984222501982,de81737fbd2544db93daf073b0b7430bd3fbffc2d7f527988e77c9c442a5e565
failure_partition,20011,influence_budget,0.34238176432553136,0.39033610574975397,0.39033610574975397,0.99375,0.0,0.00625,0.0,1.6630115068549294,4.841082995301099,0.98125,0.01909014319716578,0.08125,0.0,0.925,0.01875,0.0,1.0,1.0,0.016348602229758282,0.0,0.0,0.0,0.0,0.761636175694008,0.0,0.0,25.126178625039756,b644ce607cfec3d649f3d5d2b2940384553151bc79067064b1d1dd1f7c28c436
failure_partition,20012,influence_budget,0.44249878539064724,0.48856448424336446,0.48856448424336446,0.93125,0.0,0.06875,0.0,1.4367569040804486,4.422155641107312,0.98125,0.029955237704459382,0.04375,0.0,0.66875,0.0,0.0,1.0,1.0,0.00293656122773959,0.0,0.0,0.0,0.0125,0.7467117986593799,0.0,0.0,23.967250167159364,270fa0cf5bf73dca2c832e4c4cae8b521d75dd629435ee11649abff9f0e9bd14
failure_partition,20013,influence_budget,0.35544480670290207,0.41458880830316835,0.41458880830316835,1.0,0.0,0.0,0.0,1.6110678850726152,4.400978499690828,0.99375,0.015216656424341297,0.0375,0.0,0.66875,0.11875,0.0,1.0,1.0,0.08011185755626311,0.0,0.0,0.0,0.61875,0.8452877366770416,0.0,0.0,23.97538624983281,afc276c17ace7afdc310ad85e72567db524a280366c999abcff176ddde460cc4
failure_partition,20014,influence_budget,0.4129871188340114,0.40324792596444947,0.40324792596444947,0.925,0.0,0.075,0.0,1.814501699357686,4.5234400717524155,0.99375,0.03486695330051882,0.05625,0.0,0.9125,0.025,0.0,1.0,1.0,0.024470203512776584,0.0,0.0,0.0,0.10625,0.798666419341927,0.0,0.0,25.64043145813048,6ea75d92f7845cfb48e5509d38dab6ab3713b2052cf441b3fae15bb069f2de33
failure_partition,20015,influence_budget,0.36369411021668563,0.4176023788655844,0.4176023788655844,0.99375,0.0,0.00625,0.0,1.6584155422054074,4.74767121996382,0.96875,0.01879914947179539,0.04375,0.0,0.75625,0.01875,0.0,1.0,1.0,0.026058548781274705,0.0,0.0,0.0,0.20625,0.8831217912494431,0.0,0.0,25.004329374991357,3fa03540a7ee836926eccf6814b7396e5128c8e78f88c2fc2d00967efa386ac7
failure_partition,20016,influence_budget,0.4243919990387795,0.4396537471198605,0.4396537471198605,0.95625,0.0,0.04375,0.0,1.9906663631896684,4.907694829084722,0.9875,0.024758573414964728,0.06875,0.0,0.85,0.025,0.0,1.0,1.0,0.016401197435791354,0.0,0.0,0.0,0.175,1.0207468472285155,0.0,0.0,23.815319458022714,b47bb6010b5c03a52a521054c7ee0ca1594efa0d16d3cd0069899c6de8a3f589
failure_partition,20017,influence_budget,0.3580428522354625,0.4133749025255577,0.4133749025255577,0.98125,0.0,0.01875,0.0,1.409641549839698,3.8513306279835473,0.9875,0.015253648881155133,0.04375,0.0,0.7625,0.1875,0.0,1.0,1.0,0.11344305424986074,0.0,0.0,0.0,0.6875,0.9819638072819071,0.0,0.0,23.61186212510802,8cdc7aa8f601a48448035c06b3f1346c43db7b78c588a399014267b1a63ffeeb
failure_partition,20018,influence_budget,0.38294512098998756,0.43503526793644065,0.43503526793644065,0.975,0.0,0.025,0.0,1.4686768517967472,4.126895828830796,0.98125,0.02447978518794856,0.1,0.0,0.76875,0.225,0.0,1.0,1.0,0.10038167951660877,0.0,0.0,0.0,0.69375,1.0489219545632735,0.0,0.0,23.52165829204023,91e2f039fe31a6bb4eef4c51f687bd7178ca29e713c5053ac1cd1683452b8e61
failure_partition,20019,influence_budget,0.35847372714029785,0.39118685237070755,0.39118685237070755,0.98125,0.0,0.01875,0.0,1.6379118544224576,4.622119907137068,0.96875,0.017540212471417124,0.075,0.0,0.93125,0.3375,0.0,1.0,1.0,0.17046342542533816,0.0,0.0,0.0,0.69375,1.0091209914266532,0.0,0.0,24.73056891700253,4da7b6a13a66d490e0d935ca1019ec5af5cf1ce138a750b1562337cbf61ff39a
failure_partition,20020,influence_budget,0.3682987943244317,0.4289686703634204,0.4289686703634204,0.975,0.0,0.025,0.0,1.5941812683193075,4.982210890583951,0.95625,0.021069473575528685,0.05,0.0,0.875,0.13125,0.0,1.0,1.0,0.07174338682309389,0.0,0.0,0.0,0.69375,1.0238468372732794,0.0,0.0,24.28326595784165,0f088b1fe5a8be608d609da00ba9ce80cfccf469839fa06a30b77427389b7a7b
failure_partition,20021,influence_budget,0.34173258507448134,0.40125955535934227,0.40125955535934227,1.0,0.0,0.0,0.0,1.59683560922719,5.3871285637047635,0.975,0.01503960841806572,0.04375,0.0,0.90625,0.2875,0.0,1.0,1.0,0.10628503097864365,0.0,0.0,0.0,0.65625,0.7009699306276267,0.0,0.0,24.052444416098297,463adc6d1a7d63abc8d0758c7fa1a4b5036936920e514fe0cf5c2efc91bbd860
failure_partition,20022,influence_budget,0.3838028238876768,0.37998562579004813,0.37998562579004813,0.9375,0.0,0.0625,0.0,1.6527426598608463,4.41891895688291,0.9875,0.02801856698542025,0.08125,0.0,0.9125,0.03125,0.0,1.0,1.0,0.020056325621423624,0.0,0.0,0.0,0.125,0.8107242143014115,0.0,0.0,24.979419959010556,427a938513827b5c9e178a2876db8240f50998ee722028de8ce00cb184f56cdc
failure_partition,20023,influence_budget,0.3506512647735725,0.412555635873909,0.412555635873909,1.0,0.0,0.0,0.0,1.6332646946351481,4.940998792893176,0.9625,0.016976581943178255,0.05625,0.0,0.875,0.23125,0.0,1.0,1.0,0.10528937745739168,0.0,0.0,0.0,0.69375,1.0652007478369612,0.0,0.0,24.639263625023887,ffa9befcbe02e1c5e0a098895df8608e9c859f6670140964312ae5dc08afbcd7
failure_partition,20024,influence_budget,0.33799376263511116,0.369244335510385,0.369244335510385,0.99375,0.0,0.00625,0.0,1.687922949007986,4.8340103225871545,0.975,0.018422597768377687,0.0625,0.0,0.925,0.025,0.0,1.0,1.0,0.016513849949887718,0.0,0.0,0.0,0.2125,0.9683840007846856,0.0,0.0,25.00187287502922,5c61552046a62a293dcf663dd0839977bc119a5ef8cbb5265195f8e3e5f08ee6
failure_partition,20025,influence_budget,0.3995890023196427,0.430053224436176,0.430053224436176,0.9625,0.0,0.0375,0.0,1.8487819864678845,5.583574992868336,0.96875,0.021832426119600297,0.05,0.0,0.925,0.19375,0.0,1.0,1.0,0.10770810376945236,0.0,0.0,0.0,0.61875,0.8290613085032529,0.0,0.0,24.326151583110914,4f976eace0041c077f39890176efc06217b8357b532fb4692d140abac7629f50
failure_partition,20026,influence_budget,0.40019632554287804,0.45511905450455375,0.45511905450455375,0.9875,0.0,0.0125,0.0,1.7374330424449607,4.995773908465076,0.9625,0.02164067801945473,0.04375,0.0,0.7375,0.0,0.0,1.0,1.0,0.01727442004484911,0.0,0.0,0.0,0.225,0.9392603413481373,0.0,0.0,23.911723125027493,4efca25952bec640b73f33520da3acda1abe3ca255e020b7dbc9c7993a881339
failure_partition,20027,influence_budget,0.3301181983935556,0.3513412686097794,0.3513412686097794,0.9625,0.0,0.0375,0.0,1.5237635739417503,4.832112177805374,0.98125,0.024661325906354357,0.0375,0.0,0.88125,0.2,0.0,1.0,1.0,0.11291603212826792,0.0,0.0,0.0,0.63125,0.7813019365804879,0.0,0.0,24.878437125124037,31a7afd32703ae0992b2d87cb9755bf1e0a9a5d91de76aa6e0371fbe0585ad61
failure_partition,20028,influence_budget,0.31721766425176556,0.35468549320390697,0.35468549320390697,1.0,0.0,0.0,0.0,1.353263240412162,3.4523809703779005,0.99375,0.01344608134897172,0.0625,0.0,0.88125,0.0,0.0,1.0,1.0,0.01896758936861732,0.0,0.0,0.0,0.15625,0.7867217751515293,0.0,0.0,24.933861166005954,b4ac84cff87a0df1d1b0b3922c007ac4d4bfd5d7218baa890e91c24ac93459c7
failure_partition,20029,influence_budget,0.35593189107004236,0.3892503704544745,0.3892503704544745,0.98125,0.0,0.01875,0.0,1.7054260804977228,4.516008590673042,0.96875,0.015368359558388233,0.05625,0.0,0.8875,0.24375,0.0,1.0,1.0,0.09901595105432286,0.0,0.0,0.0,0.69375,1.0157973653873702,0.0,0.0,24.78820470906794,61fefd23c22aa91738a3b6ec8e4d2c6251fb81f59088c084a9dbf92323f10218
failure_partition,20030,influence_budget,0.36719974767924,0.42743907614182397,0.42743907614182397,1.0,0.0,0.0,0.0,2.0490976114897097,6.919775894352998,0.9375,0.014926714430572512,0.0875,0.0,0.89375,0.0125,0.0,1.0,1.0,0.01736825463970203,0.0,0.0,0.0,0.175,0.9034408029237401,0.0,0.0,25.594921665964648,3d2aa645e68efffc7a2873be3753b40e6a13005c0f566bbcc168d5343256cd13
failure_partition,20031,influence_budget,0.3925264294989338,0.41707887135691696,0.41707887135691696,0.9625,0.0,0.0375,0.0,1.5059304141149394,4.279320723546528,0.975,0.020164985714187195,0.05,0.0,0.6125,0.0,0.0,1.0,1.0,0.019348719847953222,0.0,0.0,0.0,0.21875,0.8686330442857967,0.0,0.0,24.098709667101502,03002d77ebadb33debcdd53e9137b23c133c742a08e9e687549ec456f158e5ef
failure_partition,20032,influence_budget,0.3141355921129986,0.35356918811204374,0.35356918811204374,1.0,0.0,0.0,0.0,1.697090688251024,5.272669879375252,0.9625,0.01320784226466118,0.075,0.0,0.95,0.16875,0.0,1.0,1.0,0.08053318868018652,0.0,0.0,0.0,0.66875,0.9566363752484669,0.0,0.0,25.065994709031656,bd0b0f7b2d248fea069698c18707c365d7882ddcd0428f53011744077fd45777
failure_partition,20033,influence_budget,0.38894357395580137,0.4021343385665127,0.4021343385665127,0.95625,0.0,0.04375,0.0,1.6577679704239145,4.666937184533981,0.98125,0.02837239206423754,0.09375,0.0,0.91875,0.025,0.0,1.0,1.0,0.01028598440974324,0.0,0.0,0.0,0.21875,1.2449321439776455,0.0,0.0,24.347389874979854,2485a51e3e93d9a056848a055b06ed35db04cea36e9f8b9243367e4ad3a48cb6
failure_partition,20034,influence_budget,0.3649047431065787,0.39731734456241674,0.39731734456241674,0.9875,0.0,0.0125,0.0,1.6062840122273143,4.547120454287949,0.9875,0.014480510833135632,0.05,0.0,0.95625,0.29375,0.0,1.0,1.0,0.19893372332555417,0.0,0.0,0.0,0.65625,0.9479316740034447,0.0,0.0,24.134898249991238,406a2bd0a118340069688805c16756c5b06b64d8ae9784302e944ac70f357cc2
failure_partition,20035,influence_budget,0.32251955075576194,0.3636917310488297,0.3636917310488297,0.99375,0.0,0.00625,0.0,1.8321908529053181,5.199775356803588,0.9625,0.019575748055547366,0.06875,0.0,0.94375,0.24375,0.0,1.0,1.0,0.10991343919094657,0.0,0.0,0.0,0.68125,0.8635926392897391,0.0,0.0,25.092506374930963,240545164427d8142d559de69fc59a87fccc00fcadc4bdd9040e9952d42ea7f0
failure_partition,20036,influence_budget,0.3941769784904499,0.46237380468965544,0.46237380468965544,0.99375,0.0,0.00625,0.0,1.656726714225173,5.041582436005776,0.9625,0.015986501740145036,0.0375,0.0,0.7625,0.2,0.0,1.0,1.0,0.10764624166604504,0.0,0.0,0.0,0.6875,1.2077817488364606,0.0,0.0,23.686166666913778,6e2496cfe05800b0e86735a8520d5937a45f77cebd6fb071e7678aa3b8f8352c
failure_partition,20037,influence_budget,0.3904238470995439,0.41778354673745266,0.41778354673745266,0.95625,0.0,0.04375,0.0,1.5481266528615798,4.520066071407785,0.9875,0.025717825932015444,0.06875,0.0,0.70625,0.175,0.0,1.0,1.0,0.08933197288147965,0.0,0.0,0.0,0.64375,0.9037163777212884,0.0,0.0,23.29150770790875,db3cd4c1852d35502c490b4a6381b0fedc181bd9f65cef67adabe286da302618
failure_partition,20038,influence_budget,0.3806483223622793,0.4198848693262362,0.4198848693262362,0.975,0.0,0.025,0.0,1.533694907162228,4.102513316372891,0.9875,0.021781102834182973,0.0625,0.0,0.70625,0.175,0.0,1.0,1.0,0.08193581306725047,0.0,0.0,0.0,0.69375,1.0725005274538906,0.0,0.0,23.93307441705838,8daeb62cb84fd15e1acff47bce162292db290b6cca8f591b74b68de727dc6039
failure_partition,20039,influence_budget,0.33771409279790543,0.381899748993887,0.381899748993887,1.0,0.0,0.0,0.0,1.8227550342854186,5.32079086911508,0.96875,0.013206087716011377,0.06875,0.0,0.9375,0.33125,0.0,1.0,1.0,0.13892258552575118,0.0,0.0,0.0,0.69375,1.040642448185421,0.0,0.0,25.415273792110384,4013653250a1b2aa27abf12d079ab22354a68580fe6a94c5c39d0b825a8f352e
failure_partition,20000,combined,0.36769919606591783,0.421110470138176,0.421110470138176,1.0,0.0,0.0,0.0,1.751622081198375,4.745452887581191,0.98125,0.015062685076212685,0.0625,0.0,0.875,0.0,0.0,0.9956770571456616,0.840156158170045,0.0,0.0,0.0,0.0,0.675,0.8918217364204732,0.0,0.0,24.798256249865517,105912c16a86086745d269e79f5f40f4df0de0ad4734372c8534fc701b228c21
failure_partition,20001,combined,0.321082153634092,0.36898614888872044,0.36898614888872044,1.0,0.0,0.0,0.0,1.6647331411666833,4.962523242466702,0.9875,0.0120031075828799,0.05625,0.0,0.85,0.0,0.0,0.9978090027190858,0.8868981229337991,0.0,0.0,0.0,0.0,0.65625,0.8854731739518449,0.0,0.0,24.993909916840494,a953a74323b2fa431567cf4b7a9ffb50775170bb489a821fbfc2755829e1d68f
failure_partition,20002,combined,0.3860815324985814,0.44635056827010494,0.44635056827010494,0.98125,0.0,0.01875,0.0,1.872199528460468,5.768595444889037,0.95625,0.03094290185854544,0.09375,0.0,0.9,0.0,0.0,0.996377995204767,0.824763955659231,0.0,0.0,0.0,0.0,0.225,1.1524737468522743,0.0,0.0,24.96495912503451,6f5f08dbbcc2af2ec1494713b8e36fe6d516d8edd6cc93ce17c22a4eca2bb592
failure_partition,20003,combined,0.300190065040445,0.3427578724221654,0.3427578724221654,0.99375,0.0,0.00625,0.0,1.4183340056963467,3.893556930475768,0.96875,0.022346906245356808,0.1125,0.0,0.91875,0.0,0.0,0.9949138575102671,0.7772314544261982,0.0,0.0,0.0,0.0,0.63125,0.6846825289653251,0.0,0.0,25.30500241694972,8599004a2203be31ff6aa2878659b36b49a48676634f722383135a0ad907c7ac
failure_partition,20004,combined,0.30692135853487973,0.3511209313175989,0.3511209313175989,1.0,0.0,0.0,0.0,1.525353885720914,4.919600690338648,0.98125,0.015881675353587053,0.14375,0.0,0.93125,0.0,0.0,0.9925040835966522,0.8125260260122099,0.0,0.0,0.0,0.0,0.06875,0.8890040655472097,0.0,0.0,25.644149666884914,aa2afcdcdd0a173c47b31e9d6387214ea235ef1a43fe7d19a41f46b284141877
failure_partition,20005,combined,0.4001763617755728,0.4449735823020387,0.4449735823020387,0.9625,0.0,0.0375,0.0,1.7248246862900323,4.985954886824635,0.96875,0.024280542860097305,0.025,0.0,0.76875,0.0,0.0,0.9985647680871519,0.8712254710619889,0.0,0.0,0.0,0.0,0.0,0.6285497954396144,0.0,0.0,24.57531545800157,bb177bca3051770c627f07e16103e04f310aa32b7fd0c6d00a517bad4f1cff31
failure_partition,20006,combined,0.40140158323063846,0.4424743338263979,0.4424743338263979,0.95625,0.0,0.04375,0.0,1.6608579279515348,4.611838385338316,0.96875,0.0270859451157226,0.05,0.0,0.7125,0.0,0.0,0.997569750309669,0.7930642495688678,0.0,0.0,0.0,0.0,0.69375,0.9757092918104873,0.0,0.0,24.588416249956936,e1e7cb022d91ebe937375da5bfd089ec78438ea6a0c205ec5886f97ef95df38b
failure_partition,20007,combined,0.3863873303250949,0.42261898049965624,0.42261898049965624,0.96875,0.0,0.03125,0.0,1.744537410488764,5.714945213823332,0.96875,0.02601184515983922,0.06875,0.0,0.89375,0.0,0.0,0.9969331344018947,0.7636625400291925,0.0,0.0,0.0,0.0,0.11875,0.7761200864400364,0.0,0.0,25.227119541959837,102db775863397cb1e958e4896ee494e53004a96e1a77b53fa71ebbac655002c
failure_partition,20008,combined,0.334986600185168,0.3672752739818947,0.3672752739818947,0.9875,0.0,0.0125,0.0,1.5745709373545487,4.184589109379738,0.99375,0.02422398113408796,0.075,0.0,0.9125,0.0,0.0,0.9928459329970096,0.8187671048095615,0.0,0.0,0.0,0.0,0.15625,0.9378889720815602,0.0,0.0,24.97694916697219,22756f96f9f84739785ee66be6d1d12a4619b58c05fa254a72ac83a1f97f6d7c
failure_partition,20009,combined,0.342495144549678,0.3895969968727101,0.3895969968727101,0.99375,0.0,0.00625,0.0,1.8112129688948477,5.666201590495586,0.9625,0.02151590423577803,0.06875,0.0,0.86875,0.0,0.0,0.9966383443067514,0.8090765348848044,0.0,0.0,0.0,0.0,0.69375,1.0011425660922328,0.0,0.0,24.76497820788063,70c47bca8ea91ae6ce4591c9be417934bdcb62ea51cc201016c113e94d40d951
failure_partition,20010,combined,0.3692016680625536,0.4017700253838242,0.4017700253838242,0.98125,0.0,0.01875,0.0,1.7316721654127885,4.631419078757217,0.98125,0.018860570325797472,0.05625,0.0,0.9125,0.0,0.0,0.9986143167368489,0.9080266913086915,0.0,0.0,0.0,0.0,0.69375,0.8990534822156263,0.0,0.0,24.7984222501982,de81737fbd2544db93daf073b0b7430bd3fbffc2d7f527988e77c9c442a5e565
failure_partition,20011,combined,0.34045868478562624,0.3885974060819389,0.3885974060819389,0.99375,0.0,0.00625,0.0,1.656231529812733,4.841082995301315,0.98125,0.019096996761251768,0.08125,0.0,0.925,0.0,0.0,0.9955711248574823,0.8202390634114856,0.0,0.0,0.0,0.0,0.0,0.761636175694008,0.0,0.0,25.126178625039756,b644ce607cfec3d649f3d5d2b2940384553151bc79067064b1d1dd1f7c28c436
failure_partition,20012,combined,0.44249878539064724,0.48856448424336446,0.48856448424336446,0.93125,0.0,0.06875,0.0,1.4367569040804486,4.422155641107312,0.98125,0.029955237704459382,0.04375,0.0,0.66875,0.0,0.0,0.9983904416683117,0.8388173776958503,0.0,0.0,0.0,0.0,0.0125,0.7467117986593799,0.0,0.0,23.967250167159364,270fa0cf5bf73dca2c832e4c4cae8b521d75dd629435ee11649abff9f0e9bd14
failure_partition,20013,combined,0.3539246421505732,0.41000261979463937,0.41000261979463937,1.0,0.0,0.0,0.0,1.6150396050749554,4.297919081712009,0.99375,0.015810194712371897,0.0375,0.0,0.66875,0.0,0.0,0.999015752570733,0.8913465032811463,0.0,0.0,0.0,0.0,0.61875,0.8452877366770416,0.0,0.0,23.97538624983281,afc276c17ace7afdc310ad85e72567db524a280366c999abcff176ddde460cc4
failure_partition,20014,combined,0.41841406413744353,0.4039837264181629,0.4039837264181629,0.91875,0.0,0.08125,0.0,1.8192117816706808,4.5234400717524155,0.99375,0.03666683924567865,0.05625,0.0,0.9125,0.0,0.0,0.9966061631093442,0.8279356728821036,0.0,0.0,0.0,0.0,0.10625,0.798666419341927,0.0,0.0,25.64043145813048,6ea75d92f7845cfb48e5509d38dab6ab3713b2052cf441b3fae15bb069f2de33
failure_partition,20015,combined,0.3639950993975196,0.41806321588156536,0.41806321588156536,0.99375,0.0,0.00625,0.0,1.6634550074393601,4.747671224087312,0.96875,0.01984644751434752,0.04375,0.0,0.75625,0.0,0.0,0.997455297738205,0.8060818626103406,0.0,0.0,0.0,0.0,0.20625,0.8831217912494431,0.0,0.0,25.004329374991357,3fa03540a7ee836926eccf6814b7396e5128c8e78f88c2fc2d00967efa386ac7
failure_partition,20016,combined,0.43009701716193477,0.4413836041118571,0.4413836041118571,0.95,0.0,0.05,0.0,2.0068822721197908,4.90769482911973,0.9875,0.02530210665075151,0.06875,0.0,0.85,0.0,0.0,0.99830285218858,0.88465794386222,0.0,0.0,0.0,0.0,0.175,1.0207468472285155,0.0,0.0,23.815319458022714,b47bb6010b5c03a52a521054c7ee0ca1594efa0d16d3cd0069899c6de8a3f589
failure_partition,20017,combined,0.3763650374086134,0.4293343972688884,0.4293343972688884,0.975,0.0,0.025,0.0,1.5654453996790856,4.674145095134074,0.975,0.02351923310487497,0.04375,0.0,0.7625,0.0,0.0,0.9977593944159399,0.8307480370286933,0.0,0.0,0.0,0.0,0.6875,0.9819638072819071,0.0,0.0,23.61186212510802,8cdc7aa8f601a48448035c06b3f1346c43db7b78c588a399014267b1a63ffeeb
failure_partition,20018,combined,0.37717554232605116,0.4178013900605219,0.4178013900605219,0.96875,0.0,0.03125,0.0,1.4831749741959435,4.052177866761419,0.975,0.027048184275931753,0.1,0.0,0.76875,0.0,0.0,0.9878721729550339,0.6283028027947778,0.0,0.0,0.0,0.0,0.69375,1.0489219545632735,0.0,0.0,23.52165829204023,91e2f039fe31a6bb4eef4c51f687bd7178ca29e713c5053ac1cd1683452b8e61
failure_partition,20019,combined,0.3652460598875834,0.398267896336841,0.398267896336841,0.98125,0.0,0.01875,0.0,1.814593394626598,5.578435470762593,0.95625,0.02095480369751376,0.075,0.0,0.93125,0.0,0.0,0.9940174715021717,0.8333269321451484,0.0,0.0,0.0,0.0,0.69375,1.0091209914266532,0.0,0.0,24.73056891700253,4da7b6a13a66d490e0d935ca1019ec5af5cf1ce138a750b1562337cbf61ff39a
failure_partition,20020,combined,0.3627657165849813,0.422471165850193,0.422471165850193,0.975,0.0,0.025,0.0,1.5804224256176578,4.9824457516407605,0.95625,0.021082125509386512,0.05,0.0,0.875,0.0,0.0,0.9981825164653543,0.8384199188468872,0.0,0.0,0.0,0.0,0.69375,1.0238468372732794,0.0,0.0,24.28326595784165,0f088b1fe5a8be608d609da00ba9ce80cfccf469839fa06a30b77427389b7a7b
failure_partition,20021,combined,0.3454489732453222,0.39615947794878614,0.39615947794878614,0.99375,0.0,0.00625,0.0,1.6250649464015674,4.963474141973767,0.9625,0.018274133318531595,0.04375,0.0,0.90625,0.0,0.0,0.9967646663533969,0.8784649602435338,0.0,0.0,0.0,0.0,0.65625,0.7009699306276267,0.0,0.0,24.052444416098297,463adc6d1a7d63abc8d0758c7fa1a4b5036936920e514fe0cf5c2efc91bbd860
failure_partition,20022,combined,0.3723046460403191,0.37316642717751947,0.37316642717751947,0.94375,0.0,0.05625,0.0,1.6180051988029067,4.418918973515951,0.9875,0.02778367796314919,0.08125,0.0,0.9125,0.0,0.0,0.9934403772488449,0.6235474850444388,0.0,0.0,0.0,0.0,0.125,0.8107242143014115,0.0,0.0,24.979419959010556,427a938513827b5c9e178a2876db8240f50998ee722028de8ce00cb184f56cdc
failure_partition,20023,combined,0.3568678439103567,0.4101165740984624,0.4101165740984624,0.99375,0.0,0.00625,0.0,1.696060353087585,4.973986376399555,0.96875,0.021020130449253584,0.05625,0.0,0.875,0.0,0.0,0.9967839420645476,0.8205901854336601,0.0,0.0,0.0,0.0,0.69375,1.0652007478369612,0.0,0.0,24.639263625023887,ffa9befcbe02e1c5e0a098895df8608e9c859f6670140964312ae5dc08afbcd7
failure_partition,20024,combined,0.33766036701792784,0.3691111225859485,0.3691111225859485,0.99375,0.0,0.00625,0.0,1.6869439558814332,4.834010315054793,0.975,0.018423503720138828,0.0625,0.0,0.925,0.0,0.0,0.9970384086816451,0.8175621473461261,0.0,0.0,0.0,0.0,0.2125,0.9683840007846856,0.0,0.0,25.00187287502922,5c61552046a62a293dcf663dd0839977bc119a5ef8cbb5265195f8e3e5f08ee6
failure_partition,20025,combined,0.4166037592718975,0.4268210552143195,0.4268210552143195,0.9375,0.0,0.0625,0.0,1.877163458291274,5.58895033606507,0.96875,0.02453376055065255,0.05,0.0,0.925,0.0,0.0,0.9972724902806916,0.810619284190803,0.0,0.0,0.0,0.0,0.61875,0.8290613085032529,0.0,0.0,24.326151583110914,4f976eace0041c077f39890176efc06217b8357b532fb4692d140abac7629f50
failure_partition,20026,combined,0.40019632554287804,0.45511905450455375,0.45511905450455375,0.9875,0.0,0.0125,0.0,1.7374330424449607,4.995773908465076,0.9625,0.02164067801945473,0.04375,0.0,0.7375,0.0,0.0,0.9983433279279111,0.8567495589240888,0.0,0.0,0.0,0.0,0.225,0.9392603413481373,0.0,0.0,23.911723125027493,4efca25952bec640b73f33520da3acda1abe3ca255e020b7dbc9c7993a881339
failure_partition,20027,combined,0.3322203910593923,0.3540198403194937,0.3540198403194937,0.9625,0.0,0.0375,0.0,1.5775106935489533,4.7103635547976275,0.975,0.024787788309487215,0.0375,0.0,0.88125,0.0,0.0,0.9971802680899273,0.8420972165184697,0.0,0.0,0.0,0.0,0.63125,0.7813019365804879,0.0,0.0,24.878437125124037,31a7afd32703ae0992b2d87cb9755bf1e0a9a5d91de76aa6e0371fbe0585ad61
failure_partition,20028,combined,0.31721766425176556,0.35468549320390697,0.35468549320390697,1.0,0.0,0.0,0.0,1.353263240412162,3.4523809703779005,0.99375,0.01344608134897172,0.0625,0.0,0.88125,0.0,0.0,0.9960455299565052,0.7734914274885334,0.0,0.0,0.0,0.0,0.15625,0.7867217751515293,0.0,0.0,24.933861166005954,b4ac84cff87a0df1d1b0b3922c007ac4d4bfd5d7218baa890e91c24ac93459c7
failure_partition,20029,combined,0.3559488280242519,0.38562714533839526,0.38562714533839526,0.975,0.0,0.025,0.0,1.729514873897044,4.851570807529737,0.96875,0.015525305553424015,0.05625,0.0,0.8875,0.0,0.0,0.9953879625982619,0.7937382804917934,0.0,0.0,0.0,0.0,0.69375,1.0157973653873702,0.0,0.0,24.78820470906794,61fefd23c22aa91738a3b6ec8e4d2c6251fb81f59088c084a9dbf92323f10218
failure_partition,20030,combined,0.3687402663547531,0.42885308651394843,0.42885308651394843,1.0,0.0,0.0,0.0,2.0597625098700956,6.922170395858998,0.9375,0.014926655583065784,0.0875,0.0,0.89375,0.0,0.0,0.9946394486138475,0.7658532887485039,0.0,0.0,0.0,0.0,0.175,0.9034408029237401,0.0,0.0,25.594921665964648,3d2aa645e68efffc7a2873be3753b40e6a13005c0f566bbcc168d5343256cd13
failure_partition,20031,combined,0.3925264294989338,0.41707887135691696,0.41707887135691696,0.9625,0.0,0.0375,0.0,1.5059304141149394,4.279320723546528,0.975,0.020164985714187195,0.05,0.0,0.6125,0.0,0.0,0.99721092216676,0.7525817039826072,0.0,0.0,0.0,0.0,0.21875,0.8686330442857967,0.0,0.0,24.098709667101502,03002d77ebadb33debcdd53e9137b23c133c742a08e9e687549ec456f158e5ef
failure_partition,20032,combined,0.30963434157332687,0.34967765162609465,0.34967765162609465,1.0,0.0,0.0,0.0,1.689640464666494,5.176316635538887,0.9625,0.01323330357547447,0.075,0.0,0.95,0.0,0.0,0.9972817657978853,0.8454186779945334,0.0,0.0,0.0,0.0,0.66875,0.9566363752484669,0.0,0.0,25.065994709031656,bd0b0f7b2d248fea069698c18707c365d7882ddcd0428f53011744077fd45777
failure_partition,20033,combined,0.38638998532706265,0.40022893780022045,0.40022893780022045,0.95625,0.0,0.04375,0.0,1.6511460574624302,4.666930874108429,0.98125,0.028445197144663127,0.09375,0.0,0.91875,0.0,0.0,0.9950840487959901,0.8161154250714582,0.0,0.0,0.0,0.0,0.21875,1.2449321439776455,0.0,0.0,24.347389874979854,2485a51e3e93d9a056848a055b06ed35db04cea36e9f8b9243367e4ad3a48cb6
failure_partition,20034,combined,0.335795199142205,0.3660251795787321,0.3660251795787321,0.99375,0.0,0.00625,0.0,1.5811956727404781,4.641665424789207,0.9875,0.017383978248783825,0.05,0.0,0.95625,0.0,0.0,0.9976903219394829,0.8897869874728994,0.0,0.0,0.0,0.0,0.65625,0.9479316740034447,0.0,0.0,24.134898249991238,406a2bd0a118340069688805c16756c5b06b64d8ae9784302e944ac70f357cc2
failure_partition,20035,combined,0.3192377499091649,0.36077807550492547,0.36077807550492547,0.99375,0.0,0.00625,0.0,1.8289602419604474,5.38501908191832,0.9625,0.021868641738122745,0.06875,0.0,0.94375,0.0,0.0,0.9963440981239919,0.5731376208369154,0.0,0.0,0.0,0.0,0.68125,0.8635926392897391,0.0,0.0,25.092506374930963,240545164427d8142d559de69fc59a87fccc00fcadc4bdd9040e9952d42ea7f0
failure_partition,20036,combined,0.4312046858251012,0.46075602053126125,0.46075602053126125,0.94375,0.0,0.05625,0.0,1.6925641992707547,5.198557920381792,0.96875,0.027441873737880505,0.0375,0.0,0.76875,0.0,0.0,0.9981840368033268,0.8278735997552835,0.0,0.0,0.0,0.0,0.6875,1.2077817488364606,0.0,0.0,23.686166666913778,6e2496cfe05800b0e86735a8520d5937a45f77cebd6fb071e7678aa3b8f8352c
failure_partition,20037,combined,0.40420674471066453,0.4080789070095774,0.4080789070095774,0.93125,0.0,0.06875,0.0,1.5583717685426217,4.519702879365828,0.99375,0.031191750935082745,0.06875,0.0,0.70625,0.0,0.0,0.996723735919271,0.6391953145998971,0.0,0.0,0.0,0.0,0.64375,0.9037163777212884,0.0,0.0,23.29150770790875,db3cd4c1852d35502c490b4a6381b0fedc181bd9f65cef67adabe286da302618
failure_partition,20038,combined,0.38985103062779913,0.4122035637230823,0.4122035637230823,0.95625,0.0,0.04375,0.0,1.5417012633603062,4.448540996084619,0.98125,0.029854170097933414,0.0625,0.0,0.70625,0.0,0.0,0.9956331119201174,0.730056293000236,0.0,0.0,0.0,0.0,0.69375,1.0725005274538906,0.0,0.0,23.93307441705838,8daeb62cb84fd15e1acff47bce162292db290b6cca8f591b74b68de727dc6039
failure_partition,20039,combined,0.3319045443416724,0.37424220058357577,0.37424220058357577,1.0,0.0,0.0,0.0,1.8470123481678882,5.355046347393438,0.96875,0.017838563427193983,0.06875,0.0,0.9375,0.0,0.0,0.9963580704321553,0.8555446251524681,0.0,0.0,0.0,0.0,0.69375,1.040642448185421,0.0,0.0,25.415273792110384,4013653250a1b2aa27abf12d079ab22354a68580fe6a94c5c39d0b825a8f352e
flapping_reconnect,20000,m9c_baseline,0.35596044009053157,0.4250394269212944,0.4250394269212944,1.0,0.0,0.0,0.0,1.8162205692006708,5.020187076275836,0.9875,0.011632418303689421,0.0,0.0,0.0,0.0,0.0,1.0,1.0,0.0,0.0,0.0,0.0,0.0,0.8868737981103095,0.0,0.0,27.120687959017232,57d51b8cb3e9c0a91bb7c758741cfcd42cf389844ac9959904263eca2e8a366d
flapping_reconnect,20001,m9c_baseline,0.29062443263549254,0.336349945080831,0.336349945080831,1.0,0.0,0.0,0.0,1.621876509829337,5.059711635983729,0.975,0.011255603481927303,0.0,0.0,0.0,0.0,0.0,1.0,1.0,0.0,0.0,0.0,0.0,0.0,0.9239395828432887,0.0,0.0,28.131244792137295,efde8d103d3fb68c5060ac69e7399687e69cead8101f91810e47e3e6c57a6208
flapping_reconnect,20002,m9c_baseline,0.296387964364496,0.3274120770652373,0.3274120770652373,0.98125,0.0,0.01875,0.0,1.5828167113151292,5.5514196686637955,0.9625,0.022113371598426,0.0,0.0,0.0,0.0,0.0,1.0,1.0,0.0,0.0,0.0,0.0,0.0,1.2345084181104684,0.0,0.0,28.28855395782739,9ab79ab75f4d6f7b6f2cefae385c83d5aeca5e2d76b32dd91656259f85101c96
flapping_reconnect,20003,m9c_baseline,0.2941660475548972,0.3332770301707748,0.3332770301707748,0.9875,0.0,0.0125,0.0,1.5986636738096247,5.239307284475626,0.9625,0.021695806088273237,0.0,0.0,0.0,0.0,0.0,1.0,1.0,0.0,0.0,0.0,0.0,0.0,0.6664934015332268,0.0,0.0,27.994448124896735,f8d865937466f1513f9331f7358b18f502279eabec8500c9385d5c3511e9b909
flapping_reconnect,20004,m9c_baseline,0.3174587130711087,0.3697212025123452,0.3697212025123452,0.99375,0.0,0.00625,0.0,1.7750971939668432,5.12160959667779,0.96875,0.017340342345793895,0.0,0.0,0.0,0.0,0.0,1.0,1.0,0.0,0.0,0.0,0.0,0.0,0.9128621318045514,0.0,0.0,28.2605371249374,a9d1fb4bb0216715e439b3e40df9f97d652c2bf42e5f367d47ab556ccd86b6fe
flapping_reconnect,20005,m9c_baseline,0.3058535536090933,0.33339335788405544,0.33339335788405544,0.975,0.0,0.025,0.0,1.5795653900303175,4.710797030041656,0.975,0.016524610431735927,0.0,0.0,0.0,0.0,0.0,1.0,1.0,0.0,0.0,0.0,0.0,0.00625,0.6915382233611937,0.0,0.0,28.368420667015016,e8b0ef182adae553ca7c2aa48bc14935f3548fe1e5a5a848a652d7618664d5a6
flapping_reconnect,20006,m9c_baseline,0.2847812692626409,0.31792286916351287,0.31792286916351287,0.9875,0.0,0.0125,0.0,1.550714970270994,4.59074967913754,0.975,0.018152762377899832,0.0,0.0,0.0,0.0,0.0,1.0,1.0,0.0,0.0,0.0,0.0,0.01875,1.0476751357708498,0.0,0.0,28.92139258305542,c9cf1939704fc9f2439fca7f8c8091c812f8cf6150785dc6f043485adeea2303
flapping_reconnect,20007,m9c_baseline,0.3017899906485561,0.33220058852914885,0.33220058852914885,0.9875,0.0,0.0125,0.0,1.682454215199859,5.0567528042512055,0.96875,0.016953927979518113,0.0,0.0,0.0,0.0,0.0,1.0,1.0,0.0,0.0,0.0,0.0,0.0,0.7879762456863162,0.0,0.0,29.208154916996136,ea65358f9fda41247f07d91f022a1d1ed1cb1298d7fb1381e7a3845f86633e9c
flapping_reconnect,20008,m9c_baseline,0.337731792292292,0.36846515123622103,0.36846515123622103,0.96875,0.0,0.03125,0.0,1.6837044857647172,4.724932805230641,0.975,0.02443567872667016,0.0,0.0,0.0,0.0,0.0,1.0,1.0,0.0,0.0,0.0,0.0,0.00625,0.973369786716541,0.0,0.0,27.778652583947405,9b489cc97ff5751174a2c9eca2a065e3b568ed177eaec6821a6fa1a975d91bbf
flapping_reconnect,20009,m9c_baseline,0.3077579028385208,0.35991303606702313,0.35991303606702313,1.0,0.0,0.0,0.0,1.8613179534429434,5.478382042333681,0.95,0.020303342258319684,0.0,0.0,0.0,0.0,0.0,1.0,1.0,0.0,0.0,0.0,0.0,0.0,1.0470434282564405,0.0,0.0,28.172876416007057,67aad512008704172e5f47a6fa4cad63f4f5d99045f4b21b40fdf00cea0e5b28
flapping_reconnect,20010,m9c_baseline,0.3093770688358579,0.36098974796864297,0.36098974796864297,1.0,0.0,0.0,0.0,1.739373726892503,4.710687358167858,0.9625,0.013714574919709854,0.0,0.0,0.0,0.0,0.0,1.0,1.0,0.0,0.0,0.0,0.0,0.0,0.9203574103098846,0.0,0.0,27.707265083910897,eb16335745b6f6e9cef1dde21182d2ad1c384e57734ef042def2bd7d6eed5956
flapping_reconnect,20011,m9c_baseline,0.30417051941384315,0.3481062803676378,0.3481062803676378,1.0,0.0,0.0,0.0,1.7548512487321701,5.215961875624066,0.975,0.012147067863102,0.0,0.0,0.0,0.0,0.0,1.0,1.0,0.0,0.0,0.0,0.0,0.0,0.7856897053542673,0.0,0.0,28.479550583055243,a71f4ae99764b3f651ace93919d8d245e9fc4f18ca570c5231f7f78b48e7df2c
flapping_reconnect,20012,m9c_baseline,0.26882780660181577,0.30426262920684705,0.30426262920684705,1.0,0.0,0.0,0.0,1.3154138486650493,3.8962954801474123,0.99375,0.015564327111667775,0.0,0.0,0.0,0.0,0.0,1.0,1.0,0.0,0.0,0.0,0.0,0.01875,0.7792791752057875,0.0,0.0,28.854578166967258,52f78c3c418502220f2e61e07345babebd44bef36a715579aafbabe397d78a50
flapping_reconnect,20013,m9c_baseline,0.3128281509195867,0.3532861692966001,0.3532861692966001,1.0,0.0,0.0,0.0,1.906107067818614,5.836985550891397,0.9625,0.015039834988918702,0.0,0.0,0.0,0.0,0.0,1.0,1.0,0.0,0.0,0.0,0.0,0.01875,0.8790933944314985,0.0,0.0,28.134791834047064,0646660b318d7694fd8d796d88f7a2b3473db38bcd3a3a3ffb47f7f7f0e4b0d8
flapping_reconnect,20014,m9c_baseline,0.31478453789963334,0.33891672502360953,0.33891672502360953,0.9875,0.0,0.0125,0.0,1.7788847567747657,4.619487695314433,0.98125,0.0204471677633554,0.0,0.0,0.0,0.0,0.0,1.0,1.0,0.0,0.0,0.0,0.0,0.0,0.814192491929672,0.0,0.0,29.242506709182635,05136ad6d5e26aa20846297b1fe7fcdbe597ed3a6f19fabddbfa78a8e466faec
flapping_reconnect,20015,m9c_baseline,0.30905406522998946,0.3465292414367101,0.3465292414367101,0.99375,0.0,0.00625,0.0,1.9236592938750643,6.020358804792097,0.94375,0.014788486237666914,0.0,0.0,0.0,0.0,0.0,1.0,1.0,0.0,0.0,0.0,0.0,0.00625,0.9209977899826939,0.0,0.0,29.320871459087357,c79275868bc5c2b9f2fa834053693d1f44a9bf626bad44a680655825d2477c96
flapping_reconnect,20016,m9c_baseline,0.3118970750728264,0.35203522841640633,0.35203522841640633,1.0,0.0,0.0,0.0,1.8256027611412002,4.9891122407561195,0.98125,0.014807402729162936,0.0,0.0,0.0,0.0,0.0,1.0,1.0,0.0,0.0,0.0,0.0,0.0,1.0995678199588992,0.0,0.0,28.220667832996696,8e838d602f3c59ce16416124d48a755be412761f9e136c63863dd7ed091baebd
flapping_reconnect,20017,m9c_baseline,0.3050621230387276,0.33509483491057185,0.33509483491057185,0.98125,0.0,0.01875,0.0,1.7160133258575498,4.7852832031943215,0.96875,0.019408277919468475,0.0,0.0,0.0,0.0,0.0,1.0,1.0,0.0,0.0,0.0,0.0,0.0,1.0128484124520702,0.0,0.0,28.463873917004094,f2d3632ebcd7327e1db8a71285df62f1b69bd40e3b8ab86f9b64a0d6d595d0c6
flapping_reconnect,20018,m9c_baseline,0.30239544305225846,0.3257067081138409,0.3257067081138409,0.98125,0.0,0.01875,0.0,1.6646344405050713,4.30091923314578,0.975,0.01876452771273678,0.0,0.0,0.0,0.0,0.0,1.0,1.0,0.0,0.0,0.0,0.0,0.0,1.0735913094872682,0.0,0.0,28.145851208129898,b70bd7375dba967189461fee3c64216db8a9b3d79fd74d0d3deb5821fdf49960
flapping_reconnect,20019,m9c_baseline,0.3180989661292052,0.36187904551628874,0.36187904551628874,0.99375,0.0,0.00625,0.0,2.006614642601318,6.706745745239193,0.9125,0.015975334822391822,0.0,0.0,0.0,0.0,0.0,1.0,1.0,0.0,0.0,0.0,0.0,0.00625,1.0339898500436473,0.0,0.0,28.664746209047735,6532ee8fbd8dfc543fc984f69f056658bc39567d9dc0f366a54150ad77dc6fab
flapping_reconnect,20020,m9c_baseline,0.2855581211943746,0.33636150339428533,0.33636150339428533,1.0,0.0,0.0,0.0,1.5098333604330227,4.867517202215177,0.96875,0.011968016069015968,0.0,0.0,0.0,0.0,0.0,1.0,1.0,0.0,0.0,0.0,0.0,0.0,1.0528883546053174,0.0,0.0,28.29591845883988,db97b2121fb72fb767293815d81b7faa76d01ce9175da40ac4ed3e16f89185d4
flapping_reconnect,20021,m9c_baseline,0.2792799899035298,0.3293354554753624,0.3293354554753624,1.0,0.0,0.0,0.0,1.485842726222907,4.609902715773038,0.96875,0.011249997724377427,0.0,0.0,0.0,0.0,0.0,1.0,1.0,0.0,0.0,0.0,0.0,0.0,0.7073033283896857,0.0,0.0,28.23314775014296,24699d0a4b9794c73fda065a0dc080d608b194a84150187b2a6a0655248424d6
flapping_reconnect,20022,m9c_baseline,0.3021108504446401,0.3408407601180941,0.3408407601180941,1.0,0.0,0.0,0.0,1.7486696938389081,4.892161491724403,0.98125,0.02021049315687025,0.0,0.0,0.0,0.0,0.0,1.0,1.0,0.0,0.0,0.0,0.0,0.0,0.8528728895776366,0.0,0.0,29.194265875034034,781b7faff1d02c396fed1b82f3f35e669013c843a04567feb5baba1305a3d7c8
flapping_reconnect,20023,m9c_baseline,0.305916341681009,0.3266922710026918,0.3266922710026918,0.975,0.0,0.025,0.0,1.7007805031277698,4.7834729910006555,0.9625,0.01590137207825145,0.0,0.0,0.0,0.0,0.0,1.0,1.0,0.0,0.0,0.0,0.0,0.00625,1.1298666348147242,0.0,0.0,29.469864666927606,bafce44dbdbf435f693db60d0aee2fe559baf306dc8cb4c2f8d85cb86551ea39
flapping_reconnect,20024,m9c_baseline,0.3082453948982166,0.3470613511598627,0.3470613511598627,0.99375,0.0,0.00625,0.0,1.7035548225288664,5.193168852225203,0.96875,0.015498304082727505,0.0,0.0,0.0,0.0,0.0,1.0,1.0,0.0,0.0,0.0,0.0,0.01875,1.0242968875454097,0.0,0.0,27.94120870786719,cb3a734239c544693860707ce02458911fd5701596bdc9e6476046a19436d9bb
flapping_reconnect,20025,m9c_baseline,0.33433183804482863,0.38007177881337345,0.38007177881337345,0.99375,0.0,0.00625,0.0,1.969907415905889,5.66292198785375,0.975,0.01763692533036204,0.0,0.0,0.0,0.0,0.0,1.0,1.0,0.0,0.0,0.0,0.0,0.0,0.8612499205403703,0.0,0.0,27.922865165863186,e3a1e6f1fc229c2e5ad74cc0b1aee045e4b0a214e9b98a6fd655a5a0cc76877b
flapping_reconnect,20026,m9c_baseline,0.3745852607537013,0.45320826884687726,0.45320826884687726,0.98125,0.0,0.01875,0.0,2.027782103045379,6.893256931868657,0.925,0.016641349763968936,0.0,0.0,0.0,0.0,0.0,1.0,1.0,0.0,0.0,0.0,0.0,0.0,0.981931681738541,0.0,0.0,28.22691549989395,d4219815b149602622bc53364cbb6f0fa01b99883ac7f5634772953c63a7b3f4
flapping_reconnect,20027,m9c_baseline,0.29169915846442357,0.3415266949027331,0.3415266949027331,1.0,0.0,0.0,0.0,1.7064388675226485,4.8186368815739185,0.975,0.01704756576912072,0.0,0.0,0.0,0.0,0.0,1.0,1.0,0.0,0.0,0.0,0.0,0.0,0.8024134810435768,0.0,0.0,28.655071542132646,0c7d965fcd0c1540b4e87fa34bb364d786ab8d9dda4d35f89307badfacbdce52
flapping_reconnect,20028,m9c_baseline,0.2622971067355227,0.2969485243901372,0.2969485243901372,1.0,0.0,0.0,0.0,1.3346406283685233,3.836008958292105,1.0,0.012954550575228574,0.0,0.0,0.0,0.0,0.0,1.0,1.0,0.0,0.0,0.0,0.0,0.0,0.8097970906671363,0.0,0.0,29.143714249832556,0cdb09003ba81993733b9fe2e7d3eb798ccfa0e994328baca51b9b586add8712
flapping_reconnect,20029,m9c_baseline,0.30602971669440626,0.3547089302537331,0.3547089302537331,1.0,0.0,0.0,0.0,1.7060952597099095,4.941406264840232,0.975,0.010529786607034682,0.0,0.0,0.0,0.0,0.0,1.0,1.0,0.0,0.0,0.0,0.0,0.0,1.0826255924196897,0.0,0.0,28.88106729206629,58f4c8af23822e744a35bd59e39d9016072496bf7553e6ce71e574033986d537
flapping_reconnect,20030,m9c_baseline,0.30631110172672166,0.35974823982884496,0.35974823982884496,1.0,0.0,0.0,0.0,2.0147376466739986,6.53524925001855,0.93125,0.01276647802506543,0.0,0.0,0.0,0.0,0.0,1.0,1.0,0.0,0.0,0.0,0.0,0.0,0.9375091817199795,0.0,0.0,29.16062712506391,d8f96cff392d517f7b1f9642665aac91ac51fc18b162c5cc0d5dd38f91a9f908
flapping_reconnect,20031,m9c_baseline,0.292692453112999,0.3332884369704641,0.3332884369704641,1.0,0.0,0.0,0.0,1.6947016460130393,4.971028574321779,0.9625,0.01588658400438204,0.0,0.0,0.0,0.0,0.0,1.0,1.0,0.0,0.0,0.0,0.0,0.0,0.8953817245794913,0.0,0.0,28.137363457819447,93b4b7eb4755ec0c02f16c3ef705b73d08babb3c94e7ce573bc670d9bea895f1
flapping_reconnect,20032,m9c_baseline,0.28913681353240955,0.32300239309714646,0.32300239309714646,1.0,0.0,0.0,0.0,1.7267709577168922,4.758578450131661,0.98125,0.012510566186307448,0.0,0.0,0.0,0.0,0.0,1.0,1.0,0.0,0.0,0.0,0.0,0.00625,0.9562920440503533,0.0,0.0,26.642839583102614,50dc165c5130ef1b5807299ff4adaeca638c5569caeef33bb1a7fd509cced056
flapping_reconnect,20033,m9c_baseline,0.32748908466461363,0.34088177188047836,0.34088177188047836,0.9625,0.0,0.0375,0.0,1.6214857593655059,4.680131214665728,0.98125,0.02294889471806019,0.0,0.0,0.0,0.0,0.0,1.0,1.0,0.0,0.0,0.0,0.0,0.00625,1.378088113526708,0.0,0.0,26.266203792067245,a1bb8b50e4605ff82c4d9b118c5bbdde8bcaebf451c626329134b1b71b5937b6
flapping_reconnect,20034,m9c_baseline,0.27658377090552655,0.31265338356753614,0.31265338356753614,1.0,0.0,0.0,0.0,1.6063438703426143,4.959642085608518,0.98125,0.013935532571914658,0.0,0.0,0.0,0.0,0.0,1.0,1.0,0.0,0.0,0.0,0.0,0.0375,0.9614974391934685,0.0,0.0,26.643584916833788,4d3f560d454a11e7dab054bccb83e3b54cb26ed1b58e2aeeddcfe5c7ec12d287
flapping_reconnect,20035,m9c_baseline,0.31392507380996576,0.35727561676478353,0.35727561676478353,0.99375,0.0,0.00625,0.0,1.935735234389424,5.435605200208921,0.9625,0.021014091949309893,0.0,0.0,0.0,0.0,0.0,1.0,1.0,0.0,0.0,0.0,0.0,0.0,0.8599086721567544,0.0,0.0,26.14930991595611,ea708ea06eabac8f4966d4532568739a2c1fdc488bef7f332d9f8d966c9c1d5f
flapping_reconnect,20036,m9c_baseline,0.2790342802435724,0.31603646198064644,0.31603646198064644,1.0,0.0,0.0,0.0,1.606178155309422,5.075493915298005,0.96875,0.010519289810908525,0.0,0.0,0.0,0.0,0.0,1.0,1.0,0.0,0.0,0.0,0.0,0.0,1.3144940213493688,0.0,0.0,26.23288508411497,dc26f1a866a8efed42e680bcfc922e129bf6bc7dc6d42c87425180a6799c5de3
flapping_reconnect,20037,m9c_baseline,0.3209469481086843,0.34234899121358514,0.34234899121358514,0.96875,0.0,0.03125,0.0,1.655914793716177,4.588099786334035,0.98125,0.023484624635777735,0.0,0.0,0.0,0.0,0.0,1.0,1.0,0.0,0.0,0.0,0.0,0.0,0.9133649761200606,0.0,0.0,26.12254283297807,bfc260c4d148a5e042e3fca10055f8ed30a508a4dbdc9f8175a1a15cdf307fe2
flapping_reconnect,20038,m9c_baseline,0.27762354476689166,0.3258960711180997,0.3258960711180997,1.0,0.0,0.0,0.0,1.434463141353745,4.841736963890504,0.96875,0.011282941040605099,0.0,0.0,0.0,0.0,0.0,1.0,1.0,0.0,0.0,0.0,0.0,0.0,1.1496857045409252,0.0,0.0,26.053317749872804,dd4371cdae43de2c61e46dd1c0777d5eda32bb31edcf4712b800789b3ae15d2f
flapping_reconnect,20039,m9c_baseline,0.30584651794238626,0.34665366109242324,0.34665366109242324,1.0,0.0,0.0,0.0,1.7635689078705277,4.83865137307904,0.975,0.01467724083009283,0.0,0.0,0.0,0.0,0.0,1.0,1.0,0.0,0.0,0.0,0.0,0.0,1.104243491041752,0.0,0.0,25.988132750149816,6a96652f32cd0f02cf83bf0a888469bda0928edc88802b216ed6f823f70ec71a
flapping_reconnect,20000,cross_channel,0.35596044009053157,0.4250394269212944,0.4250394269212944,1.0,0.0,0.0,0.0,1.8162205692006708,5.020187076275836,0.9875,0.011632418303689421,0.0875,0.0,0.83125,0.0,0.0,0.9967129834382604,0.840156158170045,0.0,0.0,0.0,0.0,0.0,0.8868737981103095,0.0,0.0,27.120687959017232,57d51b8cb3e9c0a91bb7c758741cfcd42cf389844ac9959904263eca2e8a366d
flapping_reconnect,20001,cross_channel,0.29062443263549254,0.336349945080831,0.336349945080831,1.0,0.0,0.0,0.0,1.621876509829337,5.059711635983729,0.975,0.011255603481927303,0.06875,0.0,0.95,0.0,0.0,0.9971912803640205,0.8591112084619611,0.0,0.0,0.0,0.0,0.0,0.9239395828432887,0.0,0.0,28.131244792137295,efde8d103d3fb68c5060ac69e7399687e69cead8101f91810e47e3e6c57a6208
flapping_reconnect,20002,cross_channel,0.296387964364496,0.3274120770652373,0.3274120770652373,0.98125,0.0,0.01875,0.0,1.5828167113151292,5.5514196686637955,0.9625,0.022113371598426,0.13125,0.0,0.9875,0.0,0.0,0.9939096778226215,0.8253799439592171,0.0,0.0,0.0,0.0,0.0,1.2345084181104684,0.0,0.0,28.28855395782739,9ab79ab75f4d6f7b6f2cefae385c83d5aeca5e2d76b32dd91656259f85101c96
flapping_reconnect,20003,cross_channel,0.2941660475548972,0.3332770301707748,0.3332770301707748,0.9875,0.0,0.0125,0.0,1.5986636738096247,5.239307284475626,0.9625,0.021695806088273237,0.11875,0.0,0.85,0.0,0.0,0.9946457704694336,0.7746908216769015,0.0,0.0,0.0,0.0,0.0,0.6664934015332268,0.0,0.0,27.994448124896735,f8d865937466f1513f9331f7358b18f502279eabec8500c9385d5c3511e9b909
flapping_reconnect,20004,cross_channel,0.3174587130711087,0.3697212025123452,0.3697212025123452,0.99375,0.0,0.00625,0.0,1.7750971939668432,5.12160959667779,0.96875,0.017340342345793895,0.13125,0.0,0.95625,0.0,0.0,0.9931239225991935,0.6970942108811805,0.0,0.0,0.0,0.0,0.0,0.9128621318045514,0.0,0.0,28.2605371249374,a9d1fb4bb0216715e439b3e40df9f97d652c2bf42e5f367d47ab556ccd86b6fe
flapping_reconnect,20005,cross_channel,0.3058535536090933,0.33339335788405544,0.33339335788405544,0.975,0.0,0.025,0.0,1.5795653900303175,4.710797030041656,0.975,0.016524610431735927,0.05,0.0,0.94375,0.0,0.0,0.997405916260243,0.7302873916207678,0.0,0.0,0.0,0.0,0.00625,0.6915382233611937,0.0,0.0,28.368420667015016,e8b0ef182adae553ca7c2aa48bc14935f3548fe1e5a5a848a652d7618664d5a6
flapping_reconnect,20006,cross_channel,0.2847812692626409,0.31792286916351287,0.31792286916351287,0.9875,0.0,0.0125,0.0,1.550714970270994,4.59074967913754,0.975,0.018152762377899832,0.08125,0.0,0.95,0.0,0.0,0.9954395180306903,0.7311648267265851,0.0,0.0,0.0,0.0,0.01875,1.0476751357708498,0.0,0.0,28.92139258305542,c9cf1939704fc9f2439fca7f8c8091c812f8cf6150785dc6f043485adeea2303
flapping_reconnect,20007,cross_channel,0.3017899906485561,0.33220058852914885,0.33220058852914885,0.9875,0.0,0.0125,0.0,1.682454215199859,5.0567528042512055,0.96875,0.016953927979518113,0.0875,0.0,0.98125,0.0,0.0,0.9944013031870937,0.7461947317542925,0.0,0.0,0.0,0.0,0.0,0.7879762456863162,0.0,0.0,29.208154916996136,ea65358f9fda41247f07d91f022a1d1ed1cb1298d7fb1381e7a3845f86633e9c
flapping_reconnect,20008,cross_channel,0.337731792292292,0.36846515123622103,0.36846515123622103,0.96875,0.0,0.03125,0.0,1.6837044857647172,4.724932805230641,0.975,0.02443567872667016,0.0875,0.0,0.9125,0.0,0.0,0.9958709224524498,0.8460686939636479,0.0,0.0,0.0,0.0,0.00625,0.973369786716541,0.0,0.0,27.778652583947405,9b489cc97ff5751174a2c9eca2a065e3b568ed177eaec6821a6fa1a975d91bbf
flapping_reconnect,20009,cross_channel,0.3077579028385208,0.35991303606702313,0.35991303606702313,1.0,0.0,0.0,0.0,1.8613179534429434,5.478382042333681,0.95,0.020303342258319684,0.0625,0.0,0.94375,0.0,0.0,0.9971146053253778,0.690397206122769,0.0,0.0,0.0,0.0,0.0,1.0470434282564405,0.0,0.0,28.172876416007057,67aad512008704172e5f47a6fa4cad63f4f5d99045f4b21b40fdf00cea0e5b28
flapping_reconnect,20010,cross_channel,0.3093770688358579,0.36098974796864297,0.36098974796864297,1.0,0.0,0.0,0.0,1.739373726892503,4.710687358167858,0.9625,0.013714574919709854,0.08125,0.0,0.91875,0.0,0.0,0.9967286820749344,0.804916599525425,0.0,0.0,0.0,0.0,0.0,0.9203574103098846,0.0,0.0,27.707265083910897,eb16335745b6f6e9cef1dde21182d2ad1c384e57734ef042def2bd7d6eed5956
flapping_reconnect,20011,cross_channel,0.30417051941384315,0.3481062803676378,0.3481062803676378,1.0,0.0,0.0,0.0,1.7548512487321701,5.215961875624066,0.975,0.012147067863102,0.09375,0.0,0.975,0.0,0.0,0.9968780324890367,0.895326588952124,0.0,0.0,0.0,0.0,0.0,0.7856897053542673,0.0,0.0,28.479550583055243,a71f4ae99764b3f651ace93919d8d245e9fc4f18ca570c5231f7f78b48e7df2c
flapping_reconnect,20012,cross_channel,0.26882780660181577,0.30426262920684705,0.30426262920684705,1.0,0.0,0.0,0.0,1.3154138486650493,3.8962954801474123,0.99375,0.015564327111667775,0.1,0.0,0.9375,0.0,0.0,0.9974227560752015,0.8285992595900593,0.0,0.0,0.0,0.0,0.01875,0.7792791752057875,0.0,0.0,28.854578166967258,52f78c3c418502220f2e61e07345babebd44bef36a715579aafbabe397d78a50
flapping_reconnect,20013,cross_channel,0.3128281509195867,0.3532861692966001,0.3532861692966001,1.0,0.0,0.0,0.0,1.906107067818614,5.836985550891397,0.9625,0.015039834988918702,0.0625,0.0,0.93125,0.0,0.0,0.9979066705050588,0.8860769116972429,0.0,0.0,0.0,0.0,0.01875,0.8790933944314985,0.0,0.0,28.134791834047064,0646660b318d7694fd8d796d88f7a2b3473db38bcd3a3a3ffb47f7f7f0e4b0d8
flapping_reconnect,20014,cross_channel,0.31478453789963334,0.33891672502360953,0.33891672502360953,0.9875,0.0,0.0125,0.0,1.7788847567747657,4.619487695314433,0.98125,0.0204471677633554,0.075,0.0,0.95,0.0,0.0,0.9969081818542028,0.7732641056779743,0.0,0.0,0.0,0.0,0.0,0.814192491929672,0.0,0.0,29.242506709182635,05136ad6d5e26aa20846297b1fe7fcdbe597ed3a6f19fabddbfa78a8e466faec
flapping_reconnect,20015,cross_channel,0.30905406522998946,0.3465292414367101,0.3465292414367101,0.99375,0.0,0.00625,0.0,1.9236592938750643,6.020358804792097,0.94375,0.014788486237666914,0.06875,0.0,0.99375,0.0,0.0,0.9958219738875254,0.7924366781433126,0.0,0.0,0.0,0.0,0.00625,0.9209977899826939,0.0,0.0,29.320871459087357,c79275868bc5c2b9f2fa834053693d1f44a9bf626bad44a680655825d2477c96
flapping_reconnect,20016,cross_channel,0.3118970750728264,0.35203522841640633,0.35203522841640633,1.0,0.0,0.0,0.0,1.8256027611412002,4.9891122407561195,0.98125,0.014807402729162936,0.1,0.0,0.9375,0.0,0.0,0.9968154218210834,0.8485797191164117,0.0,0.0,0.0,0.0,0.0,1.0995678199588992,0.0,0.0,28.220667832996696,8e838d602f3c59ce16416124d48a755be412761f9e136c63863dd7ed091baebd
flapping_reconnect,20017,cross_channel,0.3050621230387276,0.33509483491057185,0.33509483491057185,0.98125,0.0,0.01875,0.0,1.7160133258575498,4.7852832031943215,0.96875,0.019408277919468475,0.075,0.0,0.95625,0.0,0.0,0.9969594617165111,0.8479525760977529,0.0,0.0,0.0,0.0,0.0,1.0128484124520702,0.0,0.0,28.463873917004094,f2d3632ebcd7327e1db8a71285df62f1b69bd40e3b8ab86f9b64a0d6d595d0c6
flapping_reconnect,20018,cross_channel,0.30239544305225846,0.3257067081138409,0.3257067081138409,0.98125,0.0,0.01875,0.0,1.6646344405050713,4.30091923314578,0.975,0.01876452771273678,0.10625,0.0,0.98125,0.0,0.0,0.9949959098765578,0.6676891073716806,0.0,0.0,0.0,0.0,0.0,1.0735913094872682,0.0,0.0,28.145851208129898,b70bd7375dba967189461fee3c64216db8a9b3d79fd74d0d3deb5821fdf49960
flapping_reconnect,20019,cross_channel,0.3180989661292052,0.36187904551628874,0.36187904551628874,0.99375,0.0,0.00625,0.0,2.006614642601318,6.706745745239193,0.9125,0.015975334822391822,0.08125,0.0,0.9625,0.0,0.0,0.9960887529075692,0.7978402048896573,0.0,0.0,0.0,0.0,0.00625,1.0339898500436473,0.0,0.0,28.664746209047735,6532ee8fbd8dfc543fc984f69f056658bc39567d9dc0f366a54150ad77dc6fab
flapping_reconnect,20020,cross_channel,0.2855581211943746,0.33636150339428533,0.33636150339428533,1.0,0.0,0.0,0.0,1.5098333604330227,4.867517202215177,0.96875,0.011968016069015968,0.075,0.0,0.83125,0.0,0.0,0.9981113286120532,0.8895821381925393,0.0,0.0,0.0,0.0,0.0,1.0528883546053174,0.0,0.0,28.29591845883988,db97b2121fb72fb767293815d81b7faa76d01ce9175da40ac4ed3e16f89185d4
flapping_reconnect,20021,cross_channel,0.2792799899035298,0.3293354554753624,0.3293354554753624,1.0,0.0,0.0,0.0,1.485842726222907,4.609902715773038,0.96875,0.011249997724377427,0.05,0.0,0.875,0.0,0.0,0.9965917985726602,0.815904034963609,0.0,0.0,0.0,0.0,0.0,0.7073033283896857,0.0,0.0,28.23314775014296,24699d0a4b9794c73fda065a0dc080d608b194a84150187b2a6a0655248424d6
flapping_reconnect,20022,cross_channel,0.3021108504446401,0.3408407601180941,0.3408407601180941,1.0,0.0,0.0,0.0,1.7486696938389081,4.892161491724403,0.98125,0.02021049315687025,0.1125,0.0,0.95,0.0,0.0,0.9950106335482776,0.6333044208304139,0.0,0.0,0.0,0.0,0.0,0.8528728895776366,0.0,0.0,29.194265875034034,781b7faff1d02c396fed1b82f3f35e669013c843a04567feb5baba1305a3d7c8
flapping_reconnect,20023,cross_channel,0.305916341681009,0.3266922710026918,0.3266922710026918,0.975,0.0,0.025,0.0,1.7007805031277698,4.7834729910006555,0.9625,0.01590137207825145,0.075,0.0,0.96875,0.0,0.0,0.9959585322852256,0.7514195853950947,0.0,0.0,0.0,0.0,0.00625,1.1298666348147242,0.0,0.0,29.469864666927606,bafce44dbdbf435f693db60d0aee2fe559baf306dc8cb4c2f8d85cb86551ea39
flapping_reconnect,20024,cross_channel,0.3082453948982166,0.3470613511598627,0.3470613511598627,0.99375,0.0,0.00625,0.0,1.7035548225288664,5.193168852225203,0.96875,0.015498304082727505,0.06875,0.0,0.9125,0.0,0.0,0.9982329864874109,0.9143177350179833,0.0,0.0,0.0,0.0,0.01875,1.0242968875454097,0.0,0.0,27.94120870786719,cb3a734239c544693860707ce02458911fd5701596bdc9e6476046a19436d9bb
flapping_reconnect,20025,cross_channel,0.33433183804482863,0.38007177881337345,0.38007177881337345,0.99375,0.0,0.00625,0.0,1.969907415905889,5.66292198785375,0.975,0.01763692533036204,0.075,0.0,0.90625,0.0,0.0,0.9956500620694853,0.7474916355036824,0.0,0.0,0.0,0.0,0.0,0.8612499205403703,0.0,0.0,27.922865165863186,e3a1e6f1fc229c2e5ad74cc0b1aee045e4b0a214e9b98a6fd655a5a0cc76877b
flapping_reconnect,20026,cross_channel,0.3745852607537013,0.45320826884687726,0.45320826884687726,0.98125,0.0,0.01875,0.0,2.027782103045379,6.893256931868657,0.925,0.016641349763968936,0.0625,0.0,0.83125,0.0,0.0,0.9960716081232025,0.8253992800062894,0.0,0.0,0.0,0.0,0.0,0.981931681738541,0.0,0.0,28.22691549989395,d4219815b149602622bc53364cbb6f0fa01b99883ac7f5634772953c63a7b3f4
flapping_reconnect,20027,cross_channel,0.29169915846442357,0.3415266949027331,0.3415266949027331,1.0,0.0,0.0,0.0,1.7064388675226485,4.8186368815739185,0.975,0.01704756576912072,0.0625,0.0,0.9375,0.0,0.0,0.9976047884307964,0.891599373701225,0.0,0.0,0.0,0.0,0.0,0.8024134810435768,0.0,0.0,28.655071542132646,0c7d965fcd0c1540b4e87fa34bb364d786ab8d9dda4d35f89307badfacbdce52
flapping_reconnect,20028,cross_channel,0.2622971067355227,0.2969485243901372,0.2969485243901372,1.0,0.0,0.0,0.0,1.3346406283685233,3.836008958292105,1.0,0.012954550575228574,0.06875,0.0,0.975,0.0,0.0,0.9970572844282934,0.7734914274885334,0.0,0.0,0.0,0.0,0.0,0.8097970906671363,0.0,0.0,29.143714249832556,0cdb09003ba81993733b9fe2e7d3eb798ccfa0e994328baca51b9b586add8712
flapping_reconnect,20029,cross_channel,0.30602971669440626,0.3547089302537331,0.3547089302537331,1.0,0.0,0.0,0.0,1.7060952597099095,4.941406264840232,0.975,0.010529786607034682,0.05625,0.0,0.94375,0.0,0.0,0.9973614582330688,0.7767348532038111,0.0,0.0,0.0,0.0,0.0,1.0826255924196897,0.0,0.0,28.88106729206629,58f4c8af23822e744a35bd59e39d9016072496bf7553e6ce71e574033986d537
flapping_reconnect,20030,cross_channel,0.30631110172672166,0.35974823982884496,0.35974823982884496,1.0,0.0,0.0,0.0,2.0147376466739986,6.53524925001855,0.93125,0.01276647802506543,0.09375,0.0,0.95625,0.0,0.0,0.9962175347013924,0.7685428863357631,0.0,0.0,0.0,0.0,0.0,0.9375091817199795,0.0,0.0,29.16062712506391,d8f96cff392d517f7b1f9642665aac91ac51fc18b162c5cc0d5dd38f91a9f908
flapping_reconnect,20031,cross_channel,0.292692453112999,0.3332884369704641,0.3332884369704641,1.0,0.0,0.0,0.0,1.6947016460130393,4.971028574321779,0.9625,0.01588658400438204,0.0625,0.0,0.9375,0.0,0.0,0.99688615454873,0.7972840493238856,0.0,0.0,0.0,0.0,0.0,0.8953817245794913,0.0,0.0,28.137363457819447,93b4b7eb4755ec0c02f16c3ef705b73d08babb3c94e7ce573bc670d9bea895f1
flapping_reconnect,20032,cross_channel,0.28913681353240955,0.32300239309714646,0.32300239309714646,1.0,0.0,0.0,0.0,1.7267709577168922,4.758578450131661,0.98125,0.012510566186307448,0.075,0.0,0.975,0.0,0.0,0.9977452017263746,0.8449280973878401,0.0,0.0,0.0,0.0,0.00625,0.9562920440503533,0.0,0.0,26.642839583102614,50dc165c5130ef1b5807299ff4adaeca638c5569caeef33bb1a7fd509cced056
flapping_reconnect,20033,cross_channel,0.32748908466461363,0.34088177188047836,0.34088177188047836,0.9625,0.0,0.0375,0.0,1.6214857593655059,4.680131214665728,0.98125,0.02294889471806019,0.1,0.0,0.95,0.0,0.0,0.9950639494091418,0.5499999997311554,0.0,0.0,0.0,0.0,0.00625,1.378088113526708,0.0,0.0,26.266203792067245,a1bb8b50e4605ff82c4d9b118c5bbdde8bcaebf451c626329134b1b71b5937b6
flapping_reconnect,20034,cross_channel,0.27658377090552655,0.31265338356753614,0.31265338356753614,1.0,0.0,0.0,0.0,1.6063438703426143,4.959642085608518,0.98125,0.013935532571914658,0.05625,0.0,0.98125,0.0,0.0,0.9985107993912052,0.8932268612288357,0.0,0.0,0.0,0.0,0.0375,0.9614974391934685,0.0,0.0,26.643584916833788,4d3f560d454a11e7dab054bccb83e3b54cb26ed1b58e2aeeddcfe5c7ec12d287
flapping_reconnect,20035,cross_channel,0.31392507380996576,0.35727561676478353,0.35727561676478353,0.99375,0.0,0.00625,0.0,1.935735234389424,5.435605200208921,0.9625,0.021014091949309893,0.08125,0.0,0.95,0.0,0.0,0.9948621873486164,0.7855337606668329,0.0,0.0,0.0,0.0,0.0,0.8599086721567544,0.0,0.0,26.14930991595611,ea708ea06eabac8f4966d4532568739a2c1fdc488bef7f332d9f8d966c9c1d5f
flapping_reconnect,20036,cross_channel,0.2790342802435724,0.31603646198064644,0.31603646198064644,1.0,0.0,0.0,0.0,1.606178155309422,5.075493915298005,0.96875,0.010519289810908525,0.0625,0.0,0.9625,0.0,0.0,0.9966318453854797,0.8278735997552835,0.0,0.0,0.0,0.0,0.0,1.3144940213493688,0.0,0.0,26.23288508411497,dc26f1a866a8efed42e680bcfc922e129bf6bc7dc6d42c87425180a6799c5de3
flapping_reconnect,20037,cross_channel,0.3209469481086843,0.34234899121358514,0.34234899121358514,0.96875,0.0,0.03125,0.0,1.655914793716177,4.588099786334035,0.98125,0.023484624635777735,0.08125,0.0,0.91875,0.0,0.0,0.9960799669549703,0.6632875036688999,0.0,0.0,0.0,0.0,0.0,0.9133649761200606,0.0,0.0,26.12254283297807,bfc260c4d148a5e042e3fca10055f8ed30a508a4dbdc9f8175a1a15cdf307fe2
flapping_reconnect,20038,cross_channel,0.27762354476689166,0.3258960711180997,0.3258960711180997,1.0,0.0,0.0,0.0,1.434463141353745,4.841736963890504,0.96875,0.011282941040605099,0.075,0.0,0.9875,0.0,0.0,0.9963423871670372,0.725799601398492,0.0,0.0,0.0,0.0,0.0,1.1496857045409252,0.0,0.0,26.053317749872804,dd4371cdae43de2c61e46dd1c0777d5eda32bb31edcf4712b800789b3ae15d2f
flapping_reconnect,20039,cross_channel,0.30584651794238626,0.34665366109242324,0.34665366109242324,1.0,0.0,0.0,0.0,1.7635689078705277,4.83865137307904,0.975,0.01467724083009283,0.06875,0.0,0.9375,0.0,0.0,0.9977553733804708,0.878160489924326,0.0,0.0,0.0,0.0,0.0,1.104243491041752,0.0,0.0,25.988132750149816,6a96652f32cd0f02cf83bf0a888469bda0928edc88802b216ed6f823f70ec71a
flapping_reconnect,20000,ramp_rate,0.35596044009053157,0.4250394269212944,0.4250394269212944,1.0,0.0,0.0,0.0,1.8162205692006708,5.020187076275836,0.9875,0.011632418303689421,0.0875,0.0,0.83125,0.0,0.0,1.0,1.0,0.0,0.0,0.0,0.0,0.0,0.8868737981103095,0.0,0.0,27.120687959017232,57d51b8cb3e9c0a91bb7c758741cfcd42cf389844ac9959904263eca2e8a366d
flapping_reconnect,20001,ramp_rate,0.29062443263549254,0.336349945080831,0.336349945080831,1.0,0.0,0.0,0.0,1.621876509829337,5.059711635983729,0.975,0.011255603481927303,0.06875,0.0,0.95,0.0,0.0,1.0,1.0,0.0,0.0,0.0,0.0,0.0,0.9239395828432887,0.0,0.0,28.131244792137295,efde8d103d3fb68c5060ac69e7399687e69cead8101f91810e47e3e6c57a6208
flapping_reconnect,20002,ramp_rate,0.296387964364496,0.3274120770652373,0.3274120770652373,0.98125,0.0,0.01875,0.0,1.5828167113151292,5.5514196686637955,0.9625,0.022113371598426,0.13125,0.0,0.9875,0.0,0.0,1.0,1.0,0.0,0.0,0.0,0.0,0.0,1.2345084181104684,0.0,0.0,28.28855395782739,9ab79ab75f4d6f7b6f2cefae385c83d5aeca5e2d76b32dd91656259f85101c96
flapping_reconnect,20003,ramp_rate,0.2941660475548972,0.3332770301707748,0.3332770301707748,0.9875,0.0,0.0125,0.0,1.5986636738096247,5.239307284475626,0.9625,0.021695806088273237,0.11875,0.0,0.85,0.0,0.0,1.0,1.0,0.0,0.0,0.0,0.0,0.0,0.6664934015332268,0.0,0.0,27.994448124896735,f8d865937466f1513f9331f7358b18f502279eabec8500c9385d5c3511e9b909
flapping_reconnect,20004,ramp_rate,0.3174587130711087,0.3697212025123452,0.3697212025123452,0.99375,0.0,0.00625,0.0,1.7750971939668432,5.12160959667779,0.96875,0.017340342345793895,0.13125,0.0,0.95625,0.0,0.0,1.0,1.0,0.0,0.0,0.0,0.0,0.0,0.9128621318045514,0.0,0.0,28.2605371249374,a9d1fb4bb0216715e439b3e40df9f97d652c2bf42e5f367d47ab556ccd86b6fe
flapping_reconnect,20005,ramp_rate,0.3058535536090933,0.33339335788405544,0.33339335788405544,0.975,0.0,0.025,0.0,1.5795653900303175,4.710797030041656,0.975,0.016524610431735927,0.05,0.0,0.94375,0.0,0.0,1.0,1.0,0.0,0.0,0.0,0.0,0.00625,0.6915382233611937,0.0,0.0,28.368420667015016,e8b0ef182adae553ca7c2aa48bc14935f3548fe1e5a5a848a652d7618664d5a6
flapping_reconnect,20006,ramp_rate,0.2847812692626409,0.31792286916351287,0.31792286916351287,0.9875,0.0,0.0125,0.0,1.550714970270994,4.59074967913754,0.975,0.018152762377899832,0.08125,0.0,0.95,0.0,0.0,1.0,1.0,0.0,0.0,0.0,0.0,0.01875,1.0476751357708498,0.0,0.0,28.92139258305542,c9cf1939704fc9f2439fca7f8c8091c812f8cf6150785dc6f043485adeea2303
flapping_reconnect,20007,ramp_rate,0.3017899906485561,0.33220058852914885,0.33220058852914885,0.9875,0.0,0.0125,0.0,1.682454215199859,5.0567528042512055,0.96875,0.016953927979518113,0.0875,0.0,0.98125,0.0,0.0,1.0,1.0,0.0,0.0,0.0,0.0,0.0,0.7879762456863162,0.0,0.0,29.208154916996136,ea65358f9fda41247f07d91f022a1d1ed1cb1298d7fb1381e7a3845f86633e9c
flapping_reconnect,20008,ramp_rate,0.337731792292292,0.36846515123622103,0.36846515123622103,0.96875,0.0,0.03125,0.0,1.6837044857647172,4.724932805230641,0.975,0.02443567872667016,0.0875,0.0,0.9125,0.0,0.0,1.0,1.0,0.0,0.0,0.0,0.0,0.00625,0.973369786716541,0.0,0.0,27.778652583947405,9b489cc97ff5751174a2c9eca2a065e3b568ed177eaec6821a6fa1a975d91bbf
flapping_reconnect,20009,ramp_rate,0.3077579028385208,0.35991303606702313,0.35991303606702313,1.0,0.0,0.0,0.0,1.8613179534429434,5.478382042333681,0.95,0.020303342258319684,0.0625,0.0,0.94375,0.0,0.0,1.0,1.0,0.0,0.0,0.0,0.0,0.0,1.0470434282564405,0.0,0.0,28.172876416007057,67aad512008704172e5f47a6fa4cad63f4f5d99045f4b21b40fdf00cea0e5b28
flapping_reconnect,20010,ramp_rate,0.3093770688358579,0.36098974796864297,0.36098974796864297,1.0,0.0,0.0,0.0,1.739373726892503,4.710687358167858,0.9625,0.013714574919709854,0.08125,0.0,0.91875,0.0,0.0,1.0,1.0,0.0,0.0,0.0,0.0,0.0,0.9203574103098846,0.0,0.0,27.707265083910897,eb16335745b6f6e9cef1dde21182d2ad1c384e57734ef042def2bd7d6eed5956
flapping_reconnect,20011,ramp_rate,0.30417051941384315,0.3481062803676378,0.3481062803676378,1.0,0.0,0.0,0.0,1.7548512487321701,5.215961875624066,0.975,0.012147067863102,0.09375,0.0,0.975,0.0,0.0,1.0,1.0,0.0,0.0,0.0,0.0,0.0,0.7856897053542673,0.0,0.0,28.479550583055243,a71f4ae99764b3f651ace93919d8d245e9fc4f18ca570c5231f7f78b48e7df2c
flapping_reconnect,20012,ramp_rate,0.26882780660181577,0.30426262920684705,0.30426262920684705,1.0,0.0,0.0,0.0,1.3154138486650493,3.8962954801474123,0.99375,0.015564327111667775,0.1,0.0,0.9375,0.0,0.0,1.0,1.0,0.0,0.0,0.0,0.0,0.01875,0.7792791752057875,0.0,0.0,28.854578166967258,52f78c3c418502220f2e61e07345babebd44bef36a715579aafbabe397d78a50
flapping_reconnect,20013,ramp_rate,0.3128281509195867,0.3532861692966001,0.3532861692966001,1.0,0.0,0.0,0.0,1.906107067818614,5.836985550891397,0.9625,0.015039834988918702,0.0625,0.0,0.93125,0.0,0.0,1.0,1.0,0.0,0.0,0.0,0.0,0.01875,0.8790933944314985,0.0,0.0,28.134791834047064,0646660b318d7694fd8d796d88f7a2b3473db38bcd3a3a3ffb47f7f7f0e4b0d8
flapping_reconnect,20014,ramp_rate,0.31478453789963334,0.33891672502360953,0.33891672502360953,0.9875,0.0,0.0125,0.0,1.7788847567747657,4.619487695314433,0.98125,0.0204471677633554,0.075,0.0,0.95,0.0,0.0,1.0,1.0,0.0,0.0,0.0,0.0,0.0,0.814192491929672,0.0,0.0,29.242506709182635,05136ad6d5e26aa20846297b1fe7fcdbe597ed3a6f19fabddbfa78a8e466faec
flapping_reconnect,20015,ramp_rate,0.30905406522998946,0.3465292414367101,0.3465292414367101,0.99375,0.0,0.00625,0.0,1.9236592938750643,6.020358804792097,0.94375,0.014788486237666914,0.06875,0.0,0.99375,0.0,0.0,1.0,1.0,0.0,0.0,0.0,0.0,0.00625,0.9209977899826939,0.0,0.0,29.320871459087357,c79275868bc5c2b9f2fa834053693d1f44a9bf626bad44a680655825d2477c96
flapping_reconnect,20016,ramp_rate,0.3118970750728264,0.35203522841640633,0.35203522841640633,1.0,0.0,0.0,0.0,1.8256027611412002,4.9891122407561195,0.98125,0.014807402729162936,0.1,0.0,0.9375,0.0,0.0,1.0,1.0,0.0,0.0,0.0,0.0,0.0,1.0995678199588992,0.0,0.0,28.220667832996696,8e838d602f3c59ce16416124d48a755be412761f9e136c63863dd7ed091baebd
flapping_reconnect,20017,ramp_rate,0.3050621230387276,0.33509483491057185,0.33509483491057185,0.98125,0.0,0.01875,0.0,1.7160133258575498,4.7852832031943215,0.96875,0.019408277919468475,0.075,0.0,0.95625,0.0,0.0,1.0,1.0,0.0,0.0,0.0,0.0,0.0,1.0128484124520702,0.0,0.0,28.463873917004094,f2d3632ebcd7327e1db8a71285df62f1b69bd40e3b8ab86f9b64a0d6d595d0c6
flapping_reconnect,20018,ramp_rate,0.30239544305225846,0.3257067081138409,0.3257067081138409,0.98125,0.0,0.01875,0.0,1.6646344405050713,4.30091923314578,0.975,0.01876452771273678,0.10625,0.0,0.98125,0.0,0.0,1.0,1.0,0.0,0.0,0.0,0.0,0.0,1.0735913094872682,0.0,0.0,28.145851208129898,b70bd7375dba967189461fee3c64216db8a9b3d79fd74d0d3deb5821fdf49960
flapping_reconnect,20019,ramp_rate,0.3180989661292052,0.36187904551628874,0.36187904551628874,0.99375,0.0,0.00625,0.0,2.006614642601318,6.706745745239193,0.9125,0.015975334822391822,0.08125,0.0,0.9625,0.0,0.0,1.0,1.0,0.0,0.0,0.0,0.0,0.00625,1.0339898500436473,0.0,0.0,28.664746209047735,6532ee8fbd8dfc543fc984f69f056658bc39567d9dc0f366a54150ad77dc6fab
flapping_reconnect,20020,ramp_rate,0.2855581211943746,0.33636150339428533,0.33636150339428533,1.0,0.0,0.0,0.0,1.5098333604330227,4.867517202215177,0.96875,0.011968016069015968,0.075,0.0,0.83125,0.0,0.0,1.0,1.0,0.0,0.0,0.0,0.0,0.0,1.0528883546053174,0.0,0.0,28.29591845883988,db97b2121fb72fb767293815d81b7faa76d01ce9175da40ac4ed3e16f89185d4
flapping_reconnect,20021,ramp_rate,0.2792799899035298,0.3293354554753624,0.3293354554753624,1.0,0.0,0.0,0.0,1.485842726222907,4.609902715773038,0.96875,0.011249997724377427,0.05,0.0,0.875,0.0,0.0,1.0,1.0,0.0,0.0,0.0,0.0,0.0,0.7073033283896857,0.0,0.0,28.23314775014296,24699d0a4b9794c73fda065a0dc080d608b194a84150187b2a6a0655248424d6
flapping_reconnect,20022,ramp_rate,0.3021108504446401,0.3408407601180941,0.3408407601180941,1.0,0.0,0.0,0.0,1.7486696938389081,4.892161491724403,0.98125,0.02021049315687025,0.1125,0.0,0.95,0.0,0.0,1.0,1.0,0.0,0.0,0.0,0.0,0.0,0.8528728895776366,0.0,0.0,29.194265875034034,781b7faff1d02c396fed1b82f3f35e669013c843a04567feb5baba1305a3d7c8
flapping_reconnect,20023,ramp_rate,0.305916341681009,0.3266922710026918,0.3266922710026918,0.975,0.0,0.025,0.0,1.7007805031277698,4.7834729910006555,0.9625,0.01590137207825145,0.075,0.0,0.96875,0.0,0.0,1.0,1.0,0.0,0.0,0.0,0.0,0.00625,1.1298666348147242,0.0,0.0,29.469864666927606,bafce44dbdbf435f693db60d0aee2fe559baf306dc8cb4c2f8d85cb86551ea39
flapping_reconnect,20024,ramp_rate,0.3082453948982166,0.3470613511598627,0.3470613511598627,0.99375,0.0,0.00625,0.0,1.7035548225288664,5.193168852225203,0.96875,0.015498304082727505,0.06875,0.0,0.9125,0.0,0.0,1.0,1.0,0.0,0.0,0.0,0.0,0.01875,1.0242968875454097,0.0,0.0,27.94120870786719,cb3a734239c544693860707ce02458911fd5701596bdc9e6476046a19436d9bb
flapping_reconnect,20025,ramp_rate,0.33433183804482863,0.38007177881337345,0.38007177881337345,0.99375,0.0,0.00625,0.0,1.969907415905889,5.66292198785375,0.975,0.01763692533036204,0.075,0.0,0.90625,0.0,0.0,1.0,1.0,0.0,0.0,0.0,0.0,0.0,0.8612499205403703,0.0,0.0,27.922865165863186,e3a1e6f1fc229c2e5ad74cc0b1aee045e4b0a214e9b98a6fd655a5a0cc76877b
flapping_reconnect,20026,ramp_rate,0.3745852607537013,0.45320826884687726,0.45320826884687726,0.98125,0.0,0.01875,0.0,2.027782103045379,6.893256931868657,0.925,0.016641349763968936,0.0625,0.0,0.83125,0.0,0.0,1.0,1.0,0.0,0.0,0.0,0.0,0.0,0.981931681738541,0.0,0.0,28.22691549989395,d4219815b149602622bc53364cbb6f0fa01b99883ac7f5634772953c63a7b3f4
flapping_reconnect,20027,ramp_rate,0.29169915846442357,0.3415266949027331,0.3415266949027331,1.0,0.0,0.0,0.0,1.7064388675226485,4.8186368815739185,0.975,0.01704756576912072,0.0625,0.0,0.9375,0.0,0.0,1.0,1.0,0.0,0.0,0.0,0.0,0.0,0.8024134810435768,0.0,0.0,28.655071542132646,0c7d965fcd0c1540b4e87fa34bb364d786ab8d9dda4d35f89307badfacbdce52
flapping_reconnect,20028,ramp_rate,0.2622971067355227,0.2969485243901372,0.2969485243901372,1.0,0.0,0.0,0.0,1.3346406283685233,3.836008958292105,1.0,0.012954550575228574,0.06875,0.0,0.975,0.0,0.0,1.0,1.0,0.0,0.0,0.0,0.0,0.0,0.8097970906671363,0.0,0.0,29.143714249832556,0cdb09003ba81993733b9fe2e7d3eb798ccfa0e994328baca51b9b586add8712
flapping_reconnect,20029,ramp_rate,0.30602971669440626,0.3547089302537331,0.3547089302537331,1.0,0.0,0.0,0.0,1.7060952597099095,4.941406264840232,0.975,0.010529786607034682,0.05625,0.0,0.94375,0.0,0.0,1.0,1.0,0.0,0.0,0.0,0.0,0.0,1.0826255924196897,0.0,0.0,28.88106729206629,58f4c8af23822e744a35bd59e39d9016072496bf7553e6ce71e574033986d537
flapping_reconnect,20030,ramp_rate,0.30631110172672166,0.35974823982884496,0.35974823982884496,1.0,0.0,0.0,0.0,2.0147376466739986,6.53524925001855,0.93125,0.01276647802506543,0.09375,0.0,0.95625,0.0,0.0,1.0,1.0,0.0,0.0,0.0,0.0,0.0,0.9375091817199795,0.0,0.0,29.16062712506391,d8f96cff392d517f7b1f9642665aac91ac51fc18b162c5cc0d5dd38f91a9f908
flapping_reconnect,20031,ramp_rate,0.292692453112999,0.3332884369704641,0.3332884369704641,1.0,0.0,0.0,0.0,1.6947016460130393,4.971028574321779,0.9625,0.01588658400438204,0.0625,0.0,0.9375,0.0,0.0,1.0,1.0,0.0,0.0,0.0,0.0,0.0,0.8953817245794913,0.0,0.0,28.137363457819447,93b4b7eb4755ec0c02f16c3ef705b73d08babb3c94e7ce573bc670d9bea895f1
flapping_reconnect,20032,ramp_rate,0.28913681353240955,0.32300239309714646,0.32300239309714646,1.0,0.0,0.0,0.0,1.7267709577168922,4.758578450131661,0.98125,0.012510566186307448,0.075,0.0,0.975,0.0,0.0,1.0,1.0,0.0,0.0,0.0,0.0,0.00625,0.9562920440503533,0.0,0.0,26.642839583102614,50dc165c5130ef1b5807299ff4adaeca638c5569caeef33bb1a7fd509cced056
flapping_reconnect,20033,ramp_rate,0.32748908466461363,0.34088177188047836,0.34088177188047836,0.9625,0.0,0.0375,0.0,1.6214857593655059,4.680131214665728,0.98125,0.02294889471806019,0.1,0.0,0.95,0.0,0.0,0.9982421880649393,0.55,0.0,0.0,0.0,0.0,0.00625,1.378088113526708,0.0,0.0,26.266203792067245,a1bb8b50e4605ff82c4d9b118c5bbdde8bcaebf451c626329134b1b71b5937b6
flapping_reconnect,20034,ramp_rate,0.27658377090552655,0.31265338356753614,0.31265338356753614,1.0,0.0,0.0,0.0,1.6063438703426143,4.959642085608518,0.98125,0.013935532571914658,0.05625,0.0,0.98125,0.0,0.0,1.0,1.0,0.0,0.0,0.0,0.0,0.0375,0.9614974391934685,0.0,0.0,26.643584916833788,4d3f560d454a11e7dab054bccb83e3b54cb26ed1b58e2aeeddcfe5c7ec12d287
flapping_reconnect,20035,ramp_rate,0.31392507380996576,0.35727561676478353,0.35727561676478353,0.99375,0.0,0.00625,0.0,1.935735234389424,5.435605200208921,0.9625,0.021014091949309893,0.08125,0.0,0.95,0.0,0.0,1.0,1.0,0.0,0.0,0.0,0.0,0.0,0.8599086721567544,0.0,0.0,26.14930991595611,ea708ea06eabac8f4966d4532568739a2c1fdc488bef7f332d9f8d966c9c1d5f
flapping_reconnect,20036,ramp_rate,0.2790342802435724,0.31603646198064644,0.31603646198064644,1.0,0.0,0.0,0.0,1.606178155309422,5.075493915298005,0.96875,0.010519289810908525,0.0625,0.0,0.9625,0.0,0.0,1.0,1.0,0.0,0.0,0.0,0.0,0.0,1.3144940213493688,0.0,0.0,26.23288508411497,dc26f1a866a8efed42e680bcfc922e129bf6bc7dc6d42c87425180a6799c5de3
flapping_reconnect,20037,ramp_rate,0.3209469481086843,0.34234899121358514,0.34234899121358514,0.96875,0.0,0.03125,0.0,1.655914793716177,4.588099786334035,0.98125,0.023484624635777735,0.08125,0.0,0.91875,0.0,0.0,1.0,1.0,0.0,0.0,0.0,0.0,0.0,0.9133649761200606,0.0,0.0,26.12254283297807,bfc260c4d148a5e042e3fca10055f8ed30a508a4dbdc9f8175a1a15cdf307fe2
flapping_reconnect,20038,ramp_rate,0.27762354476689166,0.3258960711180997,0.3258960711180997,1.0,0.0,0.0,0.0,1.434463141353745,4.841736963890504,0.96875,0.011282941040605099,0.075,0.0,0.9875,0.0,0.0,1.0,1.0,0.0,0.0,0.0,0.0,0.0,1.1496857045409252,0.0,0.0,26.053317749872804,dd4371cdae43de2c61e46dd1c0777d5eda32bb31edcf4712b800789b3ae15d2f
flapping_reconnect,20039,ramp_rate,0.30584651794238626,0.34665366109242324,0.34665366109242324,1.0,0.0,0.0,0.0,1.7635689078705277,4.83865137307904,0.975,0.01467724083009283,0.06875,0.0,0.9375,0.0,0.0,1.0,1.0,0.0,0.0,0.0,0.0,0.0,1.104243491041752,0.0,0.0,25.988132750149816,6a96652f32cd0f02cf83bf0a888469bda0928edc88802b216ed6f823f70ec71a
flapping_reconnect,20000,influence_budget,0.3556447811619779,0.4248935849738179,0.4248935849738179,1.0,0.0,0.0,0.0,1.8133195040906898,5.020187076322994,0.9875,0.011622674670860646,0.0875,0.0,0.83125,0.0125,0.0,1.0,1.0,0.00617083166797493,0.0,0.0,0.0,0.0,0.8868737981103095,0.0,0.0,27.120687959017232,57d51b8cb3e9c0a91bb7c758741cfcd42cf389844ac9959904263eca2e8a366d
flapping_reconnect,20001,influence_budget,0.29062443263549254,0.336349945080831,0.336349945080831,1.0,0.0,0.0,0.0,1.621876509829337,5.059711635983729,0.975,0.011255603481927303,0.06875,0.0,0.95,0.0,0.0,1.0,1.0,0.00488703251739054,0.0,0.0,0.0,0.0,0.9239395828432887,0.0,0.0,28.131244792137295,efde8d103d3fb68c5060ac69e7399687e69cead8101f91810e47e3e6c57a6208
flapping_reconnect,20002,influence_budget,0.29656265367870605,0.32758445550228826,0.32758445550228826,0.98125,0.0,0.01875,0.0,1.5847300968379796,5.5582469597819895,0.9625,0.022111105911102793,0.13125,0.0,0.9875,0.00625,0.0,1.0,1.0,0.006308217400149617,0.0,0.0,0.0,0.0,1.2345084181104684,0.0,0.0,28.28855395782739,9ab79ab75f4d6f7b6f2cefae385c83d5aeca5e2d76b32dd91656259f85101c96
flapping_reconnect,20003,influence_budget,0.29420868092831964,0.33331769608757944,0.33331769608757944,0.9875,0.0,0.0125,0.0,1.5988952935206466,5.239307284475626,0.9625,0.021695806090890536,0.11875,0.0,0.85,0.00625,0.0,1.0,1.0,0.0068609449433617315,0.0,0.0,0.0,0.0,0.6664934015332268,0.0,0.0,27.994448124896735,f8d865937466f1513f9331f7358b18f502279eabec8500c9385d5c3511e9b909
flapping_reconnect,20004,influence_budget,0.3174587130711087,0.3697212025123452,0.3697212025123452,0.99375,0.0,0.00625,0.0,1.7750971939668432,5.12160959667779,0.96875,0.017340342345793895,0.13125,0.0,0.95625,0.0,0.0,1.0,1.0,0.005530211515958006,0.0,0.0,0.0,0.0,0.9128621318045514,0.0,0.0,28.2605371249374,a9d1fb4bb0216715e439b3e40df9f97d652c2bf42e5f367d47ab556ccd86b6fe
flapping_reconnect,20005,influence_budget,0.30578136975379744,0.3333160774335367,0.3333160774335367,0.975,0.0,0.025,0.0,1.5776054626542098,4.683899717251061,0.975,0.01652556645012922,0.05,0.0,0.94375,0.00625,0.0,1.0,1.0,0.0069773705430344795,0.0,0.0,0.0,0.00625,0.6915382233611937,0.0,0.0,28.368420667015016,e8b0ef182adae553ca7c2aa48bc14935f3548fe1e5a5a848a652d7618664d5a6
flapping_reconnect,20006,influence_budget,0.28010183454050014,0.31826766841653437,0.31826766841653437,0.99375,0.0,0.00625,0.0,1.5493318419294284,4.5907496791372,0.975,0.01750773566725117,0.08125,0.0,0.95,0.01875,0.0,1.0,1.0,0.020771500191214744,0.0,0.0,0.0,0.01875,1.0476751357708498,0.0,0.0,28.92139258305542,c9cf1939704fc9f2439fca7f8c8091c812f8cf6150785dc6f043485adeea2303
flapping_reconnect,20007,influence_budget,0.302949597273924,0.3333246093280166,0.3333246093280166,0.9875,0.0,0.0125,0.0,1.6870763192113678,5.056752804251207,0.96875,0.016880295243746943,0.0875,0.0,0.98125,0.01875,0.0,1.0,1.0,0.020620683598221418,0.0,0.0,0.0,0.0,0.7879762456863162,0.0,0.0,29.208154916996136,ea65358f9fda41247f07d91f022a1d1ed1cb1298d7fb1381e7a3845f86633e9c
flapping_reconnect,20008,influence_budget,0.33888324500682876,0.3698038627949747,0.3698038627949747,0.96875,0.0,0.03125,0.0,1.688486814837172,4.7258456181183135,0.975,0.02399216834330961,0.0875,0.0,0.9125,0.0125,0.0,1.0,1.0,0.01396067365564448,0.0,0.0,0.0,0.00625,0.973369786716541,0.0,0.0,27.778652583947405,9b489cc97ff5751174a2c9eca2a065e3b568ed177eaec6821a6fa1a975d91bbf
flapping_reconnect,20009,influence_budget,0.30761404598993486,0.3598209062324653,0.3598209062324653,1.0,0.0,0.0,0.0,1.859768078596371,5.478382042296184,0.95,0.02030272324068934,0.0625,0.0,0.94375,0.00625,0.0,1.0,1.0,0.008041687456184925,0.0,0.0,0.0,0.0,1.0470434282564405,0.0,0.0,28.172876416007057,67aad512008704172e5f47a6fa4cad63f4f5d99045f4b21b40fdf00cea0e5b28
flapping_reconnect,20010,influence_budget,0.3094681681947543,0.3611104138486165,0.3611104138486165,1.0,0.0,0.0,0.0,1.7390896313025848,4.711638908371788,0.9625,0.013739821818442962,0.08125,0.0,0.91875,0.0125,0.0,1.0,1.0,0.009558482493432992,0.0,0.0,0.0,0.0,0.9203574103098846,0.0,0.0,27.707265083910897,eb16335745b6f6e9cef1dde21182d2ad1c384e57734ef042def2bd7d6eed5956
flapping_reconnect,20011,influence_budget,0.3038804027407801,0.3478439354219583,0.3478439354219583,1.0,0.0,0.0,0.0,1.752655489930935,5.215927521127328,0.975,0.012149985176054442,0.09375,0.0,0.975,0.0125,0.0,1.0,1.0,0.008234894441802674,0.0,0.0,0.0,0.0,0.7856897053542673,0.0,0.0,28.479550583055243,a71f4ae99764b3f651ace93919d8d245e9fc4f18ca570c5231f7f78b48e7df2c
flapping_reconnect,20012,influence_budget,0.26882780660181577,0.30426262920684705,0.30426262920684705,1.0,0.0,0.0,0.0,1.3154138486650493,3.8962954801474123,0.99375,0.015564327111667775,0.1,0.0,0.9375,0.0,0.0,1.0,1.0,0.011721851924462453,0.0,0.0,0.0,0.01875,0.7792791752057875,0.0,0.0,28.854578166967258,52f78c3c418502220f2e61e07345babebd44bef36a715579aafbabe397d78a50
flapping_reconnect,20013,influence_budget,0.31370687201032127,0.35431400366118354,0.35431400366118354,1.0,0.0,0.0,0.0,1.9140417130282756,5.83698390277042,0.9625,0.015039086032777127,0.0625,0.0,0.93125,0.0125,0.0,1.0,1.0,0.012824411044133215,0.0,0.0,0.0,0.01875,0.8790933944314985,0.0,0.0,28.134791834047064,0646660b318d7694fd8d796d88f7a2b3473db38bcd3a3a3ffb47f7f7f0e4b0d8
flapping_reconnect,20014,influence_budget,0.3146756754826927,0.338878064003295,0.338878064003295,0.9875,0.0,0.0125,0.0,1.7781608386803938,4.619487693411459,0.98125,0.02044518330781171,0.075,0.0,0.95,0.0125,0.0,1.0,1.0,0.015727261220559355,0.0,0.0,0.0,0.0,0.814192491929672,0.0,0.0,29.242506709182635,05136ad6d5e26aa20846297b1fe7fcdbe597ed3a6f19fabddbfa78a8e466faec
flapping_reconnect,20015,influence_budget,0.3097696979241439,0.34715888193204975,0.34715888193204975,0.99375,0.0,0.00625,0.0,1.9287026775524025,6.020367895188059,0.94375,0.014788513588339495,0.06875,0.0,0.99375,0.01875,0.0,1.0,1.0,0.011144754539472456,0.0,0.0,0.0,0.00625,0.9209977899826939,0.0,0.0,29.320871459087357,c79275868bc5c2b9f2fa834053693d1f44a9bf626bad44a680655825d2477c96
flapping_reconnect,20016,influence_budget,0.3121718702522422,0.3521042642883453,0.3521042642883453,1.0,0.0,0.0,0.0,1.8261202727766856,4.989138879123271,0.98125,0.014802083375991154,0.1,0.0,0.9375,0.025,0.0,1.0,1.0,0.012533226005597583,0.0,0.0,0.0,0.0,1.0995678199588992,0.0,0.0,28.220667832996696,8e838d602f3c59ce16416124d48a755be412761f9e136c63863dd7ed091baebd
flapping_reconnect,20017,influence_budget,0.3059556382319316,0.3363489453240024,0.3363489453240024,0.98125,0.0,0.01875,0.0,1.7251764220566457,4.966253755058645,0.96875,0.019408744980232335,0.075,0.0,0.95625,0.0125,0.0,1.0,1.0,0.00973677713458418,0.0,0.0,0.0,0.0,1.0128484124520702,0.0,0.0,28.463873917004094,f2d3632ebcd7327e1db8a71285df62f1b69bd40e3b8ab86f9b64a0d6d595d0c6
flapping_reconnect,20018,influence_budget,0.3022180988035834,0.3254651696774726,0.3254651696774726,0.98125,0.0,0.01875,0.0,1.660679227799377,4.30091923314578,0.975,0.01876452771060209,0.10625,0.0,0.98125,0.00625,0.0,1.0,1.0,0.011002530116459545,0.0,0.0,0.0,0.0,1.0735913094872682,0.0,0.0,28.145851208129898,b70bd7375dba967189461fee3c64216db8a9b3d79fd74d0d3deb5821fdf49960
flapping_reconnect,20019,influence_budget,0.31812003996132765,0.3619176653414706,0.3619176653414706,0.99375,0.0,0.00625,0.0,2.0067367534975604,6.706745745229593,0.9125,0.015975334493522404,0.08125,0.0,0.9625,0.01875,0.0,1.0,1.0,0.013343123342571688,0.0,0.0,0.0,0.00625,1.0339898500436473,0.0,0.0,28.664746209047735,6532ee8fbd8dfc543fc984f69f056658bc39567d9dc0f366a54150ad77dc6fab
flapping_reconnect,20020,influence_budget,0.28496040504488274,0.33578692235571805,0.33578692235571805,1.0,0.0,0.0,0.0,1.501465295797685,4.867899060551763,0.96875,0.011968016069015977,0.075,0.0,0.83125,0.00625,0.0,1.0,1.0,0.006647654029864239,0.0,0.0,0.0,0.0,1.0528883546053174,0.0,0.0,28.29591845883988,db97b2121fb72fb767293815d81b7faa76d01ce9175da40ac4ed3e16f89185d4
flapping_reconnect,20021,influence_budget,0.2792799899035298,0.3293354554753624,0.3293354554753624,1.0,0.0,0.0,0.0,1.485842726222907,4.609902715773038,0.96875,0.011249997724377427,0.05,0.0,0.875,0.0,0.0,1.0,1.0,0.008142259444080462,0.0,0.0,0.0,0.0,0.7073033283896857,0.0,0.0,28.23314775014296,24699d0a4b9794c73fda065a0dc080d608b194a84150187b2a6a0655248424d6
flapping_reconnect,20022,influence_budget,0.3021108504446401,0.3408407601180941,0.3408407601180941,1.0,0.0,0.0,0.0,1.7486696938389081,4.892161491724403,0.98125,0.02021049315687025,0.1125,0.0,0.95,0.0,0.0,1.0,1.0,0.010488198906136737,0.0,0.0,0.0,0.0,0.8528728895776366,0.0,0.0,29.194265875034034,781b7faff1d02c396fed1b82f3f35e669013c843a04567feb5baba1305a3d7c8
flapping_reconnect,20023,influence_budget,0.3067159493439996,0.32756731190342553,0.32756731190342553,0.975,0.0,0.025,0.0,1.7065084671180053,4.784483189174523,0.9625,0.01590200712040326,0.075,0.0,0.96875,0.03125,0.0,1.0,1.0,0.012337007308284229,0.0,0.0,0.0,0.00625,1.1298666348147242,0.0,0.0,29.469864666927606,bafce44dbdbf435f693db60d0aee2fe559baf306dc8cb4c2f8d85cb86551ea39
flapping_reconnect,20024,influence_budget,0.30821642489290274,0.3470004500427757,0.3470004500427757,0.99375,0.0,0.00625,0.0,1.702534753459264,5.193122595800442,0.96875,0.015498304082727505,0.06875,0.0,0.9125,0.0125,0.0,1.0,1.0,0.00798005977478149,0.0,0.0,0.0,0.01875,1.0242968875454097,0.0,0.0,27.94120870786719,cb3a734239c544693860707ce02458911fd5701596bdc9e6476046a19436d9bb
flapping_reconnect,20025,influence_budget,0.33448325003888923,0.380192157677791,0.380192157677791,0.99375,0.0,0.00625,0.0,1.9700298076449605,5.66292198785375,0.975,0.017636264859363416,0.075,0.0,0.90625,0.00625,0.0,1.0,1.0,0.007718903830684534,0.0,0.0,0.0,0.0,0.8612499205403703,0.0,0.0,27.922865165863186,e3a1e6f1fc229c2e5ad74cc0b1aee045e4b0a214e9b98a6fd655a5a0cc76877b
flapping_reconnect,20026,influence_budget,0.3745852607537013,0.45320826884687726,0.45320826884687726,0.98125,0.0,0.01875,0.0,2.027782103045379,6.893256931868657,0.925,0.016641349763968936,0.0625,0.0,0.83125,0.0,0.0,1.0,1.0,0.005498423818455042,0.0,0.0,0.0,0.0,0.981931681738541,0.0,0.0,28.22691549989395,d4219815b149602622bc53364cbb6f0fa01b99883ac7f5634772953c63a7b3f4
flapping_reconnect,20027,influence_budget,0.29180089647553825,0.3416032406190312,0.3416032406190312,1.0,0.0,0.0,0.0,1.7060109110185828,4.8187235144409035,0.975,0.016804075018182475,0.0625,0.0,0.9375,0.01875,0.0,1.0,1.0,0.007866532983626232,0.0,0.0,0.0,0.0,0.8024134810435768,0.0,0.0,28.655071542132646,0c7d965fcd0c1540b4e87fa34bb364d786ab8d9dda4d35f89307badfacbdce52
flapping_reconnect,20028,influence_budget,0.2622971067355227,0.2969485243901372,0.2969485243901372,1.0,0.0,0.0,0.0,1.3346406283685233,3.836008958292105,1.0,0.012954550575228574,0.06875,0.0,0.975,0.0,0.0,1.0,1.0,0.01128307069169134,0.0,0.0,0.0,0.0,0.8097970906671363,0.0,0.0,29.143714249832556,0cdb09003ba81993733b9fe2e7d3eb798ccfa0e994328baca51b9b586add8712
flapping_reconnect,20029,influence_budget,0.30602971669440626,0.3547089302537331,0.3547089302537331,1.0,0.0,0.0,0.0,1.7060952597099095,4.941406264840232,0.975,0.010529786607034682,0.05625,0.0,0.94375,0.0,0.0,1.0,1.0,0.007980063272090726,0.0,0.0,0.0,0.0,1.0826255924196897,0.0,0.0,28.88106729206629,58f4c8af23822e744a35bd59e39d9016072496bf7553e6ce71e574033986d537
flapping_reconnect,20030,influence_budget,0.30570411478638915,0.3591867159100284,0.3591867159100284,1.0,0.0,0.0,0.0,2.001596431452962,6.526980112887517,0.93125,0.012758213500587912,0.09375,0.0,0.95625,0.01875,0.0,1.0,1.0,0.014421426998601578,0.0,0.0,0.0,0.0,0.9375091817199795,0.0,0.0,29.16062712506391,d8f96cff392d517f7b1f9642665aac91ac51fc18b162c5cc0d5dd38f91a9f908
flapping_reconnect,20031,influence_budget,0.292692453112999,0.3332884369704641,0.3332884369704641,1.0,0.0,0.0,0.0,1.6947016460130393,4.971028574321779,0.9625,0.01588658400438204,0.0625,0.0,0.9375,0.0,0.0,1.0,1.0,0.010309828285905261,0.0,0.0,0.0,0.0,0.8953817245794913,0.0,0.0,28.137363457819447,93b4b7eb4755ec0c02f16c3ef705b73d08babb3c94e7ce573bc670d9bea895f1
flapping_reconnect,20032,influence_budget,0.28907703884868263,0.32291011511763695,0.32291011511763695,1.0,0.0,0.0,0.0,1.7240361889433153,4.758578182961816,0.98125,0.012502125638174813,0.075,0.0,0.975,0.0125,0.0,1.0,1.0,0.009959487373997258,0.0,0.0,0.0,0.00625,0.9562920440503533,0.0,0.0,26.642839583102614,50dc165c5130ef1b5807299ff4adaeca638c5569caeef33bb1a7fd509cced056
flapping_reconnect,20033,influence_budget,0.32748908466461363,0.34088177188047836,0.34088177188047836,0.9625,0.0,0.0375,0.0,1.6214857593655059,4.680131214665728,0.98125,0.02294889471806019,0.1,0.0,0.95,0.0,0.0,1.0,1.0,0.00824052559721233,0.0,0.0,0.0,0.00625,1.378088113526708,0.0,0.0,26.266203792067245,a1bb8b50e4605ff82c4d9b118c5bbdde8bcaebf451c626329134b1b71b5937b6
flapping_reconnect,20034,influence_budget,0.2772173750868627,0.3131023906986161,0.3131023906986161,1.0,0.0,0.0,0.0,1.6108283600769369,5.071260641079172,0.98125,0.01378280166422842,0.05625,0.0,0.98125,0.0125,0.0,1.0,1.0,0.011157421380463592,0.0,0.0,0.0,0.0375,0.9614974391934685,0.0,0.0,26.643584916833788,4d3f560d454a11e7dab054bccb83e3b54cb26ed1b58e2aeeddcfe5c7ec12d287
flapping_reconnect,20035,influence_budget,0.31392507380996576,0.35727561676478353,0.35727561676478353,0.99375,0.0,0.00625,0.0,1.935735234389424,5.435605200208921,0.9625,0.021014091949309893,0.08125,0.0,0.95,0.0,0.0,1.0,1.0,0.005394881505649867,0.0,0.0,0.0,0.0,0.8599086721567544,0.0,0.0,26.14930991595611,ea708ea06eabac8f4966d4532568739a2c1fdc488bef7f332d9f8d966c9c1d5f
flapping_reconnect,20036,influence_budget,0.2790342802435724,0.31603646198064644,0.31603646198064644,1.0,0.0,0.0,0.0,1.606178155309422,5.075493915298005,0.96875,0.010519289810908525,0.0625,0.0,0.9625,0.0,0.0,1.0,1.0,0.006039377116313691,0.0,0.0,0.0,0.0,1.3144940213493688,0.0,0.0,26.23288508411497,dc26f1a866a8efed42e680bcfc922e129bf6bc7dc6d42c87425180a6799c5de3
flapping_reconnect,20037,influence_budget,0.3209469481086843,0.34234899121358514,0.34234899121358514,0.96875,0.0,0.03125,0.0,1.655914793716177,4.588099786334035,0.98125,0.023484624635777735,0.08125,0.0,0.91875,0.0,0.0,1.0,1.0,0.005366737711738378,0.0,0.0,0.0,0.0,0.9133649761200606,0.0,0.0,26.12254283297807,bfc260c4d148a5e042e3fca10055f8ed30a508a4dbdc9f8175a1a15cdf307fe2
flapping_reconnect,20038,influence_budget,0.277570371918116,0.3258599053616114,0.3258599053616114,1.0,0.0,0.0,0.0,1.4339762191336882,4.84173696389046,0.96875,0.011282941040605099,0.075,0.0,0.9875,0.00625,0.0,1.0,1.0,0.008396356369785762,0.0,0.0,0.0,0.0,1.1496857045409252,0.0,0.0,26.053317749872804,dd4371cdae43de2c61e46dd1c0777d5eda32bb31edcf4712b800789b3ae15d2f
flapping_reconnect,20039,influence_budget,0.3062181636667032,0.3471364442711543,0.3471364442711543,1.0,0.0,0.0,0.0,1.7598886314799718,4.83865137732778,0.975,0.014674963736214275,0.06875,0.0,0.9375,0.01875,0.0,1.0,1.0,0.00833157253034461,0.0,0.0,0.0,0.0,1.104243491041752,0.0,0.0,25.988132750149816,6a96652f32cd0f02cf83bf0a888469bda0928edc88802b216ed6f823f70ec71a
flapping_reconnect,20000,combined,0.35596044009053157,0.4250394269212944,0.4250394269212944,1.0,0.0,0.0,0.0,1.8162205692006708,5.020187076275836,0.9875,0.011632418303689421,0.0875,0.0,0.83125,0.0,0.0,0.9967129834382604,0.840156158170045,0.0,0.0,0.0,0.0,0.0,0.8868737981103095,0.0,0.0,27.120687959017232,57d51b8cb3e9c0a91bb7c758741cfcd42cf389844ac9959904263eca2e8a366d
flapping_reconnect,20001,combined,0.29062443263549254,0.336349945080831,0.336349945080831,1.0,0.0,0.0,0.0,1.621876509829337,5.059711635983729,0.975,0.011255603481927303,0.06875,0.0,0.95,0.0,0.0,0.9971912803640205,0.8591112084619611,0.0,0.0,0.0,0.0,0.0,0.9239395828432887,0.0,0.0,28.131244792137295,efde8d103d3fb68c5060ac69e7399687e69cead8101f91810e47e3e6c57a6208
flapping_reconnect,20002,combined,0.296387964364496,0.3274120770652373,0.3274120770652373,0.98125,0.0,0.01875,0.0,1.5828167113151292,5.5514196686637955,0.9625,0.022113371598426,0.13125,0.0,0.9875,0.0,0.0,0.9939096778226215,0.8253799439592171,0.0,0.0,0.0,0.0,0.0,1.2345084181104684,0.0,0.0,28.28855395782739,9ab79ab75f4d6f7b6f2cefae385c83d5aeca5e2d76b32dd91656259f85101c96
flapping_reconnect,20003,combined,0.2941660475548972,0.3332770301707748,0.3332770301707748,0.9875,0.0,0.0125,0.0,1.5986636738096247,5.239307284475626,0.9625,0.021695806088273237,0.11875,0.0,0.85,0.0,0.0,0.9946457704694336,0.7746908216769015,0.0,0.0,0.0,0.0,0.0,0.6664934015332268,0.0,0.0,27.994448124896735,f8d865937466f1513f9331f7358b18f502279eabec8500c9385d5c3511e9b909
flapping_reconnect,20004,combined,0.3174587130711087,0.3697212025123452,0.3697212025123452,0.99375,0.0,0.00625,0.0,1.7750971939668432,5.12160959667779,0.96875,0.017340342345793895,0.13125,0.0,0.95625,0.0,0.0,0.9931239225991935,0.6970942108811805,0.0,0.0,0.0,0.0,0.0,0.9128621318045514,0.0,0.0,28.2605371249374,a9d1fb4bb0216715e439b3e40df9f97d652c2bf42e5f367d47ab556ccd86b6fe
flapping_reconnect,20005,combined,0.3058535536090933,0.33339335788405544,0.33339335788405544,0.975,0.0,0.025,0.0,1.5795653900303175,4.710797030041656,0.975,0.016524610431735927,0.05,0.0,0.94375,0.0,0.0,0.997405916260243,0.7302873916207678,0.0,0.0,0.0,0.0,0.00625,0.6915382233611937,0.0,0.0,28.368420667015016,e8b0ef182adae553ca7c2aa48bc14935f3548fe1e5a5a848a652d7618664d5a6
flapping_reconnect,20006,combined,0.2847812692626409,0.31792286916351287,0.31792286916351287,0.9875,0.0,0.0125,0.0,1.550714970270994,4.59074967913754,0.975,0.018152762377899832,0.08125,0.0,0.95,0.0,0.0,0.9954395180306903,0.7311648267265851,0.0,0.0,0.0,0.0,0.01875,1.0476751357708498,0.0,0.0,28.92139258305542,c9cf1939704fc9f2439fca7f8c8091c812f8cf6150785dc6f043485adeea2303
flapping_reconnect,20007,combined,0.3017899906485561,0.33220058852914885,0.33220058852914885,0.9875,0.0,0.0125,0.0,1.682454215199859,5.0567528042512055,0.96875,0.016953927979518113,0.0875,0.0,0.98125,0.0,0.0,0.9944013031870937,0.7461947317542925,0.0,0.0,0.0,0.0,0.0,0.7879762456863162,0.0,0.0,29.208154916996136,ea65358f9fda41247f07d91f022a1d1ed1cb1298d7fb1381e7a3845f86633e9c
flapping_reconnect,20008,combined,0.337731792292292,0.36846515123622103,0.36846515123622103,0.96875,0.0,0.03125,0.0,1.6837044857647172,4.724932805230641,0.975,0.02443567872667016,0.0875,0.0,0.9125,0.0,0.0,0.9958709224524498,0.8460686939636479,0.0,0.0,0.0,0.0,0.00625,0.973369786716541,0.0,0.0,27.778652583947405,9b489cc97ff5751174a2c9eca2a065e3b568ed177eaec6821a6fa1a975d91bbf
flapping_reconnect,20009,combined,0.3077579028385208,0.35991303606702313,0.35991303606702313,1.0,0.0,0.0,0.0,1.8613179534429434,5.478382042333681,0.95,0.020303342258319684,0.0625,0.0,0.94375,0.0,0.0,0.9971146053253778,0.690397206122769,0.0,0.0,0.0,0.0,0.0,1.0470434282564405,0.0,0.0,28.172876416007057,67aad512008704172e5f47a6fa4cad63f4f5d99045f4b21b40fdf00cea0e5b28
flapping_reconnect,20010,combined,0.3093770688358579,0.36098974796864297,0.36098974796864297,1.0,0.0,0.0,0.0,1.739373726892503,4.710687358167858,0.9625,0.013714574919709854,0.08125,0.0,0.91875,0.0,0.0,0.9967286820749344,0.804916599525425,0.0,0.0,0.0,0.0,0.0,0.9203574103098846,0.0,0.0,27.707265083910897,eb16335745b6f6e9cef1dde21182d2ad1c384e57734ef042def2bd7d6eed5956
flapping_reconnect,20011,combined,0.30417051941384315,0.3481062803676378,0.3481062803676378,1.0,0.0,0.0,0.0,1.7548512487321701,5.215961875624066,0.975,0.012147067863102,0.09375,0.0,0.975,0.0,0.0,0.9968780324890367,0.895326588952124,0.0,0.0,0.0,0.0,0.0,0.7856897053542673,0.0,0.0,28.479550583055243,a71f4ae99764b3f651ace93919d8d245e9fc4f18ca570c5231f7f78b48e7df2c
flapping_reconnect,20012,combined,0.26882780660181577,0.30426262920684705,0.30426262920684705,1.0,0.0,0.0,0.0,1.3154138486650493,3.8962954801474123,0.99375,0.015564327111667775,0.1,0.0,0.9375,0.0,0.0,0.9974227560752015,0.8285992595900593,0.0,0.0,0.0,0.0,0.01875,0.7792791752057875,0.0,0.0,28.854578166967258,52f78c3c418502220f2e61e07345babebd44bef36a715579aafbabe397d78a50
flapping_reconnect,20013,combined,0.3128281509195867,0.3532861692966001,0.3532861692966001,1.0,0.0,0.0,0.0,1.906107067818614,5.836985550891397,0.9625,0.015039834988918702,0.0625,0.0,0.93125,0.0,0.0,0.9979066705050588,0.8860769116972429,0.0,0.0,0.0,0.0,0.01875,0.8790933944314985,0.0,0.0,28.134791834047064,0646660b318d7694fd8d796d88f7a2b3473db38bcd3a3a3ffb47f7f7f0e4b0d8
flapping_reconnect,20014,combined,0.31478453789963334,0.33891672502360953,0.33891672502360953,0.9875,0.0,0.0125,0.0,1.7788847567747657,4.619487695314433,0.98125,0.0204471677633554,0.075,0.0,0.95,0.0,0.0,0.9969081818542028,0.7732641056779743,0.0,0.0,0.0,0.0,0.0,0.814192491929672,0.0,0.0,29.242506709182635,05136ad6d5e26aa20846297b1fe7fcdbe597ed3a6f19fabddbfa78a8e466faec
flapping_reconnect,20015,combined,0.30905406522998946,0.3465292414367101,0.3465292414367101,0.99375,0.0,0.00625,0.0,1.9236592938750643,6.020358804792097,0.94375,0.014788486237666914,0.06875,0.0,0.99375,0.0,0.0,0.9958219738875254,0.7924366781433126,0.0,0.0,0.0,0.0,0.00625,0.9209977899826939,0.0,0.0,29.320871459087357,c79275868bc5c2b9f2fa834053693d1f44a9bf626bad44a680655825d2477c96
flapping_reconnect,20016,combined,0.3118970750728264,0.35203522841640633,0.35203522841640633,1.0,0.0,0.0,0.0,1.8256027611412002,4.9891122407561195,0.98125,0.014807402729162936,0.1,0.0,0.9375,0.0,0.0,0.9968154218210834,0.8485797191164117,0.0,0.0,0.0,0.0,0.0,1.0995678199588992,0.0,0.0,28.220667832996696,8e838d602f3c59ce16416124d48a755be412761f9e136c63863dd7ed091baebd
flapping_reconnect,20017,combined,0.3050621230387276,0.33509483491057185,0.33509483491057185,0.98125,0.0,0.01875,0.0,1.7160133258575498,4.7852832031943215,0.96875,0.019408277919468475,0.075,0.0,0.95625,0.0,0.0,0.9969594617165111,0.8479525760977529,0.0,0.0,0.0,0.0,0.0,1.0128484124520702,0.0,0.0,28.463873917004094,f2d3632ebcd7327e1db8a71285df62f1b69bd40e3b8ab86f9b64a0d6d595d0c6
flapping_reconnect,20018,combined,0.30239544305225846,0.3257067081138409,0.3257067081138409,0.98125,0.0,0.01875,0.0,1.6646344405050713,4.30091923314578,0.975,0.01876452771273678,0.10625,0.0,0.98125,0.0,0.0,0.9949959098765578,0.6676891073716806,0.0,0.0,0.0,0.0,0.0,1.0735913094872682,0.0,0.0,28.145851208129898,b70bd7375dba967189461fee3c64216db8a9b3d79fd74d0d3deb5821fdf49960
flapping_reconnect,20019,combined,0.3180989661292052,0.36187904551628874,0.36187904551628874,0.99375,0.0,0.00625,0.0,2.006614642601318,6.706745745239193,0.9125,0.015975334822391822,0.08125,0.0,0.9625,0.0,0.0,0.9960887529075692,0.7978402048896573,0.0,0.0,0.0,0.0,0.00625,1.0339898500436473,0.0,0.0,28.664746209047735,6532ee8fbd8dfc543fc984f69f056658bc39567d9dc0f366a54150ad77dc6fab
flapping_reconnect,20020,combined,0.2855581211943746,0.33636150339428533,0.33636150339428533,1.0,0.0,0.0,0.0,1.5098333604330227,4.867517202215177,0.96875,0.011968016069015968,0.075,0.0,0.83125,0.0,0.0,0.9981113286120532,0.8895821381925393,0.0,0.0,0.0,0.0,0.0,1.0528883546053174,0.0,0.0,28.29591845883988,db97b2121fb72fb767293815d81b7faa76d01ce9175da40ac4ed3e16f89185d4
flapping_reconnect,20021,combined,0.2792799899035298,0.3293354554753624,0.3293354554753624,1.0,0.0,0.0,0.0,1.485842726222907,4.609902715773038,0.96875,0.011249997724377427,0.05,0.0,0.875,0.0,0.0,0.9965917985726602,0.815904034963609,0.0,0.0,0.0,0.0,0.0,0.7073033283896857,0.0,0.0,28.23314775014296,24699d0a4b9794c73fda065a0dc080d608b194a84150187b2a6a0655248424d6
flapping_reconnect,20022,combined,0.3021108504446401,0.3408407601180941,0.3408407601180941,1.0,0.0,0.0,0.0,1.7486696938389081,4.892161491724403,0.98125,0.02021049315687025,0.1125,0.0,0.95,0.0,0.0,0.9950106335482776,0.6333044208304139,0.0,0.0,0.0,0.0,0.0,0.8528728895776366,0.0,0.0,29.194265875034034,781b7faff1d02c396fed1b82f3f35e669013c843a04567feb5baba1305a3d7c8
flapping_reconnect,20023,combined,0.305916341681009,0.3266922710026918,0.3266922710026918,0.975,0.0,0.025,0.0,1.7007805031277698,4.7834729910006555,0.9625,0.01590137207825145,0.075,0.0,0.96875,0.0,0.0,0.9959585322852256,0.7514195853950947,0.0,0.0,0.0,0.0,0.00625,1.1298666348147242,0.0,0.0,29.469864666927606,bafce44dbdbf435f693db60d0aee2fe559baf306dc8cb4c2f8d85cb86551ea39
flapping_reconnect,20024,combined,0.3082453948982166,0.3470613511598627,0.3470613511598627,0.99375,0.0,0.00625,0.0,1.7035548225288664,5.193168852225203,0.96875,0.015498304082727505,0.06875,0.0,0.9125,0.0,0.0,0.9982329864874109,0.9143177350179833,0.0,0.0,0.0,0.0,0.01875,1.0242968875454097,0.0,0.0,27.94120870786719,cb3a734239c544693860707ce02458911fd5701596bdc9e6476046a19436d9bb
flapping_reconnect,20025,combined,0.33433183804482863,0.38007177881337345,0.38007177881337345,0.99375,0.0,0.00625,0.0,1.969907415905889,5.66292198785375,0.975,0.01763692533036204,0.075,0.0,0.90625,0.0,0.0,0.9956500620694853,0.7474916355036824,0.0,0.0,0.0,0.0,0.0,0.8612499205403703,0.0,0.0,27.922865165863186,e3a1e6f1fc229c2e5ad74cc0b1aee045e4b0a214e9b98a6fd655a5a0cc76877b
flapping_reconnect,20026,combined,0.3745852607537013,0.45320826884687726,0.45320826884687726,0.98125,0.0,0.01875,0.0,2.027782103045379,6.893256931868657,0.925,0.016641349763968936,0.0625,0.0,0.83125,0.0,0.0,0.9960716081232025,0.8253992800062894,0.0,0.0,0.0,0.0,0.0,0.981931681738541,0.0,0.0,28.22691549989395,d4219815b149602622bc53364cbb6f0fa01b99883ac7f5634772953c63a7b3f4
flapping_reconnect,20027,combined,0.29169915846442357,0.3415266949027331,0.3415266949027331,1.0,0.0,0.0,0.0,1.7064388675226485,4.8186368815739185,0.975,0.01704756576912072,0.0625,0.0,0.9375,0.0,0.0,0.9976047884307964,0.891599373701225,0.0,0.0,0.0,0.0,0.0,0.8024134810435768,0.0,0.0,28.655071542132646,0c7d965fcd0c1540b4e87fa34bb364d786ab8d9dda4d35f89307badfacbdce52
flapping_reconnect,20028,combined,0.2622971067355227,0.2969485243901372,0.2969485243901372,1.0,0.0,0.0,0.0,1.3346406283685233,3.836008958292105,1.0,0.012954550575228574,0.06875,0.0,0.975,0.0,0.0,0.9970572844282934,0.7734914274885334,0.0,0.0,0.0,0.0,0.0,0.8097970906671363,0.0,0.0,29.143714249832556,0cdb09003ba81993733b9fe2e7d3eb798ccfa0e994328baca51b9b586add8712
flapping_reconnect,20029,combined,0.30602971669440626,0.3547089302537331,0.3547089302537331,1.0,0.0,0.0,0.0,1.7060952597099095,4.941406264840232,0.975,0.010529786607034682,0.05625,0.0,0.94375,0.0,0.0,0.9973614582330688,0.7767348532038111,0.0,0.0,0.0,0.0,0.0,1.0826255924196897,0.0,0.0,28.88106729206629,58f4c8af23822e744a35bd59e39d9016072496bf7553e6ce71e574033986d537
flapping_reconnect,20030,combined,0.30631110172672166,0.35974823982884496,0.35974823982884496,1.0,0.0,0.0,0.0,2.0147376466739986,6.53524925001855,0.93125,0.01276647802506543,0.09375,0.0,0.95625,0.0,0.0,0.9962175347013924,0.7685428863357631,0.0,0.0,0.0,0.0,0.0,0.9375091817199795,0.0,0.0,29.16062712506391,d8f96cff392d517f7b1f9642665aac91ac51fc18b162c5cc0d5dd38f91a9f908
flapping_reconnect,20031,combined,0.292692453112999,0.3332884369704641,0.3332884369704641,1.0,0.0,0.0,0.0,1.6947016460130393,4.971028574321779,0.9625,0.01588658400438204,0.0625,0.0,0.9375,0.0,0.0,0.99688615454873,0.7972840493238856,0.0,0.0,0.0,0.0,0.0,0.8953817245794913,0.0,0.0,28.137363457819447,93b4b7eb4755ec0c02f16c3ef705b73d08babb3c94e7ce573bc670d9bea895f1
flapping_reconnect,20032,combined,0.28913681353240955,0.32300239309714646,0.32300239309714646,1.0,0.0,0.0,0.0,1.7267709577168922,4.758578450131661,0.98125,0.012510566186307448,0.075,0.0,0.975,0.0,0.0,0.9977452017263746,0.8449280973878401,0.0,0.0,0.0,0.0,0.00625,0.9562920440503533,0.0,0.0,26.642839583102614,50dc165c5130ef1b5807299ff4adaeca638c5569caeef33bb1a7fd509cced056
flapping_reconnect,20033,combined,0.32748908466461363,0.34088177188047836,0.34088177188047836,0.9625,0.0,0.0375,0.0,1.6214857593655059,4.680131214665728,0.98125,0.02294889471806019,0.1,0.0,0.95,0.0,0.0,0.9950639494091418,0.5499999997311554,0.0,0.0,0.0,0.0,0.00625,1.378088113526708,0.0,0.0,26.266203792067245,a1bb8b50e4605ff82c4d9b118c5bbdde8bcaebf451c626329134b1b71b5937b6
flapping_reconnect,20034,combined,0.27658377090552655,0.31265338356753614,0.31265338356753614,1.0,0.0,0.0,0.0,1.6063438703426143,4.959642085608518,0.98125,0.013935532571914658,0.05625,0.0,0.98125,0.0,0.0,0.9985107993912052,0.8932268612288357,0.0,0.0,0.0,0.0,0.0375,0.9614974391934685,0.0,0.0,26.643584916833788,4d3f560d454a11e7dab054bccb83e3b54cb26ed1b58e2aeeddcfe5c7ec12d287
flapping_reconnect,20035,combined,0.31392507380996576,0.35727561676478353,0.35727561676478353,0.99375,0.0,0.00625,0.0,1.935735234389424,5.435605200208921,0.9625,0.021014091949309893,0.08125,0.0,0.95,0.0,0.0,0.9948621873486164,0.7855337606668329,0.0,0.0,0.0,0.0,0.0,0.8599086721567544,0.0,0.0,26.14930991595611,ea708ea06eabac8f4966d4532568739a2c1fdc488bef7f332d9f8d966c9c1d5f
flapping_reconnect,20036,combined,0.2790342802435724,0.31603646198064644,0.31603646198064644,1.0,0.0,0.0,0.0,1.606178155309422,5.075493915298005,0.96875,0.010519289810908525,0.0625,0.0,0.9625,0.0,0.0,0.9966318453854797,0.8278735997552835,0.0,0.0,0.0,0.0,0.0,1.3144940213493688,0.0,0.0,26.23288508411497,dc26f1a866a8efed42e680bcfc922e129bf6bc7dc6d42c87425180a6799c5de3
flapping_reconnect,20037,combined,0.3209469481086843,0.34234899121358514,0.34234899121358514,0.96875,0.0,0.03125,0.0,1.655914793716177,4.588099786334035,0.98125,0.023484624635777735,0.08125,0.0,0.91875,0.0,0.0,0.9960799669549703,0.6632875036688999,0.0,0.0,0.0,0.0,0.0,0.9133649761200606,0.0,0.0,26.12254283297807,bfc260c4d148a5e042e3fca10055f8ed30a508a4dbdc9f8175a1a15cdf307fe2
flapping_reconnect,20038,combined,0.27762354476689166,0.3258960711180997,0.3258960711180997,1.0,0.0,0.0,0.0,1.434463141353745,4.841736963890504,0.96875,0.011282941040605099,0.075,0.0,0.9875,0.0,0.0,0.9963423871670372,0.725799601398492,0.0,0.0,0.0,0.0,0.0,1.1496857045409252,0.0,0.0,26.053317749872804,dd4371cdae43de2c61e46dd1c0777d5eda32bb31edcf4712b800789b3ae15d2f
flapping_reconnect,20039,combined,0.30584651794238626,0.34665366109242324,0.34665366109242324,1.0,0.0,0.0,0.0,1.7635689078705277,4.83865137307904,0.975,0.01467724083009283,0.06875,0.0,0.9375,0.0,0.0,0.9977553733804708,0.878160489924326,0.0,0.0,0.0,0.0,0.0,1.104243491041752,0.0,0.0,25.988132750149816,6a96652f32cd0f02cf83bf0a888469bda0928edc88802b216ed6f823f70ec71a
admission_censoring_control,20000,m9c_baseline,0.3969282388965992,0.4460396150040966,0.4460396150040966,0.975,0.0,0.025,0.0,1.9476124543881066,4.935351600578819,0.98125,0.01891300699708155,0.0,0.0,0.0,0.0,0.0,1.0,1.0,0.0,0.0,0.0,0.0,0.2125,0.882821391484552,0.0,0.0,23.193338125012815,f2d40c0fc4ffa7f6ce542dce9e839ed8c97cae1b76cf98fafbd2f31e8df0cb75
admission_censoring_control,20001,m9c_baseline,0.30269768293579913,0.3561050423190429,0.3561050423190429,1.0,0.0,0.0,0.0,1.451614899083543,4.094790522863883,0.98125,0.011643526068176096,0.0,0.0,0.0,0.0,0.0,1.0,1.0,0.0,0.0,0.0,0.0,0.21875,0.9101541691059871,0.0,0.0,22.917861666996032,923465c463df0985921d7d61d4f461115ef7bbf63141688063c52989c1c68ec4
admission_censoring_control,20002,m9c_baseline,0.33891581953464633,0.39200939716957806,0.39200939716957806,0.9875,0.0,0.0125,0.0,1.6657775137678796,5.20459817069827,0.9625,0.023128317416283666,0.0,0.0,0.0,0.0,0.0,1.0,1.0,0.0,0.0,0.0,0.0,0.025,1.256027912118248,0.0,0.0,22.68212949996814,86ead800a427bd3618cda6b62c7dd0b9019d6556d5242f7725b4a8348dd59332
admission_censoring_control,20003,m9c_baseline,0.32769944991875777,0.36040851183431727,0.36040851183431727,0.975,0.0,0.025,0.0,1.575938273351196,4.6099532652898025,0.975,0.024394390721231746,0.0,0.0,0.0,0.0,0.0,1.0,1.0,0.0,0.0,0.0,0.0,0.025,0.6959607616980441,0.0,0.0,22.00794120808132,0b15e695d2e9cadadf3b24fda156e1595c8d623dda99108e51688b4015095f51
admission_censoring_control,20004,m9c_baseline,0.33655499703413294,0.36267509835579237,0.36267509835579237,0.96875,0.0,0.03125,0.0,1.6841383087385366,5.505503885971861,0.95625,0.02156884598432806,0.0,0.0,0.0,0.0,0.0,1.0,1.0,0.0,0.0,0.0,0.0,0.05,0.9377725306141137,0.0,0.0,22.584578833077103,c067f54cbf402324488476893c322a5dcf419acf5ebe85d0462350b32b4a000e
admission_censoring_control,20005,m9c_baseline,0.3256695479800318,0.3609099159459092,0.3609099159459092,0.9875,0.0,0.0125,0.0,1.6041585032449057,4.462817323103585,0.975,0.0175452146033206,0.0,0.0,0.0,0.0,0.0,1.0,1.0,0.0,0.0,0.0,0.0,0.01875,0.6689246048607631,0.0,0.0,22.367970375111327,af5463bcf74b07bfc4cb99b5ef2a5c03d80f405474d2230ac3d7c1373b7cb409
admission_censoring_control,20006,m9c_baseline,0.37363090687687833,0.4142044937993664,0.4142044937993664,0.9875,0.0,0.0125,0.0,1.818173309094704,4.7660557861907895,0.975,0.018215953521392363,0.0,0.0,0.0,0.0,0.0,1.0,1.0,0.0,0.0,0.0,0.0,0.0375,1.0109459597296406,0.0,0.0,21.81482358300127,8065f4ab4b01c60f7a87eeccc7abd71636cf89ddb81ecf88931669653801f232
admission_censoring_control,20007,m9c_baseline,0.34856304795758414,0.3882631393235601,0.3882631393235601,0.99375,0.0,0.00625,0.0,1.8416706776458156,4.636928425124558,0.975,0.021733663200565224,0.0,0.0,0.0,0.0,0.0,1.0,1.0,0.0,0.0,0.0,0.0,0.04375,0.8100746988343456,0.0,0.0,22.634479958796874,32fc65b02ce386681ff684fbbf882ea8d46b48162578d64bf56c873f8bd8294f
admission_censoring_control,20008,m9c_baseline,0.3299226328354167,0.37531918114930835,0.37531918114930835,0.99375,0.0,0.00625,0.0,1.6065261948746028,4.67555151915376,0.96875,0.019389724421801403,0.0,0.0,0.0,0.0,0.0,1.0,1.0,0.0,0.0,0.0,0.0,0.1,0.9761979980985256,0.0,0.0,21.375513416947797,790e8bcd929cc630e681b5170d18d94fff5ec981c2e1eea0444be00a697e0b8b
admission_censoring_control,20009,m9c_baseline,0.32991316060797826,0.37906835330729555,0.37906835330729555,1.0,0.0,0.0,0.0,1.7579518529335167,4.537658059478894,0.975,0.016994712670877633,0.0,0.0,0.0,0.0,0.0,1.0,1.0,0.0,0.0,0.0,0.0,0.0625,1.0737623693539207,0.0,0.0,21.756979416124523,117b8e49ffab85e555bc4557990051151da0df7188c4b1c799950471ac5d9c32
admission_censoring_control,20010,m9c_baseline,0.30814411094419114,0.35431623373028437,0.35431623373028437,1.0,0.0,0.0,0.0,1.611174930468883,4.847880646213179,0.98125,0.015420288270138078,0.0,0.0,0.0,0.0,0.0,1.0,1.0,0.0,0.0,0.0,0.0,0.23125,0.9030543722847331,0.0,0.0,22.151749791111797,2eb9f9181b97f4bf4025ea3da44f50d27a8b4a711aeb96a17bad581c999b7eee
admission_censoring_control,20011,m9c_baseline,0.35176209018451693,0.37033468361885463,0.37033468361885463,0.95625,0.0,0.04375,0.0,1.657800383281203,5.09292881199133,0.975,0.02599744771046878,0.0,0.0,0.0,0.0,0.0,1.0,1.0,0.0,0.0,0.0,0.0,0.0625,0.8187562871113295,0.0,0.0,22.185402292059734,fff24da2fd15241705220d0e6f50c661c27a44a5228a439c398a6cce6fa48fe6
admission_censoring_control,20012,m9c_baseline,0.3194384877094181,0.35385422664748756,0.35385422664748756,0.98125,0.0,0.01875,0.0,1.2976838161494297,4.083746822351869,0.99375,0.017881725601051016,0.0,0.0,0.0,0.0,0.0,1.0,1.0,0.0,0.0,0.0,0.0,0.0375,0.7780784280717044,0.0,0.0,21.576546667143703,42dd3911f657ab468c1de7e13112b7f6c8ec82c46e5d7dbed4801f7703fc072d
admission_censoring_control,20013,m9c_baseline,0.31247264513008144,0.3459692312057225,0.3459692312057225,0.9875,0.0,0.0125,0.0,1.707239309073702,5.553234585073522,0.96875,0.019756976729847144,0.0,0.0,0.0,0.0,0.0,1.0,1.0,0.0,0.0,0.0,0.0,0.0375,0.8824067170926682,0.0,0.0,22.252082457998767,55808f6a3e3916083e06d4210960962b0dc0817f03810259d9997ca5d11c6768
admission_censoring_control,20014,m9c_baseline,0.3161659161276829,0.34627084577155764,0.34627084577155764,0.99375,0.0,0.00625,0.0,1.6766813803264669,4.473778929058394,0.99375,0.017435724846418737,0.0,0.0,0.0,0.0,0.0,1.0,1.0,0.0,0.0,0.0,0.0,0.05,0.8451838582371923,0.0,0.0,22.71517120813951,f93de880e20aae1650dd00e3597227f2c8afc6dd923f2bb766682fa869e94626
admission_censoring_control,20015,m9c_baseline,0.33269800817007106,0.37496267410945816,0.37496267410945816,0.99375,0.0,0.00625,0.0,1.85375722166037,5.820264076345493,0.95,0.016925151848266668,0.0,0.0,0.0,0.0,0.0,1.0,1.0,0.0,0.0,0.0,0.0,0.025,0.921784969912858,0.0,0.0,22.666175709106028,b53c7bcc34e55ef38d24c377abf4cd6bb3af7a6464b93d71aaa595c841ad53b1
admission_censoring_control,20016,m9c_baseline,0.364910656684789,0.3954517514428005,0.3954517514428005,0.98125,0.0,0.01875,0.0,1.9723523228932378,5.140334302576238,0.975,0.021162705272127953,0.0,0.0,0.0,0.0,0.0,1.0,1.0,0.0,0.0,0.0,0.0,0.01875,1.085907836611598,0.0,0.0,21.36555983312428,07a249943477ebcbc344298308201a3b2dc6896d10f88ea8c8e0ab8a1e204ffa
admission_censoring_control,20017,m9c_baseline,0.3189039295735684,0.3519648995299199,0.3519648995299199,0.9875,0.0,0.0125,0.0,1.6190840625816836,4.4161970784764,0.96875,0.019865852494088853,0.0,0.0,0.0,0.0,0.0,1.0,1.0,0.0,0.0,0.0,0.0,0.21875,1.0034791192506483,0.0,0.0,22.41009825002402,80bf8dee4f76c6af630cc72e088606d902221c6316628f46537fef8c7ffb3454
admission_censoring_control,20018,m9c_baseline,0.3374218860935138,0.3742818177946926,0.3742818177946926,0.98125,0.0,0.01875,0.0,1.725156915066189,5.449112776943724,0.975,0.021144895308164165,0.0,0.0,0.0,0.0,0.0,1.0,1.0,0.0,0.0,0.0,0.0,0.23125,1.0783349566067981,0.0,0.0,22.124166208086535,9556392bda17c3f12ba660c9881db37eefc5ce6438b6b93b627712a4bc9fcb11
admission_censoring_control,20019,m9c_baseline,0.3381279095144549,0.3825056973293718,0.3825056973293718,1.0,0.0,0.0,0.0,2.0120906563967336,6.348944448091591,0.9375,0.01338832375728478,0.0,0.0,0.0,0.0,0.0,1.0,1.0,0.0,0.0,0.0,0.0,0.00625,1.0349418931166212,0.0,0.0,22.071419541025534,2a0672bbabb0a7196ba406708f847b43fa7d091cca71fd90bb9922ae296911b5
admission_censoring_control,20020,m9c_baseline,0.3328061467809293,0.3963221497290514,0.3963221497290514,1.0,0.0,0.0,0.0,1.6723496387237717,5.34585342196396,0.96875,0.016004961688055614,0.0,0.0,0.0,0.0,0.0,1.0,1.0,0.0,0.0,0.0,0.0,0.20625,1.054679196572578,0.0,0.0,22.355338542023674,ad4d7c2384f5d0614878d14ad36c9dd1fab144131164a433691e4203f9008931
admission_censoring_control,20021,m9c_baseline,0.30300208749319535,0.3458718566696331,0.3458718566696331,1.0,0.0,0.0,0.0,1.522203220774795,5.069711914063963,0.9875,0.012706495939492135,0.0,0.0,0.0,0.0,0.0,1.0,1.0,0.0,0.0,0.0,0.0,0.01875,0.7284088150682121,0.0,0.0,21.695670833112672,b4cc2a9cee3f26bea79e88a1c7e3742fe80100f6a2b6ee49c8571bd47e0ea690
admission_censoring_control,20022,m9c_baseline,0.3282963531274915,0.3703325586434841,0.3703325586434841,1.0,0.0,0.0,0.0,1.7571248919101627,4.566271897166366,0.9875,0.015369027812926313,0.0,0.0,0.0,0.0,0.0,1.0,1.0,0.0,0.0,0.0,0.0,0.1,0.8481010144221296,0.0,0.0,22.697224459145218,43ecfc44b135a8aa64ea8bf02939ac6cb4b1315688999e081d6fd634c72f03d5
admission_censoring_control,20023,m9c_baseline,0.3805369406494171,0.3976517582209015,0.3976517582209015,0.95625,0.0,0.04375,0.0,1.9532135099709826,6.215570930906111,0.94375,0.024123361973901768,0.0,0.0,0.0,0.0,0.0,1.0,1.0,0.0,0.0,0.0,0.0,0.05625,1.1406490440854111,0.0,0.0,22.347915291087702,223e1a417cf655b0fa441f8461cdc66ae4615a87af5dc70ed8a265dee7ede7e1
admission_censoring_control,20024,m9c_baseline,0.33552744927421746,0.3723771904827491,0.3723771904827491,0.99375,0.0,0.00625,0.0,1.746085548212767,5.231674049240978,0.95625,0.019191372096561826,0.0,0.0,0.0,0.0,0.0,1.0,1.0,0.0,0.0,0.0,0.0,0.0375,1.0302691011101957,0.0,0.0,21.576657833065838,6b9b196e4ae1be566a7e2ec24f850e7de44949e484bb621f335607af98122791
admission_censoring_control,20025,m9c_baseline,0.3563758184396438,0.3894057345168468,0.3894057345168468,0.9875,0.0,0.0125,0.0,1.8568424329967645,5.050403267034203,0.975,0.018390991296191896,0.0,0.0,0.0,0.0,0.0,1.0,1.0,0.0,0.0,0.0,0.0,0.21875,0.8519878869636817,0.0,0.0,21.780660124961287,ad5ac42f39f77809e59960950ba3e4a689665c6f1baa9ca1e56aba51c26b4028
admission_censoring_control,20026,m9c_baseline,0.4189300438993855,0.42302775723442715,0.42302775723442715,0.93125,0.0,0.06875,0.0,1.876642781538726,5.006446203805214,0.975,0.034342773824576824,0.0,0.0,0.0,0.0,0.0,1.0,1.0,0.0,0.0,0.0,0.0,0.0,0.9871259299066611,0.0,0.0,21.357229874935,e7ad8d05f5106fb5cef0659f7ebfa4bf74a57d910270f653811031521270442a
admission_censoring_control,20027,m9c_baseline,0.29910670546409657,0.33913367377919185,0.33913367377919185,0.98125,0.0,0.01875,0.0,1.5975809656889708,4.970326564316668,0.96875,0.021006171562921495,0.0,0.0,0.0,0.0,0.0,1.0,1.0,0.0,0.0,0.0,0.0,0.2125,0.7998491767857182,0.0,0.0,22.343369374983013,e03520fc9a2bdc0abdecd33446a401c61a4f414c00ba02df39d11585554edd25
admission_censoring_control,20028,m9c_baseline,0.3131918997822992,0.35348382657870203,0.35348382657870203,1.0,0.0,0.0,0.0,1.4412657673612816,4.106066965172149,0.99375,0.012920137953043748,0.0,0.0,0.0,0.0,0.0,1.0,1.0,0.0,0.0,0.0,0.0,0.03125,0.8238489399448772,0.0,0.0,21.404893832979724,04cd538348daa99459c4eebae89dc144c206c0b23be7b974557af3e3ab2c662a
admission_censoring_control,20029,m9c_baseline,0.3175809481775766,0.35739996559721227,0.35739996559721227,0.9875,0.0,0.0125,0.0,1.6155402029303385,5.1173821000022395,0.96875,0.018408314537869192,0.0,0.0,0.0,0.0,0.0,1.0,1.0,0.0,0.0,0.0,0.0,0.2,1.0680336676868696,0.0,0.0,22.112948917085305,3837c964f946ef210633bc545127036baa2d011133200bc7ef964eaffe6b22c3
admission_censoring_control,20030,m9c_baseline,0.3694181160104,0.3975376863375797,0.3975376863375797,0.98125,0.0,0.01875,0.0,2.0648979521952002,5.6889395937088105,0.95,0.02376434139331775,0.0,0.0,0.0,0.0,0.0,1.0,1.0,0.0,0.0,0.0,0.0,0.025,0.9368747342347721,0.0,0.0,21.82480225013569,7e4c8944ae9c4af8706cc2a73521432f66e59d88124b26052d10476946e84779
admission_censoring_control,20031,m9c_baseline,0.3338741380244606,0.3427140208605858,0.3427140208605858,0.96875,0.0,0.03125,0.0,1.5913303873131472,4.269815764649637,0.98125,0.02170857094509544,0.0,0.0,0.0,0.0,0.0,1.0,1.0,0.0,0.0,0.0,0.0,0.01875,0.9036143635985928,0.0,0.0,22.0140097909607,da50c53833fd77a0b8269ac10e7822ef772ecfb3265c9cca713ef1d61ecf8d1d
admission_censoring_control,20032,m9c_baseline,0.3080580561812899,0.3427601177141515,0.3427601177141515,0.99375,0.0,0.00625,0.0,1.6700830511953935,5.749573444077281,0.95,0.017284747392135612,0.0,0.0,0.0,0.0,0.0,1.0,1.0,0.0,0.0,0.0,0.0,0.0375,0.9594913203360816,0.0,0.0,22.259393374901265,6aa6adff5cce352e9001c54e16af3b979ab4e1b93c599a382f8a984a57d88035
admission_censoring_control,20033,m9c_baseline,0.3493286647270272,0.3789242018161914,0.3789242018161914,0.96875,0.0,0.03125,0.0,1.5071647206025331,4.436660173548705,0.9875,0.02758078377925859,0.0,0.0,0.0,0.0,0.0,1.0,1.0,0.0,0.0,0.0,0.0,0.0,1.3690078778357928,0.0,0.0,21.806674625026062,99d0fee6351aa3baea6c2ae2305adbca750bfe3d56a10ccdb9fb2f7c66f5b332
admission_censoring_control,20034,m9c_baseline,0.30235728279303997,0.340473304283666,0.340473304283666,1.0,0.0,0.0,0.0,1.516872934562794,4.274089369536215,0.98125,0.011631349233818672,0.0,0.0,0.0,0.0,0.0,1.0,1.0,0.0,0.0,0.0,0.0,0.225,0.9449377655622584,0.0,0.0,21.658023790922016,ce3ede82c19fdb385fc36d395689092e37d1e30a7f601df8c5c0f6bf96c19df6
admission_censoring_control,20035,m9c_baseline,0.33175644718111574,0.3817030398225264,0.3817030398225264,1.0,0.0,0.0,0.0,1.920727867121844,5.3936699852264685,0.95625,0.024385194522657184,0.0,0.0,0.0,0.0,0.0,1.0,1.0,0.0,0.0,0.0,0.0,0.05,0.8779072020934698,0.0,0.0,22.153959959046915,a2648e869721095f6130c29c27c3bf05c5494bedaa4e5834213200d8d0b9b04a
admission_censoring_control,20036,m9c_baseline,0.31710878243580964,0.3610669508742601,0.3610669508742601,1.0,0.0,0.0,0.0,1.6595193439002518,5.3016852172503155,0.95625,0.011289893257465388,0.0,0.0,0.0,0.0,0.0,1.0,1.0,0.0,0.0,0.0,0.0,0.21875,1.3043153691712641,0.0,0.0,24.798157667042688,a8de2e91081cc5fb811e886543634b7a6c29c5208881bdcbe61fae1be8ab556f
admission_censoring_control,20037,m9c_baseline,0.3498643316222033,0.3845695144012624,0.3845695144012624,0.975,0.0,0.025,0.0,1.7964915052808894,5.548727806384199,0.96875,0.02038736615768502,0.0,0.0,0.0,0.0,0.0,1.0,1.0,0.0,0.0,0.0,0.0,0.0125,0.9264060738770497,0.0,0.0,24.127120041986927,1ad0b638aaa8d6938827b4af271bdd3dab80a356fc3b0d53b0dd5256fbaf48f7
admission_censoring_control,20038,m9c_baseline,0.28381192569090397,0.3304767022085025,0.3304767022085025,1.0,0.0,0.0,0.0,1.3434733997536863,4.57983345915617,0.975,0.013759374576821984,0.0,0.0,0.0,0.0,0.0,1.0,1.0,0.0,0.0,0.0,0.0,0.21875,1.1317302413005592,0.0,0.0,24.665969458874315,db6f0d73f806fc7575243307276299209248c00da5cc16044e5fd1cffbc35bfa
admission_censoring_control,20039,m9c_baseline,0.34983530418630593,0.39575181623203315,0.39575181623203315,1.0,0.0,0.0,0.0,1.7220317695267184,4.838043914624221,0.975,0.016480762589461705,0.0,0.0,0.0,0.0,0.0,1.0,1.0,0.0,0.0,0.0,0.0,0.05,1.102882572294288,0.0,0.0,22.748260624939576,5a410235b89e2edfe8e7c41141bc9447b4bc11a12f90ece60afe9f059179d1a5
admission_censoring_control,20000,cross_channel,0.3969282388965992,0.4460396150040966,0.4460396150040966,0.975,0.0,0.025,0.0,1.9476124543881066,4.935351600578819,0.98125,0.01891300699708155,0.0875,0.0,0.84375,0.0,0.0,0.9965480113792697,0.840156158170045,0.0,0.0,0.0,0.0,0.2125,0.882821391484552,0.0,0.0,23.193338125012815,f2d40c0fc4ffa7f6ce542dce9e839ed8c97cae1b76cf98fafbd2f31e8df0cb75
admission_censoring_control,20001,cross_channel,0.30269768293579913,0.3561050423190429,0.3561050423190429,1.0,0.0,0.0,0.0,1.451614899083543,4.094790522863883,0.98125,0.011643526068176096,0.0625,0.0,0.89375,0.0,0.0,0.9957253122106524,0.7738205054928056,0.0,0.0,0.0,0.0,0.21875,0.9101541691059871,0.0,0.0,22.917861666996032,923465c463df0985921d7d61d4f461115ef7bbf63141688063c52989c1c68ec4
admission_censoring_control,20002,cross_channel,0.33891581953464633,0.39200939716957806,0.39200939716957806,0.9875,0.0,0.0125,0.0,1.6657775137678796,5.20459817069827,0.9625,0.023128317416283666,0.1,0.0,0.9875,0.0,0.0,0.9949110917824557,0.6764335389512134,0.0,0.0,0.0,0.0,0.025,1.256027912118248,0.0,0.0,22.68212949996814,86ead800a427bd3618cda6b62c7dd0b9019d6556d5242f7725b4a8348dd59332
admission_censoring_control,20003,cross_channel,0.32769944991875777,0.36040851183431727,0.36040851183431727,0.975,0.0,0.025,0.0,1.575938273351196,4.6099532652898025,0.975,0.024394390721231746,0.1,0.0,0.83125,0.0,0.0,0.9955331993898657,0.7838821034017699,0.0,0.0,0.0,0.0,0.025,0.6959607616980441,0.0,0.0,22.00794120808132,0b15e695d2e9cadadf3b24fda156e1595c8d623dda99108e51688b4015095f51
admission_censoring_control,20004,cross_channel,0.33655499703413294,0.36267509835579237,0.36267509835579237,0.96875,0.0,0.03125,0.0,1.6841383087385366,5.505503885971861,0.95625,0.02156884598432806,0.125,0.0,0.91875,0.0,0.0,0.9922020363505368,0.5684719804473599,0.0,0.0,0.0,0.0,0.05,0.9377725306141137,0.0,0.0,22.584578833077103,c067f54cbf402324488476893c322a5dcf419acf5ebe85d0462350b32b4a000e
admission_censoring_control,20005,cross_channel,0.3256695479800318,0.3609099159459092,0.3609099159459092,0.9875,0.0,0.0125,0.0,1.6041585032449057,4.462817323103585,0.975,0.0175452146033206,0.03125,0.0,0.925,0.0,0.0,0.998245969520244,0.735539505902144,0.0,0.0,0.0,0.0,0.01875,0.6689246048607631,0.0,0.0,22.367970375111327,af5463bcf74b07bfc4cb99b5ef2a5c03d80f405474d2230ac3d7c1373b7cb409
admission_censoring_control,20006,cross_channel,0.37363090687687833,0.4142044937993664,0.4142044937993664,0.9875,0.0,0.0125,0.0,1.818173309094704,4.7660557861907895,0.975,0.018215953521392363,0.0375,0.0,0.93125,0.0,0.0,0.9970784795412018,0.7930642495688678,0.0,0.0,0.0,0.0,0.0375,1.0109459597296406,0.0,0.0,21.81482358300127,8065f4ab4b01c60f7a87eeccc7abd71636cf89ddb81ecf88931669653801f232
admission_censoring_control,20007,cross_channel,0.34856304795758414,0.3882631393235601,0.3882631393235601,0.99375,0.0,0.00625,0.0,1.8416706776458156,4.636928425124558,0.975,0.021733663200565224,0.09375,0.0,0.9875,0.0,0.0,0.9930231363432899,0.6644127989297779,0.0,0.0,0.0,0.0,0.04375,0.8100746988343456,0.0,0.0,22.634479958796874,32fc65b02ce386681ff684fbbf882ea8d46b48162578d64bf56c873f8bd8294f
admission_censoring_control,20008,cross_channel,0.3299226328354167,0.37531918114930835,0.37531918114930835,0.99375,0.0,0.00625,0.0,1.6065261948746028,4.67555151915376,0.96875,0.019389724421801403,0.06875,0.0,0.9125,0.0,0.0,0.9974457932266398,0.8460686939636479,0.0,0.0,0.0,0.0,0.1,0.9761979980985256,0.0,0.0,21.375513416947797,790e8bcd929cc630e681b5170d18d94fff5ec981c2e1eea0444be00a697e0b8b
admission_censoring_control,20009,cross_channel,0.32991316060797826,0.37906835330729555,0.37906835330729555,1.0,0.0,0.0,0.0,1.7579518529335167,4.537658059478894,0.975,0.016994712670877633,0.08125,0.0,0.90625,0.0,0.0,0.9966359068703283,0.8003911758128592,0.0,0.0,0.0,0.0,0.0625,1.0737623693539207,0.0,0.0,21.756979416124523,117b8e49ffab85e555bc4557990051151da0df7188c4b1c799950471ac5d9c32
admission_censoring_control,20010,cross_channel,0.30814411094419114,0.35431623373028437,0.35431623373028437,1.0,0.0,0.0,0.0,1.611174930468883,4.847880646213179,0.98125,0.015420288270138078,0.075,0.0,0.90625,0.0,0.0,0.9964624328747224,0.8294342490298672,0.0,0.0,0.0,0.0,0.23125,0.9030543722847331,0.0,0.0,22.151749791111797,2eb9f9181b97f4bf4025ea3da44f50d27a8b4a711aeb96a17bad581c999b7eee
admission_censoring_control,20011,cross_channel,0.35176209018451693,0.37033468361885463,0.37033468361885463,0.95625,0.0,0.04375,0.0,1.657800383281203,5.09292881199133,0.975,0.02599744771046878,0.10625,0.0,0.975,0.0,0.0,0.9936724855690168,0.7623209415709158,0.0,0.0,0.0,0.0,0.0625,0.8187562871113295,0.0,0.0,22.185402292059734,fff24da2fd15241705220d0e6f50c661c27a44a5228a439c398a6cce6fa48fe6
admission_censoring_control,20012,cross_channel,0.3194384877094181,0.35385422664748756,0.35385422664748756,0.98125,0.0,0.01875,0.0,1.2976838161494297,4.083746822351869,0.99375,0.017881725601051016,0.0625,0.0,0.925,0.0,0.0,0.9968194645847639,0.8434956111942716,0.0,0.0,0.0,0.0,0.0375,0.7780784280717044,0.0,0.0,21.576546667143703,42dd3911f657ab468c1de7e13112b7f6c8ec82c46e5d7dbed4801f7703fc072d
admission_censoring_control,20013,cross_channel,0.31247264513008144,0.3459692312057225,0.3459692312057225,0.9875,0.0,0.0125,0.0,1.707239309073702,5.553234585073522,0.96875,0.019756976729847144,0.04375,0.0,0.8875,0.0,0.0,0.9984605262064521,0.8780989156764383,0.0,0.0,0.0,0.0,0.0375,0.8824067170926682,0.0,0.0,22.252082457998767,55808f6a3e3916083e06d4210960962b0dc0817f03810259d9997ca5d11c6768
admission_censoring_control,20014,cross_channel,0.3161659161276829,0.34627084577155764,0.34627084577155764,0.99375,0.0,0.00625,0.0,1.6766813803264669,4.473778929058394,0.99375,0.017435724846418737,0.0625,0.0,0.95625,0.0,0.0,0.9964904398129771,0.8153664252648201,0.0,0.0,0.0,0.0,0.05,0.8451838582371923,0.0,0.0,22.71517120813951,f93de880e20aae1650dd00e3597227f2c8afc6dd923f2bb766682fa869e94626
admission_censoring_control,20015,cross_channel,0.33269800817007106,0.37496267410945816,0.37496267410945816,0.99375,0.0,0.00625,0.0,1.85375722166037,5.820264076345493,0.95,0.016925151848266668,0.0625,0.0,0.96875,0.0,0.0,0.9944697305188264,0.7778797395355188,0.0,0.0,0.0,0.0,0.025,0.921784969912858,0.0,0.0,22.666175709106028,b53c7bcc34e55ef38d24c377abf4cd6bb3af7a6464b93d71aaa595c841ad53b1
admission_censoring_control,20016,cross_channel,0.364910656684789,0.3954517514428005,0.3954517514428005,0.98125,0.0,0.01875,0.0,1.9723523228932378,5.140334302576238,0.975,0.021162705272127953,0.09375,0.0,0.9,0.0,0.0,0.9954573066608365,0.7959935439796111,0.0,0.0,0.0,0.0,0.01875,1.085907836611598,0.0,0.0,21.36555983312428,07a249943477ebcbc344298308201a3b2dc6896d10f88ea8c8e0ab8a1e204ffa
admission_censoring_control,20017,cross_channel,0.3189039295735684,0.3519648995299199,0.3519648995299199,0.9875,0.0,0.0125,0.0,1.6190840625816836,4.4161970784764,0.96875,0.019865852494088853,0.0875,0.0,0.98125,0.0,0.0,0.9970147734351265,0.8897869030191259,0.0,0.0,0.0,0.0,0.21875,1.0034791192506483,0.0,0.0,22.41009825002402,80bf8dee4f76c6af630cc72e088606d902221c6316628f46537fef8c7ffb3454
admission_censoring_control,20018,cross_channel,0.3374218860935138,0.3742818177946926,0.3742818177946926,0.98125,0.0,0.01875,0.0,1.725156915066189,5.449112776943724,0.975,0.021144895308164165,0.0875,0.0,0.96875,0.0,0.0,0.9928743329649181,0.5492191579886321,0.0,0.0,0.0,0.0,0.23125,1.0783349566067981,0.0,0.0,22.124166208086535,9556392bda17c3f12ba660c9881db37eefc5ce6438b6b93b627712a4bc9fcb11
admission_censoring_control,20019,cross_channel,0.3381279095144549,0.3825056973293718,0.3825056973293718,1.0,0.0,0.0,0.0,2.0120906563967336,6.348944448091591,0.9375,0.01338832375728478,0.0875,0.0,0.95625,0.0,0.0,0.9956713032423,0.7796237669915045,0.0,0.0,0.0,0.0,0.00625,1.0349418931166212,0.0,0.0,22.071419541025534,2a0672bbabb0a7196ba406708f847b43fa7d091cca71fd90bb9922ae296911b5
admission_censoring_control,20020,cross_channel,0.3328061467809293,0.3963221497290514,0.3963221497290514,1.0,0.0,0.0,0.0,1.6723496387237717,5.34585342196396,0.96875,0.016004961688055614,0.05,0.0,0.85,0.0,0.0,0.996329606400326,0.6766488545656582,0.0,0.0,0.0,0.0,0.20625,1.054679196572578,0.0,0.0,22.355338542023674,ad4d7c2384f5d0614878d14ad36c9dd1fab144131164a433691e4203f9008931
admission_censoring_control,20021,cross_channel,0.30300208749319535,0.3458718566696331,0.3458718566696331,1.0,0.0,0.0,0.0,1.522203220774795,5.069711914063963,0.9875,0.012706495939492135,0.06875,0.0,0.85625,0.0,0.0,0.9966479148920587,0.8784649602435338,0.0,0.0,0.0,0.0,0.01875,0.7284088150682121,0.0,0.0,21.695670833112672,b4cc2a9cee3f26bea79e88a1c7e3742fe80100f6a2b6ee49c8571bd47e0ea690
admission_censoring_control,20022,cross_channel,0.3282963531274915,0.3703325586434841,0.3703325586434841,1.0,0.0,0.0,0.0,1.7571248919101627,4.566271897166366,0.9875,0.015369027812926313,0.125,0.0,0.90625,0.0,0.0,0.994672137855547,0.6331025992281996,0.0,0.0,0.0,0.0,0.1,0.8481010144221296,0.0,0.0,22.697224459145218,43ecfc44b135a8aa64ea8bf02939ac6cb4b1315688999e081d6fd634c72f03d5
admission_censoring_control,20023,cross_channel,0.3805369406494171,0.3976517582209015,0.3976517582209015,0.95625,0.0,0.04375,0.0,1.9532135099709826,6.215570930906111,0.94375,0.024123361973901768,0.05625,0.0,0.93125,0.0,0.0,0.9971278314646266,0.741880290821939,0.0,0.0,0.0,0.0,0.05625,1.1406490440854111,0.0,0.0,22.347915291087702,223e1a417cf655b0fa441f8461cdc66ae4615a87af5dc70ed8a265dee7ede7e1
admission_censoring_control,20024,cross_channel,0.33552744927421746,0.3723771904827491,0.3723771904827491,0.99375,0.0,0.00625,0.0,1.746085548212767,5.231674049240978,0.95625,0.019191372096561826,0.0625,0.0,0.89375,0.0,0.0,0.9962879020102664,0.8201525149072708,0.0,0.0,0.0,0.0,0.0375,1.0302691011101957,0.0,0.0,21.576657833065838,6b9b196e4ae1be566a7e2ec24f850e7de44949e484bb621f335607af98122791
admission_censoring_control,20025,cross_channel,0.3563758184396438,0.3894057345168468,0.3894057345168468,0.9875,0.0,0.0125,0.0,1.8568424329967645,5.050403267034203,0.975,0.018390991296191896,0.0875,0.0,0.85,0.0,0.0,0.995362946662177,0.7466209750346443,0.0,0.0,0.0,0.0,0.21875,0.8519878869636817,0.0,0.0,21.780660124961287,ad5ac42f39f77809e59960950ba3e4a689665c6f1baa9ca1e56aba51c26b4028
admission_censoring_control,20026,cross_channel,0.4189300438993855,0.42302775723442715,0.42302775723442715,0.93125,0.0,0.06875,0.0,1.876642781538726,5.006446203805214,0.975,0.034342773824576824,0.05625,0.0,0.85625,0.0,0.0,0.9969665575295924,0.8605522316782364,0.0,0.0,0.0,0.0,0.0,0.9871259299066611,0.0,0.0,21.357229874935,e7ad8d05f5106fb5cef0659f7ebfa4bf74a57d910270f653811031521270442a
admission_censoring_control,20027,cross_channel,0.29910670546409657,0.33913367377919185,0.33913367377919185,0.98125,0.0,0.01875,0.0,1.5975809656889708,4.970326564316668,0.96875,0.021006171562921495,0.04375,0.0,0.9,0.0,0.0,0.9982503165776423,0.8739977776570573,0.0,0.0,0.0,0.0,0.2125,0.7998491767857182,0.0,0.0,22.343369374983013,e03520fc9a2bdc0abdecd33446a401c61a4f414c00ba02df39d11585554edd25
admission_censoring_control,20028,cross_channel,0.3131918997822992,0.35348382657870203,0.35348382657870203,1.0,0.0,0.0,0.0,1.4412657673612816,4.106066965172149,0.99375,0.012920137953043748,0.04375,0.0,0.975,0.0,0.0,0.9976100293783542,0.7734914274885334,0.0,0.0,0.0,0.0,0.03125,0.8238489399448772,0.0,0.0,21.404893832979724,04cd538348daa99459c4eebae89dc144c206c0b23be7b974557af3e3ab2c662a
admission_censoring_control,20029,cross_channel,0.3175809481775766,0.35739996559721227,0.35739996559721227,0.9875,0.0,0.0125,0.0,1.6155402029303385,5.1173821000022395,0.96875,0.018408314537869192,0.05625,0.0,0.91875,0.0,0.0,0.9981654700572242,0.8323569591477893,0.0,0.0,0.0,0.0,0.2,1.0680336676868696,0.0,0.0,22.112948917085305,3837c964f946ef210633bc545127036baa2d011133200bc7ef964eaffe6b22c3
admission_censoring_control,20030,cross_channel,0.3694181160104,0.3975376863375797,0.3975376863375797,0.98125,0.0,0.01875,0.0,2.0648979521952002,5.6889395937088105,0.95,0.02376434139331775,0.09375,0.0,0.86875,0.0,0.0,0.9967160876162755,0.7620060590007691,0.0,0.0,0.0,0.0,0.025,0.9368747342347721,0.0,0.0,21.82480225013569,7e4c8944ae9c4af8706cc2a73521432f66e59d88124b26052d10476946e84779
admission_censoring_control,20031,cross_channel,0.3338741380244606,0.3427140208605858,0.3427140208605858,0.96875,0.0,0.03125,0.0,1.5913303873131472,4.269815764649637,0.98125,0.02170857094509544,0.05625,0.0,0.85625,0.0,0.0,0.9965193223602398,0.7972840493238856,0.0,0.0,0.0,0.0,0.01875,0.9036143635985928,0.0,0.0,22.0140097909607,da50c53833fd77a0b8269ac10e7822ef772ecfb3265c9cca713ef1d61ecf8d1d
admission_censoring_control,20032,cross_channel,0.3080580561812899,0.3427601177141515,0.3427601177141515,0.99375,0.0,0.00625,0.0,1.6700830511953935,5.749573444077281,0.95,0.017284747392135612,0.0875,0.0,0.96875,0.0,0.0,0.996392424886286,0.7883281567162165,0.0,0.0,0.0,0.0,0.0375,0.9594913203360816,0.0,0.0,22.259393374901265,6aa6adff5cce352e9001c54e16af3b979ab4e1b93c599a382f8a984a57d88035
admission_censoring_control,20033,cross_channel,0.3493286647270272,0.3789242018161914,0.3789242018161914,0.96875,0.0,0.03125,0.0,1.5071647206025331,4.436660173548705,0.9875,0.02758078377925859,0.0875,0.0,0.9375,0.0,0.0,0.9905873942461968,0.5499999997311554,0.0,0.0,0.0,0.0,0.0,1.3690078778357928,0.0,0.0,21.806674625026062,99d0fee6351aa3baea6c2ae2305adbca750bfe3d56a10ccdb9fb2f7c66f5b332
admission_censoring_control,20034,cross_channel,0.30235728279303997,0.340473304283666,0.340473304283666,1.0,0.0,0.0,0.0,1.516872934562794,4.274089369536215,0.98125,0.011631349233818672,0.05,0.0,0.9625,0.0,0.0,0.9984916871150556,0.784252834981211,0.0,0.0,0.0,0.0,0.225,0.9449377655622584,0.0,0.0,21.658023790922016,ce3ede82c19fdb385fc36d395689092e37d1e30a7f601df8c5c0f6bf96c19df6
admission_censoring_control,20035,cross_channel,0.33175644718111574,0.3817030398225264,0.3817030398225264,1.0,0.0,0.0,0.0,1.920727867121844,5.3936699852264685,0.95625,0.024385194522657184,0.08125,0.0,0.95,0.0,0.0,0.9939318418557107,0.7680175696257165,0.0,0.0,0.0,0.0,0.05,0.8779072020934698,0.0,0.0,22.153959959046915,a2648e869721095f6130c29c27c3bf05c5494bedaa4e5834213200d8d0b9b04a
admission_censoring_control,20036,cross_channel,0.31710878243580964,0.3610669508742601,0.3610669508742601,1.0,0.0,0.0,0.0,1.6595193439002518,5.3016852172503155,0.95625,0.011289893257465388,0.0625,0.0,0.98125,0.0,0.0,0.9969452614819453,0.8278735997552835,0.0,0.0,0.0,0.0,0.21875,1.3043153691712641,0.0,0.0,24.798157667042688,a8de2e91081cc5fb811e886543634b7a6c29c5208881bdcbe61fae1be8ab556f
admission_censoring_control,20037,cross_channel,0.3498643316222033,0.3845695144012624,0.3845695144012624,0.975,0.0,0.025,0.0,1.7964915052808894,5.548727806384199,0.96875,0.02038736615768502,0.075,0.0,0.9125,0.0,0.0,0.9961439637625926,0.6814117737464499,0.0,0.0,0.0,0.0,0.0125,0.9264060738770497,0.0,0.0,24.127120041986927,1ad0b638aaa8d6938827b4af271bdd3dab80a356fc3b0d53b0dd5256fbaf48f7
admission_censoring_control,20038,cross_channel,0.28381192569090397,0.3304767022085025,0.3304767022085025,1.0,0.0,0.0,0.0,1.3434733997536863,4.57983345915617,0.975,0.013759374576821984,0.0875,0.0,0.96875,0.0,0.0,0.9962853798727916,0.7224810556270127,0.0,0.0,0.0,0.0,0.21875,1.1317302413005592,0.0,0.0,24.665969458874315,db6f0d73f806fc7575243307276299209248c00da5cc16044e5fd1cffbc35bfa
admission_censoring_control,20039,cross_channel,0.34983530418630593,0.39575181623203315,0.39575181623203315,1.0,0.0,0.0,0.0,1.7220317695267184,4.838043914624221,0.975,0.016480762589461705,0.04375,0.0,0.91875,0.0,0.0,0.9981436429249353,0.8403406095314554,0.0,0.0,0.0,0.0,0.05,1.102882572294288,0.0,0.0,22.748260624939576,5a410235b89e2edfe8e7c41141bc9447b4bc11a12f90ece60afe9f059179d1a5
admission_censoring_control,20000,ramp_rate,0.3969282388965992,0.4460396150040966,0.4460396150040966,0.975,0.0,0.025,0.0,1.9476124543881066,4.935351600578819,0.98125,0.01891300699708155,0.0875,0.0,0.84375,0.0,0.0,1.0,1.0,0.0,0.0,0.0,0.0,0.2125,0.882821391484552,0.0,0.0,23.193338125012815,f2d40c0fc4ffa7f6ce542dce9e839ed8c97cae1b76cf98fafbd2f31e8df0cb75
admission_censoring_control,20001,ramp_rate,0.30269768293579913,0.3561050423190429,0.3561050423190429,1.0,0.0,0.0,0.0,1.451614899083543,4.094790522863883,0.98125,0.011643526068176096,0.0625,0.0,0.89375,0.0,0.0,1.0,1.0,0.0,0.0,0.0,0.0,0.21875,0.9101541691059871,0.0,0.0,22.917861666996032,923465c463df0985921d7d61d4f461115ef7bbf63141688063c52989c1c68ec4
admission_censoring_control,20002,ramp_rate,0.33891581953464633,0.39200939716957806,0.39200939716957806,0.9875,0.0,0.0125,0.0,1.6657775137678796,5.20459817069827,0.9625,0.023128317416283666,0.1,0.0,0.9875,0.0,0.0,1.0,1.0,0.0,0.0,0.0,0.0,0.025,1.256027912118248,0.0,0.0,22.68212949996814,86ead800a427bd3618cda6b62c7dd0b9019d6556d5242f7725b4a8348dd59332
admission_censoring_control,20003,ramp_rate,0.32769944991875777,0.36040851183431727,0.36040851183431727,0.975,0.0,0.025,0.0,1.575938273351196,4.6099532652898025,0.975,0.024394390721231746,0.1,0.0,0.83125,0.0,0.0,1.0,1.0,0.0,0.0,0.0,0.0,0.025,0.6959607616980441,0.0,0.0,22.00794120808132,0b15e695d2e9cadadf3b24fda156e1595c8d623dda99108e51688b4015095f51
admission_censoring_control,20004,ramp_rate,0.33655499703413294,0.36267509835579237,0.36267509835579237,0.96875,0.0,0.03125,0.0,1.6841383087385366,5.505503885971861,0.95625,0.02156884598432806,0.125,0.0,0.91875,0.0,0.0,1.0,1.0,0.0,0.0,0.0,0.0,0.05,0.9377725306141137,0.0,0.0,22.584578833077103,c067f54cbf402324488476893c322a5dcf419acf5ebe85d0462350b32b4a000e
admission_censoring_control,20005,ramp_rate,0.3256695479800318,0.3609099159459092,0.3609099159459092,0.9875,0.0,0.0125,0.0,1.6041585032449057,4.462817323103585,0.975,0.0175452146033206,0.03125,0.0,0.925,0.0,0.0,1.0,1.0,0.0,0.0,0.0,0.0,0.01875,0.6689246048607631,0.0,0.0,22.367970375111327,af5463bcf74b07bfc4cb99b5ef2a5c03d80f405474d2230ac3d7c1373b7cb409
admission_censoring_control,20006,ramp_rate,0.37363090687687833,0.4142044937993664,0.4142044937993664,0.9875,0.0,0.0125,0.0,1.818173309094704,4.7660557861907895,0.975,0.018215953521392363,0.0375,0.0,0.93125,0.0,0.0,1.0,1.0,0.0,0.0,0.0,0.0,0.0375,1.0109459597296406,0.0,0.0,21.81482358300127,8065f4ab4b01c60f7a87eeccc7abd71636cf89ddb81ecf88931669653801f232
admission_censoring_control,20007,ramp_rate,0.34856304795758414,0.3882631393235601,0.3882631393235601,0.99375,0.0,0.00625,0.0,1.8416706776458156,4.636928425124558,0.975,0.021733663200565224,0.09375,0.0,0.9875,0.0,0.0,1.0,1.0,0.0,0.0,0.0,0.0,0.04375,0.8100746988343456,0.0,0.0,22.634479958796874,32fc65b02ce386681ff684fbbf882ea8d46b48162578d64bf56c873f8bd8294f
admission_censoring_control,20008,ramp_rate,0.3299226328354167,0.37531918114930835,0.37531918114930835,0.99375,0.0,0.00625,0.0,1.6065261948746028,4.67555151915376,0.96875,0.019389724421801403,0.06875,0.0,0.9125,0.0,0.0,1.0,1.0,0.0,0.0,0.0,0.0,0.1,0.9761979980985256,0.0,0.0,21.375513416947797,790e8bcd929cc630e681b5170d18d94fff5ec981c2e1eea0444be00a697e0b8b
admission_censoring_control,20009,ramp_rate,0.32991316060797826,0.37906835330729555,0.37906835330729555,1.0,0.0,0.0,0.0,1.7579518529335167,4.537658059478894,0.975,0.016994712670877633,0.08125,0.0,0.90625,0.0,0.0,1.0,1.0,0.0,0.0,0.0,0.0,0.0625,1.0737623693539207,0.0,0.0,21.756979416124523,117b8e49ffab85e555bc4557990051151da0df7188c4b1c799950471ac5d9c32
admission_censoring_control,20010,ramp_rate,0.30814411094419114,0.35431623373028437,0.35431623373028437,1.0,0.0,0.0,0.0,1.611174930468883,4.847880646213179,0.98125,0.015420288270138078,0.075,0.0,0.90625,0.0,0.0,1.0,1.0,0.0,0.0,0.0,0.0,0.23125,0.9030543722847331,0.0,0.0,22.151749791111797,2eb9f9181b97f4bf4025ea3da44f50d27a8b4a711aeb96a17bad581c999b7eee
admission_censoring_control,20011,ramp_rate,0.35176209018451693,0.37033468361885463,0.37033468361885463,0.95625,0.0,0.04375,0.0,1.657800383281203,5.09292881199133,0.975,0.02599744771046878,0.10625,0.0,0.975,0.0,0.0,1.0,1.0,0.0,0.0,0.0,0.0,0.0625,0.8187562871113295,0.0,0.0,22.185402292059734,fff24da2fd15241705220d0e6f50c661c27a44a5228a439c398a6cce6fa48fe6
admission_censoring_control,20012,ramp_rate,0.3194384877094181,0.35385422664748756,0.35385422664748756,0.98125,0.0,0.01875,0.0,1.2976838161494297,4.083746822351869,0.99375,0.017881725601051016,0.0625,0.0,0.925,0.0,0.0,1.0,1.0,0.0,0.0,0.0,0.0,0.0375,0.7780784280717044,0.0,0.0,21.576546667143703,42dd3911f657ab468c1de7e13112b7f6c8ec82c46e5d7dbed4801f7703fc072d
admission_censoring_control,20013,ramp_rate,0.31247264513008144,0.3459692312057225,0.3459692312057225,0.9875,0.0,0.0125,0.0,1.707239309073702,5.553234585073522,0.96875,0.019756976729847144,0.04375,0.0,0.8875,0.0,0.0,1.0,1.0,0.0,0.0,0.0,0.0,0.0375,0.8824067170926682,0.0,0.0,22.252082457998767,55808f6a3e3916083e06d4210960962b0dc0817f03810259d9997ca5d11c6768
admission_censoring_control,20014,ramp_rate,0.3161659161276829,0.34627084577155764,0.34627084577155764,0.99375,0.0,0.00625,0.0,1.6766813803264669,4.473778929058394,0.99375,0.017435724846418737,0.0625,0.0,0.95625,0.0,0.0,1.0,1.0,0.0,0.0,0.0,0.0,0.05,0.8451838582371923,0.0,0.0,22.71517120813951,f93de880e20aae1650dd00e3597227f2c8afc6dd923f2bb766682fa869e94626
admission_censoring_control,20015,ramp_rate,0.33269800817007106,0.37496267410945816,0.37496267410945816,0.99375,0.0,0.00625,0.0,1.85375722166037,5.820264076345493,0.95,0.016925151848266668,0.0625,0.0,0.96875,0.0,0.0,1.0,1.0,0.0,0.0,0.0,0.0,0.025,0.921784969912858,0.0,0.0,22.666175709106028,b53c7bcc34e55ef38d24c377abf4cd6bb3af7a6464b93d71aaa595c841ad53b1
admission_censoring_control,20016,ramp_rate,0.364910656684789,0.3954517514428005,0.3954517514428005,0.98125,0.0,0.01875,0.0,1.9723523228932378,5.140334302576238,0.975,0.021162705272127953,0.09375,0.0,0.9,0.0,0.0,1.0,1.0,0.0,0.0,0.0,0.0,0.01875,1.085907836611598,0.0,0.0,21.36555983312428,07a249943477ebcbc344298308201a3b2dc6896d10f88ea8c8e0ab8a1e204ffa
admission_censoring_control,20017,ramp_rate,0.3189039295735684,0.3519648995299199,0.3519648995299199,0.9875,0.0,0.0125,0.0,1.6190840625816836,4.4161970784764,0.96875,0.019865852494088853,0.0875,0.0,0.98125,0.0,0.0,1.0,1.0,0.0,0.0,0.0,0.0,0.21875,1.0034791192506483,0.0,0.0,22.41009825002402,80bf8dee4f76c6af630cc72e088606d902221c6316628f46537fef8c7ffb3454
admission_censoring_control,20018,ramp_rate,0.3374218860935138,0.3742818177946926,0.3742818177946926,0.98125,0.0,0.01875,0.0,1.725156915066189,5.449112776943724,0.975,0.021144895308164165,0.0875,0.0,0.96875,0.0,0.0,0.9977182498083803,0.55,0.0,0.0,0.0,0.0,0.23125,1.0783349566067981,0.0,0.0,22.124166208086535,9556392bda17c3f12ba660c9881db37eefc5ce6438b6b93b627712a4bc9fcb11
admission_censoring_control,20019,ramp_rate,0.3381279095144549,0.3825056973293718,0.3825056973293718,1.0,0.0,0.0,0.0,2.0120906563967336,6.348944448091591,0.9375,0.01338832375728478,0.0875,0.0,0.95625,0.0,0.0,1.0,1.0,0.0,0.0,0.0,0.0,0.00625,1.0349418931166212,0.0,0.0,22.071419541025534,2a0672bbabb0a7196ba406708f847b43fa7d091cca71fd90bb9922ae296911b5
admission_censoring_control,20020,ramp_rate,0.3328061467809293,0.3963221497290514,0.3963221497290514,1.0,0.0,0.0,0.0,1.6723496387237717,5.34585342196396,0.96875,0.016004961688055614,0.05,0.0,0.85,0.0,0.0,1.0,1.0,0.0,0.0,0.0,0.0,0.20625,1.054679196572578,0.0,0.0,22.355338542023674,ad4d7c2384f5d0614878d14ad36c9dd1fab144131164a433691e4203f9008931
admission_censoring_control,20021,ramp_rate,0.30300208749319535,0.3458718566696331,0.3458718566696331,1.0,0.0,0.0,0.0,1.522203220774795,5.069711914063963,0.9875,0.012706495939492135,0.06875,0.0,0.85625,0.0,0.0,1.0,1.0,0.0,0.0,0.0,0.0,0.01875,0.7284088150682121,0.0,0.0,21.695670833112672,b4cc2a9cee3f26bea79e88a1c7e3742fe80100f6a2b6ee49c8571bd47e0ea690
admission_censoring_control,20022,ramp_rate,0.3282963531274915,0.3703325586434841,0.3703325586434841,1.0,0.0,0.0,0.0,1.7571248919101627,4.566271897166366,0.9875,0.015369027812926313,0.125,0.0,0.90625,0.0,0.0,1.0,1.0,0.0,0.0,0.0,0.0,0.1,0.8481010144221296,0.0,0.0,22.697224459145218,43ecfc44b135a8aa64ea8bf02939ac6cb4b1315688999e081d6fd634c72f03d5
admission_censoring_control,20023,ramp_rate,0.3805369406494171,0.3976517582209015,0.3976517582209015,0.95625,0.0,0.04375,0.0,1.9532135099709826,6.215570930906111,0.94375,0.024123361973901768,0.05625,0.0,0.93125,0.0,0.0,1.0,1.0,0.0,0.0,0.0,0.0,0.05625,1.1406490440854111,0.0,0.0,22.347915291087702,223e1a417cf655b0fa441f8461cdc66ae4615a87af5dc70ed8a265dee7ede7e1
admission_censoring_control,20024,ramp_rate,0.33552744927421746,0.3723771904827491,0.3723771904827491,0.99375,0.0,0.00625,0.0,1.746085548212767,5.231674049240978,0.95625,0.019191372096561826,0.0625,0.0,0.89375,0.0,0.0,1.0,1.0,0.0,0.0,0.0,0.0,0.0375,1.0302691011101957,0.0,0.0,21.576657833065838,6b9b196e4ae1be566a7e2ec24f850e7de44949e484bb621f335607af98122791
admission_censoring_control,20025,ramp_rate,0.3563758184396438,0.3894057345168468,0.3894057345168468,0.9875,0.0,0.0125,0.0,1.8568424329967645,5.050403267034203,0.975,0.018390991296191896,0.0875,0.0,0.85,0.0,0.0,1.0,1.0,0.0,0.0,0.0,0.0,0.21875,0.8519878869636817,0.0,0.0,21.780660124961287,ad5ac42f39f77809e59960950ba3e4a689665c6f1baa9ca1e56aba51c26b4028
admission_censoring_control,20026,ramp_rate,0.4189300438993855,0.42302775723442715,0.42302775723442715,0.93125,0.0,0.06875,0.0,1.876642781538726,5.006446203805214,0.975,0.034342773824576824,0.05625,0.0,0.85625,0.0,0.0,1.0,1.0,0.0,0.0,0.0,0.0,0.0,0.9871259299066611,0.0,0.0,21.357229874935,e7ad8d05f5106fb5cef0659f7ebfa4bf74a57d910270f653811031521270442a
admission_censoring_control,20027,ramp_rate,0.29910670546409657,0.33913367377919185,0.33913367377919185,0.98125,0.0,0.01875,0.0,1.5975809656889708,4.970326564316668,0.96875,0.021006171562921495,0.04375,0.0,0.9,0.0,0.0,1.0,1.0,0.0,0.0,0.0,0.0,0.2125,0.7998491767857182,0.0,0.0,22.343369374983013,e03520fc9a2bdc0abdecd33446a401c61a4f414c00ba02df39d11585554edd25
admission_censoring_control,20028,ramp_rate,0.3131918997822992,0.35348382657870203,0.35348382657870203,1.0,0.0,0.0,0.0,1.4412657673612816,4.106066965172149,0.99375,0.012920137953043748,0.04375,0.0,0.975,0.0,0.0,1.0,1.0,0.0,0.0,0.0,0.0,0.03125,0.8238489399448772,0.0,0.0,21.404893832979724,04cd538348daa99459c4eebae89dc144c206c0b23be7b974557af3e3ab2c662a
admission_censoring_control,20029,ramp_rate,0.3175809481775766,0.35739996559721227,0.35739996559721227,0.9875,0.0,0.0125,0.0,1.6155402029303385,5.1173821000022395,0.96875,0.018408314537869192,0.05625,0.0,0.91875,0.0,0.0,1.0,1.0,0.0,0.0,0.0,0.0,0.2,1.0680336676868696,0.0,0.0,22.112948917085305,3837c964f946ef210633bc545127036baa2d011133200bc7ef964eaffe6b22c3
admission_censoring_control,20030,ramp_rate,0.3694181160104,0.3975376863375797,0.3975376863375797,0.98125,0.0,0.01875,0.0,2.0648979521952002,5.6889395937088105,0.95,0.02376434139331775,0.09375,0.0,0.86875,0.0,0.0,1.0,1.0,0.0,0.0,0.0,0.0,0.025,0.9368747342347721,0.0,0.0,21.82480225013569,7e4c8944ae9c4af8706cc2a73521432f66e59d88124b26052d10476946e84779
admission_censoring_control,20031,ramp_rate,0.3338741380244606,0.3427140208605858,0.3427140208605858,0.96875,0.0,0.03125,0.0,1.5913303873131472,4.269815764649637,0.98125,0.02170857094509544,0.05625,0.0,0.85625,0.0,0.0,1.0,1.0,0.0,0.0,0.0,0.0,0.01875,0.9036143635985928,0.0,0.0,22.0140097909607,da50c53833fd77a0b8269ac10e7822ef772ecfb3265c9cca713ef1d61ecf8d1d
admission_censoring_control,20032,ramp_rate,0.3080580561812899,0.3427601177141515,0.3427601177141515,0.99375,0.0,0.00625,0.0,1.6700830511953935,5.749573444077281,0.95,0.017284747392135612,0.0875,0.0,0.96875,0.0,0.0,1.0,1.0,0.0,0.0,0.0,0.0,0.0375,0.9594913203360816,0.0,0.0,22.259393374901265,6aa6adff5cce352e9001c54e16af3b979ab4e1b93c599a382f8a984a57d88035
admission_censoring_control,20033,ramp_rate,0.3493286647270272,0.3789242018161914,0.3789242018161914,0.96875,0.0,0.03125,0.0,1.5071647206025331,4.436660173548705,0.9875,0.02758078377925859,0.0875,0.0,0.9375,0.0,0.0,0.995998349045774,0.55,0.0,0.0,0.0,0.0,0.0,1.3690078778357928,0.0,0.0,21.806674625026062,99d0fee6351aa3baea6c2ae2305adbca750bfe3d56a10ccdb9fb2f7c66f5b332
admission_censoring_control,20034,ramp_rate,0.30235728279303997,0.340473304283666,0.340473304283666,1.0,0.0,0.0,0.0,1.516872934562794,4.274089369536215,0.98125,0.011631349233818672,0.05,0.0,0.9625,0.0,0.0,1.0,1.0,0.0,0.0,0.0,0.0,0.225,0.9449377655622584,0.0,0.0,21.658023790922016,ce3ede82c19fdb385fc36d395689092e37d1e30a7f601df8c5c0f6bf96c19df6
admission_censoring_control,20035,ramp_rate,0.33175644718111574,0.3817030398225264,0.3817030398225264,1.0,0.0,0.0,0.0,1.920727867121844,5.3936699852264685,0.95625,0.024385194522657184,0.08125,0.0,0.95,0.0,0.0,1.0,1.0,0.0,0.0,0.0,0.0,0.05,0.8779072020934698,0.0,0.0,22.153959959046915,a2648e869721095f6130c29c27c3bf05c5494bedaa4e5834213200d8d0b9b04a
admission_censoring_control,20036,ramp_rate,0.31710878243580964,0.3610669508742601,0.3610669508742601,1.0,0.0,0.0,0.0,1.6595193439002518,5.3016852172503155,0.95625,0.011289893257465388,0.0625,0.0,0.98125,0.0,0.0,1.0,1.0,0.0,0.0,0.0,0.0,0.21875,1.3043153691712641,0.0,0.0,24.798157667042688,a8de2e91081cc5fb811e886543634b7a6c29c5208881bdcbe61fae1be8ab556f
admission_censoring_control,20037,ramp_rate,0.3498643316222033,0.3845695144012624,0.3845695144012624,0.975,0.0,0.025,0.0,1.7964915052808894,5.548727806384199,0.96875,0.02038736615768502,0.075,0.0,0.9125,0.0,0.0,1.0,1.0,0.0,0.0,0.0,0.0,0.0125,0.9264060738770497,0.0,0.0,24.127120041986927,1ad0b638aaa8d6938827b4af271bdd3dab80a356fc3b0d53b0dd5256fbaf48f7
admission_censoring_control,20038,ramp_rate,0.28381192569090397,0.3304767022085025,0.3304767022085025,1.0,0.0,0.0,0.0,1.3434733997536863,4.57983345915617,0.975,0.013759374576821984,0.0875,0.0,0.96875,0.0,0.0,1.0,1.0,0.0,0.0,0.0,0.0,0.21875,1.1317302413005592,0.0,0.0,24.665969458874315,db6f0d73f806fc7575243307276299209248c00da5cc16044e5fd1cffbc35bfa
admission_censoring_control,20039,ramp_rate,0.34983530418630593,0.39575181623203315,0.39575181623203315,1.0,0.0,0.0,0.0,1.7220317695267184,4.838043914624221,0.975,0.016480762589461705,0.04375,0.0,0.91875,0.0,0.0,1.0,1.0,0.0,0.0,0.0,0.0,0.05,1.102882572294288,0.0,0.0,22.748260624939576,5a410235b89e2edfe8e7c41141bc9447b4bc11a12f90ece60afe9f059179d1a5
admission_censoring_control,20000,influence_budget,0.39911989269786863,0.441790237903697,0.441790237903697,0.96875,0.0,0.03125,0.0,1.8560597629876596,4.722324731728567,0.98125,0.01826476873989907,0.0875,0.0,0.84375,0.26875,0.0,1.0,1.0,0.12508485837404643,0.0,0.0,0.0,0.2125,0.882821391484552,0.0,0.0,23.193338125012815,f2d40c0fc4ffa7f6ce542dce9e839ed8c97cae1b76cf98fafbd2f31e8df0cb75
admission_censoring_control,20001,influence_budget,0.3103857382117499,0.36825006340324945,0.36825006340324945,1.0,0.0,0.0,0.0,1.4548989072552916,4.094790522863883,0.98125,0.01117856616157569,0.0625,0.0,0.89375,0.325,0.0,1.0,1.0,0.14039953206196085,0.0,0.0,0.0,0.21875,0.9101541691059871,0.0,0.0,22.917861666996032,923465c463df0985921d7d61d4f461115ef7bbf63141688063c52989c1c68ec4
admission_censoring_control,20002,influence_budget,0.33202158598598713,0.38540574786042714,0.38540574786042714,0.9875,0.0,0.0125,0.0,1.5649436275730069,5.036944595554108,0.98125,0.019740121811177524,0.1,0.0,0.9875,0.30625,0.0,1.0,1.0,0.1692105495255188,0.0,0.0,0.0,0.025,1.256027912118248,0.0,0.0,22.68212949996814,86ead800a427bd3618cda6b62c7dd0b9019d6556d5242f7725b4a8348dd59332
admission_censoring_control,20003,influence_budget,0.3317364004635741,0.3616402129861213,0.3616402129861213,0.975,0.0,0.025,0.0,1.527035929133576,4.5449634645427235,0.975,0.023483761885122214,0.1,0.0,0.83125,0.31875,0.0,1.0,1.0,0.10171313525207884,0.0,0.0,0.0,0.025,0.6959607616980441,0.0,0.0,22.00794120808132,0b15e695d2e9cadadf3b24fda156e1595c8d623dda99108e51688b4015095f51
admission_censoring_control,20004,influence_budget,0.336042037049296,0.3614578886255416,0.3614578886255416,0.96875,0.0,0.03125,0.0,1.6360055634057027,5.040462276623325,0.95625,0.021336938328157518,0.125,0.0,0.91875,0.20625,0.0,1.0,1.0,0.08882748585463264,0.0,0.0,0.0,0.05,0.9377725306141137,0.0,0.0,22.584578833077103,c067f54cbf402324488476893c322a5dcf419acf5ebe85d0462350b32b4a000e
admission_censoring_control,20005,influence_budget,0.3378818202907711,0.37367167456694445,0.37367167456694445,0.9875,0.0,0.0125,0.0,1.6123580416900212,4.285653984742662,0.98125,0.016963895976307312,0.03125,0.0,0.925,0.3,0.0,1.0,1.0,0.11628548955979556,0.0,0.0,0.0,0.01875,0.6689246048607631,0.0,0.0,22.367970375111327,af5463bcf74b07bfc4cb99b5ef2a5c03d80f405474d2230ac3d7c1373b7cb409
admission_censoring_control,20006,influence_budget,0.36057426119723807,0.40931798702231953,0.40931798702231953,1.0,0.0,0.0,0.0,1.7216334391013937,4.608644766694448,0.96875,0.014131498000782467,0.0375,0.0,0.93125,0.325,0.0,1.0,1.0,0.17811891606153554,0.0,0.0,0.0,0.0375,1.0109459597296406,0.0,0.0,21.81482358300127,8065f4ab4b01c60f7a87eeccc7abd71636cf89ddb81ecf88931669653801f232
admission_censoring_control,20007,influence_budget,0.35730543263318426,0.39592943949417414,0.39592943949417414,0.99375,0.0,0.00625,0.0,1.8508494093557044,4.490340842971734,0.98125,0.01999090091059343,0.09375,0.0,0.9875,0.3125,0.0,1.0,1.0,0.12920465758926275,0.0,0.0,0.0,0.04375,0.8100746988343456,0.0,0.0,22.634479958796874,32fc65b02ce386681ff684fbbf882ea8d46b48162578d64bf56c873f8bd8294f
admission_censoring_control,20008,influence_budget,0.3354797547573348,0.38251727201709196,0.38251727201709196,0.99375,0.0,0.00625,0.0,1.6094097716612066,4.662173764321367,0.975,0.017241538273084233,0.06875,0.0,0.9125,0.34375,0.0,1.0,1.0,0.16947230998812257,0.0,0.0,0.0,0.1,0.9761979980985256,0.0,0.0,21.375513416947797,790e8bcd929cc630e681b5170d18d94fff5ec981c2e1eea0444be00a697e0b8b
admission_censoring_control,20009,influence_budget,0.3290221293898127,0.3788631481330876,0.3788631481330876,1.0,0.0,0.0,0.0,1.7285200904109375,4.463420823808194,0.98125,0.015756209342825532,0.08125,0.0,0.90625,0.175,0.0,1.0,1.0,0.09300359759598734,0.0,0.0,0.0,0.0625,1.0737623693539207,0.0,0.0,21.756979416124523,117b8e49ffab85e555bc4557990051151da0df7188c4b1c799950471ac5d9c32
admission_censoring_control,20010,influence_budget,0.3090589640679994,0.35455811092006184,0.35455811092006184,1.0,0.0,0.0,0.0,1.5506900730513449,4.496859063136735,0.975,0.0121165010483144,0.075,0.0,0.90625,0.3625,0.0,1.0,1.0,0.15098083348225658,0.0,0.0,0.0,0.23125,0.9030543722847331,0.0,0.0,22.151749791111797,2eb9f9181b97f4bf4025ea3da44f50d27a8b4a711aeb96a17bad581c999b7eee
admission_censoring_control,20011,influence_budget,0.33554633390824107,0.37992697419356475,0.37992697419356475,0.98125,0.0,0.01875,0.0,1.6332440012625078,5.412313459020303,0.975,0.02100913729860247,0.10625,0.0,0.975,0.35,0.0,1.0,1.0,0.14521290452301722,0.0,0.0,0.0,0.0625,0.8187562871113295,0.0,0.0,22.185402292059734,fff24da2fd15241705220d0e6f50c661c27a44a5228a439c398a6cce6fa48fe6
admission_censoring_control,20012,influence_budget,0.33587152804565257,0.37563210753991705,0.37563210753991705,0.98125,0.0,0.01875,0.0,1.3197441160722918,4.047670699973909,0.9875,0.017347994385450455,0.0625,0.0,0.925,0.23125,0.0,1.0,1.0,0.11282031857939975,0.0,0.0,0.0,0.0375,0.7780784280717044,0.0,0.0,21.576546667143703,42dd3911f657ab468c1de7e13112b7f6c8ec82c46e5d7dbed4801f7703fc072d
admission_censoring_control,20013,influence_budget,0.31303226116055144,0.3546778374812581,0.3546778374812581,1.0,0.0,0.0,0.0,1.7216445547743255,5.545172005286429,0.96875,0.015011397245370945,0.04375,0.0,0.8875,0.275,0.0,1.0,1.0,0.10179054029084919,0.0,0.0,0.0,0.0375,0.8824067170926682,0.0,0.0,22.252082457998767,55808f6a3e3916083e06d4210960962b0dc0817f03810259d9997ca5d11c6768
admission_censoring_control,20014,influence_budget,0.3232117951633732,0.3579700875690776,0.3579700875690776,1.0,0.0,0.0,0.0,1.6352163883712643,4.204081355182761,0.99375,0.013226807734542522,0.0625,0.0,0.95625,0.40625,0.0,1.0,1.0,0.14353002427474587,0.0,0.0,0.0,0.05,0.8451838582371923,0.0,0.0,22.71517120813951,f93de880e20aae1650dd00e3597227f2c8afc6dd923f2bb766682fa869e94626
admission_censoring_control,20015,influence_budget,0.3332311747479672,0.3762090612696882,0.3762090612696882,0.99375,0.0,0.00625,0.0,1.8212405053468355,5.53537562988736,0.95625,0.016497849411274898,0.0625,0.0,0.96875,0.2875,0.0,1.0,1.0,0.10793211921268875,0.0,0.0,0.0,0.025,0.921784969912858,0.0,0.0,22.666175709106028,b53c7bcc34e55ef38d24c377abf4cd6bb3af7a6464b93d71aaa595c841ad53b1
admission_censoring_control,20016,influence_budget,0.36139775582059874,0.406963660653346,0.406963660653346,1.0,0.0,0.0,0.0,2.010712178214549,5.445789873855302,0.98125,0.014863406764476575,0.09375,0.0,0.9,0.275,0.0,1.0,1.0,0.10494165063057807,0.0,0.0,0.0,0.01875,1.085907836611598,0.0,0.0,21.36555983312428,07a249943477ebcbc344298308201a3b2dc6896d10f88ea8c8e0ab8a1e204ffa
admission_censoring_control,20017,influence_budget,0.316452686483781,0.35212201964522255,0.35212201964522255,0.9875,0.0,0.0125,0.0,1.5449743881902722,4.84086207612643,0.975,0.019739478542415038,0.0875,0.0,0.98125,0.225,0.0,1.0,1.0,0.2705485865647054,0.0,0.0,0.0,0.21875,1.0034791192506483,0.0,0.0,22.41009825002402,80bf8dee4f76c6af630cc72e088606d902221c6316628f46537fef8c7ffb3454
admission_censoring_control,20018,influence_budget,0.33332047775389706,0.3830678266915682,0.3830678266915682,1.0,0.0,0.0,0.0,1.731499562479306,5.327144023756375,0.9875,0.015365688623067525,0.0875,0.0,0.96875,0.24375,0.0,1.0,1.0,0.2749546584887185,0.0,0.0,0.0,0.23125,1.0783349566067981,0.0,0.0,22.124166208086535,9556392bda17c3f12ba660c9881db37eefc5ce6438b6b93b627712a4bc9fcb11
admission_censoring_control,20019,influence_budget,0.34526824022635993,0.39157888360177234,0.39157888360177234,1.0,0.0,0.0,0.0,2.028159941251656,6.445066157219716,0.9375,0.01233735081240783,0.0875,0.0,0.95625,0.31875,0.0,1.0,1.0,0.11310646881394477,0.0,0.0,0.0,0.00625,1.0349418931166212,0.0,0.0,22.071419541025534,2a0672bbabb0a7196ba406708f847b43fa7d091cca71fd90bb9922ae296911b5
admission_censoring_control,20020,influence_budget,0.34109519198957605,0.40381468996118897,0.40381468996118897,1.0,0.0,0.0,0.0,1.6891984737644719,5.538542073429832,0.96875,0.015456671769784169,0.05,0.0,0.85,0.275,0.0,1.0,1.0,0.12030917441580993,0.0,0.0,0.0,0.20625,1.054679196572578,0.0,0.0,22.355338542023674,ad4d7c2384f5d0614878d14ad36c9dd1fab144131164a433691e4203f9008931
admission_censoring_control,20021,influence_budget,0.29816033885437115,0.34203635784676395,0.34203635784676395,1.0,0.0,0.0,0.0,1.4215642931692898,4.402249303341521,0.9875,0.010489369859445919,0.06875,0.0,0.85625,0.35625,0.0,1.0,1.0,0.12553383437592713,0.0,0.0,0.0,0.01875,0.7284088150682121,0.0,0.0,21.695670833112672,b4cc2a9cee3f26bea79e88a1c7e3742fe80100f6a2b6ee49c8571bd47e0ea690
admission_censoring_control,20022,influence_budget,0.3316780464929325,0.3769886288734713,0.3769886288734713,1.0,0.0,0.0,0.0,1.7268259325827013,4.49206913855874,0.9875,0.013594407906966088,0.125,0.0,0.90625,0.36875,0.0,1.0,1.0,0.12045472913523969,0.0,0.0,0.0,0.1,0.8481010144221296,0.0,0.0,22.697224459145218,43ecfc44b135a8aa64ea8bf02939ac6cb4b1315688999e081d6fd634c72f03d5
admission_censoring_control,20023,influence_budget,0.37408873312035473,0.396297921256342,0.396297921256342,0.9625,0.0,0.0375,0.0,1.823271115382985,4.850945689045184,0.96875,0.022353369014938507,0.05625,0.0,0.93125,0.29375,0.0,1.0,1.0,0.10975458399397722,0.0,0.0,0.0,0.05625,1.1406490440854111,0.0,0.0,22.347915291087702,223e1a417cf655b0fa441f8461cdc66ae4615a87af5dc70ed8a265dee7ede7e1
admission_censoring_control,20024,influence_budget,0.3371946971147465,0.37401407426638794,0.37401407426638794,0.99375,0.0,0.00625,0.0,1.7380711251609982,5.223431536966073,0.95625,0.019151449936871342,0.0625,0.0,0.89375,0.20625,0.0,1.0,1.0,0.08499393862977786,0.0,0.0,0.0,0.0375,1.0302691011101957,0.0,0.0,21.576657833065838,6b9b196e4ae1be566a7e2ec24f850e7de44949e484bb621f335607af98122791
admission_censoring_control,20025,influence_budget,0.35573166785966076,0.4029114751204213,0.4029114751204213,1.0,0.0,0.0,0.0,1.8591096846833999,5.049448239723666,0.96875,0.012556551119993088,0.0875,0.0,0.85,0.39375,0.0,1.0,1.0,0.14161931727434726,0.0,0.0,0.0,0.21875,0.8519878869636817,0.0,0.0,21.780660124961287,ad5ac42f39f77809e59960950ba3e4a689665c6f1baa9ca1e56aba51c26b4028
admission_censoring_control,20026,influence_budget,0.42480564837817314,0.421746725843661,0.421746725843661,0.925,0.0,0.075,0.0,1.844486317653984,4.693184055543055,0.975,0.03388979973770653,0.05625,0.0,0.85625,0.24375,0.0,1.0,1.0,0.09397613051183841,0.0,0.0,0.0,0.0,0.9871259299066611,0.0,0.0,21.357229874935,e7ad8d05f5106fb5cef0659f7ebfa4bf74a57d910270f653811031521270442a
admission_censoring_control,20027,influence_budget,0.2981822816896492,0.3390427463798398,0.3390427463798398,0.98125,0.0,0.01875,0.0,1.5635678585334103,4.979383965121693,0.96875,0.02052876498834852,0.04375,0.0,0.9,0.1625,0.0,1.0,1.0,0.10982742272910644,0.0,0.0,0.0,0.2125,0.7998491767857182,0.0,0.0,22.343369374983013,e03520fc9a2bdc0abdecd33446a401c61a4f414c00ba02df39d11585554edd25
admission_censoring_control,20028,influence_budget,0.31699188437975784,0.3551870383340903,0.3551870383340903,1.0,0.0,0.0,0.0,1.3897634362412075,3.981910229568656,0.99375,0.011217668383226024,0.04375,0.0,0.975,0.35,0.0,1.0,1.0,0.11218619275646691,0.0,0.0,0.0,0.03125,0.8238489399448772,0.0,0.0,21.404893832979724,04cd538348daa99459c4eebae89dc144c206c0b23be7b974557af3e3ab2c662a
admission_censoring_control,20029,influence_budget,0.3217055340479236,0.36227706705403684,0.36227706705403684,0.9875,0.0,0.0125,0.0,1.636252289630147,5.167478007253006,0.9625,0.018402483327371093,0.05625,0.0,0.91875,0.15625,0.0,1.0,1.0,0.10087676948013372,0.0,0.0,0.0,0.2,1.0680336676868696,0.0,0.0,22.112948917085305,3837c964f946ef210633bc545127036baa2d011133200bc7ef964eaffe6b22c3
admission_censoring_control,20030,influence_budget,0.3528188692883509,0.39265649589616874,0.39265649589616874,1.0,0.0,0.0,0.0,1.9631872782866622,5.079060130852443,0.96875,0.017627706119822138,0.09375,0.0,0.86875,0.225,0.0,1.0,1.0,0.09798355002531212,0.0,0.0,0.0,0.025,0.9368747342347721,0.0,0.0,21.82480225013569,7e4c8944ae9c4af8706cc2a73521432f66e59d88124b26052d10476946e84779
admission_censoring_control,20031,influence_budget,0.3328366992462284,0.3488365801112824,0.3488365801112824,0.975,0.0,0.025,0.0,1.5663144961122808,4.0540359198840425,0.98125,0.019292024033358314,0.05625,0.0,0.85625,0.275,0.0,1.0,1.0,0.1010694797965754,0.0,0.0,0.0,0.01875,0.9036143635985928,0.0,0.0,22.0140097909607,da50c53833fd77a0b8269ac10e7822ef772ecfb3265c9cca713ef1d61ecf8d1d
admission_censoring_control,20032,influence_budget,0.3097435819581178,0.34532561290109104,0.34532561290109104,0.99375,0.0,0.00625,0.0,1.6606292211164628,5.287425395113207,0.95,0.015590230352181164,0.0875,0.0,0.96875,0.20625,0.0,1.0,1.0,0.09494994187053743,0.0,0.0,0.0,0.0375,0.9594913203360816,0.0,0.0,22.259393374901265,6aa6adff5cce352e9001c54e16af3b979ab4e1b93c599a382f8a984a57d88035
admission_censoring_control,20033,influence_budget,0.3469889628166817,0.38111160911028064,0.38111160911028064,0.975,0.0,0.025,0.0,1.4752382406991091,4.15204257751443,0.99375,0.026133731079217883,0.0875,0.0,0.9375,0.23125,0.0,1.0,1.0,0.20688600987339406,0.0,0.0,0.0,0.0,1.3690078778357928,0.0,0.0,21.806674625026062,99d0fee6351aa3baea6c2ae2305adbca750bfe3d56a10ccdb9fb2f7c66f5b332
admission_censoring_control,20034,influence_budget,0.3178125018330379,0.3582871130218779,0.3582871130218779,1.0,0.0,0.0,0.0,1.527319798798103,5.008663592678877,0.98125,0.01032715380357772,0.05,0.0,0.9625,0.45625,0.0,1.0,1.0,0.17204133939847238,0.0,0.0,0.0,0.225,0.9449377655622584,0.0,0.0,21.658023790922016,ce3ede82c19fdb385fc36d395689092e37d1e30a7f601df8c5c0f6bf96c19df6
admission_censoring_control,20035,influence_budget,0.33619269426004905,0.38453616595380247,0.38453616595380247,1.0,0.0,0.0,0.0,1.9390985872114381,5.286527226507801,0.95625,0.024146943014952692,0.08125,0.0,0.95,0.2,0.0,1.0,1.0,0.08562488895696438,0.0,0.0,0.0,0.05,0.8779072020934698,0.0,0.0,22.153959959046915,a2648e869721095f6130c29c27c3bf05c5494bedaa4e5834213200d8d0b9b04a
admission_censoring_control,20036,influence_budget,0.3194829332713157,0.36486102233904755,0.36486102233904755,1.0,0.0,0.0,0.0,1.5926276972548332,4.738758879996755,0.9625,0.010317033170461825,0.0625,0.0,0.98125,0.35,0.0,1.0,1.0,0.13970509705096537,0.0,0.0,0.0,0.21875,1.3043153691712641,0.0,0.0,24.798157667042688,a8de2e91081cc5fb811e886543634b7a6c29c5208881bdcbe61fae1be8ab556f
admission_censoring_control,20037,influence_budget,0.3352653482165361,0.39339219491361166,0.39339219491361166,1.0,0.0,0.0,0.0,1.7749487946304108,5.311316821130903,0.96875,0.01570099686376216,0.075,0.0,0.9125,0.2875,0.0,1.0,1.0,0.1322026389869433,0.0,0.0,0.0,0.0125,0.9264060738770497,0.0,0.0,24.127120041986927,1ad0b638aaa8d6938827b4af271bdd3dab80a356fc3b0d53b0dd5256fbaf48f7
admission_censoring_control,20038,influence_budget,0.2836149078510185,0.33205259475157584,0.33205259475157584,1.0,0.0,0.0,0.0,1.2936800166022127,4.421098709547065,0.98125,0.012909918635176442,0.0875,0.0,0.96875,0.25,0.0,1.0,1.0,0.2753435443461417,0.0,0.0,0.0,0.21875,1.1317302413005592,0.0,0.0,24.665969458874315,db6f0d73f806fc7575243307276299209248c00da5cc16044e5fd1cffbc35bfa
admission_censoring_control,20039,influence_budget,0.3622713051681083,0.40884637837400795,0.40884637837400795,1.0,0.0,0.0,0.0,1.7416916331092747,4.4409028714538294,0.98125,0.014167438064999016,0.04375,0.0,0.91875,0.33125,0.0,1.0,1.0,0.10513426512706583,0.0,0.0,0.0,0.05,1.102882572294288,0.0,0.0,22.748260624939576,5a410235b89e2edfe8e7c41141bc9447b4bc11a12f90ece60afe9f059179d1a5
admission_censoring_control,20000,combined,0.3969282388965992,0.4460396150040966,0.4460396150040966,0.975,0.0,0.025,0.0,1.9476124543881066,4.935351600578819,0.98125,0.01891300699708155,0.0875,0.0,0.84375,0.0,0.0,0.9965480113792697,0.840156158170045,0.0,0.0,0.0,0.0,0.2125,0.882821391484552,0.0,0.0,23.193338125012815,f2d40c0fc4ffa7f6ce542dce9e839ed8c97cae1b76cf98fafbd2f31e8df0cb75
admission_censoring_control,20001,combined,0.30269768293579913,0.3561050423190429,0.3561050423190429,1.0,0.0,0.0,0.0,1.451614899083543,4.094790522863883,0.98125,0.011643526068176096,0.0625,0.0,0.89375,0.0,0.0,0.9957253122106524,0.7738205054928056,0.0,0.0,0.0,0.0,0.21875,0.9101541691059871,0.0,0.0,22.917861666996032,923465c463df0985921d7d61d4f461115ef7bbf63141688063c52989c1c68ec4
admission_censoring_control,20002,combined,0.33891581953464633,0.39200939716957806,0.39200939716957806,0.9875,0.0,0.0125,0.0,1.6657775137678796,5.20459817069827,0.9625,0.023128317416283666,0.1,0.0,0.9875,0.0,0.0,0.9949110917824557,0.6764335389512134,0.0,0.0,0.0,0.0,0.025,1.256027912118248,0.0,0.0,22.68212949996814,86ead800a427bd3618cda6b62c7dd0b9019d6556d5242f7725b4a8348dd59332
admission_censoring_control,20003,combined,0.32769944991875777,0.36040851183431727,0.36040851183431727,0.975,0.0,0.025,0.0,1.575938273351196,4.6099532652898025,0.975,0.024394390721231746,0.1,0.0,0.83125,0.0,0.0,0.9955331993898657,0.7838821034017699,0.0,0.0,0.0,0.0,0.025,0.6959607616980441,0.0,0.0,22.00794120808132,0b15e695d2e9cadadf3b24fda156e1595c8d623dda99108e51688b4015095f51
admission_censoring_control,20004,combined,0.33655499703413294,0.36267509835579237,0.36267509835579237,0.96875,0.0,0.03125,0.0,1.6841383087385366,5.505503885971861,0.95625,0.02156884598432806,0.125,0.0,0.91875,0.0,0.0,0.9922020363505368,0.5684719804473599,0.0,0.0,0.0,0.0,0.05,0.9377725306141137,0.0,0.0,22.584578833077103,c067f54cbf402324488476893c322a5dcf419acf5ebe85d0462350b32b4a000e
admission_censoring_control,20005,combined,0.3256695479800318,0.3609099159459092,0.3609099159459092,0.9875,0.0,0.0125,0.0,1.6041585032449057,4.462817323103585,0.975,0.0175452146033206,0.03125,0.0,0.925,0.0,0.0,0.998245969520244,0.735539505902144,0.0,0.0,0.0,0.0,0.01875,0.6689246048607631,0.0,0.0,22.367970375111327,af5463bcf74b07bfc4cb99b5ef2a5c03d80f405474d2230ac3d7c1373b7cb409
admission_censoring_control,20006,combined,0.37363090687687833,0.4142044937993664,0.4142044937993664,0.9875,0.0,0.0125,0.0,1.818173309094704,4.7660557861907895,0.975,0.018215953521392363,0.0375,0.0,0.93125,0.0,0.0,0.9970784795412018,0.7930642495688678,0.0,0.0,0.0,0.0,0.0375,1.0109459597296406,0.0,0.0,21.81482358300127,8065f4ab4b01c60f7a87eeccc7abd71636cf89ddb81ecf88931669653801f232
admission_censoring_control,20007,combined,0.34856304795758414,0.3882631393235601,0.3882631393235601,0.99375,0.0,0.00625,0.0,1.8416706776458156,4.636928425124558,0.975,0.021733663200565224,0.09375,0.0,0.9875,0.0,0.0,0.9930231363432899,0.6644127989297779,0.0,0.0,0.0,0.0,0.04375,0.8100746988343456,0.0,0.0,22.634479958796874,32fc65b02ce386681ff684fbbf882ea8d46b48162578d64bf56c873f8bd8294f
admission_censoring_control,20008,combined,0.3299226328354167,0.37531918114930835,0.37531918114930835,0.99375,0.0,0.00625,0.0,1.6065261948746028,4.67555151915376,0.96875,0.019389724421801403,0.06875,0.0,0.9125,0.0,0.0,0.9974457932266398,0.8460686939636479,0.0,0.0,0.0,0.0,0.1,0.9761979980985256,0.0,0.0,21.375513416947797,790e8bcd929cc630e681b5170d18d94fff5ec981c2e1eea0444be00a697e0b8b
admission_censoring_control,20009,combined,0.32991316060797826,0.37906835330729555,0.37906835330729555,1.0,0.0,0.0,0.0,1.7579518529335167,4.537658059478894,0.975,0.016994712670877633,0.08125,0.0,0.90625,0.0,0.0,0.9966359068703283,0.8003911758128592,0.0,0.0,0.0,0.0,0.0625,1.0737623693539207,0.0,0.0,21.756979416124523,117b8e49ffab85e555bc4557990051151da0df7188c4b1c799950471ac5d9c32
admission_censoring_control,20010,combined,0.30814411094419114,0.35431623373028437,0.35431623373028437,1.0,0.0,0.0,0.0,1.611174930468883,4.847880646213179,0.98125,0.015420288270138078,0.075,0.0,0.90625,0.0,0.0,0.9964624328747224,0.8294342490298672,0.0,0.0,0.0,0.0,0.23125,0.9030543722847331,0.0,0.0,22.151749791111797,2eb9f9181b97f4bf4025ea3da44f50d27a8b4a711aeb96a17bad581c999b7eee
admission_censoring_control,20011,combined,0.35176209018451693,0.37033468361885463,0.37033468361885463,0.95625,0.0,0.04375,0.0,1.657800383281203,5.09292881199133,0.975,0.02599744771046878,0.10625,0.0,0.975,0.0,0.0,0.9936724855690168,0.7623209415709158,0.0,0.0,0.0,0.0,0.0625,0.8187562871113295,0.0,0.0,22.185402292059734,fff24da2fd15241705220d0e6f50c661c27a44a5228a439c398a6cce6fa48fe6
admission_censoring_control,20012,combined,0.3194384877094181,0.35385422664748756,0.35385422664748756,0.98125,0.0,0.01875,0.0,1.2976838161494297,4.083746822351869,0.99375,0.017881725601051016,0.0625,0.0,0.925,0.0,0.0,0.9968194645847639,0.8434956111942716,0.0,0.0,0.0,0.0,0.0375,0.7780784280717044,0.0,0.0,21.576546667143703,42dd3911f657ab468c1de7e13112b7f6c8ec82c46e5d7dbed4801f7703fc072d
admission_censoring_control,20013,combined,0.31247264513008144,0.3459692312057225,0.3459692312057225,0.9875,0.0,0.0125,0.0,1.707239309073702,5.553234585073522,0.96875,0.019756976729847144,0.04375,0.0,0.8875,0.0,0.0,0.9984605262064521,0.8780989156764383,0.0,0.0,0.0,0.0,0.0375,0.8824067170926682,0.0,0.0,22.252082457998767,55808f6a3e3916083e06d4210960962b0dc0817f03810259d9997ca5d11c6768
admission_censoring_control,20014,combined,0.3161659161276829,0.34627084577155764,0.34627084577155764,0.99375,0.0,0.00625,0.0,1.6766813803264669,4.473778929058394,0.99375,0.017435724846418737,0.0625,0.0,0.95625,0.0,0.0,0.9964904398129771,0.8153664252648201,0.0,0.0,0.0,0.0,0.05,0.8451838582371923,0.0,0.0,22.71517120813951,f93de880e20aae1650dd00e3597227f2c8afc6dd923f2bb766682fa869e94626
admission_censoring_control,20015,combined,0.33269800817007106,0.37496267410945816,0.37496267410945816,0.99375,0.0,0.00625,0.0,1.85375722166037,5.820264076345493,0.95,0.016925151848266668,0.0625,0.0,0.96875,0.0,0.0,0.9944697305188264,0.7778797395355188,0.0,0.0,0.0,0.0,0.025,0.921784969912858,0.0,0.0,22.666175709106028,b53c7bcc34e55ef38d24c377abf4cd6bb3af7a6464b93d71aaa595c841ad53b1
admission_censoring_control,20016,combined,0.364910656684789,0.3954517514428005,0.3954517514428005,0.98125,0.0,0.01875,0.0,1.9723523228932378,5.140334302576238,0.975,0.021162705272127953,0.09375,0.0,0.9,0.0,0.0,0.9954573066608365,0.7959935439796111,0.0,0.0,0.0,0.0,0.01875,1.085907836611598,0.0,0.0,21.36555983312428,07a249943477ebcbc344298308201a3b2dc6896d10f88ea8c8e0ab8a1e204ffa
admission_censoring_control,20017,combined,0.3189039295735684,0.3519648995299199,0.3519648995299199,0.9875,0.0,0.0125,0.0,1.6190840625816836,4.4161970784764,0.96875,0.019865852494088853,0.0875,0.0,0.98125,0.0,0.0,0.9970147734351265,0.8897869030191259,0.0,0.0,0.0,0.0,0.21875,1.0034791192506483,0.0,0.0,22.41009825002402,80bf8dee4f76c6af630cc72e088606d902221c6316628f46537fef8c7ffb3454
admission_censoring_control,20018,combined,0.3374218860935138,0.3742818177946926,0.3742818177946926,0.98125,0.0,0.01875,0.0,1.725156915066189,5.449112776943724,0.975,0.021144895308164165,0.0875,0.0,0.96875,0.0,0.0,0.9928743329649181,0.5492191579886321,0.0,0.0,0.0,0.0,0.23125,1.0783349566067981,0.0,0.0,22.124166208086535,9556392bda17c3f12ba660c9881db37eefc5ce6438b6b93b627712a4bc9fcb11
admission_censoring_control,20019,combined,0.3381279095144549,0.3825056973293718,0.3825056973293718,1.0,0.0,0.0,0.0,2.0120906563967336,6.348944448091591,0.9375,0.01338832375728478,0.0875,0.0,0.95625,0.0,0.0,0.9956713032423,0.7796237669915045,0.0,0.0,0.0,0.0,0.00625,1.0349418931166212,0.0,0.0,22.071419541025534,2a0672bbabb0a7196ba406708f847b43fa7d091cca71fd90bb9922ae296911b5
admission_censoring_control,20020,combined,0.3328061467809293,0.3963221497290514,0.3963221497290514,1.0,0.0,0.0,0.0,1.6723496387237717,5.34585342196396,0.96875,0.016004961688055614,0.05,0.0,0.85,0.0,0.0,0.996329606400326,0.6766488545656582,0.0,0.0,0.0,0.0,0.20625,1.054679196572578,0.0,0.0,22.355338542023674,ad4d7c2384f5d0614878d14ad36c9dd1fab144131164a433691e4203f9008931
admission_censoring_control,20021,combined,0.30300208749319535,0.3458718566696331,0.3458718566696331,1.0,0.0,0.0,0.0,1.522203220774795,5.069711914063963,0.9875,0.012706495939492135,0.06875,0.0,0.85625,0.0,0.0,0.9966479148920587,0.8784649602435338,0.0,0.0,0.0,0.0,0.01875,0.7284088150682121,0.0,0.0,21.695670833112672,b4cc2a9cee3f26bea79e88a1c7e3742fe80100f6a2b6ee49c8571bd47e0ea690
admission_censoring_control,20022,combined,0.3282963531274915,0.3703325586434841,0.3703325586434841,1.0,0.0,0.0,0.0,1.7571248919101627,4.566271897166366,0.9875,0.015369027812926313,0.125,0.0,0.90625,0.0,0.0,0.994672137855547,0.6331025992281996,0.0,0.0,0.0,0.0,0.1,0.8481010144221296,0.0,0.0,22.697224459145218,43ecfc44b135a8aa64ea8bf02939ac6cb4b1315688999e081d6fd634c72f03d5
admission_censoring_control,20023,combined,0.3805369406494171,0.3976517582209015,0.3976517582209015,0.95625,0.0,0.04375,0.0,1.9532135099709826,6.215570930906111,0.94375,0.024123361973901768,0.05625,0.0,0.93125,0.0,0.0,0.9971278314646266,0.741880290821939,0.0,0.0,0.0,0.0,0.05625,1.1406490440854111,0.0,0.0,22.347915291087702,223e1a417cf655b0fa441f8461cdc66ae4615a87af5dc70ed8a265dee7ede7e1
admission_censoring_control,20024,combined,0.33552744927421746,0.3723771904827491,0.3723771904827491,0.99375,0.0,0.00625,0.0,1.746085548212767,5.231674049240978,0.95625,0.019191372096561826,0.0625,0.0,0.89375,0.0,0.0,0.9962879020102664,0.8201525149072708,0.0,0.0,0.0,0.0,0.0375,1.0302691011101957,0.0,0.0,21.576657833065838,6b9b196e4ae1be566a7e2ec24f850e7de44949e484bb621f335607af98122791
admission_censoring_control,20025,combined,0.3563758184396438,0.3894057345168468,0.3894057345168468,0.9875,0.0,0.0125,0.0,1.8568424329967645,5.050403267034203,0.975,0.018390991296191896,0.0875,0.0,0.85,0.0,0.0,0.995362946662177,0.7466209750346443,0.0,0.0,0.0,0.0,0.21875,0.8519878869636817,0.0,0.0,21.780660124961287,ad5ac42f39f77809e59960950ba3e4a689665c6f1baa9ca1e56aba51c26b4028
admission_censoring_control,20026,combined,0.4189300438993855,0.42302775723442715,0.42302775723442715,0.93125,0.0,0.06875,0.0,1.876642781538726,5.006446203805214,0.975,0.034342773824576824,0.05625,0.0,0.85625,0.0,0.0,0.9969665575295924,0.8605522316782364,0.0,0.0,0.0,0.0,0.0,0.9871259299066611,0.0,0.0,21.357229874935,e7ad8d05f5106fb5cef0659f7ebfa4bf74a57d910270f653811031521270442a
admission_censoring_control,20027,combined,0.29910670546409657,0.33913367377919185,0.33913367377919185,0.98125,0.0,0.01875,0.0,1.5975809656889708,4.970326564316668,0.96875,0.021006171562921495,0.04375,0.0,0.9,0.0,0.0,0.9982503165776423,0.8739977776570573,0.0,0.0,0.0,0.0,0.2125,0.7998491767857182,0.0,0.0,22.343369374983013,e03520fc9a2bdc0abdecd33446a401c61a4f414c00ba02df39d11585554edd25
admission_censoring_control,20028,combined,0.3131918997822992,0.35348382657870203,0.35348382657870203,1.0,0.0,0.0,0.0,1.4412657673612816,4.106066965172149,0.99375,0.012920137953043748,0.04375,0.0,0.975,0.0,0.0,0.9976100293783542,0.7734914274885334,0.0,0.0,0.0,0.0,0.03125,0.8238489399448772,0.0,0.0,21.404893832979724,04cd538348daa99459c4eebae89dc144c206c0b23be7b974557af3e3ab2c662a
admission_censoring_control,20029,combined,0.3175809481775766,0.35739996559721227,0.35739996559721227,0.9875,0.0,0.0125,0.0,1.6155402029303385,5.1173821000022395,0.96875,0.018408314537869192,0.05625,0.0,0.91875,0.0,0.0,0.9981654700572242,0.8323569591477893,0.0,0.0,0.0,0.0,0.2,1.0680336676868696,0.0,0.0,22.112948917085305,3837c964f946ef210633bc545127036baa2d011133200bc7ef964eaffe6b22c3
admission_censoring_control,20030,combined,0.3694181160104,0.3975376863375797,0.3975376863375797,0.98125,0.0,0.01875,0.0,2.0648979521952002,5.6889395937088105,0.95,0.02376434139331775,0.09375,0.0,0.86875,0.0,0.0,0.9967160876162755,0.7620060590007691,0.0,0.0,0.0,0.0,0.025,0.9368747342347721,0.0,0.0,21.82480225013569,7e4c8944ae9c4af8706cc2a73521432f66e59d88124b26052d10476946e84779
admission_censoring_control,20031,combined,0.3338741380244606,0.3427140208605858,0.3427140208605858,0.96875,0.0,0.03125,0.0,1.5913303873131472,4.269815764649637,0.98125,0.02170857094509544,0.05625,0.0,0.85625,0.0,0.0,0.9965193223602398,0.7972840493238856,0.0,0.0,0.0,0.0,0.01875,0.9036143635985928,0.0,0.0,22.0140097909607,da50c53833fd77a0b8269ac10e7822ef772ecfb3265c9cca713ef1d61ecf8d1d
admission_censoring_control,20032,combined,0.3080580561812899,0.3427601177141515,0.3427601177141515,0.99375,0.0,0.00625,0.0,1.6700830511953935,5.749573444077281,0.95,0.017284747392135612,0.0875,0.0,0.96875,0.0,0.0,0.996392424886286,0.7883281567162165,0.0,0.0,0.0,0.0,0.0375,0.9594913203360816,0.0,0.0,22.259393374901265,6aa6adff5cce352e9001c54e16af3b979ab4e1b93c599a382f8a984a57d88035
admission_censoring_control,20033,combined,0.3493286647270272,0.3789242018161914,0.3789242018161914,0.96875,0.0,0.03125,0.0,1.5071647206025331,4.436660173548705,0.9875,0.02758078377925859,0.0875,0.0,0.9375,0.0,0.0,0.9905873942461968,0.5499999997311554,0.0,0.0,0.0,0.0,0.0,1.3690078778357928,0.0,0.0,21.806674625026062,99d0fee6351aa3baea6c2ae2305adbca750bfe3d56a10ccdb9fb2f7c66f5b332
admission_censoring_control,20034,combined,0.30235728279303997,0.340473304283666,0.340473304283666,1.0,0.0,0.0,0.0,1.516872934562794,4.274089369536215,0.98125,0.011631349233818672,0.05,0.0,0.9625,0.0,0.0,0.9984916871150556,0.784252834981211,0.0,0.0,0.0,0.0,0.225,0.9449377655622584,0.0,0.0,21.658023790922016,ce3ede82c19fdb385fc36d395689092e37d1e30a7f601df8c5c0f6bf96c19df6
admission_censoring_control,20035,combined,0.33175644718111574,0.3817030398225264,0.3817030398225264,1.0,0.0,0.0,0.0,1.920727867121844,5.3936699852264685,0.95625,0.024385194522657184,0.08125,0.0,0.95,0.0,0.0,0.9939318418557107,0.7680175696257165,0.0,0.0,0.0,0.0,0.05,0.8779072020934698,0.0,0.0,22.153959959046915,a2648e869721095f6130c29c27c3bf05c5494bedaa4e5834213200d8d0b9b04a
admission_censoring_control,20036,combined,0.31710878243580964,0.3610669508742601,0.3610669508742601,1.0,0.0,0.0,0.0,1.6595193439002518,5.3016852172503155,0.95625,0.011289893257465388,0.0625,0.0,0.98125,0.0,0.0,0.9969452614819453,0.8278735997552835,0.0,0.0,0.0,0.0,0.21875,1.3043153691712641,0.0,0.0,24.798157667042688,a8de2e91081cc5fb811e886543634b7a6c29c5208881bdcbe61fae1be8ab556f
admission_censoring_control,20037,combined,0.3498643316222033,0.3845695144012624,0.3845695144012624,0.975,0.0,0.025,0.0,1.7964915052808894,5.548727806384199,0.96875,0.02038736615768502,0.075,0.0,0.9125,0.0,0.0,0.9961439637625926,0.6814117737464499,0.0,0.0,0.0,0.0,0.0125,0.9264060738770497,0.0,0.0,24.127120041986927,1ad0b638aaa8d6938827b4af271bdd3dab80a356fc3b0d53b0dd5256fbaf48f7
admission_censoring_control,20038,combined,0.28381192569090397,0.3304767022085025,0.3304767022085025,1.0,0.0,0.0,0.0,1.3434733997536863,4.57983345915617,0.975,0.013759374576821984,0.0875,0.0,0.96875,0.0,0.0,0.9962853798727916,0.7224810556270127,0.0,0.0,0.0,0.0,0.21875,1.1317302413005592,0.0,0.0,24.665969458874315,db6f0d73f806fc7575243307276299209248c00da5cc16044e5fd1cffbc35bfa
admission_censoring_control,20039,combined,0.34983530418630593,0.39575181623203315,0.39575181623203315,1.0,0.0,0.0,0.0,1.7220317695267184,4.838043914624221,0.975,0.016480762589461705,0.04375,0.0,0.91875,0.0,0.0,0.9981436429249353,0.8403406095314554,0.0,0.0,0.0,0.0,0.05,1.102882572294288,0.0,0.0,22.748260624939576,5a410235b89e2edfe8e7c41141bc9447b4bc11a12f90ece60afe9f059179d1a5
source_assignment_competition,20000,m9c_baseline,1.1319097859192015,1.250445742206364,1.250445742206364,0.99375,0.0,0.00625,0.0,2.075869633689428,6.238646916893182,0.94375,0.020395028967858424,0.0,0.0,0.0,0.0,0.0,1.0,1.0,0.0,0.0,0.0,0.0,0.96875,0.9218656775748316,0.0,0.0,17.60105699999258,e8445ea1e3ad07a6869b5e561874debc22dfe6c56efadfc25921105c313c148f
source_assignment_competition,20001,m9c_baseline,1.0315258234523113,1.186912939112069,1.186912939112069,0.99375,0.0,0.00625,0.0,1.60202688228753,4.567118062917917,0.9625,0.017550376742314862,0.0,0.0,0.0,0.0,0.0,1.0,1.0,0.0,0.0,0.0,0.0,0.975,0.9326848770852726,0.0,0.0,17.948315874906257,fd16d8baddf44a8662b7ee53fe71ab3323716a2740d68199ff332a35560c6cc0
source_assignment_competition,20002,m9c_baseline,1.271725827755464,1.4095627581145418,1.4095627581145418,0.99375,0.0,0.00625,0.0,1.9617326668015167,5.6061715748871785,0.95625,0.02207037992049311,0.0,0.0,0.0,0.0,0.0,1.0,1.0,0.0,0.0,0.0,0.0,0.975,1.2419646629238135,0.0,0.0,21.8438317081891,b549a091d72267f7ae0329f33fd261715f28a9a53262f72fbadd53eab00e38a2
source_assignment_competition,20003,m9c_baseline,0.9445444296339811,1.0602715516961816,1.0602715516961816,0.98125,0.0,0.01875,0.0,1.58200502166611,5.397086345374624,0.975,0.01855434163417281,0.0,0.0,0.0,0.0,0.0,1.0,1.0,0.0,0.0,0.0,0.0,0.96875,0.7297006951338417,0.0,0.0,17.25113816699013,3e91fd0768455dc0ccda1b5014712e51a6d42f2ec6e08ed3bb377fea8f895a7a
source_assignment_competition,20004,m9c_baseline,1.0337599798948065,1.1578282020602777,1.1578282020602777,0.9875,0.0,0.0125,0.0,1.5839060811563919,5.088919701076082,0.975,0.017633710954936314,0.0,0.0,0.0,0.0,0.0,1.0,1.0,0.0,0.0,0.0,0.0,0.975,0.9241717486259835,0.0,0.0,18.8954810409341,e012f23ba6384222b88dae483154c25221e40665c9e05cab9322ff4b214dca86
source_assignment_competition,20005,m9c_baseline,0.9384766742232854,1.0555587897395016,1.0555587897395016,1.0,0.0,0.0,0.0,1.562999883050297,4.523304146083628,0.98125,0.01284082851841006,0.0,0.0,0.0,0.0,0.0,1.0,1.0,0.0,0.0,0.0,0.0,0.96875,0.6939535612136707,0.0,0.0,19.806557416915894,49436d9e0f30602136767952aadf0deb5b118e474cf2991718d557e4d8409d0c
source_assignment_competition,20006,m9c_baseline,1.067391285175685,1.2019001148486548,1.2019001148486548,1.0,0.0,0.0,0.0,1.7003382708200054,5.345803112625479,0.9625,0.01558598218033384,0.0,0.0,0.0,0.0,0.0,1.0,1.0,0.0,0.0,0.0,0.0,0.9625,1.0260245171141293,0.0,0.0,19.582573167048395,878cd14452230db40826d1bfe837a91579da316ad5764bc22c23862c27ad26c4
source_assignment_competition,20007,m9c_baseline,1.0136590315687957,1.136633321384459,1.136633321384459,1.0,0.0,0.0,0.0,1.777714321632701,5.51340652473867,0.9625,0.02046513552262228,0.0,0.0,0.0,0.0,0.0,1.0,1.0,0.0,0.0,0.0,0.0,0.96875,0.8057976706091324,0.0,0.0,18.198815500130877,f597bb3afe5cec48a2d0afbff200573780f337595d9a6294327474d8e355e895
source_assignment_competition,20008,m9c_baseline,0.9497580828096381,1.0597770883566107,1.0597770883566107,0.975,0.0,0.025,0.0,1.4217442902755413,4.612537365104214,0.98125,0.021740207522660725,0.0,0.0,0.0,0.0,0.0,1.0,1.0,0.0,0.0,0.0,0.0,0.95625,0.9813501395311489,0.0,0.0,19.707737082848325,5450b8578ca23b7a63fadcbb0017ef6a3b11033425a1ab387f3b6568d1938d91
source_assignment_competition,20009,m9c_baseline,1.1475746724439186,1.2695041734131745,1.2695041734131745,0.98125,0.0,0.01875,0.0,1.759932301485454,4.386448681312786,0.98125,0.022001462867417373,0.0,0.0,0.0,0.0,0.0,1.0,1.0,0.0,0.0,0.0,0.0,0.975,1.067454478938838,0.0,0.0,19.51537804096006,551b5c10614a27973e2fe3cdfbf0f6b407d4d12783aad6b782e47e3cd865433c
source_assignment_competition,20010,m9c_baseline,1.0063376342001107,1.156600024551321,1.156600024551321,0.98125,0.0,0.01875,0.0,1.6257230283053263,5.6226871153474995,0.95,0.017228018680770858,0.0,0.0,0.0,0.0,0.0,1.0,1.0,0.0,0.0,0.0,0.0,0.975,0.9037843953079001,0.0,0.0,16.40278408303857,8a9968538d0252226c6c01ddca13725526c2403121d5ec276a547b8f099367ab
source_assignment_competition,20011,m9c_baseline,0.9369588202050085,1.0934929097455877,1.0934929097455877,0.99375,0.0,0.00625,0.0,1.55632958629302,5.4596577758159945,0.96875,0.02013670903884126,0.0,0.0,0.0,0.0,0.0,1.0,1.0,0.0,0.0,0.0,0.0,0.96875,0.7951573102764513,0.0,0.0,20.30616575013846,31ddb056131ad9b37b2d0cc47de962370cc3f84fa71a481140925fc1eca7ca5f
source_assignment_competition,20012,m9c_baseline,0.920135233506589,1.0068842715252826,1.0068842715252826,0.975,0.0,0.025,0.0,1.27278694470277,3.6574560172643675,1.0,0.022458228266460076,0.0,0.0,0.0,0.0,0.0,1.0,1.0,0.0,0.0,0.0,0.0,0.975,0.7698982242147526,0.0,0.0,17.063910082913935,b9736999ac67fb8766cfb1ff75650403c641946596ce14ec5bba7d4c5689830c
source_assignment_competition,20013,m9c_baseline,1.0409293143970042,1.1736738178441963,1.1736738178441963,1.0,0.0,0.0,0.0,1.8695889744843157,5.378719406362808,0.95625,0.02201793442720205,0.0,0.0,0.0,0.0,0.0,1.0,1.0,0.0,0.0,0.0,0.0,0.975,0.8825241136058128,0.0,0.0,16.875972083071247,842ae956edb30f601986363dfed79b2f0c8f31d452c5e47a52f84de7d11982da
source_assignment_competition,20014,m9c_baseline,0.9673909609776548,1.0735704100193668,1.0735704100193668,0.9875,0.0,0.0125,0.0,1.4585832927721014,3.996678606721112,0.98125,0.023199669011153935,0.0,0.0,0.0,0.0,0.0,1.0,1.0,0.0,0.0,0.0,0.0,0.96875,0.8566989657853078,0.0,0.0,17.181236000033095,b6350d8113d4448056ebf9007f9af44aab90ee8192d3e2322bc67a297ee6ecea
source_assignment_competition,20015,m9c_baseline,1.0164043321441654,1.142141119830659,1.142141119830659,1.0,0.0,0.0,0.0,1.6072574162149589,4.937887823266133,0.98125,0.01852537527185143,0.0,0.0,0.0,0.0,0.0,1.0,1.0,0.0,0.0,0.0,0.0,0.9625,0.9331479780644859,0.0,0.0,17.815710291964933,2ddb31c5d26faa0823329f570996f0a3d169af8ec8a7e72150ea3b10363700a9
source_assignment_competition,20016,m9c_baseline,0.9587120568641817,1.0750751181116893,1.0750751181116893,1.0,0.0,0.0,0.0,1.3659853526640535,3.958937204756719,0.9875,0.02250696418134443,0.0,0.0,0.0,0.0,0.0,1.0,1.0,0.0,0.0,0.0,0.0,0.975,1.091106666226441,0.0,0.0,17.188033832935616,0cec7b46d8ee83efb939fa07abd4b2e5bc5ef5e5e84b4899f2e5cffff80c71d7
source_assignment_competition,20017,m9c_baseline,1.0923422278679715,1.2132059959494186,1.2132059959494186,0.99375,0.0,0.00625,0.0,1.6329038896586527,3.894845475456048,0.98125,0.01845819825649104,0.0,0.0,0.0,0.0,0.0,1.0,1.0,0.0,0.0,0.0,0.0,0.975,1.0284866769509855,0.0,0.0,20.470122250029817,b555cb3deaf7df04229c2201b7e55d2980a8190d125b2d164eba5cb0f035f6b7
source_assignment_competition,20018,m9c_baseline,1.14762293863661,1.2981083729943053,1.2981083729943053,0.9625,0.0,0.0375,0.0,1.8027651021403268,6.0063983128457155,0.95,0.022245383230758344,0.0,0.0,0.0,0.0,0.0,1.0,1.0,0.0,0.0,0.0,0.0,0.975,1.0966911384956963,0.0,0.0,18.507333167130128,5593702ce4867670c13b728196f3fe7a3610bba40042a8b5e79d4e417238478c
source_assignment_competition,20019,m9c_baseline,1.1957393406689363,1.3306428569025484,1.3306428569025484,0.975,0.0,0.025,0.0,1.8700051708472443,5.423172954475621,0.95625,0.024181952097195657,0.0,0.0,0.0,0.0,0.0,1.0,1.0,0.0,0.0,0.0,0.0,0.975,1.0749619007338904,0.0,0.0,18.834750833222643,6e3cd8a39b73946ddc7018c274f8f74500816d1dd149ab3346d6d9bacaecc818
source_assignment_competition,20020,m9c_baseline,0.9915483681903817,1.1023220972419043,1.1023220972419043,0.9875,0.0,0.0125,0.0,1.4179586244499656,4.771168906993421,0.99375,0.01923558572947138,0.0,0.0,0.0,0.0,0.0,1.0,1.0,0.0,0.0,0.0,0.0,0.96875,1.0599047143909874,0.0,0.0,18.716959291836247,df9ed59e2c4690ea44755e43b5447778c39de2cbbc9adafa03420800eaf2828d
source_assignment_competition,20021,m9c_baseline,0.9446725694927313,1.1127677000997072,1.1127677000997072,1.0,0.0,0.0,0.0,1.5221385862389227,4.798423158492493,0.9875,0.01038231096411719,0.0,0.0,0.0,0.0,0.0,1.0,1.0,0.0,0.0,0.0,0.0,0.975,0.739545559721588,0.0,0.0,15.808533709030598,61a971ec2035f3c71886db82bf2754484c17a4f8521924205548079b8f5dc2c2
source_assignment_competition,20022,m9c_baseline,1.0167724938073939,1.1270966428490716,1.1270966428490716,0.9875,0.0,0.0125,0.0,1.663176205110209,4.1194675428852205,0.975,0.02458244696601141,0.0,0.0,0.0,0.0,0.0,1.0,1.0,0.0,0.0,0.0,0.0,0.975,0.8543839647045377,0.0,0.0,17.810406166128814,3535134ad65e1715f659b2fa6b5d8099d59007680a9d7e36c835b9d0b31e5c97
source_assignment_competition,20023,m9c_baseline,1.0734647079157749,1.2061928348616116,1.2061928348616116,1.0,0.0,0.0,0.0,1.5084979694899023,4.484740223145756,0.9875,0.014360003871049997,0.0,0.0,0.0,0.0,0.0,1.0,1.0,0.0,0.0,0.0,0.0,0.975,1.0994689384136493,0.0,0.0,16.36680525005795,3c8293f0f6f079825556f0db081ff68ad367c3ca8d8329fa81587715933be6c4
source_assignment_competition,20024,m9c_baseline,1.0500121390204675,1.1881198848401175,1.1881198848401175,0.9875,0.0,0.0125,0.0,1.5391814753047413,4.035165436359478,0.9875,0.0175282079341257,0.0,0.0,0.0,0.0,0.0,1.0,1.0,0.0,0.0,0.0,0.0,0.9625,1.0259215950870613,0.0,0.0,17.447481082985178,3f4a0c45dd4834e547207229732b773e46d44e857ecb5665c621933c481299cd
source_assignment_competition,20025,m9c_baseline,1.1747755151798436,1.2900345866283414,1.2900345866283414,0.98125,0.0,0.01875,0.0,1.9801918874642248,5.566791656610476,0.95625,0.022028314671922428,0.0,0.0,0.0,0.0,0.0,1.0,1.0,0.0,0.0,0.0,0.0,0.975,0.864144653186487,0.0,0.0,18.967315291054547,85156c67fec5ebdaa4237cc4b88a15e935aa999cd47f6a8d2cfb63aa4544c6c3
source_assignment_competition,20026,m9c_baseline,1.1140366965074087,1.2485264016736626,1.2485264016736626,0.975,0.0,0.025,0.0,1.7293646377317309,4.8010511209416125,0.98125,0.018692846879265,0.0,0.0,0.0,0.0,0.0,1.0,1.0,0.0,0.0,0.0,0.0,0.975,0.9938053771941309,0.0,0.0,18.76514875004068,1eb7b0e34080bdce384b5dc24120803a1e4b80ba4287aab7fd7e54b32bb30c65
source_assignment_competition,20027,m9c_baseline,0.9708156798020859,1.1013321021704703,1.1013321021704703,0.99375,0.0,0.00625,0.0,1.5235986546496478,4.984942097744289,0.96875,0.01659236045194049,0.0,0.0,0.0,0.0,0.0,1.0,1.0,0.0,0.0,0.0,0.0,0.975,0.8273001234766788,0.0,0.0,19.422696000197902,9d30f483e35ef8bd7e695a89dfb281bbd66f9aa4f143e62ffb297fa153f60428
source_assignment_competition,20028,m9c_baseline,0.8699693621254314,0.9764479498783948,0.9764479498783948,1.0,0.0,0.0,0.0,1.2110261158476212,3.4925726629828637,0.99375,0.015825637727653538,0.0,0.0,0.0,0.0,0.0,1.0,1.0,0.0,0.0,0.0,0.0,0.975,0.8436484064141588,0.0,0.0,19.96112266695127,3f8b2d7a627f88d1d2e7239dfbecb289d8065a565ea2cb04b032d4f66b206a81
source_assignment_competition,20029,m9c_baseline,1.0331029757781844,1.1510654557015305,1.1510654557015305,1.0,0.0,0.0,0.0,1.5641041081210127,4.629753609068142,0.98125,0.013877362038796512,0.0,0.0,0.0,0.0,0.0,1.0,1.0,0.0,0.0,0.0,0.0,0.9625,1.0439387726154217,0.0,0.0,16.674606792163104,c45d2f80e6e6d90f2f448d8d0fce2be0d9c5312c1908a3e9e4fc44fd5f08f7f3
source_assignment_competition,20030,m9c_baseline,1.1014977009321663,1.2628542832464396,1.2628542832464396,0.99375,0.0,0.00625,0.0,1.7836961274263405,5.864257781541368,0.95,0.018579623091496585,0.0,0.0,0.0,0.0,0.0,1.0,1.0,0.0,0.0,0.0,0.0,0.9625,0.9304927413099506,0.0,0.0,20.618570750113577,a4c58abe7852567aea5f2d342324eb76e9e7e0b108447afd225c895cc452aff3
source_assignment_competition,20031,m9c_baseline,0.9704285444228435,1.0911202459575076,1.0911202459575076,1.0,0.0,0.0,0.0,1.4638371290322083,4.644559860062936,0.975,0.011821303342327335,0.0,0.0,0.0,0.0,0.0,1.0,1.0,0.0,0.0,0.0,0.0,0.9625,0.8622414248210237,0.0,0.0,16.809253874933347,61a8f6386ef106fae057c29675544bd031daa3189b305c7a87932368186ac28f
source_assignment_competition,20032,m9c_baseline,1.048075742640051,1.1925342932341425,1.1925342932341425,1.0,0.0,0.0,0.0,1.62222757400917,4.866065545916664,0.98125,0.017545941324945597,0.0,0.0,0.0,0.0,0.0,1.0,1.0,0.0,0.0,0.0,0.0,0.975,0.9553959508205064,0.0,0.0,16.76828550011851,43f09ac37e8455fcfda7d28036ff83dfd9ba4dbf1c3230ad8a0cebbd70a5502a
source_assignment_competition,20033,m9c_baseline,1.1346580872730279,1.2633103642946986,1.2633103642946986,0.98125,0.0,0.01875,0.0,1.3962917231284604,3.6558828326265886,1.0,0.016981134712909286,0.0,0.0,0.0,0.0,0.0,1.0,1.0,0.0,0.0,0.0,0.0,0.975,1.3669785658260967,0.0,0.0,25.131074166856706,d14fb22cee74404c9598f8132b965ffe09678211c6f2d26f99ecad2fa0b2eb88
source_assignment_competition,20034,m9c_baseline,1.0409942333382847,1.2078886281829817,1.2078886281829817,1.0,0.0,0.0,0.0,1.6749100805681985,4.583643084319154,0.96875,0.01752681664772058,0.0,0.0,0.0,0.0,0.0,1.0,1.0,0.0,0.0,0.0,0.0,0.96875,0.9955246546162521,0.0,0.0,33.171480250079185,d4d4deee6938118671ca91f00ca5790a639d490a77e508af27883898d77ccf8b
source_assignment_competition,20035,m9c_baseline,1.1260570313010327,1.265224917943137,1.265224917943137,1.0,0.0,0.0,0.0,1.9762914303056014,5.275050664546783,0.9625,0.017564634611396773,0.0,0.0,0.0,0.0,0.0,1.0,1.0,0.0,0.0,0.0,0.0,0.9625,0.8820619562212346,0.0,0.0,33.87555691599846,d5bf742599689050e3b226b0d33c0d307cb50b01c34980ea911866e7daeb0483
source_assignment_competition,20036,m9c_baseline,1.1747021754250357,1.3168646676842755,1.3168646676842755,0.98125,0.0,0.01875,0.0,1.6329626926119853,4.875988747343124,0.99375,0.01766767998018911,0.0,0.0,0.0,0.0,0.0,1.0,1.0,0.0,0.0,0.0,0.0,0.96875,1.3130742306338754,0.0,0.0,57.45353579195216,9a2302257b4532d1edaded9fd9c8148af498a0c0b1784e2b55852bfcc206b7bc
source_assignment_competition,20037,m9c_baseline,1.0176053360187804,1.1467525137038512,1.1467525137038512,0.98125,0.0,0.01875,0.0,1.607476943926883,5.195570840110471,0.98125,0.019303878676038423,0.0,0.0,0.0,0.0,0.0,1.0,1.0,0.0,0.0,0.0,0.0,0.96875,0.9008090778724871,0.0,0.0,48.87513200007379,eff4c83d0cd843872ec2edc595a210d7630aaa0f4a20f5a963625a85415a4144
source_assignment_competition,20038,m9c_baseline,0.9658872644095947,1.0935455564767669,1.0935455564767669,1.0,0.0,0.0,0.0,1.2987883463533965,3.986624616902049,0.99375,0.011450736691108524,0.0,0.0,0.0,0.0,0.0,1.0,1.0,0.0,0.0,0.0,0.0,0.96875,1.1391115529871125,0.0,0.0,76.41840241686441,8c64117af079fb21ef87051104ae5c1752a146ea66e7f5c4392133d2b6687493
source_assignment_competition,20039,m9c_baseline,1.1540971873261416,1.3216866804179612,1.3216866804179612,0.99375,0.0,0.00625,0.0,1.79543756857734,4.902910832608522,0.96875,0.01654233085852627,0.0,0.0,0.0,0.0,0.0,1.0,1.0,0.0,0.0,0.0,0.0,0.975,1.1010806349160163,0.0,0.0,75.9371038749814,df9fee5ebfb7da29fc1dc11f0615b8783fdb1b7a78b07837917f8f10fb0226a6
source_assignment_competition,20000,cross_channel,1.1319097859192015,1.250445742206364,1.250445742206364,0.99375,0.0,0.00625,0.0,2.075869633689428,6.238646916893182,0.94375,0.020395028967858424,0.05625,0.0,1.0,0.0,0.0,0.9961223864480241,0.6277964860921036,0.0,0.0,0.0,0.0,0.96875,0.9218656775748316,0.0,0.0,17.60105699999258,e8445ea1e3ad07a6869b5e561874debc22dfe6c56efadfc25921105c313c148f
source_assignment_competition,20001,cross_channel,1.0315258234523113,1.186912939112069,1.186912939112069,0.99375,0.0,0.00625,0.0,1.60202688228753,4.567118062917917,0.9625,0.017550376742314862,0.0625,0.0,1.0,0.0,0.0,0.9950022627180388,0.7558542832948861,0.0,0.0,0.0,0.0,0.975,0.9326848770852726,0.0,0.0,17.948315874906257,fd16d8baddf44a8662b7ee53fe71ab3323716a2740d68199ff332a35560c6cc0
source_assignment_competition,20002,cross_channel,1.271725827755464,1.4095627581145418,1.4095627581145418,0.99375,0.0,0.00625,0.0,1.9617326668015167,5.6061715748871785,0.95625,0.02207037992049311,0.05625,0.0,1.0,0.0,0.0,0.9967739661365057,0.7516369425190798,0.0,0.0,0.0,0.0,0.975,1.2419646629238135,0.0,0.0,21.8438317081891,b549a091d72267f7ae0329f33fd261715f28a9a53262f72fbadd53eab00e38a2
source_assignment_competition,20003,cross_channel,0.9445444296339811,1.0602715516961816,1.0602715516961816,0.98125,0.0,0.01875,0.0,1.58200502166611,5.397086345374624,0.975,0.01855434163417281,0.08125,0.0,1.0,0.0,0.0,0.9962809165689098,0.799668393028067,0.0,0.0,0.0,0.0,0.96875,0.7297006951338417,0.0,0.0,17.25113816699013,3e91fd0768455dc0ccda1b5014712e51a6d42f2ec6e08ed3bb377fea8f895a7a
source_assignment_competition,20004,cross_channel,1.0337599798948065,1.1578282020602777,1.1578282020602777,0.9875,0.0,0.0125,0.0,1.5839060811563919,5.088919701076082,0.975,0.017633710954936314,0.0875,0.0,1.0,0.0,0.0,0.995688947854996,0.6099662186680006,0.0,0.0,0.0,0.0,0.975,0.9241717486259835,0.0,0.0,18.8954810409341,e012f23ba6384222b88dae483154c25221e40665c9e05cab9322ff4b214dca86
source_assignment_competition,20005,cross_channel,0.9384766742232854,1.0555587897395016,1.0555587897395016,1.0,0.0,0.0,0.0,1.562999883050297,4.523304146083628,0.98125,0.01284082851841006,0.0625,0.0,1.0,0.0,0.0,0.9968214759181684,0.8216841117724354,0.0,0.0,0.0,0.0,0.96875,0.6939535612136707,0.0,0.0,19.806557416915894,49436d9e0f30602136767952aadf0deb5b118e474cf2991718d557e4d8409d0c
source_assignment_competition,20006,cross_channel,1.067391285175685,1.2019001148486548,1.2019001148486548,1.0,0.0,0.0,0.0,1.7003382708200054,5.345803112625479,0.9625,0.01558598218033384,0.04375,0.0,0.99375,0.0,0.0,0.9968905403939212,0.6720833669703135,0.0,0.0,0.0,0.0,0.9625,1.0260245171141293,0.0,0.0,19.582573167048395,878cd14452230db40826d1bfe837a91579da316ad5764bc22c23862c27ad26c4
source_assignment_competition,20007,cross_channel,1.0136590315687957,1.136633321384459,1.136633321384459,1.0,0.0,0.0,0.0,1.777714321632701,5.51340652473867,0.9625,0.02046513552262228,0.06875,0.0,1.0,0.0,0.0,0.9977663969685316,0.8751862941990016,0.0,0.0,0.0,0.0,0.96875,0.8057976706091324,0.0,0.0,18.198815500130877,f597bb3afe5cec48a2d0afbff200573780f337595d9a6294327474d8e355e895
source_assignment_competition,20008,cross_channel,0.9497580828096381,1.0597770883566107,1.0597770883566107,0.975,0.0,0.025,0.0,1.4217442902755413,4.612537365104214,0.98125,0.021740207522660725,0.06875,0.0,1.0,0.0,0.0,0.9958397306970156,0.8429463465185474,0.0,0.0,0.0,0.0,0.95625,0.9813501395311489,0.0,0.0,19.707737082848325,5450b8578ca23b7a63fadcbb0017ef6a3b11033425a1ab387f3b6568d1938d91
source_assignment_competition,20009,cross_channel,1.1475746724439186,1.2695041734131745,1.2695041734131745,0.98125,0.0,0.01875,0.0,1.759932301485454,4.386448681312786,0.98125,0.022001462867417373,0.0875,0.0,1.0,0.0,0.0,0.9958878852217008,0.7308667230829655,0.0,0.0,0.0,0.0,0.975,1.067454478938838,0.0,0.0,19.51537804096006,551b5c10614a27973e2fe3cdfbf0f6b407d4d12783aad6b782e47e3cd865433c
source_assignment_competition,20010,cross_channel,1.0063376342001107,1.156600024551321,1.156600024551321,0.98125,0.0,0.01875,0.0,1.6257230283053263,5.6226871153474995,0.95,0.017228018680770858,0.0375,0.0,1.0,0.0,0.0,0.998860904172376,0.8484066404146724,0.0,0.0,0.0,0.0,0.975,0.9037843953079001,0.0,0.0,16.40278408303857,8a9968538d0252226c6c01ddca13725526c2403121d5ec276a547b8f099367ab
source_assignment_competition,20011,cross_channel,0.9369588202050085,1.0934929097455877,1.0934929097455877,0.99375,0.0,0.00625,0.0,1.55632958629302,5.4596577758159945,0.96875,0.02013670903884126,0.05,0.0,1.0,0.0,0.0,0.9975409794962447,0.8419171506071025,0.0,0.0,0.0,0.0,0.96875,0.7951573102764513,0.0,0.0,20.30616575013846,31ddb056131ad9b37b2d0cc47de962370cc3f84fa71a481140925fc1eca7ca5f
source_assignment_competition,20012,cross_channel,0.920135233506589,1.0068842715252826,1.0068842715252826,0.975,0.0,0.025,0.0,1.27278694470277,3.6574560172643675,1.0,0.022458228266460076,0.0875,0.0,1.0,0.0,0.0,0.9965817919973592,0.7881400987076234,0.0,0.0,0.0,0.0,0.975,0.7698982242147526,0.0,0.0,17.063910082913935,b9736999ac67fb8766cfb1ff75650403c641946596ce14ec5bba7d4c5689830c
source_assignment_competition,20013,cross_channel,1.0409293143970042,1.1736738178441963,1.1736738178441963,1.0,0.0,0.0,0.0,1.8695889744843157,5.378719406362808,0.95625,0.02201793442720205,0.05625,0.0,1.0,0.0,0.0,0.9972057906916844,0.7436861340977186,0.0,0.0,0.0,0.0,0.975,0.8825241136058128,0.0,0.0,16.875972083071247,842ae956edb30f601986363dfed79b2f0c8f31d452c5e47a52f84de7d11982da
source_assignment_competition,20014,cross_channel,0.9673909609776548,1.0735704100193668,1.0735704100193668,0.9875,0.0,0.0125,0.0,1.4585832927721014,3.996678606721112,0.98125,0.023199669011153935,0.0375,0.0,1.0,0.0,0.0,0.9972165670863895,0.6971661558107061,0.0,0.0,0.0,0.0,0.96875,0.8566989657853078,0.0,0.0,17.181236000033095,b6350d8113d4448056ebf9007f9af44aab90ee8192d3e2322bc67a297ee6ecea
source_assignment_competition,20015,cross_channel,1.0164043321441654,1.142141119830659,1.142141119830659,1.0,0.0,0.0,0.0,1.6072574162149589,4.937887823266133,0.98125,0.01852537527185143,0.0625,0.0,1.0,0.0,0.0,0.9970713858027711,0.7267637851617719,0.0,0.0,0.0,0.0,0.9625,0.9331479780644859,0.0,0.0,17.815710291964933,2ddb31c5d26faa0823329f570996f0a3d169af8ec8a7e72150ea3b10363700a9
source_assignment_competition,20016,cross_channel,0.9587120568641817,1.0750751181116893,1.0750751181116893,1.0,0.0,0.0,0.0,1.3659853526640535,3.958937204756719,0.9875,0.02250696418134443,0.05,0.0,1.0,0.0,0.0,0.9980958337951767,0.853909304841993,0.0,0.0,0.0,0.0,0.975,1.091106666226441,0.0,0.0,17.188033832935616,0cec7b46d8ee83efb939fa07abd4b2e5bc5ef5e5e84b4899f2e5cffff80c71d7
source_assignment_competition,20017,cross_channel,1.0923422278679715,1.2132059959494186,1.2132059959494186,0.99375,0.0,0.00625,0.0,1.6329038896586527,3.894845475456048,0.98125,0.01845819825649104,0.0625,0.0,1.0,0.0,0.0,0.9974142851482956,0.8347943726629885,0.0,0.0,0.0,0.0,0.975,1.0284866769509855,0.0,0.0,20.470122250029817,b555cb3deaf7df04229c2201b7e55d2980a8190d125b2d164eba5cb0f035f6b7
source_assignment_competition,20018,cross_channel,1.14762293863661,1.2981083729943053,1.2981083729943053,0.9625,0.0,0.0375,0.0,1.8027651021403268,6.0063983128457155,0.95,0.022245383230758344,0.06875,0.0,0.99375,0.0,0.0,0.9954854925473233,0.6383579171778381,0.0,0.0,0.0,0.0,0.975,1.0966911384956963,0.0,0.0,18.507333167130128,5593702ce4867670c13b728196f3fe7a3610bba40042a8b5e79d4e417238478c
source_assignment_competition,20019,cross_channel,1.1957393406689363,1.3306428569025484,1.3306428569025484,0.975,0.0,0.025,0.0,1.8700051708472443,5.423172954475621,0.95625,0.024181952097195657,0.1125,0.0,1.0,0.0,0.0,0.994911969115061,0.6983247602569563,0.0,0.0,0.0,0.0,0.975,1.0749619007338904,0.0,0.0,18.834750833222643,6e3cd8a39b73946ddc7018c274f8f74500816d1dd149ab3346d6d9bacaecc818
source_assignment_competition,20020,cross_channel,0.9915483681903817,1.1023220972419043,1.1023220972419043,0.9875,0.0,0.0125,0.0,1.4179586244499656,4.771168906993421,0.99375,0.01923558572947138,0.05,0.0,1.0,0.0,0.0,0.9979782473920444,0.7717901460712427,0.0,0.0,0.0,0.0,0.96875,1.0599047143909874,0.0,0.0,18.716959291836247,df9ed59e2c4690ea44755e43b5447778c39de2cbbc9adafa03420800eaf2828d
source_assignment_competition,20021,cross_channel,0.9446725694927313,1.1127677000997072,1.1127677000997072,1.0,0.0,0.0,0.0,1.5221385862389227,4.798423158492493,0.9875,0.01038231096411719,0.04375,0.0,0.99375,0.0,0.0,0.9983475733453361,0.8594652220637385,0.0,0.0,0.0,0.0,0.975,0.739545559721588,0.0,0.0,15.808533709030598,61a971ec2035f3c71886db82bf2754484c17a4f8521924205548079b8f5dc2c2
source_assignment_competition,20022,cross_channel,1.0167724938073939,1.1270966428490716,1.1270966428490716,0.9875,0.0,0.0125,0.0,1.663176205110209,4.1194675428852205,0.975,0.02458244696601141,0.0625,0.0,1.0,0.0,0.0,0.996307811982651,0.7007720173187253,0.0,0.0,0.0,0.0,0.975,0.8543839647045377,0.0,0.0,17.810406166128814,3535134ad65e1715f659b2fa6b5d8099d59007680a9d7e36c835b9d0b31e5c97
source_assignment_competition,20023,cross_channel,1.0734647079157749,1.2061928348616116,1.2061928348616116,1.0,0.0,0.0,0.0,1.5084979694899023,4.484740223145756,0.9875,0.014360003871049997,0.04375,0.0,1.0,0.0,0.0,0.9983924950211321,0.8965012463483053,0.0,0.0,0.0,0.0,0.975,1.0994689384136493,0.0,0.0,16.36680525005795,3c8293f0f6f079825556f0db081ff68ad367c3ca8d8329fa81587715933be6c4
source_assignment_competition,20024,cross_channel,1.0500121390204675,1.1881198848401175,1.1881198848401175,0.9875,0.0,0.0125,0.0,1.5391814753047413,4.035165436359478,0.9875,0.0175282079341257,0.04375,0.0,1.0,0.0,0.0,0.998598644434104,0.9104937690013856,0.0,0.0,0.0,0.0,0.9625,1.0259215950870613,0.0,0.0,17.447481082985178,3f4a0c45dd4834e547207229732b773e46d44e857ecb5665c621933c481299cd
source_assignment_competition,20025,cross_channel,1.1747755151798436,1.2900345866283414,1.2900345866283414,0.98125,0.0,0.01875,0.0,1.9801918874642248,5.566791656610476,0.95625,0.022028314671922428,0.06875,0.0,1.0,0.0,0.0,0.9947617917689904,0.653020821804545,0.0,0.0,0.0,0.0,0.975,0.864144653186487,0.0,0.0,18.967315291054547,85156c67fec5ebdaa4237cc4b88a15e935aa999cd47f6a8d2cfb63aa4544c6c3
source_assignment_competition,20026,cross_channel,1.1140366965074087,1.2485264016736626,1.2485264016736626,0.975,0.0,0.025,0.0,1.7293646377317309,4.8010511209416125,0.98125,0.018692846879265,0.04375,0.0,1.0,0.0,0.0,0.9975683476472789,0.8336241318546156,0.0,0.0,0.0,0.0,0.975,0.9938053771941309,0.0,0.0,18.76514875004068,1eb7b0e34080bdce384b5dc24120803a1e4b80ba4287aab7fd7e54b32bb30c65
source_assignment_competition,20027,cross_channel,0.9708156798020859,1.1013321021704703,1.1013321021704703,0.99375,0.0,0.00625,0.0,1.5235986546496478,4.984942097744289,0.96875,0.01659236045194049,0.0625,0.0,1.0,0.0,0.0,0.9992851093574597,0.8739953488066348,0.0,0.0,0.0,0.0,0.975,0.8273001234766788,0.0,0.0,19.422696000197902,9d30f483e35ef8bd7e695a89dfb281bbd66f9aa4f143e62ffb297fa153f60428
source_assignment_competition,20028,cross_channel,0.8699693621254314,0.9764479498783948,0.9764479498783948,1.0,0.0,0.0,0.0,1.2110261158476212,3.4925726629828637,0.99375,0.015825637727653538,0.0375,0.0,1.0,0.0,0.0,0.9958020187744022,0.7351574612765214,0.0,0.0,0.0,0.0,0.975,0.8436484064141588,0.0,0.0,19.96112266695127,3f8b2d7a627f88d1d2e7239dfbecb289d8065a565ea2cb04b032d4f66b206a81
source_assignment_competition,20029,cross_channel,1.0331029757781844,1.1510654557015305,1.1510654557015305,1.0,0.0,0.0,0.0,1.5641041081210127,4.629753609068142,0.98125,0.013877362038796512,0.05,0.0,1.0,0.0,0.0,0.9980633368315646,0.7966013887269434,0.0,0.0,0.0,0.0,0.9625,1.0439387726154217,0.0,0.0,16.674606792163104,c45d2f80e6e6d90f2f448d8d0fce2be0d9c5312c1908a3e9e4fc44fd5f08f7f3
source_assignment_competition,20030,cross_channel,1.1014977009321663,1.2628542832464396,1.2628542832464396,0.99375,0.0,0.00625,0.0,1.7836961274263405,5.864257781541368,0.95,0.018579623091496585,0.08125,0.0,1.0,0.0,0.0,0.9969996680859646,0.7888107910581578,0.0,0.0,0.0,0.0,0.9625,0.9304927413099506,0.0,0.0,20.618570750113577,a4c58abe7852567aea5f2d342324eb76e9e7e0b108447afd225c895cc452aff3
source_assignment_competition,20031,cross_channel,0.9704285444228435,1.0911202459575076,1.0911202459575076,1.0,0.0,0.0,0.0,1.4638371290322083,4.644559860062936,0.975,0.011821303342327335,0.05,0.0,1.0,0.0,0.0,0.9981985448358927,0.7972840493238856,0.0,0.0,0.0,0.0,0.9625,0.8622414248210237,0.0,0.0,16.809253874933347,61a8f6386ef106fae057c29675544bd031daa3189b305c7a87932368186ac28f
source_assignment_competition,20032,cross_channel,1.048075742640051,1.1925342932341425,1.1925342932341425,1.0,0.0,0.0,0.0,1.62222757400917,4.866065545916664,0.98125,0.017545941324945597,0.0625,0.0,1.0,0.0,0.0,0.9980731435273217,0.7891053380037611,0.0,0.0,0.0,0.0,0.975,0.9553959508205064,0.0,0.0,16.76828550011851,43f09ac37e8455fcfda7d28036ff83dfd9ba4dbf1c3230ad8a0cebbd70a5502a
source_assignment_competition,20033,cross_channel,1.1346580872730279,1.2633103642946986,1.2633103642946986,0.98125,0.0,0.01875,0.0,1.3962917231284604,3.6558828326265886,1.0,0.016981134712909286,0.08125,0.0,1.0,0.0,0.0,0.9945562664107769,0.55,0.0,0.0,0.0,0.0,0.975,1.3669785658260967,0.0,0.0,25.131074166856706,d14fb22cee74404c9598f8132b965ffe09678211c6f2d26f99ecad2fa0b2eb88
source_assignment_competition,20034,cross_channel,1.0409942333382847,1.2078886281829817,1.2078886281829817,1.0,0.0,0.0,0.0,1.6749100805681985,4.583643084319154,0.96875,0.01752681664772058,0.05,0.0,1.0,0.0,0.0,0.9983114890541757,0.8863006586051415,0.0,0.0,0.0,0.0,0.96875,0.9955246546162521,0.0,0.0,33.171480250079185,d4d4deee6938118671ca91f00ca5790a639d490a77e508af27883898d77ccf8b
source_assignment_competition,20035,cross_channel,1.1260570313010327,1.265224917943137,1.265224917943137,1.0,0.0,0.0,0.0,1.9762914303056014,5.275050664546783,0.9625,0.017564634611396773,0.06875,0.0,1.0,0.0,0.0,0.9958997731345821,0.853796864197697,0.0,0.0,0.0,0.0,0.9625,0.8820619562212346,0.0,0.0,33.87555691599846,d5bf742599689050e3b226b0d33c0d307cb50b01c34980ea911866e7daeb0483
source_assignment_competition,20036,cross_channel,1.1747021754250357,1.3168646676842755,1.3168646676842755,0.98125,0.0,0.01875,0.0,1.6329626926119853,4.875988747343124,0.99375,0.01766767998018911,0.075,0.0,0.99375,0.0,0.0,0.9972659590558062,0.8453267793868595,0.0,0.0,0.0,0.0,0.96875,1.3130742306338754,0.0,0.0,57.45353579195216,9a2302257b4532d1edaded9fd9c8148af498a0c0b1784e2b55852bfcc206b7bc
source_assignment_competition,20037,cross_channel,1.0176053360187804,1.1467525137038512,1.1467525137038512,0.98125,0.0,0.01875,0.0,1.607476943926883,5.195570840110471,0.98125,0.019303878676038423,0.075,0.0,1.0,0.0,0.0,0.9965305930823014,0.88183457564397,0.0,0.0,0.0,0.0,0.96875,0.9008090778724871,0.0,0.0,48.87513200007379,eff4c83d0cd843872ec2edc595a210d7630aaa0f4a20f5a963625a85415a4144
source_assignment_competition,20038,cross_channel,0.9658872644095947,1.0935455564767669,1.0935455564767669,1.0,0.0,0.0,0.0,1.2987883463533965,3.986624616902049,0.99375,0.011450736691108524,0.05,0.0,1.0,0.0,0.0,0.997525006616868,0.8194956475636177,0.0,0.0,0.0,0.0,0.96875,1.1391115529871125,0.0,0.0,76.41840241686441,8c64117af079fb21ef87051104ae5c1752a146ea66e7f5c4392133d2b6687493
source_assignment_competition,20039,cross_channel,1.1540971873261416,1.3216866804179612,1.3216866804179612,0.99375,0.0,0.00625,0.0,1.79543756857734,4.902910832608522,0.96875,0.01654233085852627,0.05,0.0,1.0,0.0,0.0,0.9969420761490166,0.7984491269955388,0.0,0.0,0.0,0.0,0.975,1.1010806349160163,0.0,0.0,75.9371038749814,df9fee5ebfb7da29fc1dc11f0615b8783fdb1b7a78b07837917f8f10fb0226a6
source_assignment_competition,20000,ramp_rate,1.1319097859192015,1.250445742206364,1.250445742206364,0.99375,0.0,0.00625,0.0,2.075869633689428,6.238646916893182,0.94375,0.020395028967858424,0.05625,0.0,1.0,0.0,0.0,1.0,1.0,0.0,0.0,0.0,0.0,0.96875,0.9218656775748316,0.0,0.0,17.60105699999258,e8445ea1e3ad07a6869b5e561874debc22dfe6c56efadfc25921105c313c148f
source_assignment_competition,20001,ramp_rate,1.0315258234523113,1.186912939112069,1.186912939112069,0.99375,0.0,0.00625,0.0,1.60202688228753,4.567118062917917,0.9625,0.017550376742314862,0.0625,0.0,1.0,0.0,0.0,1.0,1.0,0.0,0.0,0.0,0.0,0.975,0.9326848770852726,0.0,0.0,17.948315874906257,fd16d8baddf44a8662b7ee53fe71ab3323716a2740d68199ff332a35560c6cc0
source_assignment_competition,20002,ramp_rate,1.271725827755464,1.4095627581145418,1.4095627581145418,0.99375,0.0,0.00625,0.0,1.9617326668015167,5.6061715748871785,0.95625,0.02207037992049311,0.05625,0.0,1.0,0.0,0.0,1.0,1.0,0.0,0.0,0.0,0.0,0.975,1.2419646629238135,0.0,0.0,21.8438317081891,b549a091d72267f7ae0329f33fd261715f28a9a53262f72fbadd53eab00e38a2
source_assignment_competition,20003,ramp_rate,0.9445444296339811,1.0602715516961816,1.0602715516961816,0.98125,0.0,0.01875,0.0,1.58200502166611,5.397086345374624,0.975,0.01855434163417281,0.08125,0.0,1.0,0.0,0.0,1.0,1.0,0.0,0.0,0.0,0.0,0.96875,0.7297006951338417,0.0,0.0,17.25113816699013,3e91fd0768455dc0ccda1b5014712e51a6d42f2ec6e08ed3bb377fea8f895a7a
source_assignment_competition,20004,ramp_rate,1.0337599798948065,1.1578282020602777,1.1578282020602777,0.9875,0.0,0.0125,0.0,1.5839060811563919,5.088919701076082,0.975,0.017633710954936314,0.0875,0.0,1.0,0.0,0.0,1.0,1.0,0.0,0.0,0.0,0.0,0.975,0.9241717486259835,0.0,0.0,18.8954810409341,e012f23ba6384222b88dae483154c25221e40665c9e05cab9322ff4b214dca86
source_assignment_competition,20005,ramp_rate,0.9384766742232854,1.0555587897395016,1.0555587897395016,1.0,0.0,0.0,0.0,1.562999883050297,4.523304146083628,0.98125,0.01284082851841006,0.0625,0.0,1.0,0.0,0.0,1.0,1.0,0.0,0.0,0.0,0.0,0.96875,0.6939535612136707,0.0,0.0,19.806557416915894,49436d9e0f30602136767952aadf0deb5b118e474cf2991718d557e4d8409d0c
source_assignment_competition,20006,ramp_rate,1.067391285175685,1.2019001148486548,1.2019001148486548,1.0,0.0,0.0,0.0,1.7003382708200054,5.345803112625479,0.9625,0.01558598218033384,0.04375,0.0,0.99375,0.0,0.0,1.0,1.0,0.0,0.0,0.0,0.0,0.9625,1.0260245171141293,0.0,0.0,19.582573167048395,878cd14452230db40826d1bfe837a91579da316ad5764bc22c23862c27ad26c4
source_assignment_competition,20007,ramp_rate,1.0136590315687957,1.136633321384459,1.136633321384459,1.0,0.0,0.0,0.0,1.777714321632701,5.51340652473867,0.9625,0.02046513552262228,0.06875,0.0,1.0,0.0,0.0,1.0,1.0,0.0,0.0,0.0,0.0,0.96875,0.8057976706091324,0.0,0.0,18.198815500130877,f597bb3afe5cec48a2d0afbff200573780f337595d9a6294327474d8e355e895
source_assignment_competition,20008,ramp_rate,0.9497580828096381,1.0597770883566107,1.0597770883566107,0.975,0.0,0.025,0.0,1.4217442902755413,4.612537365104214,0.98125,0.021740207522660725,0.06875,0.0,1.0,0.0,0.0,1.0,1.0,0.0,0.0,0.0,0.0,0.95625,0.9813501395311489,0.0,0.0,19.707737082848325,5450b8578ca23b7a63fadcbb0017ef6a3b11033425a1ab387f3b6568d1938d91
source_assignment_competition,20009,ramp_rate,1.1475746724439186,1.2695041734131745,1.2695041734131745,0.98125,0.0,0.01875,0.0,1.759932301485454,4.386448681312786,0.98125,0.022001462867417373,0.0875,0.0,1.0,0.0,0.0,1.0,1.0,0.0,0.0,0.0,0.0,0.975,1.067454478938838,0.0,0.0,19.51537804096006,551b5c10614a27973e2fe3cdfbf0f6b407d4d12783aad6b782e47e3cd865433c
source_assignment_competition,20010,ramp_rate,1.0063376342001107,1.156600024551321,1.156600024551321,0.98125,0.0,0.01875,0.0,1.6257230283053263,5.6226871153474995,0.95,0.017228018680770858,0.0375,0.0,1.0,0.0,0.0,1.0,1.0,0.0,0.0,0.0,0.0,0.975,0.9037843953079001,0.0,0.0,16.40278408303857,8a9968538d0252226c6c01ddca13725526c2403121d5ec276a547b8f099367ab
source_assignment_competition,20011,ramp_rate,0.9369588202050085,1.0934929097455877,1.0934929097455877,0.99375,0.0,0.00625,0.0,1.55632958629302,5.4596577758159945,0.96875,0.02013670903884126,0.05,0.0,1.0,0.0,0.0,1.0,1.0,0.0,0.0,0.0,0.0,0.96875,0.7951573102764513,0.0,0.0,20.30616575013846,31ddb056131ad9b37b2d0cc47de962370cc3f84fa71a481140925fc1eca7ca5f
source_assignment_competition,20012,ramp_rate,0.920135233506589,1.0068842715252826,1.0068842715252826,0.975,0.0,0.025,0.0,1.27278694470277,3.6574560172643675,1.0,0.022458228266460076,0.0875,0.0,1.0,0.0,0.0,1.0,1.0,0.0,0.0,0.0,0.0,0.975,0.7698982242147526,0.0,0.0,17.063910082913935,b9736999ac67fb8766cfb1ff75650403c641946596ce14ec5bba7d4c5689830c
source_assignment_competition,20013,ramp_rate,1.0409293143970042,1.1736738178441963,1.1736738178441963,1.0,0.0,0.0,0.0,1.8695889744843157,5.378719406362808,0.95625,0.02201793442720205,0.05625,0.0,1.0,0.0,0.0,1.0,1.0,0.0,0.0,0.0,0.0,0.975,0.8825241136058128,0.0,0.0,16.875972083071247,842ae956edb30f601986363dfed79b2f0c8f31d452c5e47a52f84de7d11982da
source_assignment_competition,20014,ramp_rate,0.9673909609776548,1.0735704100193668,1.0735704100193668,0.9875,0.0,0.0125,0.0,1.4585832927721014,3.996678606721112,0.98125,0.023199669011153935,0.0375,0.0,1.0,0.0,0.0,1.0,1.0,0.0,0.0,0.0,0.0,0.96875,0.8566989657853078,0.0,0.0,17.181236000033095,b6350d8113d4448056ebf9007f9af44aab90ee8192d3e2322bc67a297ee6ecea
source_assignment_competition,20015,ramp_rate,1.0164043321441654,1.142141119830659,1.142141119830659,1.0,0.0,0.0,0.0,1.6072574162149589,4.937887823266133,0.98125,0.01852537527185143,0.0625,0.0,1.0,0.0,0.0,1.0,1.0,0.0,0.0,0.0,0.0,0.9625,0.9331479780644859,0.0,0.0,17.815710291964933,2ddb31c5d26faa0823329f570996f0a3d169af8ec8a7e72150ea3b10363700a9
source_assignment_competition,20016,ramp_rate,0.9587120568641817,1.0750751181116893,1.0750751181116893,1.0,0.0,0.0,0.0,1.3659853526640535,3.958937204756719,0.9875,0.02250696418134443,0.05,0.0,1.0,0.0,0.0,1.0,1.0,0.0,0.0,0.0,0.0,0.975,1.091106666226441,0.0,0.0,17.188033832935616,0cec7b46d8ee83efb939fa07abd4b2e5bc5ef5e5e84b4899f2e5cffff80c71d7
source_assignment_competition,20017,ramp_rate,1.0923422278679715,1.2132059959494186,1.2132059959494186,0.99375,0.0,0.00625,0.0,1.6329038896586527,3.894845475456048,0.98125,0.01845819825649104,0.0625,0.0,1.0,0.0,0.0,1.0,1.0,0.0,0.0,0.0,0.0,0.975,1.0284866769509855,0.0,0.0,20.470122250029817,b555cb3deaf7df04229c2201b7e55d2980a8190d125b2d164eba5cb0f035f6b7
source_assignment_competition,20018,ramp_rate,1.14762293863661,1.2981083729943053,1.2981083729943053,0.9625,0.0,0.0375,0.0,1.8027651021403268,6.0063983128457155,0.95,0.022245383230758344,0.06875,0.0,0.99375,0.0,0.0,1.0,1.0,0.0,0.0,0.0,0.0,0.975,1.0966911384956963,0.0,0.0,18.507333167130128,5593702ce4867670c13b728196f3fe7a3610bba40042a8b5e79d4e417238478c
source_assignment_competition,20019,ramp_rate,1.1957393406689363,1.3306428569025484,1.3306428569025484,0.975,0.0,0.025,0.0,1.8700051708472443,5.423172954475621,0.95625,0.024181952097195657,0.1125,0.0,1.0,0.0,0.0,1.0,1.0,0.0,0.0,0.0,0.0,0.975,1.0749619007338904,0.0,0.0,18.834750833222643,6e3cd8a39b73946ddc7018c274f8f74500816d1dd149ab3346d6d9bacaecc818
source_assignment_competition,20020,ramp_rate,0.9915483681903817,1.1023220972419043,1.1023220972419043,0.9875,0.0,0.0125,0.0,1.4179586244499656,4.771168906993421,0.99375,0.01923558572947138,0.05,0.0,1.0,0.0,0.0,1.0,1.0,0.0,0.0,0.0,0.0,0.96875,1.0599047143909874,0.0,0.0,18.716959291836247,df9ed59e2c4690ea44755e43b5447778c39de2cbbc9adafa03420800eaf2828d
source_assignment_competition,20021,ramp_rate,0.9446725694927313,1.1127677000997072,1.1127677000997072,1.0,0.0,0.0,0.0,1.5221385862389227,4.798423158492493,0.9875,0.01038231096411719,0.04375,0.0,0.99375,0.0,0.0,1.0,1.0,0.0,0.0,0.0,0.0,0.975,0.739545559721588,0.0,0.0,15.808533709030598,61a971ec2035f3c71886db82bf2754484c17a4f8521924205548079b8f5dc2c2
source_assignment_competition,20022,ramp_rate,1.0167724938073939,1.1270966428490716,1.1270966428490716,0.9875,0.0,0.0125,0.0,1.663176205110209,4.1194675428852205,0.975,0.02458244696601141,0.0625,0.0,1.0,0.0,0.0,1.0,1.0,0.0,0.0,0.0,0.0,0.975,0.8543839647045377,0.0,0.0,17.810406166128814,3535134ad65e1715f659b2fa6b5d8099d59007680a9d7e36c835b9d0b31e5c97
source_assignment_competition,20023,ramp_rate,1.0734647079157749,1.2061928348616116,1.2061928348616116,1.0,0.0,0.0,0.0,1.5084979694899023,4.484740223145756,0.9875,0.014360003871049997,0.04375,0.0,1.0,0.0,0.0,1.0,1.0,0.0,0.0,0.0,0.0,0.975,1.0994689384136493,0.0,0.0,16.36680525005795,3c8293f0f6f079825556f0db081ff68ad367c3ca8d8329fa81587715933be6c4
source_assignment_competition,20024,ramp_rate,1.0500121390204675,1.1881198848401175,1.1881198848401175,0.9875,0.0,0.0125,0.0,1.5391814753047413,4.035165436359478,0.9875,0.0175282079341257,0.04375,0.0,1.0,0.0,0.0,1.0,1.0,0.0,0.0,0.0,0.0,0.9625,1.0259215950870613,0.0,0.0,17.447481082985178,3f4a0c45dd4834e547207229732b773e46d44e857ecb5665c621933c481299cd
source_assignment_competition,20025,ramp_rate,1.1747755151798436,1.2900345866283414,1.2900345866283414,0.98125,0.0,0.01875,0.0,1.9801918874642248,5.566791656610476,0.95625,0.022028314671922428,0.06875,0.0,1.0,0.0,0.0,1.0,1.0,0.0,0.0,0.0,0.0,0.975,0.864144653186487,0.0,0.0,18.967315291054547,85156c67fec5ebdaa4237cc4b88a15e935aa999cd47f6a8d2cfb63aa4544c6c3
source_assignment_competition,20026,ramp_rate,1.1140366965074087,1.2485264016736626,1.2485264016736626,0.975,0.0,0.025,0.0,1.7293646377317309,4.8010511209416125,0.98125,0.018692846879265,0.04375,0.0,1.0,0.0,0.0,1.0,1.0,0.0,0.0,0.0,0.0,0.975,0.9938053771941309,0.0,0.0,18.76514875004068,1eb7b0e34080bdce384b5dc24120803a1e4b80ba4287aab7fd7e54b32bb30c65
source_assignment_competition,20027,ramp_rate,0.9708156798020859,1.1013321021704703,1.1013321021704703,0.99375,0.0,0.00625,0.0,1.5235986546496478,4.984942097744289,0.96875,0.01659236045194049,0.0625,0.0,1.0,0.0,0.0,1.0,1.0,0.0,0.0,0.0,0.0,0.975,0.8273001234766788,0.0,0.0,19.422696000197902,9d30f483e35ef8bd7e695a89dfb281bbd66f9aa4f143e62ffb297fa153f60428
source_assignment_competition,20028,ramp_rate,0.8699693621254314,0.9764479498783948,0.9764479498783948,1.0,0.0,0.0,0.0,1.2110261158476212,3.4925726629828637,0.99375,0.015825637727653538,0.0375,0.0,1.0,0.0,0.0,1.0,1.0,0.0,0.0,0.0,0.0,0.975,0.8436484064141588,0.0,0.0,19.96112266695127,3f8b2d7a627f88d1d2e7239dfbecb289d8065a565ea2cb04b032d4f66b206a81
source_assignment_competition,20029,ramp_rate,1.0331029757781844,1.1510654557015305,1.1510654557015305,1.0,0.0,0.0,0.0,1.5641041081210127,4.629753609068142,0.98125,0.013877362038796512,0.05,0.0,1.0,0.0,0.0,1.0,1.0,0.0,0.0,0.0,0.0,0.9625,1.0439387726154217,0.0,0.0,16.674606792163104,c45d2f80e6e6d90f2f448d8d0fce2be0d9c5312c1908a3e9e4fc44fd5f08f7f3
source_assignment_competition,20030,ramp_rate,1.1014977009321663,1.2628542832464396,1.2628542832464396,0.99375,0.0,0.00625,0.0,1.7836961274263405,5.864257781541368,0.95,0.018579623091496585,0.08125,0.0,1.0,0.0,0.0,1.0,1.0,0.0,0.0,0.0,0.0,0.9625,0.9304927413099506,0.0,0.0,20.618570750113577,a4c58abe7852567aea5f2d342324eb76e9e7e0b108447afd225c895cc452aff3
source_assignment_competition,20031,ramp_rate,0.9704285444228435,1.0911202459575076,1.0911202459575076,1.0,0.0,0.0,0.0,1.4638371290322083,4.644559860062936,0.975,0.011821303342327335,0.05,0.0,1.0,0.0,0.0,1.0,1.0,0.0,0.0,0.0,0.0,0.9625,0.8622414248210237,0.0,0.0,16.809253874933347,61a8f6386ef106fae057c29675544bd031daa3189b305c7a87932368186ac28f
source_assignment_competition,20032,ramp_rate,1.048075742640051,1.1925342932341425,1.1925342932341425,1.0,0.0,0.0,0.0,1.62222757400917,4.866065545916664,0.98125,0.017545941324945597,0.0625,0.0,1.0,0.0,0.0,1.0,1.0,0.0,0.0,0.0,0.0,0.975,0.9553959508205064,0.0,0.0,16.76828550011851,43f09ac37e8455fcfda7d28036ff83dfd9ba4dbf1c3230ad8a0cebbd70a5502a
source_assignment_competition,20033,ramp_rate,1.1346580872730279,1.2633103642946986,1.2633103642946986,0.98125,0.0,0.01875,0.0,1.3962917231284604,3.6558828326265886,1.0,0.016981134712909286,0.08125,0.0,1.0,0.0,0.0,0.9978950570004403,0.55,0.0,0.0,0.0,0.0,0.975,1.3669785658260967,0.0,0.0,25.131074166856706,d14fb22cee74404c9598f8132b965ffe09678211c6f2d26f99ecad2fa0b2eb88
source_assignment_competition,20034,ramp_rate,1.0409942333382847,1.2078886281829817,1.2078886281829817,1.0,0.0,0.0,0.0,1.6749100805681985,4.583643084319154,0.96875,0.01752681664772058,0.05,0.0,1.0,0.0,0.0,1.0,1.0,0.0,0.0,0.0,0.0,0.96875,0.9955246546162521,0.0,0.0,33.171480250079185,d4d4deee6938118671ca91f00ca5790a639d490a77e508af27883898d77ccf8b
source_assignment_competition,20035,ramp_rate,1.1260570313010327,1.265224917943137,1.265224917943137,1.0,0.0,0.0,0.0,1.9762914303056014,5.275050664546783,0.9625,0.017564634611396773,0.06875,0.0,1.0,0.0,0.0,1.0,1.0,0.0,0.0,0.0,0.0,0.9625,0.8820619562212346,0.0,0.0,33.87555691599846,d5bf742599689050e3b226b0d33c0d307cb50b01c34980ea911866e7daeb0483
source_assignment_competition,20036,ramp_rate,1.1747021754250357,1.3168646676842755,1.3168646676842755,0.98125,0.0,0.01875,0.0,1.6329626926119853,4.875988747343124,0.99375,0.01766767998018911,0.075,0.0,0.99375,0.0,0.0,1.0,1.0,0.0,0.0,0.0,0.0,0.96875,1.3130742306338754,0.0,0.0,57.45353579195216,9a2302257b4532d1edaded9fd9c8148af498a0c0b1784e2b55852bfcc206b7bc
source_assignment_competition,20037,ramp_rate,1.0176053360187804,1.1467525137038512,1.1467525137038512,0.98125,0.0,0.01875,0.0,1.607476943926883,5.195570840110471,0.98125,0.019303878676038423,0.075,0.0,1.0,0.0,0.0,1.0,1.0,0.0,0.0,0.0,0.0,0.96875,0.9008090778724871,0.0,0.0,48.87513200007379,eff4c83d0cd843872ec2edc595a210d7630aaa0f4a20f5a963625a85415a4144
source_assignment_competition,20038,ramp_rate,0.9658872644095947,1.0935455564767669,1.0935455564767669,1.0,0.0,0.0,0.0,1.2987883463533965,3.986624616902049,0.99375,0.011450736691108524,0.05,0.0,1.0,0.0,0.0,1.0,1.0,0.0,0.0,0.0,0.0,0.96875,1.1391115529871125,0.0,0.0,76.41840241686441,8c64117af079fb21ef87051104ae5c1752a146ea66e7f5c4392133d2b6687493
source_assignment_competition,20039,ramp_rate,1.1540971873261416,1.3216866804179612,1.3216866804179612,0.99375,0.0,0.00625,0.0,1.79543756857734,4.902910832608522,0.96875,0.01654233085852627,0.05,0.0,1.0,0.0,0.0,1.0,1.0,0.0,0.0,0.0,0.0,0.975,1.1010806349160163,0.0,0.0,75.9371038749814,df9fee5ebfb7da29fc1dc11f0615b8783fdb1b7a78b07837917f8f10fb0226a6
source_assignment_competition,20000,influence_budget,1.1342964604779242,1.2529680912102676,1.2529680912102676,0.99375,0.0,0.00625,0.0,1.8891769672244068,5.146988592173922,0.9625,0.0183725856683629,0.05625,0.0,1.0,0.2875,0.0,1.0,1.0,0.7384778877041349,0.0,0.0,0.0,0.96875,0.9218656775748316,0.0,0.0,17.60105699999258,e8445ea1e3ad07a6869b5e561874debc22dfe6c56efadfc25921105c313c148f
source_assignment_competition,20001,influence_budget,0.9687168169980964,1.1183772587991636,1.1183772587991636,1.0,0.0,0.0,0.0,1.331998922460859,4.212103186312694,0.98125,0.015389073822710115,0.0625,0.0,1.0,0.29375,0.0,1.0,1.0,0.7584166711111542,0.0,0.0,0.0,0.975,0.9326848770852726,0.0,0.0,17.948315874906257,fd16d8baddf44a8662b7ee53fe71ab3323716a2740d68199ff332a35560c6cc0
source_assignment_competition,20002,influence_budget,1.2942308882525122,1.4489211023230262,1.447906524822964,0.99375,0.0,0.00625,0.0,1.6887284540001264,5.176075079413123,0.98125,0.018938520724439828,0.05625,0.0,1.0,0.35,0.0,1.0,1.0,0.7355382253861427,0.0,0.0,0.0,0.975,1.2419646629238135,0.0,0.0,21.8438317081891,b549a091d72267f7ae0329f33fd261715f28a9a53262f72fbadd53eab00e38a2
source_assignment_competition,20003,influence_budget,0.9945007053214605,1.1288985310807051,1.1288985310807051,0.98125,0.0,0.01875,0.0,1.59757170374615,5.3085787212603295,0.9625,0.017916283521853545,0.08125,0.0,1.0,0.29375,0.0,1.0,1.0,0.7434692572436721,0.0,0.0,0.0,0.96875,0.7297006951338417,0.0,0.0,17.25113816699013,3e91fd0768455dc0ccda1b5014712e51a6d42f2ec6e08ed3bb377fea8f895a7a
source_assignment_competition,20004,influence_budget,1.041222948118364,1.1421848031349222,1.1467751465168197,0.98125,0.0,0.01875,0.0,1.367301306052553,3.625331947120746,0.99375,0.016320722602614884,0.0875,0.0,1.0,0.3375,0.0,1.0,1.0,0.724139502172714,0.0,0.0,0.0,0.975,0.9241717486259835,0.0,0.0,18.8954810409341,e012f23ba6384222b88dae483154c25221e40665c9e05cab9322ff4b214dca86
source_assignment_competition,20005,influence_budget,1.0095050300814759,1.1676862272080142,1.1676862272080142,1.0,0.0,0.0,0.0,1.4252410620882334,4.2004118837946445,0.9875,0.01337940622208402,0.0625,0.0,1.0,0.4375,0.0,1.0,1.0,0.6417753448897167,0.0,0.0,0.0,0.96875,0.6939535612136707,0.0,0.0,19.806557416915894,49436d9e0f30602136767952aadf0deb5b118e474cf2991718d557e4d8409d0c
source_assignment_competition,20006,influence_budget,1.107723936395106,1.2388719232862164,1.2388719232862164,1.0,0.0,0.0,0.0,1.5669691327067508,4.134115961187882,0.9875,0.01211944075272455,0.04375,0.0,1.0,0.36875,0.0,1.0,1.0,0.7216667621992416,0.0,0.0,0.0,0.9625,1.0260245171141293,0.0,0.0,19.582573167048395,878cd14452230db40826d1bfe837a91579da316ad5764bc22c23862c27ad26c4
source_assignment_competition,20007,influence_budget,1.0410540709776854,1.1720779371738022,1.1720779371738022,1.0,0.0,0.0,0.0,1.694980034863549,5.022933523494448,0.98125,0.019504274033480075,0.06875,0.0,1.0,0.3125,0.0,1.0,1.0,0.7363652157249366,0.0,0.0,0.0,0.96875,0.8057976706091324,0.0,0.0,18.198815500130877,f597bb3afe5cec48a2d0afbff200573780f337595d9a6294327474d8e355e895
source_assignment_competition,20008,influence_budget,0.9812536693252522,1.1153075871624358,1.1153075871624358,0.99375,0.0,0.00625,0.0,1.3273751551362831,4.219233126550126,0.975,0.0163755426452807,0.06875,0.0,1.0,0.325,0.0,1.0,1.0,0.7229516069847437,0.0,0.0,0.0,0.95625,0.9813501395311489,0.0,0.0,19.707737082848325,5450b8578ca23b7a63fadcbb0017ef6a3b11033425a1ab387f3b6568d1938d91
source_assignment_competition,20009,influence_budget,1.197443837298108,1.3350855636721297,1.3350855636721297,1.0,0.0,0.0,0.0,1.786037561941995,4.930994892574085,0.975,0.019462232458667874,0.0875,0.0,1.0,0.30625,0.0,1.0,1.0,0.7408817660735167,0.0,0.0,0.0,0.975,1.067454478938838,0.0,0.0,19.51537804096006,551b5c10614a27973e2fe3cdfbf0f6b407d4d12783aad6b782e47e3cd865433c
source_assignment_competition,20010,influence_budget,1.0378134318732068,1.1576620155507042,1.1576620155507042,0.98125,0.0,0.01875,0.0,1.5091488119975107,5.018265372110202,0.9625,0.016662953375269435,0.0375,0.0,1.0,0.35,0.0,1.0,1.0,0.7254348100759781,0.0,0.0,0.0,0.975,0.9037843953079001,0.0,0.0,16.40278408303857,8a9968538d0252226c6c01ddca13725526c2403121d5ec276a547b8f099367ab
source_assignment_competition,20011,influence_budget,0.9461848646853653,1.1005794871798764,1.1005794871798764,1.0,0.0,0.0,0.0,1.3968778854954471,5.366057143687707,0.975,0.016077415543185338,0.05,0.0,1.0,0.34375,0.0,1.0,1.0,0.7021226358950694,0.0,0.0,0.0,0.96875,0.7951573102764513,0.0,0.0,20.30616575013846,31ddb056131ad9b37b2d0cc47de962370cc3f84fa71a481140925fc1eca7ca5f
source_assignment_competition,20012,influence_budget,0.9847809229301173,1.067708393835273,1.067708393835273,0.96875,0.0,0.03125,0.0,1.282979703441526,3.441317333768731,1.0,0.023055016035072647,0.0875,0.0,1.0,0.2375,0.0,1.0,1.0,0.7868723807784244,0.0,0.0,0.0,0.975,0.7698982242147526,0.0,0.0,17.063910082913935,b9736999ac67fb8766cfb1ff75650403c641946596ce14ec5bba7d4c5689830c
source_assignment_competition,20013,influence_budget,1.0787960018749643,1.2114051393210987,1.2114051393210987,1.0,0.0,0.0,0.0,1.794844006090726,4.863162573047356,0.96875,0.01823211473250686,0.05625,0.0,1.0,0.33125,0.0,1.0,1.0,0.7156064988604793,0.0,0.0,0.0,0.975,0.8825241136058128,0.0,0.0,16.875972083071247,842ae956edb30f601986363dfed79b2f0c8f31d452c5e47a52f84de7d11982da
source_assignment_competition,20014,influence_budget,1.00945464376961,1.1303361023309697,1.1303361023309697,0.99375,0.0,0.00625,0.0,1.4215789621720278,4.01220173936973,0.98125,0.021413696327672514,0.0375,0.0,1.0,0.29375,0.0,1.0,1.0,0.7534979267389941,0.0,0.0,0.0,0.96875,0.8566989657853078,0.0,0.0,17.181236000033095,b6350d8113d4448056ebf9007f9af44aab90ee8192d3e2322bc67a297ee6ecea
source_assignment_competition,20015,influence_budget,1.0494254120981428,1.190067209866134,1.190067209866134,1.0,0.0,0.0,0.0,1.5946723132390408,5.153865969307063,0.98125,0.0148594959410298,0.0625,0.0,1.0,0.2875,0.0,1.0,1.0,0.7596720014417201,0.0,0.0,0.0,0.9625,0.9331479780644859,0.0,0.0,17.815710291964933,2ddb31c5d26faa0823329f570996f0a3d169af8ec8a7e72150ea3b10363700a9
source_assignment_competition,20016,influence_budget,0.9580488677854152,1.0702511746184251,1.0702511746184251,1.0,0.0,0.0,0.0,1.216921737915368,3.335622580781703,0.99375,0.019184793354803848,0.05,0.0,1.0,0.275,0.0,1.0,1.0,0.7688433926921882,0.0,0.0,0.0,0.975,1.091106666226441,0.0,0.0,17.188033832935616,0cec7b46d8ee83efb939fa07abd4b2e5bc5ef5e5e84b4899f2e5cffff80c71d7
source_assignment_competition,20017,influence_budget,1.0836743484937732,1.1993892267218256,1.1993892267218256,1.0,0.0,0.0,0.0,1.4525790460834913,4.1272160636108435,0.9875,0.016271356361542734,0.0625,0.0,1.0,0.2875,0.0,1.0,1.0,0.7607714909364931,0.0,0.0,0.0,0.975,1.0284866769509855,0.0,0.0,20.470122250029817,b555cb3deaf7df04229c2201b7e55d2980a8190d125b2d164eba5cb0f035f6b7
source_assignment_competition,20018,influence_budget,1.243576060624849,1.393093969873244,1.393093969873244,0.96875,0.0,0.03125,0.0,1.755733381114031,4.917419001898331,0.9625,0.020881717437532237,0.06875,0.0,0.99375,0.375,0.0,1.0,1.0,0.676319522546731,0.0,0.0,0.0,0.975,1.0966911384956963,0.0,0.0,18.507333167130128,5593702ce4867670c13b728196f3fe7a3610bba40042a8b5e79d4e417238478c
source_assignment_competition,20019,influence_budget,1.1876821769674943,1.35451088204829,1.35451088204829,0.9875,0.0,0.0125,0.0,1.7710261803177396,5.496869879668495,0.95,0.020011310410770682,0.1125,0.0,1.0,0.2625,0.0,1.0,1.0,0.7840237475335653,0.0,0.0,0.0,0.975,1.0749619007338904,0.0,0.0,18.834750833222643,6e3cd8a39b73946ddc7018c274f8f74500816d1dd149ab3346d6d9bacaecc818
source_assignment_competition,20020,influence_budget,1.060848899170301,1.1717166390073512,1.1717166390073512,0.9875,0.0,0.0125,0.0,1.4302194739300322,4.221442391794209,0.9875,0.01936017071317226,0.05,0.0,1.0,0.275,0.0,1.0,1.0,0.7511225037911794,0.0,0.0,0.0,0.96875,1.0599047143909874,0.0,0.0,18.716959291836247,df9ed59e2c4690ea44755e43b5447778c39de2cbbc9adafa03420800eaf2828d
source_assignment_competition,20021,influence_budget,0.9444012283458587,1.0935463103997973,1.0935463103997973,1.0,0.0,0.0,0.0,1.4374383901092394,4.8149470976186795,0.98125,0.010027842158301192,0.04375,0.0,0.99375,0.26875,0.0,1.0,1.0,0.7634593064318949,0.0,0.0,0.0,0.975,0.739545559721588,0.0,0.0,15.808533709030598,61a971ec2035f3c71886db82bf2754484c17a4f8521924205548079b8f5dc2c2
source_assignment_competition,20022,influence_budget,1.0400471853424376,1.1532491451332931,1.1532491451332931,0.9875,0.0,0.0125,0.0,1.4780732001935375,3.767102500175326,0.99375,0.023475638276432682,0.0625,0.0,1.0,0.375,0.0,1.0,1.0,0.7066991723764547,0.0,0.0,0.0,0.975,0.8543839647045377,0.0,0.0,17.810406166128814,3535134ad65e1715f659b2fa6b5d8099d59007680a9d7e36c835b9d0b31e5c97
source_assignment_competition,20023,influence_budget,1.0850663539658942,1.213821568468305,1.213821568468305,1.0,0.0,0.0,0.0,1.4025588406844849,4.056629789264907,0.99375,0.012287634596092755,0.04375,0.0,1.0,0.2375,0.0,1.0,1.0,0.8143146051678357,0.0,0.0,0.0,0.975,1.0994689384136493,0.0,0.0,16.36680525005795,3c8293f0f6f079825556f0db081ff68ad367c3ca8d8329fa81587715933be6c4
source_assignment_competition,20024,influence_budget,1.0788882155911983,1.221364116913159,1.221364116913159,1.0,0.0,0.0,0.0,1.469971234343135,4.293104137967448,0.99375,0.013991558773309296,0.04375,0.0,1.0,0.3,0.0,1.0,1.0,0.7279117796270977,0.0,0.0,0.0,0.9625,1.0259215950870613,0.0,0.0,17.447481082985178,3f4a0c45dd4834e547207229732b773e46d44e857ecb5665c621933c481299cd
source_assignment_competition,20025,influence_budget,1.1721437087731665,1.32808436682509,1.32808436682509,0.9875,0.0,0.0125,0.0,1.763781181097621,4.8229644010153985,0.975,0.02029366595085436,0.06875,0.0,1.0,0.25,0.0,1.0,1.0,0.8046826944111725,0.0,0.0,0.0,0.975,0.864144653186487,0.0,0.0,18.967315291054547,85156c67fec5ebdaa4237cc4b88a15e935aa999cd47f6a8d2cfb63aa4544c6c3
source_assignment_competition,20026,influence_budget,1.115999551262361,1.2574806742153621,1.2574806742153621,0.975,0.0,0.025,0.0,1.6177426514564424,5.0222497892561515,0.98125,0.01827267904179462,0.04375,0.0,1.0,0.31875,0.0,1.0,1.0,0.7426814663757779,0.0,0.0,0.0,0.975,0.9938053771941309,0.0,0.0,18.76514875004068,1eb7b0e34080bdce384b5dc24120803a1e4b80ba4287aab7fd7e54b32bb30c65
source_assignment_competition,20027,influence_budget,0.9734068389620196,1.1116613245408546,1.1116613245408546,1.0,0.0,0.0,0.0,1.3093867340299965,3.8042526219080006,0.9875,0.01385016614779307,0.0625,0.0,1.0,0.35625,0.0,1.0,1.0,0.6990741891759658,0.0,0.0,0.0,0.975,0.8273001234766788,0.0,0.0,19.422696000197902,9d30f483e35ef8bd7e695a89dfb281bbd66f9aa4f143e62ffb297fa153f60428
source_assignment_competition,20028,influence_budget,0.8852569503150713,1.0042742197424475,1.0042742197424475,1.0,0.0,0.0,0.0,1.1494374124722229,3.2821700800389655,0.99375,0.014438577098995676,0.0375,0.0,1.0,0.29375,0.0,1.0,1.0,0.7441742693873197,0.0,0.0,0.0,0.975,0.8436484064141588,0.0,0.0,19.96112266695127,3f8b2d7a627f88d1d2e7239dfbecb289d8065a565ea2cb04b032d4f66b206a81
source_assignment_competition,20029,influence_budget,1.1141258581315534,1.2373825921035653,1.2373825921035653,1.0,0.0,0.0,0.0,1.5786237845481232,4.907785331499234,1.0,0.012330722641256942,0.05,0.0,1.0,0.3375,0.0,1.0,1.0,0.6996923167480349,0.0,0.0,0.0,0.9625,1.0439387726154217,0.0,0.0,16.674606792163104,c45d2f80e6e6d90f2f448d8d0fce2be0d9c5312c1908a3e9e4fc44fd5f08f7f3
source_assignment_competition,20030,influence_budget,1.0991745997015718,1.2641580323579904,1.2641580323579904,1.0,0.0,0.0,0.0,1.5821677522270867,5.036276143925185,0.96875,0.014612996886903776,0.08125,0.0,1.0,0.26875,0.0,1.0,1.0,0.7855852687544107,0.0,0.0,0.0,0.9625,0.9304927413099506,0.0,0.0,20.618570750113577,a4c58abe7852567aea5f2d342324eb76e9e7e0b108447afd225c895cc452aff3
source_assignment_competition,20031,influence_budget,1.0137270556451512,1.1379634287218436,1.1379634287218436,1.0,0.0,0.0,0.0,1.4507378632059025,4.51304094255109,0.98125,0.01139946204797811,0.05,0.0,1.0,0.24375,0.0,1.0,1.0,0.7933182006384374,0.0,0.0,0.0,0.9625,0.8622414248210237,0.0,0.0,16.809253874933347,61a8f6386ef106fae057c29675544bd031daa3189b305c7a87932368186ac28f
source_assignment_competition,20032,influence_budget,1.0656601514733215,1.21172087829955,1.21172087829955,1.0,0.0,0.0,0.0,1.5513429157190388,4.85655162351113,0.975,0.014596343423504455,0.0625,0.0,1.0,0.24375,0.0,1.0,1.0,0.7980448095139253,0.0,0.0,0.0,0.975,0.9553959508205064,0.0,0.0,16.76828550011851,43f09ac37e8455fcfda7d28036ff83dfd9ba4dbf1c3230ad8a0cebbd70a5502a
source_assignment_competition,20033,influence_budget,1.1184119015387908,1.2570815472533592,1.2570815472533592,1.0,0.0,0.0,0.0,1.2673120952328945,3.6071879054106866,1.0,0.01139237894791657,0.0875,0.0,1.0,0.31875,0.0,1.0,1.0,0.7404771969836744,0.0,0.0,0.0,0.975,1.3669785658260967,0.0,0.0,25.131074166856706,d14fb22cee74404c9598f8132b965ffe09678211c6f2d26f99ecad2fa0b2eb88
source_assignment_competition,20034,influence_budget,1.1048608496291958,1.2542875797882023,1.2542875797882023,1.0,0.0,0.0,0.0,1.6801899151897264,4.595861723064699,0.96875,0.016726629000167487,0.05,0.0,1.0,0.31875,0.0,1.0,1.0,0.7073459431104315,0.0,0.0,0.0,0.96875,0.9955246546162521,0.0,0.0,33.171480250079185,d4d4deee6938118671ca91f00ca5790a639d490a77e508af27883898d77ccf8b
source_assignment_competition,20035,influence_budget,1.1417270775196424,1.2855657094494108,1.2855657094494108,1.0,0.0,0.0,0.0,1.8364862113355094,5.304574592183707,0.96875,0.01399045182132303,0.06875,0.0,1.0,0.33125,0.0,1.0,1.0,0.7353059801529425,0.0,0.0,0.0,0.9625,0.8820619562212346,0.0,0.0,33.87555691599846,d5bf742599689050e3b226b0d33c0d307cb50b01c34980ea911866e7daeb0483
source_assignment_competition,20036,influence_budget,1.2248051456885285,1.3751479696182582,1.3751479696182582,0.98125,0.0,0.01875,0.0,1.6062752293216647,4.512219067542105,0.99375,0.016475538906252724,0.075,0.0,0.99375,0.28125,0.0,1.0,1.0,0.7739973191252051,0.0,0.0,0.0,0.96875,1.3130742306338754,0.0,0.0,57.45353579195216,9a2302257b4532d1edaded9fd9c8148af498a0c0b1784e2b55852bfcc206b7bc
source_assignment_competition,20037,influence_budget,1.037363569079795,1.163150219116989,1.163150219116989,0.9875,0.0,0.0125,0.0,1.5295867121457885,4.630871109990289,0.9875,0.017865501057120845,0.075,0.0,1.0,0.24375,0.0,1.0,1.0,0.7943605832838936,0.0,0.0,0.0,0.96875,0.9008090778724871,0.0,0.0,48.87513200007379,eff4c83d0cd843872ec2edc595a210d7630aaa0f4a20f5a963625a85415a4144
source_assignment_competition,20038,influence_budget,0.9950370177995215,1.1313716095892485,1.1313716095892485,1.0,0.0,0.0,0.0,1.232622658759346,4.48233916442815,0.9875,0.011433359071250338,0.05,0.0,1.0,0.33125,0.0,1.0,1.0,0.7057180210729205,0.0,0.0,0.0,0.96875,1.1391115529871125,0.0,0.0,76.41840241686441,8c64117af079fb21ef87051104ae5c1752a146ea66e7f5c4392133d2b6687493
source_assignment_competition,20039,influence_budget,1.176427295096841,1.3590565692676744,1.3590565692676744,1.0,0.0,0.0,0.0,1.7137689974853174,4.91027110946833,0.96875,0.01647595648874865,0.05,0.0,1.0,0.30625,0.0,1.0,1.0,0.7390425964835521,0.0,0.0,0.0,0.975,1.1010806349160163,0.0,0.0,75.9371038749814,df9fee5ebfb7da29fc1dc11f0615b8783fdb1b7a78b07837917f8f10fb0226a6
source_assignment_competition,20000,combined,1.1319097859192015,1.250445742206364,1.250445742206364,0.99375,0.0,0.00625,0.0,2.075869633689428,6.238646916893182,0.94375,0.020395028967858424,0.05625,0.0,1.0,0.0,0.0,0.9961223864480241,0.6277964860921036,0.0,0.0,0.0,0.0,0.96875,0.9218656775748316,0.0,0.0,17.60105699999258,e8445ea1e3ad07a6869b5e561874debc22dfe6c56efadfc25921105c313c148f
source_assignment_competition,20001,combined,1.0315258234523113,1.186912939112069,1.186912939112069,0.99375,0.0,0.00625,0.0,1.60202688228753,4.567118062917917,0.9625,0.017550376742314862,0.0625,0.0,1.0,0.0,0.0,0.9950022627180388,0.7558542832948861,0.0,0.0,0.0,0.0,0.975,0.9326848770852726,0.0,0.0,17.948315874906257,fd16d8baddf44a8662b7ee53fe71ab3323716a2740d68199ff332a35560c6cc0
source_assignment_competition,20002,combined,1.271725827755464,1.4095627581145418,1.4095627581145418,0.99375,0.0,0.00625,0.0,1.9617326668015167,5.6061715748871785,0.95625,0.02207037992049311,0.05625,0.0,1.0,0.0,0.0,0.9967739661365057,0.7516369425190798,0.0,0.0,0.0,0.0,0.975,1.2419646629238135,0.0,0.0,21.8438317081891,b549a091d72267f7ae0329f33fd261715f28a9a53262f72fbadd53eab00e38a2
source_assignment_competition,20003,combined,0.9445444296339811,1.0602715516961816,1.0602715516961816,0.98125,0.0,0.01875,0.0,1.58200502166611,5.397086345374624,0.975,0.01855434163417281,0.08125,0.0,1.0,0.0,0.0,0.9962809165689098,0.799668393028067,0.0,0.0,0.0,0.0,0.96875,0.7297006951338417,0.0,0.0,17.25113816699013,3e91fd0768455dc0ccda1b5014712e51a6d42f2ec6e08ed3bb377fea8f895a7a
source_assignment_competition,20004,combined,1.0337599798948065,1.1578282020602777,1.1578282020602777,0.9875,0.0,0.0125,0.0,1.5839060811563919,5.088919701076082,0.975,0.017633710954936314,0.0875,0.0,1.0,0.0,0.0,0.995688947854996,0.6099662186680006,0.0,0.0,0.0,0.0,0.975,0.9241717486259835,0.0,0.0,18.8954810409341,e012f23ba6384222b88dae483154c25221e40665c9e05cab9322ff4b214dca86
source_assignment_competition,20005,combined,0.9384766742232854,1.0555587897395016,1.0555587897395016,1.0,0.0,0.0,0.0,1.562999883050297,4.523304146083628,0.98125,0.01284082851841006,0.0625,0.0,1.0,0.0,0.0,0.9968214759181684,0.8216841117724354,0.0,0.0,0.0,0.0,0.96875,0.6939535612136707,0.0,0.0,19.806557416915894,49436d9e0f30602136767952aadf0deb5b118e474cf2991718d557e4d8409d0c
source_assignment_competition,20006,combined,1.067391285175685,1.2019001148486548,1.2019001148486548,1.0,0.0,0.0,0.0,1.7003382708200054,5.345803112625479,0.9625,0.01558598218033384,0.04375,0.0,0.99375,0.0,0.0,0.9968905403939212,0.6720833669703135,0.0,0.0,0.0,0.0,0.9625,1.0260245171141293,0.0,0.0,19.582573167048395,878cd14452230db40826d1bfe837a91579da316ad5764bc22c23862c27ad26c4
source_assignment_competition,20007,combined,1.0136590315687957,1.136633321384459,1.136633321384459,1.0,0.0,0.0,0.0,1.777714321632701,5.51340652473867,0.9625,0.02046513552262228,0.06875,0.0,1.0,0.0,0.0,0.9977663969685316,0.8751862941990016,0.0,0.0,0.0,0.0,0.96875,0.8057976706091324,0.0,0.0,18.198815500130877,f597bb3afe5cec48a2d0afbff200573780f337595d9a6294327474d8e355e895
source_assignment_competition,20008,combined,0.9497580828096381,1.0597770883566107,1.0597770883566107,0.975,0.0,0.025,0.0,1.4217442902755413,4.612537365104214,0.98125,0.021740207522660725,0.06875,0.0,1.0,0.0,0.0,0.9958397306970156,0.8429463465185474,0.0,0.0,0.0,0.0,0.95625,0.9813501395311489,0.0,0.0,19.707737082848325,5450b8578ca23b7a63fadcbb0017ef6a3b11033425a1ab387f3b6568d1938d91
source_assignment_competition,20009,combined,1.1475746724439186,1.2695041734131745,1.2695041734131745,0.98125,0.0,0.01875,0.0,1.759932301485454,4.386448681312786,0.98125,0.022001462867417373,0.0875,0.0,1.0,0.0,0.0,0.9958878852217008,0.7308667230829655,0.0,0.0,0.0,0.0,0.975,1.067454478938838,0.0,0.0,19.51537804096006,551b5c10614a27973e2fe3cdfbf0f6b407d4d12783aad6b782e47e3cd865433c
source_assignment_competition,20010,combined,1.0063376342001107,1.156600024551321,1.156600024551321,0.98125,0.0,0.01875,0.0,1.6257230283053263,5.6226871153474995,0.95,0.017228018680770858,0.0375,0.0,1.0,0.0,0.0,0.998860904172376,0.8484066404146724,0.0,0.0,0.0,0.0,0.975,0.9037843953079001,0.0,0.0,16.40278408303857,8a9968538d0252226c6c01ddca13725526c2403121d5ec276a547b8f099367ab
source_assignment_competition,20011,combined,0.9369588202050085,1.0934929097455877,1.0934929097455877,0.99375,0.0,0.00625,0.0,1.55632958629302,5.4596577758159945,0.96875,0.02013670903884126,0.05,0.0,1.0,0.0,0.0,0.9975409794962447,0.8419171506071025,0.0,0.0,0.0,0.0,0.96875,0.7951573102764513,0.0,0.0,20.30616575013846,31ddb056131ad9b37b2d0cc47de962370cc3f84fa71a481140925fc1eca7ca5f
source_assignment_competition,20012,combined,0.920135233506589,1.0068842715252826,1.0068842715252826,0.975,0.0,0.025,0.0,1.27278694470277,3.6574560172643675,1.0,0.022458228266460076,0.0875,0.0,1.0,0.0,0.0,0.9965817919973592,0.7881400987076234,0.0,0.0,0.0,0.0,0.975,0.7698982242147526,0.0,0.0,17.063910082913935,b9736999ac67fb8766cfb1ff75650403c641946596ce14ec5bba7d4c5689830c
source_assignment_competition,20013,combined,1.0409293143970042,1.1736738178441963,1.1736738178441963,1.0,0.0,0.0,0.0,1.8695889744843157,5.378719406362808,0.95625,0.02201793442720205,0.05625,0.0,1.0,0.0,0.0,0.9972057906916844,0.7436861340977186,0.0,0.0,0.0,0.0,0.975,0.8825241136058128,0.0,0.0,16.875972083071247,842ae956edb30f601986363dfed79b2f0c8f31d452c5e47a52f84de7d11982da
source_assignment_competition,20014,combined,0.9673909609776548,1.0735704100193668,1.0735704100193668,0.9875,0.0,0.0125,0.0,1.4585832927721014,3.996678606721112,0.98125,0.023199669011153935,0.0375,0.0,1.0,0.0,0.0,0.9972165670863895,0.6971661558107061,0.0,0.0,0.0,0.0,0.96875,0.8566989657853078,0.0,0.0,17.181236000033095,b6350d8113d4448056ebf9007f9af44aab90ee8192d3e2322bc67a297ee6ecea
source_assignment_competition,20015,combined,1.0164043321441654,1.142141119830659,1.142141119830659,1.0,0.0,0.0,0.0,1.6072574162149589,4.937887823266133,0.98125,0.01852537527185143,0.0625,0.0,1.0,0.0,0.0,0.9970713858027711,0.7267637851617719,0.0,0.0,0.0,0.0,0.9625,0.9331479780644859,0.0,0.0,17.815710291964933,2ddb31c5d26faa0823329f570996f0a3d169af8ec8a7e72150ea3b10363700a9
source_assignment_competition,20016,combined,0.9587120568641817,1.0750751181116893,1.0750751181116893,1.0,0.0,0.0,0.0,1.3659853526640535,3.958937204756719,0.9875,0.02250696418134443,0.05,0.0,1.0,0.0,0.0,0.9980958337951767,0.853909304841993,0.0,0.0,0.0,0.0,0.975,1.091106666226441,0.0,0.0,17.188033832935616,0cec7b46d8ee83efb939fa07abd4b2e5bc5ef5e5e84b4899f2e5cffff80c71d7
source_assignment_competition,20017,combined,1.0923422278679715,1.2132059959494186,1.2132059959494186,0.99375,0.0,0.00625,0.0,1.6329038896586527,3.894845475456048,0.98125,0.01845819825649104,0.0625,0.0,1.0,0.0,0.0,0.9974142851482956,0.8347943726629885,0.0,0.0,0.0,0.0,0.975,1.0284866769509855,0.0,0.0,20.470122250029817,b555cb3deaf7df04229c2201b7e55d2980a8190d125b2d164eba5cb0f035f6b7
source_assignment_competition,20018,combined,1.14762293863661,1.2981083729943053,1.2981083729943053,0.9625,0.0,0.0375,0.0,1.8027651021403268,6.0063983128457155,0.95,0.022245383230758344,0.06875,0.0,0.99375,0.0,0.0,0.9954854925473233,0.6383579171778381,0.0,0.0,0.0,0.0,0.975,1.0966911384956963,0.0,0.0,18.507333167130128,5593702ce4867670c13b728196f3fe7a3610bba40042a8b5e79d4e417238478c
source_assignment_competition,20019,combined,1.1957393406689363,1.3306428569025484,1.3306428569025484,0.975,0.0,0.025,0.0,1.8700051708472443,5.423172954475621,0.95625,0.024181952097195657,0.1125,0.0,1.0,0.0,0.0,0.994911969115061,0.6983247602569563,0.0,0.0,0.0,0.0,0.975,1.0749619007338904,0.0,0.0,18.834750833222643,6e3cd8a39b73946ddc7018c274f8f74500816d1dd149ab3346d6d9bacaecc818
source_assignment_competition,20020,combined,0.9915483681903817,1.1023220972419043,1.1023220972419043,0.9875,0.0,0.0125,0.0,1.4179586244499656,4.771168906993421,0.99375,0.01923558572947138,0.05,0.0,1.0,0.0,0.0,0.9979782473920444,0.7717901460712427,0.0,0.0,0.0,0.0,0.96875,1.0599047143909874,0.0,0.0,18.716959291836247,df9ed59e2c4690ea44755e43b5447778c39de2cbbc9adafa03420800eaf2828d
source_assignment_competition,20021,combined,0.9446725694927313,1.1127677000997072,1.1127677000997072,1.0,0.0,0.0,0.0,1.5221385862389227,4.798423158492493,0.9875,0.01038231096411719,0.04375,0.0,0.99375,0.0,0.0,0.9983475733453361,0.8594652220637385,0.0,0.0,0.0,0.0,0.975,0.739545559721588,0.0,0.0,15.808533709030598,61a971ec2035f3c71886db82bf2754484c17a4f8521924205548079b8f5dc2c2
source_assignment_competition,20022,combined,1.0167724938073939,1.1270966428490716,1.1270966428490716,0.9875,0.0,0.0125,0.0,1.663176205110209,4.1194675428852205,0.975,0.02458244696601141,0.0625,0.0,1.0,0.0,0.0,0.996307811982651,0.7007720173187253,0.0,0.0,0.0,0.0,0.975,0.8543839647045377,0.0,0.0,17.810406166128814,3535134ad65e1715f659b2fa6b5d8099d59007680a9d7e36c835b9d0b31e5c97
source_assignment_competition,20023,combined,1.0734647079157749,1.2061928348616116,1.2061928348616116,1.0,0.0,0.0,0.0,1.5084979694899023,4.484740223145756,0.9875,0.014360003871049997,0.04375,0.0,1.0,0.0,0.0,0.9983924950211321,0.8965012463483053,0.0,0.0,0.0,0.0,0.975,1.0994689384136493,0.0,0.0,16.36680525005795,3c8293f0f6f079825556f0db081ff68ad367c3ca8d8329fa81587715933be6c4
source_assignment_competition,20024,combined,1.0500121390204675,1.1881198848401175,1.1881198848401175,0.9875,0.0,0.0125,0.0,1.5391814753047413,4.035165436359478,0.9875,0.0175282079341257,0.04375,0.0,1.0,0.0,0.0,0.998598644434104,0.9104937690013856,0.0,0.0,0.0,0.0,0.9625,1.0259215950870613,0.0,0.0,17.447481082985178,3f4a0c45dd4834e547207229732b773e46d44e857ecb5665c621933c481299cd
source_assignment_competition,20025,combined,1.1747755151798436,1.2900345866283414,1.2900345866283414,0.98125,0.0,0.01875,0.0,1.9801918874642248,5.566791656610476,0.95625,0.022028314671922428,0.06875,0.0,1.0,0.0,0.0,0.9947617917689904,0.653020821804545,0.0,0.0,0.0,0.0,0.975,0.864144653186487,0.0,0.0,18.967315291054547,85156c67fec5ebdaa4237cc4b88a15e935aa999cd47f6a8d2cfb63aa4544c6c3
source_assignment_competition,20026,combined,1.1140366965074087,1.2485264016736626,1.2485264016736626,0.975,0.0,0.025,0.0,1.7293646377317309,4.8010511209416125,0.98125,0.018692846879265,0.04375,0.0,1.0,0.0,0.0,0.9975683476472789,0.8336241318546156,0.0,0.0,0.0,0.0,0.975,0.9938053771941309,0.0,0.0,18.76514875004068,1eb7b0e34080bdce384b5dc24120803a1e4b80ba4287aab7fd7e54b32bb30c65
source_assignment_competition,20027,combined,0.9708156798020859,1.1013321021704703,1.1013321021704703,0.99375,0.0,0.00625,0.0,1.5235986546496478,4.984942097744289,0.96875,0.01659236045194049,0.0625,0.0,1.0,0.0,0.0,0.9992851093574597,0.8739953488066348,0.0,0.0,0.0,0.0,0.975,0.8273001234766788,0.0,0.0,19.422696000197902,9d30f483e35ef8bd7e695a89dfb281bbd66f9aa4f143e62ffb297fa153f60428
source_assignment_competition,20028,combined,0.8699693621254314,0.9764479498783948,0.9764479498783948,1.0,0.0,0.0,0.0,1.2110261158476212,3.4925726629828637,0.99375,0.015825637727653538,0.0375,0.0,1.0,0.0,0.0,0.9958020187744022,0.7351574612765214,0.0,0.0,0.0,0.0,0.975,0.8436484064141588,0.0,0.0,19.96112266695127,3f8b2d7a627f88d1d2e7239dfbecb289d8065a565ea2cb04b032d4f66b206a81
source_assignment_competition,20029,combined,1.0331029757781844,1.1510654557015305,1.1510654557015305,1.0,0.0,0.0,0.0,1.5641041081210127,4.629753609068142,0.98125,0.013877362038796512,0.05,0.0,1.0,0.0,0.0,0.9980633368315646,0.7966013887269434,0.0,0.0,0.0,0.0,0.9625,1.0439387726154217,0.0,0.0,16.674606792163104,c45d2f80e6e6d90f2f448d8d0fce2be0d9c5312c1908a3e9e4fc44fd5f08f7f3
source_assignment_competition,20030,combined,1.1014977009321663,1.2628542832464396,1.2628542832464396,0.99375,0.0,0.00625,0.0,1.7836961274263405,5.864257781541368,0.95,0.018579623091496585,0.08125,0.0,1.0,0.0,0.0,0.9969996680859646,0.7888107910581578,0.0,0.0,0.0,0.0,0.9625,0.9304927413099506,0.0,0.0,20.618570750113577,a4c58abe7852567aea5f2d342324eb76e9e7e0b108447afd225c895cc452aff3
source_assignment_competition,20031,combined,0.9704285444228435,1.0911202459575076,1.0911202459575076,1.0,0.0,0.0,0.0,1.4638371290322083,4.644559860062936,0.975,0.011821303342327335,0.05,0.0,1.0,0.0,0.0,0.9981985448358927,0.7972840493238856,0.0,0.0,0.0,0.0,0.9625,0.8622414248210237,0.0,0.0,16.809253874933347,61a8f6386ef106fae057c29675544bd031daa3189b305c7a87932368186ac28f
source_assignment_competition,20032,combined,1.048075742640051,1.1925342932341425,1.1925342932341425,1.0,0.0,0.0,0.0,1.62222757400917,4.866065545916664,0.98125,0.017545941324945597,0.0625,0.0,1.0,0.0,0.0,0.9980731435273217,0.7891053380037611,0.0,0.0,0.0,0.0,0.975,0.9553959508205064,0.0,0.0,16.76828550011851,43f09ac37e8455fcfda7d28036ff83dfd9ba4dbf1c3230ad8a0cebbd70a5502a
source_assignment_competition,20033,combined,1.1346580872730279,1.2633103642946986,1.2633103642946986,0.98125,0.0,0.01875,0.0,1.3962917231284604,3.6558828326265886,1.0,0.016981134712909286,0.08125,0.0,1.0,0.0,0.0,0.9945562664107769,0.55,0.0,0.0,0.0,0.0,0.975,1.3669785658260967,0.0,0.0,25.131074166856706,d14fb22cee74404c9598f8132b965ffe09678211c6f2d26f99ecad2fa0b2eb88
source_assignment_competition,20034,combined,1.0409942333382847,1.2078886281829817,1.2078886281829817,1.0,0.0,0.0,0.0,1.6749100805681985,4.583643084319154,0.96875,0.01752681664772058,0.05,0.0,1.0,0.0,0.0,0.9983114890541757,0.8863006586051415,0.0,0.0,0.0,0.0,0.96875,0.9955246546162521,0.0,0.0,33.171480250079185,d4d4deee6938118671ca91f00ca5790a639d490a77e508af27883898d77ccf8b
source_assignment_competition,20035,combined,1.1260570313010327,1.265224917943137,1.265224917943137,1.0,0.0,0.0,0.0,1.9762914303056014,5.275050664546783,0.9625,0.017564634611396773,0.06875,0.0,1.0,0.0,0.0,0.9958997731345821,0.853796864197697,0.0,0.0,0.0,0.0,0.9625,0.8820619562212346,0.0,0.0,33.87555691599846,d5bf742599689050e3b226b0d33c0d307cb50b01c34980ea911866e7daeb0483
source_assignment_competition,20036,combined,1.1747021754250357,1.3168646676842755,1.3168646676842755,0.98125,0.0,0.01875,0.0,1.6329626926119853,4.875988747343124,0.99375,0.01766767998018911,0.075,0.0,0.99375,0.0,0.0,0.9972659590558062,0.8453267793868595,0.0,0.0,0.0,0.0,0.96875,1.3130742306338754,0.0,0.0,57.45353579195216,9a2302257b4532d1edaded9fd9c8148af498a0c0b1784e2b55852bfcc206b7bc
source_assignment_competition,20037,combined,1.0176053360187804,1.1467525137038512,1.1467525137038512,0.98125,0.0,0.01875,0.0,1.607476943926883,5.195570840110471,0.98125,0.019303878676038423,0.075,0.0,1.0,0.0,0.0,0.9965305930823014,0.88183457564397,0.0,0.0,0.0,0.0,0.96875,0.9008090778724871,0.0,0.0,48.87513200007379,eff4c83d0cd843872ec2edc595a210d7630aaa0f4a20f5a963625a85415a4144
source_assignment_competition,20038,combined,0.9658872644095947,1.0935455564767669,1.0935455564767669,1.0,0.0,0.0,0.0,1.2987883463533965,3.986624616902049,0.99375,0.011450736691108524,0.05,0.0,1.0,0.0,0.0,0.997525006616868,0.8194956475636177,0.0,0.0,0.0,0.0,0.96875,1.1391115529871125,0.0,0.0,76.41840241686441,8c64117af079fb21ef87051104ae5c1752a146ea66e7f5c4392133d2b6687493
source_assignment_competition,20039,combined,1.1540971873261416,1.3216866804179612,1.3216866804179612,0.99375,0.0,0.00625,0.0,1.79543756857734,4.902910832608522,0.96875,0.01654233085852627,0.05,0.0,1.0,0.0,0.0,0.9969420761490166,0.7984491269955388,0.0,0.0,0.0,0.0,0.975,1.1010806349160163,0.0,0.0,75.9371038749814,df9fee5ebfb7da29fc1dc11f0615b8783fdb1b7a78b07837917f8f10fb0226a6
genuine_target_maneuver,20000,m9c_baseline,0.2884361246908758,0.31924861942488203,0.31924861942488203,1.0,0.0,0.0,0.0,1.916235374051245,5.010123265529418,0.98125,0.012937009000241825,0.0,0.0,0.0,0.0,0.0,1.0,1.0,0.0,0.0,0.0,0.0,0.00625,1.174670893601629,0.0,0.0,2.486972291022539,161875e5c6524f81b6c6098e2e287ba9b321ab9a97460edd2a313802eea7c9bd
genuine_target_maneuver,20001,m9c_baseline,0.2585320651194861,0.29758765791944247,0.29758765791944247,1.0,0.0,0.0,0.0,1.6006418793931878,4.193920419510677,0.975,0.011231972200975202,0.0,0.0,0.0,0.0,0.0,1.0,1.0,0.0,0.0,0.0,0.0,0.0,1.193112405735829,0.0,0.0,2.4633181251119822,70c58fe4a4df5488f498e555a4496116dd6fec8d4c4ffa8edcaa5fb10f10e349
genuine_target_maneuver,20002,m9c_baseline,0.2890337327640425,0.3145561206931802,0.3145561206931802,0.98125,0.0,0.01875,0.0,1.785492997526878,5.92300529798565,0.95625,0.020423586533685683,0.0,0.0,0.0,0.0,0.0,1.0,1.0,0.0,0.0,0.0,0.0,0.0,1.4495514073522096,0.0,0.0,2.527244791854173,77153547e41ba744be46ff69a181b46d6e7df054609c849230a8c8a58baffafe
genuine_target_maneuver,20003,m9c_baseline,0.2655130550628555,0.3115990885757749,0.3115990885757749,1.0,0.0,0.0,0.0,1.796345596778993,5.545821761851758,0.95625,0.014095221895281607,0.0,0.0,0.0,0.0,0.0,1.0,1.0,0.0,0.0,0.0,0.0,0.0,1.126531508616609,0.0,0.0,2.498565290821716,3de12f080c550e11c03b85f7e8a513a0f2b7599267b00aba0e3ae0bf34e927d2
genuine_target_maneuver,20004,m9c_baseline,0.2898273850637864,0.31280518945185065,0.31280518945185065,0.98125,0.0,0.01875,0.0,1.8384662101343054,5.82912518719769,0.95,0.018145750029109592,0.0,0.0,0.0,0.0,0.0,1.0,1.0,0.0,0.0,0.0,0.0,0.0,1.130437810715329,0.0,0.0,2.44224283285439,0e86fdf1e48cc1400b65ed9d83dff51f6dc75d2ef1d9da08f1065c3ee42dd6b4
genuine_target_maneuver,20005,m9c_baseline,0.27534937667866083,0.31431626575129656,0.31431626575129656,1.0,0.0,0.0,0.0,1.8647313054394516,5.54466950763393,0.95625,0.010684662248606576,0.0,0.0,0.0,0.0,0.0,1.0,1.0,0.0,0.0,0.0,0.0,0.0,0.9921274650335021,0.0,0.0,3.5672447921242565,0702fbe0b473bae84f57d852e29fa50f160a7a7d92ba5d84bbb5d1bb4f5546d0
genuine_target_maneuver,20006,m9c_baseline,0.261351525740638,0.2967466644446267,0.2967466644446267,1.0,0.0,0.0,0.0,1.6468088873938764,4.379423767574052,0.975,0.01296939861423616,0.0,0.0,0.0,0.0,0.0,1.0,1.0,0.0,0.0,0.0,0.0,0.0,1.101885307538148,0.0,0.0,3.8803342080209404,a077b5977c11c57f447f0d45bc52b866b6b79c97959be082ce667d86bdaaf7a3
genuine_target_maneuver,20007,m9c_baseline,0.28827304524708663,0.3156705431856921,0.3156705431856921,0.9875,0.0,0.0125,0.0,1.874207913246832,5.263684739546647,0.95625,0.018244137470759127,0.0,0.0,0.0,0.0,0.0,1.0,1.0,0.0,0.0,0.0,0.0,0.0,1.1649084897782622,0.0,0.0,4.017874791985378,41f35fda6ab899f19dfad245c7b5fbe955c86e3c1c89b56bf2e797b98446c530
genuine_target_maneuver,20008,m9c_baseline,0.27771182009719286,0.3044908220432988,0.3044908220432988,0.99375,0.0,0.00625,0.0,1.7307791739417375,5.047702715786059,0.96875,0.01637522032219698,0.0,0.0,0.0,0.0,0.0,1.0,1.0,0.0,0.0,0.0,0.0,0.0,1.1904716653047411,0.0,0.0,3.8853121250867844,1163d2ca19b4264b6e7bb560909e661a3a6c750e1f9da5457df6cba714302d2e
genuine_target_maneuver,20009,m9c_baseline,0.2903396144348836,0.3275436630778219,0.3275436630778219,1.0,0.0,0.0,0.0,1.9697738350234857,5.2260562142952836,0.95625,0.015206943531374487,0.0,0.0,0.0,0.0,0.0,1.0,1.0,0.0,0.0,0.0,0.0,0.0,1.2553145634077054,0.0,0.0,4.673477374948561,d13be725d8dc67284201c5899e9ddcf4372b7fa8f726db0155e4b507ba05994e
genuine_target_maneuver,20010,m9c_baseline,0.2744810975948754,0.3131339487091698,0.3131339487091698,1.0,0.0,0.0,0.0,1.803365239245902,6.052328124151912,0.9375,0.012569785158109406,0.0,0.0,0.0,0.0,0.0,1.0,1.0,0.0,0.0,0.0,0.0,0.0,1.184514763452523,0.0,0.0,5.080386499874294,97abe45dbc24d94b9ef9e18c063414ead8e787beaa97d105f9cc128205560c04
genuine_target_maneuver,20011,m9c_baseline,0.2795951342360821,0.3113823541658147,0.3113823541658147,0.99375,0.0,0.00625,0.0,1.8018824908203435,5.838312336375356,0.95625,0.014585579549730002,0.0,0.0,0.0,0.0,0.0,1.0,1.0,0.0,0.0,0.0,0.0,0.0,1.0964454160416204,0.0,0.0,6.216108667198569,7182a89cf16fe9fd4bccf58ab055239695f7fbe25938f853d28afc6857d434ac
genuine_target_maneuver,20012,m9c_baseline,0.27743684398715496,0.28745051494703483,0.28745051494703483,0.975,0.0,0.025,0.0,1.5369546296257552,4.5914232466657445,0.99375,0.016467336997322342,0.0,0.0,0.0,0.0,0.0,1.0,1.0,0.0,0.0,0.0,0.0,0.0,1.176427872929471,0.0,0.0,6.731322875013575,347b47ab8e9114153c3d561389ac6b0853cdaa4c3f661ca6b8e3976483584df8
genuine_target_maneuver,20013,m9c_baseline,0.29508305900112974,0.3284240331208849,0.3284240331208849,1.0,0.0,0.0,0.0,2.0343339450359403,6.01651579427393,0.94375,0.013626658691876764,0.0,0.0,0.0,0.0,0.0,1.0,1.0,0.0,0.0,0.0,0.0,0.01875,1.0300860830392131,0.0,0.0,6.997068458003923,4ca6d008858e9b7b7060a51d36978c564b4dca3c10ef177bf197b539ef088243
genuine_target_maneuver,20014,m9c_baseline,0.28577002364302284,0.3188630817903135,0.3188630817903135,1.0,0.0,0.0,0.0,1.9081267009654368,5.174064183079324,0.96875,0.011912522513939858,0.0,0.0,0.0,0.0,0.0,1.0,1.0,0.0,0.0,0.0,0.0,0.04375,1.0868065387201262,0.0,0.0,6.946016040863469,84f762f305de41d1001a5fa55f58f08f86b7c56b50ec4b49678a98ece8cbd066
genuine_target_maneuver,20015,m9c_baseline,0.2877021456324426,0.32490298339567136,0.32490298339567136,0.99375,0.0,0.00625,0.0,1.9803979589859861,6.383425828843752,0.93125,0.016248144948328186,0.0,0.0,0.0,0.0,0.0,1.0,1.0,0.0,0.0,0.0,0.0,0.0,1.1918779341259569,0.0,0.0,6.851648458046839,a75b22dacf994cebea81a57bb1204c1364b92daf152ea26ca0c154d3682355a7
genuine_target_maneuver,20016,m9c_baseline,0.29363710676183935,0.33151159144085734,0.33151159144085734,1.0,0.0,0.0,0.0,2.0433406667432155,5.443602596630478,0.9625,0.015727193726731516,0.0,0.0,0.0,0.0,0.0,1.0,1.0,0.0,0.0,0.0,0.0,0.0,0.9902491041364939,0.0,0.0,6.870677375001833,10dfbc9e947195cda46377aa07e0e3a713a7e9129627c2540350638bdc85aebb
genuine_target_maneuver,20017,m9c_baseline,0.27322272583377594,0.31340813797777667,0.31340813797777667,1.0,0.0,0.0,0.0,1.7348957217976015,5.122355214308206,0.96875,0.013955189429060932,0.0,0.0,0.0,0.0,0.0,1.0,1.0,0.0,0.0,0.0,0.0,0.0,1.1406537695437333,0.0,0.0,7.027030584169552,1de38de5fe53efe415292ec0d763235dce78d3ae7b08d78dab0e771cb9165ca0
genuine_target_maneuver,20018,m9c_baseline,0.26957980237424617,0.30855147803982164,0.30855147803982164,1.0,0.0,0.0,0.0,1.7424905358218568,4.682664932985196,0.9625,0.016635761327017617,0.0,0.0,0.0,0.0,0.0,1.0,1.0,0.0,0.0,0.0,0.0,0.00625,1.2579635554372293,0.0,0.0,6.808616958092898,61ea854986e72de70ebec684780755141e4db90b978209cb94b5a0b0aa57c560
genuine_target_maneuver,20019,m9c_baseline,0.28880588853146005,0.33289235650815746,0.33289235650815746,1.0,0.0,0.0,0.0,2.046037002622936,6.69364636472382,0.93125,0.0132428572295342,0.0,0.0,0.0,0.0,0.0,1.0,1.0,0.0,0.0,0.0,0.0,0.0,1.220720980711205,0.0,0.0,7.31187470885925,d1e5db13c70981ff00496b77c76130cb1567a3a576b916f9abd23e74ecf028dd
genuine_target_maneuver,20020,m9c_baseline,0.2517767727070316,0.2940020005027528,0.2940020005027528,1.0,0.0,0.0,0.0,1.5832912987060688,4.977603489849017,0.9625,0.013409131774678668,0.0,0.0,0.0,0.0,0.0,1.0,1.0,0.0,0.0,0.0,0.0,0.0,1.2299108119687738,0.0,0.0,7.2409043330699205,c020c6d6c079ff3d9d06c782110aedaf1da8a53861ba1cfb7b12c57b06bc05af
genuine_target_maneuver,20021,m9c_baseline,0.26019327156259175,0.30555480926816264,0.30555480926816264,1.0,0.0,0.0,0.0,1.6278379723756018,5.399970611032119,0.9625,0.01060071367730751,0.0,0.0,0.0,0.0,0.0,1.0,1.0,0.0,0.0,0.0,0.0,0.0,1.114285519628624,0.0,0.0,7.694403290981427,6154bdce313426d450ea8bf30f1a82d082496b539b75d345b77106c9ef2dc04c
genuine_target_maneuver,20022,m9c_baseline,0.27870914328673496,0.30890953091107853,0.30890953091107853,1.0,0.0,0.0,0.0,1.7348783858777004,4.540899026802704,0.975,0.013660989961169944,0.0,0.0,0.0,0.0,0.0,1.0,1.0,0.0,0.0,0.0,0.0,0.0,1.2459362326141228,0.0,0.0,7.39215529197827,5f2b3658b1118da16d3c541330bbf9fb4b10e42915dc26ac9dd72d994c44c408
genuine_target_maneuver,20023,m9c_baseline,0.2740237354127661,0.30799703980009924,0.30799703980009924,1.0,0.0,0.0,0.0,1.7758789851951815,5.1734397726283445,0.95625,0.012427398140573613,0.0,0.0,0.0,0.0,0.0,1.0,1.0,0.0,0.0,0.0,0.0,0.0,1.27659678806586,0.0,0.0,8.705999749945477,0a7b17b5376cc34e0f8d0fd081d0c6ee8f22648f5c1874cb1d7f888ae43d74a1
genuine_target_maneuver,20024,m9c_baseline,0.2841495603661565,0.3219144366520382,0.3219144366520382,1.0,0.0,0.0,0.0,1.8945649804907316,5.598101601477569,0.95,0.013346275501835963,0.0,0.0,0.0,0.0,0.0,1.0,1.0,0.0,0.0,0.0,0.0,0.0,1.2563027264945383,0.0,0.0,8.870664708083495,e06f00d6dea94f03adc66da35335acda7b8ae97d5319541b93eeee62413db2de
genuine_target_maneuver,20025,m9c_baseline,0.2964794235090468,0.33404458410834004,0.33404458410834004,1.0,0.0,0.0,0.0,2.00000996752445,6.4444020006492835,0.94375,0.016561040668043696,0.0,0.0,0.0,0.0,0.0,1.0,1.0,0.0,0.0,0.0,0.0,0.0,1.3614619875437257,0.0,0.0,9.2992397909984,b23b4406af2962689cb27948a2d209972aac78327696ee8d8c2a8feefea2f58f
genuine_target_maneuver,20026,m9c_baseline,0.29332745180197795,0.3386869205047555,0.3386869205047555,1.0,0.0,0.0,0.0,2.038644632414993,6.971586920547468,0.93125,0.010956478904197249,0.0,0.0,0.0,0.0,0.0,1.0,1.0,0.0,0.0,0.0,0.0,0.0,1.2800284645388582,0.0,0.0,9.457515750080347,d68abd77bd80b6a6e048188794a1f753b7ec306f56efd91ed6c97df3c021766a
genuine_target_maneuver,20027,m9c_baseline,0.2737634931109366,0.3120374378260859,0.3120374378260859,1.0,0.0,0.0,0.0,1.7964645647970687,6.0692411472091,0.94375,0.012027174086760626,0.0,0.0,0.0,0.0,0.0,1.0,1.0,0.0,0.0,0.0,0.0,0.0,1.3277396312305316,0.0,0.0,9.503284791018814,5ffe28be6a1e86d4dc97ffb74477b307d482545fce189cbdcc41531771849bd1
genuine_target_maneuver,20028,m9c_baseline,0.2490482784927443,0.2778864363351637,0.2778864363351637,1.0,0.0,0.0,0.0,1.4343182529155318,4.1331497762000655,0.99375,0.011499897459203823,0.0,0.0,0.0,0.0,0.0,1.0,1.0,0.0,0.0,0.0,0.0,0.0,1.092232192447728,0.0,0.0,9.99670191691257,92c8918c5ee77f5eab2b6fae2c4afef55f14b827ac5fe217c13a07334e34a71a
genuine_target_maneuver,20029,m9c_baseline,0.2737939278467834,0.30245271182410577,0.30245271182410577,1.0,0.0,0.0,0.0,1.7000715367288044,4.856357127016222,0.98125,0.010342175786770057,0.0,0.0,0.0,0.0,0.0,1.0,1.0,0.0,0.0,0.0,0.0,0.0,1.0882822182668215,0.0,0.0,9.915530625032261,b5fa67a7311eb1f6ce894313df2ddc1132c7e81f12434743e18753a91850f4c0
genuine_target_maneuver,20030,m9c_baseline,0.2938420142932563,0.3328682483322123,0.3328682483322123,1.0,0.0,0.0,0.0,2.064058617330461,5.7211597643195935,0.95,0.012668500717400725,0.0,0.0,0.0,0.0,0.0,1.0,1.0,0.0,0.0,0.0,0.0,0.0,1.3133385593083375,0.0,0.0,10.089170875027776,882ee9b07c4901c578a4ba9456918768b41034b9153d7f3f9817a880720e59fb
genuine_target_maneuver,20031,m9c_baseline,0.2847291790594517,0.3118701875577884,0.3118701875577884,0.99375,0.0,0.00625,0.0,1.8155824188818364,5.221011410629283,0.95625,0.015528179018957807,0.0,0.0,0.0,0.0,0.0,1.0,1.0,0.0,0.0,0.0,0.0,0.0,1.1964564810072298,0.0,0.0,9.973910667002201,f0117ec7e8d89b4e14f6cf10613905884924bc01c28123f4324c5d47cea55f12
genuine_target_maneuver,20032,m9c_baseline,0.28057958125006666,0.3160658186017435,0.3160658186017435,1.0,0.0,0.0,0.0,1.8067801663108358,5.394007584552236,0.9625,0.01313720620355833,0.0,0.0,0.0,0.0,0.0,1.0,1.0,0.0,0.0,0.0,0.0,0.00625,1.3765197885886247,0.0,0.0,10.054265790851787,9c4f415eff46f0a8534bbb2822244abe7ca76c14731ce68a9d944d7f45d81d0c
genuine_target_maneuver,20033,m9c_baseline,0.26902141294853577,0.29078022057677844,0.29078022057677844,0.9875,0.0,0.0125,0.0,1.5257921143195463,4.066372536434118,0.975,0.019156255155120525,0.0,0.0,0.0,0.0,0.0,1.0,1.0,0.0,0.0,0.0,0.0,0.0,1.4529818035272268,0.0,0.0,9.424903499893844,376aefc1d63b30076fdfb89e7073120a979d574f8fe1fa018df5606ba012410c
genuine_target_maneuver,20034,m9c_baseline,0.2676269973095517,0.30378178154769886,0.30378178154769886,1.0,0.0,0.0,0.0,1.6708485091365106,4.783073924516189,0.9875,0.01132596290421536,0.0,0.0,0.0,0.0,0.0,1.0,1.0,0.0,0.0,0.0,0.0,0.0,1.175853760716242,0.0,0.0,10.064866082975641,3c3bca8ff9f042c0de216592058c6e4d573d973c766a3b11d5351e700bfeec3c
genuine_target_maneuver,20035,m9c_baseline,0.2848884711389724,0.3248214576136617,0.3248214576136617,1.0,0.0,0.0,0.0,1.9805032235469633,6.154757561590377,0.94375,0.013427512110977946,0.0,0.0,0.0,0.0,0.0,1.0,1.0,0.0,0.0,0.0,0.0,0.0,1.2590730213026213,0.0,0.0,9.400019542081282,0c16f409c8dcc9efcda49af342cd57dbc08cf507be5d6ffb9278c194e501a1eb
genuine_target_maneuver,20036,m9c_baseline,0.2758440265286147,0.3138915456276688,0.3138915456276688,1.0,0.0,0.0,0.0,1.7832556390636451,5.215952337921918,0.9625,0.010514049959006344,0.0,0.0,0.0,0.0,0.0,1.0,1.0,0.0,0.0,0.0,0.0,0.0,1.464534926290904,0.0,0.0,9.619160415837541,fd3855f3058c931675e287396b2f1aa06e927ab5ed30946ce43d412f33960354
genuine_target_maneuver,20037,m9c_baseline,0.2636414300525958,0.29944621040730723,0.29944621040730723,1.0,0.0,0.0,0.0,1.6875612864904437,4.88058551013135,0.975,0.012276279418536646,0.0,0.0,0.0,0.0,0.0,1.0,1.0,0.0,0.0,0.0,0.0,0.0,1.075049484053748,0.0,0.0,8.316328124841675,5b6ced666f6f26157dd783ee2430676c6764d3809ab173fdcf4b31d77f395745
genuine_target_maneuver,20038,m9c_baseline,0.2546547546125117,0.287366181154502,0.287366181154502,1.0,0.0,0.0,0.0,1.5263006971078183,5.384788787303149,0.975,0.012761730736208654,0.0,0.0,0.0,0.0,0.0,1.0,1.0,0.0,0.0,0.0,0.0,0.0,1.264088548063538,0.0,0.0,7.520556542091072,53f329c4c6211eda46e7db068dcedadfd6cd3dd9ce2cd6df6ba535058e1319af
genuine_target_maneuver,20039,m9c_baseline,0.2797676663930787,0.3104284714502567,0.3104284714502567,1.0,0.0,0.0,0.0,1.824954188372302,4.873257993418799,0.98125,0.01235619594491815,0.0,0.0,0.0,0.0,0.0,1.0,1.0,0.0,0.0,0.0,0.0,0.0,1.0032517634840368,0.0,0.0,7.326040750136599,a374d2571a63c4b6898ee3d34b87eaffe1d57e5b30dfac4efd125c36059d6856
genuine_target_maneuver,20000,cross_channel,0.2884361246908758,0.31924861942488203,0.31924861942488203,1.0,0.0,0.0,0.0,1.916235374051245,5.010123265529418,0.98125,0.012937009000241825,0.0875,0.0,1.0,0.0,0.0,0.9959869391372702,0.840156158170045,0.0,0.0,0.0,0.0,0.00625,1.174670893601629,0.0,0.0,2.486972291022539,161875e5c6524f81b6c6098e2e287ba9b321ab9a97460edd2a313802eea7c9bd
genuine_target_maneuver,20001,cross_channel,0.2585320651194861,0.29758765791944247,0.29758765791944247,1.0,0.0,0.0,0.0,1.6006418793931878,4.193920419510677,0.975,0.011231972200975202,0.09375,0.0,1.0,0.0,0.0,0.9956162371964143,0.8579432224746428,0.0,0.0,0.0,0.0,0.0,1.193112405735829,0.0,0.0,2.4633181251119822,70c58fe4a4df5488f498e555a4496116dd6fec8d4c4ffa8edcaa5fb10f10e349
genuine_target_maneuver,20002,cross_channel,0.2890337327640425,0.3145561206931802,0.3145561206931802,0.98125,0.0,0.01875,0.0,1.785492997526878,5.92300529798565,0.95625,0.020423586533685683,0.125,0.0,1.0,0.0,0.0,0.995527689396335,0.8311308595321523,0.0,0.0,0.0,0.0,0.0,1.4495514073522096,0.0,0.0,2.527244791854173,77153547e41ba744be46ff69a181b46d6e7df054609c849230a8c8a58baffafe
genuine_target_maneuver,20003,cross_channel,0.2655130550628555,0.3115990885757749,0.3115990885757749,1.0,0.0,0.0,0.0,1.796345596778993,5.545821761851758,0.95625,0.014095221895281607,0.16875,0.0,0.9875,0.0,0.0,0.9946815007723844,0.7775004918544912,0.0,0.0,0.0,0.0,0.0,1.126531508616609,0.0,0.0,2.498565290821716,3de12f080c550e11c03b85f7e8a513a0f2b7599267b00aba0e3ae0bf34e927d2
genuine_target_maneuver,20004,cross_channel,0.2898273850637864,0.31280518945185065,0.31280518945185065,0.98125,0.0,0.01875,0.0,1.8384662101343054,5.82912518719769,0.95,0.018145750029109592,0.1625,0.0,1.0,0.0,0.0,0.9924972970915222,0.699164780869761,0.0,0.0,0.0,0.0,0.0,1.130437810715329,0.0,0.0,2.44224283285439,0e86fdf1e48cc1400b65ed9d83dff51f6dc75d2ef1d9da08f1065c3ee42dd6b4
genuine_target_maneuver,20005,cross_channel,0.27534937667866083,0.31431626575129656,0.31431626575129656,1.0,0.0,0.0,0.0,1.8647313054394516,5.54466950763393,0.95625,0.010684662248606576,0.05,0.0,1.0,0.0,0.0,0.9965665637418178,0.7554293703648709,0.0,0.0,0.0,0.0,0.0,0.9921274650335021,0.0,0.0,3.5672447921242565,0702fbe0b473bae84f57d852e29fa50f160a7a7d92ba5d84bbb5d1bb4f5546d0
genuine_target_maneuver,20006,cross_channel,0.261351525740638,0.2967466644446267,0.2967466644446267,1.0,0.0,0.0,0.0,1.6468088873938764,4.379423767574052,0.975,0.01296939861423616,0.075,0.0,1.0,0.0,0.0,0.9952917281280328,0.7416195245781312,0.0,0.0,0.0,0.0,0.0,1.101885307538148,0.0,0.0,3.8803342080209404,a077b5977c11c57f447f0d45bc52b866b6b79c97959be082ce667d86bdaaf7a3
genuine_target_maneuver,20007,cross_channel,0.28827304524708663,0.3156705431856921,0.3156705431856921,0.9875,0.0,0.0125,0.0,1.874207913246832,5.263684739546647,0.95625,0.018244137470759127,0.1,0.0,1.0,0.0,0.0,0.9953495509451251,0.6946362025235546,0.0,0.0,0.0,0.0,0.0,1.1649084897782622,0.0,0.0,4.017874791985378,41f35fda6ab899f19dfad245c7b5fbe955c86e3c1c89b56bf2e797b98446c530
genuine_target_maneuver,20008,cross_channel,0.27771182009719286,0.3044908220432988,0.3044908220432988,0.99375,0.0,0.00625,0.0,1.7307791739417375,5.047702715786059,0.96875,0.01637522032219698,0.1,0.0,1.0,0.0,0.0,0.996174767084184,0.8352859294177424,0.0,0.0,0.0,0.0,0.0,1.1904716653047411,0.0,0.0,3.8853121250867844,1163d2ca19b4264b6e7bb560909e661a3a6c750e1f9da5457df6cba714302d2e
genuine_target_maneuver,20009,cross_channel,0.2903396144348836,0.3275436630778219,0.3275436630778219,1.0,0.0,0.0,0.0,1.9697738350234857,5.2260562142952836,0.95625,0.015206943531374487,0.08125,0.0,1.0,0.0,0.0,0.9953559872818047,0.7411577626123367,0.0,0.0,0.0,0.0,0.0,1.2553145634077054,0.0,0.0,4.673477374948561,d13be725d8dc67284201c5899e9ddcf4372b7fa8f726db0155e4b507ba05994e
genuine_target_maneuver,20010,cross_channel,0.2744810975948754,0.3131339487091698,0.3131339487091698,1.0,0.0,0.0,0.0,1.803365239245902,6.052328124151912,0.9375,0.012569785158109406,0.10625,0.0,1.0,0.0,0.0,0.9960055886615929,0.8360673723667813,0.0,0.0,0.0,0.0,0.0,1.184514763452523,0.0,0.0,5.080386499874294,97abe45dbc24d94b9ef9e18c063414ead8e787beaa97d105f9cc128205560c04
genuine_target_maneuver,20011,cross_channel,0.2795951342360821,0.3113823541658147,0.3113823541658147,0.99375,0.0,0.00625,0.0,1.8018824908203435,5.838312336375356,0.95625,0.014585579549730002,0.11875,0.0,1.0,0.0,0.0,0.9959939097356638,0.8545944389548079,0.0,0.0,0.0,0.0,0.0,1.0964454160416204,0.0,0.0,6.216108667198569,7182a89cf16fe9fd4bccf58ab055239695f7fbe25938f853d28afc6857d434ac
genuine_target_maneuver,20012,cross_channel,0.27743684398715496,0.28745051494703483,0.28745051494703483,0.975,0.0,0.025,0.0,1.5369546296257552,4.5914232466657445,0.99375,0.016467336997322342,0.125,0.0,1.0,0.0,0.0,0.9966759470288657,0.8215073970289953,0.0,0.0,0.0,0.0,0.0,1.176427872929471,0.0,0.0,6.731322875013575,347b47ab8e9114153c3d561389ac6b0853cdaa4c3f661ca6b8e3976483584df8
genuine_target_maneuver,20013,cross_channel,0.29508305900112974,0.3284240331208849,0.3284240331208849,1.0,0.0,0.0,0.0,2.0343339450359403,6.01651579427393,0.94375,0.013626658691876764,0.0625,0.0,1.0,0.0,0.0,0.998111438655436,0.8901641087122371,0.0,0.0,0.0,0.0,0.01875,1.0300860830392131,0.0,0.0,6.997068458003923,4ca6d008858e9b7b7060a51d36978c564b4dca3c10ef177bf197b539ef088243
genuine_target_maneuver,20014,cross_channel,0.28577002364302284,0.3188630817903135,0.3188630817903135,1.0,0.0,0.0,0.0,1.9081267009654368,5.174064183079324,0.96875,0.011912522513939858,0.08125,0.0,1.0,0.0,0.0,0.9964751960241351,0.7772386447381954,0.0,0.0,0.0,0.0,0.04375,1.0868065387201262,0.0,0.0,6.946016040863469,84f762f305de41d1001a5fa55f58f08f86b7c56b50ec4b49678a98ece8cbd066
genuine_target_maneuver,20015,cross_channel,0.2877021456324426,0.32490298339567136,0.32490298339567136,0.99375,0.0,0.00625,0.0,1.9803979589859861,6.383425828843752,0.93125,0.016248144948328186,0.0875,0.0,1.0,0.0,0.0,0.995996527833573,0.7772801868204349,0.0,0.0,0.0,0.0,0.0,1.1918779341259569,0.0,0.0,6.851648458046839,a75b22dacf994cebea81a57bb1204c1364b92daf152ea26ca0c154d3682355a7
genuine_target_maneuver,20016,cross_channel,0.29363710676183935,0.33151159144085734,0.33151159144085734,1.0,0.0,0.0,0.0,2.0433406667432155,5.443602596630478,0.9625,0.015727193726731516,0.11875,0.0,1.0,0.0,0.0,0.9958316326692577,0.8468229852647037,0.0,0.0,0.0,0.0,0.0,0.9902491041364939,0.0,0.0,6.870677375001833,10dfbc9e947195cda46377aa07e0e3a713a7e9129627c2540350638bdc85aebb
genuine_target_maneuver,20017,cross_channel,0.27322272583377594,0.31340813797777667,0.31340813797777667,1.0,0.0,0.0,0.0,1.7348957217976015,5.122355214308206,0.96875,0.013955189429060932,0.0875,0.0,1.0,0.0,0.0,0.9974621863720567,0.8755098267339625,0.0,0.0,0.0,0.0,0.0,1.1406537695437333,0.0,0.0,7.027030584169552,1de38de5fe53efe415292ec0d763235dce78d3ae7b08d78dab0e771cb9165ca0
genuine_target_maneuver,20018,cross_channel,0.26957980237424617,0.30855147803982164,0.30855147803982164,1.0,0.0,0.0,0.0,1.7424905358218568,4.682664932985196,0.9625,0.016635761327017617,0.11875,0.0,1.0,0.0,0.0,0.9935334364107294,0.6342936361771714,0.0,0.0,0.0,0.0,0.00625,1.2579635554372293,0.0,0.0,6.808616958092898,61ea854986e72de70ebec684780755141e4db90b978209cb94b5a0b0aa57c560
genuine_target_maneuver,20019,cross_channel,0.28880588853146005,0.33289235650815746,0.33289235650815746,1.0,0.0,0.0,0.0,2.046037002622936,6.69364636472382,0.93125,0.0132428572295342,0.125,0.0,1.0,0.0,0.0,0.9957185649577422,0.829937586756064,0.0,0.0,0.0,0.0,0.0,1.220720980711205,0.0,0.0,7.31187470885925,d1e5db13c70981ff00496b77c76130cb1567a3a576b916f9abd23e74ecf028dd
genuine_target_maneuver,20020,cross_channel,0.2517767727070316,0.2940020005027528,0.2940020005027528,1.0,0.0,0.0,0.0,1.5832912987060688,4.977603489849017,0.9625,0.013409131774678668,0.06875,0.0,0.9875,0.0,0.0,0.9976052477969224,0.8484528488662921,0.0,0.0,0.0,0.0,0.0,1.2299108119687738,0.0,0.0,7.2409043330699205,c020c6d6c079ff3d9d06c782110aedaf1da8a53861ba1cfb7b12c57b06bc05af
genuine_target_maneuver,20021,cross_channel,0.26019327156259175,0.30555480926816264,0.30555480926816264,1.0,0.0,0.0,0.0,1.6278379723756018,5.399970611032119,0.9625,0.01060071367730751,0.075,0.0,1.0,0.0,0.0,0.9962926063147837,0.6800971378592748,0.0,0.0,0.0,0.0,0.0,1.114285519628624,0.0,0.0,7.694403290981427,6154bdce313426d450ea8bf30f1a82d082496b539b75d345b77106c9ef2dc04c
genuine_target_maneuver,20022,cross_channel,0.27870914328673496,0.30890953091107853,0.30890953091107853,1.0,0.0,0.0,0.0,1.7348783858777004,4.540899026802704,0.975,0.013660989961169944,0.11875,0.0,1.0,0.0,0.0,0.9949460252078882,0.6149087920302991,0.0,0.0,0.0,0.0,0.0,1.2459362326141228,0.0,0.0,7.39215529197827,5f2b3658b1118da16d3c541330bbf9fb4b10e42915dc26ac9dd72d994c44c408
genuine_target_maneuver,20023,cross_channel,0.2740237354127661,0.30799703980009924,0.30799703980009924,1.0,0.0,0.0,0.0,1.7758789851951815,5.1734397726283445,0.95625,0.012427398140573613,0.075,0.0,1.0,0.0,0.0,0.9957895904201083,0.7151828913831408,0.0,0.0,0.0,0.0,0.0,1.27659678806586,0.0,0.0,8.705999749945477,0a7b17b5376cc34e0f8d0fd081d0c6ee8f22648f5c1874cb1d7f888ae43d74a1
genuine_target_maneuver,20024,cross_channel,0.2841495603661565,0.3219144366520382,0.3219144366520382,1.0,0.0,0.0,0.0,1.8945649804907316,5.598101601477569,0.95,0.013346275501835963,0.09375,0.0,1.0,0.0,0.0,0.997450521718978,0.9143177350179833,0.0,0.0,0.0,0.0,0.0,1.2563027264945383,0.0,0.0,8.870664708083495,e06f00d6dea94f03adc66da35335acda7b8ae97d5319541b93eeee62413db2de
genuine_target_maneuver,20025,cross_channel,0.2964794235090468,0.33404458410834004,0.33404458410834004,1.0,0.0,0.0,0.0,2.00000996752445,6.4444020006492835,0.94375,0.016561040668043696,0.1125,0.0,1.0,0.0,0.0,0.9939953098749953,0.7578471072686548,0.0,0.0,0.0,0.0,0.0,1.3614619875437257,0.0,0.0,9.2992397909984,b23b4406af2962689cb27948a2d209972aac78327696ee8d8c2a8feefea2f58f
genuine_target_maneuver,20026,cross_channel,0.29332745180197795,0.3386869205047555,0.3386869205047555,1.0,0.0,0.0,0.0,2.038644632414993,6.971586920547468,0.93125,0.010956478904197249,0.06875,0.0,1.0,0.0,0.0,0.9967491429360287,0.8330036655074415,0.0,0.0,0.0,0.0,0.0,1.2800284645388582,0.0,0.0,9.457515750080347,d68abd77bd80b6a6e048188794a1f753b7ec306f56efd91ed6c97df3c021766a
genuine_target_maneuver,20027,cross_channel,0.2737634931109366,0.3120374378260859,0.3120374378260859,1.0,0.0,0.0,0.0,1.7964645647970687,6.0692411472091,0.94375,0.012027174086760626,0.0625,0.0,1.0,0.0,0.0,0.9988556635260715,0.8871048651305319,0.0,0.0,0.0,0.0,0.0,1.3277396312305316,0.0,0.0,9.503284791018814,5ffe28be6a1e86d4dc97ffb74477b307d482545fce189cbdcc41531771849bd1
genuine_target_maneuver,20028,cross_channel,0.2490482784927443,0.2778864363351637,0.2778864363351637,1.0,0.0,0.0,0.0,1.4343182529155318,4.1331497762000655,0.99375,0.011499897459203823,0.08125,0.0,1.0,0.0,0.0,0.9962816467374431,0.7734914274885334,0.0,0.0,0.0,0.0,0.0,1.092232192447728,0.0,0.0,9.99670191691257,92c8918c5ee77f5eab2b6fae2c4afef55f14b827ac5fe217c13a07334e34a71a
genuine_target_maneuver,20029,cross_channel,0.2737939278467834,0.30245271182410577,0.30245271182410577,1.0,0.0,0.0,0.0,1.7000715367288044,4.856357127016222,0.98125,0.010342175786770057,0.05625,0.0,1.0,0.0,0.0,0.9974195806700952,0.7851271895065604,0.0,0.0,0.0,0.0,0.0,1.0882822182668215,0.0,0.0,9.915530625032261,b5fa67a7311eb1f6ce894313df2ddc1132c7e81f12434743e18753a91850f4c0
genuine_target_maneuver,20030,cross_channel,0.2938420142932563,0.3328682483322123,0.3328682483322123,1.0,0.0,0.0,0.0,2.064058617330461,5.7211597643195935,0.95,0.012668500717400725,0.075,0.0,1.0,0.0,0.0,0.9969870178265989,0.756943305442704,0.0,0.0,0.0,0.0,0.0,1.3133385593083375,0.0,0.0,10.089170875027776,882ee9b07c4901c578a4ba9456918768b41034b9153d7f3f9817a880720e59fb
genuine_target_maneuver,20031,cross_channel,0.2847291790594517,0.3118701875577884,0.3118701875577884,0.99375,0.0,0.00625,0.0,1.8155824188818364,5.221011410629283,0.95625,0.015528179018957807,0.05625,0.0,1.0,0.0,0.0,0.9965863045501996,0.7972840493238856,0.0,0.0,0.0,0.0,0.0,1.1964564810072298,0.0,0.0,9.973910667002201,f0117ec7e8d89b4e14f6cf10613905884924bc01c28123f4324c5d47cea55f12
genuine_target_maneuver,20032,cross_channel,0.28057958125006666,0.3160658186017435,0.3160658186017435,1.0,0.0,0.0,0.0,1.8067801663108358,5.394007584552236,0.9625,0.01313720620355833,0.09375,0.0,1.0,0.0,0.0,0.9973863706829509,0.8252280009704467,0.0,0.0,0.0,0.0,0.00625,1.3765197885886247,0.0,0.0,10.054265790851787,9c4f415eff46f0a8534bbb2822244abe7ca76c14731ce68a9d944d7f45d81d0c
genuine_target_maneuver,20033,cross_channel,0.26902141294853577,0.29078022057677844,0.29078022057677844,0.9875,0.0,0.0125,0.0,1.5257921143195463,4.066372536434118,0.975,0.019156255155120525,0.13125,0.0,1.0,0.0,0.0,0.993185363906614,0.5499999997311554,0.0,0.0,0.0,0.0,0.0,1.4529818035272268,0.0,0.0,9.424903499893844,376aefc1d63b30076fdfb89e7073120a979d574f8fe1fa018df5606ba012410c
genuine_target_maneuver,20034,cross_channel,0.2676269973095517,0.30378178154769886,0.30378178154769886,1.0,0.0,0.0,0.0,1.6708485091365106,4.783073924516189,0.9875,0.01132596290421536,0.075,0.0,1.0,0.0,0.0,0.9977836958242934,0.8931874669238955,0.0,0.0,0.0,0.0,0.0,1.175853760716242,0.0,0.0,10.064866082975641,3c3bca8ff9f042c0de216592058c6e4d573d973c766a3b11d5351e700bfeec3c
genuine_target_maneuver,20035,cross_channel,0.2848884711389724,0.3248214576136617,0.3248214576136617,1.0,0.0,0.0,0.0,1.9805032235469633,6.154757561590377,0.94375,0.013427512110977946,0.09375,0.0,1.0,0.0,0.0,0.9949131636808002,0.7617971216013089,0.0,0.0,0.0,0.0,0.0,1.2590730213026213,0.0,0.0,9.400019542081282,0c16f409c8dcc9efcda49af342cd57dbc08cf507be5d6ffb9278c194e501a1eb
genuine_target_maneuver,20036,cross_channel,0.2758440265286147,0.3138915456276688,0.3138915456276688,1.0,0.0,0.0,0.0,1.7832556390636451,5.215952337921918,0.9625,0.010514049959006344,0.0625,0.0,1.0,0.0,0.0,0.9970700145473167,0.8278735997552835,0.0,0.0,0.0,0.0,0.0,1.464534926290904,0.0,0.0,9.619160415837541,fd3855f3058c931675e287396b2f1aa06e927ab5ed30946ce43d412f33960354
genuine_target_maneuver,20037,cross_channel,0.2636414300525958,0.29944621040730723,0.29944621040730723,1.0,0.0,0.0,0.0,1.6875612864904437,4.88058551013135,0.975,0.012276279418536646,0.11875,0.0,1.0,0.0,0.0,0.9945330590244147,0.6638778029980189,0.0,0.0,0.0,0.0,0.0,1.075049484053748,0.0,0.0,8.316328124841675,5b6ced666f6f26157dd783ee2430676c6764d3809ab173fdcf4b31d77f395745
genuine_target_maneuver,20038,cross_channel,0.2546547546125117,0.287366181154502,0.287366181154502,1.0,0.0,0.0,0.0,1.5263006971078183,5.384788787303149,0.975,0.012761730736208654,0.075,0.0,1.0,0.0,0.0,0.9965824686335756,0.7155718257953939,0.0,0.0,0.0,0.0,0.0,1.264088548063538,0.0,0.0,7.520556542091072,53f329c4c6211eda46e7db068dcedadfd6cd3dd9ce2cd6df6ba535058e1319af
genuine_target_maneuver,20039,cross_channel,0.2797676663930787,0.3104284714502567,0.3104284714502567,1.0,0.0,0.0,0.0,1.824954188372302,4.873257993418799,0.98125,0.01235619594491815,0.09375,0.0,1.0,0.0,0.0,0.9970797151984323,0.858261241383967,0.0,0.0,0.0,0.0,0.0,1.0032517634840368,0.0,0.0,7.326040750136599,a374d2571a63c4b6898ee3d34b87eaffe1d57e5b30dfac4efd125c36059d6856
genuine_target_maneuver,20000,ramp_rate,0.2884361246908758,0.31924861942488203,0.31924861942488203,1.0,0.0,0.0,0.0,1.916235374051245,5.010123265529418,0.98125,0.012937009000241825,0.0875,0.0,1.0,0.0,0.0,1.0,1.0,0.0,0.0,0.0,0.0,0.00625,1.174670893601629,0.0,0.0,2.486972291022539,161875e5c6524f81b6c6098e2e287ba9b321ab9a97460edd2a313802eea7c9bd
genuine_target_maneuver,20001,ramp_rate,0.2585320651194861,0.29758765791944247,0.29758765791944247,1.0,0.0,0.0,0.0,1.6006418793931878,4.193920419510677,0.975,0.011231972200975202,0.09375,0.0,1.0,0.0,0.0,1.0,1.0,0.0,0.0,0.0,0.0,0.0,1.193112405735829,0.0,0.0,2.4633181251119822,70c58fe4a4df5488f498e555a4496116dd6fec8d4c4ffa8edcaa5fb10f10e349
genuine_target_maneuver,20002,ramp_rate,0.2890337327640425,0.3145561206931802,0.3145561206931802,0.98125,0.0,0.01875,0.0,1.785492997526878,5.92300529798565,0.95625,0.020423586533685683,0.125,0.0,1.0,0.0,0.0,1.0,1.0,0.0,0.0,0.0,0.0,0.0,1.4495514073522096,0.0,0.0,2.527244791854173,77153547e41ba744be46ff69a181b46d6e7df054609c849230a8c8a58baffafe
genuine_target_maneuver,20003,ramp_rate,0.2655130550628555,0.3115990885757749,0.3115990885757749,1.0,0.0,0.0,0.0,1.796345596778993,5.545821761851758,0.95625,0.014095221895281607,0.16875,0.0,0.9875,0.0,0.0,1.0,1.0,0.0,0.0,0.0,0.0,0.0,1.126531508616609,0.0,0.0,2.498565290821716,3de12f080c550e11c03b85f7e8a513a0f2b7599267b00aba0e3ae0bf34e927d2
genuine_target_maneuver,20004,ramp_rate,0.2898273850637864,0.31280518945185065,0.31280518945185065,0.98125,0.0,0.01875,0.0,1.8384662101343054,5.82912518719769,0.95,0.018145750029109592,0.1625,0.0,1.0,0.0,0.0,1.0,1.0,0.0,0.0,0.0,0.0,0.0,1.130437810715329,0.0,0.0,2.44224283285439,0e86fdf1e48cc1400b65ed9d83dff51f6dc75d2ef1d9da08f1065c3ee42dd6b4
genuine_target_maneuver,20005,ramp_rate,0.27534937667866083,0.31431626575129656,0.31431626575129656,1.0,0.0,0.0,0.0,1.8647313054394516,5.54466950763393,0.95625,0.010684662248606576,0.05,0.0,1.0,0.0,0.0,1.0,1.0,0.0,0.0,0.0,0.0,0.0,0.9921274650335021,0.0,0.0,3.5672447921242565,0702fbe0b473bae84f57d852e29fa50f160a7a7d92ba5d84bbb5d1bb4f5546d0
genuine_target_maneuver,20006,ramp_rate,0.261351525740638,0.2967466644446267,0.2967466644446267,1.0,0.0,0.0,0.0,1.6468088873938764,4.379423767574052,0.975,0.01296939861423616,0.075,0.0,1.0,0.0,0.0,1.0,1.0,0.0,0.0,0.0,0.0,0.0,1.101885307538148,0.0,0.0,3.8803342080209404,a077b5977c11c57f447f0d45bc52b866b6b79c97959be082ce667d86bdaaf7a3
genuine_target_maneuver,20007,ramp_rate,0.28827304524708663,0.3156705431856921,0.3156705431856921,0.9875,0.0,0.0125,0.0,1.874207913246832,5.263684739546647,0.95625,0.018244137470759127,0.1,0.0,1.0,0.0,0.0,1.0,1.0,0.0,0.0,0.0,0.0,0.0,1.1649084897782622,0.0,0.0,4.017874791985378,41f35fda6ab899f19dfad245c7b5fbe955c86e3c1c89b56bf2e797b98446c530
genuine_target_maneuver,20008,ramp_rate,0.27771182009719286,0.3044908220432988,0.3044908220432988,0.99375,0.0,0.00625,0.0,1.7307791739417375,5.047702715786059,0.96875,0.01637522032219698,0.1,0.0,1.0,0.0,0.0,1.0,1.0,0.0,0.0,0.0,0.0,0.0,1.1904716653047411,0.0,0.0,3.8853121250867844,1163d2ca19b4264b6e7bb560909e661a3a6c750e1f9da5457df6cba714302d2e
genuine_target_maneuver,20009,ramp_rate,0.2903396144348836,0.3275436630778219,0.3275436630778219,1.0,0.0,0.0,0.0,1.9697738350234857,5.2260562142952836,0.95625,0.015206943531374487,0.08125,0.0,1.0,0.0,0.0,1.0,1.0,0.0,0.0,0.0,0.0,0.0,1.2553145634077054,0.0,0.0,4.673477374948561,d13be725d8dc67284201c5899e9ddcf4372b7fa8f726db0155e4b507ba05994e
genuine_target_maneuver,20010,ramp_rate,0.2744810975948754,0.3131339487091698,0.3131339487091698,1.0,0.0,0.0,0.0,1.803365239245902,6.052328124151912,0.9375,0.012569785158109406,0.10625,0.0,1.0,0.0,0.0,1.0,1.0,0.0,0.0,0.0,0.0,0.0,1.184514763452523,0.0,0.0,5.080386499874294,97abe45dbc24d94b9ef9e18c063414ead8e787beaa97d105f9cc128205560c04
genuine_target_maneuver,20011,ramp_rate,0.2795951342360821,0.3113823541658147,0.3113823541658147,0.99375,0.0,0.00625,0.0,1.8018824908203435,5.838312336375356,0.95625,0.014585579549730002,0.11875,0.0,1.0,0.0,0.0,1.0,1.0,0.0,0.0,0.0,0.0,0.0,1.0964454160416204,0.0,0.0,6.216108667198569,7182a89cf16fe9fd4bccf58ab055239695f7fbe25938f853d28afc6857d434ac
genuine_target_maneuver,20012,ramp_rate,0.27743684398715496,0.28745051494703483,0.28745051494703483,0.975,0.0,0.025,0.0,1.5369546296257552,4.5914232466657445,0.99375,0.016467336997322342,0.125,0.0,1.0,0.0,0.0,1.0,1.0,0.0,0.0,0.0,0.0,0.0,1.176427872929471,0.0,0.0,6.731322875013575,347b47ab8e9114153c3d561389ac6b0853cdaa4c3f661ca6b8e3976483584df8
genuine_target_maneuver,20013,ramp_rate,0.29508305900112974,0.3284240331208849,0.3284240331208849,1.0,0.0,0.0,0.0,2.0343339450359403,6.01651579427393,0.94375,0.013626658691876764,0.0625,0.0,1.0,0.0,0.0,1.0,1.0,0.0,0.0,0.0,0.0,0.01875,1.0300860830392131,0.0,0.0,6.997068458003923,4ca6d008858e9b7b7060a51d36978c564b4dca3c10ef177bf197b539ef088243
genuine_target_maneuver,20014,ramp_rate,0.28577002364302284,0.3188630817903135,0.3188630817903135,1.0,0.0,0.0,0.0,1.9081267009654368,5.174064183079324,0.96875,0.011912522513939858,0.08125,0.0,1.0,0.0,0.0,1.0,1.0,0.0,0.0,0.0,0.0,0.04375,1.0868065387201262,0.0,0.0,6.946016040863469,84f762f305de41d1001a5fa55f58f08f86b7c56b50ec4b49678a98ece8cbd066
genuine_target_maneuver,20015,ramp_rate,0.2877021456324426,0.32490298339567136,0.32490298339567136,0.99375,0.0,0.00625,0.0,1.9803979589859861,6.383425828843752,0.93125,0.016248144948328186,0.0875,0.0,1.0,0.0,0.0,1.0,1.0,0.0,0.0,0.0,0.0,0.0,1.1918779341259569,0.0,0.0,6.851648458046839,a75b22dacf994cebea81a57bb1204c1364b92daf152ea26ca0c154d3682355a7
genuine_target_maneuver,20016,ramp_rate,0.29363710676183935,0.33151159144085734,0.33151159144085734,1.0,0.0,0.0,0.0,2.0433406667432155,5.443602596630478,0.9625,0.015727193726731516,0.11875,0.0,1.0,0.0,0.0,1.0,1.0,0.0,0.0,0.0,0.0,0.0,0.9902491041364939,0.0,0.0,6.870677375001833,10dfbc9e947195cda46377aa07e0e3a713a7e9129627c2540350638bdc85aebb
genuine_target_maneuver,20017,ramp_rate,0.27322272583377594,0.31340813797777667,0.31340813797777667,1.0,0.0,0.0,0.0,1.7348957217976015,5.122355214308206,0.96875,0.013955189429060932,0.0875,0.0,1.0,0.0,0.0,1.0,1.0,0.0,0.0,0.0,0.0,0.0,1.1406537695437333,0.0,0.0,7.027030584169552,1de38de5fe53efe415292ec0d763235dce78d3ae7b08d78dab0e771cb9165ca0
genuine_target_maneuver,20018,ramp_rate,0.26957980237424617,0.30855147803982164,0.30855147803982164,1.0,0.0,0.0,0.0,1.7424905358218568,4.682664932985196,0.9625,0.016635761327017617,0.11875,0.0,1.0,0.0,0.0,1.0,1.0,0.0,0.0,0.0,0.0,0.00625,1.2579635554372293,0.0,0.0,6.808616958092898,61ea854986e72de70ebec684780755141e4db90b978209cb94b5a0b0aa57c560
genuine_target_maneuver,20019,ramp_rate,0.28880588853146005,0.33289235650815746,0.33289235650815746,1.0,0.0,0.0,0.0,2.046037002622936,6.69364636472382,0.93125,0.0132428572295342,0.125,0.0,1.0,0.0,0.0,1.0,1.0,0.0,0.0,0.0,0.0,0.0,1.220720980711205,0.0,0.0,7.31187470885925,d1e5db13c70981ff00496b77c76130cb1567a3a576b916f9abd23e74ecf028dd
genuine_target_maneuver,20020,ramp_rate,0.2517767727070316,0.2940020005027528,0.2940020005027528,1.0,0.0,0.0,0.0,1.5832912987060688,4.977603489849017,0.9625,0.013409131774678668,0.06875,0.0,0.9875,0.0,0.0,1.0,1.0,0.0,0.0,0.0,0.0,0.0,1.2299108119687738,0.0,0.0,7.2409043330699205,c020c6d6c079ff3d9d06c782110aedaf1da8a53861ba1cfb7b12c57b06bc05af
genuine_target_maneuver,20021,ramp_rate,0.26019327156259175,0.30555480926816264,0.30555480926816264,1.0,0.0,0.0,0.0,1.6278379723756018,5.399970611032119,0.9625,0.01060071367730751,0.075,0.0,1.0,0.0,0.0,1.0,1.0,0.0,0.0,0.0,0.0,0.0,1.114285519628624,0.0,0.0,7.694403290981427,6154bdce313426d450ea8bf30f1a82d082496b539b75d345b77106c9ef2dc04c
genuine_target_maneuver,20022,ramp_rate,0.27870914328673496,0.30890953091107853,0.30890953091107853,1.0,0.0,0.0,0.0,1.7348783858777004,4.540899026802704,0.975,0.013660989961169944,0.11875,0.0,1.0,0.0,0.0,1.0,1.0,0.0,0.0,0.0,0.0,0.0,1.2459362326141228,0.0,0.0,7.39215529197827,5f2b3658b1118da16d3c541330bbf9fb4b10e42915dc26ac9dd72d994c44c408
genuine_target_maneuver,20023,ramp_rate,0.2740237354127661,0.30799703980009924,0.30799703980009924,1.0,0.0,0.0,0.0,1.7758789851951815,5.1734397726283445,0.95625,0.012427398140573613,0.075,0.0,1.0,0.0,0.0,1.0,1.0,0.0,0.0,0.0,0.0,0.0,1.27659678806586,0.0,0.0,8.705999749945477,0a7b17b5376cc34e0f8d0fd081d0c6ee8f22648f5c1874cb1d7f888ae43d74a1
genuine_target_maneuver,20024,ramp_rate,0.2841495603661565,0.3219144366520382,0.3219144366520382,1.0,0.0,0.0,0.0,1.8945649804907316,5.598101601477569,0.95,0.013346275501835963,0.09375,0.0,1.0,0.0,0.0,1.0,1.0,0.0,0.0,0.0,0.0,0.0,1.2563027264945383,0.0,0.0,8.870664708083495,e06f00d6dea94f03adc66da35335acda7b8ae97d5319541b93eeee62413db2de
genuine_target_maneuver,20025,ramp_rate,0.2964794235090468,0.33404458410834004,0.33404458410834004,1.0,0.0,0.0,0.0,2.00000996752445,6.4444020006492835,0.94375,0.016561040668043696,0.1125,0.0,1.0,0.0,0.0,1.0,1.0,0.0,0.0,0.0,0.0,0.0,1.3614619875437257,0.0,0.0,9.2992397909984,b23b4406af2962689cb27948a2d209972aac78327696ee8d8c2a8feefea2f58f
genuine_target_maneuver,20026,ramp_rate,0.29332745180197795,0.3386869205047555,0.3386869205047555,1.0,0.0,0.0,0.0,2.038644632414993,6.971586920547468,0.93125,0.010956478904197249,0.06875,0.0,1.0,0.0,0.0,1.0,1.0,0.0,0.0,0.0,0.0,0.0,1.2800284645388582,0.0,0.0,9.457515750080347,d68abd77bd80b6a6e048188794a1f753b7ec306f56efd91ed6c97df3c021766a
genuine_target_maneuver,20027,ramp_rate,0.2737634931109366,0.3120374378260859,0.3120374378260859,1.0,0.0,0.0,0.0,1.7964645647970687,6.0692411472091,0.94375,0.012027174086760626,0.0625,0.0,1.0,0.0,0.0,1.0,1.0,0.0,0.0,0.0,0.0,0.0,1.3277396312305316,0.0,0.0,9.503284791018814,5ffe28be6a1e86d4dc97ffb74477b307d482545fce189cbdcc41531771849bd1
genuine_target_maneuver,20028,ramp_rate,0.2490482784927443,0.2778864363351637,0.2778864363351637,1.0,0.0,0.0,0.0,1.4343182529155318,4.1331497762000655,0.99375,0.011499897459203823,0.08125,0.0,1.0,0.0,0.0,1.0,1.0,0.0,0.0,0.0,0.0,0.0,1.092232192447728,0.0,0.0,9.99670191691257,92c8918c5ee77f5eab2b6fae2c4afef55f14b827ac5fe217c13a07334e34a71a
genuine_target_maneuver,20029,ramp_rate,0.2737939278467834,0.30245271182410577,0.30245271182410577,1.0,0.0,0.0,0.0,1.7000715367288044,4.856357127016222,0.98125,0.010342175786770057,0.05625,0.0,1.0,0.0,0.0,1.0,1.0,0.0,0.0,0.0,0.0,0.0,1.0882822182668215,0.0,0.0,9.915530625032261,b5fa67a7311eb1f6ce894313df2ddc1132c7e81f12434743e18753a91850f4c0
genuine_target_maneuver,20030,ramp_rate,0.2938420142932563,0.3328682483322123,0.3328682483322123,1.0,0.0,0.0,0.0,2.064058617330461,5.7211597643195935,0.95,0.012668500717400725,0.075,0.0,1.0,0.0,0.0,1.0,1.0,0.0,0.0,0.0,0.0,0.0,1.3133385593083375,0.0,0.0,10.089170875027776,882ee9b07c4901c578a4ba9456918768b41034b9153d7f3f9817a880720e59fb
genuine_target_maneuver,20031,ramp_rate,0.2847291790594517,0.3118701875577884,0.3118701875577884,0.99375,0.0,0.00625,0.0,1.8155824188818364,5.221011410629283,0.95625,0.015528179018957807,0.05625,0.0,1.0,0.0,0.0,1.0,1.0,0.0,0.0,0.0,0.0,0.0,1.1964564810072298,0.0,0.0,9.973910667002201,f0117ec7e8d89b4e14f6cf10613905884924bc01c28123f4324c5d47cea55f12
genuine_target_maneuver,20032,ramp_rate,0.28057958125006666,0.3160658186017435,0.3160658186017435,1.0,0.0,0.0,0.0,1.8067801663108358,5.394007584552236,0.9625,0.01313720620355833,0.09375,0.0,1.0,0.0,0.0,1.0,1.0,0.0,0.0,0.0,0.0,0.00625,1.3765197885886247,0.0,0.0,10.054265790851787,9c4f415eff46f0a8534bbb2822244abe7ca76c14731ce68a9d944d7f45d81d0c
genuine_target_maneuver,20033,ramp_rate,0.26902141294853577,0.29078022057677844,0.29078022057677844,0.9875,0.0,0.0125,0.0,1.5257921143195463,4.066372536434118,0.975,0.019156255155120525,0.13125,0.0,1.0,0.0,0.0,0.9982421880649393,0.55,0.0,0.0,0.0,0.0,0.0,1.4529818035272268,0.0,0.0,9.424903499893844,376aefc1d63b30076fdfb89e7073120a979d574f8fe1fa018df5606ba012410c
genuine_target_maneuver,20034,ramp_rate,0.2676269973095517,0.30378178154769886,0.30378178154769886,1.0,0.0,0.0,0.0,1.6708485091365106,4.783073924516189,0.9875,0.01132596290421536,0.075,0.0,1.0,0.0,0.0,1.0,1.0,0.0,0.0,0.0,0.0,0.0,1.175853760716242,0.0,0.0,10.064866082975641,3c3bca8ff9f042c0de216592058c6e4d573d973c766a3b11d5351e700bfeec3c
genuine_target_maneuver,20035,ramp_rate,0.2848884711389724,0.3248214576136617,0.3248214576136617,1.0,0.0,0.0,0.0,1.9805032235469633,6.154757561590377,0.94375,0.013427512110977946,0.09375,0.0,1.0,0.0,0.0,1.0,1.0,0.0,0.0,0.0,0.0,0.0,1.2590730213026213,0.0,0.0,9.400019542081282,0c16f409c8dcc9efcda49af342cd57dbc08cf507be5d6ffb9278c194e501a1eb
genuine_target_maneuver,20036,ramp_rate,0.2758440265286147,0.3138915456276688,0.3138915456276688,1.0,0.0,0.0,0.0,1.7832556390636451,5.215952337921918,0.9625,0.010514049959006344,0.0625,0.0,1.0,0.0,0.0,1.0,1.0,0.0,0.0,0.0,0.0,0.0,1.464534926290904,0.0,0.0,9.619160415837541,fd3855f3058c931675e287396b2f1aa06e927ab5ed30946ce43d412f33960354
genuine_target_maneuver,20037,ramp_rate,0.2636414300525958,0.29944621040730723,0.29944621040730723,1.0,0.0,0.0,0.0,1.6875612864904437,4.88058551013135,0.975,0.012276279418536646,0.11875,0.0,1.0,0.0,0.0,1.0,1.0,0.0,0.0,0.0,0.0,0.0,1.075049484053748,0.0,0.0,8.316328124841675,5b6ced666f6f26157dd783ee2430676c6764d3809ab173fdcf4b31d77f395745
genuine_target_maneuver,20038,ramp_rate,0.2546547546125117,0.287366181154502,0.287366181154502,1.0,0.0,0.0,0.0,1.5263006971078183,5.384788787303149,0.975,0.012761730736208654,0.075,0.0,1.0,0.0,0.0,1.0,1.0,0.0,0.0,0.0,0.0,0.0,1.264088548063538,0.0,0.0,7.520556542091072,53f329c4c6211eda46e7db068dcedadfd6cd3dd9ce2cd6df6ba535058e1319af
genuine_target_maneuver,20039,ramp_rate,0.2797676663930787,0.3104284714502567,0.3104284714502567,1.0,0.0,0.0,0.0,1.824954188372302,4.873257993418799,0.98125,0.01235619594491815,0.09375,0.0,1.0,0.0,0.0,1.0,1.0,0.0,0.0,0.0,0.0,0.0,1.0032517634840368,0.0,0.0,7.326040750136599,a374d2571a63c4b6898ee3d34b87eaffe1d57e5b30dfac4efd125c36059d6856
genuine_target_maneuver,20000,influence_budget,0.2884361246908758,0.31924861942488203,0.31924861942488203,1.0,0.0,0.0,0.0,1.916235374051245,5.010123265529418,0.98125,0.012937009000241825,0.0875,0.0,1.0,0.0,0.0,1.0,1.0,0.004032573311096595,0.0,0.0,0.0,0.00625,1.174670893601629,0.0,0.0,2.486972291022539,161875e5c6524f81b6c6098e2e287ba9b321ab9a97460edd2a313802eea7c9bd
genuine_target_maneuver,20001,influence_budget,0.2585320651194861,0.29758765791944247,0.29758765791944247,1.0,0.0,0.0,0.0,1.6006418793931878,4.193920419510677,0.975,0.011231972200975202,0.09375,0.0,1.0,0.0,0.0,1.0,1.0,0.00747854535985294,0.0,0.0,0.0,0.0,1.193112405735829,0.0,0.0,2.4633181251119822,70c58fe4a4df5488f498e555a4496116dd6fec8d4c4ffa8edcaa5fb10f10e349
genuine_target_maneuver,20002,influence_budget,0.2890337327640425,0.3145561206931802,0.3145561206931802,0.98125,0.0,0.01875,0.0,1.785492997526878,5.92300529798565,0.95625,0.020423586533685683,0.125,0.0,1.0,0.0,0.0,1.0,1.0,0.0030226404855042284,0.0,0.0,0.0,0.0,1.4495514073522096,0.0,0.0,2.527244791854173,77153547e41ba744be46ff69a181b46d6e7df054609c849230a8c8a58baffafe
genuine_target_maneuver,20003,influence_budget,0.2655130550628555,0.3115990885757749,0.3115990885757749,1.0,0.0,0.0,0.0,1.796345596778993,5.545821761851758,0.95625,0.014095221895281607,0.16875,0.0,0.9875,0.0,0.0,1.0,1.0,0.006699369638269244,0.0,0.0,0.0,0.0,1.126531508616609,0.0,0.0,2.498565290821716,3de12f080c550e11c03b85f7e8a513a0f2b7599267b00aba0e3ae0bf34e927d2
genuine_target_maneuver,20004,influence_budget,0.2898273850637864,0.31280518945185065,0.31280518945185065,0.98125,0.0,0.01875,0.0,1.8384662101343054,5.82912518719769,0.95,0.018145750029109592,0.1625,0.0,1.0,0.0,0.0,1.0,1.0,0.007535815825573368,0.0,0.0,0.0,0.0,1.130437810715329,0.0,0.0,2.44224283285439,0e86fdf1e48cc1400b65ed9d83dff51f6dc75d2ef1d9da08f1065c3ee42dd6b4
genuine_target_maneuver,20005,influence_budget,0.27534937667866083,0.31431626575129656,0.31431626575129656,1.0,0.0,0.0,0.0,1.8647313054394516,5.54466950763393,0.95625,0.010684662248606576,0.05,0.0,1.0,0.0,0.0,1.0,1.0,0.003168535492830879,0.0,0.0,0.0,0.0,0.9921274650335021,0.0,0.0,3.5672447921242565,0702fbe0b473bae84f57d852e29fa50f160a7a7d92ba5d84bbb5d1bb4f5546d0
genuine_target_maneuver,20006,influence_budget,0.2615369628941328,0.2969039562601082,0.2969039562601082,1.0,0.0,0.0,0.0,1.6483515228739094,4.379423767574052,0.975,0.01296939861423616,0.075,0.0,1.0,0.00625,0.0,1.0,1.0,0.012756057402601662,0.0,0.0,0.0,0.0,1.101885307538148,0.0,0.0,3.8803342080209404,a077b5977c11c57f447f0d45bc52b866b6b79c97959be082ce667d86bdaaf7a3
genuine_target_maneuver,20007,influence_budget,0.28827304524708663,0.3156705431856921,0.3156705431856921,0.9875,0.0,0.0125,0.0,1.874207913246832,5.263684739546647,0.95625,0.018244137470759127,0.1,0.0,1.0,0.0,0.0,1.0,1.0,0.018170279742978756,0.0,0.0,0.0,0.0,1.1649084897782622,0.0,0.0,4.017874791985378,41f35fda6ab899f19dfad245c7b5fbe955c86e3c1c89b56bf2e797b98446c530
genuine_target_maneuver,20008,influence_budget,0.27771182009719286,0.3044908220432988,0.3044908220432988,0.99375,0.0,0.00625,0.0,1.7307791739417375,5.047702715786059,0.96875,0.01637522032219698,0.1,0.0,1.0,0.0,0.0,1.0,1.0,0.01311106743813321,0.0,0.0,0.0,0.0,1.1904716653047411,0.0,0.0,3.8853121250867844,1163d2ca19b4264b6e7bb560909e661a3a6c750e1f9da5457df6cba714302d2e
genuine_target_maneuver,20009,influence_budget,0.2903396144348836,0.3275436630778219,0.3275436630778219,1.0,0.0,0.0,0.0,1.9697738350234857,5.2260562142952836,0.95625,0.015206943531374487,0.08125,0.0,1.0,0.0,0.0,1.0,1.0,0.008744302839417507,0.0,0.0,0.0,0.0,1.2553145634077054,0.0,0.0,4.673477374948561,d13be725d8dc67284201c5899e9ddcf4372b7fa8f726db0155e4b507ba05994e
genuine_target_maneuver,20010,influence_budget,0.2744810975948754,0.3131339487091698,0.3131339487091698,1.0,0.0,0.0,0.0,1.803365239245902,6.052328124151912,0.9375,0.012569785158109406,0.10625,0.0,1.0,0.0,0.0,1.0,1.0,0.008129442039894515,0.0,0.0,0.0,0.0,1.184514763452523,0.0,0.0,5.080386499874294,97abe45dbc24d94b9ef9e18c063414ead8e787beaa97d105f9cc128205560c04
genuine_target_maneuver,20011,influence_budget,0.2795951342360821,0.3113823541658147,0.3113823541658147,0.99375,0.0,0.00625,0.0,1.8018824908203435,5.838312336375356,0.95625,0.014585579549730002,0.11875,0.0,1.0,0.0,0.0,1.0,1.0,0.003362186017607853,0.0,0.0,0.0,0.0,1.0964454160416204,0.0,0.0,6.216108667198569,7182a89cf16fe9fd4bccf58ab055239695f7fbe25938f853d28afc6857d434ac
genuine_target_maneuver,20012,influence_budget,0.27743684398715496,0.28745051494703483,0.28745051494703483,0.975,0.0,0.025,0.0,1.5369546296257552,4.5914232466657445,0.99375,0.016467336997322342,0.125,0.0,1.0,0.0,0.0,1.0,1.0,0.010818712932946006,0.0,0.0,0.0,0.0,1.176427872929471,0.0,0.0,6.731322875013575,347b47ab8e9114153c3d561389ac6b0853cdaa4c3f661ca6b8e3976483584df8
genuine_target_maneuver,20013,influence_budget,0.29508305900112974,0.3284240331208849,0.3284240331208849,1.0,0.0,0.0,0.0,2.0343339450359403,6.01651579427393,0.94375,0.013626658691876764,0.0625,0.0,1.0,0.0,0.0,1.0,1.0,0.006790643654199726,0.0,0.0,0.0,0.01875,1.0300860830392131,0.0,0.0,6.997068458003923,4ca6d008858e9b7b7060a51d36978c564b4dca3c10ef177bf197b539ef088243
genuine_target_maneuver,20014,influence_budget,0.28577002364302284,0.3188630817903135,0.3188630817903135,1.0,0.0,0.0,0.0,1.9081267009654368,5.174064183079324,0.96875,0.011912522513939858,0.08125,0.0,1.0,0.0,0.0,1.0,1.0,0.012347041103451781,0.0,0.0,0.0,0.04375,1.0868065387201262,0.0,0.0,6.946016040863469,84f762f305de41d1001a5fa55f58f08f86b7c56b50ec4b49678a98ece8cbd066
genuine_target_maneuver,20015,influence_budget,0.2877021456324426,0.32490298339567136,0.32490298339567136,0.99375,0.0,0.00625,0.0,1.9803979589859861,6.383425828843752,0.93125,0.016248144948328186,0.0875,0.0,1.0,0.0,0.0,1.0,1.0,0.006681494492361347,0.0,0.0,0.0,0.0,1.1918779341259569,0.0,0.0,6.851648458046839,a75b22dacf994cebea81a57bb1204c1364b92daf152ea26ca0c154d3682355a7
genuine_target_maneuver,20016,influence_budget,0.2936419837939594,0.3315177213800535,0.3315177213800535,1.0,0.0,0.0,0.0,2.043325262443178,5.443602596630478,0.9625,0.015727179006870942,0.11875,0.0,1.0,0.00625,0.0,1.0,1.0,0.007695564794410038,0.0,0.0,0.0,0.0,0.9902491041364939,0.0,0.0,6.870677375001833,10dfbc9e947195cda46377aa07e0e3a713a7e9129627c2540350638bdc85aebb
genuine_target_maneuver,20017,influence_budget,0.27322272583377594,0.31340813797777667,0.31340813797777667,1.0,0.0,0.0,0.0,1.7348957217976015,5.122355214308206,0.96875,0.013955189429060932,0.0875,0.0,1.0,0.0,0.0,1.0,1.0,0.007170033787327304,0.0,0.0,0.0,0.0,1.1406537695437333,0.0,0.0,7.027030584169552,1de38de5fe53efe415292ec0d763235dce78d3ae7b08d78dab0e771cb9165ca0
genuine_target_maneuver,20018,influence_budget,0.26957980237424617,0.30855147803982164,0.30855147803982164,1.0,0.0,0.0,0.0,1.7424905358218568,4.682664932985196,0.9625,0.016635761327017617,0.11875,0.0,1.0,0.0,0.0,1.0,1.0,0.009005395953258504,0.0,0.0,0.0,0.00625,1.2579635554372293,0.0,0.0,6.808616958092898,61ea854986e72de70ebec684780755141e4db90b978209cb94b5a0b0aa57c560
genuine_target_maneuver,20019,influence_budget,0.28880588853146005,0.33289235650815746,0.33289235650815746,1.0,0.0,0.0,0.0,2.046037002622936,6.69364636472382,0.93125,0.0132428572295342,0.125,0.0,1.0,0.0,0.0,1.0,1.0,0.0074148584488442195,0.0,0.0,0.0,0.0,1.220720980711205,0.0,0.0,7.31187470885925,d1e5db13c70981ff00496b77c76130cb1567a3a576b916f9abd23e74ecf028dd
genuine_target_maneuver,20020,influence_budget,0.2517767727070316,0.2940020005027528,0.2940020005027528,1.0,0.0,0.0,0.0,1.5832912987060688,4.977603489849017,0.9625,0.013409131774678668,0.06875,0.0,0.9875,0.0,0.0,1.0,1.0,0.004918438723365409,0.0,0.0,0.0,0.0,1.2299108119687738,0.0,0.0,7.2409043330699205,c020c6d6c079ff3d9d06c782110aedaf1da8a53861ba1cfb7b12c57b06bc05af
genuine_target_maneuver,20021,influence_budget,0.26019327156259175,0.30555480926816264,0.30555480926816264,1.0,0.0,0.0,0.0,1.6278379723756018,5.399970611032119,0.9625,0.01060071367730751,0.075,0.0,1.0,0.0,0.0,1.0,1.0,0.006234817347556881,0.0,0.0,0.0,0.0,1.114285519628624,0.0,0.0,7.694403290981427,6154bdce313426d450ea8bf30f1a82d082496b539b75d345b77106c9ef2dc04c
genuine_target_maneuver,20022,influence_budget,0.27870914328673496,0.30890953091107853,0.30890953091107853,1.0,0.0,0.0,0.0,1.7348783858777004,4.540899026802704,0.975,0.013660989961169944,0.11875,0.0,1.0,0.0,0.0,1.0,1.0,0.011175994770410126,0.0,0.0,0.0,0.0,1.2459362326141228,0.0,0.0,7.39215529197827,5f2b3658b1118da16d3c541330bbf9fb4b10e42915dc26ac9dd72d994c44c408
genuine_target_maneuver,20023,influence_budget,0.2740237354127661,0.30799703980009924,0.30799703980009924,1.0,0.0,0.0,0.0,1.7758789851951815,5.1734397726283445,0.95625,0.012427398140573613,0.075,0.0,1.0,0.0,0.0,1.0,1.0,0.009206190533544578,0.0,0.0,0.0,0.0,1.27659678806586,0.0,0.0,8.705999749945477,0a7b17b5376cc34e0f8d0fd081d0c6ee8f22648f5c1874cb1d7f888ae43d74a1
genuine_target_maneuver,20024,influence_budget,0.2841495603661565,0.3219144366520382,0.3219144366520382,1.0,0.0,0.0,0.0,1.8945649804907316,5.598101601477569,0.95,0.013346275501835963,0.09375,0.0,1.0,0.0,0.0,1.0,1.0,0.005089647857742944,0.0,0.0,0.0,0.0,1.2563027264945383,0.0,0.0,8.870664708083495,e06f00d6dea94f03adc66da35335acda7b8ae97d5319541b93eeee62413db2de
genuine_target_maneuver,20025,influence_budget,0.2964794235090468,0.33404458410834004,0.33404458410834004,1.0,0.0,0.0,0.0,2.00000996752445,6.4444020006492835,0.94375,0.016561040668043696,0.1125,0.0,1.0,0.0,0.0,1.0,1.0,0.007610294384118403,0.0,0.0,0.0,0.0,1.3614619875437257,0.0,0.0,9.2992397909984,b23b4406af2962689cb27948a2d209972aac78327696ee8d8c2a8feefea2f58f
genuine_target_maneuver,20026,influence_budget,0.29332745180197795,0.3386869205047555,0.3386869205047555,1.0,0.0,0.0,0.0,2.038644632414993,6.971586920547468,0.93125,0.010956478904197249,0.06875,0.0,1.0,0.0,0.0,1.0,1.0,0.006426172668154079,0.0,0.0,0.0,0.0,1.2800284645388582,0.0,0.0,9.457515750080347,d68abd77bd80b6a6e048188794a1f753b7ec306f56efd91ed6c97df3c021766a
genuine_target_maneuver,20027,influence_budget,0.2737634931109366,0.3120374378260859,0.3120374378260859,1.0,0.0,0.0,0.0,1.7964645647970687,6.0692411472091,0.94375,0.012027174086760626,0.0625,0.0,1.0,0.0,0.0,1.0,1.0,0.006605719276146142,0.0,0.0,0.0,0.0,1.3277396312305316,0.0,0.0,9.503284791018814,5ffe28be6a1e86d4dc97ffb74477b307d482545fce189cbdcc41531771849bd1
genuine_target_maneuver,20028,influence_budget,0.2490482784927443,0.2778864363351637,0.2778864363351637,1.0,0.0,0.0,0.0,1.4343182529155318,4.1331497762000655,0.99375,0.011499897459203823,0.08125,0.0,1.0,0.0,0.0,1.0,1.0,0.008784876390880828,0.0,0.0,0.0,0.0,1.092232192447728,0.0,0.0,9.99670191691257,92c8918c5ee77f5eab2b6fae2c4afef55f14b827ac5fe217c13a07334e34a71a
genuine_target_maneuver,20029,influence_budget,0.2737939278467834,0.30245271182410577,0.30245271182410577,1.0,0.0,0.0,0.0,1.7000715367288044,4.856357127016222,0.98125,0.010342175786770057,0.05625,0.0,1.0,0.0,0.0,1.0,1.0,0.005095645964826642,0.0,0.0,0.0,0.0,1.0882822182668215,0.0,0.0,9.915530625032261,b5fa67a7311eb1f6ce894313df2ddc1132c7e81f12434743e18753a91850f4c0
genuine_target_maneuver,20030,influence_budget,0.2938420142932563,0.3328682483322123,0.3328682483322123,1.0,0.0,0.0,0.0,2.064058617330461,5.7211597643195935,0.95,0.012668500717400725,0.075,0.0,1.0,0.0,0.0,1.0,1.0,0.00797137569170525,0.0,0.0,0.0,0.0,1.3133385593083375,0.0,0.0,10.089170875027776,882ee9b07c4901c578a4ba9456918768b41034b9153d7f3f9817a880720e59fb
genuine_target_maneuver,20031,influence_budget,0.2847291790594517,0.3118701875577884,0.3118701875577884,0.99375,0.0,0.00625,0.0,1.8155824188818364,5.221011410629283,0.95625,0.015528179018957807,0.05625,0.0,1.0,0.0,0.0,1.0,1.0,0.00461405869303926,0.0,0.0,0.0,0.0,1.1964564810072298,0.0,0.0,9.973910667002201,f0117ec7e8d89b4e14f6cf10613905884924bc01c28123f4324c5d47cea55f12
genuine_target_maneuver,20032,influence_budget,0.28057958125006666,0.3160658186017435,0.3160658186017435,1.0,0.0,0.0,0.0,1.8067801663108358,5.394007584552236,0.9625,0.01313720620355833,0.09375,0.0,1.0,0.0,0.0,1.0,1.0,0.006093574198713057,0.0,0.0,0.0,0.00625,1.3765197885886247,0.0,0.0,10.054265790851787,9c4f415eff46f0a8534bbb2822244abe7ca76c14731ce68a9d944d7f45d81d0c
genuine_target_maneuver,20033,influence_budget,0.26902141294853577,0.29078022057677844,0.29078022057677844,0.9875,0.0,0.0125,0.0,1.5257921143195463,4.066372536434118,0.975,0.019156255155120525,0.13125,0.0,1.0,0.0,0.0,1.0,1.0,0.0048027605851831265,0.0,0.0,0.0,0.0,1.4529818035272268,0.0,0.0,9.424903499893844,376aefc1d63b30076fdfb89e7073120a979d574f8fe1fa018df5606ba012410c
genuine_target_maneuver,20034,influence_budget,0.2676269973095517,0.30378178154769886,0.30378178154769886,1.0,0.0,0.0,0.0,1.6708485091365106,4.783073924516189,0.9875,0.01132596290421536,0.075,0.0,1.0,0.0,0.0,1.0,1.0,0.004434544129205322,0.0,0.0,0.0,0.0,1.175853760716242,0.0,0.0,10.064866082975641,3c3bca8ff9f042c0de216592058c6e4d573d973c766a3b11d5351e700bfeec3c
genuine_target_maneuver,20035,influence_budget,0.2848884711389724,0.3248214576136617,0.3248214576136617,1.0,0.0,0.0,0.0,1.9805032235469633,6.154757561590377,0.94375,0.013427512110977946,0.09375,0.0,1.0,0.0,0.0,1.0,1.0,0.00760593566449976,0.0,0.0,0.0,0.0,1.2590730213026213,0.0,0.0,9.400019542081282,0c16f409c8dcc9efcda49af342cd57dbc08cf507be5d6ffb9278c194e501a1eb
genuine_target_maneuver,20036,influence_budget,0.2758440265286147,0.3138915456276688,0.3138915456276688,1.0,0.0,0.0,0.0,1.7832556390636451,5.215952337921918,0.9625,0.010514049959006344,0.0625,0.0,1.0,0.0,0.0,1.0,1.0,0.003037522310299686,0.0,0.0,0.0,0.0,1.464534926290904,0.0,0.0,9.619160415837541,fd3855f3058c931675e287396b2f1aa06e927ab5ed30946ce43d412f33960354
genuine_target_maneuver,20037,influence_budget,0.2636414300525958,0.29944621040730723,0.29944621040730723,1.0,0.0,0.0,0.0,1.6875612864904437,4.88058551013135,0.975,0.012276279418536646,0.11875,0.0,1.0,0.0,0.0,1.0,1.0,0.00418801320310085,0.0,0.0,0.0,0.0,1.075049484053748,0.0,0.0,8.316328124841675,5b6ced666f6f26157dd783ee2430676c6764d3809ab173fdcf4b31d77f395745
genuine_target_maneuver,20038,influence_budget,0.2546547546125117,0.287366181154502,0.287366181154502,1.0,0.0,0.0,0.0,1.5263006971078183,5.384788787303149,0.975,0.012761730736208654,0.075,0.0,1.0,0.0,0.0,1.0,1.0,0.005380698118359964,0.0,0.0,0.0,0.0,1.264088548063538,0.0,0.0,7.520556542091072,53f329c4c6211eda46e7db068dcedadfd6cd3dd9ce2cd6df6ba535058e1319af
genuine_target_maneuver,20039,influence_budget,0.2797676663930787,0.3104284714502567,0.3104284714502567,1.0,0.0,0.0,0.0,1.824954188372302,4.873257993418799,0.98125,0.01235619594491815,0.09375,0.0,1.0,0.0,0.0,1.0,1.0,0.004416650421174096,0.0,0.0,0.0,0.0,1.0032517634840368,0.0,0.0,7.326040750136599,a374d2571a63c4b6898ee3d34b87eaffe1d57e5b30dfac4efd125c36059d6856
genuine_target_maneuver,20000,combined,0.2884361246908758,0.31924861942488203,0.31924861942488203,1.0,0.0,0.0,0.0,1.916235374051245,5.010123265529418,0.98125,0.012937009000241825,0.0875,0.0,1.0,0.0,0.0,0.9959869391372702,0.840156158170045,0.0,0.0,0.0,0.0,0.00625,1.174670893601629,0.0,0.0,2.486972291022539,161875e5c6524f81b6c6098e2e287ba9b321ab9a97460edd2a313802eea7c9bd
genuine_target_maneuver,20001,combined,0.2585320651194861,0.29758765791944247,0.29758765791944247,1.0,0.0,0.0,0.0,1.6006418793931878,4.193920419510677,0.975,0.011231972200975202,0.09375,0.0,1.0,0.0,0.0,0.9956162371964143,0.8579432224746428,0.0,0.0,0.0,0.0,0.0,1.193112405735829,0.0,0.0,2.4633181251119822,70c58fe4a4df5488f498e555a4496116dd6fec8d4c4ffa8edcaa5fb10f10e349
genuine_target_maneuver,20002,combined,0.2890337327640425,0.3145561206931802,0.3145561206931802,0.98125,0.0,0.01875,0.0,1.785492997526878,5.92300529798565,0.95625,0.020423586533685683,0.125,0.0,1.0,0.0,0.0,0.995527689396335,0.8311308595321523,0.0,0.0,0.0,0.0,0.0,1.4495514073522096,0.0,0.0,2.527244791854173,77153547e41ba744be46ff69a181b46d6e7df054609c849230a8c8a58baffafe
genuine_target_maneuver,20003,combined,0.2655130550628555,0.3115990885757749,0.3115990885757749,1.0,0.0,0.0,0.0,1.796345596778993,5.545821761851758,0.95625,0.014095221895281607,0.16875,0.0,0.9875,0.0,0.0,0.9946815007723844,0.7775004918544912,0.0,0.0,0.0,0.0,0.0,1.126531508616609,0.0,0.0,2.498565290821716,3de12f080c550e11c03b85f7e8a513a0f2b7599267b00aba0e3ae0bf34e927d2
genuine_target_maneuver,20004,combined,0.2898273850637864,0.31280518945185065,0.31280518945185065,0.98125,0.0,0.01875,0.0,1.8384662101343054,5.82912518719769,0.95,0.018145750029109592,0.1625,0.0,1.0,0.0,0.0,0.9924972970915222,0.699164780869761,0.0,0.0,0.0,0.0,0.0,1.130437810715329,0.0,0.0,2.44224283285439,0e86fdf1e48cc1400b65ed9d83dff51f6dc75d2ef1d9da08f1065c3ee42dd6b4
genuine_target_maneuver,20005,combined,0.27534937667866083,0.31431626575129656,0.31431626575129656,1.0,0.0,0.0,0.0,1.8647313054394516,5.54466950763393,0.95625,0.010684662248606576,0.05,0.0,1.0,0.0,0.0,0.9965665637418178,0.7554293703648709,0.0,0.0,0.0,0.0,0.0,0.9921274650335021,0.0,0.0,3.5672447921242565,0702fbe0b473bae84f57d852e29fa50f160a7a7d92ba5d84bbb5d1bb4f5546d0
genuine_target_maneuver,20006,combined,0.261351525740638,0.2967466644446267,0.2967466644446267,1.0,0.0,0.0,0.0,1.6468088873938764,4.379423767574052,0.975,0.01296939861423616,0.075,0.0,1.0,0.0,0.0,0.9952917281280328,0.7416195245781312,0.0,0.0,0.0,0.0,0.0,1.101885307538148,0.0,0.0,3.8803342080209404,a077b5977c11c57f447f0d45bc52b866b6b79c97959be082ce667d86bdaaf7a3
genuine_target_maneuver,20007,combined,0.28827304524708663,0.3156705431856921,0.3156705431856921,0.9875,0.0,0.0125,0.0,1.874207913246832,5.263684739546647,0.95625,0.018244137470759127,0.1,0.0,1.0,0.0,0.0,0.9953495509451251,0.6946362025235546,0.0,0.0,0.0,0.0,0.0,1.1649084897782622,0.0,0.0,4.017874791985378,41f35fda6ab899f19dfad245c7b5fbe955c86e3c1c89b56bf2e797b98446c530
genuine_target_maneuver,20008,combined,0.27771182009719286,0.3044908220432988,0.3044908220432988,0.99375,0.0,0.00625,0.0,1.7307791739417375,5.047702715786059,0.96875,0.01637522032219698,0.1,0.0,1.0,0.0,0.0,0.996174767084184,0.8352859294177424,0.0,0.0,0.0,0.0,0.0,1.1904716653047411,0.0,0.0,3.8853121250867844,1163d2ca19b4264b6e7bb560909e661a3a6c750e1f9da5457df6cba714302d2e
genuine_target_maneuver,20009,combined,0.2903396144348836,0.3275436630778219,0.3275436630778219,1.0,0.0,0.0,0.0,1.9697738350234857,5.2260562142952836,0.95625,0.015206943531374487,0.08125,0.0,1.0,0.0,0.0,0.9953559872818047,0.7411577626123367,0.0,0.0,0.0,0.0,0.0,1.2553145634077054,0.0,0.0,4.673477374948561,d13be725d8dc67284201c5899e9ddcf4372b7fa8f726db0155e4b507ba05994e
genuine_target_maneuver,20010,combined,0.2744810975948754,0.3131339487091698,0.3131339487091698,1.0,0.0,0.0,0.0,1.803365239245902,6.052328124151912,0.9375,0.012569785158109406,0.10625,0.0,1.0,0.0,0.0,0.9960055886615929,0.8360673723667813,0.0,0.0,0.0,0.0,0.0,1.184514763452523,0.0,0.0,5.080386499874294,97abe45dbc24d94b9ef9e18c063414ead8e787beaa97d105f9cc128205560c04
genuine_target_maneuver,20011,combined,0.2795951342360821,0.3113823541658147,0.3113823541658147,0.99375,0.0,0.00625,0.0,1.8018824908203435,5.838312336375356,0.95625,0.014585579549730002,0.11875,0.0,1.0,0.0,0.0,0.9959939097356638,0.8545944389548079,0.0,0.0,0.0,0.0,0.0,1.0964454160416204,0.0,0.0,6.216108667198569,7182a89cf16fe9fd4bccf58ab055239695f7fbe25938f853d28afc6857d434ac
genuine_target_maneuver,20012,combined,0.27743684398715496,0.28745051494703483,0.28745051494703483,0.975,0.0,0.025,0.0,1.5369546296257552,4.5914232466657445,0.99375,0.016467336997322342,0.125,0.0,1.0,0.0,0.0,0.9966759470288657,0.8215073970289953,0.0,0.0,0.0,0.0,0.0,1.176427872929471,0.0,0.0,6.731322875013575,347b47ab8e9114153c3d561389ac6b0853cdaa4c3f661ca6b8e3976483584df8
genuine_target_maneuver,20013,combined,0.29508305900112974,0.3284240331208849,0.3284240331208849,1.0,0.0,0.0,0.0,2.0343339450359403,6.01651579427393,0.94375,0.013626658691876764,0.0625,0.0,1.0,0.0,0.0,0.998111438655436,0.8901641087122371,0.0,0.0,0.0,0.0,0.01875,1.0300860830392131,0.0,0.0,6.997068458003923,4ca6d008858e9b7b7060a51d36978c564b4dca3c10ef177bf197b539ef088243
genuine_target_maneuver,20014,combined,0.28577002364302284,0.3188630817903135,0.3188630817903135,1.0,0.0,0.0,0.0,1.9081267009654368,5.174064183079324,0.96875,0.011912522513939858,0.08125,0.0,1.0,0.0,0.0,0.9964751960241351,0.7772386447381954,0.0,0.0,0.0,0.0,0.04375,1.0868065387201262,0.0,0.0,6.946016040863469,84f762f305de41d1001a5fa55f58f08f86b7c56b50ec4b49678a98ece8cbd066
genuine_target_maneuver,20015,combined,0.2877021456324426,0.32490298339567136,0.32490298339567136,0.99375,0.0,0.00625,0.0,1.9803979589859861,6.383425828843752,0.93125,0.016248144948328186,0.0875,0.0,1.0,0.0,0.0,0.995996527833573,0.7772801868204349,0.0,0.0,0.0,0.0,0.0,1.1918779341259569,0.0,0.0,6.851648458046839,a75b22dacf994cebea81a57bb1204c1364b92daf152ea26ca0c154d3682355a7
genuine_target_maneuver,20016,combined,0.29363710676183935,0.33151159144085734,0.33151159144085734,1.0,0.0,0.0,0.0,2.0433406667432155,5.443602596630478,0.9625,0.015727193726731516,0.11875,0.0,1.0,0.0,0.0,0.9958316326692577,0.8468229852647037,0.0,0.0,0.0,0.0,0.0,0.9902491041364939,0.0,0.0,6.870677375001833,10dfbc9e947195cda46377aa07e0e3a713a7e9129627c2540350638bdc85aebb
genuine_target_maneuver,20017,combined,0.27322272583377594,0.31340813797777667,0.31340813797777667,1.0,0.0,0.0,0.0,1.7348957217976015,5.122355214308206,0.96875,0.013955189429060932,0.0875,0.0,1.0,0.0,0.0,0.9974621863720567,0.8755098267339625,0.0,0.0,0.0,0.0,0.0,1.1406537695437333,0.0,0.0,7.027030584169552,1de38de5fe53efe415292ec0d763235dce78d3ae7b08d78dab0e771cb9165ca0
genuine_target_maneuver,20018,combined,0.26957980237424617,0.30855147803982164,0.30855147803982164,1.0,0.0,0.0,0.0,1.7424905358218568,4.682664932985196,0.9625,0.016635761327017617,0.11875,0.0,1.0,0.0,0.0,0.9935334364107294,0.6342936361771714,0.0,0.0,0.0,0.0,0.00625,1.2579635554372293,0.0,0.0,6.808616958092898,61ea854986e72de70ebec684780755141e4db90b978209cb94b5a0b0aa57c560
genuine_target_maneuver,20019,combined,0.28880588853146005,0.33289235650815746,0.33289235650815746,1.0,0.0,0.0,0.0,2.046037002622936,6.69364636472382,0.93125,0.0132428572295342,0.125,0.0,1.0,0.0,0.0,0.9957185649577422,0.829937586756064,0.0,0.0,0.0,0.0,0.0,1.220720980711205,0.0,0.0,7.31187470885925,d1e5db13c70981ff00496b77c76130cb1567a3a576b916f9abd23e74ecf028dd
genuine_target_maneuver,20020,combined,0.2517767727070316,0.2940020005027528,0.2940020005027528,1.0,0.0,0.0,0.0,1.5832912987060688,4.977603489849017,0.9625,0.013409131774678668,0.06875,0.0,0.9875,0.0,0.0,0.9976052477969224,0.8484528488662921,0.0,0.0,0.0,0.0,0.0,1.2299108119687738,0.0,0.0,7.2409043330699205,c020c6d6c079ff3d9d06c782110aedaf1da8a53861ba1cfb7b12c57b06bc05af
genuine_target_maneuver,20021,combined,0.26019327156259175,0.30555480926816264,0.30555480926816264,1.0,0.0,0.0,0.0,1.6278379723756018,5.399970611032119,0.9625,0.01060071367730751,0.075,0.0,1.0,0.0,0.0,0.9962926063147837,0.6800971378592748,0.0,0.0,0.0,0.0,0.0,1.114285519628624,0.0,0.0,7.694403290981427,6154bdce313426d450ea8bf30f1a82d082496b539b75d345b77106c9ef2dc04c
genuine_target_maneuver,20022,combined,0.27870914328673496,0.30890953091107853,0.30890953091107853,1.0,0.0,0.0,0.0,1.7348783858777004,4.540899026802704,0.975,0.013660989961169944,0.11875,0.0,1.0,0.0,0.0,0.9949460252078882,0.6149087920302991,0.0,0.0,0.0,0.0,0.0,1.2459362326141228,0.0,0.0,7.39215529197827,5f2b3658b1118da16d3c541330bbf9fb4b10e42915dc26ac9dd72d994c44c408
genuine_target_maneuver,20023,combined,0.2740237354127661,0.30799703980009924,0.30799703980009924,1.0,0.0,0.0,0.0,1.7758789851951815,5.1734397726283445,0.95625,0.012427398140573613,0.075,0.0,1.0,0.0,0.0,0.9957895904201083,0.7151828913831408,0.0,0.0,0.0,0.0,0.0,1.27659678806586,0.0,0.0,8.705999749945477,0a7b17b5376cc34e0f8d0fd081d0c6ee8f22648f5c1874cb1d7f888ae43d74a1
genuine_target_maneuver,20024,combined,0.2841495603661565,0.3219144366520382,0.3219144366520382,1.0,0.0,0.0,0.0,1.8945649804907316,5.598101601477569,0.95,0.013346275501835963,0.09375,0.0,1.0,0.0,0.0,0.997450521718978,0.9143177350179833,0.0,0.0,0.0,0.0,0.0,1.2563027264945383,0.0,0.0,8.870664708083495,e06f00d6dea94f03adc66da35335acda7b8ae97d5319541b93eeee62413db2de
genuine_target_maneuver,20025,combined,0.2964794235090468,0.33404458410834004,0.33404458410834004,1.0,0.0,0.0,0.0,2.00000996752445,6.4444020006492835,0.94375,0.016561040668043696,0.1125,0.0,1.0,0.0,0.0,0.9939953098749953,0.7578471072686548,0.0,0.0,0.0,0.0,0.0,1.3614619875437257,0.0,0.0,9.2992397909984,b23b4406af2962689cb27948a2d209972aac78327696ee8d8c2a8feefea2f58f
genuine_target_maneuver,20026,combined,0.29332745180197795,0.3386869205047555,0.3386869205047555,1.0,0.0,0.0,0.0,2.038644632414993,6.971586920547468,0.93125,0.010956478904197249,0.06875,0.0,1.0,0.0,0.0,0.9967491429360287,0.8330036655074415,0.0,0.0,0.0,0.0,0.0,1.2800284645388582,0.0,0.0,9.457515750080347,d68abd77bd80b6a6e048188794a1f753b7ec306f56efd91ed6c97df3c021766a
genuine_target_maneuver,20027,combined,0.2737634931109366,0.3120374378260859,0.3120374378260859,1.0,0.0,0.0,0.0,1.7964645647970687,6.0692411472091,0.94375,0.012027174086760626,0.0625,0.0,1.0,0.0,0.0,0.9988556635260715,0.8871048651305319,0.0,0.0,0.0,0.0,0.0,1.3277396312305316,0.0,0.0,9.503284791018814,5ffe28be6a1e86d4dc97ffb74477b307d482545fce189cbdcc41531771849bd1
genuine_target_maneuver,20028,combined,0.2490482784927443,0.2778864363351637,0.2778864363351637,1.0,0.0,0.0,0.0,1.4343182529155318,4.1331497762000655,0.99375,0.011499897459203823,0.08125,0.0,1.0,0.0,0.0,0.9962816467374431,0.7734914274885334,0.0,0.0,0.0,0.0,0.0,1.092232192447728,0.0,0.0,9.99670191691257,92c8918c5ee77f5eab2b6fae2c4afef55f14b827ac5fe217c13a07334e34a71a
genuine_target_maneuver,20029,combined,0.2737939278467834,0.30245271182410577,0.30245271182410577,1.0,0.0,0.0,0.0,1.7000715367288044,4.856357127016222,0.98125,0.010342175786770057,0.05625,0.0,1.0,0.0,0.0,0.9974195806700952,0.7851271895065604,0.0,0.0,0.0,0.0,0.0,1.0882822182668215,0.0,0.0,9.915530625032261,b5fa67a7311eb1f6ce894313df2ddc1132c7e81f12434743e18753a91850f4c0
genuine_target_maneuver,20030,combined,0.2938420142932563,0.3328682483322123,0.3328682483322123,1.0,0.0,0.0,0.0,2.064058617330461,5.7211597643195935,0.95,0.012668500717400725,0.075,0.0,1.0,0.0,0.0,0.9969870178265989,0.756943305442704,0.0,0.0,0.0,0.0,0.0,1.3133385593083375,0.0,0.0,10.089170875027776,882ee9b07c4901c578a4ba9456918768b41034b9153d7f3f9817a880720e59fb
genuine_target_maneuver,20031,combined,0.2847291790594517,0.3118701875577884,0.3118701875577884,0.99375,0.0,0.00625,0.0,1.8155824188818364,5.221011410629283,0.95625,0.015528179018957807,0.05625,0.0,1.0,0.0,0.0,0.9965863045501996,0.7972840493238856,0.0,0.0,0.0,0.0,0.0,1.1964564810072298,0.0,0.0,9.973910667002201,f0117ec7e8d89b4e14f6cf10613905884924bc01c28123f4324c5d47cea55f12
genuine_target_maneuver,20032,combined,0.28057958125006666,0.3160658186017435,0.3160658186017435,1.0,0.0,0.0,0.0,1.8067801663108358,5.394007584552236,0.9625,0.01313720620355833,0.09375,0.0,1.0,0.0,0.0,0.9973863706829509,0.8252280009704467,0.0,0.0,0.0,0.0,0.00625,1.3765197885886247,0.0,0.0,10.054265790851787,9c4f415eff46f0a8534bbb2822244abe7ca76c14731ce68a9d944d7f45d81d0c
genuine_target_maneuver,20033,combined,0.26902141294853577,0.29078022057677844,0.29078022057677844,0.9875,0.0,0.0125,0.0,1.5257921143195463,4.066372536434118,0.975,0.019156255155120525,0.13125,0.0,1.0,0.0,0.0,0.993185363906614,0.5499999997311554,0.0,0.0,0.0,0.0,0.0,1.4529818035272268,0.0,0.0,9.424903499893844,376aefc1d63b30076fdfb89e7073120a979d574f8fe1fa018df5606ba012410c
genuine_target_maneuver,20034,combined,0.2676269973095517,0.30378178154769886,0.30378178154769886,1.0,0.0,0.0,0.0,1.6708485091365106,4.783073924516189,0.9875,0.01132596290421536,0.075,0.0,1.0,0.0,0.0,0.9977836958242934,0.8931874669238955,0.0,0.0,0.0,0.0,0.0,1.175853760716242,0.0,0.0,10.064866082975641,3c3bca8ff9f042c0de216592058c6e4d573d973c766a3b11d5351e700bfeec3c
genuine_target_maneuver,20035,combined,0.2848884711389724,0.3248214576136617,0.3248214576136617,1.0,0.0,0.0,0.0,1.9805032235469633,6.154757561590377,0.94375,0.013427512110977946,0.09375,0.0,1.0,0.0,0.0,0.9949131636808002,0.7617971216013089,0.0,0.0,0.0,0.0,0.0,1.2590730213026213,0.0,0.0,9.400019542081282,0c16f409c8dcc9efcda49af342cd57dbc08cf507be5d6ffb9278c194e501a1eb
genuine_target_maneuver,20036,combined,0.2758440265286147,0.3138915456276688,0.3138915456276688,1.0,0.0,0.0,0.0,1.7832556390636451,5.215952337921918,0.9625,0.010514049959006344,0.0625,0.0,1.0,0.0,0.0,0.9970700145473167,0.8278735997552835,0.0,0.0,0.0,0.0,0.0,1.464534926290904,0.0,0.0,9.619160415837541,fd3855f3058c931675e287396b2f1aa06e927ab5ed30946ce43d412f33960354
genuine_target_maneuver,20037,combined,0.2636414300525958,0.29944621040730723,0.29944621040730723,1.0,0.0,0.0,0.0,1.6875612864904437,4.88058551013135,0.975,0.012276279418536646,0.11875,0.0,1.0,0.0,0.0,0.9945330590244147,0.6638778029980189,0.0,0.0,0.0,0.0,0.0,1.075049484053748,0.0,0.0,8.316328124841675,5b6ced666f6f26157dd783ee2430676c6764d3809ab173fdcf4b31d77f395745
genuine_target_maneuver,20038,combined,0.2546547546125117,0.287366181154502,0.287366181154502,1.0,0.0,0.0,0.0,1.5263006971078183,5.384788787303149,0.975,0.012761730736208654,0.075,0.0,1.0,0.0,0.0,0.9965824686335756,0.7155718257953939,0.0,0.0,0.0,0.0,0.0,1.264088548063538,0.0,0.0,7.520556542091072,53f329c4c6211eda46e7db068dcedadfd6cd3dd9ce2cd6df6ba535058e1319af
genuine_target_maneuver,20039,combined,0.2797676663930787,0.3104284714502567,0.3104284714502567,1.0,0.0,0.0,0.0,1.824954188372302,4.873257993418799,0.98125,0.01235619594491815,0.09375,0.0,1.0,0.0,0.0,0.9970797151984323,0.858261241383967,0.0,0.0,0.0,0.0,0.0,1.0032517634840368,0.0,0.0,7.326040750136599,a374d2571a63c4b6898ee3d34b87eaffe1d57e5b30dfac4efd125c36059d6856
legitimate_heterogeneous_precision,20000,m9c_baseline,0.18613835112200375,0.20859228646888645,0.20859228646888645,1.0,0.0,0.0,0.0,1.9570391596739065,4.80270941838103,0.975,0.012626456578583934,0.0,0.0,0.0,0.0,0.0,1.0,1.0,0.0,0.0,0.0,0.0,0.0,0.8583043136197521,0.0,0.0,29.855336666107178,2ac3f824c8aac43ee10eeb6d92315323778875eaf57721209701c9953d5112fc
legitimate_heterogeneous_precision,20001,m9c_baseline,0.1505845046947271,0.17452599612083725,0.17452599612083725,1.0,0.0,0.0,0.0,1.5854468130927162,4.3698325338575055,0.975,0.011507440821282116,0.0,0.0,0.0,0.0,0.0,1.0,1.0,0.0,0.0,0.0,0.0,0.0,0.8725486724917599,0.0,0.0,28.581122500123456,8e4dfc09a5c4861a0fdc77c25cccfa589e500e434dc1f03bdb162605deaeda9f
legitimate_heterogeneous_precision,20002,m9c_baseline,0.19276224090132468,0.20968357203709628,0.20968357203709628,0.9875,0.0,0.0125,0.0,1.7928095587305308,5.26306462141052,0.95625,0.01666516488023336,0.0,0.0,0.0,0.0,0.0,1.0,1.0,0.0,0.0,0.0,0.0,0.0,1.221762319962481,0.0,0.0,28.196062457980588,053bff2cde3310e43d4ac459ebce4cf2a484f9690ac5aeb456319215e44c29a0
legitimate_heterogeneous_precision,20003,m9c_baseline,0.19702816870314474,0.22499520997980876,0.22499520997980876,1.0,0.0,0.0,0.0,1.7069627146696724,4.941186056928915,0.975,0.014065285382843878,0.0,0.0,0.0,0.0,0.0,1.0,1.0,0.0,0.0,0.0,0.0,0.0,0.6425588583429176,0.0,0.0,27.41250729118474,cd48b4136d9b99c2d4a957b4fdd36e4307cbb856db6b07edef1a7b8b1806f8a0
legitimate_heterogeneous_precision,20004,m9c_baseline,0.1893534869442162,0.21539968719575983,0.21539968719575983,1.0,0.0,0.0,0.0,1.805858550308315,5.697896208779307,0.9625,0.013515098509883328,0.0,0.0,0.0,0.0,0.0,1.0,1.0,0.0,0.0,0.0,0.0,0.0,0.8870994944574623,0.0,0.0,26.55757608404383,f47a07a1e09e692180e07e55292f4159d2edb107f0f4a9caefd0748d389b091e
legitimate_heterogeneous_precision,20005,m9c_baseline,0.18590382642317094,0.2124730010763269,0.2124730010763269,1.0,0.0,0.0,0.0,1.7345852453562274,5.048188087852098,0.98125,0.010270823397978851,0.0,0.0,0.0,0.0,0.0,1.0,1.0,0.0,0.0,0.0,0.0,0.0,0.6248319166651651,0.0,0.0,26.708686375059187,ad9620c8205c032ff1d954cc0d6fe4380c2063ba7534d0b166e95b3e894966ad
legitimate_heterogeneous_precision,20006,m9c_baseline,0.18543689595892504,0.21018476120108806,0.21018476120108806,1.0,0.0,0.0,0.0,1.6388847257850354,4.272636031857167,0.98125,0.01220100761051619,0.0,0.0,0.0,0.0,0.0,1.0,1.0,0.0,0.0,0.0,0.0,0.0,0.9763119313530682,0.0,0.0,27.15954887494445,670eb50745c10fb0af0f8a9f7d0e382c2daa006880186e0d629317701d4574ae
legitimate_heterogeneous_precision,20007,m9c_baseline,0.18555774279537313,0.2068603052470054,0.2068603052470054,1.0,0.0,0.0,0.0,1.6859060359887188,4.7239074144434845,0.9875,0.01624111835021306,0.0,0.0,0.0,0.0,0.0,1.0,1.0,0.0,0.0,0.0,0.0,0.0,0.7583621987625195,0.0,0.0,26.709029000019655,d1a7021435c590160c581b9c3074d691d151fa4e2cc4e04150b16c80dbcbf65d
legitimate_heterogeneous_precision,20008,m9c_baseline,0.18441772414116453,0.20018577504503143,0.20018577504503143,0.99375,0.0,0.00625,0.0,1.7475803925450024,4.75236902503003,0.98125,0.015587889074657631,0.0,0.0,0.0,0.0,0.0,1.0,1.0,0.0,0.0,0.0,0.0,0.0,0.9361311871079575,0.0,0.0,27.019872249802575,556d8aa426f4980818b0cc8c712259ca5b0fa65431d2623e42a5e2453b1fb236
legitimate_heterogeneous_precision,20009,m9c_baseline,0.19417009490496637,0.2222940415729272,0.2222940415729272,1.0,0.0,0.0,0.0,1.9904674993162161,5.550925266534601,0.95,0.015799584754760183,0.0,0.0,0.0,0.0,0.0,1.0,1.0,0.0,0.0,0.0,0.0,0.0,1.0231625888976077,0.0,0.0,26.864222957985476,8efa548e710385241d5fe69aa0b4c723be567ed3907106b8d08611454f918b05
legitimate_heterogeneous_precision,20010,m9c_baseline,0.1916695549280379,0.21950174870604494,0.21950174870604494,1.0,0.0,0.0,0.0,1.8365184075451424,5.5331343635768775,0.9625,0.012247173835146086,0.0,0.0,0.0,0.0,0.0,1.0,1.0,0.0,0.0,0.0,0.0,0.0,0.8802067736430302,0.0,0.0,26.91088016703725,67b9a8591b3475180325dd51f06271682465f109d43c5d8cf06d0347aea23f5a
legitimate_heterogeneous_precision,20011,m9c_baseline,0.18061173805123204,0.20293364065866967,0.20293364065866967,1.0,0.0,0.0,0.0,1.7948152134004982,5.28072813293701,0.9625,0.011445327044088544,0.0,0.0,0.0,0.0,0.0,1.0,1.0,0.0,0.0,0.0,0.0,0.0,0.760053038511187,0.0,0.0,27.056087709032,3afaa7bb9337d38641994f87b0dde162666bb7ee60db3f7c00e664ce4d7fe703
legitimate_heterogeneous_precision,20012,m9c_baseline,0.19074746445207508,0.21338285751461403,0.21338285751461403,1.0,0.0,0.0,0.0,1.5000123958093456,4.045367481099643,0.9875,0.011195069319309707,0.0,0.0,0.0,0.0,0.0,1.0,1.0,0.0,0.0,0.0,0.0,0.0,0.7463190363735349,0.0,0.0,26.793994833016768,93c74e55e011efaeb45eb889ddbb6f0f99da008329abfd4dc473fc6341293074
legitimate_heterogeneous_precision,20013,m9c_baseline,0.17873341659313807,0.20075191590054284,0.20075191590054284,1.0,0.0,0.0,0.0,1.8803071516322198,5.47024135777566,0.9625,0.012389316340032657,0.0,0.0,0.0,0.0,0.0,1.0,1.0,0.0,0.0,0.0,0.0,0.0,0.8161993581004389,0.0,0.0,27.4894820000045,beba8cb2103e2cf0a2a71217becccd019768a7904b36e5ad1ed99f3f38aa051a
legitimate_heterogeneous_precision,20014,m9c_baseline,0.1804562922204184,0.19936387616086093,0.19936387616086093,1.0,0.0,0.0,0.0,1.8276280289611009,5.075298263940981,0.98125,0.011543063250119657,0.0,0.0,0.0,0.0,0.0,1.0,1.0,0.0,0.0,0.0,0.0,0.0,0.7907855487566982,0.0,0.0,27.442197541939095,9177b68a841481e592108f7453098cc1ab69d17d794201c1a42de5d74e93e9a6
legitimate_heterogeneous_precision,20015,m9c_baseline,0.18701915120723717,0.20433346350120482,0.20433346350120482,0.99375,0.0,0.00625,0.0,1.8649209251820704,6.130923029629091,0.94375,0.013739485316175994,0.0,0.0,0.0,0.0,0.0,1.0,1.0,0.0,0.0,0.0,0.0,0.0,0.8858717125461799,0.0,0.0,26.661726499907672,3f3b323101ca4e397a9f3fb44c5a4c5ba3902ff31fd2b3289bda5a683acdbe36
legitimate_heterogeneous_precision,20016,m9c_baseline,0.17164976916249572,0.19216272105208762,0.19216272105208762,1.0,0.0,0.0,0.0,1.9540723697925149,5.0813576587119424,0.975,0.012990241303241007,0.0,0.0,0.0,0.0,0.0,1.0,1.0,0.0,0.0,0.0,0.0,0.0,1.0611271399637396,0.0,0.0,27.339028832968324,7c3684960d87f3c0d7c5de0e091d3c80852640ca81d208937df535b3e6630afe
legitimate_heterogeneous_precision,20017,m9c_baseline,0.18772982172329572,0.21311510144950113,0.21311510144950113,1.0,0.0,0.0,0.0,1.7218189253675078,5.421573187987228,0.96875,0.011468552425595807,0.0,0.0,0.0,0.0,0.0,1.0,1.0,0.0,0.0,0.0,0.0,0.00625,0.9862323921056568,0.0,0.0,26.82990216696635,9fdc058ac966ee98c5abdd659d77bbb2501b92e704bc653282f0d41c626d7183
legitimate_heterogeneous_precision,20018,m9c_baseline,0.18283131670697705,0.20846453680955843,0.20846453680955843,1.0,0.0,0.0,0.0,1.6957849035072539,5.206317307336616,0.9625,0.01633811790936532,0.0,0.0,0.0,0.0,0.0,1.0,1.0,0.0,0.0,0.0,0.0,0.0,1.0564069725825853,0.0,0.0,26.64814933296293,c873b311810f72818cf86707e09431f626485c6fd2bd2e7a8ca66f7c8250ba8c
legitimate_heterogeneous_precision,20019,m9c_baseline,0.198660247989968,0.2247205923815001,0.2247205923815001,1.0,0.0,0.0,0.0,2.0537270318932155,5.539080903679232,0.9625,0.012553357755230633,0.0,0.0,0.0,0.0,0.0,1.0,1.0,0.0,0.0,0.0,0.0,0.00625,1.0128784315190558,0.0,0.0,26.93457429204136,0c0372f3178c5ea8f577f27498ff99b2df8f953f6061be7bba56badc07714b0e
legitimate_heterogeneous_precision,20020,m9c_baseline,0.17502313808356545,0.19989642672387442,0.19989642672387442,1.0,0.0,0.0,0.0,1.5020426172180843,4.642240724975209,0.98125,0.012682310489150864,0.0,0.0,0.0,0.0,0.0,1.0,1.0,0.0,0.0,0.0,0.0,0.0,1.028586848598826,0.0,0.0,26.872039708076045,bb896504235ff08ead38d5b561fa2344b43201951aafdd824f3aa061c6e975a2
legitimate_heterogeneous_precision,20021,m9c_baseline,0.19183783968941412,0.21910614915363624,0.21910614915363624,1.0,0.0,0.0,0.0,1.5057474180054435,4.5355523738548404,0.975,0.010294942944702202,0.0,0.0,0.0,0.0,0.0,1.0,1.0,0.0,0.0,0.0,0.0,0.0,0.6450130920083058,0.0,0.0,27.321283583063632,bbb173414e265e960347d2b4bc91d11527ae40d99a1ea2140cbf87aacec44320
legitimate_heterogeneous_precision,20022,m9c_baseline,0.16735695505433829,0.18614444942664674,0.18614444942664674,1.0,0.0,0.0,0.0,1.72539476288091,3.9387848245290042,0.9625,0.013876924349316958,0.0,0.0,0.0,0.0,0.0,1.0,1.0,0.0,0.0,0.0,0.0,0.0,0.8009021525194056,0.0,0.0,27.235199416056275,55c2581838a98d28fd23d64857a0067787ea1c48c9ee2a4ac349776be13e443f
legitimate_heterogeneous_precision,20023,m9c_baseline,0.17503787296402923,0.19812064189603074,0.19812064189603074,1.0,0.0,0.0,0.0,1.7273823994893136,5.6960966983427115,0.96875,0.012302951571132448,0.0,0.0,0.0,0.0,0.0,1.0,1.0,0.0,0.0,0.0,0.0,0.0,1.0898965924290622,0.0,0.0,26.848509709117934,d72369de2d1bc71af6f9d841dadef317e2f4d00d39d41e8fbfbbe5e7e257ee1b
legitimate_heterogeneous_precision,20024,m9c_baseline,0.19546368851272783,0.22086559322157426,0.22086559322157426,1.0,0.0,0.0,0.0,1.8484101056329354,6.508173676179525,0.94375,0.011443188086310545,0.0,0.0,0.0,0.0,0.0,1.0,1.0,0.0,0.0,0.0,0.0,0.0,1.0039421970214324,0.0,0.0,26.96421741694212,2a2c5b7e3b19a2c92f27117fb93fabbc21f397caefad24010f400c23b6f8fd95
legitimate_heterogeneous_precision,20025,m9c_baseline,0.187328434984743,0.20958958041977216,0.20958958041977216,1.0,0.0,0.0,0.0,1.8654627504649206,5.781032950928059,0.9625,0.01419433412333199,0.0,0.0,0.0,0.0,0.0,1.0,1.0,0.0,0.0,0.0,0.0,0.0,0.7988185823553922,0.0,0.0,26.756340333959088,a4042aad7af079cdd9d45f4741603d5734a84c6ad3e330f4b21baace12a85440
legitimate_heterogeneous_precision,20026,m9c_baseline,0.2031199005809031,0.23155095280557444,0.23155095280557444,1.0,0.0,0.0,0.0,2.0105259456303552,6.401081065913361,0.9375,0.011024557379306538,0.0,0.0,0.0,0.0,0.0,1.0,1.0,0.0,0.0,0.0,0.0,0.0,0.96401087642488,0.0,0.0,26.77031962503679,8eb97201946758060ba70e31f2b2b77976978df033e45981db1efbbea6364ff8
legitimate_heterogeneous_precision,20027,m9c_baseline,0.1922216486630931,0.2213669710189945,0.2213669710189945,1.0,0.0,0.0,0.0,1.7730405963506513,4.7629341952258555,0.95625,0.012437687831234428,0.0,0.0,0.0,0.0,0.0,1.0,1.0,0.0,0.0,0.0,0.0,0.0,0.7756036297336055,0.0,0.0,26.694013708038256,33a979bac6d74e13ae88aa1759b8815409f4f9e42510e17a9e1034c2a06c87e5
legitimate_heterogeneous_precision,20028,m9c_baseline,0.14379699755689693,0.16066264944698502,0.16066264944698502,1.0,0.0,0.0,0.0,1.3897672045855742,4.007596921173182,0.99375,0.011879578406349378,0.0,0.0,0.0,0.0,0.0,1.0,1.0,0.0,0.0,0.0,0.0,0.0,0.7681907211694675,0.0,0.0,27.249497208045796,40585332d5f2dbe40e6265d0f31832200c64f79e6df747d0e883fad6d815da5f
legitimate_heterogeneous_precision,20029,m9c_baseline,0.15944725237974838,0.1784645823189616,0.1784645823189616,1.0,0.0,0.0,0.0,1.6872190941223693,4.140554551131978,0.975,0.010000000000000009,0.0,0.0,0.0,0.0,0.0,1.0,1.0,0.0,0.0,0.0,0.0,0.0,1.0266848948780056,0.0,0.0,27.45167320803739,366881843902ba1f69ce24fb9ca3f85da00913a2c66ae0b083de3af12351df59
legitimate_heterogeneous_precision,20030,m9c_baseline,0.20973677695769877,0.24214143641529337,0.24214143641529337,1.0,0.0,0.0,0.0,2.2122502037390546,7.400969640885167,0.91875,0.012787188123258585,0.0,0.0,0.0,0.0,0.0,1.0,1.0,0.0,0.0,0.0,0.0,0.0,0.8917364248061533,0.0,0.0,27.191871458198875,549b17393d32aae1e098aa5d0e0f09c2e65b4b2686d54dd1917834fd52e1ad24
legitimate_heterogeneous_precision,20031,m9c_baseline,0.17615917906952108,0.1951127600474807,0.1951127600474807,1.0,0.0,0.0,0.0,1.799168773043445,5.701851824277265,0.95625,0.011836641553115373,0.0,0.0,0.0,0.0,0.0,1.0,1.0,0.0,0.0,0.0,0.0,0.0,0.8615292919144398,0.0,0.0,26.818049791967496,7dd32ece2d8e57516eacc399fce859d6f86614df5c58768db0b33f49b4fb840e
legitimate_heterogeneous_precision,20032,m9c_baseline,0.18155481349474747,0.20464958880401865,0.20464958880401865,1.0,0.0,0.0,0.0,1.8583573927078028,4.932854690171825,0.975,0.013744692311874196,0.0,0.0,0.0,0.0,0.0,1.0,1.0,0.0,0.0,0.0,0.0,0.0,0.9386868730269258,0.0,0.0,26.86480270791799,7664ad6f30f1e899c169e6fbe945246cb40f3808a845d7d99f7c74d3888b7fec
legitimate_heterogeneous_precision,20033,m9c_baseline,0.19612168494400375,0.20908206160974058,0.20908206160974058,0.9875,0.0,0.0125,0.0,1.5297471057665315,4.370341113305624,0.975,0.015589336634236178,0.0,0.0,0.0,0.0,0.0,1.0,1.0,0.0,0.0,0.0,0.0,0.0,1.3660371648106149,0.0,0.0,26.801561166066676,88bdfac3c2c11c6e8cabadb5c919a9e7b650a04aca043aa1e73bbdf003c61c84
legitimate_heterogeneous_precision,20034,m9c_baseline,0.2060730771386711,0.2299751380099257,0.2299751380099257,1.0,0.0,0.0,0.0,1.671457706657985,4.387044024343015,0.99375,0.011901460588392145,0.0,0.0,0.0,0.0,0.0,1.0,1.0,0.0,0.0,0.0,0.0,0.03125,0.9347445410984573,0.0,0.0,26.875718583120033,c518b40fdfdc69a014420e0b31dcb75e2c5b5a7fcc91f5c3ed9f75b46090313b
legitimate_heterogeneous_precision,20035,m9c_baseline,0.19159482493896346,0.21434907291859276,0.21434907291859276,1.0,0.0,0.0,0.0,1.8710569431060526,5.706669524313544,0.95625,0.013867169537540086,0.0,0.0,0.0,0.0,0.0,1.0,1.0,0.0,0.0,0.0,0.0,0.0,0.8417457508310093,0.0,0.0,26.829120583133772,197e66a6c1b99f71bb22f66655e69bea50e1602d481d2105fb71f14ec654cac5
legitimate_heterogeneous_precision,20036,m9c_baseline,0.16149936951346208,0.18283660131625373,0.18283660131625373,1.0,0.0,0.0,0.0,1.8275580744715594,5.435492540239203,0.96875,0.010749016980822909,0.0,0.0,0.0,0.0,0.0,1.0,1.0,0.0,0.0,0.0,0.0,0.0,1.297944702259816,0.0,0.0,26.98226145794615,e679bee7d8ddb865a93af729ee83872bae3bccee1021ea6ab731fbf7b037e9fc
legitimate_heterogeneous_precision,20037,m9c_baseline,0.16776496880523126,0.18716908504604268,0.18716908504604268,1.0,0.0,0.0,0.0,1.580343120191678,4.701629739231397,0.9875,0.012187606165024826,0.0,0.0,0.0,0.0,0.0,1.0,1.0,0.0,0.0,0.0,0.0,0.0,0.8799971374071045,0.0,0.0,26.654054624959826,60a1323158b6cdc340679948a47f1e24579799adfe01f49e646f3077f3f54518
legitimate_heterogeneous_precision,20038,m9c_baseline,0.1745255513439653,0.19492269536018236,0.19492269536018236,1.0,0.0,0.0,0.0,1.4806400971632552,4.356017562772422,0.98125,0.0111141259525388,0.0,0.0,0.0,0.0,0.0,1.0,1.0,0.0,0.0,0.0,0.0,0.0,1.124925148309621,0.0,0.0,27.3331190419849,216d759e5528ce9f812205682d5424727f8884c1fbac45dffa3b9070e04081c5
legitimate_heterogeneous_precision,20039,m9c_baseline,0.189695174112327,0.21343688735221877,0.21343688735221877,1.0,0.0,0.0,0.0,1.7920367549954883,4.817854980040215,0.975,0.012096707523328457,0.0,0.0,0.0,0.0,0.0,1.0,1.0,0.0,0.0,0.0,0.0,0.0,1.0779362732675029,0.0,0.0,27.463780124904588,ac051ab5d652e539a75908b3dbf379d2d9bcf677606bb360d0c1664c20f5b67a
legitimate_heterogeneous_precision,20000,cross_channel,0.18613835112200375,0.20859228646888645,0.20859228646888645,1.0,0.0,0.0,0.0,1.9570391596739065,4.80270941838103,0.975,0.012626456578583934,0.1,0.0,0.96875,0.0,0.0,0.9956581296323022,0.8596769828744903,0.0,0.0,0.0,0.0,0.0,0.8583043136197521,0.0,0.0,29.855336666107178,2ac3f824c8aac43ee10eeb6d92315323778875eaf57721209701c9953d5112fc
legitimate_heterogeneous_precision,20001,cross_channel,0.1505845046947271,0.17452599612083725,0.17452599612083725,1.0,0.0,0.0,0.0,1.5854468130927162,4.3698325338575055,0.975,0.011507440821282116,0.1,0.0,0.89375,0.0,0.0,0.9951590242055943,0.8518234560748656,0.0,0.0,0.0,0.0,0.0,0.8725486724917599,0.0,0.0,28.581122500123456,8e4dfc09a5c4861a0fdc77c25cccfa589e500e434dc1f03bdb162605deaeda9f
legitimate_heterogeneous_precision,20002,cross_channel,0.19276224090132468,0.20968357203709628,0.20968357203709628,0.9875,0.0,0.0125,0.0,1.7928095587305308,5.26306462141052,0.95625,0.01666516488023336,0.1125,0.0,0.9875,0.0,0.0,0.9947130694207906,0.8515964785138133,0.0,0.0,0.0,0.0,0.0,1.221762319962481,0.0,0.0,28.196062457980588,053bff2cde3310e43d4ac459ebce4cf2a484f9690ac5aeb456319215e44c29a0
legitimate_heterogeneous_precision,20003,cross_channel,0.19702816870314474,0.22499520997980876,0.22499520997980876,1.0,0.0,0.0,0.0,1.7069627146696724,4.941186056928915,0.975,0.014065285382843878,0.1125,0.0,0.98125,0.0,0.0,0.9950003797578828,0.7953985368430025,0.0,0.0,0.0,0.0,0.0,0.6425588583429176,0.0,0.0,27.41250729118474,cd48b4136d9b99c2d4a957b4fdd36e4307cbb856db6b07edef1a7b8b1806f8a0
legitimate_heterogeneous_precision,20004,cross_channel,0.1893534869442162,0.21539968719575983,0.21539968719575983,1.0,0.0,0.0,0.0,1.805858550308315,5.697896208779307,0.9625,0.013515098509883328,0.15625,0.0,0.99375,0.0,0.0,0.992824495421754,0.7195455864267088,0.0,0.0,0.0,0.0,0.0,0.8870994944574623,0.0,0.0,26.55757608404383,f47a07a1e09e692180e07e55292f4159d2edb107f0f4a9caefd0748d389b091e
legitimate_heterogeneous_precision,20005,cross_channel,0.18590382642317094,0.2124730010763269,0.2124730010763269,1.0,0.0,0.0,0.0,1.7345852453562274,5.048188087852098,0.98125,0.010270823397978851,0.06875,0.0,0.99375,0.0,0.0,0.9969260439226367,0.7496790613959667,0.0,0.0,0.0,0.0,0.0,0.6248319166651651,0.0,0.0,26.708686375059187,ad9620c8205c032ff1d954cc0d6fe4380c2063ba7534d0b166e95b3e894966ad
legitimate_heterogeneous_precision,20006,cross_channel,0.18543689595892504,0.21018476120108806,0.21018476120108806,1.0,0.0,0.0,0.0,1.6388847257850354,4.272636031857167,0.98125,0.01220100761051619,0.075,0.0,0.99375,0.0,0.0,0.9946566918444766,0.6561389899014536,0.0,0.0,0.0,0.0,0.0,0.9763119313530682,0.0,0.0,27.15954887494445,670eb50745c10fb0af0f8a9f7d0e382c2daa006880186e0d629317701d4574ae
legitimate_heterogeneous_precision,20007,cross_channel,0.18555774279537313,0.2068603052470054,0.2068603052470054,1.0,0.0,0.0,0.0,1.6859060359887188,4.7239074144434845,0.9875,0.01624111835021306,0.13125,0.0,0.95625,0.0,0.0,0.9950993122570774,0.7276062633231031,0.0,0.0,0.0,0.0,0.0,0.7583621987625195,0.0,0.0,26.709029000019655,d1a7021435c590160c581b9c3074d691d151fa4e2cc4e04150b16c80dbcbf65d
legitimate_heterogeneous_precision,20008,cross_channel,0.18441772414116453,0.20018577504503143,0.20018577504503143,0.99375,0.0,0.00625,0.0,1.7475803925450024,4.75236902503003,0.98125,0.015587889074657631,0.1,0.0,0.96875,0.0,0.0,0.9960622251526352,0.8524357842948853,0.0,0.0,0.0,0.0,0.0,0.9361311871079575,0.0,0.0,27.019872249802575,556d8aa426f4980818b0cc8c712259ca5b0fa65431d2623e42a5e2453b1fb236
legitimate_heterogeneous_precision,20009,cross_channel,0.19417009490496637,0.2222940415729272,0.2222940415729272,1.0,0.0,0.0,0.0,1.9904674993162161,5.550925266534601,0.95,0.015799584754760183,0.10625,0.0,0.9625,0.0,0.0,0.994896503423224,0.6672947616509397,0.0,0.0,0.0,0.0,0.0,1.0231625888976077,0.0,0.0,26.864222957985476,8efa548e710385241d5fe69aa0b4c723be567ed3907106b8d08611454f918b05
legitimate_heterogeneous_precision,20010,cross_channel,0.1916695549280379,0.21950174870604494,0.21950174870604494,1.0,0.0,0.0,0.0,1.8365184075451424,5.5331343635768775,0.9625,0.012247173835146086,0.1,0.0,0.95625,0.0,0.0,0.9956352397103222,0.8070045140460909,0.0,0.0,0.0,0.0,0.0,0.8802067736430302,0.0,0.0,26.91088016703725,67b9a8591b3475180325dd51f06271682465f109d43c5d8cf06d0347aea23f5a
legitimate_heterogeneous_precision,20011,cross_channel,0.18061173805123204,0.20293364065866967,0.20293364065866967,1.0,0.0,0.0,0.0,1.7948152134004982,5.28072813293701,0.9625,0.011445327044088544,0.13125,0.0,0.975,0.0,0.0,0.995945067784838,0.8859544361659188,0.0,0.0,0.0,0.0,0.0,0.760053038511187,0.0,0.0,27.056087709032,3afaa7bb9337d38641994f87b0dde162666bb7ee60db3f7c00e664ce4d7fe703
legitimate_heterogeneous_precision,20012,cross_channel,0.19074746445207508,0.21338285751461403,0.21338285751461403,1.0,0.0,0.0,0.0,1.5000123958093456,4.045367481099643,0.9875,0.011195069319309707,0.13125,0.0,0.975,0.0,0.0,0.9961083656157352,0.8240751744590087,0.0,0.0,0.0,0.0,0.0,0.7463190363735349,0.0,0.0,26.793994833016768,93c74e55e011efaeb45eb889ddbb6f0f99da008329abfd4dc473fc6341293074
legitimate_heterogeneous_precision,20013,cross_channel,0.17873341659313807,0.20075191590054284,0.20075191590054284,1.0,0.0,0.0,0.0,1.8803071516322198,5.47024135777566,0.9625,0.012389316340032657,0.0875,0.0,0.98125,0.0,0.0,0.9971079701050055,0.7614999874944552,0.0,0.0,0.0,0.0,0.0,0.8161993581004389,0.0,0.0,27.4894820000045,beba8cb2103e2cf0a2a71217becccd019768a7904b36e5ad1ed99f3f38aa051a
legitimate_heterogeneous_precision,20014,cross_channel,0.1804562922204184,0.19936387616086093,0.19936387616086093,1.0,0.0,0.0,0.0,1.8276280289611009,5.075298263940981,0.98125,0.011543063250119657,0.1,0.0,0.925,0.0,0.0,0.995824543401491,0.7655584982203238,0.0,0.0,0.0,0.0,0.0,0.7907855487566982,0.0,0.0,27.442197541939095,9177b68a841481e592108f7453098cc1ab69d17d794201c1a42de5d74e93e9a6
legitimate_heterogeneous_precision,20015,cross_channel,0.18701915120723717,0.20433346350120482,0.20433346350120482,0.99375,0.0,0.00625,0.0,1.8649209251820704,6.130923029629091,0.94375,0.013739485316175994,0.1,0.0,0.9625,0.0,0.0,0.9945924115515027,0.7185964783861252,0.0,0.0,0.0,0.0,0.0,0.8858717125461799,0.0,0.0,26.661726499907672,3f3b323101ca4e397a9f3fb44c5a4c5ba3902ff31fd2b3289bda5a683acdbe36
legitimate_heterogeneous_precision,20016,cross_channel,0.17164976916249572,0.19216272105208762,0.19216272105208762,1.0,0.0,0.0,0.0,1.9540723697925149,5.0813576587119424,0.975,0.012990241303241007,0.13125,0.0,0.9125,0.0,0.0,0.9953130873785442,0.7558917822915653,0.0,0.0,0.0,0.0,0.0,1.0611271399637396,0.0,0.0,27.339028832968324,7c3684960d87f3c0d7c5de0e091d3c80852640ca81d208937df535b3e6630afe
legitimate_heterogeneous_precision,20017,cross_channel,0.18772982172329572,0.21311510144950113,0.21311510144950113,1.0,0.0,0.0,0.0,1.7218189253675078,5.421573187987228,0.96875,0.011468552425595807,0.10625,0.0,0.98125,0.0,0.0,0.9980881028416537,0.8946788961847382,0.0,0.0,0.0,0.0,0.00625,0.9862323921056568,0.0,0.0,26.82990216696635,9fdc058ac966ee98c5abdd659d77bbb2501b92e704bc653282f0d41c626d7183
legitimate_heterogeneous_precision,20018,cross_channel,0.18283131670697705,0.20846453680955843,0.20846453680955843,1.0,0.0,0.0,0.0,1.6957849035072539,5.206317307336616,0.9625,0.01633811790936532,0.1375,0.0,0.9625,0.0,0.0,0.9933397622331176,0.691434333380199,0.0,0.0,0.0,0.0,0.0,1.0564069725825853,0.0,0.0,26.64814933296293,c873b311810f72818cf86707e09431f626485c6fd2bd2e7a8ca66f7c8250ba8c
legitimate_heterogeneous_precision,20019,cross_channel,0.198660247989968,0.2247205923815001,0.2247205923815001,1.0,0.0,0.0,0.0,2.0537270318932155,5.539080903679232,0.9625,0.012553357755230633,0.14375,0.0,0.98125,0.0,0.0,0.9936274158412981,0.6243451907166889,0.0,0.0,0.0,0.0,0.00625,1.0128784315190558,0.0,0.0,26.93457429204136,0c0372f3178c5ea8f577f27498ff99b2df8f953f6061be7bba56badc07714b0e
legitimate_heterogeneous_precision,20020,cross_channel,0.17502313808356545,0.19989642672387442,0.19989642672387442,1.0,0.0,0.0,0.0,1.5020426172180843,4.642240724975209,0.98125,0.012682310489150864,0.0875,0.0,0.96875,0.0,0.0,0.9972848741917766,0.8911909808181927,0.0,0.0,0.0,0.0,0.0,1.028586848598826,0.0,0.0,26.872039708076045,bb896504235ff08ead38d5b561fa2344b43201951aafdd824f3aa061c6e975a2
legitimate_heterogeneous_precision,20021,cross_channel,0.19183783968941412,0.21910614915363624,0.21910614915363624,1.0,0.0,0.0,0.0,1.5057474180054435,4.5355523738548404,0.975,0.010294942944702202,0.09375,0.0,0.98125,0.0,0.0,0.995810077182341,0.7521193214243419,0.0,0.0,0.0,0.0,0.0,0.6450130920083058,0.0,0.0,27.321283583063632,bbb173414e265e960347d2b4bc91d11527ae40d99a1ea2140cbf87aacec44320
legitimate_heterogeneous_precision,20022,cross_channel,0.16735695505433829,0.18614444942664674,0.18614444942664674,1.0,0.0,0.0,0.0,1.72539476288091,3.9387848245290042,0.9625,0.013876924349316958,0.125,0.0,0.9625,0.0,0.0,0.9943194833922874,0.594584655437822,0.0,0.0,0.0,0.0,0.0,0.8009021525194056,0.0,0.0,27.235199416056275,55c2581838a98d28fd23d64857a0067787ea1c48c9ee2a4ac349776be13e443f
legitimate_heterogeneous_precision,20023,cross_channel,0.17503787296402923,0.19812064189603074,0.19812064189603074,1.0,0.0,0.0,0.0,1.7273823994893136,5.6960966983427115,0.96875,0.012302951571132448,0.10625,0.0,0.94375,0.0,0.0,0.9953705375823552,0.7649133627945893,0.0,0.0,0.0,0.0,0.0,1.0898965924290622,0.0,0.0,26.848509709117934,d72369de2d1bc71af6f9d841dadef317e2f4d00d39d41e8fbfbbe5e7e257ee1b
legitimate_heterogeneous_precision,20024,cross_channel,0.19546368851272783,0.22086559322157426,0.22086559322157426,1.0,0.0,0.0,0.0,1.8484101056329354,6.508173676179525,0.94375,0.011443188086310545,0.09375,0.0,0.95625,0.0,0.0,0.9975863584282851,0.8812950558948464,0.0,0.0,0.0,0.0,0.0,1.0039421970214324,0.0,0.0,26.96421741694212,2a2c5b7e3b19a2c92f27117fb93fabbc21f397caefad24010f400c23b6f8fd95
legitimate_heterogeneous_precision,20025,cross_channel,0.187328434984743,0.20958958041977216,0.20958958041977216,1.0,0.0,0.0,0.0,1.8654627504649206,5.781032950928059,0.9625,0.01419433412333199,0.10625,0.0,0.9625,0.0,0.0,0.9935687223324973,0.7297027469880701,0.0,0.0,0.0,0.0,0.0,0.7988185823553922,0.0,0.0,26.756340333959088,a4042aad7af079cdd9d45f4741603d5734a84c6ad3e330f4b21baace12a85440
legitimate_heterogeneous_precision,20026,cross_channel,0.2031199005809031,0.23155095280557444,0.23155095280557444,1.0,0.0,0.0,0.0,2.0105259456303552,6.401081065913361,0.9375,0.011024557379306538,0.08125,0.0,0.95,0.0,0.0,0.996179436477506,0.8096899869175179,0.0,0.0,0.0,0.0,0.0,0.96401087642488,0.0,0.0,26.77031962503679,8eb97201946758060ba70e31f2b2b77976978df033e45981db1efbbea6364ff8
legitimate_heterogeneous_precision,20027,cross_channel,0.1922216486630931,0.2213669710189945,0.2213669710189945,1.0,0.0,0.0,0.0,1.7730405963506513,4.7629341952258555,0.95625,0.012437687831234428,0.04375,0.0,0.99375,0.0,0.0,0.9988635761726478,0.8908261999745344,0.0,0.0,0.0,0.0,0.0,0.7756036297336055,0.0,0.0,26.694013708038256,33a979bac6d74e13ae88aa1759b8815409f4f9e42510e17a9e1034c2a06c87e5
legitimate_heterogeneous_precision,20028,cross_channel,0.14379699755689693,0.16066264944698502,0.16066264944698502,1.0,0.0,0.0,0.0,1.3897672045855742,4.007596921173182,0.99375,0.011879578406349378,0.09375,0.0,0.925,0.0,0.0,0.9963379408438824,0.7641701189218418,0.0,0.0,0.0,0.0,0.0,0.7681907211694675,0.0,0.0,27.249497208045796,40585332d5f2dbe40e6265d0f31832200c64f79e6df747d0e883fad6d815da5f
legitimate_heterogeneous_precision,20029,cross_channel,0.15944725237974838,0.1784645823189616,0.1784645823189616,1.0,0.0,0.0,0.0,1.6872190941223693,4.140554551131978,0.975,0.010000000000000009,0.0625,0.0,0.90625,0.0,0.0,0.998052901132653,0.8530327850732995,0.0,0.0,0.0,0.0,0.0,1.0266848948780056,0.0,0.0,27.45167320803739,366881843902ba1f69ce24fb9ca3f85da00913a2c66ae0b083de3af12351df59
legitimate_heterogeneous_precision,20030,cross_channel,0.20973677695769877,0.24214143641529337,0.24214143641529337,1.0,0.0,0.0,0.0,2.2122502037390546,7.400969640885167,0.91875,0.012787188123258585,0.1125,0.0,0.96875,0.0,0.0,0.9960663832832395,0.7607931663485319,0.0,0.0,0.0,0.0,0.0,0.8917364248061533,0.0,0.0,27.191871458198875,549b17393d32aae1e098aa5d0e0f09c2e65b4b2686d54dd1917834fd52e1ad24
legitimate_heterogeneous_precision,20031,cross_channel,0.17615917906952108,0.1951127600474807,0.1951127600474807,1.0,0.0,0.0,0.0,1.799168773043445,5.701851824277265,0.95625,0.011836641553115373,0.0625,0.0,0.9375,0.0,0.0,0.9967588708549041,0.7967762675319642,0.0,0.0,0.0,0.0,0.0,0.8615292919144398,0.0,0.0,26.818049791967496,7dd32ece2d8e57516eacc399fce859d6f86614df5c58768db0b33f49b4fb840e
legitimate_heterogeneous_precision,20032,cross_channel,0.18155481349474747,0.20464958880401865,0.20464958880401865,1.0,0.0,0.0,0.0,1.8583573927078028,4.932854690171825,0.975,0.013744692311874196,0.09375,0.0,0.95625,0.0,0.0,0.9972490893893408,0.8606008113402009,0.0,0.0,0.0,0.0,0.0,0.9386868730269258,0.0,0.0,26.86480270791799,7664ad6f30f1e899c169e6fbe945246cb40f3808a845d7d99f7c74d3888b7fec
legitimate_heterogeneous_precision,20033,cross_channel,0.19612168494400375,0.20908206160974058,0.20908206160974058,0.9875,0.0,0.0125,0.0,1.5297471057665315,4.370341113305624,0.975,0.015589336634236178,0.125,0.0,0.99375,0.0,0.0,0.9930521720736261,0.5499956806200592,0.0,0.0,0.0,0.0,0.0,1.3660371648106149,0.0,0.0,26.801561166066676,88bdfac3c2c11c6e8cabadb5c919a9e7b650a04aca043aa1e73bbdf003c61c84
legitimate_heterogeneous_precision,20034,cross_channel,0.2060730771386711,0.2299751380099257,0.2299751380099257,1.0,0.0,0.0,0.0,1.671457706657985,4.387044024343015,0.99375,0.011901460588392145,0.08125,0.0,0.9875,0.0,0.0,0.9972263287615082,0.8836818294382632,0.0,0.0,0.0,0.0,0.03125,0.9347445410984573,0.0,0.0,26.875718583120033,c518b40fdfdc69a014420e0b31dcb75e2c5b5a7fcc91f5c3ed9f75b46090313b
legitimate_heterogeneous_precision,20035,cross_channel,0.19159482493896346,0.21434907291859276,0.21434907291859276,1.0,0.0,0.0,0.0,1.8710569431060526,5.706669524313544,0.95625,0.013867169537540086,0.1,0.0,0.99375,0.0,0.0,0.9945165233208895,0.7761897528488702,0.0,0.0,0.0,0.0,0.0,0.8417457508310093,0.0,0.0,26.829120583133772,197e66a6c1b99f71bb22f66655e69bea50e1602d481d2105fb71f14ec654cac5
legitimate_heterogeneous_precision,20036,cross_channel,0.16149936951346208,0.18283660131625373,0.18283660131625373,1.0,0.0,0.0,0.0,1.8275580744715594,5.435492540239203,0.96875,0.010749016980822909,0.06875,0.0,0.89375,0.0,0.0,0.9966142584391522,0.7680312591856939,0.0,0.0,0.0,0.0,0.0,1.297944702259816,0.0,0.0,26.98226145794615,e679bee7d8ddb865a93af729ee83872bae3bccee1021ea6ab731fbf7b037e9fc
legitimate_heterogeneous_precision,20037,cross_channel,0.16776496880523126,0.18716908504604268,0.18716908504604268,1.0,0.0,0.0,0.0,1.580343120191678,4.701629739231397,0.9875,0.012187606165024826,0.15625,0.0,0.9375,0.0,0.0,0.9940490004291054,0.6899580313783658,0.0,0.0,0.0,0.0,0.0,0.8799971374071045,0.0,0.0,26.654054624959826,60a1323158b6cdc340679948a47f1e24579799adfe01f49e646f3077f3f54518
legitimate_heterogeneous_precision,20038,cross_channel,0.1745255513439653,0.19492269536018236,0.19492269536018236,1.0,0.0,0.0,0.0,1.4806400971632552,4.356017562772422,0.98125,0.0111141259525388,0.09375,0.0,0.96875,0.0,0.0,0.9959303687151836,0.7125426204050888,0.0,0.0,0.0,0.0,0.0,1.124925148309621,0.0,0.0,27.3331190419849,216d759e5528ce9f812205682d5424727f8884c1fbac45dffa3b9070e04081c5
legitimate_heterogeneous_precision,20039,cross_channel,0.189695174112327,0.21343688735221877,0.21343688735221877,1.0,0.0,0.0,0.0,1.7920367549954883,4.817854980040215,0.975,0.012096707523328457,0.08125,0.0,0.975,0.0,0.0,0.9971111754184478,0.8675434950408967,0.0,0.0,0.0,0.0,0.0,1.0779362732675029,0.0,0.0,27.463780124904588,ac051ab5d652e539a75908b3dbf379d2d9bcf677606bb360d0c1664c20f5b67a
legitimate_heterogeneous_precision,20000,ramp_rate,0.18613835112200375,0.20859228646888645,0.20859228646888645,1.0,0.0,0.0,0.0,1.9570391596739065,4.80270941838103,0.975,0.012626456578583934,0.1,0.0,0.96875,0.0,0.0,1.0,1.0,0.0,0.0,0.0,0.0,0.0,0.8583043136197521,0.0,0.0,29.855336666107178,2ac3f824c8aac43ee10eeb6d92315323778875eaf57721209701c9953d5112fc
legitimate_heterogeneous_precision,20001,ramp_rate,0.1505845046947271,0.17452599612083725,0.17452599612083725,1.0,0.0,0.0,0.0,1.5854468130927162,4.3698325338575055,0.975,0.011507440821282116,0.1,0.0,0.89375,0.0,0.0,1.0,1.0,0.0,0.0,0.0,0.0,0.0,0.8725486724917599,0.0,0.0,28.581122500123456,8e4dfc09a5c4861a0fdc77c25cccfa589e500e434dc1f03bdb162605deaeda9f
legitimate_heterogeneous_precision,20002,ramp_rate,0.19276224090132468,0.20968357203709628,0.20968357203709628,0.9875,0.0,0.0125,0.0,1.7928095587305308,5.26306462141052,0.95625,0.01666516488023336,0.1125,0.0,0.9875,0.0,0.0,1.0,1.0,0.0,0.0,0.0,0.0,0.0,1.221762319962481,0.0,0.0,28.196062457980588,053bff2cde3310e43d4ac459ebce4cf2a484f9690ac5aeb456319215e44c29a0
legitimate_heterogeneous_precision,20003,ramp_rate,0.19702816870314474,0.22499520997980876,0.22499520997980876,1.0,0.0,0.0,0.0,1.7069627146696724,4.941186056928915,0.975,0.014065285382843878,0.1125,0.0,0.98125,0.0,0.0,1.0,1.0,0.0,0.0,0.0,0.0,0.0,0.6425588583429176,0.0,0.0,27.41250729118474,cd48b4136d9b99c2d4a957b4fdd36e4307cbb856db6b07edef1a7b8b1806f8a0
legitimate_heterogeneous_precision,20004,ramp_rate,0.1893534869442162,0.21539968719575983,0.21539968719575983,1.0,0.0,0.0,0.0,1.805858550308315,5.697896208779307,0.9625,0.013515098509883328,0.15625,0.0,0.99375,0.0,0.0,1.0,1.0,0.0,0.0,0.0,0.0,0.0,0.8870994944574623,0.0,0.0,26.55757608404383,f47a07a1e09e692180e07e55292f4159d2edb107f0f4a9caefd0748d389b091e
legitimate_heterogeneous_precision,20005,ramp_rate,0.18590382642317094,0.2124730010763269,0.2124730010763269,1.0,0.0,0.0,0.0,1.7345852453562274,5.048188087852098,0.98125,0.010270823397978851,0.06875,0.0,0.99375,0.0,0.0,1.0,1.0,0.0,0.0,0.0,0.0,0.0,0.6248319166651651,0.0,0.0,26.708686375059187,ad9620c8205c032ff1d954cc0d6fe4380c2063ba7534d0b166e95b3e894966ad
legitimate_heterogeneous_precision,20006,ramp_rate,0.18543689595892504,0.21018476120108806,0.21018476120108806,1.0,0.0,0.0,0.0,1.6388847257850354,4.272636031857167,0.98125,0.01220100761051619,0.075,0.0,0.99375,0.0,0.0,1.0,1.0,0.0,0.0,0.0,0.0,0.0,0.9763119313530682,0.0,0.0,27.15954887494445,670eb50745c10fb0af0f8a9f7d0e382c2daa006880186e0d629317701d4574ae
legitimate_heterogeneous_precision,20007,ramp_rate,0.18555774279537313,0.2068603052470054,0.2068603052470054,1.0,0.0,0.0,0.0,1.6859060359887188,4.7239074144434845,0.9875,0.01624111835021306,0.13125,0.0,0.95625,0.0,0.0,1.0,1.0,0.0,0.0,0.0,0.0,0.0,0.7583621987625195,0.0,0.0,26.709029000019655,d1a7021435c590160c581b9c3074d691d151fa4e2cc4e04150b16c80dbcbf65d
legitimate_heterogeneous_precision,20008,ramp_rate,0.18441772414116453,0.20018577504503143,0.20018577504503143,0.99375,0.0,0.00625,0.0,1.7475803925450024,4.75236902503003,0.98125,0.015587889074657631,0.1,0.0,0.96875,0.0,0.0,1.0,1.0,0.0,0.0,0.0,0.0,0.0,0.9361311871079575,0.0,0.0,27.019872249802575,556d8aa426f4980818b0cc8c712259ca5b0fa65431d2623e42a5e2453b1fb236
legitimate_heterogeneous_precision,20009,ramp_rate,0.19417009490496637,0.2222940415729272,0.2222940415729272,1.0,0.0,0.0,0.0,1.9904674993162161,5.550925266534601,0.95,0.015799584754760183,0.10625,0.0,0.9625,0.0,0.0,1.0,1.0,0.0,0.0,0.0,0.0,0.0,1.0231625888976077,0.0,0.0,26.864222957985476,8efa548e710385241d5fe69aa0b4c723be567ed3907106b8d08611454f918b05
legitimate_heterogeneous_precision,20010,ramp_rate,0.1916695549280379,0.21950174870604494,0.21950174870604494,1.0,0.0,0.0,0.0,1.8365184075451424,5.5331343635768775,0.9625,0.012247173835146086,0.1,0.0,0.95625,0.0,0.0,1.0,1.0,0.0,0.0,0.0,0.0,0.0,0.8802067736430302,0.0,0.0,26.91088016703725,67b9a8591b3475180325dd51f06271682465f109d43c5d8cf06d0347aea23f5a
legitimate_heterogeneous_precision,20011,ramp_rate,0.18061173805123204,0.20293364065866967,0.20293364065866967,1.0,0.0,0.0,0.0,1.7948152134004982,5.28072813293701,0.9625,0.011445327044088544,0.13125,0.0,0.975,0.0,0.0,1.0,1.0,0.0,0.0,0.0,0.0,0.0,0.760053038511187,0.0,0.0,27.056087709032,3afaa7bb9337d38641994f87b0dde162666bb7ee60db3f7c00e664ce4d7fe703
legitimate_heterogeneous_precision,20012,ramp_rate,0.19074746445207508,0.21338285751461403,0.21338285751461403,1.0,0.0,0.0,0.0,1.5000123958093456,4.045367481099643,0.9875,0.011195069319309707,0.13125,0.0,0.975,0.0,0.0,1.0,1.0,0.0,0.0,0.0,0.0,0.0,0.7463190363735349,0.0,0.0,26.793994833016768,93c74e55e011efaeb45eb889ddbb6f0f99da008329abfd4dc473fc6341293074
legitimate_heterogeneous_precision,20013,ramp_rate,0.17873341659313807,0.20075191590054284,0.20075191590054284,1.0,0.0,0.0,0.0,1.8803071516322198,5.47024135777566,0.9625,0.012389316340032657,0.0875,0.0,0.98125,0.0,0.0,1.0,1.0,0.0,0.0,0.0,0.0,0.0,0.8161993581004389,0.0,0.0,27.4894820000045,beba8cb2103e2cf0a2a71217becccd019768a7904b36e5ad1ed99f3f38aa051a
legitimate_heterogeneous_precision,20014,ramp_rate,0.1804562922204184,0.19936387616086093,0.19936387616086093,1.0,0.0,0.0,0.0,1.8276280289611009,5.075298263940981,0.98125,0.011543063250119657,0.1,0.0,0.925,0.0,0.0,1.0,1.0,0.0,0.0,0.0,0.0,0.0,0.7907855487566982,0.0,0.0,27.442197541939095,9177b68a841481e592108f7453098cc1ab69d17d794201c1a42de5d74e93e9a6
legitimate_heterogeneous_precision,20015,ramp_rate,0.18701915120723717,0.20433346350120482,0.20433346350120482,0.99375,0.0,0.00625,0.0,1.8649209251820704,6.130923029629091,0.94375,0.013739485316175994,0.1,0.0,0.9625,0.0,0.0,1.0,1.0,0.0,0.0,0.0,0.0,0.0,0.8858717125461799,0.0,0.0,26.661726499907672,3f3b323101ca4e397a9f3fb44c5a4c5ba3902ff31fd2b3289bda5a683acdbe36
legitimate_heterogeneous_precision,20016,ramp_rate,0.17164976916249572,0.19216272105208762,0.19216272105208762,1.0,0.0,0.0,0.0,1.9540723697925149,5.0813576587119424,0.975,0.012990241303241007,0.13125,0.0,0.9125,0.0,0.0,1.0,1.0,0.0,0.0,0.0,0.0,0.0,1.0611271399637396,0.0,0.0,27.339028832968324,7c3684960d87f3c0d7c5de0e091d3c80852640ca81d208937df535b3e6630afe
legitimate_heterogeneous_precision,20017,ramp_rate,0.18772982172329572,0.21311510144950113,0.21311510144950113,1.0,0.0,0.0,0.0,1.7218189253675078,5.421573187987228,0.96875,0.011468552425595807,0.10625,0.0,0.98125,0.0,0.0,1.0,1.0,0.0,0.0,0.0,0.0,0.00625,0.9862323921056568,0.0,0.0,26.82990216696635,9fdc058ac966ee98c5abdd659d77bbb2501b92e704bc653282f0d41c626d7183
legitimate_heterogeneous_precision,20018,ramp_rate,0.18283131670697705,0.20846453680955843,0.20846453680955843,1.0,0.0,0.0,0.0,1.6957849035072539,5.206317307336616,0.9625,0.01633811790936532,0.1375,0.0,0.9625,0.0,0.0,1.0,1.0,0.0,0.0,0.0,0.0,0.0,1.0564069725825853,0.0,0.0,26.64814933296293,c873b311810f72818cf86707e09431f626485c6fd2bd2e7a8ca66f7c8250ba8c
legitimate_heterogeneous_precision,20019,ramp_rate,0.198660247989968,0.2247205923815001,0.2247205923815001,1.0,0.0,0.0,0.0,2.0537270318932155,5.539080903679232,0.9625,0.012553357755230633,0.14375,0.0,0.98125,0.0,0.0,1.0,1.0,0.0,0.0,0.0,0.0,0.00625,1.0128784315190558,0.0,0.0,26.93457429204136,0c0372f3178c5ea8f577f27498ff99b2df8f953f6061be7bba56badc07714b0e
legitimate_heterogeneous_precision,20020,ramp_rate,0.17502313808356545,0.19989642672387442,0.19989642672387442,1.0,0.0,0.0,0.0,1.5020426172180843,4.642240724975209,0.98125,0.012682310489150864,0.0875,0.0,0.96875,0.0,0.0,1.0,1.0,0.0,0.0,0.0,0.0,0.0,1.028586848598826,0.0,0.0,26.872039708076045,bb896504235ff08ead38d5b561fa2344b43201951aafdd824f3aa061c6e975a2
legitimate_heterogeneous_precision,20021,ramp_rate,0.19183783968941412,0.21910614915363624,0.21910614915363624,1.0,0.0,0.0,0.0,1.5057474180054435,4.5355523738548404,0.975,0.010294942944702202,0.09375,0.0,0.98125,0.0,0.0,1.0,1.0,0.0,0.0,0.0,0.0,0.0,0.6450130920083058,0.0,0.0,27.321283583063632,bbb173414e265e960347d2b4bc91d11527ae40d99a1ea2140cbf87aacec44320
legitimate_heterogeneous_precision,20022,ramp_rate,0.16735695505433829,0.18614444942664674,0.18614444942664674,1.0,0.0,0.0,0.0,1.72539476288091,3.9387848245290042,0.9625,0.013876924349316958,0.125,0.0,0.9625,0.0,0.0,1.0,1.0,0.0,0.0,0.0,0.0,0.0,0.8009021525194056,0.0,0.0,27.235199416056275,55c2581838a98d28fd23d64857a0067787ea1c48c9ee2a4ac349776be13e443f
legitimate_heterogeneous_precision,20023,ramp_rate,0.17503787296402923,0.19812064189603074,0.19812064189603074,1.0,0.0,0.0,0.0,1.7273823994893136,5.6960966983427115,0.96875,0.012302951571132448,0.10625,0.0,0.94375,0.0,0.0,1.0,1.0,0.0,0.0,0.0,0.0,0.0,1.0898965924290622,0.0,0.0,26.848509709117934,d72369de2d1bc71af6f9d841dadef317e2f4d00d39d41e8fbfbbe5e7e257ee1b
legitimate_heterogeneous_precision,20024,ramp_rate,0.19546368851272783,0.22086559322157426,0.22086559322157426,1.0,0.0,0.0,0.0,1.8484101056329354,6.508173676179525,0.94375,0.011443188086310545,0.09375,0.0,0.95625,0.0,0.0,1.0,1.0,0.0,0.0,0.0,0.0,0.0,1.0039421970214324,0.0,0.0,26.96421741694212,2a2c5b7e3b19a2c92f27117fb93fabbc21f397caefad24010f400c23b6f8fd95
legitimate_heterogeneous_precision,20025,ramp_rate,0.187328434984743,0.20958958041977216,0.20958958041977216,1.0,0.0,0.0,0.0,1.8654627504649206,5.781032950928059,0.9625,0.01419433412333199,0.10625,0.0,0.9625,0.0,0.0,1.0,1.0,0.0,0.0,0.0,0.0,0.0,0.7988185823553922,0.0,0.0,26.756340333959088,a4042aad7af079cdd9d45f4741603d5734a84c6ad3e330f4b21baace12a85440
legitimate_heterogeneous_precision,20026,ramp_rate,0.2031199005809031,0.23155095280557444,0.23155095280557444,1.0,0.0,0.0,0.0,2.0105259456303552,6.401081065913361,0.9375,0.011024557379306538,0.08125,0.0,0.95,0.0,0.0,1.0,1.0,0.0,0.0,0.0,0.0,0.0,0.96401087642488,0.0,0.0,26.77031962503679,8eb97201946758060ba70e31f2b2b77976978df033e45981db1efbbea6364ff8
legitimate_heterogeneous_precision,20027,ramp_rate,0.1922216486630931,0.2213669710189945,0.2213669710189945,1.0,0.0,0.0,0.0,1.7730405963506513,4.7629341952258555,0.95625,0.012437687831234428,0.04375,0.0,0.99375,0.0,0.0,1.0,1.0,0.0,0.0,0.0,0.0,0.0,0.7756036297336055,0.0,0.0,26.694013708038256,33a979bac6d74e13ae88aa1759b8815409f4f9e42510e17a9e1034c2a06c87e5
legitimate_heterogeneous_precision,20028,ramp_rate,0.14379699755689693,0.16066264944698502,0.16066264944698502,1.0,0.0,0.0,0.0,1.3897672045855742,4.007596921173182,0.99375,0.011879578406349378,0.09375,0.0,0.925,0.0,0.0,1.0,1.0,0.0,0.0,0.0,0.0,0.0,0.7681907211694675,0.0,0.0,27.249497208045796,40585332d5f2dbe40e6265d0f31832200c64f79e6df747d0e883fad6d815da5f
legitimate_heterogeneous_precision,20029,ramp_rate,0.15944725237974838,0.1784645823189616,0.1784645823189616,1.0,0.0,0.0,0.0,1.6872190941223693,4.140554551131978,0.975,0.010000000000000009,0.0625,0.0,0.90625,0.0,0.0,1.0,1.0,0.0,0.0,0.0,0.0,0.0,1.0266848948780056,0.0,0.0,27.45167320803739,366881843902ba1f69ce24fb9ca3f85da00913a2c66ae0b083de3af12351df59
legitimate_heterogeneous_precision,20030,ramp_rate,0.20973677695769877,0.24214143641529337,0.24214143641529337,1.0,0.0,0.0,0.0,2.2122502037390546,7.400969640885167,0.91875,0.012787188123258585,0.1125,0.0,0.96875,0.0,0.0,1.0,1.0,0.0,0.0,0.0,0.0,0.0,0.8917364248061533,0.0,0.0,27.191871458198875,549b17393d32aae1e098aa5d0e0f09c2e65b4b2686d54dd1917834fd52e1ad24
legitimate_heterogeneous_precision,20031,ramp_rate,0.17615917906952108,0.1951127600474807,0.1951127600474807,1.0,0.0,0.0,0.0,1.799168773043445,5.701851824277265,0.95625,0.011836641553115373,0.0625,0.0,0.9375,0.0,0.0,1.0,1.0,0.0,0.0,0.0,0.0,0.0,0.8615292919144398,0.0,0.0,26.818049791967496,7dd32ece2d8e57516eacc399fce859d6f86614df5c58768db0b33f49b4fb840e
legitimate_heterogeneous_precision,20032,ramp_rate,0.18155481349474747,0.20464958880401865,0.20464958880401865,1.0,0.0,0.0,0.0,1.8583573927078028,4.932854690171825,0.975,0.013744692311874196,0.09375,0.0,0.95625,0.0,0.0,1.0,1.0,0.0,0.0,0.0,0.0,0.0,0.9386868730269258,0.0,0.0,26.86480270791799,7664ad6f30f1e899c169e6fbe945246cb40f3808a845d7d99f7c74d3888b7fec
legitimate_heterogeneous_precision,20033,ramp_rate,0.19612168494400375,0.20908206160974058,0.20908206160974058,0.9875,0.0,0.0125,0.0,1.5297471057665315,4.370341113305624,0.975,0.015589336634236178,0.125,0.0,0.99375,0.0,0.0,0.9983550747684864,0.5788990053958725,0.0,0.0,0.0,0.0,0.0,1.3660371648106149,0.0,0.0,26.801561166066676,88bdfac3c2c11c6e8cabadb5c919a9e7b650a04aca043aa1e73bbdf003c61c84
legitimate_heterogeneous_precision,20034,ramp_rate,0.2060730771386711,0.2299751380099257,0.2299751380099257,1.0,0.0,0.0,0.0,1.671457706657985,4.387044024343015,0.99375,0.011901460588392145,0.08125,0.0,0.9875,0.0,0.0,1.0,1.0,0.0,0.0,0.0,0.0,0.03125,0.9347445410984573,0.0,0.0,26.875718583120033,c518b40fdfdc69a014420e0b31dcb75e2c5b5a7fcc91f5c3ed9f75b46090313b
legitimate_heterogeneous_precision,20035,ramp_rate,0.19159482493896346,0.21434907291859276,0.21434907291859276,1.0,0.0,0.0,0.0,1.8710569431060526,5.706669524313544,0.95625,0.013867169537540086,0.1,0.0,0.99375,0.0,0.0,1.0,1.0,0.0,0.0,0.0,0.0,0.0,0.8417457508310093,0.0,0.0,26.829120583133772,197e66a6c1b99f71bb22f66655e69bea50e1602d481d2105fb71f14ec654cac5
legitimate_heterogeneous_precision,20036,ramp_rate,0.16149936951346208,0.18283660131625373,0.18283660131625373,1.0,0.0,0.0,0.0,1.8275580744715594,5.435492540239203,0.96875,0.010749016980822909,0.06875,0.0,0.89375,0.0,0.0,1.0,1.0,0.0,0.0,0.0,0.0,0.0,1.297944702259816,0.0,0.0,26.98226145794615,e679bee7d8ddb865a93af729ee83872bae3bccee1021ea6ab731fbf7b037e9fc
legitimate_heterogeneous_precision,20037,ramp_rate,0.16776496880523126,0.18716908504604268,0.18716908504604268,1.0,0.0,0.0,0.0,1.580343120191678,4.701629739231397,0.9875,0.012187606165024826,0.15625,0.0,0.9375,0.0,0.0,1.0,1.0,0.0,0.0,0.0,0.0,0.0,0.8799971374071045,0.0,0.0,26.654054624959826,60a1323158b6cdc340679948a47f1e24579799adfe01f49e646f3077f3f54518
legitimate_heterogeneous_precision,20038,ramp_rate,0.1745255513439653,0.19492269536018236,0.19492269536018236,1.0,0.0,0.0,0.0,1.4806400971632552,4.356017562772422,0.98125,0.0111141259525388,0.09375,0.0,0.96875,0.0,0.0,1.0,1.0,0.0,0.0,0.0,0.0,0.0,1.124925148309621,0.0,0.0,27.3331190419849,216d759e5528ce9f812205682d5424727f8884c1fbac45dffa3b9070e04081c5
legitimate_heterogeneous_precision,20039,ramp_rate,0.189695174112327,0.21343688735221877,0.21343688735221877,1.0,0.0,0.0,0.0,1.7920367549954883,4.817854980040215,0.975,0.012096707523328457,0.08125,0.0,0.975,0.0,0.0,1.0,1.0,0.0,0.0,0.0,0.0,0.0,1.0779362732675029,0.0,0.0,27.463780124904588,ac051ab5d652e539a75908b3dbf379d2d9bcf677606bb360d0c1664c20f5b67a
legitimate_heterogeneous_precision,20000,influence_budget,0.18613835112200375,0.20859228646888645,0.20859228646888645,1.0,0.0,0.0,0.0,1.9570391596739065,4.80270941838103,0.975,0.012626456578583934,0.1,0.0,0.96875,0.0,0.0,1.0,1.0,0.0012522804373619905,0.0,0.0,0.0,0.0,0.8583043136197521,0.0,0.0,29.855336666107178,2ac3f824c8aac43ee10eeb6d92315323778875eaf57721209701c9953d5112fc
legitimate_heterogeneous_precision,20001,influence_budget,0.1505845046947271,0.17452599612083725,0.17452599612083725,1.0,0.0,0.0,0.0,1.5854468130927162,4.3698325338575055,0.975,0.011507440821282116,0.1,0.0,0.89375,0.0,0.0,1.0,1.0,0.0,0.0,0.0,0.0,0.0,0.8725486724917599,0.0,0.0,28.581122500123456,8e4dfc09a5c4861a0fdc77c25cccfa589e500e434dc1f03bdb162605deaeda9f
legitimate_heterogeneous_precision,20002,influence_budget,0.19276224090132468,0.20968357203709628,0.20968357203709628,0.9875,0.0,0.0125,0.0,1.7928095587305308,5.26306462141052,0.95625,0.01666516488023336,0.1125,0.0,0.9875,0.0,0.0,1.0,1.0,0.003505559527460688,0.0,0.0,0.0,0.0,1.221762319962481,0.0,0.0,28.196062457980588,053bff2cde3310e43d4ac459ebce4cf2a484f9690ac5aeb456319215e44c29a0
legitimate_heterogeneous_precision,20003,influence_budget,0.19702816870314474,0.22499520997980876,0.22499520997980876,1.0,0.0,0.0,0.0,1.7069627146696724,4.941186056928915,0.975,0.014065285382843878,0.1125,0.0,0.98125,0.0,0.0,1.0,1.0,0.0004923625638495774,0.0,0.0,0.0,0.0,0.6425588583429176,0.0,0.0,27.41250729118474,cd48b4136d9b99c2d4a957b4fdd36e4307cbb856db6b07edef1a7b8b1806f8a0
legitimate_heterogeneous_precision,20004,influence_budget,0.1893534869442162,0.21539968719575983,0.21539968719575983,1.0,0.0,0.0,0.0,1.805858550308315,5.697896208779307,0.9625,0.013515098509883328,0.15625,0.0,0.99375,0.0,0.0,1.0,1.0,0.0008542374626592556,0.0,0.0,0.0,0.0,0.8870994944574623,0.0,0.0,26.55757608404383,f47a07a1e09e692180e07e55292f4159d2edb107f0f4a9caefd0748d389b091e
legitimate_heterogeneous_precision,20005,influence_budget,0.18590382642317094,0.2124730010763269,0.2124730010763269,1.0,0.0,0.0,0.0,1.7345852453562274,5.048188087852098,0.98125,0.010270823397978851,0.06875,0.0,0.99375,0.0,0.0,1.0,1.0,0.0006792872691204486,0.0,0.0,0.0,0.0,0.6248319166651651,0.0,0.0,26.708686375059187,ad9620c8205c032ff1d954cc0d6fe4380c2063ba7534d0b166e95b3e894966ad
legitimate_heterogeneous_precision,20006,influence_budget,0.18543689595892504,0.21018476120108806,0.21018476120108806,1.0,0.0,0.0,0.0,1.6388847257850354,4.272636031857167,0.98125,0.01220100761051619,0.075,0.0,0.99375,0.0,0.0,1.0,1.0,0.0027610581764490414,0.0,0.0,0.0,0.0,0.9763119313530682,0.0,0.0,27.15954887494445,670eb50745c10fb0af0f8a9f7d0e382c2daa006880186e0d629317701d4574ae
legitimate_heterogeneous_precision,20007,influence_budget,0.18555774279537313,0.2068603052470054,0.2068603052470054,1.0,0.0,0.0,0.0,1.6859060359887188,4.7239074144434845,0.9875,0.01624111835021306,0.13125,0.0,0.95625,0.0,0.0,1.0,1.0,0.0003383583752446693,0.0,0.0,0.0,0.0,0.7583621987625195,0.0,0.0,26.709029000019655,d1a7021435c590160c581b9c3074d691d151fa4e2cc4e04150b16c80dbcbf65d
legitimate_heterogeneous_precision,20008,influence_budget,0.18441772414116453,0.20018577504503143,0.20018577504503143,0.99375,0.0,0.00625,0.0,1.7475803925450024,4.75236902503003,0.98125,0.015587889074657631,0.1,0.0,0.96875,0.0,0.0,1.0,1.0,0.0027052904901882432,0.0,0.0,0.0,0.0,0.9361311871079575,0.0,0.0,27.019872249802575,556d8aa426f4980818b0cc8c712259ca5b0fa65431d2623e42a5e2453b1fb236
legitimate_heterogeneous_precision,20009,influence_budget,0.19417009490496637,0.2222940415729272,0.2222940415729272,1.0,0.0,0.0,0.0,1.9904674993162161,5.550925266534601,0.95,0.015799584754760183,0.10625,0.0,0.9625,0.0,0.0,1.0,1.0,0.0012531921548090802,0.0,0.0,0.0,0.0,1.0231625888976077,0.0,0.0,26.864222957985476,8efa548e710385241d5fe69aa0b4c723be567ed3907106b8d08611454f918b05
legitimate_heterogeneous_precision,20010,influence_budget,0.1916695549280379,0.21950174870604494,0.21950174870604494,1.0,0.0,0.0,0.0,1.8365184075451424,5.5331343635768775,0.9625,0.012247173835146086,0.1,0.0,0.95625,0.0,0.0,1.0,1.0,0.0006917193773415798,0.0,0.0,0.0,0.0,0.8802067736430302,0.0,0.0,26.91088016703725,67b9a8591b3475180325dd51f06271682465f109d43c5d8cf06d0347aea23f5a
legitimate_heterogeneous_precision,20011,influence_budget,0.18061173805123204,0.20293364065866967,0.20293364065866967,1.0,0.0,0.0,0.0,1.7948152134004982,5.28072813293701,0.9625,0.011445327044088544,0.13125,0.0,0.975,0.0,0.0,1.0,1.0,0.0017262265067276648,0.0,0.0,0.0,0.0,0.760053038511187,0.0,0.0,27.056087709032,3afaa7bb9337d38641994f87b0dde162666bb7ee60db3f7c00e664ce4d7fe703
legitimate_heterogeneous_precision,20012,influence_budget,0.19074746445207508,0.21338285751461403,0.21338285751461403,1.0,0.0,0.0,0.0,1.5000123958093456,4.045367481099643,0.9875,0.011195069319309707,0.13125,0.0,0.975,0.0,0.0,1.0,1.0,0.00398198500474548,0.0,0.0,0.0,0.0,0.7463190363735349,0.0,0.0,26.793994833016768,93c74e55e011efaeb45eb889ddbb6f0f99da008329abfd4dc473fc6341293074
legitimate_heterogeneous_precision,20013,influence_budget,0.17873341659313807,0.20075191590054284,0.20075191590054284,1.0,0.0,0.0,0.0,1.8803071516322198,5.47024135777566,0.9625,0.012389316340032657,0.0875,0.0,0.98125,0.0,0.0,1.0,1.0,0.002204235332133355,0.0,0.0,0.0,0.0,0.8161993581004389,0.0,0.0,27.4894820000045,beba8cb2103e2cf0a2a71217becccd019768a7904b36e5ad1ed99f3f38aa051a
legitimate_heterogeneous_precision,20014,influence_budget,0.1804562922204184,0.19936387616086093,0.19936387616086093,1.0,0.0,0.0,0.0,1.8276280289611009,5.075298263940981,0.98125,0.011543063250119657,0.1,0.0,0.925,0.0,0.0,1.0,1.0,0.0020184674195469336,0.0,0.0,0.0,0.0,0.7907855487566982,0.0,0.0,27.442197541939095,9177b68a841481e592108f7453098cc1ab69d17d794201c1a42de5d74e93e9a6
legitimate_heterogeneous_precision,20015,influence_budget,0.18701915120723717,0.20433346350120482,0.20433346350120482,0.99375,0.0,0.00625,0.0,1.8649209251820704,6.130923029629091,0.94375,0.013739485316175994,0.1,0.0,0.9625,0.0,0.0,1.0,1.0,0.0012504027434136577,0.0,0.0,0.0,0.0,0.8858717125461799,0.0,0.0,26.661726499907672,3f3b323101ca4e397a9f3fb44c5a4c5ba3902ff31fd2b3289bda5a683acdbe36
legitimate_heterogeneous_precision,20016,influence_budget,0.17164976916249572,0.19216272105208762,0.19216272105208762,1.0,0.0,0.0,0.0,1.9540723697925149,5.0813576587119424,0.975,0.012990241303241007,0.13125,0.0,0.9125,0.0,0.0,1.0,1.0,0.001187766325150557,0.0,0.0,0.0,0.0,1.0611271399637396,0.0,0.0,27.339028832968324,7c3684960d87f3c0d7c5de0e091d3c80852640ca81d208937df535b3e6630afe
legitimate_heterogeneous_precision,20017,influence_budget,0.18772982172329572,0.21311510144950113,0.21311510144950113,1.0,0.0,0.0,0.0,1.7218189253675078,5.421573187987228,0.96875,0.011468552425595807,0.10625,0.0,0.98125,0.0,0.0,1.0,1.0,0.0019581218733620235,0.0,0.0,0.0,0.00625,0.9862323921056568,0.0,0.0,26.82990216696635,9fdc058ac966ee98c5abdd659d77bbb2501b92e704bc653282f0d41c626d7183
legitimate_heterogeneous_precision,20018,influence_budget,0.18283131670697705,0.20846453680955843,0.20846453680955843,1.0,0.0,0.0,0.0,1.6957849035072539,5.206317307336616,0.9625,0.01633811790936532,0.1375,0.0,0.9625,0.0,0.0,1.0,1.0,0.0030026766765566364,0.0,0.0,0.0,0.0,1.0564069725825853,0.0,0.0,26.64814933296293,c873b311810f72818cf86707e09431f626485c6fd2bd2e7a8ca66f7c8250ba8c
legitimate_heterogeneous_precision,20019,influence_budget,0.198660247989968,0.2247205923815001,0.2247205923815001,1.0,0.0,0.0,0.0,2.0537270318932155,5.539080903679232,0.9625,0.012553357755230633,0.14375,0.0,0.98125,0.0,0.0,1.0,1.0,0.0030863044695849788,0.0,0.0,0.0,0.00625,1.0128784315190558,0.0,0.0,26.93457429204136,0c0372f3178c5ea8f577f27498ff99b2df8f953f6061be7bba56badc07714b0e
legitimate_heterogeneous_precision,20020,influence_budget,0.17502313808356545,0.19989642672387442,0.19989642672387442,1.0,0.0,0.0,0.0,1.5020426172180843,4.642240724975209,0.98125,0.012682310489150864,0.0875,0.0,0.96875,0.0,0.0,1.0,1.0,0.0018443138919186503,0.0,0.0,0.0,0.0,1.028586848598826,0.0,0.0,26.872039708076045,bb896504235ff08ead38d5b561fa2344b43201951aafdd824f3aa061c6e975a2
legitimate_heterogeneous_precision,20021,influence_budget,0.19183783968941412,0.21910614915363624,0.21910614915363624,1.0,0.0,0.0,0.0,1.5057474180054435,4.5355523738548404,0.975,0.010294942944702202,0.09375,0.0,0.98125,0.0,0.0,1.0,1.0,0.001444388648064196,0.0,0.0,0.0,0.0,0.6450130920083058,0.0,0.0,27.321283583063632,bbb173414e265e960347d2b4bc91d11527ae40d99a1ea2140cbf87aacec44320
legitimate_heterogeneous_precision,20022,influence_budget,0.16735695505433829,0.18614444942664674,0.18614444942664674,1.0,0.0,0.0,0.0,1.72539476288091,3.9387848245290042,0.9625,0.013876924349316958,0.125,0.0,0.9625,0.0,0.0,1.0,1.0,0.00283940286394384,0.0,0.0,0.0,0.0,0.8009021525194056,0.0,0.0,27.235199416056275,55c2581838a98d28fd23d64857a0067787ea1c48c9ee2a4ac349776be13e443f
legitimate_heterogeneous_precision,20023,influence_budget,0.17503787296402923,0.19812064189603074,0.19812064189603074,1.0,0.0,0.0,0.0,1.7273823994893136,5.6960966983427115,0.96875,0.012302951571132448,0.10625,0.0,0.94375,0.0,0.0,1.0,1.0,0.0016890402146708693,0.0,0.0,0.0,0.0,1.0898965924290622,0.0,0.0,26.848509709117934,d72369de2d1bc71af6f9d841dadef317e2f4d00d39d41e8fbfbbe5e7e257ee1b
legitimate_heterogeneous_precision,20024,influence_budget,0.19546368851272783,0.22086559322157426,0.22086559322157426,1.0,0.0,0.0,0.0,1.8484101056329354,6.508173676179525,0.94375,0.011443188086310545,0.09375,0.0,0.95625,0.0,0.0,1.0,1.0,0.0,0.0,0.0,0.0,0.0,1.0039421970214324,0.0,0.0,26.96421741694212,2a2c5b7e3b19a2c92f27117fb93fabbc21f397caefad24010f400c23b6f8fd95
legitimate_heterogeneous_precision,20025,influence_budget,0.187328434984743,0.20958958041977216,0.20958958041977216,1.0,0.0,0.0,0.0,1.8654627504649206,5.781032950928059,0.9625,0.01419433412333199,0.10625,0.0,0.9625,0.0,0.0,1.0,1.0,0.0008185074558717911,0.0,0.0,0.0,0.0,0.7988185823553922,0.0,0.0,26.756340333959088,a4042aad7af079cdd9d45f4741603d5734a84c6ad3e330f4b21baace12a85440
legitimate_heterogeneous_precision,20026,influence_budget,0.2031199005809031,0.23155095280557444,0.23155095280557444,1.0,0.0,0.0,0.0,2.0105259456303552,6.401081065913361,0.9375,0.011024557379306538,0.08125,0.0,0.95,0.0,0.0,1.0,1.0,0.0018557467408921008,0.0,0.0,0.0,0.0,0.96401087642488,0.0,0.0,26.77031962503679,8eb97201946758060ba70e31f2b2b77976978df033e45981db1efbbea6364ff8
legitimate_heterogeneous_precision,20027,influence_budget,0.1922216486630931,0.2213669710189945,0.2213669710189945,1.0,0.0,0.0,0.0,1.7730405963506513,4.7629341952258555,0.95625,0.012437687831234428,0.04375,0.0,0.99375,0.0,0.0,1.0,1.0,0.004251152342304573,0.0,0.0,0.0,0.0,0.7756036297336055,0.0,0.0,26.694013708038256,33a979bac6d74e13ae88aa1759b8815409f4f9e42510e17a9e1034c2a06c87e5
legitimate_heterogeneous_precision,20028,influence_budget,0.14379699755689693,0.16066264944698502,0.16066264944698502,1.0,0.0,0.0,0.0,1.3897672045855742,4.007596921173182,0.99375,0.011879578406349378,0.09375,0.0,0.925,0.0,0.0,1.0,1.0,0.0003478970642574716,0.0,0.0,0.0,0.0,0.7681907211694675,0.0,0.0,27.249497208045796,40585332d5f2dbe40e6265d0f31832200c64f79e6df747d0e883fad6d815da5f
legitimate_heterogeneous_precision,20029,influence_budget,0.15944725237974838,0.1784645823189616,0.1784645823189616,1.0,0.0,0.0,0.0,1.6872190941223693,4.140554551131978,0.975,0.010000000000000009,0.0625,0.0,0.90625,0.0,0.0,1.0,1.0,0.0,0.0,0.0,0.0,0.0,1.0266848948780056,0.0,0.0,27.45167320803739,366881843902ba1f69ce24fb9ca3f85da00913a2c66ae0b083de3af12351df59
legitimate_heterogeneous_precision,20030,influence_budget,0.21002966814285323,0.2423899733602387,0.2423899733602387,1.0,0.0,0.0,0.0,2.216102145726756,7.401010177514984,0.91875,0.012651220524357734,0.1125,0.0,0.96875,0.0125,0.0,1.0,1.0,0.005194567204897046,0.0,0.0,0.0,0.0,0.8917364248061533,0.0,0.0,27.191871458198875,549b17393d32aae1e098aa5d0e0f09c2e65b4b2686d54dd1917834fd52e1ad24
legitimate_heterogeneous_precision,20031,influence_budget,0.17615917906952108,0.1951127600474807,0.1951127600474807,1.0,0.0,0.0,0.0,1.799168773043445,5.701851824277265,0.95625,0.011836641553115373,0.0625,0.0,0.9375,0.0,0.0,1.0,1.0,0.0019608027888313624,0.0,0.0,0.0,0.0,0.8615292919144398,0.0,0.0,26.818049791967496,7dd32ece2d8e57516eacc399fce859d6f86614df5c58768db0b33f49b4fb840e
legitimate_heterogeneous_precision,20032,influence_budget,0.18155481349474747,0.20464958880401865,0.20464958880401865,1.0,0.0,0.0,0.0,1.8583573927078028,4.932854690171825,0.975,0.013744692311874196,0.09375,0.0,0.95625,0.0,0.0,1.0,1.0,0.0008315534025952469,0.0,0.0,0.0,0.0,0.9386868730269258,0.0,0.0,26.86480270791799,7664ad6f30f1e899c169e6fbe945246cb40f3808a845d7d99f7c74d3888b7fec
legitimate_heterogeneous_precision,20033,influence_budget,0.19612168494400375,0.20908206160974058,0.20908206160974058,0.9875,0.0,0.0125,0.0,1.5297471057665315,4.370341113305624,0.975,0.015589336634236178,0.125,0.0,0.99375,0.0,0.0,1.0,1.0,0.002021355111199664,0.0,0.0,0.0,0.0,1.3660371648106149,0.0,0.0,26.801561166066676,88bdfac3c2c11c6e8cabadb5c919a9e7b650a04aca043aa1e73bbdf003c61c84
legitimate_heterogeneous_precision,20034,influence_budget,0.2060730771386711,0.2299751380099257,0.2299751380099257,1.0,0.0,0.0,0.0,1.671457706657985,4.387044024343015,0.99375,0.011901460588392145,0.08125,0.0,0.9875,0.0,0.0,1.0,1.0,0.004378646059404363,0.0,0.0,0.0,0.03125,0.9347445410984573,0.0,0.0,26.875718583120033,c518b40fdfdc69a014420e0b31dcb75e2c5b5a7fcc91f5c3ed9f75b46090313b
legitimate_heterogeneous_precision,20035,influence_budget,0.19159482493896346,0.21434907291859276,0.21434907291859276,1.0,0.0,0.0,0.0,1.8710569431060526,5.706669524313544,0.95625,0.013867169537540086,0.1,0.0,0.99375,0.0,0.0,1.0,1.0,0.0006543558857565297,0.0,0.0,0.0,0.0,0.8417457508310093,0.0,0.0,26.829120583133772,197e66a6c1b99f71bb22f66655e69bea50e1602d481d2105fb71f14ec654cac5
legitimate_heterogeneous_precision,20036,influence_budget,0.16149936951346208,0.18283660131625373,0.18283660131625373,1.0,0.0,0.0,0.0,1.8275580744715594,5.435492540239203,0.96875,0.010749016980822909,0.06875,0.0,0.89375,0.0,0.0,1.0,1.0,0.0,0.0,0.0,0.0,0.0,1.297944702259816,0.0,0.0,26.98226145794615,e679bee7d8ddb865a93af729ee83872bae3bccee1021ea6ab731fbf7b037e9fc
legitimate_heterogeneous_precision,20037,influence_budget,0.16776496880523126,0.18716908504604268,0.18716908504604268,1.0,0.0,0.0,0.0,1.580343120191678,4.701629739231397,0.9875,0.012187606165024826,0.15625,0.0,0.9375,0.0,0.0,1.0,1.0,0.001080747212078097,0.0,0.0,0.0,0.0,0.8799971374071045,0.0,0.0,26.654054624959826,60a1323158b6cdc340679948a47f1e24579799adfe01f49e646f3077f3f54518
legitimate_heterogeneous_precision,20038,influence_budget,0.1745255513439653,0.19492269536018236,0.19492269536018236,1.0,0.0,0.0,0.0,1.4806400971632552,4.356017562772422,0.98125,0.0111141259525388,0.09375,0.0,0.96875,0.0,0.0,1.0,1.0,0.0035279371539589308,0.0,0.0,0.0,0.0,1.124925148309621,0.0,0.0,27.3331190419849,216d759e5528ce9f812205682d5424727f8884c1fbac45dffa3b9070e04081c5
legitimate_heterogeneous_precision,20039,influence_budget,0.189695174112327,0.21343688735221877,0.21343688735221877,1.0,0.0,0.0,0.0,1.7920367549954883,4.817854980040215,0.975,0.012096707523328457,0.08125,0.0,0.975,0.0,0.0,1.0,1.0,0.001338949097819122,0.0,0.0,0.0,0.0,1.0779362732675029,0.0,0.0,27.463780124904588,ac051ab5d652e539a75908b3dbf379d2d9bcf677606bb360d0c1664c20f5b67a
legitimate_heterogeneous_precision,20000,combined,0.18613835112200375,0.20859228646888645,0.20859228646888645,1.0,0.0,0.0,0.0,1.9570391596739065,4.80270941838103,0.975,0.012626456578583934,0.1,0.0,0.96875,0.0,0.0,0.9956581296323022,0.8596769828744903,0.0,0.0,0.0,0.0,0.0,0.8583043136197521,0.0,0.0,29.855336666107178,2ac3f824c8aac43ee10eeb6d92315323778875eaf57721209701c9953d5112fc
legitimate_heterogeneous_precision,20001,combined,0.1505845046947271,0.17452599612083725,0.17452599612083725,1.0,0.0,0.0,0.0,1.5854468130927162,4.3698325338575055,0.975,0.011507440821282116,0.1,0.0,0.89375,0.0,0.0,0.9951590242055943,0.8518234560748656,0.0,0.0,0.0,0.0,0.0,0.8725486724917599,0.0,0.0,28.581122500123456,8e4dfc09a5c4861a0fdc77c25cccfa589e500e434dc1f03bdb162605deaeda9f
legitimate_heterogeneous_precision,20002,combined,0.19276224090132468,0.20968357203709628,0.20968357203709628,0.9875,0.0,0.0125,0.0,1.7928095587305308,5.26306462141052,0.95625,0.01666516488023336,0.1125,0.0,0.9875,0.0,0.0,0.9947130694207906,0.8515964785138133,0.0,0.0,0.0,0.0,0.0,1.221762319962481,0.0,0.0,28.196062457980588,053bff2cde3310e43d4ac459ebce4cf2a484f9690ac5aeb456319215e44c29a0
legitimate_heterogeneous_precision,20003,combined,0.19702816870314474,0.22499520997980876,0.22499520997980876,1.0,0.0,0.0,0.0,1.7069627146696724,4.941186056928915,0.975,0.014065285382843878,0.1125,0.0,0.98125,0.0,0.0,0.9950003797578828,0.7953985368430025,0.0,0.0,0.0,0.0,0.0,0.6425588583429176,0.0,0.0,27.41250729118474,cd48b4136d9b99c2d4a957b4fdd36e4307cbb856db6b07edef1a7b8b1806f8a0
legitimate_heterogeneous_precision,20004,combined,0.1893534869442162,0.21539968719575983,0.21539968719575983,1.0,0.0,0.0,0.0,1.805858550308315,5.697896208779307,0.9625,0.013515098509883328,0.15625,0.0,0.99375,0.0,0.0,0.992824495421754,0.7195455864267088,0.0,0.0,0.0,0.0,0.0,0.8870994944574623,0.0,0.0,26.55757608404383,f47a07a1e09e692180e07e55292f4159d2edb107f0f4a9caefd0748d389b091e
legitimate_heterogeneous_precision,20005,combined,0.18590382642317094,0.2124730010763269,0.2124730010763269,1.0,0.0,0.0,0.0,1.7345852453562274,5.048188087852098,0.98125,0.010270823397978851,0.06875,0.0,0.99375,0.0,0.0,0.9969260439226367,0.7496790613959667,0.0,0.0,0.0,0.0,0.0,0.6248319166651651,0.0,0.0,26.708686375059187,ad9620c8205c032ff1d954cc0d6fe4380c2063ba7534d0b166e95b3e894966ad
legitimate_heterogeneous_precision,20006,combined,0.18543689595892504,0.21018476120108806,0.21018476120108806,1.0,0.0,0.0,0.0,1.6388847257850354,4.272636031857167,0.98125,0.01220100761051619,0.075,0.0,0.99375,0.0,0.0,0.9946566918444766,0.6561389899014536,0.0,0.0,0.0,0.0,0.0,0.9763119313530682,0.0,0.0,27.15954887494445,670eb50745c10fb0af0f8a9f7d0e382c2daa006880186e0d629317701d4574ae
legitimate_heterogeneous_precision,20007,combined,0.18555774279537313,0.2068603052470054,0.2068603052470054,1.0,0.0,0.0,0.0,1.6859060359887188,4.7239074144434845,0.9875,0.01624111835021306,0.13125,0.0,0.95625,0.0,0.0,0.9950993122570774,0.7276062633231031,0.0,0.0,0.0,0.0,0.0,0.7583621987625195,0.0,0.0,26.709029000019655,d1a7021435c590160c581b9c3074d691d151fa4e2cc4e04150b16c80dbcbf65d
legitimate_heterogeneous_precision,20008,combined,0.18441772414116453,0.20018577504503143,0.20018577504503143,0.99375,0.0,0.00625,0.0,1.7475803925450024,4.75236902503003,0.98125,0.015587889074657631,0.1,0.0,0.96875,0.0,0.0,0.9960622251526352,0.8524357842948853,0.0,0.0,0.0,0.0,0.0,0.9361311871079575,0.0,0.0,27.019872249802575,556d8aa426f4980818b0cc8c712259ca5b0fa65431d2623e42a5e2453b1fb236
legitimate_heterogeneous_precision,20009,combined,0.19417009490496637,0.2222940415729272,0.2222940415729272,1.0,0.0,0.0,0.0,1.9904674993162161,5.550925266534601,0.95,0.015799584754760183,0.10625,0.0,0.9625,0.0,0.0,0.994896503423224,0.6672947616509397,0.0,0.0,0.0,0.0,0.0,1.0231625888976077,0.0,0.0,26.864222957985476,8efa548e710385241d5fe69aa0b4c723be567ed3907106b8d08611454f918b05
legitimate_heterogeneous_precision,20010,combined,0.1916695549280379,0.21950174870604494,0.21950174870604494,1.0,0.0,0.0,0.0,1.8365184075451424,5.5331343635768775,0.9625,0.012247173835146086,0.1,0.0,0.95625,0.0,0.0,0.9956352397103222,0.8070045140460909,0.0,0.0,0.0,0.0,0.0,0.8802067736430302,0.0,0.0,26.91088016703725,67b9a8591b3475180325dd51f06271682465f109d43c5d8cf06d0347aea23f5a
legitimate_heterogeneous_precision,20011,combined,0.18061173805123204,0.20293364065866967,0.20293364065866967,1.0,0.0,0.0,0.0,1.7948152134004982,5.28072813293701,0.9625,0.011445327044088544,0.13125,0.0,0.975,0.0,0.0,0.995945067784838,0.8859544361659188,0.0,0.0,0.0,0.0,0.0,0.760053038511187,0.0,0.0,27.056087709032,3afaa7bb9337d38641994f87b0dde162666bb7ee60db3f7c00e664ce4d7fe703
legitimate_heterogeneous_precision,20012,combined,0.19074746445207508,0.21338285751461403,0.21338285751461403,1.0,0.0,0.0,0.0,1.5000123958093456,4.045367481099643,0.9875,0.011195069319309707,0.13125,0.0,0.975,0.0,0.0,0.9961083656157352,0.8240751744590087,0.0,0.0,0.0,0.0,0.0,0.7463190363735349,0.0,0.0,26.793994833016768,93c74e55e011efaeb45eb889ddbb6f0f99da008329abfd4dc473fc6341293074
legitimate_heterogeneous_precision,20013,combined,0.17873341659313807,0.20075191590054284,0.20075191590054284,1.0,0.0,0.0,0.0,1.8803071516322198,5.47024135777566,0.9625,0.012389316340032657,0.0875,0.0,0.98125,0.0,0.0,0.9971079701050055,0.7614999874944552,0.0,0.0,0.0,0.0,0.0,0.8161993581004389,0.0,0.0,27.4894820000045,beba8cb2103e2cf0a2a71217becccd019768a7904b36e5ad1ed99f3f38aa051a
legitimate_heterogeneous_precision,20014,combined,0.1804562922204184,0.19936387616086093,0.19936387616086093,1.0,0.0,0.0,0.0,1.8276280289611009,5.075298263940981,0.98125,0.011543063250119657,0.1,0.0,0.925,0.0,0.0,0.995824543401491,0.7655584982203238,0.0,0.0,0.0,0.0,0.0,0.7907855487566982,0.0,0.0,27.442197541939095,9177b68a841481e592108f7453098cc1ab69d17d794201c1a42de5d74e93e9a6
legitimate_heterogeneous_precision,20015,combined,0.18701915120723717,0.20433346350120482,0.20433346350120482,0.99375,0.0,0.00625,0.0,1.8649209251820704,6.130923029629091,0.94375,0.013739485316175994,0.1,0.0,0.9625,0.0,0.0,0.9945924115515027,0.7185964783861252,0.0,0.0,0.0,0.0,0.0,0.8858717125461799,0.0,0.0,26.661726499907672,3f3b323101ca4e397a9f3fb44c5a4c5ba3902ff31fd2b3289bda5a683acdbe36
legitimate_heterogeneous_precision,20016,combined,0.17164976916249572,0.19216272105208762,0.19216272105208762,1.0,0.0,0.0,0.0,1.9540723697925149,5.0813576587119424,0.975,0.012990241303241007,0.13125,0.0,0.9125,0.0,0.0,0.9953130873785442,0.7558917822915653,0.0,0.0,0.0,0.0,0.0,1.0611271399637396,0.0,0.0,27.339028832968324,7c3684960d87f3c0d7c5de0e091d3c80852640ca81d208937df535b3e6630afe
legitimate_heterogeneous_precision,20017,combined,0.18772982172329572,0.21311510144950113,0.21311510144950113,1.0,0.0,0.0,0.0,1.7218189253675078,5.421573187987228,0.96875,0.011468552425595807,0.10625,0.0,0.98125,0.0,0.0,0.9980881028416537,0.8946788961847382,0.0,0.0,0.0,0.0,0.00625,0.9862323921056568,0.0,0.0,26.82990216696635,9fdc058ac966ee98c5abdd659d77bbb2501b92e704bc653282f0d41c626d7183
legitimate_heterogeneous_precision,20018,combined,0.18283131670697705,0.20846453680955843,0.20846453680955843,1.0,0.0,0.0,0.0,1.6957849035072539,5.206317307336616,0.9625,0.01633811790936532,0.1375,0.0,0.9625,0.0,0.0,0.9933397622331176,0.691434333380199,0.0,0.0,0.0,0.0,0.0,1.0564069725825853,0.0,0.0,26.64814933296293,c873b311810f72818cf86707e09431f626485c6fd2bd2e7a8ca66f7c8250ba8c
legitimate_heterogeneous_precision,20019,combined,0.198660247989968,0.2247205923815001,0.2247205923815001,1.0,0.0,0.0,0.0,2.0537270318932155,5.539080903679232,0.9625,0.012553357755230633,0.14375,0.0,0.98125,0.0,0.0,0.9936274158412981,0.6243451907166889,0.0,0.0,0.0,0.0,0.00625,1.0128784315190558,0.0,0.0,26.93457429204136,0c0372f3178c5ea8f577f27498ff99b2df8f953f6061be7bba56badc07714b0e
legitimate_heterogeneous_precision,20020,combined,0.17502313808356545,0.19989642672387442,0.19989642672387442,1.0,0.0,0.0,0.0,1.5020426172180843,4.642240724975209,0.98125,0.012682310489150864,0.0875,0.0,0.96875,0.0,0.0,0.9972848741917766,0.8911909808181927,0.0,0.0,0.0,0.0,0.0,1.028586848598826,0.0,0.0,26.872039708076045,bb896504235ff08ead38d5b561fa2344b43201951aafdd824f3aa061c6e975a2
legitimate_heterogeneous_precision,20021,combined,0.19183783968941412,0.21910614915363624,0.21910614915363624,1.0,0.0,0.0,0.0,1.5057474180054435,4.5355523738548404,0.975,0.010294942944702202,0.09375,0.0,0.98125,0.0,0.0,0.995810077182341,0.7521193214243419,0.0,0.0,0.0,0.0,0.0,0.6450130920083058,0.0,0.0,27.321283583063632,bbb173414e265e960347d2b4bc91d11527ae40d99a1ea2140cbf87aacec44320
legitimate_heterogeneous_precision,20022,combined,0.16735695505433829,0.18614444942664674,0.18614444942664674,1.0,0.0,0.0,0.0,1.72539476288091,3.9387848245290042,0.9625,0.013876924349316958,0.125,0.0,0.9625,0.0,0.0,0.9943194833922874,0.594584655437822,0.0,0.0,0.0,0.0,0.0,0.8009021525194056,0.0,0.0,27.235199416056275,55c2581838a98d28fd23d64857a0067787ea1c48c9ee2a4ac349776be13e443f
legitimate_heterogeneous_precision,20023,combined,0.17503787296402923,0.19812064189603074,0.19812064189603074,1.0,0.0,0.0,0.0,1.7273823994893136,5.6960966983427115,0.96875,0.012302951571132448,0.10625,0.0,0.94375,0.0,0.0,0.9953705375823552,0.7649133627945893,0.0,0.0,0.0,0.0,0.0,1.0898965924290622,0.0,0.0,26.848509709117934,d72369de2d1bc71af6f9d841dadef317e2f4d00d39d41e8fbfbbe5e7e257ee1b
legitimate_heterogeneous_precision,20024,combined,0.19546368851272783,0.22086559322157426,0.22086559322157426,1.0,0.0,0.0,0.0,1.8484101056329354,6.508173676179525,0.94375,0.011443188086310545,0.09375,0.0,0.95625,0.0,0.0,0.9975863584282851,0.8812950558948464,0.0,0.0,0.0,0.0,0.0,1.0039421970214324,0.0,0.0,26.96421741694212,2a2c5b7e3b19a2c92f27117fb93fabbc21f397caefad24010f400c23b6f8fd95
legitimate_heterogeneous_precision,20025,combined,0.187328434984743,0.20958958041977216,0.20958958041977216,1.0,0.0,0.0,0.0,1.8654627504649206,5.781032950928059,0.9625,0.01419433412333199,0.10625,0.0,0.9625,0.0,0.0,0.9935687223324973,0.7297027469880701,0.0,0.0,0.0,0.0,0.0,0.7988185823553922,0.0,0.0,26.756340333959088,a4042aad7af079cdd9d45f4741603d5734a84c6ad3e330f4b21baace12a85440
legitimate_heterogeneous_precision,20026,combined,0.2031199005809031,0.23155095280557444,0.23155095280557444,1.0,0.0,0.0,0.0,2.0105259456303552,6.401081065913361,0.9375,0.011024557379306538,0.08125,0.0,0.95,0.0,0.0,0.996179436477506,0.8096899869175179,0.0,0.0,0.0,0.0,0.0,0.96401087642488,0.0,0.0,26.77031962503679,8eb97201946758060ba70e31f2b2b77976978df033e45981db1efbbea6364ff8
legitimate_heterogeneous_precision,20027,combined,0.1922216486630931,0.2213669710189945,0.2213669710189945,1.0,0.0,0.0,0.0,1.7730405963506513,4.7629341952258555,0.95625,0.012437687831234428,0.04375,0.0,0.99375,0.0,0.0,0.9988635761726478,0.8908261999745344,0.0,0.0,0.0,0.0,0.0,0.7756036297336055,0.0,0.0,26.694013708038256,33a979bac6d74e13ae88aa1759b8815409f4f9e42510e17a9e1034c2a06c87e5
legitimate_heterogeneous_precision,20028,combined,0.14379699755689693,0.16066264944698502,0.16066264944698502,1.0,0.0,0.0,0.0,1.3897672045855742,4.007596921173182,0.99375,0.011879578406349378,0.09375,0.0,0.925,0.0,0.0,0.9963379408438824,0.7641701189218418,0.0,0.0,0.0,0.0,0.0,0.7681907211694675,0.0,0.0,27.249497208045796,40585332d5f2dbe40e6265d0f31832200c64f79e6df747d0e883fad6d815da5f
legitimate_heterogeneous_precision,20029,combined,0.15944725237974838,0.1784645823189616,0.1784645823189616,1.0,0.0,0.0,0.0,1.6872190941223693,4.140554551131978,0.975,0.010000000000000009,0.0625,0.0,0.90625,0.0,0.0,0.998052901132653,0.8530327850732995,0.0,0.0,0.0,0.0,0.0,1.0266848948780056,0.0,0.0,27.45167320803739,366881843902ba1f69ce24fb9ca3f85da00913a2c66ae0b083de3af12351df59
legitimate_heterogeneous_precision,20030,combined,0.20973677695769877,0.24214143641529337,0.24214143641529337,1.0,0.0,0.0,0.0,2.2122502037390546,7.400969640885167,0.91875,0.012787188123258585,0.1125,0.0,0.96875,0.0,0.0,0.9960663832832395,0.7607931663485319,0.0,0.0,0.0,0.0,0.0,0.8917364248061533,0.0,0.0,27.191871458198875,549b17393d32aae1e098aa5d0e0f09c2e65b4b2686d54dd1917834fd52e1ad24
legitimate_heterogeneous_precision,20031,combined,0.17615917906952108,0.1951127600474807,0.1951127600474807,1.0,0.0,0.0,0.0,1.799168773043445,5.701851824277265,0.95625,0.011836641553115373,0.0625,0.0,0.9375,0.0,0.0,0.9967588708549041,0.7967762675319642,0.0,0.0,0.0,0.0,0.0,0.8615292919144398,0.0,0.0,26.818049791967496,7dd32ece2d8e57516eacc399fce859d6f86614df5c58768db0b33f49b4fb840e
legitimate_heterogeneous_precision,20032,combined,0.18155481349474747,0.20464958880401865,0.20464958880401865,1.0,0.0,0.0,0.0,1.8583573927078028,4.932854690171825,0.975,0.013744692311874196,0.09375,0.0,0.95625,0.0,0.0,0.9972490893893408,0.8606008113402009,0.0,0.0,0.0,0.0,0.0,0.9386868730269258,0.0,0.0,26.86480270791799,7664ad6f30f1e899c169e6fbe945246cb40f3808a845d7d99f7c74d3888b7fec
legitimate_heterogeneous_precision,20033,combined,0.19612168494400375,0.20908206160974058,0.20908206160974058,0.9875,0.0,0.0125,0.0,1.5297471057665315,4.370341113305624,0.975,0.015589336634236178,0.125,0.0,0.99375,0.0,0.0,0.9930521720736261,0.5499956806200592,0.0,0.0,0.0,0.0,0.0,1.3660371648106149,0.0,0.0,26.801561166066676,88bdfac3c2c11c6e8cabadb5c919a9e7b650a04aca043aa1e73bbdf003c61c84
legitimate_heterogeneous_precision,20034,combined,0.2060730771386711,0.2299751380099257,0.2299751380099257,1.0,0.0,0.0,0.0,1.671457706657985,4.387044024343015,0.99375,0.011901460588392145,0.08125,0.0,0.9875,0.0,0.0,0.9972263287615082,0.8836818294382632,0.0,0.0,0.0,0.0,0.03125,0.9347445410984573,0.0,0.0,26.875718583120033,c518b40fdfdc69a014420e0b31dcb75e2c5b5a7fcc91f5c3ed9f75b46090313b
legitimate_heterogeneous_precision,20035,combined,0.19159482493896346,0.21434907291859276,0.21434907291859276,1.0,0.0,0.0,0.0,1.8710569431060526,5.706669524313544,0.95625,0.013867169537540086,0.1,0.0,0.99375,0.0,0.0,0.9945165233208895,0.7761897528488702,0.0,0.0,0.0,0.0,0.0,0.8417457508310093,0.0,0.0,26.829120583133772,197e66a6c1b99f71bb22f66655e69bea50e1602d481d2105fb71f14ec654cac5
legitimate_heterogeneous_precision,20036,combined,0.16149936951346208,0.18283660131625373,0.18283660131625373,1.0,0.0,0.0,0.0,1.8275580744715594,5.435492540239203,0.96875,0.010749016980822909,0.06875,0.0,0.89375,0.0,0.0,0.9966142584391522,0.7680312591856939,0.0,0.0,0.0,0.0,0.0,1.297944702259816,0.0,0.0,26.98226145794615,e679bee7d8ddb865a93af729ee83872bae3bccee1021ea6ab731fbf7b037e9fc
legitimate_heterogeneous_precision,20037,combined,0.16776496880523126,0.18716908504604268,0.18716908504604268,1.0,0.0,0.0,0.0,1.580343120191678,4.701629739231397,0.9875,0.012187606165024826,0.15625,0.0,0.9375,0.0,0.0,0.9940490004291054,0.6899580313783658,0.0,0.0,0.0,0.0,0.0,0.8799971374071045,0.0,0.0,26.654054624959826,60a1323158b6cdc340679948a47f1e24579799adfe01f49e646f3077f3f54518
legitimate_heterogeneous_precision,20038,combined,0.1745255513439653,0.19492269536018236,0.19492269536018236,1.0,0.0,0.0,0.0,1.4806400971632552,4.356017562772422,0.98125,0.0111141259525388,0.09375,0.0,0.96875,0.0,0.0,0.9959303687151836,0.7125426204050888,0.0,0.0,0.0,0.0,0.0,1.124925148309621,0.0,0.0,27.3331190419849,216d759e5528ce9f812205682d5424727f8884c1fbac45dffa3b9070e04081c5
legitimate_heterogeneous_precision,20039,combined,0.189695174112327,0.21343688735221877,0.21343688735221877,1.0,0.0,0.0,0.0,1.7920367549954883,4.817854980040215,0.975,0.012096707523328457,0.08125,0.0,0.975,0.0,0.0,0.9971111754184478,0.8675434950408967,0.0,0.0,0.0,0.0,0.0,1.0779362732675029,0.0,0.0,27.463780124904588,ac051ab5d652e539a75908b3dbf379d2d9bcf677606bb360d0c1664c20f5b67a
raw_attack_mild,20000,m9c_baseline,1.8418176562040707,1.2754735356810825,1.2754735356810825,0.05,0.0,0.95,0.0,39.659851913262294,105.81541334558598,0.225,0.8353028285364126,0.0,0.0,0.0,0.0,0.0,1.0,1.0,0.0,0.0,0.0,0.0,0.88125,0.950706237135444,0.0,0.0,21.029755166964605,a2574611c66b04c21dcf8afa1a0624ec0524acf8e48a312b61f15e51159f63b0
raw_attack_mild,20001,m9c_baseline,1.6113657048128274,1.1236928521259846,1.1236928521259846,0.08125,0.0,0.91875,0.0,30.30733108325481,95.0382483768464,0.41875,0.7891701226900603,0.0,0.0,0.0,0.0,0.0,1.0,1.0,0.0,0.0,0.0,0.0,0.86875,0.8972871711943234,0.0,0.0,20.988291040994227,6f20fe25123996847bfdf22f2d54e922a0c093c21005eddd4b19bed16d2c371e
raw_attack_mild,20002,m9c_baseline,2.1847177501933985,1.6043311585462332,1.6043311585462332,0.09375,0.0,0.90625,0.0,62.50238717305281,116.59499234312405,0.0875,0.8006879751282578,0.0,0.0,0.0,0.0,0.0,1.0,1.0,0.0,0.0,0.0,0.0,0.875,1.2277184022615473,0.0,0.0,21.107945832889527,c05e13cc30e6c1b245d663f031eb22a8c05b7ed6016978ae427499f3720b392a
raw_attack_mild,20003,m9c_baseline,2.0244112624043518,1.4869593143956157,1.4869593143956157,0.08125,0.0,0.91875,0.0,54.9960554772638,118.8134371811345,0.175,0.8043404545420518,0.0,0.0,0.0,0.0,0.0,1.0,1.0,0.0,0.0,0.0,0.0,0.8875,0.6854920712338046,0.0,0.0,21.081311082933098,80aaa35974bfd71d638333497ffa849e9d35d6f2156d4d85582936bf0fe3550c
raw_attack_mild,20004,m9c_baseline,2.212617073211888,1.6247353108442462,1.6247353108442462,0.08125,0.0,0.91875,0.0,65.96543527925046,123.44282102446067,0.075,0.8134564272893947,0.0,0.0,0.0,0.0,0.0,1.0,1.0,0.0,0.0,0.0,0.0,0.90625,0.9016322581613302,0.0,0.0,21.073950707912445,4281cd01c704228ba527666e3bac8ae8c41e84905f861a2026693ea7e3c9e1a4
raw_attack_mild,20005,m9c_baseline,2.2088044806372125,1.6474225578698838,1.6474225578698838,0.10625,0.0,0.89375,0.0,68.27243008267901,129.42988642891214,0.09375,0.8097264263768059,0.0,0.0,0.0,0.0,0.0,1.0,1.0,0.0,0.0,0.0,0.0,0.86875,0.6433576634478813,0.0,0.0,21.001185790868476,067bd6c3c8c1cf3988f243b2e65fe545001b577589b9a79750b2e13c90d75e47
raw_attack_mild,20006,m9c_baseline,1.538237131146315,1.0763566134413791,1.0763566134413791,0.14375,0.0,0.85625,0.0,27.893255148361323,91.38460889907182,0.40625,0.7705940104349764,0.0,0.0,0.0,0.0,0.0,1.0,1.0,0.0,0.0,0.0,0.0,0.86875,0.990279268398363,0.0,0.0,21.426522167166695,048471fe9e5141ce6e2e6ad8f94b9f3b79e9b54206081c0a19203bd61a288d15
raw_attack_mild,20007,m9c_baseline,2.268660347080245,1.6856526738342696,1.6856526738342696,0.09375,0.0,0.90625,0.0,70.90947164128872,126.08452881780521,0.1,0.8178198932305912,0.0,0.0,0.0,0.0,0.0,1.0,1.0,0.0,0.0,0.0,0.0,0.875,0.784159106115635,0.0,0.0,21.29174662497826,da8aa04084a378d8ff019d4b4d9f9c3020124b42c1c274787fdcf491c006165e
raw_attack_mild,20008,m9c_baseline,2.267034626450369,1.655848293406735,1.655848293406735,0.05625,0.0,0.94375,0.0,68.90091777438542,124.4132188346528,0.0625,0.7911091579068777,0.0,0.0,0.0,0.0,0.0,1.0,1.0,0.0,0.0,0.0,0.0,0.9125,0.9483244684496277,0.0,0.0,20.937202374916524,00d49c6bba3f883237bd6985aa2430d6c1004c78adec6491a728ab2a3dbc3d5b
raw_attack_mild,20009,m9c_baseline,1.7477827797702716,1.192007153001822,1.192007153001822,0.05,0.0,0.95,0.0,34.38970625811413,101.45060421244771,0.25625,0.8188476137033283,0.0,0.0,0.0,0.0,0.0,1.0,1.0,0.0,0.0,0.0,0.0,0.88125,1.0364981385229652,0.0,0.0,20.87678720895201,afb14026eeddfbe4be1c09f7502faf1053b3082fa6bed5dc971d26aa3f579dd3
raw_attack_mild,20010,m9c_baseline,2.0191526732360665,1.4740528184007742,1.4740528184007742,0.10625,0.0,0.89375,0.0,53.3448186702794,116.3427750937776,0.14375,0.7963989472180414,0.0,0.0,0.0,0.0,0.0,1.0,1.0,0.0,0.0,0.0,0.0,0.875,0.895460865888469,0.0,0.0,21.244069792097434,b18ea804218867cbc12b24771cbf5cfe6da17f6ae67f22108c75c265aa77c5e1
raw_attack_mild,20011,m9c_baseline,2.024746370337044,1.4934444853426994,1.4934444853426994,0.075,0.0,0.925,0.0,55.5035722221409,133.40342188342223,0.18125,0.8085449576687805,0.0,0.0,0.0,0.0,0.0,1.0,1.0,0.0,0.0,0.0,0.0,0.89375,0.7668470403822204,0.0,0.0,21.002051583025604,231390f7324fb58ddba614eb2e5d2c8121746188cd15584f82fda455ac69c12f
raw_attack_mild,20012,m9c_baseline,1.6315880043687128,1.14883398437182,1.14883398437182,0.09375,0.0,0.90625,0.0,31.933780568778598,113.89705289343536,0.35625,0.8036082413857459,0.0,0.0,0.0,0.0,0.0,1.0,1.0,0.0,0.0,0.0,0.0,0.8875,0.7971817374840124,0.0,0.0,21.18301899987273,7e8ac9cc192ff4dda8a09428b39c368a01eb19acd9107061bc2d88c5fd759643
raw_attack_mild,20013,m9c_baseline,1.8675566260287106,1.3664162520272491,1.3664162520272491,0.09375,0.0,0.90625,0.0,46.074657738365865,114.99102037295339,0.25625,0.7889066288340845,0.0,0.0,0.0,0.0,0.0,1.0,1.0,0.0,0.0,0.0,0.0,0.925,0.8656399927807913,0.0,0.0,21.136070375097916,23a1c7fa1aa0c6bd0ac825839a08170c69693eb78b3bb3156439df83e2ae4e59
raw_attack_mild,20014,m9c_baseline,1.9162184170108687,1.4032822047703364,1.4032822047703364,0.11875,0.0,0.88125,0.0,48.92792838832757,111.81083082100972,0.18125,0.8059318638529289,0.0,0.0,0.0,0.0,0.0,1.0,1.0,0.0,0.0,0.0,0.0,0.875,0.8203927466304147,0.0,0.0,21.202682124916464,81f4f7af80125df603a5938c80df08510cb95c6837d79777856d9c379fb7cabe
raw_attack_mild,20015,m9c_baseline,2.0419048107524342,1.4897335811996892,1.4897335811996892,0.10625,0.0,0.89375,0.0,54.32749492337562,108.18326808150923,0.125,0.7867516124826874,0.0,0.0,0.0,0.0,0.0,1.0,1.0,0.0,0.0,0.0,0.0,0.86875,0.9085943190102143,0.0,0.0,21.207638500025496,dd2335b8aa628441836126855bd708fbc2ab6333dd30d941da63c8534ad11cac
raw_attack_mild,20016,m9c_baseline,1.7671841405440663,1.252511372813203,1.252511372813203,0.09375,0.0,0.90625,0.0,38.123837520491676,101.23597448657783,0.275,0.8072536982612049,0.0,0.0,0.0,0.0,0.0,1.0,1.0,0.0,0.0,0.0,0.0,0.8875,1.0969548995282508,0.0,0.0,20.68237716681324,30408deb3398882e99b894549a5e09c1a4b386adeb07baa02cfad45cacced738
raw_attack_mild,20017,m9c_baseline,1.689509511814909,1.1842710484738674,1.1842710484738674,0.06875,0.0,0.93125,0.0,33.777927836385345,110.15981352082542,0.35625,0.8097118384243979,0.0,0.0,0.0,0.0,0.0,1.0,1.0,0.0,0.0,0.0,0.0,0.89375,0.998790329814276,0.0,0.0,20.49991704081185,29ec2ae17e7c8c9b8ee53b98561bb2025e9bfee983be7912d86a8bdf220b816f
raw_attack_mild,20018,m9c_baseline,1.9522457570343419,1.4090205052244094,1.4090205052244094,0.04375,0.0,0.95625,0.0,48.58315406863801,114.831507286518,0.2375,0.8141122775934109,0.0,0.0,0.0,0.0,0.0,1.0,1.0,0.0,0.0,0.0,0.0,0.89375,1.0616606579265382,0.0,0.0,20.935533500043675,df0fe9ceb3e0aed4c7666c35945c5535cc8b58519ce03cd27ca224fba6dbb895
raw_attack_mild,20019,m9c_baseline,1.891428576388043,1.357602847124235,1.357602847124235,0.06875,0.0,0.93125,0.0,44.23768926131163,107.15611649583293,0.2375,0.7972790414716211,0.0,0.0,0.0,0.0,0.0,1.0,1.0,0.0,0.0,0.0,0.0,0.9,1.0406467000226503,0.0,0.0,20.804048791062087,fdbcada949a4a24568c5aadad9388e4492015e5661744047cff08335f79d11b3
raw_attack_mild,20020,m9c_baseline,1.8038446946443645,1.2351809585984053,1.2351809585984053,0.025,0.0,0.975,0.0,36.63679080535568,100.34094943288534,0.24375,0.8199953091876255,0.0,0.0,0.0,0.0,0.0,1.0,1.0,0.0,0.0,0.0,0.0,0.9,1.046972335281297,0.0,0.0,20.916368749924004,019623b74686afdeef98c0547e64099375c2cfd19c1d8df05a8df1e01863b3fe
raw_attack_mild,20021,m9c_baseline,1.8215463967915082,1.2981316079351697,1.2981316079351697,0.08125,0.0,0.91875,0.0,41.82847828181771,109.5921025865623,0.25,0.7958417759478076,0.0,0.0,0.0,0.0,0.0,1.0,1.0,0.0,0.0,0.0,0.0,0.9,0.7024398781211141,0.0,0.0,20.70672379177995,d63d38448453b584bef74e9923a2e48bce2a7fb0546ba912dddc5bd37d36c6a5
raw_attack_mild,20022,m9c_baseline,2.022726331448838,1.473019787555346,1.473019787555346,0.075,0.0,0.925,0.0,53.77304971935325,114.10043269015539,0.15,0.7977144007439031,0.0,0.0,0.0,0.0,0.0,1.0,1.0,0.0,0.0,0.0,0.0,0.875,0.8270226201948183,0.0,0.0,20.873993457993492,473b5b5ae7eddb04d45a74784502d4c8d14d0cf8d63af6c5e3ceb07f9c4d894f
raw_attack_mild,20023,m9c_baseline,2.1885360184922624,1.5769075863765167,1.5769075863765167,0.06875,0.0,0.93125,0.0,61.38718889151128,116.75096093896221,0.075,0.8453346105975752,0.0,0.0,0.0,0.0,0.0,1.0,1.0,0.0,0.0,0.0,0.0,0.90625,1.1232886548362164,0.0,0.0,20.921767666004598,a26cc423885f0a64fd6a876c143c6c58fa9bcd61ace5a19390f581c4085f60f0
raw_attack_mild,20024,m9c_baseline,2.1095860376340942,1.5268939612050514,1.5268939612050514,0.05,0.0,0.95,0.0,56.71831447075215,117.57330474071676,0.1375,0.8150904148378102,0.0,0.0,0.0,0.0,0.0,1.0,1.0,0.0,0.0,0.0,0.0,0.90625,1.0261436596758033,0.0,0.0,20.592278332915157,06105b2f7183fa5a3f4da1718b586ff9810ad0607f7ce353bef4e073c7c6852d
raw_attack_mild,20025,m9c_baseline,1.8997958388044345,1.4003494033701218,1.4003494033701218,0.1375,0.0,0.8625,0.0,48.090069672281885,114.7010951787756,0.2,0.7802136363230299,0.0,0.0,0.0,0.0,0.0,1.0,1.0,0.0,0.0,0.0,0.0,0.8625,0.8351608818883163,0.0,0.0,20.96126287500374,bf206823db353cb6c1747626ca4eb3a745ba35a62ec6471b3ac89b3ced37b333
raw_attack_mild,20026,m9c_baseline,1.6549365313292406,1.1434177515607165,1.1434177515607165,0.0625,0.0,0.9375,0.0,30.908004377836107,105.1778687809605,0.34375,0.7833483174938911,0.0,0.0,0.0,0.0,0.0,1.0,1.0,0.0,0.0,0.0,0.0,0.9,0.9733901220429626,0.0,0.0,20.70554537512362,adfbb5c7aae68aff87b20bfd5d250fdccfd964de4927d8b89ac5b38cc5305030
raw_attack_mild,20027,m9c_baseline,2.165623060943204,1.5858197405909162,1.5858197405909162,0.09375,0.0,0.90625,0.0,62.80414845632151,120.34456258884184,0.08125,0.8124665923929012,0.0,0.0,0.0,0.0,0.0,1.0,1.0,0.0,0.0,0.0,0.0,0.89375,0.7980495428129342,0.0,0.0,20.99914383306168,1a281192b78bb458bf947b708bf2790bb554028fd72a31686960b58b06667af0
raw_attack_mild,20028,m9c_baseline,2.2058029655742732,1.625721098809446,1.625721098809446,0.08125,0.0,0.91875,0.0,65.72162766510903,119.57776811923493,0.10625,0.8143588766004033,0.0,0.0,0.0,0.0,0.0,1.0,1.0,0.0,0.0,0.0,0.0,0.88125,0.7895377275113683,0.0,0.0,20.95740716601722,2b3536fbc05198de103d199006b5760d03a724788e4ac191e6822776273111b5
raw_attack_mild,20029,m9c_baseline,1.8254255291131098,1.3127910447442848,1.3127910447442848,0.09375,0.0,0.90625,0.0,41.7101927267628,109.508655676343,0.25625,0.8026592403052902,0.0,0.0,0.0,0.0,0.0,1.0,1.0,0.0,0.0,0.0,0.0,0.90625,1.0558389577126377,0.0,0.0,20.837924791965634,97f330b365bc6033cb78400bf74c6fec7eb0b3cb88dbd8a25dc780349704c298
raw_attack_mild,20030,m9c_baseline,2.071352869882791,1.5389858633980507,1.5389858633980507,0.09375,0.0,0.90625,0.0,58.25265128395348,121.44076197229185,0.15625,0.8061210236847686,0.0,0.0,0.0,0.0,0.0,1.0,1.0,0.0,0.0,0.0,0.0,0.89375,0.9140984598594096,0.0,0.0,21.112343874992803,2879c9571231f3102ff479422625ccacbc1dec18a4d5ab02d453695495a7c44b
raw_attack_mild,20031,m9c_baseline,1.6215981755411355,1.1807768187230046,1.1807768187230046,0.16875,0.0,0.83125,0.0,33.71627985703348,100.39881917762675,0.35,0.7817436096981097,0.0,0.0,0.0,0.0,0.0,1.0,1.0,0.0,0.0,0.0,0.0,0.8875,0.8967408443637421,0.0,0.0,21.266954667167738,a27e1c7ecbd1e32130150c0932f6fe914b2a37454612700e2b953d8a450c1bcd
raw_attack_mild,20032,m9c_baseline,1.5468180555000075,1.040239511343627,1.040239511343627,0.11875,0.0,0.88125,0.0,25.348568244126824,78.7028211921109,0.39375,0.7854401084730476,0.0,0.0,0.0,0.0,0.0,1.0,1.0,0.0,0.0,0.0,0.0,0.8875,0.9646127762036858,0.0,0.0,20.800893499981612,f480a5cce2345f4245abb0014358e4b08b794579927dbabd83daccdfe3777f4a
raw_attack_mild,20033,m9c_baseline,2.0125745206942893,1.4479857996387706,1.4479857996387706,0.05625,0.0,0.94375,0.0,49.51408515629641,110.95195042750585,0.2,0.7878469957190529,0.0,0.0,0.0,0.0,0.0,1.0,1.0,0.0,0.0,0.0,0.0,0.875,1.3751979139689758,0.0,0.0,20.97285233391449,c52cc70b73a7abf1a439d72542f912f36d60b5c6e9a567c1d8e8ffa1139c679f
raw_attack_mild,20034,m9c_baseline,1.7118729095602945,1.1742397200859132,1.1742397200859132,0.08125,0.0,0.91875,0.0,32.937858024945136,84.8102330212932,0.29375,0.8021229756625369,0.0,0.0,0.0,0.0,0.0,1.0,1.0,0.0,0.0,0.0,0.0,0.93125,0.9558157199000057,0.0,0.0,20.935045999940485,4035b244f459fad95ac244d435aace4415f85606f2f07e56ba196d6d0e6e5349
raw_attack_mild,20035,m9c_baseline,2.1047723103355844,1.5122736699682715,1.5122736699682715,0.05625,0.0,0.94375,0.0,56.83610839260043,107.54989778088606,0.125,0.818411675928273,0.0,0.0,0.0,0.0,0.0,1.0,1.0,0.0,0.0,0.0,0.0,0.90625,0.8631379712880755,0.0,0.0,20.970059750135988,b6fdbbfa0baaa21da353c4a66313e2e582d76248bd566733b0a0dbc92ae2bbf8
raw_attack_mild,20036,m9c_baseline,2.1367933535767074,1.5676238390874846,1.5676238390874846,0.09375,0.0,0.90625,0.0,58.70979243658837,110.17968797851816,0.10625,0.8026556669535665,0.0,0.0,0.0,0.0,0.0,1.0,1.0,0.0,0.0,0.0,0.0,0.8875,1.3066017172513933,0.0,0.0,21.085438583046198,9fca33a5c2827c322d3db72f2428e7ad5046d2d1aec2ff88030f401e1cca61ac
raw_attack_mild,20037,m9c_baseline,1.9967909490567866,1.4567416101517388,1.4567416101517388,0.1,0.0,0.9,0.0,52.3019916160596,115.80324679704282,0.15,0.8202586172932687,0.0,0.0,0.0,0.0,0.0,1.0,1.0,0.0,0.0,0.0,0.0,0.91875,0.912956602963698,0.0,0.0,20.877739666961133,056e78c7a2c20011abb2c9e85c6f47183b9be9982d746a6243dea10d2430c8f7
raw_attack_mild,20038,m9c_baseline,2.1806248473717376,1.570180357503098,1.570180357503098,0.05625,0.0,0.94375,0.0,59.53166686363126,108.20967870982284,0.0875,0.7950615865074105,0.0,0.0,0.0,0.0,0.0,1.0,1.0,0.0,0.0,0.0,0.0,0.91875,1.1081990907501482,0.0,0.0,21.214717916911468,3cb31061632189be50235f5231010c4ea31b5fd3f65e6dcf494bae58062ec974
raw_attack_mild,20039,m9c_baseline,1.6536049115861182,1.1706002982258128,1.1706002982258128,0.13125,0.0,0.86875,0.0,33.00620592828585,92.79004209798325,0.35,0.7777384395407634,0.0,0.0,0.0,0.0,0.0,1.0,1.0,0.0,0.0,0.0,0.0,0.875,1.0861443970372104,0.0,0.0,21.133601957932115,2ed1c0e6dba6d2d6edcaa7d79705878510cd8d07e4b608ceac094d9a5a765b1c
raw_attack_mild,20000,cross_channel,0.3304816061293829,0.3519285103354876,0.3519285103354876,0.975,0.0,0.025,0.0,2.1838926011951583,5.999495483968985,0.95,0.077977384505213,0.93125,0.0,1.0,0.0,0.95625,0.8854020589759315,0.05,0.0,0.06271376656861952,0.95625,0.0,0.88125,0.950706237135444,0.0,0.0,21.029755166964605,a2574611c66b04c21dcf8afa1a0624ec0524acf8e48a312b61f15e51159f63b0
raw_attack_mild,20001,cross_channel,0.30377021019603767,0.33848020592030686,0.33848020592030686,0.98125,0.0,0.01875,0.0,2.0718568576325036,7.740667882965966,0.91875,0.07621587471201963,0.93125,0.0,1.0,0.0,0.88125,0.8873366468257853,0.05,0.0,0.05985690637914448,0.88125,0.0,0.86875,0.8972871711943234,0.0,0.0,20.988291040994227,6f20fe25123996847bfdf22f2d54e922a0c093c21005eddd4b19bed16d2c371e
raw_attack_mild,20002,cross_channel,0.3187485566360932,0.3446788093473602,0.3446788093473602,0.975,0.0,0.025,0.0,2.085066143906483,6.718519058098007,0.9375,0.07654524770209625,0.925,0.0,1.0,0.0,0.89375,0.8904486963409749,0.05,0.0,0.06094403559054777,0.89375,0.0,0.875,1.2277184022615473,0.0,0.0,21.107945832889527,c05e13cc30e6c1b245d663f031eb22a8c05b7ed6016978ae427499f3720b392a
raw_attack_mild,20003,cross_channel,0.3247344514613821,0.3386501044554388,0.3386501044554388,0.95625,0.0,0.04375,0.0,2.0740596854293005,6.556684291414924,0.94375,0.07691911427598871,0.925,0.0,0.99375,0.0,0.88125,0.8897740968153552,0.05,0.0,0.05968774647675383,0.88125,0.0,0.8875,0.6854920712338046,0.0,0.0,21.081311082933098,80aaa35974bfd71d638333497ffa849e9d35d6f2156d4d85582936bf0fe3550c
raw_attack_mild,20004,cross_channel,0.3332254327602329,0.33874671251452426,0.33874671251452426,0.9625,0.0,0.0375,0.0,2.014051088677711,5.257151422798559,0.95625,0.07420594739942951,0.9625,0.0,1.0,0.0,0.9125,0.884842870029739,0.05,0.0,0.06023820519779353,0.9125,0.0,0.90625,0.9016322581613302,0.0,0.0,21.073950707912445,4281cd01c704228ba527666e3bac8ae8c41e84905f861a2026693ea7e3c9e1a4
raw_attack_mild,20005,cross_channel,0.3043882097540108,0.34749942589924276,0.34749942589924276,1.0,0.0,0.0,0.0,2.223816573636566,8.175821139032248,0.9375,0.07046656395574566,0.925,0.0,1.0,0.0,0.9125,0.8888452679347388,0.05,0.0,0.06040954370823419,0.9125,0.0,0.86875,0.6433576634478813,0.0,0.0,21.001185790868476,067bd6c3c8c1cf3988f243b2e65fe545001b577589b9a79750b2e13c90d75e47
raw_attack_mild,20006,cross_channel,0.3168577763060327,0.3597749681499698,0.3597749681499698,0.99375,0.0,0.00625,0.0,2.4123784405238444,9.2258817479742,0.91875,0.0725140771061614,0.9125,0.0,1.0,0.0,0.86875,0.8924344545499796,0.05,0.0,0.058575344415955334,0.86875,0.0,0.86875,0.990279268398363,0.0,0.0,21.426522167166695,048471fe9e5141ce6e2e6ad8f94b9f3b79e9b54206081c0a19203bd61a288d15
raw_attack_mild,20007,cross_channel,0.3414762060335189,0.34205383157653035,0.34205383157653035,0.94375,0.0,0.05625,0.0,2.0625860391737865,6.0164398426757115,0.95,0.07927676448406554,0.91875,0.0,1.0,0.0,0.89375,0.8879846233718499,0.05,0.0,0.060502316325280935,0.89375,0.0,0.875,0.784159106115635,0.0,0.0,21.29174662497826,da8aa04084a378d8ff019d4b4d9f9c3020124b42c1c274787fdcf491c006165e
raw_attack_mild,20008,cross_channel,0.31754114569649755,0.33743278752792716,0.33743278752792716,0.975,0.0,0.025,0.0,2.003039828726229,6.747266807835734,0.9375,0.07538036346454116,0.90625,0.0,1.0,0.0,0.91875,0.8896637953119798,0.05,0.0,0.0588939647226253,0.91875,0.0,0.9125,0.9483244684496277,0.0,0.0,20.937202374916524,00d49c6bba3f883237bd6985aa2430d6c1004c78adec6491a728ab2a3dbc3d5b
raw_attack_mild,20009,cross_channel,0.3366146818903467,0.342619761084121,0.342619761084121,0.95625,0.0,0.04375,0.0,2.0026255187249675,5.080397422704374,0.9625,0.07703971655679134,0.9375,0.0,1.0,0.0,0.925,0.8852359297140875,0.05,0.0,0.06280998963032186,0.925,0.0,0.88125,1.0364981385229652,0.0,0.0,20.87678720895201,afb14026eeddfbe4be1c09f7502faf1053b3082fa6bed5dc971d26aa3f579dd3
raw_attack_mild,20010,cross_channel,0.3009764249894051,0.3404374084797471,0.3404374084797471,0.99375,0.0,0.00625,0.0,2.034266126043927,6.245401564070163,0.9375,0.07551358663104099,0.93125,0.0,1.0,0.0,0.90625,0.8863878232723408,0.05,0.0,0.06232646605798011,0.90625,0.0,0.875,0.895460865888469,0.0,0.0,21.244069792097434,b18ea804218867cbc12b24771cbf5cfe6da17f6ae67f22108c75c265aa77c5e1
raw_attack_mild,20011,cross_channel,0.3100342685252289,0.34306848535244794,0.34306848535244794,0.9875,0.0,0.0125,0.0,2.182759271025346,6.744058265091279,0.925,0.07529148677762798,0.9125,0.0,1.0,0.0,0.89375,0.8892979694115912,0.05,0.0,0.06114201356627234,0.89375,0.0,0.89375,0.7668470403822204,0.0,0.0,21.002051583025604,231390f7324fb58ddba614eb2e5d2c8121746188cd15584f82fda455ac69c12f
raw_attack_mild,20012,cross_channel,0.29327545682189604,0.3178188314364769,0.3178188314364769,0.9875,0.0,0.0125,0.0,1.7678937528762617,4.8100322508267475,0.9625,0.07290200867277866,0.94375,0.0,1.0,0.0,0.925,0.8863916505404689,0.05,0.0,0.06245356889138583,0.925,0.0,0.8875,0.7971817374840124,0.0,0.0,21.18301899987273,7e8ac9cc192ff4dda8a09428b39c368a01eb19acd9107061bc2d88c5fd759643
raw_attack_mild,20013,cross_channel,0.3570500480043134,0.38407659488307244,0.38407659488307244,0.975,0.0,0.025,0.0,2.6877218478417193,8.70228059148113,0.89375,0.07696038657525087,0.9375,0.0,1.0,0.0,0.88125,0.8911789223319682,0.05,0.0,0.059819614208781825,0.88125,0.0,0.925,0.8656399927807913,0.0,0.0,21.136070375097916,23a1c7fa1aa0c6bd0ac825839a08170c69693eb78b3bb3156439df83e2ae4e59
raw_attack_mild,20014,cross_channel,0.31487272754236806,0.3494492578972124,0.3494492578972124,1.0,0.0,0.0,0.0,2.1580645577611275,6.023049102970963,0.95,0.0733913302240678,0.9375,0.0,1.0,0.0,0.9,0.8892086323730812,0.05,0.0,0.06097680497503265,0.9,0.0,0.875,0.8203927466304147,0.0,0.0,21.202682124916464,81f4f7af80125df603a5938c80df08510cb95c6837d79777856d9c379fb7cabe
raw_attack_mild,20015,cross_channel,0.32982022152763113,0.3429886271292891,0.3429886271292891,0.96875,0.0,0.03125,0.0,2.097954403898836,6.110443603155972,0.94375,0.07144451557630455,0.90625,0.0,1.0,0.0,0.90625,0.8894717394944459,0.05,0.0,0.05928449378479298,0.90625,0.0,0.86875,0.9085943190102143,0.0,0.0,21.207638500025496,dd2335b8aa628441836126855bd708fbc2ab6333dd30d941da63c8534ad11cac
raw_attack_mild,20016,cross_channel,0.3277294611105754,0.3477727125318657,0.3477727125318657,0.975,0.0,0.025,0.0,2.1283281500360323,6.934548878756532,0.925,0.07435609053150777,0.925,0.0,1.0,0.0,0.9125,0.8887488249675011,0.05,0.0,0.06092116985899891,0.9125,0.0,0.8875,1.0969548995282508,0.0,0.0,20.68237716681324,30408deb3398882e99b894549a5e09c1a4b386adeb07baa02cfad45cacced738
raw_attack_mild,20017,cross_channel,0.2869902563736077,0.32174693788281455,0.32174693788281455,1.0,0.0,0.0,0.0,1.770540316907558,4.808273164890371,0.96875,0.07143776407132153,0.93125,0.0,1.0,0.0,0.91875,0.8878823989796292,0.05,0.0,0.061325439790084625,0.91875,0.0,0.89375,0.998790329814276,0.0,0.0,20.49991704081185,29ec2ae17e7c8c9b8ee53b98561bb2025e9bfee983be7912d86a8bdf220b816f
raw_attack_mild,20018,cross_channel,0.32927490671890125,0.3307931341408248,0.3307931341408248,0.94375,0.0,0.05625,0.0,1.7974736870307608,5.684696021498873,0.95625,0.07764872765803495,0.96875,0.0,0.99375,0.0,0.95,0.884711059517031,0.05,0.0,0.06192988129909005,0.95,0.0,0.89375,1.0616606579265382,0.0,0.0,20.935533500043675,df0fe9ceb3e0aed4c7666c35945c5535cc8b58519ce03cd27ca224fba6dbb895
raw_attack_mild,20019,cross_channel,0.3220832035479555,0.3622440025568891,0.3622440025568891,1.0,0.0,0.0,0.0,2.23656250750021,7.167373081313236,0.91875,0.07453714905719389,0.93125,0.0,1.0,0.0,0.925,0.8872463098964113,0.05,0.0,0.06063244449019323,0.925,0.0,0.9,1.0406467000226503,0.0,0.0,20.804048791062087,fdbcada949a4a24568c5aadad9388e4492015e5661744047cff08335f79d11b3
raw_attack_mild,20020,cross_channel,0.2927247981612163,0.33073066682663843,0.33073066682663843,0.99375,0.0,0.00625,0.0,1.8777038871437437,4.928942725352787,0.9625,0.07404169175756617,0.93125,0.0,0.99375,0.0,0.925,0.8878334519526192,0.05,0.0,0.06108335073573277,0.925,0.0,0.9,1.046972335281297,0.0,0.0,20.916368749924004,019623b74686afdeef98c0547e64099375c2cfd19c1d8df05a8df1e01863b3fe
raw_attack_mild,20021,cross_channel,0.28517406445375987,0.32895851860607994,0.32895851860607994,1.0,0.0,0.0,0.0,1.8977441071193666,7.19856697239652,0.93125,0.07250593642820957,0.93125,0.0,1.0,0.0,0.925,0.8874771675995913,0.05,0.0,0.06208459904079407,0.925,0.0,0.9,0.7024398781211141,0.0,0.0,20.70672379177995,d63d38448453b584bef74e9923a2e48bce2a7fb0546ba912dddc5bd37d36c6a5
raw_attack_mild,20022,cross_channel,0.3086809994543547,0.3502442782391297,0.3502442782391297,1.0,0.0,0.0,0.0,2.220352950889212,8.274879257981842,0.925,0.07402378836689161,0.95,0.0,1.0,0.0,0.9,0.8886557331863477,0.05,0.0,0.0606446126887199,0.9,0.0,0.875,0.8270226201948183,0.0,0.0,20.873993457993492,473b5b5ae7eddb04d45a74784502d4c8d14d0cf8d63af6c5e3ceb07f9c4d894f
raw_attack_mild,20023,cross_channel,0.3098025438329417,0.3437802732208211,0.3437802732208211,1.0,0.0,0.0,0.0,2.065126967856751,5.800800018780375,0.9625,0.07545750269460945,0.94375,0.0,1.0,0.0,0.90625,0.8884873978522798,0.05,0.0,0.062038850836019434,0.90625,0.0,0.90625,1.1232886548362164,0.0,0.0,20.921767666004598,a26cc423885f0a64fd6a876c143c6c58fa9bcd61ace5a19390f581c4085f60f0
raw_attack_mild,20024,cross_channel,0.3346310724097422,0.3440420925035035,0.3440420925035035,0.95625,0.0,0.04375,0.0,2.0845259044513433,6.432164561296087,0.925,0.07929649183538216,0.95625,0.0,1.0,0.0,0.9125,0.8883388169975914,0.05,0.0,0.06040181746970195,0.9125,0.0,0.90625,1.0261436596758033,0.0,0.0,20.592278332915157,06105b2f7183fa5a3f4da1718b586ff9810ad0607f7ce353bef4e073c7c6852d
raw_attack_mild,20025,cross_channel,0.32572584761627354,0.3462954941037828,0.3462954941037828,0.975,0.0,0.025,0.0,2.1448272253424854,5.872624631609107,0.95,0.07504066440184143,0.9125,0.0,1.0,0.0,0.86875,0.8897829867459356,0.05,0.0,0.0578060789456223,0.86875,0.0,0.8625,0.8351608818883163,0.0,0.0,20.96126287500374,bf206823db353cb6c1747626ca4eb3a745ba35a62ec6471b3ac89b3ced37b333
raw_attack_mild,20026,cross_channel,0.29586479496911094,0.3440890947207445,0.3440890947207445,1.0,0.0,0.0,0.0,2.093325537417379,7.029406533833904,0.93125,0.07139909618599569,0.91875,0.0,1.0,0.0,0.9125,0.8889580905649724,0.05,0.0,0.0595207975359486,0.9125,0.0,0.9,0.9733901220429626,0.0,0.0,20.70554537512362,adfbb5c7aae68aff87b20bfd5d250fdccfd964de4927d8b89ac5b38cc5305030
raw_attack_mild,20027,cross_channel,0.2765988425547614,0.31983902491772565,0.31983902491772565,1.0,0.0,0.0,0.0,1.7924540609116726,6.46751997790145,0.9375,0.07307722502901785,0.9125,0.0,1.0,0.0,0.90625,0.8907784524497284,0.05,0.0,0.061481563142696614,0.90625,0.0,0.89375,0.7980495428129342,0.0,0.0,20.99914383306168,1a281192b78bb458bf947b708bf2790bb554028fd72a31686960b58b06667af0
raw_attack_mild,20028,cross_channel,0.2848687420985863,0.3072626972344701,0.3072626972344701,0.9875,0.0,0.0125,0.0,1.6661121227250077,5.049893491983683,0.9875,0.07650349856949482,0.93125,0.0,1.0,0.0,0.90625,0.8885395110578989,0.05,0.0,0.06081913740004845,0.90625,0.0,0.88125,0.7895377275113683,0.0,0.0,20.95740716601722,2b3536fbc05198de103d199006b5760d03a724788e4ac191e6822776273111b5
raw_attack_mild,20029,cross_channel,0.3216689749828506,0.36450441996364785,0.36450441996364785,1.0,0.0,0.0,0.0,2.34598477693543,8.179104955244927,0.9375,0.07389525939597438,0.94375,0.0,1.0,0.0,0.90625,0.8879024362963183,0.05,0.0,0.061299425069189686,0.90625,0.0,0.90625,1.0558389577126377,0.0,0.0,20.837924791965634,97f330b365bc6033cb78400bf74c6fec7eb0b3cb88dbd8a25dc780349704c298
raw_attack_mild,20030,cross_channel,0.3024068042107168,0.3461425338888735,0.3461425338888735,1.0,0.0,0.0,0.0,2.0378438319058563,7.336419665437696,0.925,0.0750140253386696,0.95625,0.0,1.0,0.0,0.90625,0.8882616118765385,0.05,0.0,0.06147579560164472,0.90625,0.0,0.89375,0.9140984598594096,0.0,0.0,21.112343874992803,2879c9571231f3102ff479422625ccacbc1dec18a4d5ab02d453695495a7c44b
raw_attack_mild,20031,cross_channel,0.3338142212129636,0.34636725546370034,0.34636725546370034,0.9625,0.0,0.0375,0.0,2.2142646113470477,6.478083063600305,0.9375,0.07284034830052703,0.9375,0.0,1.0,0.0,0.8875,0.8917121693901178,0.05,0.0,0.05914526416768327,0.8875,0.0,0.8875,0.8967408443637421,0.0,0.0,21.266954667167738,a27e1c7ecbd1e32130150c0932f6fe914b2a37454612700e2b953d8a450c1bcd
raw_attack_mild,20032,cross_channel,0.3846614685536796,0.36168862730962154,0.36168862730962154,0.90625,0.0,0.09375,0.0,2.4463772989647414,7.989780221336786,0.9,0.08013888778625163,0.9375,0.0,1.0,0.0,0.8875,0.8887912955055246,0.05,0.0,0.06055542286374259,0.8875,0.0,0.8875,0.9646127762036858,0.0,0.0,20.800893499981612,f480a5cce2345f4245abb0014358e4b08b794579927dbabd83daccdfe3777f4a
raw_attack_mild,20033,cross_channel,0.3278327995114133,0.3147526734349347,0.3147526734349347,0.9375,0.0,0.0625,0.0,1.6486684590988603,4.811725294576357,0.98125,0.07631214978758723,0.9625,0.0,1.0,0.0,0.93125,0.8845772430027555,0.05,0.0,0.06267154421144289,0.93125,0.0,0.875,1.3751979139689758,0.0,0.0,20.97285233391449,c52cc70b73a7abf1a439d72542f912f36d60b5c6e9a567c1d8e8ffa1139c679f
raw_attack_mild,20034,cross_channel,0.29074133182075534,0.3309186173312837,0.3309186173312837,1.0,0.0,0.0,0.0,1.9858668018412469,6.190988071022658,0.9375,0.07088058478681607,0.93125,0.0,1.0,0.0,0.91875,0.8894154791444585,0.05,0.0,0.06109412017330309,0.91875,0.0,0.93125,0.9558157199000057,0.0,0.0,20.935045999940485,4035b244f459fad95ac244d435aace4415f85606f2f07e56ba196d6d0e6e5349
raw_attack_mild,20035,cross_channel,0.352655418000527,0.36219901884771033,0.36219901884771033,0.95625,0.0,0.04375,0.0,2.3049721628509525,7.696521153153788,0.9375,0.07950466160972677,0.94375,0.0,1.0,0.0,0.93125,0.8864681423563774,0.05,0.0,0.062385261602471154,0.93125,0.0,0.90625,0.8631379712880755,0.0,0.0,20.970059750135988,b6fdbbfa0baaa21da353c4a66313e2e582d76248bd566733b0a0dbc92ae2bbf8
raw_attack_mild,20036,cross_channel,0.295094698563899,0.3318576318268607,0.3318576318268607,1.0,0.0,0.0,0.0,1.8437067852192093,5.047654353981503,0.96875,0.07084792426004871,0.91875,0.0,1.0,0.0,0.90625,0.8900604852040871,0.05,0.0,0.060610291624164724,0.90625,0.0,0.8875,1.3066017172513933,0.0,0.0,21.085438583046198,9fca33a5c2827c322d3db72f2428e7ad5046d2d1aec2ff88030f401e1cca61ac
raw_attack_mild,20037,cross_channel,0.33177944109945506,0.3397009165195243,0.3397009165195243,0.95625,0.0,0.04375,0.0,2.1350568085985966,6.892940943251366,0.925,0.07524255115620167,0.93125,0.0,1.0,0.0,0.90625,0.8848696148817915,0.05,0.0,0.06061744617274093,0.90625,0.0,0.91875,0.912956602963698,0.0,0.0,20.877739666961133,056e78c7a2c20011abb2c9e85c6f47183b9be9982d746a6243dea10d2430c8f7
raw_attack_mild,20038,cross_channel,0.2897158473209135,0.3176291724789167,0.3176291724789167,0.9875,0.0,0.0125,0.0,1.678686205111814,5.297807533952389,0.95625,0.07293872836518699,0.925,0.0,1.0,0.0,0.9375,0.8855113305866944,0.05,0.0,0.062007615059987906,0.9375,0.0,0.91875,1.1081990907501482,0.0,0.0,21.214717916911468,3cb31061632189be50235f5231010c4ea31b5fd3f65e6dcf494bae58062ec974
raw_attack_mild,20039,cross_channel,0.3319246563727559,0.3538010732069566,0.3538010732069566,0.98125,0.0,0.01875,0.0,2.2097074304858504,6.988652577829951,0.94375,0.07381159881433733,0.9,0.0,1.0,0.0,0.8875,0.891670177501948,0.05,0.0,0.05958527191363507,0.8875,0.0,0.875,1.0861443970372104,0.0,0.0,21.133601957932115,2ed1c0e6dba6d2d6edcaa7d79705878510cd8d07e4b608ceac094d9a5a765b1c
raw_attack_mild,20000,ramp_rate,1.8352572912132943,1.2749150248678198,1.2749150248678198,0.05625,0.0,0.94375,0.0,39.618400014259834,105.81541334558598,0.23125,0.8336644944574058,0.93125,0.0,1.0,0.0,0.025,0.9643648891555001,0.34440535209230283,0.0,0.0003106504554175473,0.025,0.0,0.88125,0.950706237135444,0.0,0.0,21.029755166964605,a2574611c66b04c21dcf8afa1a0624ec0524acf8e48a312b61f15e51159f63b0
raw_attack_mild,20001,ramp_rate,1.6081828665944418,1.1219881945148507,1.1219881945148507,0.08125,0.0,0.91875,0.0,30.19005691906508,95.03824837679845,0.425,0.7829927321338828,0.93125,0.0,1.0,0.0,0.0125,0.9694697100882731,0.4739888618123846,0.0,4.49954197105705e-05,0.0125,0.0,0.86875,0.8972871711943234,0.0,0.0,20.988291040994227,6f20fe25123996847bfdf22f2d54e922a0c093c21005eddd4b19bed16d2c371e
raw_attack_mild,20002,ramp_rate,2.064242435918253,1.5106362195645426,1.5106362195645426,0.09375,0.0,0.90625,0.0,54.79955093213808,113.22018551411541,0.1375,0.7581382519347353,0.925,0.0,1.0,0.0,0.10625,0.9639267034306048,0.2824245651604395,0.0,0.0010469594334552973,0.10625,0.0,0.875,1.2277184022615473,0.0,0.0,21.107945832889527,c05e13cc30e6c1b245d663f031eb22a8c05b7ed6016978ae427499f3720b392a
raw_attack_mild,20003,ramp_rate,2.019621941754442,1.48011257367631,1.48011257367631,0.08125,0.0,0.91875,0.0,54.29408106760932,118.8134365468742,0.16875,0.7865108902816303,0.925,0.0,0.99375,0.0,0.04375,0.967376235157911,0.35822744577449434,0.0,0.00043674156837096595,0.04375,0.0,0.8875,0.6854920712338046,0.0,0.0,21.081311082933098,80aaa35974bfd71d638333497ffa849e9d35d6f2156d4d85582936bf0fe3550c
raw_attack_mild,20004,ramp_rate,2.1898934296785937,1.6074535466860975,1.6074535466860975,0.08125,0.0,0.91875,0.0,64.44093312570769,123.4428190645286,0.08125,0.8085174468366271,0.9625,0.0,1.0,0.0,0.01875,0.9742137812376139,0.411784574275141,0.0,0.00020907556749864926,0.01875,0.0,0.90625,0.9016322581613302,0.0,0.0,21.073950707912445,4281cd01c704228ba527666e3bac8ae8c41e84905f861a2026693ea7e3c9e1a4
raw_attack_mild,20005,ramp_rate,2.1548210386990734,1.606647360711392,1.606647360711392,0.10625,0.0,0.89375,0.0,64.60001441360198,130.63850841153777,0.10625,0.7859259413239869,0.925,0.0,1.0,0.0,0.06875,0.9655066746909082,0.372791186865891,0.0,0.0005321348704608795,0.06875,0.0,0.86875,0.6433576634478813,0.0,0.0,21.001185790868476,067bd6c3c8c1cf3988f243b2e65fe545001b577589b9a79750b2e13c90d75e47
raw_attack_mild,20006,ramp_rate,1.5281957125049737,1.072745910750363,1.072745910750363,0.14375,0.0,0.85625,0.0,27.675297698907627,97.92233554931416,0.41875,0.7546075383141405,0.9125,0.0,1.0,0.0,0.01875,0.9702166730626086,0.3656392428616954,0.0,0.00026541965418573117,0.01875,0.0,0.86875,0.990279268398363,0.0,0.0,21.426522167166695,048471fe9e5141ce6e2e6ad8f94b9f3b79e9b54206081c0a19203bd61a288d15
raw_attack_mild,20007,ramp_rate,2.2038349519911526,1.6392018195942921,1.6392018195942921,0.09375,0.0,0.90625,0.0,66.71992013864156,126.10867352846799,0.125,0.8023130595752892,0.91875,0.0,1.0,0.0,0.0375,0.9689385773037877,0.31333255697103457,0.0,0.00032734762329932786,0.0375,0.0,0.875,0.784159106115635,0.0,0.0,21.29174662497826,da8aa04084a378d8ff019d4b4d9f9c3020124b42c1c274787fdcf491c006165e
raw_attack_mild,20008,ramp_rate,2.2371395964082996,1.632753264451753,1.632753264451753,0.05625,0.0,0.94375,0.0,66.9018352114244,118.91655712061913,0.075,0.7736297037238179,0.90625,0.0,1.0,0.0,0.03125,0.9705283534249265,0.40114109689657934,0.0,0.00028797340221527965,0.03125,0.0,0.9125,0.9483244684496277,0.0,0.0,20.937202374916524,00d49c6bba3f883237bd6985aa2430d6c1004c78adec6491a728ab2a3dbc3d5b
raw_attack_mild,20009,ramp_rate,1.7489742537792303,1.1972936635762494,1.1972936635762494,0.05,0.0,0.95,0.0,34.64025187194112,101.47260780946293,0.2625,0.78778169972474,0.9375,0.0,1.0,0.0,0.0875,0.9625856184406534,0.2558425924656853,0.0,0.0013678859728809508,0.0875,0.0,0.88125,1.0364981385229652,0.0,0.0,20.87678720895201,afb14026eeddfbe4be1c09f7502faf1053b3082fa6bed5dc971d26aa3f579dd3
raw_attack_mild,20010,ramp_rate,2.0176278338798683,1.473797265645547,1.473797265645547,0.10625,0.0,0.89375,0.0,53.317929404649796,116.3427750937753,0.14375,0.7927202154554182,0.93125,0.0,1.0,0.0,0.00625,0.9734904550554546,0.46109596501247596,0.0,3.890403498752404e-05,0.00625,0.0,0.875,0.895460865888469,0.0,0.0,21.244069792097434,b18ea804218867cbc12b24771cbf5cfe6da17f6ae67f22108c75c265aa77c5e1
raw_attack_mild,20011,ramp_rate,2.0230957097611,1.4908513799937124,1.4908513799937124,0.075,0.0,0.925,0.0,55.245417492330695,133.4033112732272,0.18125,0.8058008607458266,0.9125,0.0,1.0,0.0,0.0125,0.9713587943833882,0.4274721719743407,0.0,9.967241339768158e-05,0.0125,0.0,0.89375,0.7668470403822204,0.0,0.0,21.002051583025604,231390f7324fb58ddba614eb2e5d2c8121746188cd15584f82fda455ac69c12f
raw_attack_mild,20012,ramp_rate,1.6127191095820517,1.1464695976706594,1.1464695976706594,0.1125,0.0,0.8875,0.0,31.805358548733018,113.76550863822118,0.3625,0.7918006688138897,0.94375,0.0,1.0,0.0,0.01875,0.9700515627515172,0.4078917226334372,0.0,0.00017062818929822917,0.01875,0.0,0.8875,0.7971817374840124,0.0,0.0,21.18301899987273,7e8ac9cc192ff4dda8a09428b39c368a01eb19acd9107061bc2d88c5fd759643
raw_attack_mild,20013,ramp_rate,1.865021594086405,1.3649660395787366,1.3649660395787366,0.09375,0.0,0.90625,0.0,45.97213179813718,114.99102037295339,0.25625,0.7802653307239448,0.9375,0.0,1.0,0.0,0.01875,0.972854095077231,0.3925801384350367,0.0,0.0002696166312858517,0.01875,0.0,0.925,0.8656399927807913,0.0,0.0,21.136070375097916,23a1c7fa1aa0c6bd0ac825839a08170c69693eb78b3bb3156439df83e2ae4e59
raw_attack_mild,20014,ramp_rate,1.9360985785339637,1.412629553507405,1.412629553507405,0.11875,0.0,0.88125,0.0,49.34211045893251,114.5802405939623,0.1625,0.7953027154996789,0.9375,0.0,1.0,0.0,0.04375,0.9684483566790153,0.41386286010475704,0.0,0.00025163275623211616,0.04375,0.0,0.875,0.8203927466304147,0.0,0.0,21.202682124916464,81f4f7af80125df603a5938c80df08510cb95c6837d79777856d9c379fb7cabe
raw_attack_mild,20015,ramp_rate,1.997475683201074,1.448010277372809,1.448010277372809,0.10625,0.0,0.89375,0.0,51.135214855708725,105.07393718254025,0.13125,0.7781869199069937,0.90625,0.0,1.0,0.0,0.0375,0.9689340191794876,0.3262942156575208,0.0,0.00033197723781016626,0.0375,0.0,0.86875,0.9085943190102143,0.0,0.0,21.207638500025496,dd2335b8aa628441836126855bd708fbc2ab6333dd30d941da63c8534ad11cac
raw_attack_mild,20016,ramp_rate,1.7655513461609793,1.2493039006091442,1.2493039006091442,0.09375,0.0,0.90625,0.0,37.842037570240784,101.23582879328475,0.26875,0.7984151123367413,0.925,0.0,1.0,0.0,0.0375,0.9675350453483684,0.37159885137768056,0.0,0.0002984056397142182,0.0375,0.0,0.8875,1.0969548995282508,0.0,0.0,20.68237716681324,30408deb3398882e99b894549a5e09c1a4b386adeb07baa02cfad45cacced738
raw_attack_mild,20017,ramp_rate,1.6693411462328194,1.182024240892865,1.182024240892865,0.0875,0.0,0.9125,0.0,33.63692564100333,110.15981352082542,0.36875,0.7993303576071673,0.93125,0.0,1.0,0.0,0.0125,0.9675802708278424,0.3560789620801066,0.0,0.0002630183487266696,0.0125,0.0,0.89375,0.998790329814276,0.0,0.0,20.49991704081185,29ec2ae17e7c8c9b8ee53b98561bb2025e9bfee983be7912d86a8bdf220b816f
raw_attack_mild,20018,ramp_rate,1.946223973123685,1.4044392447144436,1.4044392447144436,0.04375,0.0,0.95625,0.0,48.21110097447534,114.831507286518,0.2375,0.8057203819311866,0.96875,0.0,0.99375,0.0,0.00625,0.9709200104363973,0.4654529397135735,0.0,3.454706028642652e-05,0.00625,0.0,0.89375,1.0616606579265382,0.0,0.0,20.935533500043675,df0fe9ceb3e0aed4c7666c35945c5535cc8b58519ce03cd27ca224fba6dbb895
raw_attack_mild,20019,ramp_rate,1.832966515059486,1.3104924857860407,1.3104924857860407,0.06875,0.0,0.93125,0.0,40.95582364389441,107.15611645757296,0.2625,0.7585534629688099,0.93125,0.0,1.0,0.0,0.0875,0.9664351206287204,0.32794030214482667,0.0,0.0008945503725453311,0.0875,0.0,0.9,1.0406467000226503,0.0,0.0,20.804048791062087,fdbcada949a4a24568c5aadad9388e4492015e5661744047cff08335f79d11b3
raw_attack_mild,20020,ramp_rate,1.7574139883855047,1.229501957770403,1.229501957770403,0.075,0.0,0.925,0.0,36.231481327556665,100.33704431883379,0.25625,0.8012969118476544,0.93125,0.0,0.99375,0.0,0.0375,0.966196549565441,0.3916000000000001,0.0,0.00020779355115972247,0.0375,0.0,0.9,1.046972335281297,0.0,0.0,20.916368749924004,019623b74686afdeef98c0547e64099375c2cfd19c1d8df05a8df1e01863b3fe
raw_attack_mild,20021,ramp_rate,1.766917852038042,1.2564512512548134,1.2564512512548134,0.08125,0.0,0.91875,0.0,39.087688787485604,113.72381788165825,0.2875,0.7556638145008538,0.93125,0.0,1.0,0.0,0.075,0.9650134899828762,0.23186852114926443,0.0,0.0013203972396297256,0.075,0.0,0.9,0.7024398781211141,0.0,0.0,20.70672379177995,d63d38448453b584bef74e9923a2e48bce2a7fb0546ba912dddc5bd37d36c6a5
raw_attack_mild,20022,ramp_rate,1.9786780832300117,1.4255872846638367,1.4255872846638367,0.075,0.0,0.925,0.0,49.809453784182395,112.72181805003463,0.15625,0.7607946865586163,0.95,0.0,1.0,0.0,0.09375,0.9666178639187795,0.3052729401202691,0.0,0.0010662908064529566,0.09375,0.0,0.875,0.8270226201948183,0.0,0.0,20.873993457993492,473b5b5ae7eddb04d45a74784502d4c8d14d0cf8d63af6c5e3ceb07f9c4d894f
raw_attack_mild,20023,ramp_rate,2.08151124198722,1.4935163309094386,1.4935163309094386,0.06875,0.0,0.93125,0.0,54.439540718026436,114.60370143127007,0.1125,0.8076439868541965,0.94375,0.0,1.0,0.0,0.06875,0.9678380409662332,0.3203960927794798,0.0,0.0006163039020986429,0.06875,0.0,0.90625,1.1232886548362164,0.0,0.0,20.921767666004598,a26cc423885f0a64fd6a876c143c6c58fa9bcd61ace5a19390f581c4085f60f0
raw_attack_mild,20024,ramp_rate,1.9589450468421035,1.3928696874492126,1.3928696874492126,0.05,0.0,0.95,0.0,46.58948780433152,112.46899198233454,0.1875,0.7972309172664712,0.95625,0.0,1.0,0.0,0.05625,0.9665542388521603,0.3509373661436005,0.0,0.0004051706097553009,0.05625,0.0,0.90625,1.0261436596758033,0.0,0.0,20.592278332915157,06105b2f7183fa5a3f4da1718b586ff9810ad0607f7ce353bef4e073c7c6852d
raw_attack_mild,20025,ramp_rate,1.8696501798431746,1.3758551478799441,1.3758551478799441,0.1375,0.0,0.8625,0.0,46.3109605801631,114.701097989366,0.2125,0.7691122052985966,0.9125,0.0,1.0,0.0,0.025,0.9679501414720113,0.3181625294651539,0.0,0.00029074486979223304,0.025,0.0,0.8625,0.8351608818883163,0.0,0.0,20.96126287500374,bf206823db353cb6c1747626ca4eb3a745ba35a62ec6471b3ac89b3ced37b333
raw_attack_mild,20026,ramp_rate,1.6745578405295665,1.1631044993348374,1.1631044993348374,0.0625,0.0,0.9375,0.0,31.938955343106613,107.31574501600787,0.325,0.7684457988218965,0.91875,0.0,1.0,0.0,0.05,0.9658951850258019,0.3646668268161764,0.0,0.0002924125470975079,0.05,0.0,0.9,0.9733901220429626,0.0,0.0,20.70554537512362,adfbb5c7aae68aff87b20bfd5d250fdccfd964de4927d8b89ac5b38cc5305030
raw_attack_mild,20027,ramp_rate,2.0672295109288514,1.5125201621542566,1.5125201621542566,0.09375,0.0,0.90625,0.0,56.91646071404673,120.34456258884184,0.125,0.7867039078562735,0.9125,0.0,1.0,0.0,0.05625,0.9680720518925607,0.3696416351882605,0.0,0.0005868973564802599,0.05625,0.0,0.89375,0.7980495428129342,0.0,0.0,20.99914383306168,1a281192b78bb458bf947b708bf2790bb554028fd72a31686960b58b06667af0
raw_attack_mild,20028,ramp_rate,2.2058029655742732,1.625721098809446,1.625721098809446,0.08125,0.0,0.91875,0.0,65.72162766510903,119.57776811923493,0.10625,0.8143588766004033,0.93125,0.0,1.0,0.0,0.0,0.9692503205093825,0.5274598032479332,0.0,0.0,0.0,0.0,0.88125,0.7895377275113683,0.0,0.0,20.95740716601722,2b3536fbc05198de103d199006b5760d03a724788e4ac191e6822776273111b5
raw_attack_mild,20029,ramp_rate,1.77823940572882,1.2871244831040753,1.2871244831040753,0.11875,0.0,0.88125,0.0,39.923607367315604,109.19117281456367,0.2625,0.7693585485990764,0.94375,0.0,1.0,0.0,0.0625,0.966100117650862,0.33406081097739454,0.0,0.0004325807689022609,0.0625,0.0,0.90625,1.0558389577126377,0.0,0.0,20.837924791965634,97f330b365bc6033cb78400bf74c6fec7eb0b3cb88dbd8a25dc780349704c298
raw_attack_mild,20030,ramp_rate,2.061768755252156,1.5307243396780994,1.5307243396780994,0.09375,0.0,0.90625,0.0,57.584718555628186,120.88565165435348,0.1625,0.8068752686923698,0.95625,0.0,1.0,0.0,0.025,0.9745209209583965,0.44001628033943707,0.0,0.00015504551118597276,0.025,0.0,0.89375,0.9140984598594096,0.0,0.0,21.112343874992803,2879c9571231f3102ff479422625ccacbc1dec18a4d5ab02d453695495a7c44b
raw_attack_mild,20031,ramp_rate,1.5788920711482324,1.1419535287097862,1.1419535287097862,0.16875,0.0,0.83125,0.0,31.32156103597247,100.39881917770481,0.38125,0.7736358689471841,0.9375,0.0,1.0,0.0,0.025,0.9719716761794585,0.4534960311883216,0.0,9.1375110026002e-05,0.025,0.0,0.8875,0.8967408443637421,0.0,0.0,21.266954667167738,a27e1c7ecbd1e32130150c0932f6fe914b2a37454612700e2b953d8a450c1bcd
raw_attack_mild,20032,ramp_rate,1.5027596007610453,0.9913249396133149,0.9913249396133149,0.11875,0.0,0.88125,0.0,22.613330051611236,83.423784653788,0.41875,0.73262706338617,0.9375,0.0,1.0,0.0,0.10625,0.9671094085347596,0.22870852747676837,0.0,0.0015057320404412238,0.10625,0.0,0.8875,0.9646127762036858,0.0,0.0,20.800893499981612,f480a5cce2345f4245abb0014358e4b08b794579927dbabd83daccdfe3777f4a
raw_attack_mild,20033,ramp_rate,1.9018261386090967,1.3521503801278953,1.3521503801278953,0.05625,0.0,0.94375,0.0,42.95213914800825,106.23677085190201,0.23125,0.7344786594688517,0.9625,0.0,1.0,0.0,0.1125,0.9576157738463777,0.31543374983246375,0.0,0.001446907447027006,0.1125,0.0,0.875,1.3751979139689758,0.0,0.0,20.97285233391449,c52cc70b73a7abf1a439d72542f912f36d60b5c6e9a567c1d8e8ffa1139c679f
raw_attack_mild,20034,ramp_rate,1.6802200632226771,1.174416252182632,1.174416252182632,0.125,0.0,0.875,0.0,32.924425799582856,84.91785452537437,0.2875,0.7859144759946805,0.93125,0.0,1.0,0.0,0.03125,0.9701373065053168,0.3771768817465472,0.0,0.00025978333564491554,0.03125,0.0,0.93125,0.9558157199000057,0.0,0.0,20.935045999940485,4035b244f459fad95ac244d435aace4415f85606f2f07e56ba196d6d0e6e5349
raw_attack_mild,20035,ramp_rate,2.063230311632886,1.479457572647142,1.479457572647142,0.05625,0.0,0.94375,0.0,54.26711155913815,110.32141063784144,0.1375,0.8066361134440244,0.94375,0.0,1.0,0.0,0.03125,0.966727614091818,0.40403394024110484,0.0,0.00016489264550563536,0.03125,0.0,0.90625,0.8631379712880755,0.0,0.0,20.970059750135988,b6fdbbfa0baaa21da353c4a66313e2e582d76248bd566733b0a0dbc92ae2bbf8
raw_attack_mild,20036,ramp_rate,2.099336999868782,1.5441794800950337,1.5441794800950337,0.09375,0.0,0.90625,0.0,56.95300354483635,110.41624693094374,0.13125,0.792971923763376,0.91875,0.0,1.0,0.0,0.03125,0.9722701396648716,0.39250312872079085,0.0,0.0001921734883508551,0.03125,0.0,0.8875,1.3066017172513933,0.0,0.0,21.085438583046198,9fca33a5c2827c322d3db72f2428e7ad5046d2d1aec2ff88030f401e1cca61ac
raw_attack_mild,20037,ramp_rate,1.9916960358745306,1.4505177546025243,1.4505177546025243,0.1,0.0,0.9,0.0,51.78913350348703,115.63945513134283,0.15,0.8159704263215332,0.93125,0.0,1.0,0.0,0.025,0.9716209018097327,0.4495543476903194,0.0,7.606966840929468e-05,0.025,0.0,0.91875,0.912956602963698,0.0,0.0,20.877739666961133,056e78c7a2c20011abb2c9e85c6f47183b9be9982d746a6243dea10d2430c8f7
raw_attack_mild,20038,ramp_rate,2.1273194758330005,1.5317919933193593,1.5317919933193593,0.05625,0.0,0.94375,0.0,56.484498777452885,108.21275374064223,0.1125,0.7627062335903958,0.925,0.0,1.0,0.0,0.05,0.9651696254970584,0.32563086124340707,0.0,0.0005445475339012428,0.05,0.0,0.91875,1.1081990907501482,0.0,0.0,21.214717916911468,3cb31061632189be50235f5231010c4ea31b5fd3f65e6dcf494bae58062ec974
raw_attack_mild,20039,ramp_rate,1.6169211099677212,1.1400057146719085,1.1400057146719085,0.13125,0.0,0.86875,0.0,31.197495741676516,93.71354172650275,0.36875,0.7498741561203737,0.9,0.0,1.0,0.0,0.05,0.9698879856436212,0.35998899475882173,0.0,0.0006001101215973778,0.05,0.0,0.875,1.0861443970372104,0.0,0.0,21.133601957932115,2ed1c0e6dba6d2d6edcaa7d79705878510cd8d07e4b608ceac094d9a5a765b1c
raw_attack_mild,20000,influence_budget,1.7470445447476568,1.110623495855388,1.110623495855388,0.05625,0.0,0.94375,0.0,26.266812791393477,55.923770614870854,0.15,0.7275220923429783,0.93125,0.0,1.0,0.90625,0.0,1.0,1.0,0.23495370370370372,0.0,0.0,0.0,0.88125,0.950706237135444,0.0,0.0,21.029755166964605,a2574611c66b04c21dcf8afa1a0624ec0524acf8e48a312b61f15e51159f63b0
raw_attack_mild,20001,influence_budget,1.6559186501278191,1.0847291599069335,1.0847291599069335,0.125,0.0,0.875,0.0,25.1565304992776,53.57939600150464,0.175,0.7297444284788973,0.93125,0.0,1.0,0.8875,0.0,1.0,1.0,0.2300925925925926,0.0,0.0,0.0,0.86875,0.8972871711943234,0.0,0.0,20.988291040994227,6f20fe25123996847bfdf22f2d54e922a0c093c21005eddd4b19bed16d2c371e
raw_attack_mild,20002,influence_budget,1.7167927361591253,1.1286709296975919,1.1286709296975919,0.11875,0.0,0.88125,0.0,26.72832739867506,53.874887821029205,0.1625,0.7332093355610882,0.925,0.0,1.0,0.89375,0.0,1.0,1.0,0.2323355747851715,0.0,0.0,0.0,0.875,1.2277184022615473,0.0,0.0,21.107945832889527,c05e13cc30e6c1b245d663f031eb22a8c05b7ed6016978ae427499f3720b392a
raw_attack_mild,20003,influence_budget,1.7194515075626697,1.1478686124458293,1.1478686124458293,0.1375,0.0,0.8625,0.0,28.17417015029385,55.06763220143777,0.13125,0.7500399849709655,0.925,0.0,0.99375,0.9,0.0,1.0,1.0,0.23417615622109458,0.0,0.0,0.0,0.8875,0.6854920712338046,0.0,0.0,21.081311082933098,80aaa35974bfd71d638333497ffa849e9d35d6f2156d4d85582936bf0fe3550c
raw_attack_mild,20004,influence_budget,1.7099011407095972,1.1290382137300363,1.1290382137300363,0.125,0.0,0.875,0.0,27.359574957268613,57.52082083343361,0.125,0.7451253641208149,0.9625,0.0,1.0,0.925,0.0,1.0,1.0,0.2404619778643536,0.0,0.0,0.0,0.90625,0.9016322581613302,0.0,0.0,21.073950707912445,4281cd01c704228ba527666e3bac8ae8c41e84905f861a2026693ea7e3c9e1a4
raw_attack_mild,20005,influence_budget,1.7470260990937576,1.1798170103548375,1.1798170103548375,0.15625,0.0,0.84375,0.0,30.111987326900692,57.255942093701805,0.1,0.745278953067228,0.925,0.0,1.0,0.8875,0.0,1.0,1.0,0.23269328160572322,0.0,0.0,0.0,0.86875,0.6433576634478813,0.0,0.0,21.001185790868476,067bd6c3c8c1cf3988f243b2e65fe545001b577589b9a79750b2e13c90d75e47
raw_attack_mild,20006,influence_budget,1.578063559357841,1.0536187961310195,1.0536187961310195,0.20625,0.0,0.79375,0.0,23.550350856139893,53.75941976695358,0.14375,0.7017238873968398,0.9125,0.0,1.0,0.8875,0.0,1.0,1.0,0.23214190628060102,0.0,0.0,0.0,0.86875,0.990279268398363,0.0,0.0,21.426522167166695,048471fe9e5141ce6e2e6ad8f94b9f3b79e9b54206081c0a19203bd61a288d15
raw_attack_mild,20007,influence_budget,1.7479009581216736,1.148764807489789,1.148764807489789,0.1125,0.0,0.8875,0.0,27.858684078945124,56.92117425348341,0.125,0.7528191771443387,0.91875,0.0,1.0,0.89375,0.0,1.0,1.0,0.23229666548062186,0.0,0.0,0.0,0.875,0.784159106115635,0.0,0.0,21.29174662497826,da8aa04084a378d8ff019d4b4d9f9c3020124b42c1c274787fdcf491c006165e
raw_attack_mild,20008,influence_budget,1.757573002873207,1.177269972650378,1.177269972650378,0.1375,0.0,0.8625,0.0,29.908359058355963,54.370047406645874,0.125,0.717855219683355,0.90625,0.0,1.0,0.9125,0.0,1.0,1.0,0.2371629816589457,0.0,0.0,0.0,0.9125,0.9483244684496277,0.0,0.0,20.937202374916524,00d49c6bba3f883237bd6985aa2430d6c1004c78adec6491a728ab2a3dbc3d5b
raw_attack_mild,20009,influence_budget,1.6289257310602239,1.0532907517808643,1.0532907517808643,0.11875,0.0,0.88125,0.0,23.30008375326696,49.63904473018891,0.23125,0.7262987870184062,0.9375,0.0,1.0,0.90625,0.0,1.0,1.0,0.23540817393337318,0.0,0.0,0.0,0.88125,1.0364981385229652,0.0,0.0,20.87678720895201,afb14026eeddfbe4be1c09f7502faf1053b3082fa6bed5dc971d26aa3f579dd3
raw_attack_mild,20010,influence_budget,1.6781942746544545,1.1110550741376117,1.1110550741376117,0.15,0.0,0.85,0.0,26.0908977262242,53.01732785348223,0.13125,0.717550142160013,0.93125,0.0,1.0,0.90625,0.0,1.0,1.0,0.23495370370370366,0.0,0.0,0.0,0.875,0.895460865888469,0.0,0.0,21.244069792097434,b18ea804218867cbc12b24771cbf5cfe6da17f6ae67f22108c75c265aa77c5e1
raw_attack_mild,20011,influence_budget,1.7575000549326547,1.1607994412109166,1.1607994412109166,0.1125,0.0,0.8875,0.0,29.141095249330135,58.213079473646744,0.1375,0.740269868273583,0.9125,0.0,1.0,0.9125,0.0,1.0,1.0,0.23755438357769681,0.0,0.0,0.0,0.89375,0.7668470403822204,0.0,0.0,21.002051583025604,231390f7324fb58ddba614eb2e5d2c8121746188cd15584f82fda455ac69c12f
raw_attack_mild,20012,influence_budget,1.6136113189801506,1.0742734586746583,1.0742734586746583,0.16875,0.0,0.83125,0.0,24.521278604803143,52.23258772968563,0.2,0.7325799665664565,0.94375,0.0,1.0,0.9,0.0,1.0,1.0,0.23333333333333334,0.0,0.0,0.0,0.8875,0.7971817374840124,0.0,0.0,21.18301899987273,7e8ac9cc192ff4dda8a09428b39c368a01eb19acd9107061bc2d88c5fd759643
raw_attack_mild,20013,influence_budget,1.6514482995625208,1.0996374131485298,1.0996374131485298,0.1625,0.0,0.8375,0.0,25.87320936482563,58.44333803919724,0.14375,0.7181061356035239,0.9375,0.0,1.0,0.91875,0.0,1.0,1.0,0.2388643097630272,0.0,0.0,0.0,0.925,0.8656399927807913,0.0,0.0,21.136070375097916,23a1c7fa1aa0c6bd0ac825839a08170c69693eb78b3bb3156439df83e2ae4e59
raw_attack_mild,20014,influence_budget,1.7051088036676998,1.1151226725749597,1.1151226725749597,0.13125,0.0,0.86875,0.0,26.80033052965315,50.25999157352479,0.1,0.7545072153500655,0.9375,0.0,1.0,0.89375,0.0,1.0,1.0,0.23171296296296298,0.0,0.0,0.0,0.875,0.8203927466304147,0.0,0.0,21.202682124916464,81f4f7af80125df603a5938c80df08510cb95c6837d79777856d9c379fb7cabe
raw_attack_mild,20015,influence_budget,1.6673209782324825,1.1050933867253452,1.1050933867253452,0.15625,0.0,0.84375,0.0,26.022546828450807,51.6839534472897,0.14375,0.731132581025679,0.90625,0.0,1.0,0.88125,0.0,1.0,1.0,0.22847222222222224,0.0,0.0,0.0,0.86875,0.9085943190102143,0.0,0.0,21.207638500025496,dd2335b8aa628441836126855bd708fbc2ab6333dd30d941da63c8534ad11cac
raw_attack_mild,20016,influence_budget,1.6047509096350687,1.0493799779727362,1.0493799779727362,0.15,0.0,0.85,0.0,23.205084128824875,50.44911335927693,0.1625,0.7105926479818399,0.925,0.0,1.0,0.9125,0.0,1.0,1.0,0.23657407407407405,0.0,0.0,0.0,0.8875,1.0969548995282508,0.0,0.0,20.68237716681324,30408deb3398882e99b894549a5e09c1a4b386adeb07baa02cfad45cacced738
raw_attack_mild,20017,influence_budget,1.7239734494942336,1.1169386760183067,1.1169386760183067,0.075,0.0,0.925,0.0,26.824885758986056,55.61174607008091,0.1875,0.7424335452268114,0.93125,0.0,1.0,0.9125,0.0,1.0,1.0,0.23657407407407405,0.0,0.0,0.0,0.89375,0.998790329814276,0.0,0.0,20.49991704081185,29ec2ae17e7c8c9b8ee53b98561bb2025e9bfee983be7912d86a8bdf220b816f
raw_attack_mild,20018,influence_budget,1.7850806500903231,1.1756766114222,1.1756766114222,0.0875,0.0,0.9125,0.0,29.64152993616338,59.12570224498006,0.13125,0.752962700966641,0.96875,0.0,0.99375,0.9125,0.0,1.0,1.0,0.23778379024759716,0.0,0.0,0.0,0.89375,1.0616606579265382,0.0,0.0,20.935533500043675,df0fe9ceb3e0aed4c7666c35945c5535cc8b58519ce03cd27ca224fba6dbb895
raw_attack_mild,20019,influence_budget,1.7201985979497756,1.12431380863322,1.12431380863322,0.10625,0.0,0.89375,0.0,26.51013195698743,52.60393322253428,0.15,0.7370156297608562,0.93125,0.0,1.0,0.9125,0.0,1.0,1.0,0.23657407407407405,0.0,0.0,0.0,0.9,1.0406467000226503,0.0,0.0,20.804048791062087,fdbcada949a4a24568c5aadad9388e4492015e5661744047cff08335f79d11b3
raw_attack_mild,20020,influence_budget,1.7827784190519278,1.115179466752793,1.115179466752793,0.025,0.0,0.975,0.0,26.471783498247767,52.7057739355843,0.13125,0.7493762054868502,0.93125,0.0,0.99375,0.9,0.0,1.0,1.0,0.2341628682802533,0.0,0.0,0.0,0.9,1.046972335281297,0.0,0.0,20.916368749924004,019623b74686afdeef98c0547e64099375c2cfd19c1d8df05a8df1e01863b3fe
raw_attack_mild,20021,influence_budget,1.6270992396528967,1.0548163000674615,1.0548163000674615,0.15,0.0,0.85,0.0,23.91542225841606,47.51288649141751,0.1625,0.7168422091827444,0.93125,0.0,1.0,0.9125,0.0,1.0,1.0,0.23708608483673493,0.0,0.0,0.0,0.9,0.7024398781211141,0.0,0.0,20.70672379177995,d63d38448453b584bef74e9923a2e48bce2a7fb0546ba912dddc5bd37d36c6a5
raw_attack_mild,20022,influence_budget,1.723896138736012,1.1254631537053688,1.1254631537053688,0.11875,0.0,0.88125,0.0,26.744919534115844,52.86498789822178,0.1,0.7276448130230363,0.95,0.0,1.0,0.89375,0.0,1.0,1.0,0.2323106100971712,0.0,0.0,0.0,0.875,0.8270226201948183,0.0,0.0,20.873993457993492,473b5b5ae7eddb04d45a74784502d4c8d14d0cf8d63af6c5e3ceb07f9c4d894f
raw_attack_mild,20023,influence_budget,1.7071389979058094,1.0915003295390675,1.0915003295390675,0.1,0.0,0.9,0.0,25.16887478460886,47.92722488774687,0.10625,0.7717193017422272,0.94375,0.0,1.0,0.9125,0.0,1.0,1.0,0.23768940546907613,0.0,0.0,0.0,0.90625,1.1232886548362164,0.0,0.0,20.921767666004598,a26cc423885f0a64fd6a876c143c6c58fa9bcd61ace5a19390f581c4085f60f0
raw_attack_mild,20024,influence_budget,1.7640496216958355,1.1568004604290543,1.1568004604290543,0.09375,0.0,0.90625,0.0,28.13260658169496,60.53478103049413,0.1375,0.7522907084615853,0.95625,0.0,1.0,0.9125,0.0,1.0,1.0,0.23657407407407405,0.0,0.0,0.0,0.90625,1.0261436596758033,0.0,0.0,20.592278332915157,06105b2f7183fa5a3f4da1718b586ff9810ad0607f7ce353bef4e073c7c6852d
raw_attack_mild,20025,influence_budget,1.6612410836290146,1.1296987346566192,1.1296987346566192,0.1875,0.0,0.8125,0.0,27.210113407414063,55.904228901911566,0.16875,0.7168352300822469,0.9125,0.0,1.0,0.86875,0.0,1.0,1.0,0.22683432037238438,0.0,0.0,0.0,0.8625,0.8351608818883163,0.0,0.0,20.96126287500374,bf206823db353cb6c1747626ca4eb3a745ba35a62ec6471b3ac89b3ced37b333
raw_attack_mild,20026,influence_budget,1.6701650071041194,1.1293977886176598,1.1293977886176598,0.16875,0.0,0.83125,0.0,27.06862741410361,56.32400060968871,0.1625,0.7284598739027319,0.91875,0.0,1.0,0.9,0.0,1.0,1.0,0.23599880306146215,0.0,0.0,0.0,0.9,0.9733901220429626,0.0,0.0,20.70554537512362,adfbb5c7aae68aff87b20bfd5d250fdccfd964de4927d8b89ac5b38cc5305030
raw_attack_mild,20027,influence_budget,1.6796743852841327,1.0986435853642393,1.0986435853642393,0.125,0.0,0.875,0.0,25.869757749858287,53.19016666895003,0.15,0.7260427577668398,0.9125,0.0,1.0,0.90625,0.0,1.0,1.0,0.23547887504192816,0.0,0.0,0.0,0.89375,0.7980495428129342,0.0,0.0,20.99914383306168,1a281192b78bb458bf947b708bf2790bb554028fd72a31686960b58b06667af0
raw_attack_mild,20028,influence_budget,1.7320892237402752,1.1413767623482804,1.1413767623482804,0.11875,0.0,0.88125,0.0,27.92143758026981,52.255268680411305,0.1375,0.7492233588414543,0.93125,0.0,1.0,0.89375,0.0,1.0,1.0,0.23281233304148802,0.0,0.0,0.0,0.88125,0.7895377275113683,0.0,0.0,20.95740716601722,2b3536fbc05198de103d199006b5760d03a724788e4ac191e6822776273111b5
raw_attack_mild,20029,influence_budget,1.6538549617555038,1.088987238900925,1.088987238900925,0.15,0.0,0.85,0.0,25.109808198384066,52.914240225757716,0.14375,0.7093105076685962,0.94375,0.0,1.0,0.925,0.0,1.0,1.0,0.24046578117108366,0.0,0.0,0.0,0.90625,1.0558389577126377,0.0,0.0,20.837924791965634,97f330b365bc6033cb78400bf74c6fec7eb0b3cb88dbd8a25dc780349704c298
raw_attack_mild,20030,influence_budget,1.7228543277670745,1.1502395377954406,1.1502395377954406,0.1125,0.0,0.8875,0.0,28.204123397356796,57.20575377859173,0.18125,0.7494706524836854,0.95625,0.0,1.0,0.9125,0.0,1.0,1.0,0.23812463499475273,0.0,0.0,0.0,0.89375,0.9140984598594096,0.0,0.0,21.112343874992803,2879c9571231f3102ff479422625ccacbc1dec18a4d5ab02d453695495a7c44b
raw_attack_mild,20031,influence_budget,1.6181481046241104,1.0979621234039068,1.0979621234039068,0.20625,0.0,0.79375,0.0,25.663526382606943,50.52067755501513,0.175,0.7232224538285501,0.9375,0.0,1.0,0.90625,0.0,1.0,1.0,0.23552188552188552,0.0,0.0,0.0,0.8875,0.8967408443637421,0.0,0.0,21.266954667167738,a27e1c7ecbd1e32130150c0932f6fe914b2a37454612700e2b953d8a450c1bcd
raw_attack_mild,20032,influence_budget,1.5966238578856242,1.0617596465268702,1.0617596465268702,0.16875,0.0,0.83125,0.0,23.800472103469392,51.07965880813815,0.23125,0.7278214425461521,0.9375,0.0,1.0,0.90625,0.0,1.0,1.0,0.23549587123441523,0.0,0.0,0.0,0.8875,0.9646127762036858,0.0,0.0,20.800893499981612,f480a5cce2345f4245abb0014358e4b08b794579927dbabd83daccdfe3777f4a
raw_attack_mild,20033,influence_budget,1.7523891517686092,1.145991477213828,1.145991477213828,0.0875,0.0,0.9125,0.0,27.178248033750304,53.399236968118956,0.175,0.723417357874684,0.9625,0.0,1.0,0.9125,0.0,1.0,1.0,0.23709255124955017,0.0,0.0,0.0,0.875,1.3751979139689758,0.0,0.0,20.97285233391449,c52cc70b73a7abf1a439d72542f912f36d60b5c6e9a567c1d8e8ffa1139c679f
raw_attack_mild,20034,influence_budget,1.6621315588474483,1.08995783544312,1.08995783544312,0.14375,0.0,0.85625,0.0,24.96180731162206,53.18650386863375,0.15,0.70689521860376,0.93125,0.0,1.0,0.91875,0.0,1.0,1.0,0.23819444444444443,0.0,0.0,0.0,0.93125,0.9558157199000057,0.0,0.0,20.935045999940485,4035b244f459fad95ac244d435aace4415f85606f2f07e56ba196d6d0e6e5349
raw_attack_mild,20035,influence_budget,1.7380363519727973,1.1318445667374164,1.1318445667374164,0.0875,0.0,0.9125,0.0,27.29837318811526,55.764567052515844,0.15625,0.7443731363994088,0.94375,0.0,1.0,0.93125,0.0,1.0,1.0,0.24143518518518517,0.0,0.0,0.0,0.90625,0.8631379712880755,0.0,0.0,20.970059750135988,b6fdbbfa0baaa21da353c4a66313e2e582d76248bd566733b0a0dbc92ae2bbf8
raw_attack_mild,20036,influence_budget,1.7135365957499396,1.1327634356328564,1.1327634356328564,0.125,0.0,0.875,0.0,26.53915920362811,55.739897485764814,0.15625,0.7159051372997396,0.91875,0.0,1.0,0.90625,0.0,1.0,1.0,0.23495370370370366,0.0,0.0,0.0,0.8875,1.3066017172513933,0.0,0.0,21.085438583046198,9fca33a5c2827c322d3db72f2428e7ad5046d2d1aec2ff88030f401e1cca61ac
raw_attack_mild,20037,influence_budget,1.718187771727664,1.1220385827132406,1.1220385827132406,0.10625,0.0,0.89375,0.0,26.83303607922445,56.34997241718737,0.14375,0.7336217379588568,0.93125,0.0,1.0,0.93125,0.0,1.0,1.0,0.2414351851851852,0.0,0.0,0.0,0.91875,0.912956602963698,0.0,0.0,20.877739666961133,056e78c7a2c20011abb2c9e85c6f47183b9be9982d746a6243dea10d2430c8f7
raw_attack_mild,20038,influence_budget,1.760764015370749,1.148884540747249,1.148884540747249,0.1,0.0,0.9,0.0,27.75177786837362,53.30468262355596,0.13125,0.7339808929944074,0.925,0.0,1.0,0.91875,0.0,1.0,1.0,0.23819444444444446,0.0,0.0,0.0,0.91875,1.1081990907501482,0.0,0.0,21.214717916911468,3cb31061632189be50235f5231010c4ea31b5fd3f65e6dcf494bae58062ec974
raw_attack_mild,20039,influence_budget,1.6120585451902443,1.065743353821988,1.065743353821988,0.16875,0.0,0.83125,0.0,24.133932173651054,50.32618560911185,0.18125,0.7292693556344709,0.9,0.0,1.0,0.8875,0.0,1.0,1.0,0.2300925925925926,0.0,0.0,0.0,0.875,1.0861443970372104,0.0,0.0,21.133601957932115,2ed1c0e6dba6d2d6edcaa7d79705878510cd8d07e4b608ceac094d9a5a765b1c
raw_attack_mild,20000,combined,0.3304816061293829,0.3519285103354876,0.3519285103354876,0.975,0.0,0.025,0.0,2.1838926011951583,5.999495483968985,0.95,0.077977384505213,0.93125,0.0,1.0,0.0,0.95625,0.8854020589759315,0.05,0.0042568841077240795,0.06271376656861952,0.95625,0.0,0.88125,0.950706237135444,0.0,0.0,21.029755166964605,a2574611c66b04c21dcf8afa1a0624ec0524acf8e48a312b61f15e51159f63b0
raw_attack_mild,20001,combined,0.30377021019603767,0.33848020592030686,0.33848020592030686,0.98125,0.0,0.01875,0.0,2.0718568576325036,7.740667882965966,0.91875,0.07621587471201963,0.93125,0.0,1.0,0.0,0.88125,0.8873366468257853,0.05,0.003539860953079256,0.05985690637914448,0.88125,0.0,0.86875,0.8972871711943234,0.0,0.0,20.988291040994227,6f20fe25123996847bfdf22f2d54e922a0c093c21005eddd4b19bed16d2c371e
raw_attack_mild,20002,combined,0.3187485566360932,0.3446788093473602,0.3446788093473602,0.975,0.0,0.025,0.0,2.085066143906483,6.718519058098007,0.9375,0.07654524770209625,0.925,0.0,1.0,0.0,0.89375,0.8904486963409749,0.05,0.0037709097030147556,0.06094403559054777,0.89375,0.0,0.875,1.2277184022615473,0.0,0.0,21.107945832889527,c05e13cc30e6c1b245d663f031eb22a8c05b7ed6016978ae427499f3720b392a
raw_attack_mild,20003,combined,0.3247344514613821,0.3386501044554388,0.3386501044554388,0.95625,0.0,0.04375,0.0,2.0740596854293005,6.556684291414924,0.94375,0.07691911427598871,0.925,0.0,0.99375,0.0,0.88125,0.8897740968153552,0.05,0.005028860010698975,0.05968774647675383,0.88125,0.0,0.8875,0.6854920712338046,0.0,0.0,21.081311082933098,80aaa35974bfd71d638333497ffa849e9d35d6f2156d4d85582936bf0fe3550c
raw_attack_mild,20004,combined,0.3332254327602329,0.33874671251452426,0.33874671251452426,0.9625,0.0,0.0375,0.0,2.014051088677711,5.257151422798559,0.95625,0.07420594739942951,0.9625,0.0,1.0,0.0,0.9125,0.884842870029739,0.05,0.007957401700772433,0.06023820519779353,0.9125,0.0,0.90625,0.9016322581613302,0.0,0.0,21.073950707912445,4281cd01c704228ba527666e3bac8ae8c41e84905f861a2026693ea7e3c9e1a4
raw_attack_mild,20005,combined,0.3043882097540108,0.34749942589924276,0.34749942589924276,1.0,0.0,0.0,0.0,2.223816573636566,8.175821139032248,0.9375,0.07046656395574566,0.925,0.0,1.0,0.0,0.9125,0.8888452679347388,0.05,0.005852921832889361,0.06040954370823419,0.9125,0.0,0.86875,0.6433576634478813,0.0,0.0,21.001185790868476,067bd6c3c8c1cf3988f243b2e65fe545001b577589b9a79750b2e13c90d75e47
raw_attack_mild,20006,combined,0.3168577763060327,0.3597749681499698,0.3597749681499698,0.99375,0.0,0.00625,0.0,2.4123784405238444,9.2258817479742,0.91875,0.0725140771061614,0.9125,0.0,1.0,0.0,0.86875,0.8924344545499796,0.05,0.004072902839401058,0.058575344415955334,0.86875,0.0,0.86875,0.990279268398363,0.0,0.0,21.426522167166695,048471fe9e5141ce6e2e6ad8f94b9f3b79e9b54206081c0a19203bd61a288d15
raw_attack_mild,20007,combined,0.3414762060335189,0.34205383157653035,0.34205383157653035,0.94375,0.0,0.05625,0.0,2.0625860391737865,6.0164398426757115,0.95,0.07927676448406554,0.91875,0.0,1.0,0.0,0.89375,0.8879846233718499,0.05,0.005085354391077327,0.060502316325280935,0.89375,0.0,0.875,0.784159106115635,0.0,0.0,21.29174662497826,da8aa04084a378d8ff019d4b4d9f9c3020124b42c1c274787fdcf491c006165e
raw_attack_mild,20008,combined,0.31754114569649755,0.33743278752792716,0.33743278752792716,0.975,0.0,0.025,0.0,2.003039828726229,6.747266807835734,0.9375,0.07538036346454116,0.90625,0.0,1.0,0.0,0.91875,0.8896637953119798,0.05,0.009540139398135578,0.0588939647226253,0.91875,0.0,0.9125,0.9483244684496277,0.0,0.0,20.937202374916524,00d49c6bba3f883237bd6985aa2430d6c1004c78adec6491a728ab2a3dbc3d5b
raw_attack_mild,20009,combined,0.3366146818903467,0.342619761084121,0.342619761084121,0.95625,0.0,0.04375,0.0,2.0026255187249675,5.080397422704374,0.9625,0.07703971655679134,0.9375,0.0,1.0,0.0,0.925,0.8852359297140875,0.05,0.0029210958779677964,0.06280998963032186,0.925,0.0,0.88125,1.0364981385229652,0.0,0.0,20.87678720895201,afb14026eeddfbe4be1c09f7502faf1053b3082fa6bed5dc971d26aa3f579dd3
raw_attack_mild,20010,combined,0.3009764249894051,0.3404374084797471,0.3404374084797471,0.99375,0.0,0.00625,0.0,2.034266126043927,6.245401564070163,0.9375,0.07551358663104099,0.93125,0.0,1.0,0.0,0.90625,0.8863878232723408,0.05,0.0030103405373544732,0.06232646605798011,0.90625,0.0,0.875,0.895460865888469,0.0,0.0,21.244069792097434,b18ea804218867cbc12b24771cbf5cfe6da17f6ae67f22108c75c265aa77c5e1
raw_attack_mild,20011,combined,0.3100342685252289,0.34306848535244794,0.34306848535244794,0.9875,0.0,0.0125,0.0,2.182759271025346,6.744058265091279,0.925,0.07529148677762798,0.9125,0.0,1.0,0.0,0.89375,0.8892979694115912,0.05,0.0041365753117820325,0.06114201356627234,0.89375,0.0,0.89375,0.7668470403822204,0.0,0.0,21.002051583025604,231390f7324fb58ddba614eb2e5d2c8121746188cd15584f82fda455ac69c12f
raw_attack_mild,20012,combined,0.29327545682189604,0.3178188314364769,0.3178188314364769,0.9875,0.0,0.0125,0.0,1.7678937528762617,4.8100322508267475,0.9625,0.07290200867277866,0.94375,0.0,1.0,0.0,0.925,0.8863916505404689,0.05,0.003050044866274571,0.06245356889138583,0.925,0.0,0.8875,0.7971817374840124,0.0,0.0,21.18301899987273,7e8ac9cc192ff4dda8a09428b39c368a01eb19acd9107061bc2d88c5fd759643
raw_attack_mild,20013,combined,0.3570500480043134,0.38407659488307244,0.38407659488307244,0.975,0.0,0.025,0.0,2.6877218478417193,8.70228059148113,0.89375,0.07696038657525087,0.9375,0.0,1.0,0.0,0.88125,0.8911789223319682,0.05,0.004432477954417857,0.059819614208781825,0.88125,0.0,0.925,0.8656399927807913,0.0,0.0,21.136070375097916,23a1c7fa1aa0c6bd0ac825839a08170c69693eb78b3bb3156439df83e2ae4e59
raw_attack_mild,20014,combined,0.31487272754236806,0.3494492578972124,0.3494492578972124,1.0,0.0,0.0,0.0,2.1580645577611275,6.023049102970963,0.95,0.0733913302240678,0.9375,0.0,1.0,0.0,0.9,0.8892086323730812,0.05,0.0037731391678707156,0.06097680497503265,0.9,0.0,0.875,0.8203927466304147,0.0,0.0,21.202682124916464,81f4f7af80125df603a5938c80df08510cb95c6837d79777856d9c379fb7cabe
raw_attack_mild,20015,combined,0.32982022152763113,0.3429886271292891,0.3429886271292891,0.96875,0.0,0.03125,0.0,2.097954403898836,6.110443603155972,0.94375,0.07144451557630455,0.90625,0.0,1.0,0.0,0.90625,0.8894717394944459,0.05,0.006418482838317178,0.05928449378479298,0.90625,0.0,0.86875,0.9085943190102143,0.0,0.0,21.207638500025496,dd2335b8aa628441836126855bd708fbc2ab6333dd30d941da63c8534ad11cac
raw_attack_mild,20016,combined,0.3277294611105754,0.3477727125318657,0.3477727125318657,0.975,0.0,0.025,0.0,2.1283281500360323,6.934548878756532,0.925,0.07435609053150777,0.925,0.0,1.0,0.0,0.9125,0.8887488249675011,0.05,0.006096869894730945,0.06092116985899891,0.9125,0.0,0.8875,1.0969548995282508,0.0,0.0,20.68237716681324,30408deb3398882e99b894549a5e09c1a4b386adeb07baa02cfad45cacced738
raw_attack_mild,20017,combined,0.2869902563736077,0.32174693788281455,0.32174693788281455,1.0,0.0,0.0,0.0,1.770540316907558,4.808273164890371,0.96875,0.07143776407132153,0.93125,0.0,1.0,0.0,0.91875,0.8878823989796292,0.05,0.004669419336533491,0.061325439790084625,0.91875,0.0,0.89375,0.998790329814276,0.0,0.0,20.49991704081185,29ec2ae17e7c8c9b8ee53b98561bb2025e9bfee983be7912d86a8bdf220b816f
raw_attack_mild,20018,combined,0.32927490671890125,0.3307931341408248,0.3307931341408248,0.94375,0.0,0.05625,0.0,1.7974736870307608,5.684696021498873,0.95625,0.07764872765803495,0.96875,0.0,0.99375,0.0,0.95,0.884711059517031,0.05,0.005780978997412674,0.06192988129909005,0.95,0.0,0.89375,1.0616606579265382,0.0,0.0,20.935533500043675,df0fe9ceb3e0aed4c7666c35945c5535cc8b58519ce03cd27ca224fba6dbb895
raw_attack_mild,20019,combined,0.3220832035479555,0.3622440025568891,0.3622440025568891,1.0,0.0,0.0,0.0,2.23656250750021,7.167373081313236,0.91875,0.07453714905719389,0.93125,0.0,1.0,0.0,0.925,0.8872463098964113,0.05,0.006568950855892106,0.06063244449019323,0.925,0.0,0.9,1.0406467000226503,0.0,0.0,20.804048791062087,fdbcada949a4a24568c5aadad9388e4492015e5661744047cff08335f79d11b3
raw_attack_mild,20020,combined,0.2927247981612163,0.33073066682663843,0.33073066682663843,0.99375,0.0,0.00625,0.0,1.8777038871437437,4.928942725352787,0.9625,0.07404169175756617,0.93125,0.0,0.99375,0.0,0.925,0.8878334519526192,0.05,0.0054670745054656005,0.06108335073573277,0.925,0.0,0.9,1.046972335281297,0.0,0.0,20.916368749924004,019623b74686afdeef98c0547e64099375c2cfd19c1d8df05a8df1e01863b3fe
raw_attack_mild,20021,combined,0.28517406445375987,0.32895851860607994,0.32895851860607994,1.0,0.0,0.0,0.0,1.8977441071193666,7.19856697239652,0.93125,0.07250593642820957,0.93125,0.0,1.0,0.0,0.925,0.8874771675995913,0.05,0.005105415521397952,0.06208459904079407,0.925,0.0,0.9,0.7024398781211141,0.0,0.0,20.70672379177995,d63d38448453b584bef74e9923a2e48bce2a7fb0546ba912dddc5bd37d36c6a5
raw_attack_mild,20022,combined,0.3086809994543547,0.3502442782391297,0.3502442782391297,1.0,0.0,0.0,0.0,2.220352950889212,8.274879257981842,0.925,0.07402378836689161,0.95,0.0,1.0,0.0,0.9,0.8886557331863477,0.05,0.0031598503845766597,0.0606446126887199,0.9,0.0,0.875,0.8270226201948183,0.0,0.0,20.873993457993492,473b5b5ae7eddb04d45a74784502d4c8d14d0cf8d63af6c5e3ceb07f9c4d894f
raw_attack_mild,20023,combined,0.3098025438329417,0.3437802732208211,0.3437802732208211,1.0,0.0,0.0,0.0,2.065126967856751,5.800800018780375,0.9625,0.07545750269460945,0.94375,0.0,1.0,0.0,0.90625,0.8884873978522798,0.05,0.0038101655916304975,0.062038850836019434,0.90625,0.0,0.90625,1.1232886548362164,0.0,0.0,20.921767666004598,a26cc423885f0a64fd6a876c143c6c58fa9bcd61ace5a19390f581c4085f60f0
raw_attack_mild,20024,combined,0.3346310724097422,0.3440420925035035,0.3440420925035035,0.95625,0.0,0.04375,0.0,2.0845259044513433,6.432164561296087,0.925,0.07929649183538216,0.95625,0.0,1.0,0.0,0.9125,0.8883388169975914,0.05,0.00682390929745641,0.06040181746970195,0.9125,0.0,0.90625,1.0261436596758033,0.0,0.0,20.592278332915157,06105b2f7183fa5a3f4da1718b586ff9810ad0607f7ce353bef4e073c7c6852d
raw_attack_mild,20025,combined,0.32572584761627354,0.3462954941037828,0.3462954941037828,0.975,0.0,0.025,0.0,2.1448272253424854,5.872624631609107,0.95,0.07504066440184143,0.9125,0.0,1.0,0.0,0.86875,0.8897829867459356,0.05,0.00557327160098937,0.0578060789456223,0.86875,0.0,0.8625,0.8351608818883163,0.0,0.0,20.96126287500374,bf206823db353cb6c1747626ca4eb3a745ba35a62ec6471b3ac89b3ced37b333
raw_attack_mild,20026,combined,0.29586479496911094,0.3440890947207445,0.3440890947207445,1.0,0.0,0.0,0.0,2.093325537417379,7.029406533833904,0.93125,0.07139909618599569,0.91875,0.0,1.0,0.0,0.9125,0.8889580905649724,0.05,0.007465815473842323,0.0595207975359486,0.9125,0.0,0.9,0.9733901220429626,0.0,0.0,20.70554537512362,adfbb5c7aae68aff87b20bfd5d250fdccfd964de4927d8b89ac5b38cc5305030
raw_attack_mild,20027,combined,0.2765988425547614,0.31983902491772565,0.31983902491772565,1.0,0.0,0.0,0.0,1.7924540609116726,6.46751997790145,0.9375,0.07307722502901785,0.9125,0.0,1.0,0.0,0.90625,0.8907784524497284,0.05,0.004991395994150852,0.061481563142696614,0.90625,0.0,0.89375,0.7980495428129342,0.0,0.0,20.99914383306168,1a281192b78bb458bf947b708bf2790bb554028fd72a31686960b58b06667af0
raw_attack_mild,20028,combined,0.2848687420985863,0.3072626972344701,0.3072626972344701,0.9875,0.0,0.0125,0.0,1.6661121227250077,5.049893491983683,0.9875,0.07650349856949482,0.93125,0.0,1.0,0.0,0.90625,0.8885395110578989,0.05,0.004845681050693243,0.06081913740004845,0.90625,0.0,0.88125,0.7895377275113683,0.0,0.0,20.95740716601722,2b3536fbc05198de103d199006b5760d03a724788e4ac191e6822776273111b5
raw_attack_mild,20029,combined,0.3216689749828506,0.36450441996364785,0.36450441996364785,1.0,0.0,0.0,0.0,2.34598477693543,8.179104955244927,0.9375,0.07389525939597438,0.94375,0.0,1.0,0.0,0.90625,0.8879024362963183,0.05,0.003494839776382242,0.061299425069189686,0.90625,0.0,0.90625,1.0558389577126377,0.0,0.0,20.837924791965634,97f330b365bc6033cb78400bf74c6fec7eb0b3cb88dbd8a25dc780349704c298
raw_attack_mild,20030,combined,0.3024068042107168,0.3461425338888735,0.3461425338888735,1.0,0.0,0.0,0.0,2.0378438319058563,7.336419665437696,0.925,0.0750140253386696,0.95625,0.0,1.0,0.0,0.90625,0.8882616118765385,0.05,0.004471760280634679,0.06147579560164472,0.90625,0.0,0.89375,0.9140984598594096,0.0,0.0,21.112343874992803,2879c9571231f3102ff479422625ccacbc1dec18a4d5ab02d453695495a7c44b
raw_attack_mild,20031,combined,0.3338142212129636,0.34636725546370034,0.34636725546370034,0.9625,0.0,0.0375,0.0,2.2142646113470477,6.478083063600305,0.9375,0.07284034830052703,0.9375,0.0,1.0,0.0,0.8875,0.8917121693901178,0.05,0.0051262611228363175,0.05914526416768327,0.8875,0.0,0.8875,0.8967408443637421,0.0,0.0,21.266954667167738,a27e1c7ecbd1e32130150c0932f6fe914b2a37454612700e2b953d8a450c1bcd
raw_attack_mild,20032,combined,0.3846614685536796,0.36168862730962154,0.36168862730962154,0.90625,0.0,0.09375,0.0,2.4463772989647414,7.989780221336786,0.9,0.08013888778625163,0.9375,0.0,1.0,0.0,0.8875,0.8887912955055246,0.05,0.0037251921070159872,0.06055542286374259,0.8875,0.0,0.8875,0.9646127762036858,0.0,0.0,20.800893499981612,f480a5cce2345f4245abb0014358e4b08b794579927dbabd83daccdfe3777f4a
raw_attack_mild,20033,combined,0.3278327995114133,0.3147526734349347,0.3147526734349347,0.9375,0.0,0.0625,0.0,1.6486684590988603,4.811725294576357,0.98125,0.07631214978758723,0.9625,0.0,1.0,0.0,0.93125,0.8845772430027555,0.05,0.003429932714031257,0.06267154421144289,0.93125,0.0,0.875,1.3751979139689758,0.0,0.0,20.97285233391449,c52cc70b73a7abf1a439d72542f912f36d60b5c6e9a567c1d8e8ffa1139c679f
raw_attack_mild,20034,combined,0.29074133182075534,0.3309186173312837,0.3309186173312837,1.0,0.0,0.0,0.0,1.9858668018412469,6.190988071022658,0.9375,0.07088058478681607,0.93125,0.0,1.0,0.0,0.91875,0.8894154791444585,0.05,0.005632990417527946,0.06109412017330309,0.91875,0.0,0.93125,0.9558157199000057,0.0,0.0,20.935045999940485,4035b244f459fad95ac244d435aace4415f85606f2f07e56ba196d6d0e6e5349
raw_attack_mild,20035,combined,0.352655418000527,0.36219901884771033,0.36219901884771033,0.95625,0.0,0.04375,0.0,2.3049721628509525,7.696521153153788,0.9375,0.07950466160972677,0.94375,0.0,1.0,0.0,0.93125,0.8864681423563774,0.05,0.005547179042543603,0.062385261602471154,0.93125,0.0,0.90625,0.8631379712880755,0.0,0.0,20.970059750135988,b6fdbbfa0baaa21da353c4a66313e2e582d76248bd566733b0a0dbc92ae2bbf8
raw_attack_mild,20036,combined,0.295094698563899,0.3318576318268607,0.3318576318268607,1.0,0.0,0.0,0.0,1.8437067852192093,5.047654353981503,0.96875,0.07084792426004871,0.91875,0.0,1.0,0.0,0.90625,0.8900604852040871,0.05,0.006242293718417589,0.060610291624164724,0.90625,0.0,0.8875,1.3066017172513933,0.0,0.0,21.085438583046198,9fca33a5c2827c322d3db72f2428e7ad5046d2d1aec2ff88030f401e1cca61ac
raw_attack_mild,20037,combined,0.33177944109945506,0.3397009165195243,0.3397009165195243,0.95625,0.0,0.04375,0.0,2.1350568085985966,6.892940943251366,0.925,0.07524255115620167,0.93125,0.0,1.0,0.0,0.90625,0.8848696148817915,0.05,0.005585308009362252,0.06061744617274093,0.90625,0.0,0.91875,0.912956602963698,0.0,0.0,20.877739666961133,056e78c7a2c20011abb2c9e85c6f47183b9be9982d746a6243dea10d2430c8f7
raw_attack_mild,20038,combined,0.2897158473209135,0.3176291724789167,0.3176291724789167,0.9875,0.0,0.0125,0.0,1.678686205111814,5.297807533952389,0.95625,0.07293872836518699,0.925,0.0,1.0,0.0,0.9375,0.8855113305866944,0.05,0.006674461162799442,0.062007615059987906,0.9375,0.0,0.91875,1.1081990907501482,0.0,0.0,21.214717916911468,3cb31061632189be50235f5231010c4ea31b5fd3f65e6dcf494bae58062ec974
raw_attack_mild,20039,combined,0.3319246563727559,0.3538010732069566,0.3538010732069566,0.98125,0.0,0.01875,0.0,2.2097074304858504,6.988652577829951,0.94375,0.07381159881433733,0.9,0.0,1.0,0.0,0.8875,0.891670177501948,0.05,0.0053120213110983625,0.05958527191363507,0.8875,0.0,0.875,1.0861443970372104,0.0,0.0,21.133601957932115,2ed1c0e6dba6d2d6edcaa7d79705878510cd8d07e4b608ceac094d9a5a765b1c
raw_attack_moderate,20000,m9c_baseline,3.4574991052309088,2.8008386170612125,2.8008386170612125,0.0125,0.0,0.9875,0.0,248.61846639448942,381.2921047057015,0.01875,0.9330620219211099,0.0,0.0,0.0,0.0,0.0,1.0,1.0,0.0,0.0,0.0,0.0,0.925,0.9371545082710195,0.0,0.0,19.532233875012025,1919eee05e3af18f722bed7a07e15edc3f459d65edfef219b26b75b7d6cd2cde
raw_attack_moderate,20001,m9c_baseline,3.4102153090290885,2.7630833535258303,2.7630833535258303,0.025,0.0,0.975,0.0,238.59681882381346,359.29001272671997,0.0125,0.9312864015408548,0.0,0.0,0.0,0.0,0.0,1.0,1.0,0.0,0.0,0.0,0.0,0.925,0.8988969287337352,0.0,0.0,19.634164874907583,dfd76687d3f19b8344f230e68c1e5fb296e2ab5cbcbe4d977b3745281b7555c9
raw_attack_moderate,20002,m9c_baseline,3.4016448461800857,2.771917137244444,2.771917137244444,0.04375,0.0,0.95625,0.0,234.33224476793148,340.6230461829172,0.01875,0.9154431739685126,0.0,0.0,0.0,0.0,0.0,1.0,1.0,0.0,0.0,0.0,0.0,0.93125,1.224924516050707,0.0,0.0,19.544041292043403,d9f566b8b8d9422340f4133947f8f2d8344db78a5d34a8514d863df50ee35d16
raw_attack_moderate,20003,m9c_baseline,3.448348748755825,2.823455527126295,2.823455527126295,0.03125,0.0,0.96875,0.0,254.63630885599702,374.0023603604623,0.025,0.9141737964033758,0.0,0.0,0.0,0.0,0.0,1.0,1.0,0.0,0.0,0.0,0.0,0.90625,0.7215809393368791,0.0,0.0,19.63640887499787,4195344809a1ebdbdac8ddf03b05e440d984445a9698bdcff5b089321f1cc18c
raw_attack_moderate,20004,m9c_baseline,3.377793242173361,2.7292833969385475,2.7292833969385475,0.025,0.0,0.975,0.0,234.09138788790762,342.68811700805486,0.01875,0.9215746575631792,0.0,0.0,0.0,0.0,0.0,1.0,1.0,0.0,0.0,0.0,0.0,0.94375,0.9074291013912618,0.0,0.0,19.668814041884616,c07d6d2251d26905536f5f6a9d8235b79e728e6788bf4989ea90de0081cac77c
raw_attack_moderate,20005,m9c_baseline,3.452531381980717,2.8284845184110274,2.8284845184110274,0.04375,0.0,0.95625,0.0,255.2510742259354,388.1161775494686,0.0375,0.9083339699845945,0.0,0.0,0.0,0.0,0.0,1.0,1.0,0.0,0.0,0.0,0.0,0.90625,0.6472762184877423,0.0,0.0,19.4926448748447,97808ff407b5a06512a74860a585a5d4a177e4358e0f705d765eb715bf53989e
raw_attack_moderate,20006,m9c_baseline,3.0785020860216177,2.4845173104609857,2.4845173104609857,0.03125,0.0,0.96875,0.0,187.36667345531552,333.74743872368776,0.0375,0.9041138484827324,0.0,0.0,0.0,0.0,0.0,1.0,1.0,0.0,0.0,0.0,0.0,0.90625,1.0044773504557327,0.0,0.0,19.641057749977335,c5cc88f362e3db18946bff8ae6f767144086f79121f9252d5bf631b1fff2cf67
raw_attack_moderate,20007,m9c_baseline,3.4362194711545557,2.7933940065967366,2.7933940065967366,0.01875,0.0,0.98125,0.0,247.524223610016,366.07603462288796,0.01875,0.9102037539455601,0.0,0.0,0.0,0.0,0.0,1.0,1.0,0.0,0.0,0.0,0.0,0.9,0.799841724360013,0.0,0.0,19.51502733398229,dc6ef2da63574b60091b8c127c74b599ed5a9b0de7069fc9f7bccfd119c64777
raw_attack_moderate,20008,m9c_baseline,3.431702939869009,2.804231098774608,2.804231098774608,0.05,0.0,0.95,0.0,250.1812723703393,354.6415588564971,0.025,0.9109870306190218,0.0,0.0,0.0,0.0,0.0,1.0,1.0,0.0,0.0,0.0,0.0,0.925,0.9712106458842424,0.0,0.0,19.304426750168204,9e947ec5d6ac906265ed4716bd99dcbdf62f2f6c4d9f238eb72acc6225bc645e
raw_attack_moderate,20009,m9c_baseline,3.303465745283288,2.6790310950258553,2.6790310950258553,0.01875,0.0,0.98125,0.0,219.97769419037658,356.34665649709535,0.03125,0.9306724519377496,0.0,0.0,0.0,0.0,0.0,1.0,1.0,0.0,0.0,0.0,0.0,0.95625,1.0324771109812088,0.0,0.0,19.464359417092055,1ef763cf1d99445a13dc06a07f51c59a321e59301d17ee58cc5e6b5c00540238
raw_attack_moderate,20010,m9c_baseline,3.4234290967864673,2.7878054036011375,2.7878054036011375,0.04375,0.0,0.95625,0.0,245.8329542072467,354.15020336246664,0.0125,0.9114511855627739,0.0,0.0,0.0,0.0,0.0,1.0,1.0,0.0,0.0,0.0,0.0,0.925,0.8916690223080668,0.0,0.0,19.48737341701053,b2a329c99850f3958e3e8b5bd80ae93226cd38bb213fa132a7cc4c3070ab9cff
raw_attack_moderate,20011,m9c_baseline,3.455568461069143,2.8153422646683373,2.8153422646683373,0.0375,0.0,0.9625,0.0,253.13474662986945,371.538341046144,0.0125,0.9107187063694162,0.0,0.0,0.0,0.0,0.0,1.0,1.0,0.0,0.0,0.0,0.0,0.925,0.7771541721161674,0.0,0.0,19.30762662505731,2bbc9a12baec37e5b2bd1829d9246aa09122b9fc43365b78d8117f5018f3fbb1
raw_attack_moderate,20012,m9c_baseline,3.4419513757358375,2.806198164953084,2.806198164953084,0.03125,0.0,0.96875,0.0,250.7002075769824,360.5960919216764,0.025,0.918745334623128,0.0,0.0,0.0,0.0,0.0,1.0,1.0,0.0,0.0,0.0,0.0,0.925,0.7921146331157214,0.0,0.0,19.52464700001292,dafff3b38ea1012898bcd9aa1a676084ea1271d25fd511ea18d28f3ccf988fbc
raw_attack_moderate,20013,m9c_baseline,3.3805633177306467,2.7275198449667175,2.7275198449667175,0.00625,0.0,0.99375,0.0,235.0836229509194,345.9096118652098,0.0125,0.9092310009488603,0.0,0.0,0.0,0.0,0.0,1.0,1.0,0.0,0.0,0.0,0.0,0.93125,0.8572561980409171,0.0,0.0,19.368355375016108,8b31d1cbc20105fd32e5ef15303e687f4c98fdbd897be53c10b44471ec9d44cf
raw_attack_moderate,20014,m9c_baseline,3.420331011501724,2.7674538712651624,2.7674538712651624,0.0125,0.0,0.9875,0.0,242.4106214628097,374.8980139656802,0.0125,0.918391524174608,0.0,0.0,0.0,0.0,0.0,1.0,1.0,0.0,0.0,0.0,0.0,0.9125,0.8350499369575607,0.0,0.0,19.559722374891862,b400b7c4f0c1ab2905054c171c271f4c65b7296cfb9407529c99d505834fb2b1
raw_attack_moderate,20015,m9c_baseline,3.3495192200730544,2.7091389525838507,2.7091389525838507,0.03125,0.0,0.96875,0.0,227.73655265805155,330.75379596755874,0.025,0.9051645334743288,0.0,0.0,0.0,0.0,0.0,1.0,1.0,0.0,0.0,0.0,0.0,0.93125,0.8992209458269309,0.0,0.0,19.62922454206273,882de2f9ad56dfeae52601f0e12c06225614fbd9cba861aeefb85a361a54c22e
raw_attack_moderate,20016,m9c_baseline,3.167852106954503,2.5371787813717885,2.5371787813717885,0.01875,0.0,0.98125,0.0,196.6851033633524,327.2375019943026,0.01875,0.9109902086928404,0.0,0.0,0.0,0.0,0.0,1.0,1.0,0.0,0.0,0.0,0.0,0.90625,1.1076393486414047,0.0,0.0,19.287253207992762,75151a2923ff53261100ccd99fc20f33a5ce590e6ac48c25311b56f86882bdd7
raw_attack_moderate,20017,m9c_baseline,3.3718864845980483,2.7321257086318997,2.7321257086318997,0.025,0.0,0.975,0.0,231.23093068908764,353.37846157329125,0.01875,0.9238872563072331,0.0,0.0,0.0,0.0,0.0,1.0,1.0,0.0,0.0,0.0,0.0,0.91875,1.0278857391126182,0.0,0.0,19.41834175004624,9386cd21b3d7b3521562d5c5f8bcc29b06051aba894ca115ed29c25a14bd715c
raw_attack_moderate,20018,m9c_baseline,3.4498314756227075,2.8134562679881276,2.8134562679881276,0.03125,0.0,0.96875,0.0,245.2521154773789,359.29347721826576,0.0125,0.9297258451271674,0.0,0.0,0.0,0.0,0.0,1.0,1.0,0.0,0.0,0.0,0.0,0.925,1.0756481644830782,0.0,0.0,19.516923958202824,3addd7fd6ed25c446d31b19c0a50cf1c30d267c1c1dd0ddee04fc52ade3d072d
raw_attack_moderate,20019,m9c_baseline,3.3960462372047138,2.774443880346958,2.774443880346958,0.04375,0.0,0.95625,0.0,238.80631291714417,353.8070888385813,0.03125,0.9176353030806123,0.0,0.0,0.0,0.0,0.0,1.0,1.0,0.0,0.0,0.0,0.0,0.93125,1.0360867061164467,0.0,0.0,19.560023708967492,839dbe8de3d5668f503d56f5c4593362ad32a27365d59c7d3d5e8bbc4ae86d54
raw_attack_moderate,20020,m9c_baseline,3.380054138284815,2.72909015603333,2.72909015603333,0.025,0.0,0.975,0.0,229.06588388806023,335.6248143528845,0.025,0.9268642888624672,0.0,0.0,0.0,0.0,0.0,1.0,1.0,0.0,0.0,0.0,0.0,0.91875,1.0507786805241939,0.0,0.0,19.6234437499661,df014393d834f8093072655c76ac3d4768944d2f56e0e42bb352611e8eed3ecc
raw_attack_moderate,20021,m9c_baseline,3.1762518495088226,2.5706997971111387,2.5706997971111387,0.03125,0.0,0.96875,0.0,207.91020166010466,349.45321334184024,0.05,0.9213412217632915,0.0,0.0,0.0,0.0,0.0,1.0,1.0,0.0,0.0,0.0,0.0,0.925,0.6994931902284189,0.0,0.0,19.340728207957,50ae5073fe5acab3ee3842e67667906432af8b277e6c93e45a2d4844859a50bc
raw_attack_moderate,20022,m9c_baseline,3.445711762370741,2.789046795722338,2.789046795722338,0.00625,0.0,0.99375,0.0,244.92012523887124,362.2506106293352,0.0125,0.9176222963334315,0.0,0.0,0.0,0.0,0.0,1.0,1.0,0.0,0.0,0.0,0.0,0.9,0.8278969668051154,0.0,0.0,19.751416540937498,2c140af9a3d113c9b248227958e8560297f44aaef4f6f21876cf5185677fdaf1
raw_attack_moderate,20023,m9c_baseline,3.4043017535014526,2.780552037788821,2.780552037788821,0.05625,0.0,0.94375,0.0,240.67780134941205,357.32937710599697,0.0375,0.9087447839850087,0.0,0.0,0.0,0.0,0.0,1.0,1.0,0.0,0.0,0.0,0.0,0.91875,1.1249329488184485,0.0,0.0,19.71603591600433,ef37284a899ca4911f313ddc9f6b74a96b2a3cd66f7e64092628b9f105b781e7
raw_attack_moderate,20024,m9c_baseline,3.4306291098160573,2.788608440883413,2.788608440883413,0.03125,0.0,0.96875,0.0,240.61348241359946,356.1903496698908,0.01875,0.9229919465684031,0.0,0.0,0.0,0.0,0.0,1.0,1.0,0.0,0.0,0.0,0.0,0.93125,1.0257246599636138,0.0,0.0,19.122460999991745,6d54d34f97a01eb8e54b48fa8a9d7ed11b8e8bf00a592982b76e60bade66a9db
raw_attack_moderate,20025,m9c_baseline,3.441754904512865,2.801791779323859,2.801791779323859,0.03125,0.0,0.96875,0.0,249.10205877869095,370.4207214526964,0.01875,0.9224917532017487,0.0,0.0,0.0,0.0,0.0,1.0,1.0,0.0,0.0,0.0,0.0,0.9125,0.849935197915601,0.0,0.0,19.39312170795165,91f53e993a609ebd5e5edd450c064fb6a276b8153f74b393c4b777e3e113ef06
raw_attack_moderate,20026,m9c_baseline,3.3126197396553385,2.7187254666129697,2.7187254666129697,0.03125,0.0,0.96875,0.0,225.16076734903567,349.413253759253,0.05,0.9166634347240589,0.0,0.0,0.0,0.0,0.0,1.0,1.0,0.0,0.0,0.0,0.0,0.925,0.9680834960124691,0.0,0.0,19.39155358285643,6345f4afcab605aa7014ac44401c316a6417f92d998d03324e139acb93130be0
raw_attack_moderate,20027,m9c_baseline,3.346181642476677,2.7319792930031084,2.7319792930031084,0.0625,0.0,0.9375,0.0,237.73585592549344,360.22610604668796,0.01875,0.9059833664778483,0.0,0.0,0.0,0.0,0.0,1.0,1.0,0.0,0.0,0.0,0.0,0.9,0.8479366149109614,0.0,0.0,19.644942624960095,8c2228f0323ab09f3ad16be93645e28d6342f2552a58bd30eb032e32249f47d5
raw_attack_moderate,20028,m9c_baseline,3.434134763687088,2.7923928021688535,2.7923928021688535,0.025,0.0,0.975,0.0,246.17159575775332,348.28619504937524,0.025,0.9197376749297085,0.0,0.0,0.0,0.0,0.0,1.0,1.0,0.0,0.0,0.0,0.0,0.925,0.8005734183359146,0.0,0.0,19.475971499923617,7ce20a917be979b3779b7c4ba1f84449dda42ba65cc1822fdd744317a829edfd
raw_attack_moderate,20029,m9c_baseline,3.38677300836069,2.719763785972491,2.719763785972491,0.00625,0.0,0.99375,0.0,230.51265426286326,342.74668745294326,0.0125,0.9230815274588469,0.0,0.0,0.0,0.0,0.0,1.0,1.0,0.0,0.0,0.0,0.0,0.91875,1.0631807250796772,0.0,0.0,19.482040958013386,10b46c6b2b43ba013e52a1bf35452aef478e1f5f568c62d50cfa73b18aef9e05
raw_attack_moderate,20030,m9c_baseline,3.4238406136405404,2.80785753361376,2.80785753361376,0.0375,0.0,0.9625,0.0,247.01093287872408,376.9463434389487,0.0375,0.9067741070454035,0.0,0.0,0.0,0.0,0.0,1.0,1.0,0.0,0.0,0.0,0.0,0.93125,0.9131324997481712,0.0,0.0,19.76803887495771,b2018bd76dc56757ca02574f97721f3a056cb04ce7b3c85af6d841a658122cab
raw_attack_moderate,20031,m9c_baseline,3.101951134444328,2.5420354197073776,2.5420354197073776,0.0375,0.0,0.9625,0.0,197.91392630319552,339.2286668919958,0.06875,0.911344687677774,0.0,0.0,0.0,0.0,0.0,1.0,1.0,0.0,0.0,0.0,0.0,0.9125,0.8896542286294725,0.0,0.0,19.503700708039105,f9462d126fba57bb891f2d3b4a212027786ed52eaef050811359299945e09945
raw_attack_moderate,20032,m9c_baseline,3.125784611565451,2.5821869266937276,2.5821869266937276,0.0375,0.0,0.9625,0.0,207.84445867111987,378.08795791582844,0.1,0.9066864199832347,0.0,0.0,0.0,0.0,0.0,1.0,1.0,0.0,0.0,0.0,0.0,0.90625,0.9699980802035135,0.0,0.0,19.265246459050104,f9562f9371f274b6eb5defbd79a9e6430f6c4f07f264a151af593f25026a4023
raw_attack_moderate,20033,m9c_baseline,3.3969815358765887,2.740840815013731,2.740840815013731,0.0125,0.0,0.9875,0.0,222.25622704145104,325.4351474299895,0.025,0.9322498398319683,0.0,0.0,0.0,0.0,0.0,1.0,1.0,0.0,0.0,0.0,0.0,0.91875,1.3823672503694184,0.0,0.0,19.463975000195205,05f9b4732165d3b8a06b37ba0f8a4ff203dacc5d18f402960ad80c3de7eecb03
raw_attack_moderate,20034,m9c_baseline,3.4148549911047317,2.768340540501118,2.768340540501118,0.0375,0.0,0.9625,0.0,240.1034139990959,363.44449011577046,0.025,0.9186802180935725,0.0,0.0,0.0,0.0,0.0,1.0,1.0,0.0,0.0,0.0,0.0,0.9375,0.9570938577319916,0.0,0.0,19.636810542084277,841f7462e7ea32095825eeea4c41a5c11df8c4e0663df4c1a4d4523d3145bf8f
raw_attack_moderate,20035,m9c_baseline,3.409999960579332,2.766401271247785,2.766401271247785,0.025,0.0,0.975,0.0,240.32907397918453,358.59961731705454,0.01875,0.9227881919982763,0.0,0.0,0.0,0.0,0.0,1.0,1.0,0.0,0.0,0.0,0.0,0.93125,0.8876024921238486,0.0,0.0,19.62731604091823,58602a7ed5c35adbe07a5d106de934d16f8846764b64683fb3035b000e157cc1
raw_attack_moderate,20036,m9c_baseline,3.3437691004482204,2.738066988091132,2.738066988091132,0.06875,0.0,0.93125,0.0,226.94423874431124,335.7433091195907,0.025,0.8981456098575846,0.0,0.0,0.0,0.0,0.0,1.0,1.0,0.0,0.0,0.0,0.0,0.9125,1.3100981201256192,0.0,0.0,19.58497304096818,5dbf45aa5b3cbb9aa6245f16ce1c6bd245e6fa4c8cf8cbe2f0f54f6f8af3fa42
raw_attack_moderate,20037,m9c_baseline,3.3870612972064835,2.744757491497288,2.744757491497288,0.03125,0.0,0.96875,0.0,235.28829190224897,342.7035981485491,0.025,0.9266330450896341,0.0,0.0,0.0,0.0,0.0,1.0,1.0,0.0,0.0,0.0,0.0,0.925,0.9299263706894558,0.0,0.0,19.48766458313912,3cde4be24f1a4792e0d6a599ee358c8c43bdde1b81ca43a7c092e21546d9d9eb
raw_attack_moderate,20038,m9c_baseline,3.3914028333307242,2.76123139777249,2.76123139777249,0.05,0.0,0.95,0.0,233.31958024196678,332.17200661363273,0.025,0.9173796657973654,0.0,0.0,0.0,0.0,0.0,1.0,1.0,0.0,0.0,0.0,0.0,0.91875,1.11576166412453,0.0,0.0,19.526931250002235,b5e77ef57f40de05ff5ed8a92fc82ba8f018ef0a31ff0d58fd19835d534b870f
raw_attack_moderate,20039,m9c_baseline,3.246660561553314,2.646504379439134,2.646504379439134,0.0375,0.0,0.9625,0.0,214.82208240044207,334.3964953686297,0.0375,0.905990808961155,0.0,0.0,0.0,0.0,0.0,1.0,1.0,0.0,0.0,0.0,0.0,0.9375,1.0855375258094462,0.0,0.0,19.525416999822482,03382b490752e308e8b9d25136bf5e34a81dd6c2c6f75a99dd2e394a34d75df8
raw_attack_moderate,20000,cross_channel,0.3555631241375676,0.3776046115962072,0.3776046115962072,0.96875,0.0,0.03125,0.0,2.2865805011127156,5.960014229685884,0.95,0.08310011001668646,0.98125,0.9125,1.0,0.0,0.98125,0.7662538287383196,0.05,0.0,0.0673568896198779,0.9625,0.0,0.925,0.9371545082710195,0.0,0.0,19.532233875012025,1919eee05e3af18f722bed7a07e15edc3f459d65edfef219b26b75b7d6cd2cde
raw_attack_moderate,20001,cross_channel,0.3276436370150354,0.35397930275287914,0.35397930275287914,0.96875,0.0,0.03125,0.0,2.0150169750328644,7.373093335031824,0.91875,0.08144191831380074,0.99375,0.95,1.0,0.0,0.96875,0.7645172493591819,0.05,0.0,0.06690567891407742,0.9625,0.0,0.925,0.8988969287337352,0.0,0.0,19.634164874907583,dfd76687d3f19b8344f230e68c1e5fb296e2ab5cbcbe4d977b3745281b7555c9
raw_attack_moderate,20002,cross_channel,0.3183546925083656,0.3657135221247807,0.3657135221247807,1.0,0.0,0.0,0.0,1.85325123041951,5.962026193528376,0.95,0.07977618304188012,0.96875,0.96875,1.0,0.0,0.99375,0.7589004668493088,0.05,0.0,0.0697892903125,0.990625,0.0,0.93125,1.224924516050707,0.0,0.0,19.544041292043403,d9f566b8b8d9422340f4133947f8f2d8344db78a5d34a8514d863df50ee35d16
raw_attack_moderate,20003,cross_channel,0.33107709857496426,0.3563865214773762,0.3563865214773762,0.975,0.0,0.025,0.0,1.9977648348723975,5.995999990915992,0.95,0.08044314305565978,0.99375,0.91875,0.99375,0.0,0.9875,0.7667760962379274,0.05,0.0,0.06797032057528943,0.9625,0.0,0.90625,0.7215809393368791,0.0,0.0,19.63640887499787,4195344809a1ebdbdac8ddf03b05e440d984445a9698bdcff5b089321f1cc18c
raw_attack_moderate,20004,cross_channel,0.31826248796641343,0.35851216560054905,0.35851216560054905,1.0,0.0,0.0,0.0,1.8885345514849958,5.874110726511022,0.95625,0.08052425838753406,0.99375,0.98125,1.0,0.0,0.99375,0.7556345482932345,0.05,0.0,0.06947888185170173,0.98125,0.0,0.94375,0.9074291013912618,0.0,0.0,19.668814041884616,c07d6d2251d26905536f5f6a9d8235b79e728e6788bf4989ea90de0081cac77c
raw_attack_moderate,20005,cross_channel,0.37750311095893085,0.3955214911473081,0.3955214911473081,0.94375,0.0,0.05625,0.0,2.881362793817888,7.057374954524272,0.91875,0.08224746226960947,0.96875,0.90625,1.0,0.0,0.975,0.7696000207858089,0.05,0.0,0.066812499847652,0.95,0.0,0.90625,0.6472762184877423,0.0,0.0,19.4926448748447,97808ff407b5a06512a74860a585a5d4a177e4358e0f705d765eb715bf53989e
raw_attack_moderate,20006,cross_channel,0.3198167175850052,0.3442248980803725,0.3442248980803725,0.96875,0.0,0.03125,0.0,1.8368558277317941,5.530438562588774,0.95625,0.08084493548581176,0.96875,0.95625,1.0,0.0,0.975,0.7673288856060936,0.05,0.0,0.06848062243783244,0.9625,0.0,0.90625,1.0044773504557327,0.0,0.0,19.641057749977335,c5cc88f362e3db18946bff8ae6f767144086f79121f9252d5bf631b1fff2cf67
raw_attack_moderate,20007,cross_channel,0.3693194223780932,0.38646332123775246,0.38646332123775246,0.95625,0.0,0.04375,0.0,2.4347938502591937,6.771959360073798,0.925,0.08271943509582,0.975,0.95625,1.0,0.0,0.9875,0.7663568398592597,0.05,0.0,0.0682414456202733,0.95625,0.0,0.9,0.799841724360013,0.0,0.0,19.51502733398229,dc6ef2da63574b60091b8c127c74b599ed5a9b0de7069fc9f7bccfd119c64777
raw_attack_moderate,20008,cross_channel,0.3155466196383772,0.3531268911150525,0.3531268911150525,1.0,0.0,0.0,0.0,1.7960391549798254,4.818407058981735,0.975,0.07889140187764383,0.98125,0.98125,0.99375,0.0,0.9875,0.7594278706103992,0.05,0.0,0.0693392903125,0.9875,0.0,0.925,0.9712106458842424,0.0,0.0,19.304426750168204,9e947ec5d6ac906265ed4716bd99dcbdf62f2f6c4d9f238eb72acc6225bc645e
raw_attack_moderate,20009,cross_channel,0.37360820458348004,0.3953358498472001,0.3953358498472001,0.9625,0.0,0.0375,0.0,2.372872741602258,7.058316692791139,0.9375,0.08237317321062856,0.98125,0.95,1.0,0.0,0.975,0.7657037188838778,0.05,0.0,0.06760869315443607,0.959375,0.0,0.95625,1.0324771109812088,0.0,0.0,19.464359417092055,1ef763cf1d99445a13dc06a07f51c59a321e59301d17ee58cc5e6b5c00540238
raw_attack_moderate,20010,cross_channel,0.3319143484978736,0.36980147311263856,0.36980147311263856,0.99375,0.0,0.00625,0.0,1.9442830237791129,5.99907353919689,0.94375,0.07981785662106447,0.9875,0.99375,1.0,0.0,0.9875,0.7584074446894478,0.05,0.0,0.0693392903125,0.978125,0.0,0.925,0.8916690223080668,0.0,0.0,19.48737341701053,b2a329c99850f3958e3e8b5bd80ae93226cd38bb213fa132a7cc4c3070ab9cff
raw_attack_moderate,20011,cross_channel,0.3035427018526312,0.3441180410193735,0.3441180410193735,1.0,0.0,0.0,0.0,1.7196884954129892,5.505783498877875,0.95625,0.07917566533473278,0.9875,0.98125,1.0,0.0,0.9875,0.7568873597764224,0.05,0.0,0.06933735561679993,0.9875,0.0,0.925,0.7771541721161674,0.0,0.0,19.30762662505731,2bbc9a12baec37e5b2bd1829d9246aa09122b9fc43365b78d8117f5018f3fbb1
raw_attack_moderate,20012,cross_channel,0.29686764856952974,0.33056574694092516,0.33056574694092516,1.0,0.0,0.0,0.0,1.6622035753434172,4.7075164067275725,0.96875,0.07881943560612162,0.9875,0.93125,1.0,0.0,0.9875,0.762001215674178,0.05,0.0,0.06861342482326652,0.9625,0.0,0.925,0.7921146331157214,0.0,0.0,19.52464700001292,dafff3b38ea1012898bcd9aa1a676084ea1271d25fd511ea18d28f3ccf988fbc
raw_attack_moderate,20013,cross_channel,0.392991265829827,0.3862760527729162,0.3862760527729162,0.93125,0.0,0.06875,0.0,2.2925795546349277,7.282587935145776,0.91875,0.08519680301185402,0.9875,0.925,1.0,0.0,0.96875,0.7665537604724298,0.05,0.0,0.06762800398115867,0.965625,0.0,0.93125,0.8572561980409171,0.0,0.0,19.368355375016108,8b31d1cbc20105fd32e5ef15303e687f4c98fdbd897be53c10b44471ec9d44cf
raw_attack_moderate,20014,cross_channel,0.3243546753069735,0.35370182184418003,0.35370182184418003,0.99375,0.0,0.00625,0.0,1.8416417725746013,4.825082507082055,0.9875,0.0798255460332786,0.975,0.95,1.0,0.0,0.9875,0.763201757077241,0.05,0.0,0.06764072333588579,0.98125,0.0,0.9125,0.8350499369575607,0.0,0.0,19.559722374891862,b400b7c4f0c1ab2905054c171c271f4c65b7296cfb9407529c99d505834fb2b1
raw_attack_moderate,20015,cross_channel,0.35646652658627237,0.367004308808266,0.367004308808266,0.9625,0.0,0.0375,0.0,2.049709118747081,5.171978533839787,0.9625,0.08243918659978203,0.975,0.975,1.0,0.0,0.9875,0.7628167103784687,0.05,0.0,0.0685833622517839,0.975,0.0,0.93125,0.8992209458269309,0.0,0.0,19.62922454206273,882de2f9ad56dfeae52601f0e12c06225614fbd9cba861aeefb85a361a54c22e
raw_attack_moderate,20016,cross_channel,0.4424240894415708,0.3956772220449442,0.3956772220449442,0.875,0.0,0.125,0.0,2.720177637695694,9.602410064603394,0.9125,0.08767480211329089,0.96875,0.95,1.0,0.0,0.95625,0.7669956427133705,0.05,0.0,0.06698800080063635,0.9375,0.0,0.90625,1.1076393486414047,0.0,0.0,19.287253207992762,75151a2923ff53261100ccd99fc20f33a5ce590e6ac48c25311b56f86882bdd7
raw_attack_moderate,20017,cross_channel,0.3421917109983327,0.3573547328520257,0.3573547328520257,0.96875,0.0,0.03125,0.0,2.0298192961935757,5.9728945046256445,0.95,0.0807870786129182,0.99375,0.925,1.0,0.0,0.975,0.7690247730865394,0.05,0.0,0.06644897028346014,0.959375,0.0,0.91875,1.0278857391126182,0.0,0.0,19.41834175004624,9386cd21b3d7b3521562d5c5f8bcc29b06051aba894ca115ed29c25a14bd715c
raw_attack_moderate,20018,cross_channel,0.3883227189679558,0.3609243938101473,0.3609243938101473,0.9,0.0,0.1,0.0,2.0594695849727414,7.17995538681014,0.93125,0.08743923521578904,0.98125,0.93125,1.0,0.0,0.95625,0.7659698964955964,0.05,0.0,0.06584328413688403,0.94375,0.0,0.925,1.0756481644830782,0.0,0.0,19.516923958202824,3addd7fd6ed25c446d31b19c0a50cf1c30d267c1c1dd0ddee04fc52ade3d072d
raw_attack_moderate,20019,cross_channel,0.3278330455133121,0.3694722470567318,0.3694722470567318,1.0,0.0,0.0,0.0,2.0074892915234566,5.68095835894452,0.9625,0.079938389955945,0.98125,0.99375,1.0,0.0,0.9875,0.760990028129819,0.05,0.0,0.0693392903125,0.96875,0.0,0.93125,1.0360867061164467,0.0,0.0,19.560023708967492,839dbe8de3d5668f503d56f5c4593362ad32a27365d59c7d3d5e8bbc4ae86d54
raw_attack_moderate,20020,cross_channel,0.3527014601680745,0.35650396880814583,0.35650396880814583,0.95,0.0,0.05,0.0,2.002173558528252,5.131329564162035,0.95625,0.08181257326318582,0.975,0.9375,0.99375,0.0,0.96875,0.7657597732815395,0.05,0.0,0.06732232362038268,0.95625,0.0,0.91875,1.0507786805241939,0.0,0.0,19.6234437499661,df014393d834f8093072655c76ac3d4768944d2f56e0e42bb352611e8eed3ecc
raw_attack_moderate,20021,cross_channel,0.33289145993905683,0.36166647733860063,0.36166647733860063,0.975,0.0,0.025,0.0,2.193994389375355,6.495414261438466,0.93125,0.08105042288352757,0.975,0.94375,1.0,0.0,0.9625,0.7680942576309332,0.05,0.0,0.0675392903125,0.95625,0.0,0.925,0.6994931902284189,0.0,0.0,19.340728207957,50ae5073fe5acab3ee3842e67667906432af8b277e6c93e45a2d4844859a50bc
raw_attack_moderate,20022,cross_channel,0.4105747539466746,0.3594050873410058,0.3594050873410058,0.875,0.0,0.125,0.0,2.063311752175492,5.731263991752503,0.95,0.08901726316882153,0.98125,0.95625,1.0,0.0,0.9875,0.7665165941265866,0.05,0.0,0.06836239425456916,0.959375,0.0,0.9,0.8278969668051154,0.0,0.0,19.751416540937498,2c140af9a3d113c9b248227958e8560297f44aaef4f6f21876cf5185677fdaf1
raw_attack_moderate,20023,cross_channel,0.3024326315951632,0.3420818770111159,0.3420818770111159,1.0,0.0,0.0,0.0,1.6650169604072005,4.733481804036776,0.98125,0.07865719169925253,0.9875,0.99375,1.0,0.0,0.9875,0.7607686699312748,0.05,0.0,0.06935069868611368,0.9875,0.0,0.91875,1.1249329488184485,0.0,0.0,19.71603591600433,ef37284a899ca4911f313ddc9f6b74a96b2a3cd66f7e64092628b9f105b781e7
raw_attack_moderate,20024,cross_channel,0.3006972849975943,0.3421642280460927,0.3421642280460927,1.0,0.0,0.0,0.0,1.659216128627028,4.7172119581344845,0.96875,0.078645897409375,0.9875,0.98125,1.0,0.0,0.9875,0.7557225892254726,0.05,0.0,0.0693392903125,0.9875,0.0,0.93125,1.0257246599636138,0.0,0.0,19.122460999991745,6d54d34f97a01eb8e54b48fa8a9d7ed11b8e8bf00a592982b76e60bade66a9db
raw_attack_moderate,20025,cross_channel,0.3576050134493907,0.36374695639887694,0.36374695639887694,0.95625,0.0,0.04375,0.0,1.9286456552129692,5.006547409236245,0.96875,0.08147273624325965,0.975,0.9375,1.0,0.0,0.9875,0.7616292876592992,0.05,0.0,0.0690446903125,0.975,0.0,0.9125,0.849935197915601,0.0,0.0,19.39312170795165,91f53e993a609ebd5e5edd450c064fb6a276b8153f74b393c4b777e3e113ef06
raw_attack_moderate,20026,cross_channel,0.3963705550348747,0.3853747087798129,0.3853747087798129,0.91875,0.0,0.08125,0.0,2.482574696821706,7.031029471243952,0.90625,0.08552585140898636,0.96875,0.94375,1.0,0.0,0.95,0.7677177764406562,0.05,0.0,0.06631828912636026,0.94375,0.0,0.925,0.9680834960124691,0.0,0.0,19.39155358285643,6345f4afcab605aa7014ac44401c316a6417f92d998d03324e139acb93130be0
raw_attack_moderate,20027,cross_channel,0.28909139917954924,0.3290079271878471,0.3290079271878471,1.0,0.0,0.0,0.0,1.6223990768928254,4.571891037805482,0.96875,0.07763909565392169,0.95625,0.9125,1.0,0.0,0.99375,0.7631660658798097,0.05,0.0,0.06832231884234513,0.9875,0.0,0.9,0.8479366149109614,0.0,0.0,19.644942624960095,8c2228f0323ab09f3ad16be93645e28d6342f2552a58bd30eb032e32249f47d5
raw_attack_moderate,20028,cross_channel,0.3514777591587647,0.3309392534887617,0.3309392534887617,0.925,0.0,0.075,0.0,1.6362254551502382,4.851918945106187,0.975,0.08571391996389034,0.9875,0.9875,1.0,0.0,0.99375,0.7648186437993099,0.05,0.0,0.06936164635914636,0.975,0.0,0.925,0.8005734183359146,0.0,0.0,19.475971499923617,7ce20a917be979b3779b7c4ba1f84449dda42ba65cc1822fdd744317a829edfd
raw_attack_moderate,20029,cross_channel,0.32623859168370134,0.3661075801261024,0.3661075801261024,1.0,0.0,0.0,0.0,1.9854021380368052,4.86192274729619,0.96875,0.07953289781785174,0.975,0.96875,1.0,0.0,0.99375,0.7628013718779687,0.05,0.0,0.0694879363709024,0.978125,0.0,0.91875,1.0631807250796772,0.0,0.0,19.482040958013386,10b46c6b2b43ba013e52a1bf35452aef478e1f5f568c62d50cfa73b18aef9e05
raw_attack_moderate,20030,cross_channel,0.3266552096072233,0.3697777941353583,0.3697777941353583,0.99375,0.0,0.00625,0.0,1.9756772898731296,6.3211621956942725,0.94375,0.07939821953485518,0.9875,0.975,1.0,0.0,0.9875,0.7583336959037157,0.05,0.0,0.0693392903125,0.984375,0.0,0.93125,0.9131324997481712,0.0,0.0,19.76803887495771,b2018bd76dc56757ca02574f97721f3a056cb04ce7b3c85af6d841a658122cab
raw_attack_moderate,20031,cross_channel,0.32072901666134523,0.3583876675352641,0.3583876675352641,1.0,0.0,0.0,0.0,1.894515998117583,5.027790572875546,0.96875,0.07938959181232433,0.975,0.975,1.0,0.0,0.9875,0.7667003157126991,0.05,0.0,0.0690446903125,0.971875,0.0,0.9125,0.8896542286294725,0.0,0.0,19.503700708039105,f9462d126fba57bb891f2d3b4a212027786ed52eaef050811359299945e09945
raw_attack_moderate,20032,cross_channel,0.3530277425483281,0.3798465032831093,0.3798465032831093,0.96875,0.0,0.03125,0.0,2.3368851322400808,7.317796750472704,0.925,0.07960422825053877,0.98125,0.96875,1.0,0.0,0.9875,0.7658911283273676,0.05,0.0,0.06839596514148624,0.959375,0.0,0.90625,0.9699980802035135,0.0,0.0,19.265246459050104,f9562f9371f274b6eb5defbd79a9e6430f6c4f07f264a151af593f25026a4023
raw_attack_moderate,20033,cross_channel,0.3696160685652697,0.33667257442423476,0.33667257442423476,0.90625,0.0,0.09375,0.0,1.7534524035285366,5.419660359147195,0.975,0.08768775483621302,0.975,0.9,1.0,0.0,0.9625,0.7687958824452276,0.05,0.0,0.06639598223704204,0.946875,0.0,0.91875,1.3823672503694184,0.0,0.0,19.463975000195205,05f9b4732165d3b8a06b37ba0f8a4ff203dacc5d18f402960ad80c3de7eecb03
raw_attack_moderate,20034,cross_channel,0.31945835612891554,0.3629850166933756,0.3629850166933756,1.0,0.0,0.0,0.0,2.094823615117363,6.284966355450111,0.94375,0.07745944843125341,0.98125,0.94375,1.0,0.0,0.96875,0.7699342969827686,0.05,0.0,0.06765294104252725,0.95625,0.0,0.9375,0.9570938577319916,0.0,0.0,19.636810542084277,841f7462e7ea32095825eeea4c41a5c11df8c4e0663df4c1a4d4523d3145bf8f
raw_attack_moderate,20035,cross_channel,0.3244468515860796,0.36404100869675765,0.36404100869675765,1.0,0.0,0.0,0.0,1.8766744630918146,5.191556764793006,0.9625,0.078645897409375,0.9875,0.99375,1.0,0.0,0.9875,0.7595796883665975,0.05,0.0,0.0693392903125,0.9875,0.0,0.93125,0.8876024921238486,0.0,0.0,19.62731604091823,58602a7ed5c35adbe07a5d106de934d16f8846764b64683fb3035b000e157cc1
raw_attack_moderate,20036,cross_channel,0.310527677019426,0.3516186320398178,0.3516186320398178,1.0,0.0,0.0,0.0,1.7230673368696974,5.127770721173714,0.975,0.07965425431412798,0.96875,0.96875,1.0,0.0,0.9875,0.761360955329853,0.05,0.0,0.06897549965395611,0.9875,0.0,0.9125,1.3100981201256192,0.0,0.0,19.58497304096818,5dbf45aa5b3cbb9aa6245f16ce1c6bd245e6fa4c8cf8cbe2f0f54f6f8af3fa42
raw_attack_moderate,20037,cross_channel,0.33472288945156015,0.3489791033139011,0.3489791033139011,0.95625,0.0,0.04375,0.0,2.0440890287931457,5.011400978827959,0.95,0.08163235349115616,0.98125,0.9375,0.99375,0.0,0.95625,0.7598382601780742,0.05,0.0,0.06674722913671796,0.953125,0.0,0.925,0.9299263706894558,0.0,0.0,19.48766458313912,3cde4be24f1a4792e0d6a599ee358c8c43bdde1b81ca43a7c092e21546d9d9eb
raw_attack_moderate,20038,cross_channel,0.29659175588811554,0.3373219864202605,0.3373219864202605,1.0,0.0,0.0,0.0,1.6171435336792723,5.1462958980103135,0.975,0.078768529314493,0.98125,0.98125,1.0,0.0,0.9875,0.7596380579192645,0.05,0.0,0.0693392903125,0.984375,0.0,0.91875,1.11576166412453,0.0,0.0,19.526931250002235,b5e77ef57f40de05ff5ed8a92fc82ba8f018ef0a31ff0d58fd19835d534b870f
raw_attack_moderate,20039,cross_channel,0.3313701700212274,0.3690969771829027,0.3690969771829027,1.0,0.0,0.0,0.0,2.130121112806443,4.791162765311976,0.9625,0.08081995618770785,0.96875,0.93125,1.0,0.0,0.9625,0.765889838444475,0.05,0.0,0.0671762651285553,0.959375,0.0,0.9375,1.0855375258094462,0.0,0.0,19.525416999822482,03382b490752e308e8b9d25136bf5e34a81dd6c2c6f75a99dd2e394a34d75df8
raw_attack_moderate,20000,ramp_rate,3.2693629261710746,2.6529817520308865,2.6529817520308865,0.0125,0.0,0.9875,0.0,217.56744756611252,381.2908695673057,0.04375,0.919164486457084,0.98125,0.9125,1.0,0.0,0.2,0.918272895365744,0.2625306439512169,0.0,0.002261302134896673,0.11875,0.0,0.925,0.9371545082710195,0.0,0.0,19.532233875012025,1919eee05e3af18f722bed7a07e15edc3f459d65edfef219b26b75b7d6cd2cde
raw_attack_moderate,20001,ramp_rate,3.2750807049814084,2.6473247756439076,2.6473247756439076,0.025,0.0,0.975,0.0,213.55438715928102,348.88259267190625,0.0125,0.9154575471390085,0.99375,0.95,1.0,0.0,0.18125,0.9271715612786992,0.26873748255075997,0.0,0.001766343432232035,0.096875,0.0,0.925,0.8988969287337352,0.0,0.0,19.634164874907583,dfd76687d3f19b8344f230e68c1e5fb296e2ab5cbcbe4d977b3745281b7555c9
raw_attack_moderate,20002,ramp_rate,3.2160874123523255,2.6144039963084285,2.6144039963084285,0.04375,0.0,0.95625,0.0,202.30208956009386,329.06170940711957,0.03125,0.908289274505039,0.96875,0.96875,1.0,0.0,0.19375,0.923418922705431,0.22242752806298186,0.0,0.002713684138025848,0.115625,0.0,0.93125,1.224924516050707,0.0,0.0,19.544041292043403,d9f566b8b8d9422340f4133947f8f2d8344db78a5d34a8514d863df50ee35d16
raw_attack_moderate,20003,ramp_rate,3.288026046329134,2.684968408827893,2.684968408827893,0.03125,0.0,0.96875,0.0,222.91393449007154,365.2144261653135,0.025,0.9038727637237265,0.99375,0.91875,0.99375,0.0,0.21875,0.9231870783650343,0.27066764247306385,0.0,0.0032815300078849934,0.121875,0.0,0.90625,0.7215809393368791,0.0,0.0,19.63640887499787,4195344809a1ebdbdac8ddf03b05e440d984445a9698bdcff5b089321f1cc18c
raw_attack_moderate,20004,ramp_rate,3.3128658274600973,2.6698911084327817,2.6698911084327817,0.025,0.0,0.975,0.0,221.18427973057092,342.68810482270703,0.01875,0.9180001939021294,0.99375,0.98125,1.0,0.0,0.10625,0.9293169914682636,0.19891158558591576,0.0,0.0014254665530807115,0.053125,0.0,0.94375,0.9074291013912618,0.0,0.0,19.668814041884616,c07d6d2251d26905536f5f6a9d8235b79e728e6788bf4989ea90de0081cac77c
raw_attack_moderate,20005,ramp_rate,3.2720928170547188,2.668624341160358,2.668624341160358,0.04375,0.0,0.95625,0.0,218.81018978013344,389.28839793804497,0.0375,0.9033010284193057,0.96875,0.90625,1.0,0.0,0.24375,0.9224303235233442,0.30923375150000343,0.0,0.0029153318898036467,0.13125,0.0,0.90625,0.6472762184877423,0.0,0.0,19.4926448748447,97808ff407b5a06512a74860a585a5d4a177e4358e0f705d765eb715bf53989e
raw_attack_moderate,20006,ramp_rate,2.890595868878819,2.3556602305549292,2.3556602305549292,0.03125,0.0,0.96875,0.0,166.40814280686428,315.6758397243774,0.1,0.8945092327690638,0.96875,0.95625,1.0,0.0,0.10625,0.9307115599956003,0.33903795303992423,0.0,0.001192683216208149,0.0625,0.0,0.90625,1.0044773504557327,0.0,0.0,19.641057749977335,c5cc88f362e3db18946bff8ae6f767144086f79121f9252d5bf631b1fff2cf67
raw_attack_moderate,20007,ramp_rate,3.258689814651094,2.6542613199503076,2.6542613199503076,0.01875,0.0,0.98125,0.0,218.6350080452036,364.2814525885827,0.025,0.893561144379229,0.975,0.95625,1.0,0.0,0.19375,0.9262483799797131,0.14938888414464857,0.0,0.003670165348077914,0.121875,0.0,0.9,0.799841724360013,0.0,0.0,19.51502733398229,dc6ef2da63574b60091b8c127c74b599ed5a9b0de7069fc9f7bccfd119c64777
raw_attack_moderate,20008,ramp_rate,3.360336475697101,2.7467124116613606,2.7467124116613606,0.05,0.0,0.95,0.0,237.74083395420433,354.6750464406015,0.025,0.9056196247662651,0.98125,0.98125,0.99375,0.0,0.0875,0.9352355825662684,0.3083601923432343,0.0,0.0013045103817778468,0.053125,0.0,0.925,0.9712106458842424,0.0,0.0,19.304426750168204,9e947ec5d6ac906265ed4716bd99dcbdf62f2f6c4d9f238eb72acc6225bc645e
raw_attack_moderate,20009,ramp_rate,3.206616211757497,2.598393206986822,2.598393206986822,0.01875,0.0,0.98125,0.0,202.53738583972864,356.49713205193484,0.04375,0.9226276736839815,0.98125,0.95,1.0,0.0,0.15625,0.9216378718838996,0.22640963877375114,0.0,0.0019698292177766064,0.08125,0.0,0.95625,1.0324771109812088,0.0,0.0,19.464359417092055,1ef763cf1d99445a13dc06a07f51c59a321e59301d17ee58cc5e6b5c00540238
raw_attack_moderate,20010,ramp_rate,3.2751657037033697,2.6896904075973143,2.6896904075973143,0.0625,0.0,0.9375,0.0,224.32357884639404,350.3026895421062,0.025,0.8924556817387252,0.9875,0.99375,1.0,0.0,0.1625,0.9265946030861432,0.29992016156573625,0.0,0.002228481310456258,0.096875,0.0,0.925,0.8916690223080668,0.0,0.0,19.48737341701053,b2a329c99850f3958e3e8b5bd80ae93226cd38bb213fa132a7cc4c3070ab9cff
raw_attack_moderate,20011,ramp_rate,3.3710306757430244,2.742578004842051,2.742578004842051,0.0375,0.0,0.9625,0.0,236.40344429452745,356.2884178812096,0.0125,0.9084398838747699,0.9875,0.98125,1.0,0.0,0.1125,0.9295224090330583,0.3740201583758653,0.0,0.0010557262136542728,0.059375,0.0,0.925,0.7771541721161674,0.0,0.0,19.30762662505731,2bbc9a12baec37e5b2bd1829d9246aa09122b9fc43365b78d8117f5018f3fbb1
raw_attack_moderate,20012,ramp_rate,3.3911176286926548,2.7607657520937,2.7607657520937,0.03125,0.0,0.96875,0.0,238.34744156547362,361.24509021446187,0.025,0.909720163134893,0.9875,0.93125,1.0,0.0,0.125,0.9282627510254631,0.3266822479285301,0.0,0.0010910963582626437,0.065625,0.0,0.925,0.7921146331157214,0.0,0.0,19.52464700001292,dafff3b38ea1012898bcd9aa1a676084ea1271d25fd511ea18d28f3ccf988fbc
raw_attack_moderate,20013,ramp_rate,3.2256026619687943,2.602339973034399,2.602339973034399,0.00625,0.0,0.99375,0.0,208.6725609817924,343.64167683632746,0.025,0.9089383632933904,0.9875,0.925,1.0,0.0,0.15625,0.9287083643229472,0.255914839288386,0.0,0.0021267137839637578,0.08125,0.0,0.93125,0.8572561980409171,0.0,0.0,19.368355375016108,8b31d1cbc20105fd32e5ef15303e687f4c98fdbd897be53c10b44471ec9d44cf
raw_attack_moderate,20014,ramp_rate,3.284729532111956,2.6488115641008747,2.6488115641008747,0.0125,0.0,0.9875,0.0,216.5051692622022,375.5794253806505,0.0125,0.9128304343283379,0.975,0.95,1.0,0.0,0.15625,0.9296291240676661,0.2947121171436899,0.0,0.0023496922111835338,0.096875,0.0,0.9125,0.8350499369575607,0.0,0.0,19.559722374891862,b400b7c4f0c1ab2905054c171c271f4c65b7296cfb9407529c99d505834fb2b1
raw_attack_moderate,20015,ramp_rate,3.2478598639521046,2.6199587135519824,2.6199587135519824,0.03125,0.0,0.96875,0.0,208.59710717336625,329.638155015345,0.025,0.9014292583280646,0.975,0.975,1.0,0.0,0.14375,0.9270638103667828,0.2668725710805893,0.0,0.0018219105590265218,0.08125,0.0,0.93125,0.8992209458269309,0.0,0.0,19.62922454206273,882de2f9ad56dfeae52601f0e12c06225614fbd9cba861aeefb85a361a54c22e
raw_attack_moderate,20016,ramp_rate,3.05564136221364,2.4379083176386636,2.4379083176386636,0.01875,0.0,0.98125,0.0,176.54016462224044,315.57534308334516,0.01875,0.8999942500947802,0.96875,0.95,1.0,0.0,0.18125,0.9215074780278549,0.27281351381120333,0.0,0.002770324160508648,0.1,0.0,0.90625,1.1076393486414047,0.0,0.0,19.287253207992762,75151a2923ff53261100ccd99fc20f33a5ce590e6ac48c25311b56f86882bdd7
raw_attack_moderate,20017,ramp_rate,3.3050152771653756,2.679239934480502,2.679239934480502,0.025,0.0,0.975,0.0,219.08555389321833,353.44117329356885,0.01875,0.91190593786538,0.99375,0.925,1.0,0.0,0.1125,0.9234673211252116,0.17982191149263907,0.0,0.0017167527193658384,0.05625,0.0,0.91875,1.0278857391126182,0.0,0.0,19.41834175004624,9386cd21b3d7b3521562d5c5f8bcc29b06051aba894ca115ed29c25a14bd715c
raw_attack_moderate,20018,ramp_rate,3.3697810400014183,2.745586030788365,2.745586030788365,0.03125,0.0,0.96875,0.0,230.16535678407982,363.43186193780605,0.0125,0.9251643630065962,0.98125,0.93125,1.0,0.0,0.1125,0.9305011650502744,0.31188646961801064,0.0,0.0008012376743768764,0.0625,0.0,0.925,1.0756481644830782,0.0,0.0,19.516923958202824,3addd7fd6ed25c446d31b19c0a50cf1c30d267c1c1dd0ddee04fc52ade3d072d
raw_attack_moderate,20019,ramp_rate,3.2782733680411007,2.668427287250294,2.668427287250294,0.04375,0.0,0.95625,0.0,214.8957412322211,348.95485282067506,0.03125,0.9125254504144227,0.98125,0.99375,1.0,0.0,0.1875,0.9261222367051701,0.31223902746830756,0.0,0.001903492415035519,0.09375,0.0,0.93125,1.0360867061164467,0.0,0.0,19.560023708967492,839dbe8de3d5668f503d56f5c4593362ad32a27365d59c7d3d5e8bbc4ae86d54
raw_attack_moderate,20020,ramp_rate,3.2255191057506423,2.6273722920454023,2.6273722920454023,0.025,0.0,0.975,0.0,209.867829617469,335.31946326702837,0.05625,0.9057302573699,0.975,0.9375,0.99375,0.0,0.1125,0.9270636842780288,0.33380409967805624,0.0,0.0015186656711239893,0.0625,0.0,0.91875,1.0507786805241939,0.0,0.0,19.6234437499661,df014393d834f8093072655c76ac3d4768944d2f56e0e42bb352611e8eed3ecc
raw_attack_moderate,20021,ramp_rate,3.056783867615402,2.453658426533002,2.453658426533002,0.03125,0.0,0.96875,0.0,182.94683245588266,339.72176360941444,0.04375,0.9215452190831082,0.975,0.94375,1.0,0.0,0.225,0.9205169302145728,0.2220323098020096,0.0,0.0033234931059907278,0.1125,0.0,0.925,0.6994931902284189,0.0,0.0,19.340728207957,50ae5073fe5acab3ee3842e67667906432af8b277e6c93e45a2d4844859a50bc
raw_attack_moderate,20022,ramp_rate,3.2590036768085007,2.632580650774235,2.632580650774235,0.00625,0.0,0.99375,0.0,209.98726061081635,343.955952796264,0.0125,0.8943183586881766,0.98125,0.95625,1.0,0.0,0.2375,0.9193093676608685,0.2703204139451824,0.0,0.0035794980266873116,0.1375,0.0,0.9,0.8278969668051154,0.0,0.0,19.751416540937498,2c140af9a3d113c9b248227958e8560297f44aaef4f6f21876cf5185677fdaf1
raw_attack_moderate,20023,ramp_rate,3.2094578707061543,2.6273099225599066,2.6273099225599066,0.05625,0.0,0.94375,0.0,209.90906639145004,343.6387356310902,0.05,0.9004698414484432,0.9875,0.99375,1.0,0.0,0.19375,0.9284933306192237,0.25607851960071304,0.0,0.0030106341781439205,0.121875,0.0,0.91875,1.1249329488184485,0.0,0.0,19.71603591600433,ef37284a899ca4911f313ddc9f6b74a96b2a3cd66f7e64092628b9f105b781e7
raw_attack_moderate,20024,ramp_rate,3.355308422734487,2.7235815337407,2.7235815337407,0.03125,0.0,0.96875,0.0,226.05506593936997,351.22104875205747,0.01875,0.9186890919301984,0.9875,0.98125,1.0,0.0,0.09375,0.9275550973027631,0.2777277880983096,0.0,0.001171682722754434,0.053125,0.0,0.93125,1.0257246599636138,0.0,0.0,19.122460999991745,6d54d34f97a01eb8e54b48fa8a9d7ed11b8e8bf00a592982b76e60bade66a9db
raw_attack_moderate,20025,ramp_rate,3.36681099858574,2.728542938794737,2.728542938794737,0.03125,0.0,0.96875,0.0,231.34373457750948,371.16913634064736,0.01875,0.9225030764915602,0.975,0.9375,1.0,0.0,0.125,0.9221407837549883,0.2935222961212629,0.0,0.0012707815518190019,0.0625,0.0,0.9125,0.849935197915601,0.0,0.0,19.39312170795165,91f53e993a609ebd5e5edd450c064fb6a276b8153f74b393c4b777e3e113ef06
raw_attack_moderate,20026,ramp_rate,3.23440887036553,2.644639172592445,2.644639172592445,0.03125,0.0,0.96875,0.0,209.08064656361185,341.2381305428272,0.05,0.9128754775309526,0.96875,0.94375,1.0,0.0,0.1125,0.9286911438958377,0.2223128844415353,0.0,0.0008054803500533383,0.059375,0.0,0.925,0.9680834960124691,0.0,0.0,19.39155358285643,6345f4afcab605aa7014ac44401c316a6417f92d998d03324e139acb93130be0
raw_attack_moderate,20027,ramp_rate,3.2114757235005236,2.6123280224581555,2.6123280224581555,0.0625,0.0,0.9375,0.0,212.03811190599907,356.58177230368483,0.01875,0.9007987664434138,0.95625,0.9125,1.0,0.0,0.175,0.9286180851113397,0.2617412268739721,0.0,0.002157914956608591,0.1,0.0,0.9,0.8479366149109614,0.0,0.0,19.644942624960095,8c2228f0323ab09f3ad16be93645e28d6342f2552a58bd30eb032e32249f47d5
raw_attack_moderate,20028,ramp_rate,3.3286271880451537,2.7067321970637934,2.7067321970637934,0.025,0.0,0.975,0.0,225.99374602286133,349.63402772292824,0.025,0.9125996479974553,0.9875,0.9875,1.0,0.0,0.15625,0.925650611166982,0.33279599116180364,0.0,0.0016848453878197205,0.090625,0.0,0.925,0.8005734183359146,0.0,0.0,19.475971499923617,7ce20a917be979b3779b7c4ba1f84449dda42ba65cc1822fdd744317a829edfd
raw_attack_moderate,20029,ramp_rate,3.283634240075029,2.637700373237482,2.637700373237482,0.01875,0.0,0.98125,0.0,212.43190808510735,342.7467127428257,0.01875,0.9113835994739967,0.975,0.96875,1.0,0.0,0.15625,0.9290770401662822,0.2965302627198855,0.0,0.0022386512933058613,0.078125,0.0,0.91875,1.0631807250796772,0.0,0.0,19.482040958013386,10b46c6b2b43ba013e52a1bf35452aef478e1f5f568c62d50cfa73b18aef9e05
raw_attack_moderate,20030,ramp_rate,3.2493370777249133,2.663910512133368,2.663910512133368,0.0375,0.0,0.9625,0.0,217.47070214607638,365.28433773824986,0.04375,0.9025624388404889,0.9875,0.975,1.0,0.0,0.15625,0.9345817882990717,0.27635327517044356,0.0,0.00203288106621692,0.0875,0.0,0.93125,0.9131324997481712,0.0,0.0,19.76803887495771,b2018bd76dc56757ca02574f97721f3a056cb04ce7b3c85af6d841a658122cab
raw_attack_moderate,20031,ramp_rate,2.961579901190654,2.4279420702781014,2.4279420702781014,0.0375,0.0,0.9625,0.0,176.39169883800827,337.7328804905486,0.0875,0.9036532837665966,0.975,0.975,1.0,0.0,0.15625,0.9250860757120598,0.2767760651640372,0.0,0.0014841201386063035,0.084375,0.0,0.9125,0.8896542286294725,0.0,0.0,19.503700708039105,f9462d126fba57bb891f2d3b4a212027786ed52eaef050811359299945e09945
raw_attack_moderate,20032,ramp_rate,3.1030725531721033,2.5255882432193033,2.5255882432193033,0.0375,0.0,0.9625,0.0,191.16170109374428,362.188957017631,0.05625,0.901426963540691,0.98125,0.96875,1.0,0.0,0.2625,0.9235089716281912,0.26416166596815965,0.0,0.0038385691993836216,0.134375,0.0,0.90625,0.9699980802035135,0.0,0.0,19.265246459050104,f9562f9371f274b6eb5defbd79a9e6430f6c4f07f264a151af593f25026a4023
raw_attack_moderate,20033,ramp_rate,3.1523473514869034,2.5385592530837755,2.5385592530837755,0.0125,0.0,0.9875,0.0,181.5167175556015,324.7239220892812,0.05,0.8875079338354024,0.975,0.9,1.0,0.0,0.325,0.9123224434666646,0.2784271741061482,0.0,0.004089645281965615,0.19375,0.0,0.91875,1.3823672503694184,0.0,0.0,19.463975000195205,05f9b4732165d3b8a06b37ba0f8a4ff203dacc5d18f402960ad80c3de7eecb03
raw_attack_moderate,20034,ramp_rate,3.3022015801236746,2.682621704602924,2.682621704602924,0.0375,0.0,0.9625,0.0,220.6410245920315,358.9912408731497,0.03125,0.8992091801164678,0.98125,0.94375,1.0,0.0,0.15,0.9238348954608728,0.2989683679294328,0.0,0.0018003357123478464,0.084375,0.0,0.9375,0.9570938577319916,0.0,0.0,19.636810542084277,841f7462e7ea32095825eeea4c41a5c11df8c4e0663df4c1a4d4523d3145bf8f
raw_attack_moderate,20035,ramp_rate,3.257932194229434,2.6447735841044193,2.6447735841044193,0.025,0.0,0.975,0.0,214.4661228746043,354.19774745124784,0.03125,0.9193206697245788,0.9875,0.99375,1.0,0.0,0.175,0.9226317012619413,0.2322943363063094,0.0,0.002254730297946495,0.1,0.0,0.93125,0.8876024921238486,0.0,0.0,19.62731604091823,58602a7ed5c35adbe07a5d106de934d16f8846764b64683fb3035b000e157cc1
raw_attack_moderate,20036,ramp_rate,3.2280407420036084,2.6516121881462866,2.6516121881462866,0.06875,0.0,0.93125,0.0,209.57200296518636,335.3607878769808,0.03125,0.8893031121198701,0.96875,0.96875,1.0,0.0,0.10625,0.9303564685753141,0.2919992202927923,0.0,0.0013992837905040883,0.075,0.0,0.9125,1.3100981201256192,0.0,0.0,19.58497304096818,5dbf45aa5b3cbb9aa6245f16ce1c6bd245e6fa4c8cf8cbe2f0f54f6f8af3fa42
raw_attack_moderate,20037,ramp_rate,3.302353945262925,2.671748194530246,2.671748194530246,0.03125,0.0,0.96875,0.0,218.0459060324983,338.52283282925947,0.03125,0.9186183446798099,0.98125,0.9375,0.99375,0.0,0.1625,0.9228094756204339,0.24657230250951598,0.0,0.0022509145743349504,0.08125,0.0,0.925,0.9299263706894558,0.0,0.0,19.48766458313912,3cde4be24f1a4792e0d6a599ee358c8c43bdde1b81ca43a7c092e21546d9d9eb
raw_attack_moderate,20038,ramp_rate,3.316560832495026,2.6926147873576047,2.6926147873576047,0.05,0.0,0.95,0.0,217.38896724736543,322.77881425131176,0.025,0.9135798925705911,0.98125,0.98125,1.0,0.0,0.125,0.9242938466693396,0.323736875945156,0.0,0.0009321240298608818,0.0625,0.0,0.91875,1.11576166412453,0.0,0.0,19.526931250002235,b5e77ef57f40de05ff5ed8a92fc82ba8f018ef0a31ff0d58fd19835d534b870f
raw_attack_moderate,20039,ramp_rate,3.1409118752413354,2.560683395060955,2.560683395060955,0.05,0.0,0.95,0.0,197.7177778327766,331.2922676148794,0.05,0.8999135137018518,0.96875,0.93125,1.0,0.0,0.125,0.9299461052135684,0.24978124742050287,0.0,0.00172694912896852,0.071875,0.0,0.9375,1.0855375258094462,0.0,0.0,19.525416999822482,03382b490752e308e8b9d25136bf5e34a81dd6c2c6f75a99dd2e394a34d75df8
raw_attack_moderate,20000,influence_budget,1.939757394697358,1.2362956154490932,1.2362956154490932,0.0125,0.0,0.9875,0.0,28.43966069159498,53.498486209551615,0.03125,0.811155234905646,0.98125,0.9125,1.0,0.95,0.0,1.0,1.0,0.2462962962962963,0.0,0.0,0.0,0.925,0.9371545082710195,0.0,0.0,19.532233875012025,1919eee05e3af18f722bed7a07e15edc3f459d65edfef219b26b75b7d6cd2cde
raw_attack_moderate,20001,influence_budget,1.929574140026908,1.2306044813114179,1.2306044813114179,0.025,0.0,0.975,0.0,27.857860422850052,44.32553077639548,0.025,0.8457829411314041,0.99375,0.95,1.0,0.9625,0.0,1.0,1.0,0.24953703703703703,0.0,0.0,0.0,0.925,0.8988969287337352,0.0,0.0,19.634164874907583,dfd76687d3f19b8344f230e68c1e5fb296e2ab5cbcbe4d977b3745281b7555c9
raw_attack_moderate,20002,influence_budget,1.898109425536898,1.2184330828424135,1.2184330828424135,0.04375,0.0,0.95625,0.0,26.447445751956185,45.95638441491814,0.03125,0.8121113779651005,0.96875,0.96875,1.0,0.95625,0.0,1.0,1.0,0.24791666666666665,0.0,0.0,0.0,0.93125,1.224924516050707,0.0,0.0,19.544041292043403,d9f566b8b8d9422340f4133947f8f2d8344db78a5d34a8514d863df50ee35d16
raw_attack_moderate,20003,influence_budget,1.9270368511199039,1.241472185257688,1.241472185257688,0.03125,0.0,0.96875,0.0,28.80198053673697,49.936323807100365,0.03125,0.8186947330415484,0.99375,0.91875,0.99375,0.93125,0.0,1.0,1.0,0.24143518518518517,0.0,0.0,0.0,0.90625,0.7215809393368791,0.0,0.0,19.63640887499787,4195344809a1ebdbdac8ddf03b05e440d984445a9698bdcff5b089321f1cc18c
raw_attack_moderate,20004,influence_budget,1.8501732420617807,1.1926299554679276,1.1926299554679276,0.0625,0.0,0.9375,0.0,26.18020701920717,48.90582061092777,0.05,0.8001603282034093,0.99375,0.98125,1.0,0.96875,0.0,1.0,1.0,0.2516098966223388,0.0,0.0,0.0,0.94375,0.9074291013912618,0.0,0.0,19.668814041884616,c07d6d2251d26905536f5f6a9d8235b79e728e6788bf4989ea90de0081cac77c
raw_attack_moderate,20005,influence_budget,1.9386366050781454,1.2645711551007648,1.2645711551007648,0.05,0.0,0.95,0.0,30.073166077253653,52.37118279710036,0.05,0.8117576325091186,0.96875,0.90625,1.0,0.93125,0.0,1.0,1.0,0.24238009035883765,0.0,0.0,0.0,0.90625,0.6472762184877423,0.0,0.0,19.4926448748447,97808ff407b5a06512a74860a585a5d4a177e4358e0f705d765eb715bf53989e
raw_attack_moderate,20006,influence_budget,1.8720628750086168,1.1910482930139092,1.1910482930139092,0.03125,0.0,0.96875,0.0,26.36343895598096,47.60414620305531,0.05,0.7880151206462129,0.96875,0.95625,1.0,0.93125,0.0,1.0,1.0,0.24222435108414805,0.0,0.0,0.0,0.90625,1.0044773504557327,0.0,0.0,19.641057749977335,c5cc88f362e3db18946bff8ae6f767144086f79121f9252d5bf631b1fff2cf67
raw_attack_moderate,20007,influence_budget,1.9317073466672017,1.2340137770377055,1.2340137770377055,0.01875,0.0,0.98125,0.0,28.03142628808598,49.522193600828146,0.03125,0.7900874089730585,0.975,0.95625,1.0,0.9375,0.0,1.0,1.0,0.24395155753224235,0.0,0.0,0.0,0.9,0.799841724360013,0.0,0.0,19.51502733398229,dc6ef2da63574b60091b8c127c74b599ed5a9b0de7069fc9f7bccfd119c64777
raw_attack_moderate,20008,influence_budget,1.9405277046923448,1.2876142204436087,1.2876142204436087,0.0625,0.0,0.9375,0.0,30.31321844819123,48.93358311275152,0.05,0.7552663956001174,0.98125,0.98125,0.99375,0.94375,0.0,1.0,1.0,0.25139339510255965,0.0,0.0,0.0,0.925,0.9712106458842424,0.0,0.0,19.304426750168204,9e947ec5d6ac906265ed4716bd99dcbdf62f2f6c4d9f238eb72acc6225bc645e
raw_attack_moderate,20009,influence_budget,1.9360727670867113,1.2386863980308969,1.2386863980308969,0.01875,0.0,0.98125,0.0,27.77702167357769,48.89533380470191,0.0375,0.8153879345882469,0.98125,0.95,1.0,0.975,0.0,1.0,1.0,0.25277777777777777,0.0,0.0,0.0,0.95625,1.0324771109812088,0.0,0.0,19.464359417092055,1ef763cf1d99445a13dc06a07f51c59a321e59301d17ee58cc5e6b5c00540238
raw_attack_moderate,20010,influence_budget,1.9015934769370557,1.2233672984349202,1.2233672984349202,0.04375,0.0,0.95625,0.0,27.409792249946314,47.158214866346626,0.03125,0.8274815626653073,0.9875,0.99375,1.0,0.95625,0.0,1.0,1.0,0.24791666666666665,0.0,0.0,0.0,0.925,0.8916690223080668,0.0,0.0,19.48737341701053,b2a329c99850f3958e3e8b5bd80ae93226cd38bb213fa132a7cc4c3070ab9cff
raw_attack_moderate,20011,influence_budget,1.9286472199889189,1.2390886302409194,1.2390886302409194,0.0375,0.0,0.9625,0.0,28.495751225404625,50.38713010409545,0.01875,0.8091575251277314,0.9875,0.98125,1.0,0.95625,0.0,1.0,1.0,0.24831050036389316,0.0,0.0,0.0,0.925,0.7771541721161674,0.0,0.0,19.30762662505731,2bbc9a12baec37e5b2bd1829d9246aa09122b9fc43365b78d8117f5018f3fbb1
raw_attack_moderate,20012,influence_budget,1.904437611336558,1.2142262702658473,1.2142262702658473,0.03125,0.0,0.96875,0.0,26.793758905231517,44.328224306934395,0.04375,0.7893512967916736,0.9875,0.93125,1.0,0.94375,0.0,1.0,1.0,0.2446759259259259,0.0,0.0,0.0,0.925,0.7921146331157214,0.0,0.0,19.52464700001292,dafff3b38ea1012898bcd9aa1a676084ea1271d25fd511ea18d28f3ccf988fbc
raw_attack_moderate,20013,influence_budget,1.9204648832991122,1.2378843000481494,1.2378843000481494,0.03125,0.0,0.96875,0.0,28.904312934150603,54.04951917217826,0.05625,0.8096154334286672,0.9875,0.925,1.0,0.96875,0.0,1.0,1.0,0.25166191087724044,0.0,0.0,0.0,0.93125,0.8572561980409171,0.0,0.0,19.368355375016108,8b31d1cbc20105fd32e5ef15303e687f4c98fdbd897be53c10b44471ec9d44cf
raw_attack_moderate,20014,influence_budget,1.8998711314674968,1.205427302499136,1.205427302499136,0.025,0.0,0.975,0.0,26.929610576997845,46.8872703835724,0.03125,0.8321911341203915,0.975,0.95,1.0,0.9375,0.0,1.0,1.0,0.2436174131830938,0.0,0.0,0.0,0.9125,0.8350499369575607,0.0,0.0,19.559722374891862,b400b7c4f0c1ab2905054c171c271f4c65b7296cfb9407529c99d505834fb2b1
raw_attack_moderate,20015,influence_budget,1.9247388952214863,1.2324836400968078,1.2324836400968078,0.03125,0.0,0.96875,0.0,28.393709618483747,47.735376279376844,0.025,0.8228977542593178,0.975,0.975,1.0,0.95,0.0,1.0,1.0,0.2462962962962963,0.0,0.0,0.0,0.93125,0.8992209458269309,0.0,0.0,19.62922454206273,882de2f9ad56dfeae52601f0e12c06225614fbd9cba861aeefb85a361a54c22e
raw_attack_moderate,20016,influence_budget,1.9007592433201435,1.20397980473391,1.20397980473391,0.01875,0.0,0.98125,0.0,26.647483990358126,49.56722499422802,0.05,0.7646762238496893,0.96875,0.95,1.0,0.93125,0.0,1.0,1.0,0.24188651828013413,0.0,0.0,0.0,0.90625,1.1076393486414047,0.0,0.0,19.287253207992762,75151a2923ff53261100ccd99fc20f33a5ce590e6ac48c25311b56f86882bdd7
raw_attack_moderate,20017,influence_budget,1.938466976921325,1.2504519492483537,1.2504519492483537,0.025,0.0,0.975,0.0,28.955564002235644,50.155517397115,0.0625,0.8179931775965026,0.99375,0.925,1.0,0.94375,0.0,1.0,1.0,0.2446759259259259,0.0,0.0,0.0,0.91875,1.0278857391126182,0.0,0.0,19.41834175004624,9386cd21b3d7b3521562d5c5f8bcc29b06051aba894ca115ed29c25a14bd715c
raw_attack_moderate,20018,influence_budget,1.954168782437651,1.2701958736651402,1.2701958736651402,0.03125,0.0,0.96875,0.0,29.162428237674256,51.58343884128961,0.03125,0.8232301869487635,0.98125,0.93125,1.0,0.95625,0.0,1.0,1.0,0.24791666666666665,0.0,0.0,0.0,0.925,1.0756481644830782,0.0,0.0,19.516923958202824,3addd7fd6ed25c446d31b19c0a50cf1c30d267c1c1dd0ddee04fc52ade3d072d
raw_attack_moderate,20019,influence_budget,1.902583496666948,1.2301436717529521,1.2301436717529521,0.04375,0.0,0.95625,0.0,27.27088150337865,46.84554203778581,0.075,0.7800132987058305,0.98125,0.99375,1.0,0.95625,0.0,1.0,1.0,0.24791666666666665,0.0,0.0,0.0,0.93125,1.0360867061164467,0.0,0.0,19.560023708967492,839dbe8de3d5668f503d56f5c4593362ad32a27365d59c7d3d5e8bbc4ae86d54
raw_attack_moderate,20020,influence_budget,1.9459347748441729,1.2485612259373704,1.2485612259373704,0.025,0.0,0.975,0.0,28.55977079726545,45.75158131607317,0.03125,0.8305998712798347,0.975,0.9375,0.99375,0.94375,0.0,1.0,1.0,0.2446759259259259,0.0,0.0,0.0,0.91875,1.0507786805241939,0.0,0.0,19.6234437499661,df014393d834f8093072655c76ac3d4768944d2f56e0e42bb352611e8eed3ecc
raw_attack_moderate,20021,influence_budget,1.8846884232222814,1.1894839091028027,1.1894839091028027,0.03125,0.0,0.96875,0.0,26.017346329137673,43.271530542344415,0.0375,0.7981279726193332,0.975,0.94375,1.0,0.95,0.0,1.0,1.0,0.2466914951227685,0.0,0.0,0.0,0.925,0.6994931902284189,0.0,0.0,19.340728207957,50ae5073fe5acab3ee3842e67667906432af8b277e6c93e45a2d4844859a50bc
raw_attack_moderate,20022,influence_budget,1.9458259331528,1.269028602075701,1.269028602075701,0.04375,0.0,0.95625,0.0,30.55346879598266,48.594492203614784,0.0125,0.810077662465595,0.98125,0.95625,1.0,0.91875,0.0,1.0,1.0,0.24444444444444446,0.0,0.0,0.0,0.9,0.8278969668051154,0.0,0.0,19.751416540937498,2c140af9a3d113c9b248227958e8560297f44aaef4f6f21876cf5185677fdaf1
raw_attack_moderate,20023,influence_budget,1.864022803056022,1.1914920187448763,1.1914920187448763,0.05625,0.0,0.94375,0.0,25.781345459465616,45.340877977680485,0.05,0.8240831099000425,0.9875,0.99375,1.0,0.94375,0.0,1.0,1.0,0.2446759259259259,0.0,0.0,0.0,0.91875,1.1249329488184485,0.0,0.0,19.71603591600433,ef37284a899ca4911f313ddc9f6b74a96b2a3cd66f7e64092628b9f105b781e7
raw_attack_moderate,20024,influence_budget,1.9326939851997231,1.2457680860025986,1.2457680860025986,0.03125,0.0,0.96875,0.0,28.601492823335455,51.373731513233295,0.03125,0.8282420477699961,0.9875,0.98125,1.0,0.95625,0.0,1.0,1.0,0.24791666666666665,0.0,0.0,0.0,0.93125,1.0257246599636138,0.0,0.0,19.122460999991745,6d54d34f97a01eb8e54b48fa8a9d7ed11b8e8bf00a592982b76e60bade66a9db
raw_attack_moderate,20025,influence_budget,1.935557208326229,1.251797144744777,1.251797144744777,0.03125,0.0,0.96875,0.0,28.979674710571935,50.19133471937238,0.06875,0.8022759433198431,0.975,0.9375,1.0,0.94375,0.0,1.0,1.0,0.245063395767035,0.0,0.0,0.0,0.9125,0.849935197915601,0.0,0.0,19.39312170795165,91f53e993a609ebd5e5edd450c064fb6a276b8153f74b393c4b777e3e113ef06
raw_attack_moderate,20026,influence_budget,1.9441358366454176,1.2608891992567024,1.2608891992567024,0.03125,0.0,0.96875,0.0,28.846482581477147,48.951215233247055,0.05,0.8214827766306841,0.96875,0.94375,1.0,0.95,0.0,1.0,1.0,0.2462962962962963,0.0,0.0,0.0,0.925,0.9680834960124691,0.0,0.0,19.39155358285643,6345f4afcab605aa7014ac44401c316a6417f92d998d03324e139acb93130be0
raw_attack_moderate,20027,influence_budget,1.8331578311319372,1.1865298589880955,1.1865298589880955,0.08125,0.0,0.91875,0.0,26.627788739375564,47.440485077303094,0.0375,0.79641293607768,0.95625,0.9125,1.0,0.925,0.0,1.0,1.0,0.24768295359616482,0.0,0.0,0.0,0.9,0.8479366149109614,0.0,0.0,19.644942624960095,8c2228f0323ab09f3ad16be93645e28d6342f2552a58bd30eb032e32249f47d5
raw_attack_moderate,20028,influence_budget,1.9317726540421554,1.232147325478032,1.232147325478032,0.025,0.0,0.975,0.0,28.2158477861918,44.77855446516623,0.0375,0.8351356550781841,0.9875,0.9875,1.0,0.95,0.0,1.0,1.0,0.2475900661550452,0.0,0.0,0.0,0.925,0.8005734183359146,0.0,0.0,19.475971499923617,7ce20a917be979b3779b7c4ba1f84449dda42ba65cc1822fdd744317a829edfd
raw_attack_moderate,20029,influence_budget,1.9051657230329198,1.1976614875883902,1.1976614875883902,0.0125,0.0,0.9875,0.0,26.508608292413857,44.62011067904527,0.03125,0.7952189928450311,0.975,0.96875,1.0,0.95625,0.0,1.0,1.0,0.24791666666666662,0.0,0.0,0.0,0.91875,1.0631807250796772,0.0,0.0,19.482040958013386,10b46c6b2b43ba013e52a1bf35452aef478e1f5f568c62d50cfa73b18aef9e05
raw_attack_moderate,20030,influence_budget,1.8722314551764938,1.2095949132453232,1.2095949132453232,0.05,0.0,0.95,0.0,26.673311034847764,52.10630826806601,0.06875,0.8094461391419265,0.9875,0.975,1.0,0.95625,0.0,1.0,1.0,0.24875705660985298,0.0,0.0,0.0,0.93125,0.9131324997481712,0.0,0.0,19.76803887495771,b2018bd76dc56757ca02574f97721f3a056cb04ce7b3c85af6d841a658122cab
raw_attack_moderate,20031,influence_budget,1.9135169363600588,1.231389506704522,1.231389506704522,0.0375,0.0,0.9625,0.0,28.207557884499465,53.98953196171056,0.05625,0.8279148184904119,0.975,0.975,1.0,0.93125,0.0,1.0,1.0,0.24290478258655068,0.0,0.0,0.0,0.9125,0.8896542286294725,0.0,0.0,19.503700708039105,f9462d126fba57bb891f2d3b4a212027786ed52eaef050811359299945e09945
raw_attack_moderate,20032,influence_budget,1.8797984371450265,1.220876639999053,1.220876639999053,0.05625,0.0,0.94375,0.0,27.380735941544934,50.55949227275114,0.08125,0.7831702974653985,0.98125,0.96875,1.0,0.94375,0.0,1.0,1.0,0.2452052236812574,0.0,0.0,0.0,0.90625,0.9699980802035135,0.0,0.0,19.265246459050104,f9562f9371f274b6eb5defbd79a9e6430f6c4f07f264a151af593f25026a4023
raw_attack_moderate,20033,influence_budget,1.9195606095851576,1.2155110897206467,1.2155110897206467,0.0125,0.0,0.9875,0.0,26.21449627309761,47.793340571122414,0.03125,0.8148730057381615,0.975,0.9,1.0,0.94375,0.0,1.0,1.0,0.24500787039280664,0.0,0.0,0.0,0.91875,1.3823672503694184,0.0,0.0,19.463975000195205,05f9b4732165d3b8a06b37ba0f8a4ff203dacc5d18f402960ad80c3de7eecb03
raw_attack_moderate,20034,influence_budget,1.9496989996367151,1.2619347180374956,1.2619347180374956,0.0375,0.0,0.9625,0.0,29.462810751131535,49.552834525723085,0.04375,0.8140667279361299,0.98125,0.94375,1.0,0.9625,0.0,1.0,1.0,0.24953703703703703,0.0,0.0,0.0,0.9375,0.9570938577319916,0.0,0.0,19.636810542084277,841f7462e7ea32095825eeea4c41a5c11df8c4e0663df4c1a4d4523d3145bf8f
raw_attack_moderate,20035,influence_budget,1.9206217436220279,1.2384183080467965,1.2384183080467965,0.025,0.0,0.975,0.0,28.2979681338806,50.518016509299535,0.06875,0.8152610185126938,0.9875,0.99375,1.0,0.9625,0.0,1.0,1.0,0.24953703703703703,0.0,0.0,0.0,0.93125,0.8876024921238486,0.0,0.0,19.62731604091823,58602a7ed5c35adbe07a5d106de934d16f8846764b64683fb3035b000e157cc1
raw_attack_moderate,20036,influence_budget,1.8439616876889509,1.2063943865596092,1.2063943865596092,0.09375,0.0,0.90625,0.0,26.042195832120324,44.384077755694605,0.0625,0.7746845193576046,0.96875,0.96875,1.0,0.94375,0.0,1.0,1.0,0.2446759259259259,0.0,0.0,0.0,0.9125,1.3100981201256192,0.0,0.0,19.58497304096818,5dbf45aa5b3cbb9aa6245f16ce1c6bd245e6fa4c8cf8cbe2f0f54f6f8af3fa42
raw_attack_moderate,20037,influence_budget,1.8863446825555115,1.2125523286705435,1.2125523286705435,0.05,0.0,0.95,0.0,27.130275350698128,46.92604054888521,0.05,0.821800698576293,0.98125,0.9375,0.99375,0.95,0.0,1.0,1.0,0.2462962962962963,0.0,0.0,0.0,0.925,0.9299263706894558,0.0,0.0,19.48766458313912,3cde4be24f1a4792e0d6a599ee358c8c43bdde1b81ca43a7c092e21546d9d9eb
raw_attack_moderate,20038,influence_budget,1.923307007009231,1.2490741339169802,1.2490741339169802,0.05,0.0,0.95,0.0,28.37589959106154,45.817450818598445,0.05,0.8067776951311298,0.98125,0.98125,1.0,0.95,0.0,1.0,1.0,0.2462962962962963,0.0,0.0,0.0,0.91875,1.11576166412453,0.0,0.0,19.526931250002235,b5e77ef57f40de05ff5ed8a92fc82ba8f018ef0a31ff0d58fd19835d534b870f
raw_attack_moderate,20039,influence_budget,1.8397908755254266,1.2026575615816395,1.2026575615816395,0.1,0.0,0.9,0.0,26.04514201305925,44.905074888550274,0.06875,0.8110335271534982,0.96875,0.93125,1.0,0.9625,0.0,1.0,1.0,0.24953703703703703,0.0,0.0,0.0,0.9375,1.0855375258094462,0.0,0.0,19.525416999822482,03382b490752e308e8b9d25136bf5e34a81dd6c2c6f75a99dd2e394a34d75df8
raw_attack_moderate,20000,combined,0.3555631241375676,0.3776046115962072,0.3776046115962072,0.96875,0.0,0.03125,0.0,2.2865805011127156,5.960014229685884,0.95,0.08310011001668646,0.98125,0.9125,1.0,0.0,0.98125,0.7662538287383196,0.05,0.0048928912684232705,0.0673568896198779,0.9625,0.0,0.925,0.9371545082710195,0.0,0.0,19.532233875012025,1919eee05e3af18f722bed7a07e15edc3f459d65edfef219b26b75b7d6cd2cde
raw_attack_moderate,20001,combined,0.3276436370150354,0.35397930275287914,0.35397930275287914,0.96875,0.0,0.03125,0.0,2.0150169750328644,7.373093335031824,0.91875,0.08144191831380074,0.99375,0.95,1.0,0.0,0.96875,0.7645172493591819,0.05,0.006002237062049033,0.06690567891407742,0.9625,0.0,0.925,0.8988969287337352,0.0,0.0,19.634164874907583,dfd76687d3f19b8344f230e68c1e5fb296e2ab5cbcbe4d977b3745281b7555c9
raw_attack_moderate,20002,combined,0.3183546925083656,0.3657135221247807,0.3657135221247807,1.0,0.0,0.0,0.0,1.85325123041951,5.962026193528376,0.95,0.07977618304188012,0.96875,0.96875,1.0,0.0,0.99375,0.7589004668493088,0.05,0.0036681345522607016,0.0697892903125,0.990625,0.0,0.93125,1.224924516050707,0.0,0.0,19.544041292043403,d9f566b8b8d9422340f4133947f8f2d8344db78a5d34a8514d863df50ee35d16
raw_attack_moderate,20003,combined,0.33107709857496426,0.3563865214773762,0.3563865214773762,0.975,0.0,0.025,0.0,1.9977648348723975,5.995999990915992,0.95,0.08044314305565978,0.99375,0.91875,0.99375,0.0,0.9875,0.7667760962379274,0.05,0.006111759078683767,0.06797032057528943,0.9625,0.0,0.90625,0.7215809393368791,0.0,0.0,19.63640887499787,4195344809a1ebdbdac8ddf03b05e440d984445a9698bdcff5b089321f1cc18c
raw_attack_moderate,20004,combined,0.31826248796641343,0.35851216560054905,0.35851216560054905,1.0,0.0,0.0,0.0,1.8885345514849958,5.874110726511022,0.95625,0.08052425838753406,0.99375,0.98125,1.0,0.0,0.99375,0.7556345482932345,0.05,0.005072742313520653,0.06947888185170173,0.98125,0.0,0.94375,0.9074291013912618,0.0,0.0,19.668814041884616,c07d6d2251d26905536f5f6a9d8235b79e728e6788bf4989ea90de0081cac77c
raw_attack_moderate,20005,combined,0.37750311095893085,0.3955214911473081,0.3955214911473081,0.94375,0.0,0.05625,0.0,2.881362793817888,7.057374954524272,0.91875,0.08224746226960947,0.96875,0.90625,1.0,0.0,0.975,0.7696000207858089,0.05,0.005872908179248636,0.066812499847652,0.95,0.0,0.90625,0.6472762184877423,0.0,0.0,19.4926448748447,97808ff407b5a06512a74860a585a5d4a177e4358e0f705d765eb715bf53989e
raw_attack_moderate,20006,combined,0.3198167175850052,0.3442248980803725,0.3442248980803725,0.96875,0.0,0.03125,0.0,1.8368558277317941,5.530438562588774,0.95625,0.08084493548581176,0.96875,0.95625,1.0,0.0,0.975,0.7673288856060936,0.05,0.003999968900840301,0.06848062243783244,0.9625,0.0,0.90625,1.0044773504557327,0.0,0.0,19.641057749977335,c5cc88f362e3db18946bff8ae6f767144086f79121f9252d5bf631b1fff2cf67
raw_attack_moderate,20007,combined,0.3693194223780932,0.38646332123775246,0.38646332123775246,0.95625,0.0,0.04375,0.0,2.4347938502591937,6.771959360073798,0.925,0.08271943509582,0.975,0.95625,1.0,0.0,0.9875,0.7663568398592597,0.05,0.0054081347595885225,0.0682414456202733,0.95625,0.0,0.9,0.799841724360013,0.0,0.0,19.51502733398229,dc6ef2da63574b60091b8c127c74b599ed5a9b0de7069fc9f7bccfd119c64777
raw_attack_moderate,20008,combined,0.3155466196383772,0.3531268911150525,0.3531268911150525,1.0,0.0,0.0,0.0,1.7960391549798254,4.818407058981735,0.975,0.07889140187764383,0.98125,0.98125,0.99375,0.0,0.9875,0.7594278706103992,0.05,0.010149423322743857,0.0693392903125,0.9875,0.0,0.925,0.9712106458842424,0.0,0.0,19.304426750168204,9e947ec5d6ac906265ed4716bd99dcbdf62f2f6c4d9f238eb72acc6225bc645e
raw_attack_moderate,20009,combined,0.37360820458348004,0.3953358498472001,0.3953358498472001,0.9625,0.0,0.0375,0.0,2.372872741602258,7.058316692791139,0.9375,0.08237317321062856,0.98125,0.95,1.0,0.0,0.975,0.7657037188838778,0.05,0.006186402221069113,0.06760869315443607,0.959375,0.0,0.95625,1.0324771109812088,0.0,0.0,19.464359417092055,1ef763cf1d99445a13dc06a07f51c59a321e59301d17ee58cc5e6b5c00540238
raw_attack_moderate,20010,combined,0.3319143484978736,0.36980147311263856,0.36980147311263856,0.99375,0.0,0.00625,0.0,1.9442830237791129,5.99907353919689,0.94375,0.07981785662106447,0.9875,0.99375,1.0,0.0,0.9875,0.7584074446894478,0.05,0.005391580552140514,0.0693392903125,0.978125,0.0,0.925,0.8916690223080668,0.0,0.0,19.48737341701053,b2a329c99850f3958e3e8b5bd80ae93226cd38bb213fa132a7cc4c3070ab9cff
raw_attack_moderate,20011,combined,0.3035427018526312,0.3441180410193735,0.3441180410193735,1.0,0.0,0.0,0.0,1.7196884954129892,5.505783498877875,0.95625,0.07917566533473278,0.9875,0.98125,1.0,0.0,0.9875,0.7568873597764224,0.05,0.005142610578614333,0.06933735561679993,0.9875,0.0,0.925,0.7771541721161674,0.0,0.0,19.30762662505731,2bbc9a12baec37e5b2bd1829d9246aa09122b9fc43365b78d8117f5018f3fbb1
raw_attack_moderate,20012,combined,0.29686764856952974,0.33056574694092516,0.33056574694092516,1.0,0.0,0.0,0.0,1.6622035753434172,4.7075164067275725,0.96875,0.07881943560612162,0.9875,0.93125,1.0,0.0,0.9875,0.762001215674178,0.05,0.005494828180620297,0.06861342482326652,0.9625,0.0,0.925,0.7921146331157214,0.0,0.0,19.52464700001292,dafff3b38ea1012898bcd9aa1a676084ea1271d25fd511ea18d28f3ccf988fbc
raw_attack_moderate,20013,combined,0.392991265829827,0.3862760527729162,0.3862760527729162,0.93125,0.0,0.06875,0.0,2.2925795546349277,7.282587935145776,0.91875,0.08519680301185402,0.9875,0.925,1.0,0.0,0.96875,0.7665537604724298,0.05,0.0052918390862893485,0.06762800398115867,0.965625,0.0,0.93125,0.8572561980409171,0.0,0.0,19.368355375016108,8b31d1cbc20105fd32e5ef15303e687f4c98fdbd897be53c10b44471ec9d44cf
raw_attack_moderate,20014,combined,0.3243546753069735,0.35370182184418003,0.35370182184418003,0.99375,0.0,0.00625,0.0,1.8416417725746013,4.825082507082055,0.9875,0.0798255460332786,0.975,0.95,1.0,0.0,0.9875,0.763201757077241,0.05,0.007202896985139047,0.06764072333588579,0.98125,0.0,0.9125,0.8350499369575607,0.0,0.0,19.559722374891862,b400b7c4f0c1ab2905054c171c271f4c65b7296cfb9407529c99d505834fb2b1
raw_attack_moderate,20015,combined,0.35646652658627237,0.367004308808266,0.367004308808266,0.9625,0.0,0.0375,0.0,2.049709118747081,5.171978533839787,0.9625,0.08243918659978203,0.975,0.975,1.0,0.0,0.9875,0.7628167103784687,0.05,0.004996379687494844,0.0685833622517839,0.975,0.0,0.93125,0.8992209458269309,0.0,0.0,19.62922454206273,882de2f9ad56dfeae52601f0e12c06225614fbd9cba861aeefb85a361a54c22e
raw_attack_moderate,20016,combined,0.4424240894415708,0.3956772220449442,0.3956772220449442,0.875,0.0,0.125,0.0,2.720177637695694,9.602410064603394,0.9125,0.08767480211329089,0.96875,0.95,1.0,0.0,0.95625,0.7669956427133705,0.05,0.004339810926404265,0.06698800080063635,0.9375,0.0,0.90625,1.1076393486414047,0.0,0.0,19.287253207992762,75151a2923ff53261100ccd99fc20f33a5ce590e6ac48c25311b56f86882bdd7
raw_attack_moderate,20017,combined,0.3421917109983327,0.3573547328520257,0.3573547328520257,0.96875,0.0,0.03125,0.0,2.0298192961935757,5.9728945046256445,0.95,0.0807870786129182,0.99375,0.925,1.0,0.0,0.975,0.7690247730865394,0.05,0.004734312959446145,0.06644897028346014,0.959375,0.0,0.91875,1.0278857391126182,0.0,0.0,19.41834175004624,9386cd21b3d7b3521562d5c5f8bcc29b06051aba894ca115ed29c25a14bd715c
raw_attack_moderate,20018,combined,0.3883227189679558,0.3609243938101473,0.3609243938101473,0.9,0.0,0.1,0.0,2.0594695849727414,7.17995538681014,0.93125,0.08743923521578904,0.98125,0.93125,1.0,0.0,0.95625,0.7659698964955964,0.05,0.0062377890246416885,0.06584328413688403,0.94375,0.0,0.925,1.0756481644830782,0.0,0.0,19.516923958202824,3addd7fd6ed25c446d31b19c0a50cf1c30d267c1c1dd0ddee04fc52ade3d072d
raw_attack_moderate,20019,combined,0.3278330455133121,0.3694722470567318,0.3694722470567318,1.0,0.0,0.0,0.0,2.0074892915234566,5.68095835894452,0.9625,0.079938389955945,0.98125,0.99375,1.0,0.0,0.9875,0.760990028129819,0.05,0.004046312098537903,0.0693392903125,0.96875,0.0,0.93125,1.0360867061164467,0.0,0.0,19.560023708967492,839dbe8de3d5668f503d56f5c4593362ad32a27365d59c7d3d5e8bbc4ae86d54
raw_attack_moderate,20020,combined,0.3527014601680745,0.35650396880814583,0.35650396880814583,0.95,0.0,0.05,0.0,2.002173558528252,5.131329564162035,0.95625,0.08181257326318582,0.975,0.9375,0.99375,0.0,0.96875,0.7657597732815395,0.05,0.0064017501769639855,0.06732232362038268,0.95625,0.0,0.91875,1.0507786805241939,0.0,0.0,19.6234437499661,df014393d834f8093072655c76ac3d4768944d2f56e0e42bb352611e8eed3ecc
raw_attack_moderate,20021,combined,0.33289145993905683,0.36166647733860063,0.36166647733860063,0.975,0.0,0.025,0.0,2.193994389375355,6.495414261438466,0.93125,0.08105042288352757,0.975,0.94375,1.0,0.0,0.9625,0.7680942576309332,0.05,0.005522691870286868,0.0675392903125,0.95625,0.0,0.925,0.6994931902284189,0.0,0.0,19.340728207957,50ae5073fe5acab3ee3842e67667906432af8b277e6c93e45a2d4844859a50bc
raw_attack_moderate,20022,combined,0.4105747539466746,0.3594050873410058,0.3594050873410058,0.875,0.0,0.125,0.0,2.063311752175492,5.731263991752503,0.95,0.08901726316882153,0.98125,0.95625,1.0,0.0,0.9875,0.7665165941265866,0.05,0.011650203640679566,0.06836239425456916,0.959375,0.0,0.9,0.8278969668051154,0.0,0.0,19.751416540937498,2c140af9a3d113c9b248227958e8560297f44aaef4f6f21876cf5185677fdaf1
raw_attack_moderate,20023,combined,0.3024326315951632,0.3420818770111159,0.3420818770111159,1.0,0.0,0.0,0.0,1.6650169604072005,4.733481804036776,0.98125,0.07865719169925253,0.9875,0.99375,1.0,0.0,0.9875,0.7607686699312748,0.05,0.003768520845299898,0.06935069868611368,0.9875,0.0,0.91875,1.1249329488184485,0.0,0.0,19.71603591600433,ef37284a899ca4911f313ddc9f6b74a96b2a3cd66f7e64092628b9f105b781e7
raw_attack_moderate,20024,combined,0.3006972849975943,0.3421642280460927,0.3421642280460927,1.0,0.0,0.0,0.0,1.659216128627028,4.7172119581344845,0.96875,0.078645897409375,0.9875,0.98125,1.0,0.0,0.9875,0.7557225892254726,0.05,0.0035816152566070904,0.0693392903125,0.9875,0.0,0.93125,1.0257246599636138,0.0,0.0,19.122460999991745,6d54d34f97a01eb8e54b48fa8a9d7ed11b8e8bf00a592982b76e60bade66a9db
raw_attack_moderate,20025,combined,0.3576050134493907,0.36374695639887694,0.36374695639887694,0.95625,0.0,0.04375,0.0,1.9286456552129692,5.006547409236245,0.96875,0.08147273624325965,0.975,0.9375,1.0,0.0,0.9875,0.7616292876592992,0.05,0.004961127210152002,0.0690446903125,0.975,0.0,0.9125,0.849935197915601,0.0,0.0,19.39312170795165,91f53e993a609ebd5e5edd450c064fb6a276b8153f74b393c4b777e3e113ef06
raw_attack_moderate,20026,combined,0.3963705550348747,0.3853747087798129,0.3853747087798129,0.91875,0.0,0.08125,0.0,2.482574696821706,7.031029471243952,0.90625,0.08552585140898636,0.96875,0.94375,1.0,0.0,0.95,0.7677177764406562,0.05,0.00555305058072292,0.06631828912636026,0.94375,0.0,0.925,0.9680834960124691,0.0,0.0,19.39155358285643,6345f4afcab605aa7014ac44401c316a6417f92d998d03324e139acb93130be0
raw_attack_moderate,20027,combined,0.28909139917954924,0.3290079271878471,0.3290079271878471,1.0,0.0,0.0,0.0,1.6223990768928254,4.571891037805482,0.96875,0.07763909565392169,0.95625,0.9125,1.0,0.0,0.99375,0.7631660658798097,0.05,0.011582585173490294,0.06832231884234513,0.9875,0.0,0.9,0.8479366149109614,0.0,0.0,19.644942624960095,8c2228f0323ab09f3ad16be93645e28d6342f2552a58bd30eb032e32249f47d5
raw_attack_moderate,20028,combined,0.3514777591587647,0.3309392534887617,0.3309392534887617,0.925,0.0,0.075,0.0,1.6362254551502382,4.851918945106187,0.975,0.08571391996389034,0.9875,0.9875,1.0,0.0,0.99375,0.7648186437993099,0.05,0.005997090650168358,0.06936164635914636,0.975,0.0,0.925,0.8005734183359146,0.0,0.0,19.475971499923617,7ce20a917be979b3779b7c4ba1f84449dda42ba65cc1822fdd744317a829edfd
raw_attack_moderate,20029,combined,0.32623859168370134,0.3661075801261024,0.3661075801261024,1.0,0.0,0.0,0.0,1.9854021380368052,4.86192274729619,0.96875,0.07953289781785174,0.975,0.96875,1.0,0.0,0.99375,0.7628013718779687,0.05,0.00598944219967971,0.0694879363709024,0.978125,0.0,0.91875,1.0631807250796772,0.0,0.0,19.482040958013386,10b46c6b2b43ba013e52a1bf35452aef478e1f5f568c62d50cfa73b18aef9e05
raw_attack_moderate,20030,combined,0.3266552096072233,0.3697777941353583,0.3697777941353583,0.99375,0.0,0.00625,0.0,1.9756772898731296,6.3211621956942725,0.94375,0.07939821953485518,0.9875,0.975,1.0,0.0,0.9875,0.7583336959037157,0.05,0.003807054336975285,0.0693392903125,0.984375,0.0,0.93125,0.9131324997481712,0.0,0.0,19.76803887495771,b2018bd76dc56757ca02574f97721f3a056cb04ce7b3c85af6d841a658122cab
raw_attack_moderate,20031,combined,0.32072901666134523,0.3583876675352641,0.3583876675352641,1.0,0.0,0.0,0.0,1.894515998117583,5.027790572875546,0.96875,0.07938959181232433,0.975,0.975,1.0,0.0,0.9875,0.7667003157126991,0.05,0.003568150212026361,0.0690446903125,0.971875,0.0,0.9125,0.8896542286294725,0.0,0.0,19.503700708039105,f9462d126fba57bb891f2d3b4a212027786ed52eaef050811359299945e09945
raw_attack_moderate,20032,combined,0.3530277425483281,0.3798465032831093,0.3798465032831093,0.96875,0.0,0.03125,0.0,2.3368851322400808,7.317796750472704,0.925,0.07960422825053877,0.98125,0.96875,1.0,0.0,0.9875,0.7658911283273676,0.05,0.004648129253791815,0.06839596514148624,0.959375,0.0,0.90625,0.9699980802035135,0.0,0.0,19.265246459050104,f9562f9371f274b6eb5defbd79a9e6430f6c4f07f264a151af593f25026a4023
raw_attack_moderate,20033,combined,0.3696160685652697,0.33667257442423476,0.33667257442423476,0.90625,0.0,0.09375,0.0,1.7534524035285366,5.419660359147195,0.975,0.08768775483621302,0.975,0.9,1.0,0.0,0.9625,0.7687958824452276,0.05,0.004904418567748757,0.06639598223704204,0.946875,0.0,0.91875,1.3823672503694184,0.0,0.0,19.463975000195205,05f9b4732165d3b8a06b37ba0f8a4ff203dacc5d18f402960ad80c3de7eecb03
raw_attack_moderate,20034,combined,0.31945835612891554,0.3629850166933756,0.3629850166933756,1.0,0.0,0.0,0.0,2.094823615117363,6.284966355450111,0.94375,0.07745944843125341,0.98125,0.94375,1.0,0.0,0.96875,0.7699342969827686,0.05,0.004723932001577209,0.06765294104252725,0.95625,0.0,0.9375,0.9570938577319916,0.0,0.0,19.636810542084277,841f7462e7ea32095825eeea4c41a5c11df8c4e0663df4c1a4d4523d3145bf8f
raw_attack_moderate,20035,combined,0.3244468515860796,0.36404100869675765,0.36404100869675765,1.0,0.0,0.0,0.0,1.8766744630918146,5.191556764793006,0.9625,0.078645897409375,0.9875,0.99375,1.0,0.0,0.9875,0.7595796883665975,0.05,0.003749377580760822,0.0693392903125,0.9875,0.0,0.93125,0.8876024921238486,0.0,0.0,19.62731604091823,58602a7ed5c35adbe07a5d106de934d16f8846764b64683fb3035b000e157cc1
raw_attack_moderate,20036,combined,0.310527677019426,0.3516186320398178,0.3516186320398178,1.0,0.0,0.0,0.0,1.7230673368696974,5.127770721173714,0.975,0.07965425431412798,0.96875,0.96875,1.0,0.0,0.9875,0.761360955329853,0.05,0.003892771439316282,0.06897549965395611,0.9875,0.0,0.9125,1.3100981201256192,0.0,0.0,19.58497304096818,5dbf45aa5b3cbb9aa6245f16ce1c6bd245e6fa4c8cf8cbe2f0f54f6f8af3fa42
raw_attack_moderate,20037,combined,0.33472288945156015,0.3489791033139011,0.3489791033139011,0.95625,0.0,0.04375,0.0,2.0440890287931457,5.011400978827959,0.95,0.08163235349115616,0.98125,0.9375,0.99375,0.0,0.95625,0.7598382601780742,0.05,0.005400522271562029,0.06674722913671796,0.953125,0.0,0.925,0.9299263706894558,0.0,0.0,19.48766458313912,3cde4be24f1a4792e0d6a599ee358c8c43bdde1b81ca43a7c092e21546d9d9eb
raw_attack_moderate,20038,combined,0.29659175588811554,0.3373219864202605,0.3373219864202605,1.0,0.0,0.0,0.0,1.6171435336792723,5.1462958980103135,0.975,0.078768529314493,0.98125,0.98125,1.0,0.0,0.9875,0.7596380579192645,0.05,0.0041112327505033585,0.0693392903125,0.984375,0.0,0.91875,1.11576166412453,0.0,0.0,19.526931250002235,b5e77ef57f40de05ff5ed8a92fc82ba8f018ef0a31ff0d58fd19835d534b870f
raw_attack_moderate,20039,combined,0.3313701700212274,0.3690969771829027,0.3690969771829027,1.0,0.0,0.0,0.0,2.130121112806443,4.791162765311976,0.9625,0.08081995618770785,0.96875,0.93125,1.0,0.0,0.9625,0.765889838444475,0.05,0.005752160750324244,0.0671762651285553,0.959375,0.0,0.9375,1.0855375258094462,0.0,0.0,19.525416999822482,03382b490752e308e8b9d25136bf5e34a81dd6c2c6f75a99dd2e394a34d75df8
raw_attack_severe,20000,m9c_baseline,4.294285904134447,3.6170001623202643,3.6170001623202643,0.0125,0.0,0.9875,0.0,539.3221847603381,726.345184211976,0.00625,0.9560244468961155,0.0,0.0,0.0,0.0,0.0,1.0,1.0,0.0,0.0,0.0,0.0,0.75625,0.9734050890444085,0.0,0.0,18.72369533404708,ec2d7e0b9e7538be5ed51c634b09a6889465c4afd9a1708a9c1bad5e9a33871e
raw_attack_severe,20001,m9c_baseline,4.31021767553005,3.6350858414105787,3.6350858414105787,0.01875,0.0,0.98125,0.0,544.2141578755738,712.0846685276255,0.00625,0.952091043148612,0.0,0.0,0.0,0.0,0.0,1.0,1.0,0.0,0.0,0.0,0.0,0.81875,0.9567588524052109,0.0,0.0,18.86567850015126,9c84b0bad5105c36d2b57562546b484af7732882ada1fc0312326357d32e018d
raw_attack_severe,20002,m9c_baseline,4.242030157838648,3.578653088833688,3.578653088833688,0.03125,0.0,0.96875,0.0,530.5162224818889,716.6091381498283,0.00625,0.9437919468833661,0.0,0.0,0.0,0.0,0.0,1.0,1.0,0.0,0.0,0.0,0.0,0.75,1.2543065618318803,0.0,0.0,18.827343791956082,86644e3484694014c6d7a24e44435f69b57ff8581ba58167a770a9c9d491e34b
raw_attack_severe,20003,m9c_baseline,4.307192843308117,3.6389329367063272,3.6389329367063272,0.01875,0.0,0.98125,0.0,522.6990816915929,720.7636471789243,0.0125,0.9524842942147476,0.0,0.0,0.0,0.0,0.0,1.0,1.0,0.0,0.0,0.0,0.0,0.74375,0.736046486113254,0.0,0.0,18.898881874978542,82cfe6daabd118ce186e7979173b80d5e0fe8359962ed1bfe95c67e69508fb32
raw_attack_severe,20004,m9c_baseline,4.239643608689121,3.568635149181695,3.568635149181695,0.01875,0.0,0.98125,0.0,519.4487298605211,713.0233552779965,0.0125,0.9552961867962242,0.0,0.0,0.0,0.0,0.0,1.0,1.0,0.0,0.0,0.0,0.0,0.725,0.9457338454000611,0.0,0.0,18.67971737496555,83ca293b56706486a38665ae8bc48e5212881135fa5f632c6185be54e0a9fbb1
raw_attack_severe,20005,m9c_baseline,4.3074923893598855,3.6296555397521963,3.6296555397521963,0.01875,0.0,0.98125,0.0,516.310538045261,703.8001573514535,0.0,0.9510673820735537,0.0,0.0,0.0,0.0,0.0,1.0,1.0,0.0,0.0,0.0,0.0,0.76875,0.7180736359512333,0.0,0.0,18.874514125054702,ab6eba8e749a2120379774673a546c97513cfbc4513b3ee2a6fb3f552ad95bd8
raw_attack_severe,20006,m9c_baseline,4.240639409762168,3.577176242475985,3.577176242475985,0.03125,0.0,0.96875,0.0,531.0845590810371,719.4117335287201,0.0125,0.9435597225289991,0.0,0.0,0.0,0.0,0.0,1.0,1.0,0.0,0.0,0.0,0.0,0.8125,1.0424241483863834,0.0,0.0,19.06805995805189,564bee3e16d43bfdf60519e202e107a563ed0954ace8ec77e290f3e96887f443
raw_attack_severe,20007,m9c_baseline,4.291950153397431,3.6104333166403255,3.6104333166403255,0.0125,0.0,0.9875,0.0,522.214222456907,700.8422261393132,0.00625,0.9591533969000432,0.0,0.0,0.0,0.0,0.0,1.0,1.0,0.0,0.0,0.0,0.0,0.7375,0.8525971733435309,0.0,0.0,18.892297875136137,efc862e59981eb840060cf16b6ad9d7fa7d20b279dbd502282c361ab0a639cb7
raw_attack_severe,20008,m9c_baseline,4.318118898858378,3.639689471411077,3.639689471411077,0.0125,0.0,0.9875,0.0,559.6532236617676,737.3603486839393,0.0125,0.9490011161131278,0.0,0.0,0.0,0.0,0.0,1.0,1.0,0.0,0.0,0.0,0.0,0.84375,1.0338740536083428,0.0,0.0,18.490222708089277,b76f6a10a02ae70ed0abe7c59aa3d4ba4538847f0e741c2a4bf0970f9d21374c
raw_attack_severe,20009,m9c_baseline,4.298767885123245,3.622955844780824,3.622955844780824,0.0125,0.0,0.9875,0.0,541.1294180764489,762.6869722587073,0.00625,0.9598240973642713,0.0,0.0,0.0,0.0,0.0,1.0,1.0,0.0,0.0,0.0,0.0,0.7375,1.0864943022637983,0.0,0.0,18.71807908406481,753d6ef8cf5d0bd96c49b00b062fe0081ce0695bb0f21d528b9ef38e6e596911
raw_attack_severe,20010,m9c_baseline,4.323284227948019,3.646760410771031,3.646760410771031,0.01875,0.0,0.98125,0.0,550.0543050715869,738.5287720291753,0.00625,0.9484105914217869,0.0,0.0,0.0,0.0,0.0,1.0,1.0,0.0,0.0,0.0,0.0,0.8375,0.9436475086222391,0.0,0.0,18.88110737479292,74a7ac6e7fc97cc8fc6df89019a3d95d5deaaf6e18cc12d3462b90c72bbbe83f
raw_attack_severe,20011,m9c_baseline,4.2818075168537275,3.6036398471363755,3.6036398471363755,0.01875,0.0,0.98125,0.0,526.3695688142155,711.3427396718627,0.0125,0.955081262376218,0.0,0.0,0.0,0.0,0.0,1.0,1.0,0.0,0.0,0.0,0.0,0.7125,0.8616415818830223,0.0,0.0,18.95144624984823,0c849fb87230b942a1f5ca575300f468e64ea8ea6aa7edc9c24904f6e85c4850
raw_attack_severe,20012,m9c_baseline,4.321251004970705,3.644447309002188,3.644447309002188,0.0125,0.0,0.9875,0.0,535.0065659572844,720.7315101578449,0.00625,0.9585808783105856,0.0,0.0,0.0,0.0,0.0,1.0,1.0,0.0,0.0,0.0,0.0,0.825,0.8461592849383706,0.0,0.0,18.627989624859765,87fe60a1618106c7f7dcf89517a0322f631a6e3e68ade8facb206631649d34d0
raw_attack_severe,20013,m9c_baseline,4.298983448281715,3.607409705390311,3.607409705390311,0.0,0.0,1.0,0.0,532.7093236889386,718.3706533104489,0.00625,0.9612131768217018,0.0,0.0,0.0,0.0,0.0,1.0,1.0,0.0,0.0,0.0,0.0,0.75,0.9173157706677602,0.0,0.0,18.904610000085086,695545ba471265072e5ecc5652e4ab09b7e56b3770c30bd38227ba3f17e44c87
raw_attack_severe,20014,m9c_baseline,4.298423050893303,3.6138477766733392,3.6138477766733392,0.0125,0.0,0.9875,0.0,533.4657675545986,740.9011595632799,0.0,0.9595962458285495,0.0,0.0,0.0,0.0,0.0,1.0,1.0,0.0,0.0,0.0,0.0,0.7125,0.8795836152401482,0.0,0.0,18.963604874908924,6b3911a113acc888d53a19666c3fd9c8981f131e97bcc7d0025c16f8dad71b17
raw_attack_severe,20015,m9c_baseline,4.2911852172656975,3.6087784736640387,3.6087784736640387,0.00625,0.0,0.99375,0.0,536.3240103493144,721.6418504951384,0.0125,0.9505289302814122,0.0,0.0,0.0,0.0,0.0,1.0,1.0,0.0,0.0,0.0,0.0,0.7375,0.9794100792252692,0.0,0.0,19.02744833403267,93492038a208924bd2321df310e0944c863fb46d6886a87ff189fded63413e2e
raw_attack_severe,20016,m9c_baseline,4.242050222930551,3.569459957691902,3.569459957691902,0.01875,0.0,0.98125,0.0,526.5967848230824,715.562380658558,0.0125,0.9562619418845071,0.0,0.0,0.0,0.0,0.0,1.0,1.0,0.0,0.0,0.0,0.0,0.7125,1.1453729959288352,0.0,0.0,18.673975832993165,878bf79bdda67e1078ec6fe9e236dcfdeff73b1d536bfa46380ec897c7d0bec2
raw_attack_severe,20017,m9c_baseline,4.289218425135513,3.610549150552684,3.610549150552684,0.0125,0.0,0.9875,0.0,540.8316973780418,742.2526613199361,0.0125,0.9599379145853784,0.0,0.0,0.0,0.0,0.0,1.0,1.0,0.0,0.0,0.0,0.0,0.71875,1.0700304912625405,0.0,0.0,18.91283162496984,5414a2ae47892b1944c50abf3dcfa00af4344f7f1cd8cc8f6e21bc83f4942b2d
raw_attack_severe,20018,m9c_baseline,4.351549791447726,3.6815877613409134,3.6815877613409134,0.0125,0.0,0.9875,0.0,567.6222199768857,782.8353236555029,0.00625,0.947920673215098,0.0,0.0,0.0,0.0,0.0,1.0,1.0,0.0,0.0,0.0,0.0,0.71875,1.1043754640743644,0.0,0.0,18.857018624898046,9b1e2295b11c3f928f0b33bd2132e726715ccfafe3b5c9f998058748ba452308
raw_attack_severe,20019,m9c_baseline,4.316962639036183,3.6399582994085655,3.6399582994085655,0.00625,0.0,0.99375,0.0,551.9167169530563,747.2639685934453,0.0125,0.9525599225221251,0.0,0.0,0.0,0.0,0.0,1.0,1.0,0.0,0.0,0.0,0.0,0.71875,1.086264260365485,0.0,0.0,18.938146458007395,85e192c2d7b7e0e31f94ed78731f9acd10f5615ae939b61065c6d9685e586cf7
raw_attack_severe,20020,m9c_baseline,4.237077502370881,3.563899974388508,3.563899974388508,0.01875,0.0,0.98125,0.0,522.6408304368485,721.9604275883963,0.00625,0.9545130661338546,0.0,0.0,0.0,0.0,0.0,1.0,1.0,0.0,0.0,0.0,0.0,0.75,1.0920566996185346,0.0,0.0,18.75321549992077,df070878ca8849dba58f9bdadb9a22788e0db9996544910a3bb971bfcc341b64
raw_attack_severe,20021,m9c_baseline,4.168543288408354,3.4980421385534015,3.4980421385534015,0.025,0.0,0.975,0.0,480.4557201332529,680.6719346096819,0.0125,0.9479175908238211,0.0,0.0,0.0,0.0,0.0,1.0,1.0,0.0,0.0,0.0,0.0,0.7875,0.7662418843958141,0.0,0.0,18.90173895796761,8e23de4ac591df21f3f4be4051f3075ab6edc94df742c84689e44f31746e35a7
raw_attack_severe,20022,m9c_baseline,4.33929537340244,3.6555412379303434,3.6555412379303434,0.00625,0.0,0.99375,0.0,540.1517206344843,725.3000309264233,0.0125,0.9555956447277894,0.0,0.0,0.0,0.0,0.0,1.0,1.0,0.0,0.0,0.0,0.0,0.80625,0.8866188040226053,0.0,0.0,18.951417207950726,edb7eefad688ef342da41e73221a19ba02a4897b80d4831512b57f658c4e6e4e
raw_attack_severe,20023,m9c_baseline,4.293294576415403,3.6371109311532046,3.6371109311532046,0.0375,0.0,0.9625,0.0,558.3004690951262,758.8638133545294,0.00625,0.9415608492984425,0.0,0.0,0.0,0.0,0.0,1.0,1.0,0.0,0.0,0.0,0.0,0.7625,1.1608141491510913,0.0,0.0,19.126143499976024,0589da53fb9b6568cef96747de77e218d441bda05e1344063daf4052da250b54
raw_attack_severe,20024,m9c_baseline,4.334592481544901,3.658352116999124,3.658352116999124,0.01875,0.0,0.98125,0.0,552.7816897283302,759.5456539712387,0.0125,0.9542713729671437,0.0,0.0,0.0,0.0,0.0,1.0,1.0,0.0,0.0,0.0,0.0,0.75625,1.0936168857541861,0.0,0.0,18.48070158297196,1016032602f3794699584a33f9ca7d9db04005efa2fe95dd9234c0574aa50f68
raw_attack_severe,20025,m9c_baseline,4.277350709611641,3.609446714914963,3.609446714914963,0.025,0.0,0.975,0.0,525.9679581704866,719.591700124292,0.01875,0.9511056841391448,0.0,0.0,0.0,0.0,0.0,1.0,1.0,0.0,0.0,0.0,0.0,0.84375,0.8922309948828442,0.0,0.0,18.771784165874124,9698481abd71a486046ed773f6d486ab25f05fe1929e840c87185faaca2b8745
raw_attack_severe,20026,m9c_baseline,4.0236313416481595,3.4568140887178633,3.4568140887178633,0.025,0.0,0.975,0.0,475.3109026257729,733.0114347554432,0.0625,0.9494639003369432,0.0,0.0,0.0,0.0,0.0,1.0,1.0,0.0,0.0,0.0,0.0,0.73125,1.0089212546451185,0.0,0.0,18.77179329120554,4ecd8f32ae72022144a0717029fb0b8d1c3ecaaf03b7a30a9358dddcde03eb40
raw_attack_severe,20027,m9c_baseline,4.255012893894742,3.572552237301806,3.572552237301806,0.01875,0.0,0.98125,0.0,533.6874153572883,750.8890572507673,0.0125,0.9535177346318159,0.0,0.0,0.0,0.0,0.0,1.0,1.0,0.0,0.0,0.0,0.0,0.7625,0.9231026204186193,0.0,0.0,18.767900000093505,7b83b05b1428cd697504225225afef79a3f1155ae7d589b84ded899e9955f7aa
raw_attack_severe,20028,m9c_baseline,4.242779933965497,3.5638293648605015,3.5638293648605015,0.0,0.0,1.0,0.0,514.6361180174388,706.1248568674853,0.0125,0.9623610202175232,0.0,0.0,0.0,0.0,0.0,1.0,1.0,0.0,0.0,0.0,0.0,0.83125,0.8587529024378473,0.0,0.0,18.67043891712092,c21316e7f07cc848ce771e94be43147f4fce6977021ae04beaa02c1e72b496e3
raw_attack_severe,20029,m9c_baseline,4.286477693086507,3.5977704302272557,3.5977704302272557,0.00625,0.0,0.99375,0.0,538.2242768604074,717.1553075935079,0.0,0.9583063582703073,0.0,0.0,0.0,0.0,0.0,1.0,1.0,0.0,0.0,0.0,0.0,0.74375,1.1029910581237028,0.0,0.0,18.90238891588524,10686bdd6fe767aba508e976823a5d7e163cae61deb2dd65507c1108c2a808a4
raw_attack_severe,20030,m9c_baseline,4.252811288267621,3.60233156188417,3.60233156188417,0.025,0.0,0.975,0.0,530.3309207512369,757.9923497305778,0.0125,0.9502087439978795,0.0,0.0,0.0,0.0,0.0,1.0,1.0,0.0,0.0,0.0,0.0,0.8,0.9768612241881168,0.0,0.0,18.97084724996239,41afc15c3b32c5cc58ff043bdfc85b78388b4dffdb99315673463425f739e897
raw_attack_severe,20031,m9c_baseline,4.300626479006243,3.62470720344859,3.62470720344859,0.0125,0.0,0.9875,0.0,537.5786252507226,732.4343425874865,0.0125,0.9574516500366059,0.0,0.0,0.0,0.0,0.0,1.0,1.0,0.0,0.0,0.0,0.0,0.85625,0.939059948483689,0.0,0.0,18.876036708941683,949b7c415145e16174702264c06f8193fc2068a026ff7cb59b214980f2112f92
raw_attack_severe,20032,m9c_baseline,4.333518005964399,3.663492745186754,3.663492745186754,0.0125,0.0,0.9875,0.0,545.7892072880088,739.2167621843645,0.01875,0.9506672297585714,0.0,0.0,0.0,0.0,0.0,1.0,1.0,0.0,0.0,0.0,0.0,0.76875,1.0208634862681674,0.0,0.0,18.42312525003217,f683c0447203196e598569b86c7a07908fe8b1ea32cf8f78256d8ff0767e23fa
raw_attack_severe,20033,m9c_baseline,4.321027787629701,3.644451504116469,3.644451504116469,0.0125,0.0,0.9875,0.0,562.6632657283928,755.5292418091921,0.0125,0.948135472392028,0.0,0.0,0.0,0.0,0.0,1.0,1.0,0.0,0.0,0.0,0.0,0.73125,1.4065411387221012,0.0,0.0,18.782113333931193,0e89b0f6f85300a1a6cab27ed385ea6e60315b954a5d1ee0b0a999ea8518ecc2
raw_attack_severe,20034,m9c_baseline,4.3265140892024805,3.6547303678640994,3.6547303678640994,0.025,0.0,0.975,0.0,553.3393628348215,746.844901636795,0.0125,0.9508809075961914,0.0,0.0,0.0,0.0,0.0,1.0,1.0,0.0,0.0,0.0,0.0,0.71875,0.9999151617445527,0.0,0.0,18.94682570802979,cbb86b806cf6b92bbf5a2433903914e282225d6ecae8cb6430113ab33e3c12fa
raw_attack_severe,20035,m9c_baseline,4.291800671575643,3.6161671857676114,3.6161671857676114,0.01875,0.0,0.98125,0.0,524.7430156328603,692.9452055234664,0.00625,0.9537624513922454,0.0,0.0,0.0,0.0,0.0,1.0,1.0,0.0,0.0,0.0,0.0,0.71875,0.926730934229337,0.0,0.0,19.048923041904345,cd7029516e0fe9c7f183daa468a0dec7f154c5d4ca805f3a6cab54d94e3de084
raw_attack_severe,20036,m9c_baseline,4.290378448361954,3.6123180278802316,3.6123180278802316,0.0125,0.0,0.9875,0.0,548.6434300516528,720.9312077482109,0.00625,0.9483893464403124,0.0,0.0,0.0,0.0,0.0,1.0,1.0,0.0,0.0,0.0,0.0,0.7,1.3564575758601625,0.0,0.0,18.772966332966462,7851aab4a9830dbbce36f852a4cb3a4d33df7890efc7887d493dd3bfc7d515bd
raw_attack_severe,20037,m9c_baseline,4.2440334604728065,3.5605072463073886,3.5605072463073886,0.00625,0.0,0.99375,0.0,516.1086889079086,700.570385660889,0.0125,0.9515462274555071,0.0,0.0,0.0,0.0,0.0,1.0,1.0,0.0,0.0,0.0,0.0,0.73125,0.9796771349875456,0.0,0.0,18.890336707932875,5f8cc5c80e6f7ff8cbc5ce3c88004bd368fd6b96f4e411581a148ade662d4e9d
raw_attack_severe,20038,m9c_baseline,4.356363479986085,3.67193184730596,3.67193184730596,0.0125,0.0,0.9875,0.0,559.2885684610292,729.0834362133422,0.0125,0.9524905432122754,0.0,0.0,0.0,0.0,0.0,1.0,1.0,0.0,0.0,0.0,0.0,0.78125,1.1549967875907539,0.0,0.0,19.201529166894034,95122576d879e2fc89f5d25584a96a760e238b8867e77d0e7b13a11568529587
raw_attack_severe,20039,m9c_baseline,4.286330229860345,3.603515354599798,3.603515354599798,0.0125,0.0,0.9875,0.0,543.5207117690352,743.0331429933452,0.00625,0.94757927492305,0.0,0.0,0.0,0.0,0.0,1.0,1.0,0.0,0.0,0.0,0.0,0.75,1.137789793186205,0.0,0.0,18.98705366696231,10cf5f0ad15a0b0cc335b5c556fd63be4ca5a67aca75abead7d1564f26ae544c
raw_attack_severe,20000,cross_channel,0.34583577732749016,0.3828754863501776,0.3828754863501776,1.0,0.0,0.0,0.0,1.841324883436847,4.940360948798324,0.96875,0.07854234340937502,0.9875,0.99375,1.0,0.0,0.9875,0.6292081566202745,0.05,0.0,0.06923469031250001,0.9937106918238994,0.0,0.75625,0.9734050890444085,0.0,0.0,18.72369533404708,ec2d7e0b9e7538be5ed51c634b09a6889465c4afd9a1708a9c1bad5e9a33871e
raw_attack_severe,20001,cross_channel,0.3306321143904176,0.37354462902922897,0.37354462902922897,1.0,0.0,0.0,0.0,1.7340249545498778,5.292773701592303,0.975,0.07954393986513922,0.99375,1.0,1.0,0.0,0.99375,0.6260541314962061,0.05,0.0,0.0697892903125,0.99375,0.0,0.81875,0.9567588524052109,0.0,0.0,18.86567850015126,9c84b0bad5105c36d2b57562546b484af7732882ada1fc0312326357d32e018d
raw_attack_severe,20002,cross_channel,0.34914467504784796,0.3955587460731322,0.3955587460731322,1.0,0.0,0.0,0.0,1.9555311505113935,5.96573230677884,0.95,0.08078386643106125,0.99375,1.0,1.0,0.0,0.99375,0.6258400761248397,0.05,0.0,0.0697892903125,0.99375,0.0,0.75,1.2543065618318803,0.0,0.0,18.827343791956082,86644e3484694014c6d7a24e44435f69b57ff8581ba58167a770a9c9d491e34b
raw_attack_severe,20003,cross_channel,0.32172794409221356,0.3704052732312061,0.3704052732312061,1.0,0.0,0.0,0.0,1.6806345537765182,5.664852058696486,0.95,0.07953923210043563,0.9875,1.0,1.0,0.0,0.99375,0.6278032268187662,0.05,0.0,0.0697892903125,0.99375,0.0,0.74375,0.736046486113254,0.0,0.0,18.898881874978542,82cfe6daabd118ce186e7979173b80d5e0fe8359962ed1bfe95c67e69508fb32
raw_attack_severe,20004,cross_channel,0.34419247596687025,0.3805478747445728,0.3805478747445728,1.0,0.0,0.0,0.0,1.8058927496785124,5.07677426990099,0.975,0.08020045005298315,0.99375,1.0,1.0,0.0,0.99375,0.6218702999920218,0.05,0.0,0.0697892903125,0.99375,0.0,0.725,0.9457338454000611,0.0,0.0,18.67971737496555,83ca293b56706486a38665ae8bc48e5212881135fa5f632c6185be54e0a9fbb1
raw_attack_severe,20005,cross_channel,0.34546017143573216,0.38529482380871194,0.38529482380871194,1.0,0.0,0.0,0.0,1.8052232745573646,5.2403138742124185,0.95625,0.07909139740937499,0.9875,1.0,1.0,0.0,0.99375,0.6341559737263814,0.05,0.0,0.0697892903125,0.99375,0.0,0.76875,0.7180736359512333,0.0,0.0,18.874514125054702,ab6eba8e749a2120379774673a546c97513cfbc4513b3ee2a6fb3f552ad95bd8
raw_attack_severe,20006,cross_channel,0.31392412806564174,0.36224794153131,0.36224794153131,1.0,0.0,0.0,0.0,1.644472364360368,4.986066548442336,0.975,0.07909139740937499,0.9875,1.0,1.0,0.0,0.99375,0.6300791480311176,0.05,0.0,0.0697892903125,0.99375,0.0,0.8125,1.0424241483863834,0.0,0.0,19.06805995805189,564bee3e16d43bfdf60519e202e107a563ed0954ace8ec77e290f3e96887f443
raw_attack_severe,20007,cross_channel,0.33596861574116565,0.37081701776616266,0.37081701776616266,0.9875,0.0,0.0125,0.0,1.689761543706058,5.412964508064551,0.95625,0.07987298385845107,1.0,1.0,1.0,0.0,0.99375,0.6239738885751084,0.05,0.0,0.0697892903125,0.99375,0.0,0.7375,0.8525971733435309,0.0,0.0,18.892297875136137,efc862e59981eb840060cf16b6ad9d7fa7d20b279dbd502282c361ab0a639cb7
raw_attack_severe,20008,cross_channel,0.3455394601112626,0.38545818320440206,0.38545818320440206,1.0,0.0,0.0,0.0,1.8800603965382776,5.749724599715214,0.95625,0.07909139740937499,0.99375,1.0,1.0,0.0,0.99375,0.6295769412101075,0.05,0.0,0.0697892903125,0.99375,0.0,0.84375,1.0338740536083428,0.0,0.0,18.490222708089277,b76f6a10a02ae70ed0abe7c59aa3d4ba4538847f0e741c2a4bf0970f9d21374c
raw_attack_severe,20009,cross_channel,0.36406965465577545,0.3937839425738516,0.3937839425738516,0.975,0.0,0.025,0.0,1.9067795567693353,5.1598173067739435,0.95625,0.08038764048120742,0.99375,1.0,1.0,0.0,0.99375,0.632924735759625,0.05,0.0,0.0697892903125,0.99375,0.00125,0.7375,1.0864943022637983,0.0,0.0,18.71807908406481,753d6ef8cf5d0bd96c49b00b062fe0081ce0695bb0f21d528b9ef38e6e596911
raw_attack_severe,20010,cross_channel,0.35794344096457326,0.4004526319747336,0.4004526319747336,0.99375,0.0,0.00625,0.0,1.9648697427801778,6.415954656352446,0.94375,0.08031620329922864,1.0,1.0,1.0,0.0,0.99375,0.6269418538642355,0.05,0.0,0.0697892903125,0.99375,0.0,0.8375,0.9436475086222391,0.0,0.0,18.88110737479292,74a7ac6e7fc97cc8fc6df89019a3d95d5deaaf6e18cc12d3462b90c72bbbe83f
raw_attack_severe,20011,cross_channel,0.332156919236508,0.3726496282328622,0.3726496282328622,1.0,0.0,0.0,0.0,1.7041682954819968,5.433910591829289,0.96875,0.07909139740937499,1.0,1.0,1.0,0.0,0.99375,0.6205780586045198,0.05,0.0,0.0697892903125,0.99375,0.0025,0.7125,0.8616415818830223,0.0,0.0,18.95144624984823,0c849fb87230b942a1f5ca575300f468e64ea8ea6aa7edc9c24904f6e85c4850
raw_attack_severe,20012,cross_channel,0.3175243489855083,0.3545242196003661,0.3545242196003661,1.0,0.0,0.0,0.0,1.5446100660141278,4.389873777938656,0.975,0.07957814539477717,0.9875,1.0,1.0,0.0,0.99375,0.6232779418591138,0.05,0.0,0.0697892903125,0.99375,0.0,0.825,0.8461592849383706,0.0,0.0,18.627989624859765,87fe60a1618106c7f7dcf89517a0322f631a6e3e68ade8facb206631649d34d0
raw_attack_severe,20013,cross_channel,0.3913385982751073,0.39286711740434804,0.39286711740434804,0.94375,0.0,0.05625,0.0,1.9412300800397944,5.198911420384344,0.95,0.085093008293215,1.0,1.0,1.0,0.0,0.99375,0.6324045731077724,0.05,0.0,0.0697892903125,0.99375,0.0,0.75,0.9173157706677602,0.0,0.0,18.904610000085086,695545ba471265072e5ecc5652e4ab09b7e56b3770c30bd38227ba3f17e44c87
raw_attack_severe,20014,cross_channel,0.34451046950911984,0.3787898535098068,0.3787898535098068,1.0,0.0,0.0,0.0,1.7661919408248399,4.688382920971293,0.9875,0.08006806210422898,1.0,1.0,1.0,0.0,0.99375,0.6297844571781412,0.05,0.0,0.0697892903125,0.99375,0.0,0.7125,0.8795836152401482,0.0,0.0,18.963604874908924,6b3911a113acc888d53a19666c3fd9c8981f131e97bcc7d0025c16f8dad71b17
raw_attack_severe,20015,cross_channel,0.3477361817426551,0.3722015944699216,0.3722015944699216,0.9875,0.0,0.0125,0.0,1.7200102567870907,4.532367425827987,0.975,0.07995839025514176,0.99375,1.0,1.0,0.0,0.99375,0.6215163536787843,0.05,0.0,0.0697892903125,0.99375,0.0,0.7375,0.9794100792252692,0.0,0.0,19.02744833403267,93492038a208924bd2321df310e0944c863fb46d6886a87ff189fded63413e2e
raw_attack_severe,20016,cross_channel,0.3449688876880949,0.37596594532541516,0.37596594532541516,0.99375,0.0,0.00625,0.0,1.7889652604764748,4.8232181025962575,0.98125,0.07973885448045452,0.98125,1.0,1.0,0.0,0.99375,0.6264558909770301,0.05,0.0,0.0697892903125,0.99375,0.0,0.7125,1.1453729959288352,0.0,0.0,18.673975832993165,878bf79bdda67e1078ec6fe9e236dcfdeff73b1d536bfa46380ec897c7d0bec2
raw_attack_severe,20017,cross_channel,0.3436435171224571,0.38601049760356154,0.38601049760356154,1.0,0.0,0.0,0.0,1.8930174138536942,5.457371483422222,0.96875,0.07909139740937499,0.99375,1.0,1.0,0.0,0.99375,0.6274810411079518,0.05,0.0,0.0697892903125,0.99375,0.0,0.71875,1.0700304912625405,0.0,0.0,18.91283162496984,5414a2ae47892b1944c50abf3dcfa00af4344f7f1cd8cc8f6e21bc83f4942b2d
raw_attack_severe,20018,cross_channel,0.3464333962842888,0.3765256376041812,0.3765256376041812,0.98125,0.0,0.01875,0.0,1.7818945225809233,4.964809252136623,0.9625,0.08006692730363225,0.9875,1.0,1.0,0.0,0.99375,0.6222425472758557,0.05,0.0,0.0697892903125,0.99375,0.0,0.71875,1.1043754640743644,0.0,0.0,18.857018624898046,9b1e2295b11c3f928f0b33bd2132e726715ccfafe3b5c9f998058748ba452308
raw_attack_severe,20019,cross_channel,0.3484319738106845,0.3896510597212654,0.3896510597212654,1.0,0.0,0.0,0.0,1.9135738067475203,5.074291863134685,0.96875,0.08137384852188854,0.99375,1.0,1.0,0.0,0.99375,0.6209976702784299,0.05,0.0,0.0697892903125,0.99375,0.0,0.71875,1.086264260365485,0.0,0.0,18.938146458007395,85e192c2d7b7e0e31f94ed78731f9acd10f5615ae939b61065c6d9685e586cf7
raw_attack_severe,20020,cross_channel,0.31317203490863876,0.3525973845724214,0.3525973845724214,1.0,0.0,0.0,0.0,1.556483843393972,4.571564287166971,0.98125,0.07930226009397091,0.99375,1.0,1.0,0.0,0.99375,0.6251832427966525,0.05,0.0,0.0697892903125,0.99375,0.0,0.75,1.0920566996185346,0.0,0.0,18.75321549992077,df070878ca8849dba58f9bdadb9a22788e0db9996544910a3bb971bfcc341b64
raw_attack_severe,20021,cross_channel,0.3406273738962458,0.38465865319692794,0.38465865319692794,1.0,0.0,0.0,0.0,1.8340072837053125,5.73867687941136,0.95,0.07958987898447609,0.9875,1.0,1.0,0.0,0.99375,0.6278523621010346,0.05,0.0,0.0697892903125,0.99375,0.0,0.7875,0.7662418843958141,0.0,0.0,18.90173895796761,8e23de4ac591df21f3f4be4051f3075ab6edc94df742c84689e44f31746e35a7
raw_attack_severe,20022,cross_channel,0.34372850260211746,0.3848559226844768,0.3848559226844768,1.0,0.0,0.0,0.0,1.7772719208690648,5.072718135377701,0.96875,0.08010878054549649,0.99375,1.0,1.0,0.0,0.99375,0.6264086563277671,0.05,0.0,0.0697892903125,0.99375,0.0,0.80625,0.8866188040226053,0.0,0.0,18.951417207950726,edb7eefad688ef342da41e73221a19ba02a4897b80d4831512b57f658c4e6e4e
raw_attack_severe,20023,cross_channel,0.3224656554305441,0.3598851915241657,0.3598851915241657,1.0,0.0,0.0,0.0,1.648130364902731,4.447826106922419,0.9875,0.07955457624841697,0.99375,1.0,1.0,0.0,0.99375,0.6303925272292167,0.05,0.0,0.0697892903125,0.99375,0.0,0.7625,1.1608141491510913,0.0,0.0,19.126143499976024,0589da53fb9b6568cef96747de77e218d441bda05e1344063daf4052da250b54
raw_attack_severe,20024,cross_channel,0.3250065434493198,0.3690913276147061,0.3690913276147061,1.0,0.0,0.0,0.0,1.6869523557630566,5.623883181608778,0.9625,0.07909139740937499,0.9875,1.0,1.0,0.0,0.99375,0.6262227651748422,0.05,0.0,0.0697892903125,0.99375,0.0,0.75625,1.0936168857541861,0.0,0.0,18.48070158297196,1016032602f3794699584a33f9ca7d9db04005efa2fe95dd9234c0574aa50f68
raw_attack_severe,20025,cross_channel,0.3954604921675079,0.3917683914009736,0.3917683914009736,0.93125,0.0,0.06875,0.0,1.809203679499704,4.983406866815209,0.96875,0.08496422595719229,0.9875,0.99375,1.0,0.0,0.99375,0.6210900479552288,0.05,0.0,0.0697892903125,0.99375,0.0,0.84375,0.8922309948828442,0.0,0.0,18.771784165874124,9698481abd71a486046ed773f6d486ab25f05fe1929e840c87185faaca2b8745
raw_attack_severe,20026,cross_channel,0.33943483048279194,0.3857501213919648,0.3857501213919648,1.0,0.0,0.0,0.0,1.8101182499692456,5.470034286820569,0.95,0.07909139740937499,0.9875,1.0,1.0,0.0,0.99375,0.6278223858532619,0.05,0.0,0.0697892903125,0.99375,0.0,0.73125,1.0089212546451185,0.0,0.0,18.77179329120554,4ecd8f32ae72022144a0717029fb0b8d1c3ecaaf03b7a30a9358dddcde03eb40
raw_attack_severe,20027,cross_channel,0.4339263401898984,0.4864532637615495,0.4864532637615495,0.89375,0.0,0.10625,0.0,2.587777876117315,5.810146214200787,0.95625,0.09766154937119217,0.99375,0.98125,1.0,0.0,0.99375,0.6205517422843695,0.05,0.0,0.069703619861883,0.99375,0.0025380710659898475,0.7625,0.9231026204186193,0.0,0.0,18.767900000093505,7b83b05b1428cd697504225225afef79a3f1155ae7d589b84ded899e9955f7aa
raw_attack_severe,20028,cross_channel,0.3450315858865563,0.3643180597277505,0.3643180597277505,0.96875,0.0,0.03125,0.0,1.6590334971523208,4.726810963509508,0.98125,0.08300076488340255,1.0,1.0,1.0,0.0,0.99375,0.6307379170582317,0.05,0.0,0.0697892903125,0.99375,0.0,0.83125,0.8587529024378473,0.0,0.0,18.67043891712092,c21316e7f07cc848ce771e94be43147f4fce6977021ae04beaa02c1e72b496e3
raw_attack_severe,20029,cross_channel,0.32867176757406363,0.3709313253057693,0.3709313253057693,1.0,0.0,0.0,0.0,1.734332609138297,4.880949342567577,0.98125,0.07909139740937499,1.0,1.0,1.0,0.0,0.99375,0.6283651444479571,0.05,0.0,0.0697892903125,0.99375,0.0,0.74375,1.1029910581237028,0.0,0.0,18.90238891588524,10686bdd6fe767aba508e976823a5d7e163cae61deb2dd65507c1108c2a808a4
raw_attack_severe,20030,cross_channel,0.3329488625208693,0.37512847172180763,0.37512847172180763,1.0,0.0,0.0,0.0,1.7408550415499828,4.749117892877251,0.96875,0.07867866896952336,0.9875,0.99375,1.0,0.0,0.9875,0.6297273133530018,0.05,0.0,0.06923659148929309,0.9937106918238994,0.0,0.8,0.9768612241881168,0.0,0.0,18.97084724996239,41afc15c3b32c5cc58ff043bdfc85b78388b4dffdb99315673463425f739e897
raw_attack_severe,20031,cross_channel,0.32741854864126313,0.3632211671619035,0.3632211671619035,1.0,0.0,0.0,0.0,1.635311386192841,4.418987132471752,0.98125,0.08029658458360334,0.99375,1.0,1.0,0.0,0.99375,0.6299288110355913,0.05,0.0,0.0697892903125,0.99375,0.0,0.85625,0.939059948483689,0.0,0.0,18.876036708941683,949b7c415145e16174702264c06f8193fc2068a026ff7cb59b214980f2112f92
raw_attack_severe,20032,cross_channel,0.3391370092846844,0.37826531335256575,0.37826531335256575,0.99375,0.0,0.00625,0.0,1.7870484127470783,4.731326006748983,0.9625,0.07968867675362197,0.99375,1.0,1.0,0.0,0.99375,0.6286783268518101,0.05,0.0,0.0697892903125,0.99375,0.0,0.76875,1.0208634862681674,0.0,0.0,18.42312525003217,f683c0447203196e598569b86c7a07908fe8b1ea32cf8f78256d8ff0767e23fa
raw_attack_severe,20033,cross_channel,0.31640184842356023,0.3551265081318973,0.3551265081318973,1.0,0.0,0.0,0.0,1.58751518841958,4.543208566171385,0.9875,0.07909139740937499,0.9875,1.0,1.0,0.0,0.99375,0.629956332676782,0.05,0.0,0.0697892903125,0.99375,0.0,0.73125,1.4065411387221012,0.0,0.0,18.782113333931193,0e89b0f6f85300a1a6cab27ed385ea6e60315b954a5d1ee0b0a999ea8518ecc2
raw_attack_severe,20034,cross_channel,0.33915626008709976,0.3801711763090649,0.3801711763090649,1.0,0.0,0.0,0.0,1.8097037534941336,5.045012494418441,0.9625,0.07909139740937499,0.9875,1.0,1.0,0.0,0.99375,0.6316396128374119,0.05,0.0,0.0697892903125,0.99375,0.0,0.71875,0.9999151617445527,0.0,0.0,18.94682570802979,cbb86b806cf6b92bbf5a2433903914e282225d6ecae8cb6430113ab33e3c12fa
raw_attack_severe,20035,cross_channel,0.32985979212090477,0.3711886511616519,0.3711886511616519,1.0,0.0,0.0,0.0,1.659689840290222,5.338695561703024,0.96875,0.07928730856303437,0.99375,1.0,1.0,0.0,0.99375,0.6247645355711271,0.05,0.0,0.0697892903125,0.99375,0.0,0.71875,0.926730934229337,0.0,0.0,19.048923041904345,cd7029516e0fe9c7f183daa468a0dec7f154c5d4ca805f3a6cab54d94e3de084
raw_attack_severe,20036,cross_channel,0.34770055761164986,0.39576701919197566,0.39576701919197566,1.0,0.0,0.0,0.0,1.9234588808620934,5.276330442240504,0.95625,0.07909139740937499,0.99375,1.0,1.0,0.0,0.99375,0.6259180364460395,0.05,0.0,0.0697892903125,0.99375,0.0,0.7,1.3564575758601625,0.0,0.0,18.772966332966462,7851aab4a9830dbbce36f852a4cb3a4d33df7890efc7887d493dd3bfc7d515bd
raw_attack_severe,20037,cross_channel,0.3109122216128549,0.3442787828962287,0.3442787828962287,0.99375,0.0,0.00625,0.0,1.4774044852581139,4.411033767253345,0.98125,0.0813462416290632,1.0,1.0,0.99375,0.0,0.99375,0.6210800016968834,0.05,0.0,0.0697892903125,0.99375,0.00125,0.73125,0.9796771349875456,0.0,0.0,18.890336707932875,5f8cc5c80e6f7ff8cbc5ce3c88004bd368fd6b96f4e411581a148ade662d4e9d
raw_attack_severe,20038,cross_channel,0.299504796806399,0.3412044365266056,0.3412044365266056,1.0,0.0,0.0,0.0,1.4317363650883288,3.8034109699421514,0.98125,0.07941852235966133,1.0,1.0,1.0,0.0,0.99375,0.6236092159045798,0.05,0.0,0.0697892903125,0.99375,0.0,0.78125,1.1549967875907539,0.0,0.0,19.201529166894034,95122576d879e2fc89f5d25584a96a760e238b8867e77d0e7b13a11568529587
raw_attack_severe,20039,cross_channel,0.3212505145352305,0.36126446641610754,0.36126446641610754,1.0,0.0,0.0,0.0,1.6634363812161843,4.645688370711418,0.98125,0.07909139740937499,0.9875,1.0,1.0,0.0,0.99375,0.6303976328325562,0.05,0.0,0.0697892903125,0.99375,0.0,0.75,1.137789793186205,0.0,0.0,18.98705366696231,10cf5f0ad15a0b0cc335b5c556fd63be4ca5a67aca75abead7d1564f26ae544c
raw_attack_severe,20000,ramp_rate,3.9127035684906426,3.3107719663132658,3.3107719663132658,0.0125,0.0,0.9875,0.0,402.63221182103706,695.2964247049483,0.03125,0.9292606906514003,0.9875,0.99375,1.0,0.0,0.5625,0.8486417137949441,0.08633074667748789,0.0,0.010314774263828732,0.2746331236897275,0.0,0.75625,0.9734050890444085,0.0,0.0,18.72369533404708,ec2d7e0b9e7538be5ed51c634b09a6889465c4afd9a1708a9c1bad5e9a33871e
raw_attack_severe,20001,ramp_rate,4.014844452903024,3.3934226753295857,3.3934226753295857,0.01875,0.0,0.98125,0.0,436.92420878827215,654.2129925735957,0.025,0.9410129745894154,0.99375,1.0,1.0,0.0,0.4125,0.8685578877927493,0.09334832072144512,0.0,0.006938233447140313,0.19166666666666668,0.0,0.81875,0.9567588524052109,0.0,0.0,18.86567850015126,9c84b0bad5105c36d2b57562546b484af7732882ada1fc0312326357d32e018d
raw_attack_severe,20002,ramp_rate,3.9043606230627703,3.2989687625997313,3.2989687625997313,0.03125,0.0,0.96875,0.0,414.45122987066696,682.3401757178578,0.0125,0.9271749613453508,0.99375,1.0,1.0,0.0,0.41875,0.861840772062395,0.1371897183659929,0.0,0.008529365582216302,0.20833333333333334,0.0,0.75,1.2543065618318803,0.0,0.0,18.827343791956082,86644e3484694014c6d7a24e44435f69b57ff8581ba58167a770a9c9d491e34b
raw_attack_severe,20003,ramp_rate,4.002963931703831,3.369332520687784,3.369332520687784,0.01875,0.0,0.98125,0.0,398.29164656201385,619.572435874957,0.0125,0.9506896359692789,0.9875,1.0,1.0,0.0,0.53125,0.8495915423549505,0.1519642478346829,0.0,0.009980961444928823,0.2375,0.0,0.74375,0.736046486113254,0.0,0.0,18.898881874978542,82cfe6daabd118ce186e7979173b80d5e0fe8359962ed1bfe95c67e69508fb32
raw_attack_severe,20004,ramp_rate,3.9849309883061172,3.3434603780877072,3.3434603780877072,0.01875,0.0,0.98125,0.0,414.39860186432304,653.268826507437,0.0125,0.9493642428220544,0.99375,1.0,1.0,0.0,0.5,0.8581167804452068,0.16789800608219044,0.0,0.007494382784883097,0.22291666666666668,0.0,0.725,0.9457338454000611,0.0,0.0,18.67971737496555,83ca293b56706486a38665ae8bc48e5212881135fa5f632c6185be54e0a9fbb1
raw_attack_severe,20005,ramp_rate,3.9722560839995147,3.3319926325558518,3.3319926325558518,0.01875,0.0,0.98125,0.0,384.76900853237146,651.0274922366509,0.0,0.94697361213553,0.9875,1.0,1.0,0.0,0.55625,0.8523342802835551,0.15954213604864037,0.0,0.009940867728308943,0.2604166666666667,0.0,0.76875,0.7180736359512333,0.0,0.0,18.874514125054702,ab6eba8e749a2120379774673a546c97513cfbc4513b3ee2a6fb3f552ad95bd8
raw_attack_severe,20006,ramp_rate,3.954350543520808,3.3459903392424257,3.3459903392424257,0.03125,0.0,0.96875,0.0,427.6390869318053,703.4703805614158,0.0125,0.9203256371336636,0.9875,1.0,1.0,0.0,0.44375,0.8624705621080334,0.10979855040149603,0.0,0.008235740280849278,0.20416666666666666,0.0,0.8125,1.0424241483863834,0.0,0.0,19.06805995805189,564bee3e16d43bfdf60519e202e107a563ed0954ace8ec77e290f3e96887f443
raw_attack_severe,20007,ramp_rate,3.954234451960018,3.313739472613242,3.313739472613242,0.0125,0.0,0.9875,0.0,395.74514044221087,639.1986470869833,0.01875,0.9492216486059055,1.0,1.0,1.0,0.0,0.46875,0.8606071181351377,0.12767501438376627,0.0,0.009479283603119252,0.22916666666666666,0.0,0.7375,0.8525971733435309,0.0,0.0,18.892297875136137,efc862e59981eb840060cf16b6ad9d7fa7d20b279dbd502282c361ab0a639cb7
raw_attack_severe,20008,ramp_rate,3.998905589789044,3.3583903657338214,3.3583903657338214,0.0125,0.0,0.9875,0.0,426.06827901175546,688.6549544183907,0.0125,0.9395423907322087,0.99375,1.0,1.0,0.0,0.525,0.8567199959912358,0.15591985846391973,0.0,0.009017797253990134,0.25,0.0,0.84375,1.0338740536083428,0.0,0.0,18.490222708089277,b76f6a10a02ae70ed0abe7c59aa3d4ba4538847f0e741c2a4bf0970f9d21374c
raw_attack_severe,20009,ramp_rate,3.9344172704252167,3.316485218947359,3.316485218947359,0.0125,0.0,0.9875,0.0,404.35258840667365,699.4811140974102,0.025,0.9513028870851592,0.99375,1.0,1.0,0.0,0.55625,0.8493935061471785,0.10179328298682966,0.0,0.010422354703850023,0.25625,0.0,0.7375,1.0864943022637983,0.0,0.0,18.71807908406481,753d6ef8cf5d0bd96c49b00b062fe0081ce0695bb0f21d528b9ef38e6e596911
raw_attack_severe,20010,ramp_rate,3.9049828886327234,3.2997021061568845,3.2997021061568845,0.01875,0.0,0.98125,0.0,402.9447677904501,671.5827726921234,0.01875,0.9334447020532636,1.0,1.0,1.0,0.0,0.51875,0.8508927114762462,0.0718687710235104,0.0,0.010283491717102425,0.25625,0.0,0.8375,0.9436475086222391,0.0,0.0,18.88110737479292,74a7ac6e7fc97cc8fc6df89019a3d95d5deaaf6e18cc12d3462b90c72bbbe83f
raw_attack_severe,20011,ramp_rate,4.086989135140433,3.4216635464333507,3.4216635464333507,0.01875,0.0,0.98125,0.0,435.9279061637126,669.1410680448365,0.0125,0.9543393070186308,1.0,1.0,1.0,0.0,0.44375,0.8577923113290635,0.22386128898661864,0.0,0.006004675661176102,0.175,0.00125,0.7125,0.8616415818830223,0.0,0.0,18.95144624984823,0c849fb87230b942a1f5ca575300f468e64ea8ea6aa7edc9c24904f6e85c4850
raw_attack_severe,20012,ramp_rate,3.961907531422842,3.326240128367923,3.326240128367923,0.0125,0.0,0.9875,0.0,398.17177109578597,646.0178086140414,0.0125,0.9485128213500627,0.9875,1.0,1.0,0.0,0.49375,0.8581459671863897,0.15191624776848064,0.0,0.008751098387525918,0.23541666666666666,0.0,0.825,0.8461592849383706,0.0,0.0,18.627989624859765,87fe60a1618106c7f7dcf89517a0322f631a6e3e68ade8facb206631649d34d0
raw_attack_severe,20013,ramp_rate,4.1050556964738,3.420291864633059,3.420291864633059,0.0,0.0,1.0,0.0,441.1766082399221,677.9584842913408,0.00625,0.9612787804931869,1.0,1.0,1.0,0.0,0.3875,0.8634082307774605,0.16113732493039962,0.0,0.006238266853343691,0.16666666666666666,0.0,0.75,0.9173157706677602,0.0,0.0,18.904610000085086,695545ba471265072e5ecc5652e4ab09b7e56b3770c30bd38227ba3f17e44c87
raw_attack_severe,20014,ramp_rate,3.8599449768134173,3.248951958646962,3.248951958646962,0.0125,0.0,0.9875,0.0,380.56386585612336,637.2035854776337,0.0125,0.9509670240229658,1.0,1.0,1.0,0.0,0.5375,0.8532691723898018,0.16055929457286278,0.0,0.009557172602107993,0.2625,0.0,0.7125,0.8795836152401482,0.0,0.0,18.963604874908924,6b3911a113acc888d53a19666c3fd9c8981f131e97bcc7d0025c16f8dad71b17
raw_attack_severe,20015,ramp_rate,3.9789931019874047,3.3320453442755165,3.3320453442755165,0.00625,0.0,0.99375,0.0,413.0727512618152,666.7845435746262,0.01875,0.9471163575341219,0.99375,1.0,1.0,0.0,0.475,0.8512898624911719,0.1514715295185852,0.0,0.00890635813599961,0.2125,0.0,0.7375,0.9794100792252692,0.0,0.0,19.02744833403267,93492038a208924bd2321df310e0944c863fb46d6886a87ff189fded63413e2e
raw_attack_severe,20016,ramp_rate,3.8538518679041665,3.2347852509759436,3.2347852509759436,0.01875,0.0,0.98125,0.0,383.9273181979248,658.8215691626798,0.025,0.9453711924439203,0.98125,1.0,1.0,0.0,0.55625,0.848689036017906,0.082881216618724,0.0,0.009884802895698337,0.25833333333333336,0.0,0.7125,1.1453729959288352,0.0,0.0,18.673975832993165,878bf79bdda67e1078ec6fe9e236dcfdeff73b1d536bfa46380ec897c7d0bec2
raw_attack_severe,20017,ramp_rate,3.944098483845296,3.3191496973028274,3.3191496973028274,0.0125,0.0,0.9875,0.0,402.56550315684484,669.0861763619956,0.025,0.944912557608767,0.99375,1.0,1.0,0.0,0.61875,0.8469842842749294,0.06112068544013957,0.0,0.011875399187775628,0.28541666666666665,0.0,0.71875,1.0700304912625405,0.0,0.0,18.91283162496984,5414a2ae47892b1944c50abf3dcfa00af4344f7f1cd8cc8f6e21bc83f4942b2d
raw_attack_severe,20018,ramp_rate,4.104083934169081,3.478175537564746,3.478175537564746,0.0125,0.0,0.9875,0.0,472.6520483244473,753.7120329980362,0.01875,0.9386612106840468,0.9875,1.0,1.0,0.0,0.3625,0.8594181055126764,0.10204169369015513,0.0,0.006496358316144621,0.17291666666666666,0.0,0.71875,1.1043754640743644,0.0,0.0,18.857018624898046,9b1e2295b11c3f928f0b33bd2132e726715ccfafe3b5c9f998058748ba452308
raw_attack_severe,20019,ramp_rate,3.981644282170845,3.355852582701105,3.355852582701105,0.00625,0.0,0.99375,0.0,423.0946821564151,689.7039328866989,0.0125,0.9484952431065704,0.99375,1.0,1.0,0.0,0.4625,0.8604462709004823,0.0721892543845855,0.0,0.00833258777152629,0.23333333333333334,0.0,0.71875,1.086264260365485,0.0,0.0,18.938146458007395,85e192c2d7b7e0e31f94ed78731f9acd10f5615ae939b61065c6d9685e586cf7
raw_attack_severe,20020,ramp_rate,3.9347486312570745,3.3306441396712354,3.3306441396712354,0.01875,0.0,0.98125,0.0,425.26917316593807,677.922718024033,0.025,0.9465880583021906,0.99375,1.0,1.0,0.0,0.45,0.8622778899314175,0.14053806809670494,0.0,0.007475299116859726,0.20208333333333334,0.0,0.75,1.0920566996185346,0.0,0.0,18.75321549992077,df070878ca8849dba58f9bdadb9a22788e0db9996544910a3bb971bfcc341b64
raw_attack_severe,20021,ramp_rate,3.777946448863184,3.159432265366972,3.159432265366972,0.025,0.0,0.975,0.0,342.579560715623,616.6804336314311,0.03125,0.9336211546466611,0.9875,1.0,1.0,0.0,0.60625,0.8444755182994067,0.1391225899085718,0.0,0.012038709894873713,0.28125,0.0,0.7875,0.7662418843958141,0.0,0.0,18.90173895796761,8e23de4ac591df21f3f4be4051f3075ab6edc94df742c84689e44f31746e35a7
raw_attack_severe,20022,ramp_rate,3.980541628566125,3.345695166949527,3.345695166949527,0.00625,0.0,0.99375,0.0,402.0635163623735,640.2910239176268,0.025,0.9338001348042623,0.99375,1.0,1.0,0.0,0.51875,0.8524080039470849,0.06104714718511142,0.0,0.010487210712032444,0.24375,0.0,0.80625,0.8866188040226053,0.0,0.0,18.951417207950726,edb7eefad688ef342da41e73221a19ba02a4897b80d4831512b57f658c4e6e4e
raw_attack_severe,20023,ramp_rate,3.9229327590886536,3.322053459870569,3.322053459870569,0.0375,0.0,0.9625,0.0,421.1872278505299,690.6618939859037,0.03125,0.9261185578319326,0.99375,1.0,1.0,0.0,0.45625,0.8571217210597173,0.058234856465941114,0.0,0.009141115972104517,0.23333333333333334,0.0,0.7625,1.1608141491510913,0.0,0.0,19.126143499976024,0589da53fb9b6568cef96747de77e218d441bda05e1344063daf4052da250b54
raw_attack_severe,20024,ramp_rate,4.03036109198772,3.4160636234465036,3.4160636234465036,0.01875,0.0,0.98125,0.0,446.9572880682798,742.9744965993489,0.03125,0.9350928078857011,0.9875,1.0,1.0,0.0,0.4,0.8590363296715087,0.09691260302847894,0.0,0.0070819230238094956,0.19166666666666668,0.0,0.75625,1.0936168857541861,0.0,0.0,18.48070158297196,1016032602f3794699584a33f9ca7d9db04005efa2fe95dd9234c0574aa50f68
raw_attack_severe,20025,ramp_rate,3.960393772702498,3.3359559514579975,3.3359559514579975,0.025,0.0,0.975,0.0,398.6150036781188,701.8360464108944,0.025,0.9384539790030917,0.9875,0.99375,1.0,0.0,0.53125,0.8474656908022122,0.07912243027440652,0.0,0.011086005362704768,0.24375,0.0,0.84375,0.8922309948828442,0.0,0.0,18.771784165874124,9698481abd71a486046ed773f6d486ab25f05fe1929e840c87185faaca2b8745
raw_attack_severe,20026,ramp_rate,3.9350728583959613,3.3353438984792256,3.3353438984792256,0.025,0.0,0.975,0.0,404.754270159945,681.0221770534123,0.0375,0.9496038773252845,0.9875,1.0,1.0,0.0,0.4625,0.8600429954505859,0.21304957016582385,0.0,0.007274501521916324,0.20208333333333334,0.0,0.73125,1.0089212546451185,0.0,0.0,18.77179329120554,4ecd8f32ae72022144a0717029fb0b8d1c3ecaaf03b7a30a9358dddcde03eb40
raw_attack_severe,20027,ramp_rate,3.9945870006317548,3.3386375253368663,3.3386375253368663,0.01875,0.0,0.98125,0.0,409.4021682050599,676.4031835809755,0.0125,0.9517657346151912,0.99375,0.98125,1.0,0.0,0.5,0.8525905137702392,0.09480340419704857,0.0,0.01004956527690901,0.22291666666666668,0.0,0.7625,0.9231026204186193,0.0,0.0,18.767900000093505,7b83b05b1428cd697504225225afef79a3f1155ae7d589b84ded899e9955f7aa
raw_attack_severe,20028,ramp_rate,3.9764800463742334,3.3181145476171365,3.3181145476171365,0.0,0.0,1.0,0.0,400.9135577316446,622.9660151554739,0.0125,0.9570526909094843,1.0,1.0,1.0,0.0,0.5,0.8595270483576531,0.14482241481982705,0.0,0.008655987947048041,0.225,0.0,0.83125,0.8587529024378473,0.0,0.0,18.67043891712092,c21316e7f07cc848ce771e94be43147f4fce6977021ae04beaa02c1e72b496e3
raw_attack_severe,20029,ramp_rate,4.010173387790667,3.3515253394148945,3.3515253394148945,0.00625,0.0,0.99375,0.0,425.30343043499045,676.1662886926358,0.00625,0.9532685368902548,1.0,1.0,1.0,0.0,0.45625,0.8603834974785937,0.12998499212605422,0.0,0.007752880258512097,0.20416666666666666,0.0,0.74375,1.1029910581237028,0.0,0.0,18.90238891588524,10686bdd6fe767aba508e976823a5d7e163cae61deb2dd65507c1108c2a808a4
raw_attack_severe,20030,ramp_rate,3.9280894222399056,3.3374056419367255,3.3374056419367255,0.025,0.0,0.975,0.0,416.43458282189374,743.8369616422098,0.01875,0.9441524718666756,0.9875,0.99375,1.0,0.0,0.46875,0.8561596326905032,0.11749693476807814,0.0,0.009614660306582506,0.21593291404612158,0.0,0.8,0.9768612241881168,0.0,0.0,18.97084724996239,41afc15c3b32c5cc58ff043bdfc85b78388b4dffdb99315673463425f739e897
raw_attack_severe,20031,ramp_rate,3.997831107269609,3.381012539171416,3.381012539171416,0.0125,0.0,0.9875,0.0,435.12731060572867,688.881558105871,0.01875,0.955274105672611,0.99375,1.0,1.0,0.0,0.375,0.8637831302844428,0.1324785811298515,0.0,0.006856449405142126,0.175,0.0,0.85625,0.939059948483689,0.0,0.0,18.876036708941683,949b7c415145e16174702264c06f8193fc2068a026ff7cb59b214980f2112f92
raw_attack_severe,20032,ramp_rate,4.006381621421606,3.3890505185538213,3.3890505185538213,0.0125,0.0,0.9875,0.0,419.66827853553815,698.7021118033614,0.03125,0.9450258394695001,0.99375,1.0,1.0,0.0,0.49375,0.8579803719685113,0.08423825112192629,0.0,0.009594916521270619,0.23125,0.0,0.76875,1.0208634862681674,0.0,0.0,18.42312525003217,f683c0447203196e598569b86c7a07908fe8b1ea32cf8f78256d8ff0767e23fa
raw_attack_severe,20033,ramp_rate,3.9259658201999725,3.304367683684249,3.304367683684249,0.0125,0.0,0.9875,0.0,406.3822829903387,691.3841704398645,0.0125,0.9290901214183064,0.9875,1.0,1.0,0.0,0.56875,0.8453314884984848,0.14846985849879674,0.0,0.01089027974984985,0.2791666666666667,0.0,0.73125,1.4065411387221012,0.0,0.0,18.782113333931193,0e89b0f6f85300a1a6cab27ed385ea6e60315b954a5d1ee0b0a999ea8518ecc2
raw_attack_severe,20034,ramp_rate,4.033615454437289,3.406547945272456,3.406547945272456,0.025,0.0,0.975,0.0,434.65340809557017,713.3555529977156,0.01875,0.940332501785772,0.9875,1.0,1.0,0.0,0.49375,0.8542470625081087,0.11274133583083037,0.0,0.008937602668933823,0.22708333333333333,0.0,0.71875,0.9999151617445527,0.0,0.0,18.94682570802979,cbb86b806cf6b92bbf5a2433903914e282225d6ecae8cb6430113ab33e3c12fa
raw_attack_severe,20035,ramp_rate,4.00879752355267,3.374118397227864,3.374118397227864,0.01875,0.0,0.98125,0.0,415.0641239811117,636.0988006520248,0.00625,0.9499775348030667,0.99375,1.0,1.0,0.0,0.44375,0.8583367873992447,0.16341816112240384,0.0,0.007282544633266462,0.20833333333333334,0.0,0.71875,0.926730934229337,0.0,0.0,19.048923041904345,cd7029516e0fe9c7f183daa468a0dec7f154c5d4ca805f3a6cab54d94e3de084
raw_attack_severe,20036,ramp_rate,4.047323158053541,3.4120801632124054,3.4120801632124054,0.0125,0.0,0.9875,0.0,454.98608279028883,699.2168376757003,0.00625,0.9399198221826112,0.99375,1.0,1.0,0.0,0.375,0.863786345669179,0.1479159158911577,0.0,0.005180078820766772,0.175,0.0,0.7,1.3564575758601625,0.0,0.0,18.772966332966462,7851aab4a9830dbbce36f852a4cb3a4d33df7890efc7887d493dd3bfc7d515bd
raw_attack_severe,20037,ramp_rate,3.998611214985867,3.3669049100036874,3.3669049100036874,0.00625,0.0,0.99375,0.0,431.6609734687201,656.4343560469046,0.025,0.9297101925673326,1.0,1.0,0.99375,0.0,0.4,0.8603657467882335,0.1173234633556027,0.0,0.0069488910638476325,0.18333333333333332,0.0,0.73125,0.9796771349875456,0.0,0.0,18.890336707932875,5f8cc5c80e6f7ff8cbc5ce3c88004bd368fd6b96f4e411581a148ade662d4e9d
raw_attack_severe,20038,ramp_rate,4.078726521503648,3.448298142481095,3.448298142481095,0.0125,0.0,0.9875,0.0,453.85058247196486,699.7551472156653,0.025,0.9373734555537048,1.0,1.0,1.0,0.0,0.45,0.8516812061198544,0.15618530145213183,0.0,0.006784671159957484,0.20208333333333334,0.0,0.78125,1.1549967875907539,0.0,0.0,19.201529166894034,95122576d879e2fc89f5d25584a96a760e238b8867e77d0e7b13a11568529587
raw_attack_severe,20039,ramp_rate,4.092853984077161,3.4368301522777616,3.4368301522777616,0.0125,0.0,0.9875,0.0,459.99036440429444,720.097029254886,0.00625,0.9415403752523401,0.9875,1.0,1.0,0.0,0.4,0.8650849735608246,0.1338819129218438,0.0,0.00695795852508249,0.17708333333333334,0.0,0.75,1.137789793186205,0.0,0.0,18.98705366696231,10cf5f0ad15a0b0cc335b5c556fd63be4ca5a67aca75abead7d1564f26ae544c
raw_attack_severe,20000,influence_budget,4.258197769688321,3.589227962497693,3.589227962497693,0.0125,0.0,0.9875,0.0,529.418899963439,726.3451807679025,0.00625,0.9515776308199169,0.9875,0.99375,1.0,0.01875,0.0,1.0,1.0,0.08036550245850296,0.0,0.0,0.0,0.75625,0.9734050890444085,0.0,0.0,18.72369533404708,ec2d7e0b9e7538be5ed51c634b09a6889465c4afd9a1708a9c1bad5e9a33871e
raw_attack_severe,20001,influence_budget,4.181498339023159,3.5433236766099414,3.5433236766099414,0.01875,0.0,0.98125,0.0,509.3903342706568,716.830931301041,0.025,0.924119841829943,0.99375,1.0,1.0,0.06875,0.0,1.0,1.0,0.07530834844374823,0.0,0.0,0.0,0.81875,0.9567588524052109,0.0,0.0,18.86567850015126,9c84b0bad5105c36d2b57562546b484af7732882ada1fc0312326357d32e018d
raw_attack_severe,20002,influence_budget,4.229022340095457,3.5677747048263044,3.5677747048263044,0.03125,0.0,0.96875,0.0,526.2356353580683,716.6091381498283,0.00625,0.9404808315997073,0.99375,1.0,1.0,0.01875,0.0,1.0,1.0,0.0660538829170135,0.0,0.0,0.0,0.75,1.2543065618318803,0.0,0.0,18.827343791956082,86644e3484694014c6d7a24e44435f69b57ff8581ba58167a770a9c9d491e34b
raw_attack_severe,20003,influence_budget,4.3064199494530815,3.6389431357999094,3.6389431357999094,0.01875,0.0,0.98125,0.0,522.4993015996868,720.7636471789239,0.0125,0.9500653744206776,0.9875,1.0,1.0,0.01875,0.0,1.0,1.0,0.06930082703070532,0.0,0.0,0.0,0.74375,0.736046486113254,0.0,0.0,18.898881874978542,82cfe6daabd118ce186e7979173b80d5e0fe8359962ed1bfe95c67e69508fb32
raw_attack_severe,20004,influence_budget,4.187875669586728,3.5316030973721997,3.5316030973721997,0.01875,0.0,0.98125,0.0,504.072702042902,717.8804429782284,0.0125,0.9427554312234477,0.99375,1.0,1.0,0.05,0.0,1.0,1.0,0.07380327888111193,0.0,0.0,0.0,0.725,0.9457338454000611,0.0,0.0,18.67971737496555,83ca293b56706486a38665ae8bc48e5212881135fa5f632c6185be54e0a9fbb1
raw_attack_severe,20005,influence_budget,4.252934043343199,3.5885480399512613,3.5885480399512613,0.01875,0.0,0.98125,0.0,501.49375166246136,702.9876516169635,0.0,0.9374403598446082,0.9875,1.0,1.0,0.03125,0.0,1.0,1.0,0.0627576599188635,0.0,0.0,0.0,0.76875,0.7180736359512333,0.0,0.0,18.874514125054702,ab6eba8e749a2120379774673a546c97513cfbc4513b3ee2a6fb3f552ad95bd8
raw_attack_severe,20006,influence_budget,4.205727161675105,3.5469117095868903,3.5469117095868903,0.03125,0.0,0.96875,0.0,518.4225299917604,708.7414255009869,0.0125,0.9348340011348203,0.9875,1.0,1.0,0.03125,0.0,1.0,1.0,0.07265719023297065,0.0,0.0,0.0,0.8125,1.0424241483863834,0.0,0.0,19.06805995805189,564bee3e16d43bfdf60519e202e107a563ed0954ace8ec77e290f3e96887f443
raw_attack_severe,20007,influence_budget,4.203653624555047,3.5367174657324365,3.5367174657324365,0.0125,0.0,0.9875,0.0,490.6000658938348,705.281916718987,0.00625,0.9420516839114143,1.0,1.0,1.0,0.06875,0.0,1.0,1.0,0.08481628834038091,0.0,0.0,0.0,0.7375,0.8525971733435309,0.0,0.0,18.892297875136137,efc862e59981eb840060cf16b6ad9d7fa7d20b279dbd502282c361ab0a639cb7
raw_attack_severe,20008,influence_budget,4.283526511648465,3.6157463924817272,3.6157463924817272,0.0125,0.0,0.9875,0.0,545.7572029514141,737.3591419382941,0.0125,0.9374239455972984,0.99375,1.0,1.0,0.0375,0.0,1.0,1.0,0.07598843008741236,0.0,0.0,0.0,0.84375,1.0338740536083428,0.0,0.0,18.490222708089277,b76f6a10a02ae70ed0abe7c59aa3d4ba4538847f0e741c2a4bf0970f9d21374c
raw_attack_severe,20009,influence_budget,4.23069067229622,3.5686112880145564,3.5686112880145564,0.0125,0.0,0.9875,0.0,518.4361850742353,762.7869773252604,0.00625,0.9522387768041736,0.99375,1.0,1.0,0.05,0.0,1.0,1.0,0.06894394615481134,0.0,0.0,0.0,0.7375,1.0864943022637983,0.0,0.0,18.71807908406481,753d6ef8cf5d0bd96c49b00b062fe0081ce0695bb0f21d528b9ef38e6e596911
raw_attack_severe,20010,influence_budget,4.323284227948019,3.646760410771031,3.646760410771031,0.01875,0.0,0.98125,0.0,550.0543050715869,738.5287720291753,0.00625,0.9484105914217869,1.0,1.0,1.0,0.0,0.0,1.0,1.0,0.060640235264188866,0.0,0.0,0.0,0.8375,0.9436475086222391,0.0,0.0,18.88110737479292,74a7ac6e7fc97cc8fc6df89019a3d95d5deaaf6e18cc12d3462b90c72bbbe83f
raw_attack_severe,20011,influence_budget,4.27273152755936,3.595889627420866,3.595889627420866,0.01875,0.0,0.98125,0.0,522.5539007676999,711.3426729890655,0.0125,0.9532210496180905,1.0,1.0,1.0,0.0125,0.0,1.0,1.0,0.07107825541627368,0.0,0.0,0.0,0.7125,0.8616415818830223,0.0,0.0,18.95144624984823,0c849fb87230b942a1f5ca575300f468e64ea8ea6aa7edc9c24904f6e85c4850
raw_attack_severe,20012,influence_budget,4.308308911440543,3.6366637830464406,3.6366637830464406,0.0125,0.0,0.9875,0.0,531.6529698782671,720.7315100336461,0.00625,0.9489364512654792,0.9875,1.0,1.0,0.025,0.0,1.0,1.0,0.07674833121052435,0.0,0.0,0.0,0.825,0.8461592849383706,0.0,0.0,18.627989624859765,87fe60a1618106c7f7dcf89517a0322f631a6e3e68ade8facb206631649d34d0
raw_attack_severe,20013,influence_budget,4.280116061358699,3.5917766855107467,3.5917766855107467,0.0,0.0,1.0,0.0,526.4089273625232,718.3706533104489,0.00625,0.9612131768217018,1.0,1.0,1.0,0.0125,0.0,1.0,1.0,0.06568740223493508,0.0,0.0,0.0,0.75,0.9173157706677602,0.0,0.0,18.904610000085086,695545ba471265072e5ecc5652e4ab09b7e56b3770c30bd38227ba3f17e44c87
raw_attack_severe,20014,influence_budget,4.261498566423714,3.5832130980997343,3.5832130980997343,0.0125,0.0,0.9875,0.0,519.8217021218936,736.9771023081547,0.0,0.9595962458285495,1.0,1.0,1.0,0.03125,0.0,1.0,1.0,0.06396193694664117,0.0,0.0,0.0,0.7125,0.8795836152401482,0.0,0.0,18.963604874908924,6b3911a113acc888d53a19666c3fd9c8981f131e97bcc7d0025c16f8dad71b17
raw_attack_severe,20015,influence_budget,4.281522851951815,3.5999260579551966,3.5999260579551966,0.00625,0.0,0.99375,0.0,532.413997626707,721.6418511594778,0.0125,0.9505289302814122,0.99375,1.0,1.0,0.00625,0.0,1.0,1.0,0.06806139048522948,0.0,0.0,0.0,0.7375,0.9794100792252692,0.0,0.0,19.02744833403267,93492038a208924bd2321df310e0944c863fb46d6886a87ff189fded63413e2e
raw_attack_severe,20016,influence_budget,4.059550166611518,3.441218709167591,3.441218709167591,0.01875,0.0,0.98125,0.0,480.06663293590316,705.3005539646476,0.0375,0.9461436148925134,0.98125,1.0,1.0,0.075,0.0,1.0,1.0,0.0838793681440415,0.0,0.0,0.0,0.7125,1.1453729959288352,0.0,0.0,18.673975832993165,878bf79bdda67e1078ec6fe9e236dcfdeff73b1d536bfa46380ec897c7d0bec2
raw_attack_severe,20017,influence_budget,4.21645471016013,3.5654813970297967,3.5654813970297967,0.0125,0.0,0.9875,0.0,526.215230894393,739.901504541878,0.025,0.9580564706665274,0.99375,1.0,1.0,0.01875,0.0,1.0,1.0,0.06330063763091955,0.0,0.0,0.0,0.71875,1.0700304912625405,0.0,0.0,18.91283162496984,5414a2ae47892b1944c50abf3dcfa00af4344f7f1cd8cc8f6e21bc83f4942b2d
raw_attack_severe,20018,influence_budget,4.341605962513562,3.672911205164771,3.672911205164771,0.0125,0.0,0.9875,0.0,563.4737057672261,781.8600650286509,0.00625,0.9449996877905207,0.9875,1.0,1.0,0.00625,0.0,1.0,1.0,0.05889880921811778,0.0,0.0,0.0,0.71875,1.1043754640743644,0.0,0.0,18.857018624898046,9b1e2295b11c3f928f0b33bd2132e726715ccfafe3b5c9f998058748ba452308
raw_attack_severe,20019,influence_budget,4.313182195389572,3.6381585103747645,3.6381585103747645,0.00625,0.0,0.99375,0.0,551.0354359335315,747.2639685934453,0.0125,0.9525542144442027,0.99375,1.0,1.0,0.01875,0.0,1.0,1.0,0.06515444231022802,0.0,0.0,0.0,0.71875,1.086264260365485,0.0,0.0,18.938146458007395,85e192c2d7b7e0e31f94ed78731f9acd10f5615ae939b61065c6d9685e586cf7
raw_attack_severe,20020,influence_budget,4.2210945455193905,3.5500188367052807,3.5500188367052807,0.01875,0.0,0.98125,0.0,515.1830349173857,721.9604275883959,0.00625,0.9528941101314338,0.99375,1.0,1.0,0.025,0.0,1.0,1.0,0.06633797593208375,0.0,0.0,0.0,0.75,1.0920566996185346,0.0,0.0,18.75321549992077,df070878ca8849dba58f9bdadb9a22788e0db9996544910a3bb971bfcc341b64
raw_attack_severe,20021,influence_budget,4.069195713301995,3.4211920747003837,3.4211920747003837,0.025,0.0,0.975,0.0,454.5718601904322,666.2739807661417,0.0125,0.9383278872079123,0.9875,1.0,1.0,0.05,0.0,1.0,1.0,0.07793984584646232,0.0,0.0,0.0,0.7875,0.7662418843958141,0.0,0.0,18.90173895796761,8e23de4ac591df21f3f4be4051f3075ab6edc94df742c84689e44f31746e35a7
raw_attack_severe,20022,influence_budget,4.312804809650418,3.6370893199699283,3.6370893199699283,0.00625,0.0,0.99375,0.0,531.5590119732387,724.849793389453,0.0125,0.9447447009409371,0.99375,1.0,1.0,0.0375,0.0,1.0,1.0,0.07662514902644173,0.0,0.0,0.0,0.80625,0.8866188040226053,0.0,0.0,18.951417207950726,edb7eefad688ef342da41e73221a19ba02a4897b80d4831512b57f658c4e6e4e
raw_attack_severe,20023,influence_budget,4.2677947019675715,3.6173719768424704,3.6173719768424704,0.0375,0.0,0.9625,0.0,550.161721391109,758.6134314324639,0.00625,0.9375344734878542,0.99375,1.0,1.0,0.025,0.0,1.0,1.0,0.06444296062956283,0.0,0.0,0.0,0.7625,1.1608141491510913,0.0,0.0,19.126143499976024,0589da53fb9b6568cef96747de77e218d441bda05e1344063daf4052da250b54
raw_attack_severe,20024,influence_budget,4.317780091911536,3.6444770866053386,3.6444770866053386,0.01875,0.0,0.98125,0.0,542.7197063443073,752.0859870182353,0.0125,0.9415276573988868,0.9875,1.0,1.0,0.03125,0.0,1.0,1.0,0.06302019030468593,0.0,0.0,0.0,0.75625,1.0936168857541861,0.0,0.0,18.48070158297196,1016032602f3794699584a33f9ca7d9db04005efa2fe95dd9234c0574aa50f68
raw_attack_severe,20025,influence_budget,4.255678018112836,3.5919797170668146,3.5919797170668146,0.025,0.0,0.975,0.0,518.2246003258682,719.8880062288258,0.01875,0.9502721156013332,0.9875,0.99375,1.0,0.01875,0.0,1.0,1.0,0.06892229905925025,0.0,0.0,0.0,0.84375,0.8922309948828442,0.0,0.0,18.771784165874124,9698481abd71a486046ed773f6d486ab25f05fe1929e840c87185faaca2b8745
raw_attack_severe,20026,influence_budget,4.011036178571835,3.4458426519552385,3.4458426519552385,0.025,0.0,0.975,0.0,468.08165663251475,733.0114347554432,0.0625,0.9422864083005397,0.9875,1.0,1.0,0.025,0.0,1.0,1.0,0.05882820616737625,0.0,0.0,0.0,0.73125,1.0089212546451185,0.0,0.0,18.77179329120554,4ecd8f32ae72022144a0717029fb0b8d1c3ecaaf03b7a30a9358dddcde03eb40
raw_attack_severe,20027,influence_budget,4.24060613676625,3.560799941222317,3.560799941222317,0.01875,0.0,0.98125,0.0,526.5119240312825,750.9037813153391,0.0125,0.9483527271657117,0.99375,0.98125,1.0,0.01875,0.0,1.0,1.0,0.07264364712560631,0.0,0.0,0.0,0.7625,0.9231026204186193,0.0,0.0,18.767900000093505,7b83b05b1428cd697504225225afef79a3f1155ae7d589b84ded899e9955f7aa
raw_attack_severe,20028,influence_budget,4.2331271441088445,3.557024389402455,3.557024389402455,0.0,0.0,1.0,0.0,512.05748899657,706.1248568674853,0.0125,0.9623610202175232,1.0,1.0,1.0,0.00625,0.0,1.0,1.0,0.05767756451040936,0.0,0.0,0.0,0.83125,0.8587529024378473,0.0,0.0,18.67043891712092,c21316e7f07cc848ce771e94be43147f4fce6977021ae04beaa02c1e72b496e3
raw_attack_severe,20029,influence_budget,4.27266052585072,3.587165947885637,3.587165947885637,0.00625,0.0,0.99375,0.0,533.5281113661583,717.1551437912052,0.0,0.9556972462496729,1.0,1.0,1.0,0.01875,0.0,1.0,1.0,0.06061015899389164,0.0,0.0,0.0,0.74375,1.1029910581237028,0.0,0.0,18.90238891588524,10686bdd6fe767aba508e976823a5d7e163cae61deb2dd65507c1108c2a808a4
raw_attack_severe,20030,influence_budget,4.156289837028175,3.5412445127059695,3.5412445127059695,0.025,0.0,0.975,0.0,509.30708577788903,757.9923760100446,0.03125,0.9466119324415276,0.9875,0.99375,1.0,0.025,0.0,1.0,1.0,0.06811440251211096,0.0,0.0,0.0,0.8,0.9768612241881168,0.0,0.0,18.97084724996239,41afc15c3b32c5cc58ff043bdfc85b78388b4dffdb99315673463425f739e897
raw_attack_severe,20031,influence_budget,4.287322209731447,3.6145243440901065,3.6145243440901065,0.0125,0.0,0.9875,0.0,532.8644211613997,732.4343425874865,0.0125,0.9476952141736558,0.99375,1.0,1.0,0.01875,0.0,1.0,1.0,0.07633634879903248,0.0,0.0,0.0,0.85625,0.939059948483689,0.0,0.0,18.876036708941683,949b7c415145e16174702264c06f8193fc2068a026ff7cb59b214980f2112f92
raw_attack_severe,20032,influence_budget,4.296957526258889,3.6348943143724637,3.6348943143724637,0.0125,0.0,0.9875,0.0,533.851121992114,739.2167614126229,0.01875,0.9358763814158337,0.99375,1.0,1.0,0.03125,0.0,1.0,1.0,0.0636590837776835,0.0,0.0,0.0,0.76875,1.0208634862681674,0.0,0.0,18.42312525003217,f683c0447203196e598569b86c7a07908fe8b1ea32cf8f78256d8ff0767e23fa
raw_attack_severe,20033,influence_budget,4.286769105133883,3.618090304608223,3.618090304608223,0.0125,0.0,0.9875,0.0,550.267683009597,755.5297979032655,0.0125,0.9399119239817036,0.9875,1.0,1.0,0.01875,0.0,1.0,1.0,0.06586594726398934,0.0,0.0,0.0,0.73125,1.4065411387221012,0.0,0.0,18.782113333931193,0e89b0f6f85300a1a6cab27ed385ea6e60315b954a5d1ee0b0a999ea8518ecc2
raw_attack_severe,20034,influence_budget,4.211967277870339,3.567619043176397,3.567619043176397,0.025,0.0,0.975,0.0,519.9012401386801,743.6623212170259,0.01875,0.9457485331507414,0.9875,1.0,1.0,0.04375,0.0,1.0,1.0,0.06951493465233922,0.0,0.0,0.0,0.71875,0.9999151617445527,0.0,0.0,18.94682570802979,cbb86b806cf6b92bbf5a2433903914e282225d6ecae8cb6430113ab33e3c12fa
raw_attack_severe,20035,influence_budget,4.24404787053404,3.5764810085889334,3.5764810085889334,0.01875,0.0,0.98125,0.0,506.2444283245124,696.9022347371987,0.00625,0.9469858266072617,0.99375,1.0,1.0,0.05,0.0,1.0,1.0,0.07364635526672014,0.0,0.0,0.0,0.71875,0.926730934229337,0.0,0.0,19.048923041904345,cd7029516e0fe9c7f183daa468a0dec7f154c5d4ca805f3a6cab54d94e3de084
raw_attack_severe,20036,influence_budget,4.242707902929736,3.573837944976198,3.573837944976198,0.0125,0.0,0.9875,0.0,534.509815946936,738.4858077131274,0.00625,0.9483893464403124,0.99375,1.0,1.0,0.01875,0.0,1.0,1.0,0.06848978028212818,0.0,0.0,0.0,0.7,1.3564575758601625,0.0,0.0,18.772966332966462,7851aab4a9830dbbce36f852a4cb3a4d33df7890efc7887d493dd3bfc7d515bd
raw_attack_severe,20037,influence_budget,4.222330721549939,3.5420144893361254,3.5420144893361254,0.00625,0.0,0.99375,0.0,507.9105383011771,700.570385660889,0.0125,0.9504135644687359,1.0,1.0,0.99375,0.0125,0.0,1.0,1.0,0.06460682969243384,0.0,0.0,0.0,0.73125,0.9796771349875456,0.0,0.0,18.890336707932875,5f8cc5c80e6f7ff8cbc5ce3c88004bd368fd6b96f4e411581a148ade662d4e9d
raw_attack_severe,20038,influence_budget,4.354105016297671,3.6709103887458046,3.6709103887458046,0.0125,0.0,0.9875,0.0,558.7041516895096,729.0834362132265,0.0125,0.9466338022929264,1.0,1.0,1.0,0.00625,0.0,1.0,1.0,0.07655056425902866,0.0,0.0,0.0,0.78125,1.1549967875907539,0.0,0.0,19.201529166894034,95122576d879e2fc89f5d25584a96a760e238b8867e77d0e7b13a11568529587
raw_attack_severe,20039,influence_budget,4.2333702234135755,3.56223170446273,3.56223170446273,0.0125,0.0,0.9875,0.0,525.7909608510388,744.1644662323833,0.00625,0.9438471552799191,0.9875,1.0,1.0,0.03125,0.0,1.0,1.0,0.06943202032284826,0.0,0.0,0.0,0.75,1.137789793186205,0.0,0.0,18.98705366696231,10cf5f0ad15a0b0cc335b5c556fd63be4ca5a67aca75abead7d1564f26ae544c
raw_attack_severe,20000,combined,0.34583577732749016,0.3828754863501776,0.3828754863501776,1.0,0.0,0.0,0.0,1.841324883436847,4.940360948798324,0.96875,0.07854234340937502,0.9875,0.99375,1.0,0.0,0.9875,0.6292081566202745,0.05,0.000201459970197786,0.06923469031250001,0.9937106918238994,0.0,0.75625,0.9734050890444085,0.0,0.0,18.72369533404708,ec2d7e0b9e7538be5ed51c634b09a6889465c4afd9a1708a9c1bad5e9a33871e
raw_attack_severe,20001,combined,0.3306321143904176,0.37354462902922897,0.37354462902922897,1.0,0.0,0.0,0.0,1.7340249545498778,5.292773701592303,0.975,0.07954393986513922,0.99375,1.0,1.0,0.0,0.99375,0.6260541314962061,0.05,0.001004079378907756,0.0697892903125,0.99375,0.0,0.81875,0.9567588524052109,0.0,0.0,18.86567850015126,9c84b0bad5105c36d2b57562546b484af7732882ada1fc0312326357d32e018d
raw_attack_severe,20002,combined,0.34914467504784796,0.3955587460731322,0.3955587460731322,1.0,0.0,0.0,0.0,1.9555311505113935,5.96573230677884,0.95,0.08078386643106125,0.99375,1.0,1.0,0.0,0.99375,0.6258400761248397,0.05,0.00011639140321341471,0.0697892903125,0.99375,0.0,0.75,1.2543065618318803,0.0,0.0,18.827343791956082,86644e3484694014c6d7a24e44435f69b57ff8581ba58167a770a9c9d491e34b
raw_attack_severe,20003,combined,0.32172794409221356,0.3704052732312061,0.3704052732312061,1.0,0.0,0.0,0.0,1.6806345537765182,5.664852058696486,0.95,0.07953923210043563,0.9875,1.0,1.0,0.0,0.99375,0.6278032268187662,0.05,5.615526763802451e-05,0.0697892903125,0.99375,0.0,0.74375,0.736046486113254,0.0,0.0,18.898881874978542,82cfe6daabd118ce186e7979173b80d5e0fe8359962ed1bfe95c67e69508fb32
raw_attack_severe,20004,combined,0.34419247596687025,0.3805478747445728,0.3805478747445728,1.0,0.0,0.0,0.0,1.8058927496785124,5.07677426990099,0.975,0.08020045005298315,0.99375,1.0,1.0,0.0,0.99375,0.6218702999920218,0.05,0.000366229449244868,0.0697892903125,0.99375,0.0,0.725,0.9457338454000611,0.0,0.0,18.67971737496555,83ca293b56706486a38665ae8bc48e5212881135fa5f632c6185be54e0a9fbb1
raw_attack_severe,20005,combined,0.34546017143573216,0.38529482380871194,0.38529482380871194,1.0,0.0,0.0,0.0,1.8052232745573646,5.2403138742124185,0.95625,0.07909139740937499,0.9875,1.0,1.0,0.0,0.99375,0.6341559737263814,0.05,0.0005179338022850412,0.0697892903125,0.99375,0.0,0.76875,0.7180736359512333,0.0,0.0,18.874514125054702,ab6eba8e749a2120379774673a546c97513cfbc4513b3ee2a6fb3f552ad95bd8
raw_attack_severe,20006,combined,0.31392412806564174,0.36224794153131,0.36224794153131,1.0,0.0,0.0,0.0,1.644472364360368,4.986066548442336,0.975,0.07909139740937499,0.9875,1.0,1.0,0.0,0.99375,0.6300791480311176,0.05,0.0003417815843333901,0.0697892903125,0.99375,0.0,0.8125,1.0424241483863834,0.0,0.0,19.06805995805189,564bee3e16d43bfdf60519e202e107a563ed0954ace8ec77e290f3e96887f443
raw_attack_severe,20007,combined,0.33596861574116565,0.37081701776616266,0.37081701776616266,0.9875,0.0,0.0125,0.0,1.689761543706058,5.412964508064551,0.95625,0.07987298385845107,1.0,1.0,1.0,0.0,0.99375,0.6239738885751084,0.05,0.0070915090285428055,0.0697892903125,0.99375,0.0,0.7375,0.8525971733435309,0.0,0.0,18.892297875136137,efc862e59981eb840060cf16b6ad9d7fa7d20b279dbd502282c361ab0a639cb7
raw_attack_severe,20008,combined,0.3455394601112626,0.38545818320440206,0.38545818320440206,1.0,0.0,0.0,0.0,1.8800603965382776,5.749724599715214,0.95625,0.07909139740937499,0.99375,1.0,1.0,0.0,0.99375,0.6295769412101075,0.05,0.0005246851563116665,0.0697892903125,0.99375,0.0,0.84375,1.0338740536083428,0.0,0.0,18.490222708089277,b76f6a10a02ae70ed0abe7c59aa3d4ba4538847f0e741c2a4bf0970f9d21374c
raw_attack_severe,20009,combined,0.36406965465577545,0.3937839425738516,0.3937839425738516,0.975,0.0,0.025,0.0,1.9067795567693353,5.1598173067739435,0.95625,0.08038764048120742,0.99375,1.0,1.0,0.0,0.99375,0.632924735759625,0.05,0.0011415438278955963,0.0697892903125,0.99375,0.00125,0.7375,1.0864943022637983,0.0,0.0,18.71807908406481,753d6ef8cf5d0bd96c49b00b062fe0081ce0695bb0f21d528b9ef38e6e596911
raw_attack_severe,20010,combined,0.35794344096457326,0.4004526319747336,0.4004526319747336,0.99375,0.0,0.00625,0.0,1.9648697427801778,6.415954656352446,0.94375,0.08031620329922864,1.0,1.0,1.0,0.0,0.99375,0.6269418538642355,0.05,0.0063137423429288925,0.0697892903125,0.99375,0.0,0.8375,0.9436475086222391,0.0,0.0,18.88110737479292,74a7ac6e7fc97cc8fc6df89019a3d95d5deaaf6e18cc12d3462b90c72bbbe83f
raw_attack_severe,20011,combined,0.332156919236508,0.3726496282328622,0.3726496282328622,1.0,0.0,0.0,0.0,1.7041682954819968,5.433910591829289,0.96875,0.07909139740937499,1.0,1.0,1.0,0.0,0.99375,0.6205780586045198,0.05,0.0007984940241516303,0.0697892903125,0.99375,0.0025,0.7125,0.8616415818830223,0.0,0.0,18.95144624984823,0c849fb87230b942a1f5ca575300f468e64ea8ea6aa7edc9c24904f6e85c4850
raw_attack_severe,20012,combined,0.3175243489855083,0.3545242196003661,0.3545242196003661,1.0,0.0,0.0,0.0,1.5446100660141278,4.389873777938656,0.975,0.07957814539477717,0.9875,1.0,1.0,0.0,0.99375,0.6232779418591138,0.05,0.00017030395689641861,0.0697892903125,0.99375,0.0,0.825,0.8461592849383706,0.0,0.0,18.627989624859765,87fe60a1618106c7f7dcf89517a0322f631a6e3e68ade8facb206631649d34d0
raw_attack_severe,20013,combined,0.3913385982751073,0.39286711740434804,0.39286711740434804,0.94375,0.0,0.05625,0.0,1.9412300800397944,5.198911420384344,0.95,0.085093008293215,1.0,1.0,1.0,0.0,0.99375,0.6324045731077724,0.05,0.00015366692188852375,0.0697892903125,0.99375,0.0,0.75,0.9173157706677602,0.0,0.0,18.904610000085086,695545ba471265072e5ecc5652e4ab09b7e56b3770c30bd38227ba3f17e44c87
raw_attack_severe,20014,combined,0.34451046950911984,0.3787898535098068,0.3787898535098068,1.0,0.0,0.0,0.0,1.7661919408248399,4.688382920971293,0.9875,0.08006806210422898,1.0,1.0,1.0,0.0,0.99375,0.6297844571781412,0.05,0.00034337878960132603,0.0697892903125,0.99375,0.0,0.7125,0.8795836152401482,0.0,0.0,18.963604874908924,6b3911a113acc888d53a19666c3fd9c8981f131e97bcc7d0025c16f8dad71b17
raw_attack_severe,20015,combined,0.3477361817426551,0.3722015944699216,0.3722015944699216,0.9875,0.0,0.0125,0.0,1.7200102567870907,4.532367425827987,0.975,0.07995839025514176,0.99375,1.0,1.0,0.0,0.99375,0.6215163536787843,0.05,0.00012054383168873595,0.0697892903125,0.99375,0.0,0.7375,0.9794100792252692,0.0,0.0,19.02744833403267,93492038a208924bd2321df310e0944c863fb46d6886a87ff189fded63413e2e
raw_attack_severe,20016,combined,0.3449688876880949,0.37596594532541516,0.37596594532541516,0.99375,0.0,0.00625,0.0,1.7889652604764748,4.8232181025962575,0.98125,0.07973885448045452,0.98125,1.0,1.0,0.0,0.99375,0.6264558909770301,0.05,0.0007147617438447012,0.0697892903125,0.99375,0.0,0.7125,1.1453729959288352,0.0,0.0,18.673975832993165,878bf79bdda67e1078ec6fe9e236dcfdeff73b1d536bfa46380ec897c7d0bec2
raw_attack_severe,20017,combined,0.3436435171224571,0.38601049760356154,0.38601049760356154,1.0,0.0,0.0,0.0,1.8930174138536942,5.457371483422222,0.96875,0.07909139740937499,0.99375,1.0,1.0,0.0,0.99375,0.6274810411079518,0.05,0.00014256620890063223,0.0697892903125,0.99375,0.0,0.71875,1.0700304912625405,0.0,0.0,18.91283162496984,5414a2ae47892b1944c50abf3dcfa00af4344f7f1cd8cc8f6e21bc83f4942b2d
raw_attack_severe,20018,combined,0.3464333962842888,0.3765256376041812,0.3765256376041812,0.98125,0.0,0.01875,0.0,1.7818945225809233,4.964809252136623,0.9625,0.08006692730363225,0.9875,1.0,1.0,0.0,0.99375,0.6222425472758557,0.05,0.00010642466382246955,0.0697892903125,0.99375,0.0,0.71875,1.1043754640743644,0.0,0.0,18.857018624898046,9b1e2295b11c3f928f0b33bd2132e726715ccfafe3b5c9f998058748ba452308
raw_attack_severe,20019,combined,0.3484319738106845,0.3896510597212654,0.3896510597212654,1.0,0.0,0.0,0.0,1.9135738067475203,5.074291863134685,0.96875,0.08137384852188854,0.99375,1.0,1.0,0.0,0.99375,0.6209976702784299,0.05,5.125038949290374e-05,0.0697892903125,0.99375,0.0,0.71875,1.086264260365485,0.0,0.0,18.938146458007395,85e192c2d7b7e0e31f94ed78731f9acd10f5615ae939b61065c6d9685e586cf7
raw_attack_severe,20020,combined,0.31317203490863876,0.3525973845724214,0.3525973845724214,1.0,0.0,0.0,0.0,1.556483843393972,4.571564287166971,0.98125,0.07930226009397091,0.99375,1.0,1.0,0.0,0.99375,0.6251832427966525,0.05,0.00026865931224680874,0.0697892903125,0.99375,0.0,0.75,1.0920566996185346,0.0,0.0,18.75321549992077,df070878ca8849dba58f9bdadb9a22788e0db9996544910a3bb971bfcc341b64
raw_attack_severe,20021,combined,0.3406273738962458,0.38465865319692794,0.38465865319692794,1.0,0.0,0.0,0.0,1.8340072837053125,5.73867687941136,0.95,0.07958987898447609,0.9875,1.0,1.0,0.0,0.99375,0.6278523621010346,0.05,0.0004182613558104219,0.0697892903125,0.99375,0.0,0.7875,0.7662418843958141,0.0,0.0,18.90173895796761,8e23de4ac591df21f3f4be4051f3075ab6edc94df742c84689e44f31746e35a7
raw_attack_severe,20022,combined,0.34372850260211746,0.3848559226844768,0.3848559226844768,1.0,0.0,0.0,0.0,1.7772719208690648,5.072718135377701,0.96875,0.08010878054549649,0.99375,1.0,1.0,0.0,0.99375,0.6264086563277671,0.05,0.00032957189201459817,0.0697892903125,0.99375,0.0,0.80625,0.8866188040226053,0.0,0.0,18.951417207950726,edb7eefad688ef342da41e73221a19ba02a4897b80d4831512b57f658c4e6e4e
raw_attack_severe,20023,combined,0.3224656554305441,0.3598851915241657,0.3598851915241657,1.0,0.0,0.0,0.0,1.648130364902731,4.447826106922419,0.9875,0.07955457624841697,0.99375,1.0,1.0,0.0,0.99375,0.6303925272292167,0.05,0.00014747678657836568,0.0697892903125,0.99375,0.0,0.7625,1.1608141491510913,0.0,0.0,19.126143499976024,0589da53fb9b6568cef96747de77e218d441bda05e1344063daf4052da250b54
raw_attack_severe,20024,combined,0.3250065434493198,0.3690913276147061,0.3690913276147061,1.0,0.0,0.0,0.0,1.6869523557630566,5.623883181608778,0.9625,0.07909139740937499,0.9875,1.0,1.0,0.0,0.99375,0.6262227651748422,0.05,0.0003677748572578691,0.0697892903125,0.99375,0.0,0.75625,1.0936168857541861,0.0,0.0,18.48070158297196,1016032602f3794699584a33f9ca7d9db04005efa2fe95dd9234c0574aa50f68
raw_attack_severe,20025,combined,0.3954604921675079,0.3917683914009736,0.3917683914009736,0.93125,0.0,0.06875,0.0,1.809203679499704,4.983406866815209,0.96875,0.08496422595719229,0.9875,0.99375,1.0,0.0,0.99375,0.6210900479552288,0.05,0.0001932792193117553,0.0697892903125,0.99375,0.0,0.84375,0.8922309948828442,0.0,0.0,18.771784165874124,9698481abd71a486046ed773f6d486ab25f05fe1929e840c87185faaca2b8745
raw_attack_severe,20026,combined,0.33943483048279194,0.3857501213919648,0.3857501213919648,1.0,0.0,0.0,0.0,1.8101182499692456,5.470034286820569,0.95,0.07909139740937499,0.9875,1.0,1.0,0.0,0.99375,0.6278223858532619,0.05,0.00030465249980269097,0.0697892903125,0.99375,0.0,0.73125,1.0089212546451185,0.0,0.0,18.77179329120554,4ecd8f32ae72022144a0717029fb0b8d1c3ecaaf03b7a30a9358dddcde03eb40
raw_attack_severe,20027,combined,0.4339263401898984,0.4864532637615495,0.4864532637615495,0.89375,0.0,0.10625,0.0,2.587777876117315,5.810146214200787,0.95625,0.09766154937119217,0.99375,0.98125,1.0,0.0,0.99375,0.6205517422843695,0.05,0.0009172299124766924,0.069703619861883,0.99375,0.0025380710659898475,0.7625,0.9231026204186193,0.0,0.0,18.767900000093505,7b83b05b1428cd697504225225afef79a3f1155ae7d589b84ded899e9955f7aa
raw_attack_severe,20028,combined,0.3450315858865563,0.3643180597277505,0.3643180597277505,0.96875,0.0,0.03125,0.0,1.6590334971523208,4.726810963509508,0.98125,0.08300076488340255,1.0,1.0,1.0,0.0,0.99375,0.6307379170582317,0.05,7.069027037080027e-05,0.0697892903125,0.99375,0.0,0.83125,0.8587529024378473,0.0,0.0,18.67043891712092,c21316e7f07cc848ce771e94be43147f4fce6977021ae04beaa02c1e72b496e3
raw_attack_severe,20029,combined,0.32867176757406363,0.3709313253057693,0.3709313253057693,1.0,0.0,0.0,0.0,1.734332609138297,4.880949342567577,0.98125,0.07909139740937499,1.0,1.0,1.0,0.0,0.99375,0.6283651444479571,0.05,0.0005301430203516743,0.0697892903125,0.99375,0.0,0.74375,1.1029910581237028,0.0,0.0,18.90238891588524,10686bdd6fe767aba508e976823a5d7e163cae61deb2dd65507c1108c2a808a4
raw_attack_severe,20030,combined,0.3329488625208693,0.37512847172180763,0.37512847172180763,1.0,0.0,0.0,0.0,1.7408550415499828,4.749117892877251,0.96875,0.07867866896952336,0.9875,0.99375,1.0,0.0,0.9875,0.6297273133530018,0.05,0.00027006935702934587,0.06923659148929309,0.9937106918238994,0.0,0.8,0.9768612241881168,0.0,0.0,18.97084724996239,41afc15c3b32c5cc58ff043bdfc85b78388b4dffdb99315673463425f739e897
raw_attack_severe,20031,combined,0.32741854864126313,0.3632211671619035,0.3632211671619035,1.0,0.0,0.0,0.0,1.635311386192841,4.418987132471752,0.98125,0.08029658458360334,0.99375,1.0,1.0,0.0,0.99375,0.6299288110355913,0.05,0.006388643255356642,0.0697892903125,0.99375,0.0,0.85625,0.939059948483689,0.0,0.0,18.876036708941683,949b7c415145e16174702264c06f8193fc2068a026ff7cb59b214980f2112f92
raw_attack_severe,20032,combined,0.3391370092846844,0.37826531335256575,0.37826531335256575,0.99375,0.0,0.00625,0.0,1.7870484127470783,4.731326006748983,0.9625,0.07968867675362197,0.99375,1.0,1.0,0.0,0.99375,0.6286783268518101,0.05,0.0003561513570920717,0.0697892903125,0.99375,0.0,0.76875,1.0208634862681674,0.0,0.0,18.42312525003217,f683c0447203196e598569b86c7a07908fe8b1ea32cf8f78256d8ff0767e23fa
raw_attack_severe,20033,combined,0.31640184842356023,0.3551265081318973,0.3551265081318973,1.0,0.0,0.0,0.0,1.58751518841958,4.543208566171385,0.9875,0.07909139740937499,0.9875,1.0,1.0,0.0,0.99375,0.629956332676782,0.05,0.0003088608554747376,0.0697892903125,0.99375,0.0,0.73125,1.4065411387221012,0.0,0.0,18.782113333931193,0e89b0f6f85300a1a6cab27ed385ea6e60315b954a5d1ee0b0a999ea8518ecc2
raw_attack_severe,20034,combined,0.33915626008709976,0.3801711763090649,0.3801711763090649,1.0,0.0,0.0,0.0,1.8097037534941336,5.045012494418441,0.9625,0.07909139740937499,0.9875,1.0,1.0,0.0,0.99375,0.6316396128374119,0.05,0.000542474330240845,0.0697892903125,0.99375,0.0,0.71875,0.9999151617445527,0.0,0.0,18.94682570802979,cbb86b806cf6b92bbf5a2433903914e282225d6ecae8cb6430113ab33e3c12fa
raw_attack_severe,20035,combined,0.32985979212090477,0.3711886511616519,0.3711886511616519,1.0,0.0,0.0,0.0,1.659689840290222,5.338695561703024,0.96875,0.07928730856303437,0.99375,1.0,1.0,0.0,0.99375,0.6247645355711271,0.05,0.0004456286165365129,0.0697892903125,0.99375,0.0,0.71875,0.926730934229337,0.0,0.0,19.048923041904345,cd7029516e0fe9c7f183daa468a0dec7f154c5d4ca805f3a6cab54d94e3de084
raw_attack_severe,20036,combined,0.34770055761164986,0.39576701919197566,0.39576701919197566,1.0,0.0,0.0,0.0,1.9234588808620934,5.276330442240504,0.95625,0.07909139740937499,0.99375,1.0,1.0,0.0,0.99375,0.6259180364460395,0.05,0.006425424254523486,0.0697892903125,0.99375,0.0,0.7,1.3564575758601625,0.0,0.0,18.772966332966462,7851aab4a9830dbbce36f852a4cb3a4d33df7890efc7887d493dd3bfc7d515bd
raw_attack_severe,20037,combined,0.3109122216128549,0.3442787828962287,0.3442787828962287,0.99375,0.0,0.00625,0.0,1.4774044852581139,4.411033767253345,0.98125,0.0813462416290632,1.0,1.0,0.99375,0.0,0.99375,0.6210800016968834,0.05,0.000689101728918888,0.0697892903125,0.99375,0.00125,0.73125,0.9796771349875456,0.0,0.0,18.890336707932875,5f8cc5c80e6f7ff8cbc5ce3c88004bd368fd6b96f4e411581a148ade662d4e9d
raw_attack_severe,20038,combined,0.299504796806399,0.3412044365266056,0.3412044365266056,1.0,0.0,0.0,0.0,1.4317363650883288,3.8034109699421514,0.98125,0.07941852235966133,1.0,1.0,1.0,0.0,0.99375,0.6236092159045798,0.05,0.0001282017272170872,0.0697892903125,0.99375,0.0,0.78125,1.1549967875907539,0.0,0.0,19.201529166894034,95122576d879e2fc89f5d25584a96a760e238b8867e77d0e7b13a11568529587
raw_attack_severe,20039,combined,0.3212505145352305,0.36126446641610754,0.36126446641610754,1.0,0.0,0.0,0.0,1.6634363812161843,4.645688370711418,0.98125,0.07909139740937499,0.9875,1.0,1.0,0.0,0.99375,0.6303976328325562,0.05,0.00046562612348696205,0.0697892903125,0.99375,0.0,0.75,1.137789793186205,0.0,0.0,18.98705366696231,10cf5f0ad15a0b0cc335b5c556fd63be4ca5a67aca75abead7d1564f26ae544c
raw_channel_colluding_ramp,20000,m9c_baseline,3.535761886160288,3.16819432681206,3.16819432681206,0.10625,0.0,0.89375,0.0,406.1553096605163,707.018444395323,0.1625,0.786465860670414,0.0,0.0,0.0,0.0,0.0,1.0,1.0,0.0,0.0,0.0,0.0,0.61875,0.9466564642453206,0.0,0.0,17.81296345894225,8925bd39dac81b4ead1d923b4b1a7b9225e2f9a96c4ef7b84834ff71fd144fdf
raw_channel_colluding_ramp,20001,m9c_baseline,3.517003269138276,3.1766440763388886,3.1766440763388886,0.1125,0.0,0.8875,0.0,412.56823127864374,709.4716906039052,0.1625,0.7821435557310554,0.0,0.0,0.0,0.0,0.0,1.0,1.0,0.0,0.0,0.0,0.0,0.65,0.9489251290593377,0.0,0.0,18.091066957917064,f894deeca0d078af93e2a5ba8a12e5785badcc55cc3d970708deca5f30414998
raw_channel_colluding_ramp,20002,m9c_baseline,3.429927221825268,3.101761531378867,3.101761531378867,0.13125,0.0,0.86875,0.0,390.61918945475645,690.9776017972066,0.16875,0.7738899770182901,0.0,0.0,0.0,0.0,0.0,1.0,1.0,0.0,0.0,0.0,0.0,0.5625,1.2502321487512884,0.0,0.0,18.20854108291678,a2ccc3ed5d8ef6270b78186042bae47a1956496a09ff09721dbf4b0fe16ab9c5
raw_channel_colluding_ramp,20003,m9c_baseline,3.5069042811273987,3.165369087087497,3.165369087087497,0.10625,0.0,0.89375,0.0,394.3172525679417,661.4619153287341,0.1625,0.7808415618508769,0.0,0.0,0.0,0.0,0.0,1.0,1.0,0.0,0.0,0.0,0.0,0.55625,0.7093860908209044,0.0,0.0,18.231062416918576,9b010e55cd2013e6644553bb841149738ddc642bfd2c464eb160e45ebfdc75b1
raw_channel_colluding_ramp,20004,m9c_baseline,3.4942664016510134,3.1294206802604623,3.1294206802604623,0.10625,0.0,0.89375,0.0,396.5025659391094,704.9726029452073,0.15,0.7754764715921154,0.0,0.0,0.0,0.0,0.0,1.0,1.0,0.0,0.0,0.0,0.0,0.575,0.9313419506060938,0.0,0.0,17.91646987502463,d97f15b4a576b18e27aaa544502062c97872b3ef4afbdf86534e9215719424e0
raw_channel_colluding_ramp,20005,m9c_baseline,3.508484644135146,3.154186170760232,3.154186170760232,0.10625,0.0,0.89375,0.0,387.2494472834433,671.1413632628636,0.16875,0.7760332436489101,0.0,0.0,0.0,0.0,0.0,1.0,1.0,0.0,0.0,0.0,0.0,0.60625,0.6823548366083083,0.0,0.0,18.222323457943276,20c0633256ab78388e047ed65f05084e37195182be2818df6774f0d26712a7ca
raw_channel_colluding_ramp,20006,m9c_baseline,3.354214619066144,3.041895932914734,3.041895932914734,0.125,0.0,0.875,0.0,383.52455807473024,719.3453566963742,0.16875,0.774397698040858,0.0,0.0,0.0,0.0,0.0,1.0,1.0,0.0,0.0,0.0,0.0,0.61875,1.006679406277362,0.0,0.0,18.127652833005413,486f16f97594848dcfbf66e36835ad24f710406dde6c172bc61282ae043297fd
raw_channel_colluding_ramp,20007,m9c_baseline,3.4957460625582,3.1347894518155144,3.1347894518155144,0.1,0.0,0.9,0.0,390.8676320891295,691.6317388777162,0.15625,0.7785326599006529,0.0,0.0,0.0,0.0,0.0,1.0,1.0,0.0,0.0,0.0,0.0,0.55625,0.8165141031271558,0.0,0.0,18.06849820818752,4142731f610b57bcf787cba702130435fbfddb5ec883e0835bac13e10fd2cd57
raw_channel_colluding_ramp,20008,m9c_baseline,3.5389343080081206,3.167429923655091,3.167429923655091,0.1,0.0,0.9,0.0,415.0129907105569,695.0679492206722,0.1625,0.768277547420342,0.0,0.0,0.0,0.0,0.0,1.0,1.0,0.0,0.0,0.0,0.0,0.63125,0.9768637632695217,0.0,0.0,17.806683082832024,9c6aaa5521f1bcf603f46999ab31e938c65a0fba422ec5ae17c86e40d4d2f180
raw_channel_colluding_ramp,20009,m9c_baseline,3.457331935477878,3.09940851964926,3.09940851964926,0.1125,0.0,0.8875,0.0,390.82408148482506,704.1989378703681,0.15,0.7883752636090244,0.0,0.0,0.0,0.0,0.0,1.0,1.0,0.0,0.0,0.0,0.0,0.64375,1.0452766179640611,0.0,0.0,18.017258582869545,81e65bc4242a0a5a16bb2f1bd4c771c0d2c5529cf665720bd2f88acbf55cca53
raw_channel_colluding_ramp,20010,m9c_baseline,3.5607033929554937,3.202643708203749,3.202643708203749,0.1125,0.0,0.8875,0.0,419.8935007899835,728.7286579997856,0.1625,0.7846183608405262,0.0,0.0,0.0,0.0,0.0,1.0,1.0,0.0,0.0,0.0,0.0,0.5875,0.9260273377350938,0.0,0.0,17.975766374962404,4ad34224a53bc63123aa393e04e8f15cd8e36350f60a2c41387b640c87426963
raw_channel_colluding_ramp,20011,m9c_baseline,3.5232250211459935,3.158826024683583,3.158826024683583,0.10625,0.0,0.89375,0.0,398.61021948143207,696.8889152780486,0.15,0.7726486257564683,0.0,0.0,0.0,0.0,0.0,1.0,1.0,0.0,0.0,0.0,0.0,0.575,0.7976256866411037,0.0,0.0,18.063636500155553,3a70ebbe4f253b172bd1e6cf6e37657d7c84e20900f931fb2c244861c8adedf7
raw_channel_colluding_ramp,20012,m9c_baseline,3.539150335937965,3.1841716384567644,3.1841716384567644,0.1,0.0,0.9,0.0,406.1472606966024,697.7559253239186,0.15625,0.7787813611827945,0.0,0.0,0.0,0.0,0.0,1.0,1.0,0.0,0.0,0.0,0.0,0.64375,0.8029201551513303,0.0,0.0,18.082582666072994,8d799550a130c3c460403e742428842412760a07897240704cf68535fd441244
raw_channel_colluding_ramp,20013,m9c_baseline,3.502596666622324,3.1398868633489587,3.1398868633489587,0.09375,0.0,0.90625,0.0,398.82417666300125,695.0276485295167,0.16875,0.7707944666849805,0.0,0.0,0.0,0.0,0.0,1.0,1.0,0.0,0.0,0.0,0.0,0.56875,0.9003683233864674,0.0,0.0,18.183577832998708,f417967d098325af4a4d7a6107d81c45d67ef19425d57279f816aea2a1fb6b6c
raw_channel_colluding_ramp,20014,m9c_baseline,3.545432541345735,3.161624406205772,3.161624406205772,0.09375,0.0,0.90625,0.0,403.5345158487704,707.4064193904736,0.1625,0.7955272756673781,0.0,0.0,0.0,0.0,0.0,1.0,1.0,0.0,0.0,0.0,0.0,0.60625,0.8392278056750195,0.0,0.0,18.182388083077967,97c405160d4704211a6f2615df6ea8577168344730d4233d48a2c827bfca9dca
raw_channel_colluding_ramp,20015,m9c_baseline,3.5515012906687327,3.1819595350241094,3.1819595350241094,0.09375,0.0,0.90625,0.0,413.3050361627722,713.7840974982211,0.1625,0.7801820003153581,0.0,0.0,0.0,0.0,0.0,1.0,1.0,0.0,0.0,0.0,0.0,0.6125,0.940071297230304,0.0,0.0,18.25572770787403,44b7913ef443b6e1d63c556ad9066bff5569924ff2e8ffa2adaa71c7f8666eae
raw_channel_colluding_ramp,20016,m9c_baseline,3.419640115912382,3.0731817905630106,3.0731817905630106,0.10625,0.0,0.89375,0.0,386.69334292430636,700.1662789777171,0.16875,0.7818745756159464,0.0,0.0,0.0,0.0,0.0,1.0,1.0,0.0,0.0,0.0,0.0,0.5625,1.1191644894187438,0.0,0.0,17.710034999996424,4cd34c29a2991920d1ff50b1428330a473b0bf05c3ae061061a9b83d4da9bd03
raw_channel_colluding_ramp,20017,m9c_baseline,3.4731819121193297,3.125831421286668,3.125831421286668,0.1,0.0,0.9,0.0,396.1003844226255,735.6920320581667,0.175,0.7875440200026012,0.0,0.0,0.0,0.0,0.0,1.0,1.0,0.0,0.0,0.0,0.0,0.55,1.0352436966023366,0.0,0.0,18.011116625042632,135f046298c32cce30e9de1c905591e9dc5d941bdb03da12834cd0755561e007
raw_channel_colluding_ramp,20018,m9c_baseline,3.5739402415204906,3.226014563994887,3.226014563994887,0.09375,0.0,0.90625,0.0,430.1382353965416,766.6057865987908,0.16875,0.7857454489346647,0.0,0.0,0.0,0.0,0.0,1.0,1.0,0.0,0.0,0.0,0.0,0.56875,1.0851883552783286,0.0,0.0,17.95275679207407,03d38b5d88c811c6c5932e61d9959a943ae0b69e193eae8fdeffb89429944bac
raw_channel_colluding_ramp,20019,m9c_baseline,3.547173632499157,3.1926286963757717,3.1926286963757717,0.1,0.0,0.9,0.0,418.50260662140437,736.6361833413903,0.15625,0.7813898141744082,0.0,0.0,0.0,0.0,0.0,1.0,1.0,0.0,0.0,0.0,0.0,0.54375,1.0635234994570932,0.0,0.0,17.881040875101462,d753a2d0ce307d092bd21c104609c532dcf69fed14198979378c85beae334061
raw_channel_colluding_ramp,20020,m9c_baseline,3.4153846548741216,3.0761588123576904,3.0761588123576904,0.11875,0.0,0.88125,0.0,383.0140993670081,692.1241339222951,0.175,0.7846310056732569,0.0,0.0,0.0,0.0,0.0,1.0,1.0,0.0,0.0,0.0,0.0,0.58125,1.0801778048822637,0.0,0.0,18.239857207983732,cca593e7d9ebfb4f4ba2938319a781f2ab07915e2b5e708a1c011490775f8461
raw_channel_colluding_ramp,20021,m9c_baseline,3.3720165567028433,2.9965406028642456,2.9965406028642456,0.10625,0.0,0.89375,0.0,349.1302423522924,622.9869770968927,0.175,0.7864369934523492,0.0,0.0,0.0,0.0,0.0,1.0,1.0,0.0,0.0,0.0,0.0,0.675,0.7244234039487223,0.0,0.0,17.79771645902656,9bf74c9a236124ac85c84aea86bc840c9730a1a4eecdb8f5d92a79b336cd431c
raw_channel_colluding_ramp,20022,m9c_baseline,3.5647271990651723,3.1952485599215477,3.1952485599215477,0.09375,0.0,0.90625,0.0,407.2199922360025,688.6057333727966,0.15,0.7751080574959415,0.0,0.0,0.0,0.0,0.0,1.0,1.0,0.0,0.0,0.0,0.0,0.575,0.8506440268677714,0.0,0.0,18.166753792203963,8260679efcd83bed0af1f35d9d33f2897de69976ebb0b6c3e5eba72618a60d19
raw_channel_colluding_ramp,20023,m9c_baseline,3.534455356472418,3.192179738775782,3.192179738775782,0.125,0.0,0.875,0.0,426.7188304815903,744.9794422299323,0.18125,0.7736680092266237,0.0,0.0,0.0,0.0,0.0,1.0,1.0,0.0,0.0,0.0,0.0,0.6625,1.1520446648039655,0.0,0.0,18.179638375062495,92f382c1db7756423248d9ffcc6db82a6d45b35b69c2dc724b3213aa980011e9
raw_channel_colluding_ramp,20024,m9c_baseline,3.548182674233888,3.203080241471824,3.203080241471824,0.1125,0.0,0.8875,0.0,418.0767247731328,763.5227104952354,0.1625,0.7824317331908267,0.0,0.0,0.0,0.0,0.0,1.0,1.0,0.0,0.0,0.0,0.0,0.58125,1.0650665996087725,0.0,0.0,17.729208540869877,ac2fe421e88dbba3d3dcdb3669755bd60828052ffb4d607e3d86da1bb1d09a7b
raw_channel_colluding_ramp,20025,m9c_baseline,3.518726163339663,3.1496764076915023,3.1496764076915023,0.10625,0.0,0.89375,0.0,388.6548074242729,698.2993011114654,0.1625,0.7786387557238983,0.0,0.0,0.0,0.0,0.0,1.0,1.0,0.0,0.0,0.0,0.0,0.65625,0.8590210641171556,0.0,0.0,17.99357062508352,720835ef06601ac77a7a47df33ee607e692031abe7daf154646cfe75c8bdcd08
raw_channel_colluding_ramp,20026,m9c_baseline,3.2099042442252044,2.9334025880069405,2.9334025880069405,0.1125,0.0,0.8875,0.0,334.8017603059758,674.21977299907,0.1875,0.7787973462366786,0.0,0.0,0.0,0.0,0.0,1.0,1.0,0.0,0.0,0.0,0.0,0.56875,0.9926701193303498,0.0,0.0,18.027131292037666,578746e5030799657f1dec02efaa6bfec2c43bbcbd3e3920f8069b3d478c81a0
raw_channel_colluding_ramp,20027,m9c_baseline,3.4759368035843656,3.1244667398938097,3.1244667398938097,0.1125,0.0,0.8875,0.0,383.91962488576854,710.2861021303837,0.15625,0.772659026779478,0.0,0.0,0.0,0.0,0.0,1.0,1.0,0.0,0.0,0.0,0.0,0.63125,0.8494133675709674,0.0,0.0,18.02282058307901,b35a738162c30de4fe7a986cb3f60d820ff33758d5c093ce5faa0b9b81da592a
raw_channel_colluding_ramp,20028,m9c_baseline,3.460730905190239,3.087131120468815,3.087131120468815,0.08125,0.0,0.91875,0.0,381.84982065878364,678.9565795271567,0.1625,0.7963184815521311,0.0,0.0,0.0,0.0,0.0,1.0,1.0,0.0,0.0,0.0,0.0,0.65,0.8344808431914522,0.0,0.0,18.01675737509504,64c80157c43e539c0ef1d169cdca94752bc7c0419c63584f62d6cc5d18100650
raw_channel_colluding_ramp,20029,m9c_baseline,3.514048123569927,3.15467370658229,3.15467370658229,0.1,0.0,0.9,0.0,407.7975908892747,708.8061111162035,0.16875,0.7805010988167945,0.0,0.0,0.0,0.0,0.0,1.0,1.0,0.0,0.0,0.0,0.0,0.575,1.0695302373996054,0.0,0.0,18.017579374834895,78cb588ab4492f7e0cd7c58305682e85cf68f4647ffb3e488a03315e27bdfafa
raw_channel_colluding_ramp,20030,m9c_baseline,3.495222631882627,3.164611237515072,3.164611237515072,0.10625,0.0,0.89375,0.0,406.3179805419418,739.0784264440786,0.1875,0.7784765202835109,0.0,0.0,0.0,0.0,0.0,1.0,1.0,0.0,0.0,0.0,0.0,0.63125,0.9395772578661237,0.0,0.0,18.04012016695924,90028d95c8304fd6235be886cf4c3b02010db7d3c26cb79eac5a9bfc2a43417c
raw_channel_colluding_ramp,20031,m9c_baseline,3.5139697259564757,3.1602050279832445,3.1602050279832445,0.1,0.0,0.9,0.0,403.0758828739393,691.8621563416967,0.18125,0.7785661963965291,0.0,0.0,0.0,0.0,0.0,1.0,1.0,0.0,0.0,0.0,0.0,0.66875,0.8867643600855892,0.0,0.0,18.096878666896373,485795c971ea06f7eea45f8111fff2a5134bcd6fd8357704aa9993545dee54c2
raw_channel_colluding_ramp,20032,m9c_baseline,3.5539582284290576,3.1784558170660944,3.1784558170660944,0.08125,0.0,0.91875,0.0,401.7954326627899,718.3156952069406,0.1625,0.7729669278856676,0.0,0.0,0.0,0.0,0.0,1.0,1.0,0.0,0.0,0.0,0.0,0.60625,0.9908922770066105,0.0,0.0,17.65845395810902,91fb6094c05e993f255f9e4d24914d585d752266044430476e94c08b26c80809
raw_channel_colluding_ramp,20033,m9c_baseline,3.534648157926108,3.181388248299905,3.181388248299905,0.09375,0.0,0.90625,0.0,419.56841013099256,756.7243799784309,0.15,0.7854522566096158,0.0,0.0,0.0,0.0,0.0,1.0,1.0,0.0,0.0,0.0,0.0,0.5375,1.3989013225872478,0.0,0.0,17.353003415977582,6ef82a09d851935fb7cad9b5e78918423210089256fe1ea581324bc1bac29120
raw_channel_colluding_ramp,20034,m9c_baseline,3.542638033711415,3.173100329268095,3.173100329268095,0.1125,0.0,0.8875,0.0,412.00357874618624,738.294638167478,0.16875,0.7897606050367098,0.0,0.0,0.0,0.0,0.0,1.0,1.0,0.0,0.0,0.0,0.0,0.5625,0.9812994953346937,0.0,0.0,17.204622375080362,017365008570c33181fdc1f8265dd7700ee2959ede7d4f4d26731203d52acefd
raw_channel_colluding_ramp,20035,m9c_baseline,3.5329297370232497,3.1787257502009756,3.1787257502009756,0.1125,0.0,0.8875,0.0,400.48458449804235,668.6329470519943,0.1625,0.7877361788645938,0.0,0.0,0.0,0.0,0.0,1.0,1.0,0.0,0.0,0.0,0.0,0.55625,0.8994781308622339,0.0,0.0,17.03392695891671,4f5b79bd1957749e53ca77fd647494c719538946bbf51da0ce099f5d564a4480
raw_channel_colluding_ramp,20036,m9c_baseline,3.5032337820562587,3.145977242700122,3.145977242700122,0.1125,0.0,0.8875,0.0,405.1235018834367,713.8543218667007,0.15625,0.7615080402503652,0.0,0.0,0.0,0.0,0.0,1.0,1.0,0.0,0.0,0.0,0.0,0.525,1.327362768771557,0.0,0.0,16.78882750007324,0ee7e28a8e2b9541093391c80015704fd469ca32a1848f8365abd7a3856927ce
raw_channel_colluding_ramp,20037,m9c_baseline,3.474818497940961,3.115779156660211,3.115779156660211,0.10625,0.0,0.89375,0.0,392.78616187858694,678.0065508197408,0.16875,0.7861361985659273,0.0,0.0,0.0,0.0,0.0,1.0,1.0,0.0,0.0,0.0,0.0,0.56875,0.9176860643058073,0.0,0.0,16.320234541082755,5fdd7210535466de9238f3e38d32535702cf1bc751283bd07c24be4426074706
raw_channel_colluding_ramp,20038,m9c_baseline,3.5576612605334668,3.205974577496554,3.205974577496554,0.125,0.0,0.875,0.0,421.36582142139576,713.4074783305676,0.1375,0.7692431174440115,0.0,0.0,0.0,0.0,0.0,1.0,1.0,0.0,0.0,0.0,0.0,0.60625,1.1486524176422468,0.0,0.0,13.401732249883935,e1c4c33e9cac8d3a77fddf764eab0a299f2059cfa38b0f6aa7b6e7ec35fcd4ce
raw_channel_colluding_ramp,20039,m9c_baseline,3.4779947381929928,3.1367421899802617,3.1367421899802617,0.13125,0.0,0.86875,0.0,406.51536457347095,713.422728018204,0.15,0.767328377219641,0.0,0.0,0.0,0.0,0.0,1.0,1.0,0.0,0.0,0.0,0.0,0.56875,1.102380756767042,0.0,0.0,13.233500499976799,1dacfb08ad54aa967f4ff66f35fd8b0f6bac85fbd713e1523adb8ec50f616a2b
raw_channel_colluding_ramp,20000,cross_channel,0.44698247712068256,0.4217726614297539,0.4217726614297539,0.9,0.0,0.1,0.0,2.2647577970298784,5.866113866808585,0.95,0.08338560012187035,0.8375,0.80625,0.99375,0.0,0.825,0.6893268203392466,0.05,0.0,0.057230334093935534,0.9850746268656716,0.0,0.61875,0.9466564642453206,0.0,0.0,17.81296345894225,8925bd39dac81b4ead1d923b4b1a7b9225e2f9a96c4ef7b84834ff71fd144fdf
raw_channel_colluding_ramp,20001,cross_channel,0.42603651608137616,0.42591778818701165,0.42591778818701165,0.9125,0.0,0.0875,0.0,2.3820212661118356,5.799599395192131,0.95,0.08009848239737578,0.85,0.8,1.0,0.0,0.825,0.6869386625711803,0.05,0.0,0.057230334093935534,0.9850746268656716,0.0,0.65,0.9489251290593377,0.0,0.0,18.091066957917064,f894deeca0d078af93e2a5ba8a12e5785badcc55cc3d970708deca5f30414998
raw_channel_colluding_ramp,20002,cross_channel,0.4360701340307114,0.443246706104913,0.443246706104913,0.91875,0.0,0.08125,0.0,2.5931935078747594,7.457209915040541,0.9375,0.07856478188756277,0.83125,0.73125,1.0,0.0,0.825,0.6859362645599834,0.05,0.0,0.057230334093935534,0.9850746268656716,0.0,0.5625,1.2502321487512884,0.0,0.0,18.20854108291678,a2ccc3ed5d8ef6270b78186042bae47a1956496a09ff09721dbf4b0fe16ab9c5
raw_channel_colluding_ramp,20003,cross_channel,0.41846256723062447,0.4504244236292852,0.4504244236292852,0.9125,0.0,0.0875,0.0,3.044035865384109,6.813963197934755,0.925,0.07999158477964097,0.8375,0.83125,1.0,0.0,0.825,0.6888219007424395,0.05,0.0,0.057230334093935534,0.9850746268656716,0.0,0.55625,0.7093860908209044,0.0,0.0,18.231062416918576,9b010e55cd2013e6644553bb841149738ddc642bfd2c464eb160e45ebfdc75b1
raw_channel_colluding_ramp,20004,cross_channel,0.4528558517075071,0.46794678046621774,0.46794678046621774,0.9,0.0,0.1,0.0,3.437019571839781,5.356429660190214,0.95,0.08407739118925624,0.8375,0.80625,1.0,0.0,0.825,0.6854685695843126,0.05,0.0,0.057230334093935534,0.9850746268656716,0.0,0.575,0.9313419506060938,0.0,0.0,17.91646987502463,d97f15b4a576b18e27aaa544502062c97872b3ef4afbdf86534e9215719424e0
raw_channel_colluding_ramp,20005,cross_channel,0.42383386362471354,0.39666753973776786,0.39666753973776786,0.90625,0.0,0.09375,0.0,1.9495816756560855,5.462665956886242,0.95,0.08185331650896477,0.83125,0.83125,1.0,0.0,0.825,0.6980815778370306,0.05,0.0,0.057230334093935534,0.9850746268656716,0.0,0.60625,0.6823548366083083,0.0,0.0,18.222323457943276,20c0633256ab78388e047ed65f05084e37195182be2818df6774f0d26712a7ca
raw_channel_colluding_ramp,20006,cross_channel,0.38479820885107535,0.3651241048290184,0.3651241048290184,0.9125,0.0,0.0875,0.0,1.6744435859957085,5.1438497844980295,0.96875,0.07944231917182706,0.8375,0.8,1.0,0.0,0.825,0.6932865697217835,0.05,0.0,0.057230334093935534,0.9850746268656716,0.0,0.61875,1.006679406277362,0.0,0.0,18.127652833005413,486f16f97594848dcfbf66e36835ad24f710406dde6c172bc61282ae043297fd
raw_channel_colluding_ramp,20007,cross_channel,0.45620525454546357,0.5328727200966089,0.5328727200966089,0.89375,0.0,0.10625,0.0,5.626088515806982,5.915477745008792,0.95,0.08452332108945708,0.84375,0.81875,1.0,0.0,0.825,0.6842760645462744,0.05,0.0,0.057230334093935534,0.9850746268656716,0.0,0.55625,0.8165141031271558,0.0,0.0,18.06849820818752,4142731f610b57bcf787cba702130435fbfddb5ec883e0835bac13e10fd2cd57
raw_channel_colluding_ramp,20008,cross_channel,0.4752823127176324,0.559557590137131,0.559557590137131,0.89375,0.0,0.10625,0.0,6.483033270606154,6.308631628703966,0.925,0.08737622512100174,0.84375,0.75,1.0,0.0,0.825,0.6947974168270064,0.05,0.0,0.057230334093935534,0.9825870646766169,0.0,0.63125,0.9768637632695217,0.0,0.0,17.806683082832024,9c6aaa5521f1bcf603f46999ab31e938c65a0fba422ec5ae17c86e40d4d2f180
raw_channel_colluding_ramp,20009,cross_channel,0.43912649864575587,0.4087420466817934,0.4087420466817934,0.8875,0.0,0.1125,0.0,2.1123937420269896,6.5455248265245904,0.9375,0.08256914478833763,0.825,0.79375,0.99375,0.0,0.825,0.6950611288809131,0.05,0.0,0.057230334093935534,0.9850746268656716,0.00125,0.64375,1.0452766179640611,0.0,0.0,18.017258582869545,81e65bc4242a0a5a16bb2f1bd4c771c0d2c5529cf665720bd2f88acbf55cca53
raw_channel_colluding_ramp,20010,cross_channel,0.47378147973430557,0.49063725927626817,0.49063725927626817,0.89375,0.0,0.10625,0.0,3.439590536973779,7.667155589149654,0.925,0.08117543202984062,0.84375,0.80625,0.98125,0.0,0.825,0.6889516821564362,0.05,0.0,0.057230334093935534,0.9850746268656716,0.0,0.5875,0.9260273377350938,0.0,0.0,17.975766374962404,4ad34224a53bc63123aa393e04e8f15cd8e36350f60a2c41387b640c87426963
raw_channel_colluding_ramp,20011,cross_channel,0.44697688440952466,0.4854055594252863,0.4854055594252863,0.89375,0.0,0.10625,0.0,4.220080006068692,6.583954949703555,0.94375,0.08637234221034,0.8375,0.8,1.0,0.0,0.825,0.6850680191650287,0.05,0.0,0.057230334093935534,0.9850746268656716,0.0025,0.575,0.7976256866411037,0.0,0.0,18.063636500155553,3a70ebbe4f253b172bd1e6cf6e37657d7c84e20900f931fb2c244861c8adedf7
raw_channel_colluding_ramp,20012,cross_channel,0.44249118692943945,0.48572209725050175,0.48572209725050175,0.89375,0.0,0.10625,0.0,4.650391641695157,5.445337715527968,0.95625,0.08518668888747093,0.825,0.81875,1.0,0.0,0.825,0.6871321069328996,0.05,0.0,0.057230334093935534,0.9825870646766169,0.0,0.64375,0.8029201551513303,0.0,0.0,18.082582666072994,8d799550a130c3c460403e742428842412760a07897240704cf68535fd441244
raw_channel_colluding_ramp,20013,cross_channel,0.5078601967968771,0.5306442577650092,0.5306442577650092,0.8375,0.0,0.1625,0.0,5.502977821054379,6.714378669506153,0.94375,0.09167059124634205,0.8375,0.80625,1.0,0.0,0.825,0.6943078942639658,0.05,0.0,0.057230334093935534,0.9850746268656716,0.0,0.56875,0.9003683233864674,0.0,0.0,18.183577832998708,f417967d098325af4a4d7a6107d81c45d67ef19425d57279f816aea2a1fb6b6c
raw_channel_colluding_ramp,20014,cross_channel,0.4414559766616793,0.4530170069615151,0.4530170069615151,0.90625,0.0,0.09375,0.0,3.1279155594698183,4.7937094096909725,0.975,0.08373389612407303,0.84375,0.8125,0.9875,0.0,0.825,0.6933222506474942,0.05,0.0,0.057230334093935534,0.9850746268656716,0.0,0.60625,0.8392278056750195,0.0,0.0,18.182388083077967,97c405160d4704211a6f2615df6ea8577168344730d4233d48a2c827bfca9dca
raw_channel_colluding_ramp,20015,cross_channel,0.46414434559489826,0.4752794425991595,0.4752794425991595,0.88125,0.0,0.11875,0.0,3.9247713752502777,5.692504622195221,0.95625,0.08558653534019103,0.83125,0.80625,1.0,0.0,0.825,0.6851088089419546,0.05,0.0,0.057230334093935534,0.9850746268656716,0.0,0.6125,0.940071297230304,0.0,0.0,18.25572770787403,44b7913ef443b6e1d63c556ad9066bff5569924ff2e8ffa2adaa71c7f8666eae
raw_channel_colluding_ramp,20016,cross_channel,0.44521380623076423,0.4128439160302729,0.4128439160302729,0.8875,0.0,0.1125,0.0,2.3092663428625615,5.324408137199431,0.975,0.08693824964864291,0.83125,0.8,1.0,0.0,0.825,0.6902202982418322,0.05,0.0,0.057230334093935534,0.9825870646766169,0.0,0.5625,1.1191644894187438,0.0,0.0,17.710034999996424,4cd34c29a2991920d1ff50b1428330a473b0bf05c3ae061061a9b83d4da9bd03
raw_channel_colluding_ramp,20017,cross_channel,0.4437049988508301,0.4391682621495263,0.4391682621495263,0.90625,0.0,0.09375,0.0,2.5990411941294065,6.257022770545961,0.9375,0.08130807944282795,0.83125,0.75,1.0,0.0,0.825,0.694883089354038,0.05,0.0,0.057230334093935534,0.9850746268656716,0.0,0.55,1.0352436966023366,0.0,0.0,18.011116625042632,135f046298c32cce30e9de1c905591e9dc5d941bdb03da12834cd0755561e007
raw_channel_colluding_ramp,20018,cross_channel,0.4534646029748326,0.4984743745126953,0.4984743745126953,0.89375,0.0,0.10625,0.0,3.7357102173415315,5.944828865457418,0.95,0.08159049565832321,0.84375,0.775,1.0,0.0,0.825,0.6858233509341038,0.05,0.0,0.057230334093935534,0.9850746268656716,0.0,0.56875,1.0851883552783286,0.0,0.0,17.95275679207407,03d38b5d88c811c6c5932e61d9959a943ae0b69e193eae8fdeffb89429944bac
raw_channel_colluding_ramp,20019,cross_channel,0.47919063238782583,0.5748788973653025,0.5748788973653025,0.9,0.0,0.1,0.0,6.58145562142157,5.568243806684173,0.95625,0.0866324539091015,0.85,0.8,0.99375,0.0,0.825,0.6857488330227894,0.05,0.0,0.057230334093935534,0.9850746268656716,0.0,0.54375,1.0635234994570932,0.0,0.0,17.881040875101462,d753a2d0ce307d092bd21c104609c532dcf69fed14198979378c85beae334061
raw_channel_colluding_ramp,20020,cross_channel,0.40987652204329794,0.393188126926368,0.393188126926368,0.89375,0.0,0.10625,0.0,2.1247688155472937,4.935616203922718,0.9625,0.08575564906287286,0.8375,0.79375,0.99375,0.0,0.825,0.6901715148902767,0.05,0.0,0.057230334093935534,0.9825870646766169,0.0,0.58125,1.0801778048822637,0.0,0.0,18.239857207983732,cca593e7d9ebfb4f4ba2938319a781f2ab07915e2b5e708a1c011490775f8461
raw_channel_colluding_ramp,20021,cross_channel,0.41769921066155236,0.4031453718416193,0.4031453718416193,0.9125,0.0,0.0875,0.0,1.9871248858772053,6.1573151787827385,0.9375,0.08067321847726071,0.83125,0.825,0.98125,0.0,0.825,0.6913802849399291,0.05,0.0,0.057230334093935534,0.9850746268656716,0.0,0.675,0.7244234039487223,0.0,0.0,17.79771645902656,9bf74c9a236124ac85c84aea86bc840c9730a1a4eecdb8f5d92a79b336cd431c
raw_channel_colluding_ramp,20022,cross_channel,0.4500939573122566,0.47085771879692995,0.47085771879692995,0.90625,0.0,0.09375,0.0,3.617668904697966,6.000914964911648,0.94375,0.08185886611901452,0.83125,0.81875,1.0,0.0,0.825,0.6872614689795542,0.05,0.0,0.057230334093935534,0.9850746268656716,0.0,0.575,0.8506440268677714,0.0,0.0,18.166753792203963,8260679efcd83bed0af1f35d9d33f2897de69976ebb0b6c3e5eba72618a60d19
raw_channel_colluding_ramp,20023,cross_channel,0.44994802037673437,0.5170810377431119,0.5170810377431119,0.9,0.0,0.1,0.0,5.26688070581802,5.325269184561218,0.96875,0.0847088753275568,0.81875,0.75,0.99375,0.0,0.825,0.689406739841829,0.05,0.0,0.057230334093935534,0.9825870646766169,0.0,0.6625,1.1520446648039655,0.0,0.0,18.179638375062495,92f382c1db7756423248d9ffcc6db82a6d45b35b69c2dc724b3213aa980011e9
raw_channel_colluding_ramp,20024,cross_channel,0.4583666262582936,0.5428251558197833,0.5428251558197833,0.89375,0.0,0.10625,0.0,5.566049942942638,5.973413916494997,0.95,0.08452332108945708,0.81875,0.8,1.0,0.0,0.825,0.6892135143675369,0.05,0.0,0.057230334093935534,0.9850746268656716,0.0,0.58125,1.0650665996087725,0.0,0.0,17.729208540869877,ac2fe421e88dbba3d3dcdb3669755bd60828052ffb4d607e3d86da1bb1d09a7b
raw_channel_colluding_ramp,20025,cross_channel,0.4273932781409493,0.44995490478852324,0.44995490478852324,0.9125,0.0,0.0875,0.0,3.066612528100944,5.2764762797400415,0.9625,0.07861428273252427,0.83125,0.81875,1.0,0.0,0.825,0.6886821318493308,0.05,0.0,0.057230334093935534,0.9850746268656716,0.0,0.65625,0.8590210641171556,0.0,0.0,17.99357062508352,720835ef06601ac77a7a47df33ee607e692031abe7daf154646cfe75c8bdcd08
raw_channel_colluding_ramp,20026,cross_channel,0.41933985098353477,0.4051099289447038,0.4051099289447038,0.90625,0.0,0.09375,0.0,2.0117321139172946,6.682598464172892,0.93125,0.08088646861960533,0.83125,0.8,1.0,0.0,0.825,0.6923680810550881,0.05,0.0,0.057230334093935534,0.9850746268656716,0.0,0.56875,0.9926701193303498,0.0,0.0,18.027131292037666,578746e5030799657f1dec02efaa6bfec2c43bbcbd3e3920f8069b3d478c81a0
raw_channel_colluding_ramp,20027,cross_channel,0.45228764843499747,0.5713759380425459,0.5713759380425459,0.89375,0.0,0.10625,0.0,6.6573712280878725,6.336405627323291,0.9375,0.08636111865651158,0.83125,0.80625,1.0,0.0,0.825,0.6914953630546036,0.05,0.0,0.057230334093935534,0.9850746268656716,0.0,0.63125,0.8494133675709674,0.0,0.0,18.02282058307901,b35a738162c30de4fe7a986cb3f60d820ff33758d5c093ce5faa0b9b81da592a
raw_channel_colluding_ramp,20028,cross_channel,0.4142241808664903,0.4023576087807449,0.4023576087807449,0.9,0.0,0.1,0.0,2.1376743423635665,5.738250706672861,0.9625,0.08033355707747043,0.84375,0.8125,0.99375,0.0,0.825,0.6911549857143463,0.05,0.0,0.057230334093935534,0.9850746268656716,0.0,0.65,0.8344808431914522,0.0,0.0,18.01675737509504,64c80157c43e539c0ef1d169cdca94752bc7c0419c63584f62d6cc5d18100650
raw_channel_colluding_ramp,20029,cross_channel,0.44104499124211316,0.4780943638990207,0.4780943638990207,0.9,0.0,0.1,0.0,3.938179554060799,5.552865937873072,0.9625,0.08286112824091364,0.83125,0.7875,0.99375,0.0,0.825,0.689859832954858,0.05,0.0,0.057230334093935534,0.9850746268656716,0.0,0.575,1.0695302373996054,0.0,0.0,18.017579374834895,78cb588ab4492f7e0cd7c58305682e85cf68f4647ffb3e488a03315e27bdfafa
raw_channel_colluding_ramp,20030,cross_channel,0.4259031247919812,0.44149605907034045,0.44149605907034045,0.90625,0.0,0.09375,0.0,2.6682626012319552,6.250078181045753,0.9375,0.08266152673611571,0.8375,0.80625,1.0,0.0,0.825,0.6883873668576463,0.05,0.0,0.057230334093935534,0.9850746268656716,0.0,0.63125,0.9395772578661237,0.0,0.0,18.04012016695924,90028d95c8304fd6235be886cf4c3b02010db7d3c26cb79eac5a9bfc2a43417c
raw_channel_colluding_ramp,20031,cross_channel,0.43195092549248615,0.46047053154571205,0.46047053154571205,0.90625,0.0,0.09375,0.0,3.2464164612606545,4.7908479864866615,0.9625,0.08151873966894796,0.8375,0.80625,1.0,0.0,0.825,0.6931272576067363,0.05,0.0,0.057230334093935534,0.9850746268656716,0.0,0.66875,0.8867643600855892,0.0,0.0,18.096878666896373,485795c971ea06f7eea45f8111fff2a5134bcd6fd8357704aa9993545dee54c2
raw_channel_colluding_ramp,20032,cross_channel,0.45661536610092723,0.47817814443505,0.47817814443505,0.89375,0.0,0.10625,0.0,3.452208361909675,6.09467455403583,0.94375,0.08489873218803945,0.83125,0.8,1.0,0.0,0.825,0.6921592776176294,0.05,0.0,0.057230334093935534,0.9850746268656716,0.0,0.60625,0.9908922770066105,0.0,0.0,17.65845395810902,91fb6094c05e993f255f9e4d24914d585d752266044430476e94c08b26c80809
raw_channel_colluding_ramp,20033,cross_channel,0.418690758355042,0.44709502192944145,0.44709502192944145,0.9125,0.0,0.0875,0.0,3.048009018337629,5.36575691380241,0.96875,0.0805935570496494,0.8375,0.71875,1.0,0.0,0.825,0.6916340921311174,0.05,0.0,0.057230334093935534,0.9850746268656716,0.0,0.5375,1.3989013225872478,0.0,0.0,17.353003415977582,6ef82a09d851935fb7cad9b5e78918423210089256fe1ea581324bc1bac29120
raw_channel_colluding_ramp,20034,cross_channel,0.4282717164094313,0.39964735733692175,0.39964735733692175,0.89375,0.0,0.10625,0.0,1.821701845770439,5.456725380730769,0.9625,0.0830312686595678,0.825,0.80625,0.975,0.0,0.825,0.695199516893622,0.05,0.0,0.057230334093935534,0.9850746268656716,0.0,0.5625,0.9812994953346937,0.0,0.0,17.204622375080362,017365008570c33181fdc1f8265dd7700ee2959ede7d4f4d26731203d52acefd
raw_channel_colluding_ramp,20035,cross_channel,0.44858799275992334,0.5002736939367745,0.5002736939367745,0.9,0.0,0.1,0.0,4.641763145129711,5.6002700259197375,0.95625,0.08602512830643438,0.84375,0.81875,0.99375,0.0,0.825,0.686911969906,0.05,0.0,0.057230334093935534,0.9850746268656716,0.0,0.55625,0.8994781308622339,0.0,0.0,17.03392695891671,4f5b79bd1957749e53ca77fd647494c719538946bbf51da0ce099f5d564a4480
raw_channel_colluding_ramp,20036,cross_channel,0.4741695015135935,0.508705950507463,0.508705950507463,0.89375,0.0,0.10625,0.0,4.106575162206889,6.688356473268472,0.94375,0.08452332108945708,0.825,0.69375,0.99375,0.0,0.825,0.6873129898437276,0.05,0.0,0.057230334093935534,0.9825870646766169,0.0,0.525,1.327362768771557,0.0,0.0,16.78882750007324,0ee7e28a8e2b9541093391c80015704fd469ca32a1848f8365abd7a3856927ce
raw_channel_colluding_ramp,20037,cross_channel,0.4154429900023011,0.4248389230579558,0.4248389230579558,0.89375,0.0,0.10625,0.0,2.794651404736707,4.904665429539814,0.95,0.08421402032386587,0.84375,0.81875,0.99375,0.0,0.825,0.6850870223506127,0.05,0.0,0.057230334093935534,0.9850746268656716,0.00125,0.56875,0.9176860643058073,0.0,0.0,16.320234541082755,5fdd7210535466de9238f3e38d32535702cf1bc751283bd07c24be4426074706
raw_channel_colluding_ramp,20038,cross_channel,0.3829707797100512,0.3811160746289311,0.3811160746289311,0.9125,0.0,0.0875,0.0,1.88833101011913,4.704069570116037,0.96875,0.0788459846252804,0.8375,0.7875,1.0,0.0,0.825,0.6896472951977524,0.05,0.0,0.057230334093935534,0.9850746268656716,0.0,0.60625,1.1486524176422468,0.0,0.0,13.401732249883935,e1c4c33e9cac8d3a77fddf764eab0a299f2059cfa38b0f6aa7b6e7ec35fcd4ce
raw_channel_colluding_ramp,20039,cross_channel,0.4094564150496957,0.3938280119073038,0.3938280119073038,0.9,0.0,0.1,0.0,2.1175402905561116,4.953532142290527,0.96875,0.082805861541471,0.83125,0.79375,1.0,0.0,0.825,0.6924193337268223,0.05,0.0,0.057230334093935534,0.9850746268656716,0.0,0.56875,1.102380756767042,0.0,0.0,13.233500499976799,1dacfb08ad54aa967f4ff66f35fd8b0f6bac85fbd713e1523adb8ec50f616a2b
raw_channel_colluding_ramp,20000,ramp_rate,3.282656662722334,2.9212941084323574,2.9212941084323574,0.10625,0.0,0.89375,0.0,308.6245964895063,694.7104150409746,0.1625,0.7810018642705854,0.8375,0.80625,0.99375,0.0,0.4375,0.8771286961249546,0.21877660034598542,0.0,0.007852721224052218,0.24875621890547264,0.0,0.61875,0.9466564642453206,0.0,0.0,17.81296345894225,8925bd39dac81b4ead1d923b4b1a7b9225e2f9a96c4ef7b84834ff71fd144fdf
raw_channel_colluding_ramp,20001,ramp_rate,3.3424244694923084,3.00151988614475,3.00151988614475,0.1125,0.0,0.8875,0.0,341.6589984640389,650.8521775256689,0.1625,0.7783974495693103,0.85,0.8,1.0,0.0,0.3,0.8978643896914227,0.22251014646602374,0.0,0.0037291263442554403,0.15920398009950248,0.0,0.65,0.9489251290593377,0.0,0.0,18.091066957917064,f894deeca0d078af93e2a5ba8a12e5785badcc55cc3d970708deca5f30414998
raw_channel_colluding_ramp,20002,ramp_rate,3.1789954440736627,2.855804674925481,2.855804674925481,0.13125,0.0,0.86875,0.0,305.163765317089,651.2045772006412,0.16875,0.771398001869654,0.83125,0.73125,1.0,0.0,0.33125,0.8859074821507038,0.11682670166415285,0.0,0.007249416612753268,0.208955223880597,0.0,0.5625,1.2502321487512884,0.0,0.0,18.20854108291678,a2ccc3ed5d8ef6270b78186042bae47a1956496a09ff09721dbf4b0fe16ab9c5
raw_channel_colluding_ramp,20003,ramp_rate,3.2939080919491497,2.9390980647080585,2.9390980647080585,0.10625,0.0,0.89375,0.0,304.8692820578828,623.5388875145039,0.16875,0.780844307833833,0.8375,0.83125,1.0,0.0,0.39375,0.8849649090844498,0.21611479510436143,0.0,0.007035316606481384,0.20398009950248755,0.0,0.55625,0.7093860908209044,0.0,0.0,18.231062416918576,9b010e55cd2013e6644553bb841149738ddc642bfd2c464eb160e45ebfdc75b1
raw_channel_colluding_ramp,20004,ramp_rate,3.341134134619138,2.961712550463739,2.961712550463739,0.10625,0.0,0.89375,0.0,326.8335206674756,656.7693885855598,0.15,0.7741503460438253,0.8375,0.80625,1.0,0.0,0.35625,0.892323181043227,0.1931805740855295,0.0,0.004893517390639179,0.16417910447761194,0.0,0.575,0.9313419506060938,0.0,0.0,17.91646987502463,d97f15b4a576b18e27aaa544502062c97872b3ef4afbdf86534e9215719424e0
raw_channel_colluding_ramp,20005,ramp_rate,3.2811229100948225,2.928715977788822,2.928715977788822,0.1125,0.0,0.8875,0.0,296.5978112234292,664.3515759527317,0.175,0.7737170346988913,0.83125,0.83125,1.0,0.0,0.46875,0.8816257085631971,0.2430509601477295,0.0,0.007256613867605777,0.23880597014925373,0.0,0.60625,0.6823548366083083,0.0,0.0,18.222323457943276,20c0633256ab78388e047ed65f05084e37195182be2818df6774f0d26712a7ca
raw_channel_colluding_ramp,20006,ramp_rate,3.1374210003785103,2.790430395068847,2.790430395068847,0.11875,0.0,0.88125,0.0,290.48215929995996,624.0278580314566,0.1625,0.770434371138143,0.8375,0.8,1.0,0.0,0.38125,0.8866095263799739,0.15880860343874245,0.0,0.006712256176360701,0.21393034825870647,0.0,0.61875,1.006679406277362,0.0,0.0,18.127652833005413,486f16f97594848dcfbf66e36835ad24f710406dde6c172bc61282ae043297fd
raw_channel_colluding_ramp,20007,ramp_rate,3.276026965879963,2.9208478389626706,2.9208478389626706,0.10625,0.0,0.89375,0.0,310.33345787559057,615.7225713128921,0.15625,0.7721707762039774,0.84375,0.81875,1.0,0.0,0.35,0.8919058293582101,0.16319360374962105,0.0,0.0061188436349076235,0.19154228855721392,0.0,0.55625,0.8165141031271558,0.0,0.0,18.06849820818752,4142731f610b57bcf787cba702130435fbfddb5ec883e0835bac13e10fd2cd57
raw_channel_colluding_ramp,20008,ramp_rate,3.316093185220223,2.950384643969929,2.950384643969929,0.10625,0.0,0.89375,0.0,328.0697733006128,688.2189798182678,0.175,0.7585910448451557,0.84375,0.75,1.0,0.0,0.3875,0.8906207457489301,0.11098551241364081,0.0,0.006411745903445834,0.19402985074626866,0.0,0.63125,0.9768637632695217,0.0,0.0,17.806683082832024,9c6aaa5521f1bcf603f46999ab31e938c65a0fba422ec5ae17c86e40d4d2f180
raw_channel_colluding_ramp,20009,ramp_rate,3.1707993451860963,2.829163999095006,2.829163999095006,0.1125,0.0,0.8875,0.0,298.1187118652391,671.82142764475,0.15625,0.7664874355530925,0.825,0.79375,0.99375,0.0,0.4125,0.8749205653264619,0.11811295806544134,0.0,0.008507277867498325,0.2512437810945274,0.0,0.64375,1.0452766179640611,0.0,0.0,18.017258582869545,81e65bc4242a0a5a16bb2f1bd4c771c0d2c5529cf665720bd2f88acbf55cca53
raw_channel_colluding_ramp,20010,ramp_rate,3.276162413230807,2.928333117225156,2.928333117225156,0.1125,0.0,0.8875,0.0,315.93885103048734,675.6321766488684,0.1625,0.7638247530591302,0.84375,0.80625,0.98125,0.0,0.4375,0.8787713366256111,0.19346711054678586,0.0,0.007180259652194529,0.2462686567164179,0.0,0.5875,0.9260273377350938,0.0,0.0,17.975766374962404,4ad34224a53bc63123aa393e04e8f15cd8e36350f60a2c41387b640c87426963
raw_channel_colluding_ramp,20011,ramp_rate,3.3390953994768013,2.9575738035171515,2.9575738035171515,0.10625,0.0,0.89375,0.0,318.2858136104727,622.5664698270018,0.15,0.7686896677126848,0.8375,0.8,1.0,0.0,0.3625,0.884190338396543,0.17749172255577353,0.0,0.004936002504577447,0.17164179104477612,0.00125,0.575,0.7976256866411037,0.0,0.0,18.063636500155553,3a70ebbe4f253b172bd1e6cf6e37657d7c84e20900f931fb2c244861c8adedf7
raw_channel_colluding_ramp,20012,ramp_rate,3.340055672967741,2.9599203195691626,2.9599203195691626,0.1,0.0,0.9,0.0,318.0622880973444,658.5644814108313,0.15625,0.7768098201388756,0.825,0.81875,1.0,0.0,0.375,0.8882520192139991,0.24811808877502878,0.0,0.005669243675970067,0.18159203980099503,0.0,0.64375,0.8029201551513303,0.0,0.0,18.082582666072994,8d799550a130c3c460403e742428842412760a07897240704cf68535fd441244
raw_channel_colluding_ramp,20013,ramp_rate,3.3092402226679902,2.940110947642653,2.940110947642653,0.1,0.0,0.9,0.0,317.206170245189,636.2154759986436,0.16875,0.7651803301774438,0.8375,0.80625,1.0,0.0,0.38125,0.8881048982225215,0.11962331298834086,0.0,0.006669694757361131,0.19651741293532338,0.0,0.56875,0.9003683233864674,0.0,0.0,18.183577832998708,f417967d098325af4a4d7a6107d81c45d67ef19425d57279f816aea2a1fb6b6c
raw_channel_colluding_ramp,20014,ramp_rate,3.3010752191482977,2.9108207268798796,2.9108207268798796,0.09375,0.0,0.90625,0.0,304.5837426571479,649.4475973522996,0.1625,0.7943601393022582,0.84375,0.8125,0.9875,0.0,0.4125,0.8826528272461932,0.19242056894247275,0.0,0.007141038466126748,0.22885572139303484,0.0,0.60625,0.8392278056750195,0.0,0.0,18.182388083077967,97c405160d4704211a6f2615df6ea8577168344730d4233d48a2c827bfca9dca
raw_channel_colluding_ramp,20015,ramp_rate,3.255885113360294,2.877730880621866,2.877730880621866,0.09375,0.0,0.90625,0.0,300.37790012890537,621.7151844973248,0.1625,0.7787618193108742,0.83125,0.80625,1.0,0.0,0.4125,0.8823854279612213,0.14329994764620618,0.0,0.007708086327750241,0.23880597014925373,0.0,0.6125,0.940071297230304,0.0,0.0,18.25572770787403,44b7913ef443b6e1d63c556ad9066bff5569924ff2e8ffa2adaa71c7f8666eae
raw_channel_colluding_ramp,20016,ramp_rate,3.1611067076570643,2.8262426172701214,2.8262426172701214,0.11875,0.0,0.88125,0.0,294.3980392761852,645.8617084490651,0.18125,0.7739860233897013,0.83125,0.8,1.0,0.0,0.40625,0.8801435386354355,0.1407796009301047,0.0,0.006545600034672293,0.23383084577114427,0.0,0.5625,1.1191644894187438,0.0,0.0,17.710034999996424,4cd34c29a2991920d1ff50b1428330a473b0bf05c3ae061061a9b83d4da9bd03
raw_channel_colluding_ramp,20017,ramp_rate,3.1610211525652927,2.8192350849363157,2.8192350849363157,0.1,0.0,0.9,0.0,281.82400724005134,630.149946161975,0.18125,0.7731082993537381,0.83125,0.75,1.0,0.0,0.525,0.8760919003333199,0.14605970245920794,0.0,0.009882507996766012,0.2935323383084577,0.0,0.55,1.0352436966023366,0.0,0.0,18.011116625042632,135f046298c32cce30e9de1c905591e9dc5d941bdb03da12834cd0755561e007
raw_channel_colluding_ramp,20018,ramp_rate,3.303723547490572,2.962091468202283,2.962091468202283,0.10625,0.0,0.89375,0.0,333.19085575409366,732.506344192537,0.175,0.7803011515054379,0.84375,0.775,1.0,0.0,0.325,0.8859836040366161,0.13877489135762958,0.0,0.005911737071977329,0.20149253731343283,0.0,0.56875,1.0851883552783286,0.0,0.0,17.95275679207407,03d38b5d88c811c6c5932e61d9959a943ae0b69e193eae8fdeffb89429944bac
raw_channel_colluding_ramp,20019,ramp_rate,3.32028435673649,2.9584518414151204,2.9584518414151204,0.10625,0.0,0.89375,0.0,326.7878784829363,702.8776217216327,0.15625,0.7789421477408544,0.85,0.8,0.99375,0.0,0.35625,0.8896872526987885,0.2124104282146127,0.0,0.004988090661693342,0.19900497512437812,0.0,0.54375,1.0635234994570932,0.0,0.0,17.881040875101462,d753a2d0ce307d092bd21c104609c532dcf69fed14198979378c85beae334061
raw_channel_colluding_ramp,20020,ramp_rate,3.284985898179104,2.941977983926361,2.941977983926361,0.11875,0.0,0.88125,0.0,326.4927434541448,656.5216055380846,0.175,0.7726668583184358,0.8375,0.79375,0.99375,0.0,0.3625,0.8892067924715562,0.171768130298253,0.0,0.0056804806209698475,0.18159203980099503,0.0,0.58125,1.0801778048822637,0.0,0.0,18.239857207983732,cca593e7d9ebfb4f4ba2938319a781f2ab07915e2b5e708a1c011490775f8461
raw_channel_colluding_ramp,20021,ramp_rate,3.177971993776839,2.7786577105024484,2.7786577105024484,0.1125,0.0,0.8875,0.0,257.5656723554774,487.1156841752581,0.175,0.7821633249233675,0.83125,0.825,0.98125,0.0,0.53125,0.875301275884444,0.17251978376237204,0.0,0.00949226034339991,0.26119402985074625,0.0,0.675,0.7244234039487223,0.0,0.0,17.79771645902656,9bf74c9a236124ac85c84aea86bc840c9730a1a4eecdb8f5d92a79b336cd431c
raw_channel_colluding_ramp,20022,ramp_rate,3.33948806638782,2.9600884925924054,2.9600884925924054,0.1,0.0,0.9,0.0,311.7248251690674,635.7312527609841,0.15625,0.7746323826703586,0.83125,0.81875,1.0,0.0,0.41875,0.8839673197940948,0.20019349456368485,0.0,0.007876166226712921,0.21890547263681592,0.0,0.575,0.8506440268677714,0.0,0.0,18.166753792203963,8260679efcd83bed0af1f35d9d33f2897de69976ebb0b6c3e5eba72618a60d19
raw_channel_colluding_ramp,20023,ramp_rate,3.194281984659497,2.8714298808245764,2.8714298808245764,0.1375,0.0,0.8625,0.0,304.7448857478923,685.8861822021892,0.19375,0.7631626847667572,0.81875,0.75,0.99375,0.0,0.41875,0.8767584753144119,0.16062489628664195,0.0,0.008668701356772644,0.2512437810945274,0.0,0.6625,1.1520446648039655,0.0,0.0,18.179638375062495,92f382c1db7756423248d9ffcc6db82a6d45b35b69c2dc724b3213aa980011e9
raw_channel_colluding_ramp,20024,ramp_rate,3.3255291298184146,2.9811209938440286,2.9811209938440286,0.1125,0.0,0.8875,0.0,334.3036622491739,727.5133128714282,0.1625,0.7812295403271904,0.81875,0.8,1.0,0.0,0.325,0.887412829440844,0.20770500999371005,0.0,0.005119820795454905,0.18407960199004975,0.0,0.58125,1.0650665996087725,0.0,0.0,17.729208540869877,ac2fe421e88dbba3d3dcdb3669755bd60828052ffb4d607e3d86da1bb1d09a7b
raw_channel_colluding_ramp,20025,ramp_rate,3.316477005481377,2.9395311224992255,2.9395311224992255,0.1125,0.0,0.8875,0.0,302.7282453723359,637.209297233087,0.1625,0.7737932136347756,0.83125,0.81875,1.0,0.0,0.4125,0.8812438696508383,0.1528843050013847,0.0,0.007407452421925542,0.208955223880597,0.0,0.65625,0.8590210641171556,0.0,0.0,17.99357062508352,720835ef06601ac77a7a47df33ee607e692031abe7daf154646cfe75c8bdcd08
raw_channel_colluding_ramp,20026,ramp_rate,3.136343597815963,2.8162755193118603,2.8162755193118603,0.11875,0.0,0.88125,0.0,287.00646274647033,662.3519989353318,0.15,0.7740993170715031,0.83125,0.8,1.0,0.0,0.36875,0.8839545771001542,0.07859281907615523,0.0,0.007834309510089493,0.21890547263681592,0.0,0.56875,0.9926701193303498,0.0,0.0,18.027131292037666,578746e5030799657f1dec02efaa6bfec2c43bbcbd3e3920f8069b3d478c81a0
raw_channel_colluding_ramp,20027,ramp_rate,3.190575511168072,2.8462326892211496,2.8462326892211496,0.125,0.0,0.875,0.0,284.1846254897548,613.091910742739,0.1625,0.7624414275112819,0.83125,0.80625,1.0,0.0,0.3875,0.88690695604806,0.1093142863120445,0.0,0.0072095526791494365,0.22139303482587064,0.0,0.63125,0.8494133675709674,0.0,0.0,18.02282058307901,b35a738162c30de4fe7a986cb3f60d820ff33758d5c093ce5faa0b9b81da592a
raw_channel_colluding_ramp,20028,ramp_rate,3.2302159546282483,2.858422400402172,2.858422400402172,0.0875,0.0,0.9125,0.0,298.29366965509183,631.5785686345046,0.175,0.7799648831720624,0.84375,0.8125,0.99375,0.0,0.375,0.8854345119078865,0.18086048033963886,0.0,0.006556568161836038,0.208955223880597,0.0,0.65,0.8344808431914522,0.0,0.0,18.01675737509504,64c80157c43e539c0ef1d169cdca94752bc7c0419c63584f62d6cc5d18100650
raw_channel_colluding_ramp,20029,ramp_rate,3.2347229567145965,2.8870202326695624,2.8870202326695624,0.10625,0.0,0.89375,0.0,309.2260151393915,628.2604879909289,0.175,0.7683444864397455,0.83125,0.7875,0.99375,0.0,0.425,0.8835793306100843,0.1247524927407534,0.0,0.007889496294433421,0.21890547263681592,0.0,0.575,1.0695302373996054,0.0,0.0,18.017579374834895,78cb588ab4492f7e0cd7c58305682e85cf68f4647ffb3e488a03315e27bdfafa
raw_channel_colluding_ramp,20030,ramp_rate,3.252946911751824,2.9174575333080814,2.9174575333080814,0.10625,0.0,0.89375,0.0,311.34300092296667,709.8284643495123,0.1875,0.7755220347099515,0.8375,0.80625,1.0,0.0,0.36875,0.8883754039474576,0.09662344060472985,0.0,0.007799907986396769,0.19900497512437812,0.0,0.63125,0.9395772578661237,0.0,0.0,18.04012016695924,90028d95c8304fd6235be886cf4c3b02010db7d3c26cb79eac5a9bfc2a43417c
raw_channel_colluding_ramp,20031,ramp_rate,3.2357803553835303,2.898951449011858,2.898951449011858,0.1,0.0,0.9,0.0,309.3770107381232,661.8751426662604,0.19375,0.7761501226943917,0.8375,0.80625,1.0,0.0,0.36875,0.889347983062194,0.14718239505437455,0.0,0.005954187721570511,0.20149253731343283,0.0,0.66875,0.8867643600855892,0.0,0.0,18.096878666896373,485795c971ea06f7eea45f8111fff2a5134bcd6fd8357704aa9993545dee54c2
raw_channel_colluding_ramp,20032,ramp_rate,3.334999198844507,2.967232106092272,2.967232106092272,0.08125,0.0,0.91875,0.0,322.9831579945291,674.791655741915,0.1625,0.7663701533470155,0.83125,0.8,1.0,0.0,0.35625,0.8918608379091173,0.1988020056503776,0.0,0.0071204078868058,0.1890547263681592,0.0,0.60625,0.9908922770066105,0.0,0.0,17.65845395810902,91fb6094c05e993f255f9e4d24914d585d752266044430476e94c08b26c80809
raw_channel_colluding_ramp,20033,ramp_rate,3.065093506769773,2.7434526997943403,2.7434526997943403,0.1,0.0,0.9,0.0,273.8359454556101,646.383221922246,0.19375,0.7549989533702517,0.8375,0.71875,1.0,0.0,0.48125,0.8645668498956207,0.05,0.0,0.011686336324767746,0.3308457711442786,0.0,0.5375,1.3989013225872478,0.0,0.0,17.353003415977582,6ef82a09d851935fb7cad9b5e78918423210089256fe1ea581324bc1bac29120
raw_channel_colluding_ramp,20034,ramp_rate,3.2922471563945024,2.9126527996598086,2.9126527996598086,0.1125,0.0,0.8875,0.0,312.24534134180306,698.2298624055128,0.16875,0.7803541916426238,0.825,0.80625,0.975,0.0,0.41875,0.8813705019012659,0.16665968511122844,0.0,0.0068104956941065775,0.23134328358208955,0.0,0.5625,0.9812994953346937,0.0,0.0,17.204622375080362,017365008570c33181fdc1f8265dd7700ee2959ede7d4f4d26731203d52acefd
raw_channel_colluding_ramp,20035,ramp_rate,3.3816691967420383,3.0231923493922874,3.0231923493922874,0.1125,0.0,0.8875,0.0,332.3330155854584,630.1305228999594,0.16875,0.7879172324110408,0.84375,0.81875,0.99375,0.0,0.3125,0.8877806048788004,0.20537175779907554,0.0,0.004639932815170355,0.15671641791044777,0.0,0.55625,0.8994781308622339,0.0,0.0,17.03392695891671,4f5b79bd1957749e53ca77fd647494c719538946bbf51da0ce099f5d564a4480
raw_channel_colluding_ramp,20036,ramp_rate,3.144938377817694,2.818173512627764,2.818173512627764,0.1125,0.0,0.8875,0.0,296.07265553915875,660.4682747783871,0.16875,0.747502738968737,0.825,0.69375,0.99375,0.0,0.375,0.8793807360668406,0.10756320749413306,0.0,0.009275326636475317,0.2562189054726368,0.0,0.525,1.327362768771557,0.0,0.0,16.78882750007324,0ee7e28a8e2b9541093391c80015704fd469ca32a1848f8365abd7a3856927ce
raw_channel_colluding_ramp,20037,ramp_rate,3.3561910281326184,2.99707168483649,2.99707168483649,0.10625,0.0,0.89375,0.0,344.32710852324965,669.1429276176946,0.16875,0.7826975588964611,0.84375,0.81875,0.99375,0.0,0.275,0.8915296927697328,0.197484487344332,0.0,0.004122486237879129,0.14427860696517414,0.0,0.56875,0.9176860643058073,0.0,0.0,16.320234541082755,5fdd7210535466de9238f3e38d32535702cf1bc751283bd07c24be4426074706
raw_channel_colluding_ramp,20038,ramp_rate,3.382545545801053,3.02683194525864,3.02683194525864,0.125,0.0,0.875,0.0,343.6429230070813,688.7947237767455,0.14375,0.7679749554497903,0.8375,0.7875,1.0,0.0,0.35625,0.8806998805526127,0.16354132844405375,0.0,0.005916881088335947,0.17661691542288557,0.0,0.60625,1.1486524176422468,0.0,0.0,13.401732249883935,e1c4c33e9cac8d3a77fddf764eab0a299f2059cfa38b0f6aa7b6e7ec35fcd4ce
raw_channel_colluding_ramp,20039,ramp_rate,3.235592252104703,2.9064058261688026,2.9064058261688026,0.13125,0.0,0.86875,0.0,331.5751391530807,694.7701253669626,0.1625,0.7610122095053594,0.83125,0.79375,1.0,0.0,0.30625,0.8904247495991695,0.2257838126856847,0.0,0.004675805379478701,0.18407960199004975,0.0,0.56875,1.102380756767042,0.0,0.0,13.233500499976799,1dacfb08ad54aa967f4ff66f35fd8b0f6bac85fbd713e1523adb8ec50f616a2b
raw_channel_colluding_ramp,20000,influence_budget,1.957038825229241,1.6045613773723308,1.6045613773723308,0.15,0.0,0.85,0.0,78.34672811591008,472.9038788512427,0.2625,0.4384374858572298,0.8375,0.80625,0.99375,0.60625,0.0,1.0,1.0,0.2057208050306915,0.0,0.0,0.0,0.61875,0.9466564642453206,0.0,0.0,17.81296345894225,8925bd39dac81b4ead1d923b4b1a7b9225e2f9a96c4ef7b84834ff71fd144fdf
raw_channel_colluding_ramp,20001,influence_budget,1.8800288967667071,1.5199271084771953,1.5199271084771953,0.11875,0.0,0.88125,0.0,71.70429945261168,474.23855178619425,0.26875,0.449014184593557,0.85,0.8,1.0,0.625,0.0,1.0,1.0,0.2022903353234365,0.0,0.0,0.0,0.65,0.9489251290593377,0.0,0.0,18.091066957917064,f894deeca0d078af93e2a5ba8a12e5785badcc55cc3d970708deca5f30414998
raw_channel_colluding_ramp,20002,influence_budget,1.8259967046052465,1.4596250073708406,1.4596250073708406,0.14375,0.0,0.85625,0.0,60.654138681756386,358.0345239499731,0.275,0.4175323630732743,0.83125,0.73125,1.0,0.64375,0.0,1.0,1.0,0.19659223456325678,0.0,0.0,0.0,0.5625,1.2502321487512884,0.0,0.0,18.20854108291678,a2ccc3ed5d8ef6270b78186042bae47a1956496a09ff09721dbf4b0fe16ab9c5
raw_channel_colluding_ramp,20003,influence_budget,1.9633733013258734,1.6235858858976637,1.6235858858976637,0.11875,0.0,0.88125,0.0,77.83315339133645,471.5167629302128,0.2625,0.4536612616013368,0.8375,0.83125,1.0,0.60625,0.0,1.0,1.0,0.2114371567765118,0.0,0.0,0.0,0.55625,0.7093860908209044,0.0,0.0,18.231062416918576,9b010e55cd2013e6644553bb841149738ddc642bfd2c464eb160e45ebfdc75b1
raw_channel_colluding_ramp,20004,influence_budget,1.8836304693408104,1.4802383438774716,1.4802383438774716,0.11875,0.0,0.88125,0.0,65.54856259578963,421.5687178747967,0.25625,0.41741025759290434,0.8375,0.80625,1.0,0.65,0.0,1.0,1.0,0.20413544152097857,0.0,0.0,0.0,0.575,0.9313419506060938,0.0,0.0,17.91646987502463,d97f15b4a576b18e27aaa544502062c97872b3ef4afbdf86534e9215719424e0
raw_channel_colluding_ramp,20005,influence_budget,1.8913570617642623,1.5106050019802202,1.5106050019802202,0.11875,0.0,0.88125,0.0,65.14490203309192,429.46726752987365,0.23125,0.40880908720361847,0.83125,0.83125,1.0,0.64375,0.0,1.0,1.0,0.1973477428010065,0.0,0.0,0.0,0.60625,0.6823548366083083,0.0,0.0,18.222323457943276,20c0633256ab78388e047ed65f05084e37195182be2818df6774f0d26712a7ca
raw_channel_colluding_ramp,20006,influence_budget,1.7978258551197466,1.4192267560067013,1.4192267560067013,0.13125,0.0,0.86875,0.0,61.599578128452016,413.2924846978407,0.2875,0.4262627736347171,0.8375,0.8,1.0,0.625,0.0,1.0,1.0,0.18950182618662448,0.0,0.0,0.0,0.61875,1.006679406277362,0.0,0.0,18.127652833005413,486f16f97594848dcfbf66e36835ad24f710406dde6c172bc61282ae043297fd
raw_channel_colluding_ramp,20007,influence_budget,1.9219195922422163,1.5572977970068917,1.5572977970068917,0.13125,0.0,0.86875,0.0,69.04107461357444,406.24231533181137,0.24375,0.4287395361309825,0.84375,0.81875,1.0,0.63125,0.0,1.0,1.0,0.2139237025527661,0.0,0.0,0.0,0.55625,0.8165141031271558,0.0,0.0,18.06849820818752,4142731f610b57bcf787cba702130435fbfddb5ec883e0835bac13e10fd2cd57
raw_channel_colluding_ramp,20008,influence_budget,1.883576483780996,1.4863089322385683,1.4863089322385683,0.1375,0.0,0.8625,0.0,63.79055027026783,390.8556274021008,0.2125,0.3739047020159368,0.84375,0.75,1.0,0.64375,0.0,1.0,1.0,0.193006733777517,0.0,0.0,0.0,0.63125,0.9768637632695217,0.0,0.0,17.806683082832024,9c6aaa5521f1bcf603f46999ab31e938c65a0fba422ec5ae17c86e40d4d2f180
raw_channel_colluding_ramp,20009,influence_budget,1.7798816476720525,1.3587276711742065,1.3587276711742065,0.11875,0.0,0.88125,0.0,57.10464965231351,415.23214749512823,0.3,0.4030743288579477,0.825,0.79375,0.99375,0.65625,0.0,1.0,1.0,0.18818148605726642,0.0,0.0,0.0,0.64375,1.0452766179640611,0.0,0.0,18.017258582869545,81e65bc4242a0a5a16bb2f1bd4c771c0d2c5529cf665720bd2f88acbf55cca53
raw_channel_colluding_ramp,20010,influence_budget,1.92585589926912,1.6236378883433373,1.6236378883433373,0.1375,0.0,0.8625,0.0,82.96604725989269,541.0539840451,0.30625,0.470320907725461,0.84375,0.80625,0.98125,0.60625,0.0,1.0,1.0,0.20151490809334516,0.0,0.0,0.0,0.5875,0.9260273377350938,0.0,0.0,17.975766374962404,4ad34224a53bc63123aa393e04e8f15cd8e36350f60a2c41387b640c87426963
raw_channel_colluding_ramp,20011,influence_budget,1.9221712805056383,1.51121057348811,1.51121057348811,0.10625,0.0,0.89375,0.0,66.51027076689088,386.0732291307533,0.2625,0.4159542421000161,0.8375,0.8,1.0,0.64375,0.0,1.0,1.0,0.1972339679416304,0.0,0.0,0.0,0.575,0.7976256866411037,0.0,0.0,18.063636500155553,3a70ebbe4f253b172bd1e6cf6e37657d7c84e20900f931fb2c244861c8adedf7
raw_channel_colluding_ramp,20012,influence_budget,1.961539812206619,1.647207025194733,1.647207025194733,0.11875,0.0,0.88125,0.0,83.85409166795765,528.3797927462932,0.29375,0.4311660215239609,0.825,0.81875,1.0,0.60625,0.0,1.0,1.0,0.21439054369477134,0.0,0.0,0.0,0.64375,0.8029201551513303,0.0,0.0,18.082582666072994,8d799550a130c3c460403e742428842412760a07897240704cf68535fd441244
raw_channel_colluding_ramp,20013,influence_budget,1.9035998392602278,1.5578506837817312,1.5578506837817312,0.09375,0.0,0.90625,0.0,76.55675579819551,473.58457474721155,0.2875,0.4610660182654748,0.8375,0.80625,1.0,0.625,0.0,1.0,1.0,0.22524980481670492,0.0,0.0,0.0,0.56875,0.9003683233864674,0.0,0.0,18.183577832998708,f417967d098325af4a4d7a6107d81c45d67ef19425d57279f816aea2a1fb6b6c
raw_channel_colluding_ramp,20014,influence_budget,1.8800047211540203,1.486788675036899,1.486788675036899,0.10625,0.0,0.89375,0.0,68.23239805639999,555.305625590485,0.25,0.4171322526361384,0.84375,0.8125,0.9875,0.64375,0.0,1.0,1.0,0.19283084116285823,0.0,0.0,0.0,0.60625,0.8392278056750195,0.0,0.0,18.182388083077967,97c405160d4704211a6f2615df6ea8577168344730d4233d48a2c827bfca9dca
raw_channel_colluding_ramp,20015,influence_budget,1.9316479007554157,1.5626286130975393,1.5626286130975393,0.1,0.0,0.9,0.0,71.16426456236316,427.3322514434618,0.30625,0.4128302566500919,0.83125,0.80625,1.0,0.6375,0.0,1.0,1.0,0.19543946942520019,0.0,0.0,0.0,0.6125,0.940071297230304,0.0,0.0,18.25572770787403,44b7913ef443b6e1d63c556ad9066bff5569924ff2e8ffa2adaa71c7f8666eae
raw_channel_colluding_ramp,20016,influence_budget,1.9022200722942997,1.4985957626779305,1.4985957626779305,0.10625,0.0,0.89375,0.0,67.82055914920612,413.8022517887629,0.225,0.48949921001809515,0.83125,0.8,1.0,0.63125,0.0,1.0,1.0,0.20934603458149886,0.0,0.0,0.0,0.5625,1.1191644894187438,0.0,0.0,17.710034999996424,4cd34c29a2991920d1ff50b1428330a473b0bf05c3ae061061a9b83d4da9bd03
raw_channel_colluding_ramp,20017,influence_budget,1.7988578483936277,1.3647882208220525,1.3647882208220525,0.125,0.0,0.875,0.0,54.5312713242994,266.57017033521953,0.24375,0.42005549512952617,0.83125,0.75,1.0,0.64375,0.0,1.0,1.0,0.18214390393304486,0.0,0.0,0.0,0.55,1.0352436966023366,0.0,0.0,18.011116625042632,135f046298c32cce30e9de1c905591e9dc5d941bdb03da12834cd0755561e007
raw_channel_colluding_ramp,20018,influence_budget,1.8667737364133514,1.4593397708358418,1.4593397708358418,0.09375,0.0,0.90625,0.0,62.26411876874355,371.9060096165751,0.2875,0.44655647039999113,0.84375,0.775,1.0,0.675,0.0,1.0,1.0,0.19363118688750758,0.0,0.0,0.0,0.56875,1.0851883552783286,0.0,0.0,17.95275679207407,03d38b5d88c811c6c5932e61d9959a943ae0b69e193eae8fdeffb89429944bac
raw_channel_colluding_ramp,20019,influence_budget,1.9234577851277446,1.5629026086204556,1.5629026086204556,0.1,0.0,0.9,0.0,81.4682937442572,618.6283397033362,0.2625,0.4481876527993327,0.85,0.8,0.99375,0.61875,0.0,1.0,1.0,0.21351264152988203,0.0,0.0,0.0,0.54375,1.0635234994570932,0.0,0.0,17.881040875101462,d753a2d0ce307d092bd21c104609c532dcf69fed14198979378c85beae334061
raw_channel_colluding_ramp,20020,influence_budget,1.8878969082231094,1.5086926648722359,1.5086926648722359,0.11875,0.0,0.88125,0.0,69.8745180449113,474.2055717404663,0.2875,0.4328246941676923,0.8375,0.79375,0.99375,0.60625,0.0,1.0,1.0,0.19923991730703666,0.0,0.0,0.0,0.58125,1.0801778048822637,0.0,0.0,18.239857207983732,cca593e7d9ebfb4f4ba2938319a781f2ab07915e2b5e708a1c011490775f8461
raw_channel_colluding_ramp,20021,influence_budget,1.8246837704549654,1.4602853864357184,1.4602853864357184,0.15625,0.0,0.84375,0.0,60.742250914040675,407.1927571199929,0.2875,0.4088980817439493,0.83125,0.825,0.98125,0.6625,0.0,1.0,1.0,0.22501426100765376,0.0,0.0,0.0,0.675,0.7244234039487223,0.0,0.0,17.79771645902656,9bf74c9a236124ac85c84aea86bc840c9730a1a4eecdb8f5d92a79b336cd431c
raw_channel_colluding_ramp,20022,influence_budget,1.9484805842171091,1.584817519057834,1.584817519057834,0.1,0.0,0.9,0.0,76.71379547496733,517.9935806634558,0.25625,0.4358123528018206,0.83125,0.81875,1.0,0.625,0.0,1.0,1.0,0.19680151978406774,0.0,0.0,0.0,0.575,0.8506440268677714,0.0,0.0,18.166753792203963,8260679efcd83bed0af1f35d9d33f2897de69976ebb0b6c3e5eba72618a60d19
raw_channel_colluding_ramp,20023,influence_budget,1.896205135231309,1.5731546777802952,1.5731546777802952,0.1375,0.0,0.8625,0.0,79.69980866657608,523.4382831762343,0.2875,0.4347768600231297,0.81875,0.75,0.99375,0.6625,0.0,1.0,1.0,0.20940938879335294,0.0,0.0,0.0,0.6625,1.1520446648039655,0.0,0.0,18.179638375062495,92f382c1db7756423248d9ffcc6db82a6d45b35b69c2dc724b3213aa980011e9
raw_channel_colluding_ramp,20024,influence_budget,1.8826816363408683,1.5020022385561755,1.5020022385561755,0.1125,0.0,0.8875,0.0,67.28719030775235,431.7991570969135,0.26875,0.4426777124542246,0.81875,0.8,1.0,0.625,0.0,1.0,1.0,0.19828142546233068,0.0,0.0,0.0,0.58125,1.0650665996087725,0.0,0.0,17.729208540869877,ac2fe421e88dbba3d3dcdb3669755bd60828052ffb4d607e3d86da1bb1d09a7b
raw_channel_colluding_ramp,20025,influence_budget,1.9302416939435614,1.5780957375412341,1.5780957375412341,0.1375,0.0,0.8625,0.0,69.72581675152557,413.8191486877799,0.30625,0.42545643121670357,0.83125,0.81875,1.0,0.6125,0.0,1.0,1.0,0.20032062257848432,0.0,0.0,0.0,0.65625,0.8590210641171556,0.0,0.0,17.99357062508352,720835ef06601ac77a7a47df33ee607e692031abe7daf154646cfe75c8bdcd08
raw_channel_colluding_ramp,20026,influence_budget,1.8410168575655164,1.3840132827160265,1.3840132827160265,0.1125,0.0,0.8875,0.0,55.01984718350214,321.33746478846547,0.225,0.39596240483503065,0.83125,0.8,1.0,0.65625,0.0,1.0,1.0,0.17954062445466634,0.0,0.0,0.0,0.56875,0.9926701193303498,0.0,0.0,18.027131292037666,578746e5030799657f1dec02efaa6bfec2c43bbcbd3e3920f8069b3d478c81a0
raw_channel_colluding_ramp,20027,influence_budget,1.8886632724932095,1.6173318070505116,1.6173318070505116,0.16875,0.0,0.83125,0.0,81.74494085899643,503.158013626685,0.275,0.39557265460614804,0.83125,0.80625,1.0,0.64375,0.0,1.0,1.0,0.22154753481486084,0.0,0.0,0.0,0.63125,0.8494133675709674,0.0,0.0,18.02282058307901,b35a738162c30de4fe7a986cb3f60d820ff33758d5c093ce5faa0b9b81da592a
raw_channel_colluding_ramp,20028,influence_budget,1.7673746381551858,1.3616937676384049,1.3616937676384049,0.13125,0.0,0.86875,0.0,54.16516181021355,358.01711520530023,0.24375,0.38318997495627616,0.84375,0.8125,0.99375,0.65625,0.0,1.0,1.0,0.1885761263010959,0.0,0.0,0.0,0.65,0.8344808431914522,0.0,0.0,18.01675737509504,64c80157c43e539c0ef1d169cdca94752bc7c0419c63584f62d6cc5d18100650
raw_channel_colluding_ramp,20029,influence_budget,1.9021035311992882,1.5415373711968934,1.5415373711968934,0.1125,0.0,0.8875,0.0,74.24014699911683,478.3868573709296,0.31875,0.4521154650005384,0.83125,0.7875,0.99375,0.61875,0.0,1.0,1.0,0.20299620922477563,0.0,0.0,0.0,0.575,1.0695302373996054,0.0,0.0,18.017579374834895,78cb588ab4492f7e0cd7c58305682e85cf68f4647ffb3e488a03315e27bdfafa
raw_channel_colluding_ramp,20030,influence_budget,1.779713692028792,1.3688562780933833,1.3688562780933833,0.1125,0.0,0.8875,0.0,57.32520710824656,399.23368053767564,0.30625,0.37997958094982326,0.8375,0.80625,1.0,0.64375,0.0,1.0,1.0,0.1923863729149841,0.0,0.0,0.0,0.63125,0.9395772578661237,0.0,0.0,18.04012016695924,90028d95c8304fd6235be886cf4c3b02010db7d3c26cb79eac5a9bfc2a43417c
raw_channel_colluding_ramp,20031,influence_budget,1.7891306178424742,1.352335837189481,1.352335837189481,0.1125,0.0,0.8875,0.0,53.103837027868735,340.17429866792753,0.2875,0.3975645238612667,0.8375,0.80625,1.0,0.65,0.0,1.0,1.0,0.19248892969732698,0.0,0.0,0.0,0.66875,0.8867643600855892,0.0,0.0,18.096878666896373,485795c971ea06f7eea45f8111fff2a5134bcd6fd8357704aa9993545dee54c2
raw_channel_colluding_ramp,20032,influence_budget,1.88489922662901,1.4654833807137453,1.4654833807137453,0.0875,0.0,0.9125,0.0,66.21743737935823,474.3069152835911,0.26875,0.42608332305338986,0.83125,0.8,1.0,0.61875,0.0,1.0,1.0,0.2054657470720945,0.0,0.0,0.0,0.60625,0.9908922770066105,0.0,0.0,17.65845395810902,91fb6094c05e993f255f9e4d24914d585d752266044430476e94c08b26c80809
raw_channel_colluding_ramp,20033,influence_budget,1.9361088498037666,1.5742279154701955,1.5742279154701955,0.09375,0.0,0.90625,0.0,79.08418107235642,520.3465464366761,0.23125,0.454763447841411,0.8375,0.71875,1.0,0.61875,0.0,1.0,1.0,0.2004307049784988,0.0,0.0,0.0,0.5375,1.3989013225872478,0.0,0.0,17.353003415977582,6ef82a09d851935fb7cad9b5e78918423210089256fe1ea581324bc1bac29120
raw_channel_colluding_ramp,20034,influence_budget,1.9225252885491617,1.5177126983752227,1.5177126983752227,0.125,0.0,0.875,0.0,70.19618687871245,444.00785018447226,0.25,0.437654316244779,0.825,0.80625,0.975,0.6125,0.0,1.0,1.0,0.19590941856742278,0.0,0.0,0.0,0.5625,0.9812994953346937,0.0,0.0,17.204622375080362,017365008570c33181fdc1f8265dd7700ee2959ede7d4f4d26731203d52acefd
raw_channel_colluding_ramp,20035,influence_budget,1.9468478152857571,1.5812107268025843,1.5812107268025843,0.14375,0.0,0.85625,0.0,71.64929687125404,397.60879402378697,0.2375,0.41934189009878703,0.84375,0.81875,0.99375,0.625,0.0,1.0,1.0,0.2065023418803423,0.0,0.0,0.0,0.55625,0.8994781308622339,0.0,0.0,17.03392695891671,4f5b79bd1957749e53ca77fd647494c719538946bbf51da0ce099f5d564a4480
raw_channel_colluding_ramp,20036,influence_budget,1.9591738984338498,1.5774496179025341,1.5774496179025341,0.1125,0.0,0.8875,0.0,72.15974598170341,414.4029340676953,0.2625,0.43527086459178027,0.825,0.69375,0.99375,0.6125,0.0,1.0,1.0,0.1998061691708811,0.0,0.0,0.0,0.525,1.327362768771557,0.0,0.0,16.78882750007324,0ee7e28a8e2b9541093391c80015704fd469ca32a1848f8365abd7a3856927ce
raw_channel_colluding_ramp,20037,influence_budget,1.8648656449516134,1.4643308926311656,1.4643308926311656,0.11875,0.0,0.88125,0.0,65.25292749145589,444.5178696282903,0.25625,0.4227351897951873,0.84375,0.81875,0.99375,0.625,0.0,1.0,1.0,0.1847166906737417,0.0,0.0,0.0,0.56875,0.9176860643058073,0.0,0.0,16.320234541082755,5fdd7210535466de9238f3e38d32535702cf1bc751283bd07c24be4426074706
raw_channel_colluding_ramp,20038,influence_budget,1.844564390252324,1.4360206273661076,1.4360206273661076,0.1375,0.0,0.8625,0.0,61.088940536015365,379.88364701862804,0.21875,0.35396400876259754,0.8375,0.7875,1.0,0.64375,0.0,1.0,1.0,0.17653396061166085,0.0,0.0,0.0,0.60625,1.1486524176422468,0.0,0.0,13.401732249883935,e1c4c33e9cac8d3a77fddf764eab0a299f2059cfa38b0f6aa7b6e7ec35fcd4ce
raw_channel_colluding_ramp,20039,influence_budget,1.7758900260294084,1.3935494453242272,1.3935494453242272,0.15625,0.0,0.84375,0.0,57.427385775864636,317.978742392295,0.2625,0.41190072028859526,0.83125,0.79375,1.0,0.6375,0.0,1.0,1.0,0.18652633131773816,0.0,0.0,0.0,0.56875,1.102380756767042,0.0,0.0,13.233500499976799,1dacfb08ad54aa967f4ff66f35fd8b0f6bac85fbd713e1523adb8ec50f616a2b
raw_channel_colluding_ramp,20000,combined,0.4372699201506192,0.4104280483111094,0.4104280483111094,0.90625,0.0,0.09375,0.0,2.109945226006687,5.852391965721144,0.95,0.07987010761655837,0.8375,0.80625,0.99375,0.00625,0.825,0.6893268203392466,0.05,0.0418805364219578,0.057230334093935534,0.9850746268656716,0.0,0.61875,0.9466564642453206,0.0,0.0,17.81296345894225,8925bd39dac81b4ead1d923b4b1a7b9225e2f9a96c4ef7b84834ff71fd144fdf
raw_channel_colluding_ramp,20001,combined,0.41913443687854207,0.41975306476230845,0.41975306476230845,0.91875,0.0,0.08125,0.0,2.2944098616788438,5.789357739132514,0.95,0.07740113805064294,0.85,0.8,1.0,0.00625,0.825,0.6869386625711803,0.05,0.04162606559570843,0.057230334093935534,0.9850746268656716,0.0,0.65,0.9489251290593377,0.0,0.0,18.091066957917064,f894deeca0d078af93e2a5ba8a12e5785badcc55cc3d970708deca5f30414998
raw_channel_colluding_ramp,20002,combined,0.43544219766905456,0.4418400816492242,0.4418400816492242,0.91875,0.0,0.08125,0.0,2.568900986760796,7.457209734079563,0.9375,0.07778710915811356,0.83125,0.73125,1.0,0.00625,0.825,0.6859362645599834,0.05,0.030750434403984006,0.057230334093935534,0.9850746268656716,0.0,0.5625,1.2502321487512884,0.0,0.0,18.20854108291678,a2ccc3ed5d8ef6270b78186042bae47a1956496a09ff09721dbf4b0fe16ab9c5
raw_channel_colluding_ramp,20003,combined,0.41658876332791994,0.444379528826777,0.444379528826777,0.9125,0.0,0.0875,0.0,2.9326413748975626,6.813963197934755,0.925,0.07863129063381986,0.8375,0.83125,1.0,0.00625,0.825,0.6888219007424395,0.05,0.053728871932010036,0.057230334093935534,0.9850746268656716,0.0,0.55625,0.7093860908209044,0.0,0.0,18.231062416918576,9b010e55cd2013e6644553bb841149738ddc642bfd2c464eb160e45ebfdc75b1
raw_channel_colluding_ramp,20004,combined,0.4518855087878785,0.4653145866347024,0.4653145866347024,0.9,0.0,0.1,0.0,3.3762248126410794,5.352210533686547,0.95625,0.08360572520439417,0.8375,0.80625,1.0,0.00625,0.825,0.6854685695843126,0.05,0.0361924816921672,0.057230334093935534,0.9850746268656716,0.0,0.575,0.9313419506060938,0.0,0.0,17.91646987502463,d97f15b4a576b18e27aaa544502062c97872b3ef4afbdf86534e9215719424e0
raw_channel_colluding_ramp,20005,combined,0.4162077997999166,0.39079140497936765,0.39079140497936765,0.9125,0.0,0.0875,0.0,1.8808050732691524,5.462665956886242,0.95,0.07844719351864175,0.83125,0.83125,1.0,0.00625,0.825,0.6980815778370306,0.05,0.022900564931838084,0.057230334093935534,0.9850746268656716,0.0,0.60625,0.6823548366083083,0.0,0.0,18.222323457943276,20c0633256ab78388e047ed65f05084e37195182be2818df6774f0d26712a7ca
raw_channel_colluding_ramp,20006,combined,0.38742405235355964,0.3629814598771641,0.3629814598771641,0.90625,0.0,0.09375,0.0,1.6524055886728142,4.738967781660091,0.975,0.07997179911911116,0.8375,0.8,1.0,0.00625,0.825,0.6932865697217835,0.05,0.02307651986367848,0.057230334093935534,0.9850746268656716,0.0,0.61875,1.006679406277362,0.0,0.0,18.127652833005413,486f16f97594848dcfbf66e36835ad24f710406dde6c172bc61282ae043297fd
raw_channel_colluding_ramp,20007,combined,0.4553385651046685,0.5299625856691478,0.5299625856691478,0.89375,0.0,0.10625,0.0,5.525154881292586,5.915477745008792,0.95,0.08452332108945708,0.84375,0.81875,1.0,0.00625,0.825,0.6842760645462744,0.05,0.04769065375673167,0.057230334093935534,0.9850746268656716,0.0,0.55625,0.8165141031271558,0.0,0.0,18.06849820818752,4142731f610b57bcf787cba702130435fbfddb5ec883e0835bac13e10fd2cd57
raw_channel_colluding_ramp,20008,combined,0.4742878452320339,0.5570908270337517,0.5570908270337517,0.89375,0.0,0.10625,0.0,6.404638751875592,6.30864127514313,0.925,0.08737622512100174,0.84375,0.75,1.0,0.0125,0.825,0.6947974168270064,0.05,0.033474426392200794,0.057230334093935534,0.9825870646766169,0.0,0.63125,0.9768637632695217,0.0,0.0,17.806683082832024,9c6aaa5521f1bcf603f46999ab31e938c65a0fba422ec5ae17c86e40d4d2f180
raw_channel_colluding_ramp,20009,combined,0.4373309550685106,0.40502528850971603,0.40502528850971603,0.8875,0.0,0.1125,0.0,2.0639462972508844,6.5455248265245904,0.9375,0.08256914474232456,0.825,0.79375,0.99375,0.00625,0.825,0.6950611288809131,0.05,0.012658515202746554,0.057230334093935534,0.9850746268656716,0.00125,0.64375,1.0452766179640611,0.0,0.0,18.017258582869545,81e65bc4242a0a5a16bb2f1bd4c771c0d2c5529cf665720bd2f88acbf55cca53
raw_channel_colluding_ramp,20010,combined,0.47167971292609445,0.4832754435184794,0.4832754435184794,0.89375,0.0,0.10625,0.0,3.3012063468729655,7.667155589149107,0.925,0.08073781898651407,0.84375,0.80625,0.98125,0.00625,0.825,0.6889516821564362,0.05,0.0477507979771609,0.057230334093935534,0.9850746268656716,0.0,0.5875,0.9260273377350938,0.0,0.0,17.975766374962404,4ad34224a53bc63123aa393e04e8f15cd8e36350f60a2c41387b640c87426963
raw_channel_colluding_ramp,20011,combined,0.4452949977889723,0.47936680401938053,0.47936680401938053,0.89375,0.0,0.10625,0.0,4.089316900955335,6.583954949703555,0.94375,0.08637234221034,0.8375,0.8,1.0,0.00625,0.825,0.6850680191650287,0.05,0.022569056252724796,0.057230334093935534,0.9850746268656716,0.0025,0.575,0.7976256866411037,0.0,0.0,18.063636500155553,3a70ebbe4f253b172bd1e6cf6e37657d7c84e20900f931fb2c244861c8adedf7
raw_channel_colluding_ramp,20012,combined,0.44230513372006686,0.48509855225098103,0.48509855225098103,0.89375,0.0,0.10625,0.0,4.628328149027954,5.445337715530819,0.95625,0.08518455978475963,0.825,0.81875,1.0,0.00625,0.825,0.6871321069328996,0.05,0.06085308229915709,0.057230334093935534,0.9825870646766169,0.0,0.64375,0.8029201551513303,0.0,0.0,18.082582666072994,8d799550a130c3c460403e742428842412760a07897240704cf68535fd441244
raw_channel_colluding_ramp,20013,combined,0.5020887496660714,0.5261352225176327,0.5261352225176327,0.84375,0.0,0.15625,0.0,5.376092748272817,6.714378669506663,0.94375,0.09085276176765826,0.8375,0.80625,1.0,0.00625,0.825,0.6943078942639658,0.05,0.0671783195392974,0.057230334093935534,0.9850746268656716,0.0,0.56875,0.9003683233864674,0.0,0.0,18.183577832998708,f417967d098325af4a4d7a6107d81c45d67ef19425d57279f816aea2a1fb6b6c
raw_channel_colluding_ramp,20014,combined,0.4414559766616793,0.4530170069615151,0.4530170069615151,0.90625,0.0,0.09375,0.0,3.1279155594698183,4.7937094096909725,0.975,0.08373389612407303,0.84375,0.8125,0.9875,0.0,0.825,0.6933222506474942,0.05,0.01530616884003091,0.057230334093935534,0.9850746268656716,0.0,0.60625,0.8392278056750195,0.0,0.0,18.182388083077967,97c405160d4704211a6f2615df6ea8577168344730d4233d48a2c827bfca9dca
raw_channel_colluding_ramp,20015,combined,0.457673455123751,0.46897254723073145,0.46897254723073145,0.8875,0.0,0.1125,0.0,3.791940861174376,5.69250462220136,0.95625,0.08457759207938013,0.83125,0.80625,1.0,0.00625,0.825,0.6851088089419546,0.05,0.029447577876118396,0.057230334093935534,0.9850746268656716,0.0,0.6125,0.940071297230304,0.0,0.0,18.25572770787403,44b7913ef443b6e1d63c556ad9066bff5569924ff2e8ffa2adaa71c7f8666eae
raw_channel_colluding_ramp,20016,combined,0.44521380623076423,0.4128439160302729,0.4128439160302729,0.8875,0.0,0.1125,0.0,2.3092663428625615,5.324408137199431,0.975,0.08693824964864291,0.83125,0.8,1.0,0.0,0.825,0.6902202982418322,0.05,0.042861597696984555,0.057230334093935534,0.9825870646766169,0.0,0.5625,1.1191644894187438,0.0,0.0,17.710034999996424,4cd34c29a2991920d1ff50b1428330a473b0bf05c3ae061061a9b83d4da9bd03
raw_channel_colluding_ramp,20017,combined,0.4328599362992188,0.43565157661923415,0.43565157661923415,0.91875,0.0,0.08125,0.0,2.5420577123253745,6.242149434278797,0.9375,0.07832799051293596,0.83125,0.75,1.0,0.0125,0.825,0.694883089354038,0.05,0.02334689023953685,0.057230334093935534,0.9850746268656716,0.0,0.55,1.0352436966023366,0.0,0.0,18.011116625042632,135f046298c32cce30e9de1c905591e9dc5d941bdb03da12834cd0755561e007
raw_channel_colluding_ramp,20018,combined,0.45252955404793394,0.494616383560435,0.494616383560435,0.89375,0.0,0.10625,0.0,3.666043981783698,5.944827213974966,0.95,0.08130896125729985,0.84375,0.775,1.0,0.00625,0.825,0.6858233509341038,0.05,0.018168157164985183,0.057230334093935534,0.9850746268656716,0.0,0.56875,1.0851883552783286,0.0,0.0,17.95275679207407,03d38b5d88c811c6c5932e61d9959a943ae0b69e193eae8fdeffb89429944bac
raw_channel_colluding_ramp,20019,combined,0.47757005910190076,0.5684439932559524,0.5684439932559524,0.9,0.0,0.1,0.0,6.402806267177404,5.5682437798671245,0.95625,0.08577754726852013,0.85,0.8,0.99375,0.00625,0.825,0.6857488330227894,0.05,0.05542245403330274,0.057230334093935534,0.9850746268656716,0.0,0.54375,1.0635234994570932,0.0,0.0,17.881040875101462,d753a2d0ce307d092bd21c104609c532dcf69fed14198979378c85beae334061
raw_channel_colluding_ramp,20020,combined,0.40957434292744105,0.3925147610740716,0.3925147610740716,0.89375,0.0,0.10625,0.0,2.1157540586210732,4.9356162039280385,0.9625,0.08566992293291556,0.8375,0.79375,0.99375,0.00625,0.825,0.6901715148902767,0.05,0.04279927677050209,0.057230334093935534,0.9825870646766169,0.0,0.58125,1.0801778048822637,0.0,0.0,18.239857207983732,cca593e7d9ebfb4f4ba2938319a781f2ab07915e2b5e708a1c011490775f8461
raw_channel_colluding_ramp,20021,combined,0.4058817828208272,0.3983748523455685,0.3983748523455685,0.925,0.0,0.075,0.0,1.9301465732010805,6.157314093997518,0.9375,0.07752627857900418,0.83125,0.825,0.98125,0.00625,0.825,0.6913802849399291,0.05,0.05384986615784014,0.057230334093935534,0.9850746268656716,0.0,0.675,0.7244234039487223,0.0,0.0,17.79771645902656,9bf74c9a236124ac85c84aea86bc840c9730a1a4eecdb8f5d92a79b336cd431c
raw_channel_colluding_ramp,20022,combined,0.44869957723522874,0.46693771797566624,0.46693771797566624,0.90625,0.0,0.09375,0.0,3.533201103052149,6.000914965621975,0.94375,0.08137220032845328,0.83125,0.81875,1.0,0.00625,0.825,0.6872614689795542,0.05,0.03522835482493095,0.057230334093935534,0.9850746268656716,0.0,0.575,0.8506440268677714,0.0,0.0,18.166753792203963,8260679efcd83bed0af1f35d9d33f2897de69976ebb0b6c3e5eba72618a60d19
raw_channel_colluding_ramp,20023,combined,0.4499311217679107,0.5170455983477842,0.5170455983477842,0.9,0.0,0.1,0.0,5.266189372742404,5.325269186843458,0.96875,0.08469364311347169,0.81875,0.75,0.99375,0.00625,0.825,0.689406739841829,0.05,0.0440464473254955,0.057230334093935534,0.9825870646766169,0.0,0.6625,1.1520446648039655,0.0,0.0,18.179638375062495,92f382c1db7756423248d9ffcc6db82a6d45b35b69c2dc724b3213aa980011e9
raw_channel_colluding_ramp,20024,combined,0.452477915992321,0.5383648854892047,0.5383648854892047,0.9,0.0,0.1,0.0,5.440558577345224,5.973413916494997,0.95,0.08442879168386692,0.81875,0.8,1.0,0.00625,0.825,0.6892135143675369,0.05,0.03554245638895567,0.057230334093935534,0.9850746268656716,0.0,0.58125,1.0650665996087725,0.0,0.0,17.729208540869877,ac2fe421e88dbba3d3dcdb3669755bd60828052ffb4d607e3d86da1bb1d09a7b
raw_channel_colluding_ramp,20025,combined,0.42521928446752694,0.4428425068248996,0.4428425068248996,0.9125,0.0,0.0875,0.0,2.9423279754700062,5.276476279740235,0.9625,0.07861428273252427,0.83125,0.81875,1.0,0.00625,0.825,0.6886821318493308,0.05,0.041564368037030716,0.057230334093935534,0.9850746268656716,0.0,0.65625,0.8590210641171556,0.0,0.0,17.99357062508352,720835ef06601ac77a7a47df33ee607e692031abe7daf154646cfe75c8bdcd08
raw_channel_colluding_ramp,20026,combined,0.40722196022302304,0.39830175155462516,0.39830175155462516,0.91875,0.0,0.08125,0.0,1.93101017989299,6.682598460058456,0.93125,0.0768295016846174,0.83125,0.8,1.0,0.00625,0.825,0.6923680810550881,0.05,0.011094871735049947,0.057230334093935534,0.9850746268656716,0.0,0.56875,0.9926701193303498,0.0,0.0,18.027131292037666,578746e5030799657f1dec02efaa6bfec2c43bbcbd3e3920f8069b3d478c81a0
raw_channel_colluding_ramp,20027,combined,0.45076964793817814,0.5658152737430001,0.5658152737430001,0.89375,0.0,0.10625,0.0,6.487402589665639,6.3354716556830635,0.9375,0.08636111865651158,0.83125,0.80625,1.0,0.00625,0.825,0.6914953630546036,0.05,0.05414336378999057,0.057230334093935534,0.9850746268656716,0.0,0.63125,0.8494133675709674,0.0,0.0,18.02282058307901,b35a738162c30de4fe7a986cb3f60d820ff33758d5c093ce5faa0b9b81da592a
raw_channel_colluding_ramp,20028,combined,0.4078148971869425,0.39707254634989525,0.39707254634989525,0.90625,0.0,0.09375,0.0,2.0647949324164734,5.738250706672864,0.9625,0.0784054514357217,0.84375,0.8125,0.99375,0.00625,0.825,0.6911549857143463,0.05,0.016959859156730643,0.057230334093935534,0.9850746268656716,0.0,0.65,0.8344808431914522,0.0,0.0,18.01675737509504,64c80157c43e539c0ef1d169cdca94752bc7c0419c63584f62d6cc5d18100650
raw_channel_colluding_ramp,20029,combined,0.43490011047901167,0.47270190009096635,0.47270190009096635,0.90625,0.0,0.09375,0.0,3.8188541956335555,5.552865937873072,0.9625,0.08094425620669028,0.83125,0.7875,0.99375,0.00625,0.825,0.689859832954858,0.05,0.04179114485686264,0.057230334093935534,0.9850746268656716,0.0,0.575,1.0695302373996054,0.0,0.0,18.017579374834895,78cb588ab4492f7e0cd7c58305682e85cf68f4647ffb3e488a03315e27bdfafa
raw_channel_colluding_ramp,20030,combined,0.42357470625421306,0.43323020251324296,0.43323020251324296,0.90625,0.0,0.09375,0.0,2.5369501293886545,6.250078181045741,0.9375,0.0819645389851,0.8375,0.80625,1.0,0.00625,0.825,0.6883873668576463,0.05,0.023625890457267235,0.057230334093935534,0.9850746268656716,0.0,0.63125,0.9395772578661237,0.0,0.0,18.04012016695924,90028d95c8304fd6235be886cf4c3b02010db7d3c26cb79eac5a9bfc2a43417c
raw_channel_colluding_ramp,20031,combined,0.42486467102605613,0.45124013264120627,0.45124013264120627,0.9125,0.0,0.0875,0.0,3.0852322366200546,4.790847986488232,0.9625,0.08074028896099561,0.8375,0.80625,1.0,0.00625,0.825,0.6931272576067363,0.05,0.017617601109831828,0.057230334093935534,0.9850746268656716,0.0,0.66875,0.8867643600855892,0.0,0.0,18.096878666896373,485795c971ea06f7eea45f8111fff2a5134bcd6fd8357704aa9993545dee54c2
raw_channel_colluding_ramp,20032,combined,0.4559640631461571,0.47583292220167367,0.47583292220167367,0.89375,0.0,0.10625,0.0,3.400903034070834,6.094674539072141,0.94375,0.08476483343042245,0.83125,0.8,1.0,0.00625,0.825,0.6921592776176294,0.05,0.04843202960013674,0.057230334093935534,0.9850746268656716,0.0,0.60625,0.9908922770066105,0.0,0.0,17.65845395810902,91fb6094c05e993f255f9e4d24914d585d752266044430476e94c08b26c80809
raw_channel_colluding_ramp,20033,combined,0.4176259388393194,0.4435056388999055,0.4435056388999055,0.9125,0.0,0.0875,0.0,2.9851210718779337,5.0630974839245075,0.96875,0.0805935570496494,0.8375,0.71875,1.0,0.00625,0.825,0.6916340921311174,0.05,0.04330278429983968,0.057230334093935534,0.9850746268656716,0.0,0.5375,1.3989013225872478,0.0,0.0,17.353003415977582,6ef82a09d851935fb7cad9b5e78918423210089256fe1ea581324bc1bac29120
raw_channel_colluding_ramp,20034,combined,0.4218505943960379,0.39764033358987083,0.39764033358987083,0.9,0.0,0.1,0.0,1.7983241862530477,5.35079944637796,0.96875,0.08090235106706292,0.825,0.80625,0.975,0.00625,0.825,0.695199516893622,0.05,0.03530715461264774,0.057230334093935534,0.9850746268656716,0.0,0.5625,0.9812994953346937,0.0,0.0,17.204622375080362,017365008570c33181fdc1f8265dd7700ee2959ede7d4f4d26731203d52acefd
raw_channel_colluding_ramp,20035,combined,0.4465414944048806,0.4939856189178852,0.4939856189178852,0.9,0.0,0.1,0.0,4.494859439964529,5.600270093379967,0.95625,0.0850789280487837,0.84375,0.81875,0.99375,0.00625,0.825,0.686911969906,0.05,0.04774244858279371,0.057230334093935534,0.9850746268656716,0.0,0.55625,0.8994781308622339,0.0,0.0,17.03392695891671,4f5b79bd1957749e53ca77fd647494c719538946bbf51da0ce099f5d564a4480
raw_channel_colluding_ramp,20036,combined,0.4741695015135935,0.508705950507463,0.508705950507463,0.89375,0.0,0.10625,0.0,4.106575162206889,6.688356473268472,0.94375,0.08452332108945708,0.825,0.69375,0.99375,0.0,0.825,0.6873129898437276,0.05,0.034991805403953344,0.057230334093935534,0.9825870646766169,0.0,0.525,1.327362768771557,0.0,0.0,16.78882750007324,0ee7e28a8e2b9541093391c80015704fd469ca32a1848f8365abd7a3856927ce
raw_channel_colluding_ramp,20037,combined,0.40881714554255455,0.4184309815835597,0.4184309815835597,0.9,0.0,0.1,0.0,2.688825151629009,4.904665429539814,0.95,0.08356227107888045,0.84375,0.81875,0.99375,0.00625,0.825,0.6850870223506127,0.05,0.0234421907160551,0.057230334093935534,0.9850746268656716,0.00125,0.56875,0.9176860643058073,0.0,0.0,16.320234541082755,5fdd7210535466de9238f3e38d32535702cf1bc751283bd07c24be4426074706
raw_channel_colluding_ramp,20038,combined,0.38096222607464514,0.3752185556089281,0.3752185556089281,0.9125,0.0,0.0875,0.0,1.81720712826669,4.704069570116037,0.96875,0.07820818028727866,0.8375,0.7875,1.0,0.00625,0.825,0.6896472951977524,0.05,0.011179568918386482,0.057230334093935534,0.9850746268656716,0.0,0.60625,1.1486524176422468,0.0,0.0,13.401732249883935,e1c4c33e9cac8d3a77fddf764eab0a299f2059cfa38b0f6aa7b6e7ec35fcd4ce
raw_channel_colluding_ramp,20039,combined,0.4036263852864762,0.39110467234905744,0.39110467234905744,0.90625,0.0,0.09375,0.0,2.0735264126317716,4.953532142274769,0.96875,0.07989270564393465,0.83125,0.79375,1.0,0.00625,0.825,0.6924193337268223,0.05,0.023689309786374894,0.057230334093935534,0.9850746268656716,0.0,0.56875,1.102380756767042,0.0,0.0,13.233500499976799,1dacfb08ad54aa967f4ff66f35fd8b0f6bac85fbd713e1523adb8ec50f616a2b
