scenario,seed,policy,truth_mode,resolved,resolution_steps,selected_mode,wrong_selection,total_decision_loss,decision_cost,movement_cost,movement_distance,final_truth_probability,final_entropy,brier_score,log_loss,mean_confidence,hold_actions,spread_actions,probe_actions,unique_probe_actions,first_action,action_trace,planner_horizon,planning_sequences_evaluated,runtime_seconds,trace_fingerprint
triad_uniform,9000,passive,0,False,10,-1,False,2.5,2.5,0.0,0.0,0.3333333333333333,1.0986122886681096,0.6666666666666667,1.0986122886681098,0.33333333333333337,10,0,0,0,hold,hold|hold|hold|hold|hold|hold|hold|hold|hold|hold,0,0,0.004625832894816995,b4790588bf10805308689b81fc0e076cd86929ae2d49f55652c91e5e6c76dd88
triad_uniform,9001,passive,1,False,10,-1,False,2.5,2.5,0.0,0.0,0.3333333333333333,1.0986122886681096,0.6666666666666667,1.0986122886681098,0.33333333333333337,10,0,0,0,hold,hold|hold|hold|hold|hold|hold|hold|hold|hold|hold,0,0,0.000228166114538908,0ea14cb6b0e6ec86545f480151f2ce50107378118f86c7d4e70ce96219738424
triad_uniform,9002,passive,2,False,10,-1,False,2.5,2.5,0.0,0.0,0.3333333333333333,1.0986122886681096,0.6666666666666667,1.0986122886681098,0.33333333333333337,10,0,0,0,hold,hold|hold|hold|hold|hold|hold|hold|hold|hold|hold,0,0,0.00019841711036860943,29014b4614fb5abaa1a505992db93a58777701da1993011bb1e5d76a9ac5ec9e
triad_uniform,9003,passive,2,False,10,-1,False,2.5,2.5,0.0,0.0,0.3333333333333333,1.0986122886681096,0.6666666666666667,1.0986122886681098,0.33333333333333337,10,0,0,0,hold,hold|hold|hold|hold|hold|hold|hold|hold|hold|hold,0,0,0.00019583292305469513,c774ceb6953105f1d364f7d680d5cdab0e18d4349b3c906e7ad9f919318bf541
triad_uniform,9004,passive,2,False,10,-1,False,2.5,2.5,0.0,0.0,0.3333333333333333,1.0986122886681096,0.6666666666666667,1.0986122886681098,0.33333333333333337,10,0,0,0,hold,hold|hold|hold|hold|hold|hold|hold|hold|hold|hold,0,0,0.00019224989227950573,a36f644c0d650082d15b83e8c94e1f5161de89317f1eca1f32a1dc323c7d919b
triad_uniform,9005,passive,0,False,10,-1,False,2.5,2.5,0.0,0.0,0.3333333333333333,1.0986122886681096,0.6666666666666667,1.0986122886681098,0.33333333333333337,10,0,0,0,hold,hold|hold|hold|hold|hold|hold|hold|hold|hold|hold,0,0,0.00018758396618068218,d42187bf3166e90dbee96f7f934170567b0cf3a2afe4da2070d3c43bf4322ec3
triad_uniform,9006,passive,1,False,10,-1,False,2.5,2.5,0.0,0.0,0.3333333333333333,1.0986122886681096,0.6666666666666667,1.0986122886681098,0.33333333333333337,10,0,0,0,hold,hold|hold|hold|hold|hold|hold|hold|hold|hold|hold,0,0,0.00024162488989531994,98251d46efc4db45386e98abe55bd5b0f1e079e65fcebe936906fd7446688003
triad_uniform,9007,passive,2,False,10,-1,False,2.5,2.5,0.0,0.0,0.3333333333333333,1.0986122886681096,0.6666666666666667,1.0986122886681098,0.33333333333333337,10,0,0,0,hold,hold|hold|hold|hold|hold|hold|hold|hold|hold|hold,0,0,0.00019208388403058052,b64a4b5343df323bb76299065651c6347bda7e70833ad93a00fbc0909625c55f
triad_uniform,9008,passive,0,False,10,-1,False,2.5,2.5,0.0,0.0,0.3333333333333333,1.0986122886681096,0.6666666666666667,1.0986122886681098,0.33333333333333337,10,0,0,0,hold,hold|hold|hold|hold|hold|hold|hold|hold|hold|hold,0,0,0.0001858340110629797,2da5449d77396b883980b293d8865000c497223c207babeb38eae1d9394143f5
triad_uniform,9009,passive,1,False,10,-1,False,2.5,2.5,0.0,0.0,0.3333333333333333,1.0986122886681096,0.6666666666666667,1.0986122886681098,0.33333333333333337,10,0,0,0,hold,hold|hold|hold|hold|hold|hold|hold|hold|hold|hold,0,0,0.00018345797434449196,3343c1eb6a8231dc1f5685c8185cb82d45b9236165911622af4c760f60b05ea9
triad_uniform,9010,passive,0,False,10,-1,False,2.5,2.5,0.0,0.0,0.3333333333333333,1.0986122886681096,0.6666666666666667,1.0986122886681098,0.33333333333333337,10,0,0,0,hold,hold|hold|hold|hold|hold|hold|hold|hold|hold|hold,0,0,0.00018449989147484303,bcb044195be7e0e0db7e645366b3b3e15352bf5816578e60b63f1331de687267
triad_uniform,9011,passive,0,False,10,-1,False,2.5,2.5,0.0,0.0,0.3333333333333333,1.0986122886681096,0.6666666666666667,1.0986122886681098,0.33333333333333337,10,0,0,0,hold,hold|hold|hold|hold|hold|hold|hold|hold|hold|hold,0,0,0.00018325005657970905,b1d87dc47e8573036e848b29870e085bbc491a3f00a237c997a2355d07f944da
triad_uniform,9012,passive,2,False,10,-1,False,2.5,2.5,0.0,0.0,0.3333333333333333,1.0986122886681096,0.6666666666666667,1.0986122886681098,0.33333333333333337,10,0,0,0,hold,hold|hold|hold|hold|hold|hold|hold|hold|hold|hold,0,0,0.00018249987624585629,c159860edb4de3d044d7145532da2f96e9bc3f98101bd9031cf8247434860c85
triad_uniform,9013,passive,2,False,10,-1,False,2.5,2.5,0.0,0.0,0.3333333333333333,1.0986122886681096,0.6666666666666667,1.0986122886681098,0.33333333333333337,10,0,0,0,hold,hold|hold|hold|hold|hold|hold|hold|hold|hold|hold,0,0,0.00018479186110198498,dea9ba2b9a32acb1c7df78e5bcdd8a3f0e2aae78b37b217df488e704526aac36
triad_uniform,9014,passive,2,False,10,-1,False,2.5,2.5,0.0,0.0,0.3333333333333333,1.0986122886681096,0.6666666666666667,1.0986122886681098,0.33333333333333337,10,0,0,0,hold,hold|hold|hold|hold|hold|hold|hold|hold|hold|hold,0,0,0.00018791691400110722,8e1a98cab5f1e2f20dad09e858e1a079de99aa3e4fd0d168f9997bd57690d522
triad_uniform,9015,passive,2,False,10,-1,False,2.5,2.5,0.0,0.0,0.3333333333333333,1.0986122886681096,0.6666666666666667,1.0986122886681098,0.33333333333333337,10,0,0,0,hold,hold|hold|hold|hold|hold|hold|hold|hold|hold|hold,0,0,0.00018037506379187107,9e3b4287978f1ea56a44a138c3518f105a560c0140689de2cce1267792cb0728
triad_uniform,9016,passive,2,False,10,-1,False,2.5,2.5,0.0,0.0,0.3333333333333333,1.0986122886681096,0.6666666666666667,1.0986122886681098,0.33333333333333337,10,0,0,0,hold,hold|hold|hold|hold|hold|hold|hold|hold|hold|hold,0,0,0.00018479209393262863,9df36aabebaeb38575ae7b581685bf47860ca833fa72d6b412bb66d31851db21
triad_uniform,9017,passive,1,False,10,-1,False,2.5,2.5,0.0,0.0,0.3333333333333333,1.0986122886681096,0.6666666666666667,1.0986122886681098,0.33333333333333337,10,0,0,0,hold,hold|hold|hold|hold|hold|hold|hold|hold|hold|hold,0,0,0.0001854998990893364,40f8d7f3a6e7be7bd97f7517231e82c573493d66ae541f039f5dd8b0d7c62290
triad_uniform,9018,passive,2,False,10,-1,False,2.5,2.5,0.0,0.0,0.3333333333333333,1.0986122886681096,0.6666666666666667,1.0986122886681098,0.33333333333333337,10,0,0,0,hold,hold|hold|hold|hold|hold|hold|hold|hold|hold|hold,0,0,0.00018225004896521568,2c8b56a518a198c4f27b12d54ae5a890270eb255b4118691cea2d283574222de
triad_uniform,9019,passive,2,False,10,-1,False,2.5,2.5,0.0,0.0,0.3333333333333333,1.0986122886681096,0.6666666666666667,1.0986122886681098,0.33333333333333337,10,0,0,0,hold,hold|hold|hold|hold|hold|hold|hold|hold|hold|hold,0,0,0.0001798751763999462,0f2bc10cdce30b7e39610be312caca2a586b7302d8ce4bcd4aef77c32b1a78f2
triad_uniform,9020,passive,1,False,10,-1,False,2.5,2.5,0.0,0.0,0.3333333333333333,1.0986122886681096,0.6666666666666667,1.0986122886681098,0.33333333333333337,10,0,0,0,hold,hold|hold|hold|hold|hold|hold|hold|hold|hold|hold,0,0,0.00017966702580451965,4d4616fa017254520455960935db04e0aed2ff5eee1794b3f751ab6a47b87c6b
triad_uniform,9021,passive,2,False,10,-1,False,2.5,2.5,0.0,0.0,0.3333333333333333,1.0986122886681096,0.6666666666666667,1.0986122886681098,0.33333333333333337,10,0,0,0,hold,hold|hold|hold|hold|hold|hold|hold|hold|hold|hold,0,0,0.00017937482334673405,5a5cbc5219ae60cb75b69f049843ca50b6d273a7514f6fd36fae15743ff2a611
triad_uniform,9022,passive,2,False,10,-1,False,2.5,2.5,0.0,0.0,0.3333333333333333,1.0986122886681096,0.6666666666666667,1.0986122886681098,0.33333333333333337,10,0,0,0,hold,hold|hold|hold|hold|hold|hold|hold|hold|hold|hold,0,0,0.00018149986863136292,a2e31da00faa921bf9ab46842011e02a3c0898b752c9b48c2673c9a0cbd08c4b
triad_uniform,9023,passive,2,False,10,-1,False,2.5,2.5,0.0,0.0,0.3333333333333333,1.0986122886681096,0.6666666666666667,1.0986122886681098,0.33333333333333337,10,0,0,0,hold,hold|hold|hold|hold|hold|hold|hold|hold|hold|hold,0,0,0.00017987494356930256,e6317f4aa0fad8129c5145cfb5ba22ad4acfe2743f2db700e2b05167809b95d3
triad_uniform,9024,passive,2,False,10,-1,False,2.5,2.5,0.0,0.0,0.3333333333333333,1.0986122886681096,0.6666666666666667,1.0986122886681098,0.33333333333333337,10,0,0,0,hold,hold|hold|hold|hold|hold|hold|hold|hold|hold|hold,0,0,0.00018037506379187107,eddd9981b1e4917b8e695840887bf844e17e8785a92d102a8d6cc4a41136dc0e
triad_uniform,9025,passive,1,False,10,-1,False,2.5,2.5,0.0,0.0,0.3333333333333333,1.0986122886681096,0.6666666666666667,1.0986122886681098,0.33333333333333337,10,0,0,0,hold,hold|hold|hold|hold|hold|hold|hold|hold|hold|hold,0,0,0.0001804581843316555,b60d29b5eef71c9e94c16d0d9fa94409b1ede67eb3599a41d5165c71acd3bbbd
triad_uniform,9026,passive,0,False,10,-1,False,2.5,2.5,0.0,0.0,0.3333333333333333,1.0986122886681096,0.6666666666666667,1.0986122886681098,0.33333333333333337,10,0,0,0,hold,hold|hold|hold|hold|hold|hold|hold|hold|hold|hold,0,0,0.00018112501129508018,2b7d84155d4bd3d39efb1f7460ecdf7e97b99f772e0e0a2aee1b03b1295cf54e
triad_uniform,9027,passive,0,False,10,-1,False,2.5,2.5,0.0,0.0,0.3333333333333333,1.0986122886681096,0.6666666666666667,1.0986122886681098,0.33333333333333337,10,0,0,0,hold,hold|hold|hold|hold|hold|hold|hold|hold|hold|hold,0,0,0.00018020812422037125,50388779d1665120ab32e8d805ca90edec625328ff352415812ad81ad1330b57
triad_uniform,9028,passive,2,False,10,-1,False,2.5,2.5,0.0,0.0,0.3333333333333333,1.0986122886681096,0.6666666666666667,1.0986122886681098,0.33333333333333337,10,0,0,0,hold,hold|hold|hold|hold|hold|hold|hold|hold|hold|hold,0,0,0.00017949985340237617,addd4edb1e1d0f0ab6423a8d273aa10ed1a67a753bb784d4ce23163e0cf1b234
triad_uniform,9029,passive,2,False,10,-1,False,2.5,2.5,0.0,0.0,0.3333333333333333,1.0986122886681096,0.6666666666666667,1.0986122886681098,0.33333333333333337,10,0,0,0,hold,hold|hold|hold|hold|hold|hold|hold|hold|hold|hold,0,0,0.00018037506379187107,0c9e34a8f9e8afc02fdb1ee23e2f6824275cbeac5691473c68c5b408e5d18948
triad_uniform,9000,round_robin,0,True,2,0,False,1.6208800000000003,0.25,1.3708800000000003,1.3708800000000003,0.9999929926574396,9.017435821472159e-05,9.820567301013096e-11,7.007367111967361e-06,0.9537849575758575,0,2,0,0,spread,spread|spread,0,0,0.00011045904830098152,b4790588bf10805308689b81fc0e076cd86929ae2d49f55652c91e5e6c76dd88
triad_uniform,9001,round_robin,1,True,2,1,False,1.6208800000000003,0.25,1.3708800000000003,1.3708800000000003,0.9980635446265844,0.014031416171206141,7.499718523341143e-06,0.001938332727121481,0.8972045779449731,0,2,0,0,spread,spread|spread,0,0,8.820788934826851e-05,0ea14cb6b0e6ec86545f480151f2ce50107378118f86c7d4e70ce96219738424
triad_uniform,9002,round_robin,2,True,2,2,False,1.6208800000000003,0.25,1.3708800000000003,1.3708800000000003,0.9999870270630126,0.0001591705174974795,3.357930300111594e-10,1.2973021136706888e-05,0.712161829640348,0,2,0,0,spread,spread|spread,0,0,8.795782923698425e-05,29014b4614fb5abaa1a505992db93a58777701da1993011bb1e5d76a9ac5ec9e
triad_uniform,9003,round_robin,2,True,2,2,False,1.6208800000000003,0.25,1.3708800000000003,1.3708800000000003,0.9998952886845704,0.0010673702430932124,2.1829074317444953e-08,0.00010471679804207146,0.9526702700394829,0,2,0,0,spread,spread|spread,0,0,8.89170914888382e-05,c774ceb6953105f1d364f7d680d5cdab0e18d4349b3c906e7ad9f919318bf541
triad_uniform,9004,round_robin,2,True,2,2,False,1.6208800000000003,0.25,1.3708800000000003,1.3708800000000003,0.9999999727205516,5.033293384285104e-07,1.4803009057618951e-15,2.7279448738974495e-08,0.7865637240581611,0,2,0,0,spread,spread|spread,0,0,8.637504652142525e-05,a36f644c0d650082d15b83e8c94e1f5161de89317f1eca1f32a1dc323c7d919b
triad_uniform,9005,round_robin,0,True,2,0,False,1.6208800000000003,0.25,1.3708800000000003,1.3708800000000003,0.9999999993256257,1.5114518617146338e-08,8.373525135612511e-19,6.743743343804621e-10,0.9479354000308593,0,2,0,0,spread,spread|spread,0,0,8.466583676636219e-05,d42187bf3166e90dbee96f7f934170567b0cf3a2afe4da2070d3c43bf4322ec3
triad_uniform,9006,round_robin,1,True,2,1,False,1.6208800000000003,0.25,1.3708800000000003,1.3708800000000003,0.9999993344249924,1.0304431672727689e-05,8.266035414917272e-13,6.655752290475206e-07,0.7340142216011549,0,2,0,0,spread,spread|spread,0,0,8.620810694992542e-05,98251d46efc4db45386e98abe55bd5b0f1e079e65fcebe936906fd7446688003
triad_uniform,9007,round_robin,2,True,2,2,False,1.6208800000000003,0.25,1.3708800000000003,1.3708800000000003,0.999998920863243,1.593085808084836e-05,2.3209657070916778e-12,1.0791373392225244e-06,0.9519585599995005,0,2,0,0,spread,spread|spread,0,0,8.920906111598015e-05,b64a4b5343df323bb76299065651c6347bda7e70833ad93a00fbc0909625c55f
triad_uniform,9008,round_robin,0,True,3,0,False,2.9990336000000006,0.5,2.4990336000000006,2.4990336000000006,0.9999999999990687,2.676390185845565e-11,1.7344897052062936e-24,9.312550730560149e-13,0.7911446561109772,0,3,0,0,spread,spread|spread|spread,0,0,0.00011124997399747372,2da5449d77396b883980b293d8865000c497223c207babeb38eae1d9394143f5
triad_uniform,9009,round_robin,1,True,1,1,False,0.5040000000000001,0.0,0.5040000000000001,0.5040000000000001,0.9909115535980448,0.056904214711323044,0.00013402672716414474,0.009129998283930268,0.9909115535980448,0,1,0,0,spread,spread,0,0,0.00011962512508034706,3343c1eb6a8231dc1f5685c8185cb82d45b9236165911622af4c760f60b05ea9
triad_uniform,9010,round_robin,0,True,2,0,False,1.6208800000000003,0.25,1.3708800000000003,1.3708800000000003,0.9999999915181544,1.6765255972394896e-07,1.3782023141291644e-16,8.481845595209218e-09,0.9273355539806698,0,2,0,0,spread,spread|spread,0,0,0.00010695820674300194,bcb044195be7e0e0db7e645366b3b3e15352bf5816578e60b63f1331de687267
triad_uniform,9011,round_robin,0,True,2,0,False,1.6208800000000003,0.25,1.3708800000000003,1.3708800000000003,0.9999989800736395,1.5123398612355857e-05,2.0698865246821225e-12,1.0199268806045614e-06,0.8138382530173184,0,2,0,0,spread,spread|spread,0,0,9.866710752248764e-05,b1d87dc47e8573036e848b29870e085bbc491a3f00a237c997a2355d07f944da
triad_uniform,9012,round_robin,2,True,2,2,False,1.6208800000000003,0.25,1.3708800000000003,1.3708800000000003,0.9999999872440598,2.529636705707722e-07,2.5039208283573e-16,1.2755940274366968e-08,0.7464454068050665,0,2,0,0,spread,spread|spread,0,0,9.620911441743374e-05,c159860edb4de3d044d7145532da2f96e9bc3f98101bd9031cf8247434860c85
triad_uniform,9013,round_robin,2,True,2,2,False,1.6208800000000003,0.25,1.3708800000000003,1.3708800000000003,0.9999995842366806,6.690580425133174e-06,3.0489109021807566e-13,4.157634058686371e-07,0.9632786367436321,0,2,0,0,spread,spread|spread,0,0,9.44170169532299e-05,dea9ba2b9a32acb1c7df78e5bcdd8a3f0e2aae78b37b217df488e704526aac36
triad_uniform,9014,round_robin,2,True,2,2,False,1.6208800000000003,0.25,1.3708800000000003,1.3708800000000003,0.9999968859651,4.277672816992928e-05,1.9197604674872352e-11,3.1140397486703202e-06,0.9381153187579427,0,2,0,0,spread,spread|spread,0,0,8.675013668835163e-05,8e1a98cab5f1e2f20dad09e858e1a079de99aa3e4fd0d168f9997bd57690d522
triad_uniform,9015,round_robin,2,True,2,2,False,1.6208800000000003,0.25,1.3708800000000003,1.3708800000000003,0.9999951137750915,6.483937321021759e-05,4.742763539378439e-11,4.886236846098281e-06,0.7921385903872553,0,2,0,0,spread,spread|spread,0,0,9.249988943338394e-05,9e3b4287978f1ea56a44a138c3518f105a560c0140689de2cce1267792cb0728
triad_uniform,9016,round_robin,2,True,2,2,False,1.6208800000000003,0.25,1.3708800000000003,1.3708800000000003,0.9999999970928,6.015656492293797e-08,1.680438923423358e-17,2.907200040487676e-09,0.9441594144657439,0,2,0,0,spread,spread|spread,0,0,9.124982170760632e-05,9df36aabebaeb38575ae7b581685bf47860ca833fa72d6b412bb66d31851db21
triad_uniform,9017,round_robin,1,True,2,1,False,1.6208800000000003,0.25,1.3708800000000003,1.3708800000000003,0.9999999882279734,2.2678043943461922e-07,2.769277578984901e-16,1.1772026645052901e-08,0.9723899704643262,0,2,0,0,spread,spread|spread,0,0,8.64590983837843e-05,40f8d7f3a6e7be7bd97f7517231e82c573493d66ae541f039f5dd8b0d7c62290
triad_uniform,9018,round_robin,2,True,3,2,False,2.9990336000000006,0.5,2.4990336000000006,2.4990336000000006,1.0,6.907755278982138e-14,1.2805351927524588e-49,-0.0,0.7415369414982065,0,3,0,0,spread,spread|spread|spread,0,0,0.00011254101991653442,2c8b56a518a198c4f27b12d54ae5a890270eb255b4118691cea2d283574222de
triad_uniform,9019,round_robin,2,True,2,2,False,1.6208800000000003,0.25,1.3708800000000003,1.3708800000000003,0.9999911061096324,0.0001123762151713699,1.5810723234414745e-10,8.893929918500225e-06,0.8541657159269986,0,2,0,0,spread,spread|spread,0,0,9.508407674729824e-05,0f2bc10cdce30b7e39610be312caca2a586b7302d8ce4bcd4aef77c32b1a78f2
triad_uniform,9020,round_robin,1,True,2,1,False,1.6208800000000003,0.25,1.3708800000000003,1.3708800000000003,0.9999994662867788,8.242433325784072e-06,5.696924005674212e-13,5.337133635985225e-07,0.992425526726102,0,2,0,0,spread,spread|spread,0,0,9.05841588973999e-05,4d4616fa017254520455960935db04e0aed2ff5eee1794b3f751ab6a47b87c6b
triad_uniform,9021,round_robin,2,True,2,2,False,1.6208800000000003,0.25,1.3708800000000003,1.3708800000000003,0.9964585323930452,0.02352126169579998,2.508349995091474e-05,0.003547753448484626,0.7907322096711265,0,2,0,0,spread,spread|spread,0,0,9.229197166860104e-05,5a5cbc5219ae60cb75b69f049843ca50b6d273a7514f6fd36fae15743ff2a611
triad_uniform,9022,round_robin,2,True,2,2,False,1.6208800000000003,0.25,1.3708800000000003,1.3708800000000003,0.9997937608782465,0.001956463644171979,8.506907353070392e-08,0.00020626039196576968,0.8719889071993863,0,2,0,0,spread,spread|spread,0,0,8.712499402463436e-05,a2e31da00faa921bf9ab46842011e02a3c0898b752c9b48c2673c9a0cbd08c4b
triad_uniform,9023,round_robin,2,True,2,2,False,1.6208800000000003,0.25,1.3708800000000003,1.3708800000000003,0.9999999959475798,8.250697254676603e-08,3.265279711853183e-17,4.05242018541403e-09,0.8022374414522733,0,2,0,0,spread,spread|spread,0,0,8.866586722433567e-05,e6317f4aa0fad8129c5145cfb5ba22ad4acfe2743f2db700e2b05167809b95d3
triad_uniform,9024,round_robin,2,True,2,2,False,1.6208800000000003,0.25,1.3708800000000003,1.3708800000000003,0.9999999981774004,3.849951572159299e-08,6.643498722790421e-18,1.8225996284382672e-09,0.8287095376017359,0,2,0,0,spread,spread|spread,0,0,8.766702376306057e-05,eddd9981b1e4917b8e695840887bf844e17e8785a92d102a8d6cc4a41136dc0e
triad_uniform,9025,round_robin,1,True,2,1,False,1.6208800000000003,0.25,1.3708800000000003,1.3708800000000003,0.9999739972264268,0.00030052211280385725,1.3522870411550003e-09,2.600311165120785e-05,0.8865836408558554,0,2,0,0,spread,spread|spread,0,0,8.533289656043053e-05,b60d29b5eef71c9e94c16d0d9fa94409b1ede67eb3599a41d5165c71acd3bbbd
triad_uniform,9026,round_robin,0,True,2,0,False,1.6208800000000003,0.25,1.3708800000000003,1.3708800000000003,0.9999993116214287,1.0919827217559976e-05,7.197253786666821e-13,6.883788081890024e-07,0.7739597222441423,0,2,0,0,spread,spread|spread,0,0,8.88328067958355e-05,2b7d84155d4bd3d39efb1f7460ecdf7e97b99f772e0e0a2aee1b03b1295cf54e
triad_uniform,9027,round_robin,0,True,2,0,False,1.6208800000000003,0.25,1.3708800000000003,1.3708800000000003,0.999999948870641,9.301142762433255e-07,4.604051452578956e-15,5.112936027599898e-08,0.9766846863907535,0,2,0,0,spread,spread|spread,0,0,8.795806206762791e-05,50388779d1665120ab32e8d805ca90edec625328ff352415812ad81ad1330b57
triad_uniform,9028,round_robin,2,True,2,2,False,1.6208800000000003,0.25,1.3708800000000003,1.3708800000000003,0.9999999994030428,1.3372329586985367e-08,6.866391053417752e-19,5.969571505565089e-10,0.9716360372380286,0,2,0,0,spread,spread|spread,0,0,9.337486699223518e-05,addd4edb1e1d0f0ab6423a8d273aa10ed1a67a753bb784d4ce23163e0cf1b234
triad_uniform,9029,round_robin,2,True,2,2,False,1.6208800000000003,0.25,1.3708800000000003,1.3708800000000003,0.9999972206884128,3.862523926488243e-05,1.5123023826547298e-11,2.7793154495023937e-06,0.9204200185103877,0,2,0,0,spread,spread|spread,0,0,9.583286009728909e-05,0c9e34a8f9e8afc02fdb1ee23e2f6824275cbeac5691473c68c5b408e5d18948
triad_uniform,9000,myopic_voi,0,False,10,-1,False,2.5,2.5,0.0,0.0,0.3333333333333333,1.0986122886681096,0.6666666666666667,1.0986122886681098,0.33333333333333337,10,0,0,0,hold,hold|hold|hold|hold|hold|hold|hold|hold|hold|hold,1,50,0.003267124993726611,b4790588bf10805308689b81fc0e076cd86929ae2d49f55652c91e5e6c76dd88
triad_uniform,9001,myopic_voi,1,False,10,-1,False,2.5,2.5,0.0,0.0,0.3333333333333333,1.0986122886681096,0.6666666666666667,1.0986122886681098,0.33333333333333337,10,0,0,0,hold,hold|hold|hold|hold|hold|hold|hold|hold|hold|hold,1,50,0.0031441249884665012,0ea14cb6b0e6ec86545f480151f2ce50107378118f86c7d4e70ce96219738424
triad_uniform,9002,myopic_voi,2,False,10,-1,False,2.5,2.5,0.0,0.0,0.3333333333333333,1.0986122886681096,0.6666666666666667,1.0986122886681098,0.33333333333333337,10,0,0,0,hold,hold|hold|hold|hold|hold|hold|hold|hold|hold|hold,1,50,0.0033411248587071896,29014b4614fb5abaa1a505992db93a58777701da1993011bb1e5d76a9ac5ec9e
triad_uniform,9003,myopic_voi,2,False,10,-1,False,2.5,2.5,0.0,0.0,0.3333333333333333,1.0986122886681096,0.6666666666666667,1.0986122886681098,0.33333333333333337,10,0,0,0,hold,hold|hold|hold|hold|hold|hold|hold|hold|hold|hold,1,50,0.003167416900396347,c774ceb6953105f1d364f7d680d5cdab0e18d4349b3c906e7ad9f919318bf541
triad_uniform,9004,myopic_voi,2,False,10,-1,False,2.5,2.5,0.0,0.0,0.3333333333333333,1.0986122886681096,0.6666666666666667,1.0986122886681098,0.33333333333333337,10,0,0,0,hold,hold|hold|hold|hold|hold|hold|hold|hold|hold|hold,1,50,0.003116833046078682,a36f644c0d650082d15b83e8c94e1f5161de89317f1eca1f32a1dc323c7d919b
triad_uniform,9005,myopic_voi,0,False,10,-1,False,2.5,2.5,0.0,0.0,0.3333333333333333,1.0986122886681096,0.6666666666666667,1.0986122886681098,0.33333333333333337,10,0,0,0,hold,hold|hold|hold|hold|hold|hold|hold|hold|hold|hold,1,50,0.0032826659735292196,d42187bf3166e90dbee96f7f934170567b0cf3a2afe4da2070d3c43bf4322ec3
triad_uniform,9006,myopic_voi,1,False,10,-1,False,2.5,2.5,0.0,0.0,0.3333333333333333,1.0986122886681096,0.6666666666666667,1.0986122886681098,0.33333333333333337,10,0,0,0,hold,hold|hold|hold|hold|hold|hold|hold|hold|hold|hold,1,50,0.0031175001058727503,98251d46efc4db45386e98abe55bd5b0f1e079e65fcebe936906fd7446688003
triad_uniform,9007,myopic_voi,2,False,10,-1,False,2.5,2.5,0.0,0.0,0.3333333333333333,1.0986122886681096,0.6666666666666667,1.0986122886681098,0.33333333333333337,10,0,0,0,hold,hold|hold|hold|hold|hold|hold|hold|hold|hold|hold,1,50,0.003069167025387287,b64a4b5343df323bb76299065651c6347bda7e70833ad93a00fbc0909625c55f
triad_uniform,9008,myopic_voi,0,False,10,-1,False,2.5,2.5,0.0,0.0,0.3333333333333333,1.0986122886681096,0.6666666666666667,1.0986122886681098,0.33333333333333337,10,0,0,0,hold,hold|hold|hold|hold|hold|hold|hold|hold|hold|hold,1,50,0.0032528750598430634,2da5449d77396b883980b293d8865000c497223c207babeb38eae1d9394143f5
triad_uniform,9009,myopic_voi,1,False,10,-1,False,2.5,2.5,0.0,0.0,0.3333333333333333,1.0986122886681096,0.6666666666666667,1.0986122886681098,0.33333333333333337,10,0,0,0,hold,hold|hold|hold|hold|hold|hold|hold|hold|hold|hold,1,50,0.0031560419593006372,3343c1eb6a8231dc1f5685c8185cb82d45b9236165911622af4c760f60b05ea9
triad_uniform,9010,myopic_voi,0,False,10,-1,False,2.5,2.5,0.0,0.0,0.3333333333333333,1.0986122886681096,0.6666666666666667,1.0986122886681098,0.33333333333333337,10,0,0,0,hold,hold|hold|hold|hold|hold|hold|hold|hold|hold|hold,1,50,0.003105750074610114,bcb044195be7e0e0db7e645366b3b3e15352bf5816578e60b63f1331de687267
triad_uniform,9011,myopic_voi,0,False,10,-1,False,2.5,2.5,0.0,0.0,0.3333333333333333,1.0986122886681096,0.6666666666666667,1.0986122886681098,0.33333333333333337,10,0,0,0,hold,hold|hold|hold|hold|hold|hold|hold|hold|hold|hold,1,50,0.0031743329018354416,b1d87dc47e8573036e848b29870e085bbc491a3f00a237c997a2355d07f944da
triad_uniform,9012,myopic_voi,2,False,10,-1,False,2.5,2.5,0.0,0.0,0.3333333333333333,1.0986122886681096,0.6666666666666667,1.0986122886681098,0.33333333333333337,10,0,0,0,hold,hold|hold|hold|hold|hold|hold|hold|hold|hold|hold,1,50,0.0031137499026954174,c159860edb4de3d044d7145532da2f96e9bc3f98101bd9031cf8247434860c85
triad_uniform,9013,myopic_voi,2,False,10,-1,False,2.5,2.5,0.0,0.0,0.3333333333333333,1.0986122886681096,0.6666666666666667,1.0986122886681098,0.33333333333333337,10,0,0,0,hold,hold|hold|hold|hold|hold|hold|hold|hold|hold|hold,1,50,0.0031008748337626457,dea9ba2b9a32acb1c7df78e5bcdd8a3f0e2aae78b37b217df488e704526aac36
triad_uniform,9014,myopic_voi,2,False,10,-1,False,2.5,2.5,0.0,0.0,0.3333333333333333,1.0986122886681096,0.6666666666666667,1.0986122886681098,0.33333333333333337,10,0,0,0,hold,hold|hold|hold|hold|hold|hold|hold|hold|hold|hold,1,50,0.0032280839513987303,8e1a98cab5f1e2f20dad09e858e1a079de99aa3e4fd0d168f9997bd57690d522
triad_uniform,9015,myopic_voi,2,False,10,-1,False,2.5,2.5,0.0,0.0,0.3333333333333333,1.0986122886681096,0.6666666666666667,1.0986122886681098,0.33333333333333337,10,0,0,0,hold,hold|hold|hold|hold|hold|hold|hold|hold|hold|hold,1,50,0.0031588750425726175,9e3b4287978f1ea56a44a138c3518f105a560c0140689de2cce1267792cb0728
triad_uniform,9016,myopic_voi,2,False,10,-1,False,2.5,2.5,0.0,0.0,0.3333333333333333,1.0986122886681096,0.6666666666666667,1.0986122886681098,0.33333333333333337,10,0,0,0,hold,hold|hold|hold|hold|hold|hold|hold|hold|hold|hold,1,50,0.0033111250959336758,9df36aabebaeb38575ae7b581685bf47860ca833fa72d6b412bb66d31851db21
triad_uniform,9017,myopic_voi,1,False,10,-1,False,2.5,2.5,0.0,0.0,0.3333333333333333,1.0986122886681096,0.6666666666666667,1.0986122886681098,0.33333333333333337,10,0,0,0,hold,hold|hold|hold|hold|hold|hold|hold|hold|hold|hold,1,50,0.0034620000515133142,40f8d7f3a6e7be7bd97f7517231e82c573493d66ae541f039f5dd8b0d7c62290
triad_uniform,9018,myopic_voi,2,False,10,-1,False,2.5,2.5,0.0,0.0,0.3333333333333333,1.0986122886681096,0.6666666666666667,1.0986122886681098,0.33333333333333337,10,0,0,0,hold,hold|hold|hold|hold|hold|hold|hold|hold|hold|hold,1,50,0.0034681670367717743,2c8b56a518a198c4f27b12d54ae5a890270eb255b4118691cea2d283574222de
triad_uniform,9019,myopic_voi,2,False,10,-1,False,2.5,2.5,0.0,0.0,0.3333333333333333,1.0986122886681096,0.6666666666666667,1.0986122886681098,0.33333333333333337,10,0,0,0,hold,hold|hold|hold|hold|hold|hold|hold|hold|hold|hold,1,50,0.003455500118434429,0f2bc10cdce30b7e39610be312caca2a586b7302d8ce4bcd4aef77c32b1a78f2
triad_uniform,9020,myopic_voi,1,False,10,-1,False,2.5,2.5,0.0,0.0,0.3333333333333333,1.0986122886681096,0.6666666666666667,1.0986122886681098,0.33333333333333337,10,0,0,0,hold,hold|hold|hold|hold|hold|hold|hold|hold|hold|hold,1,50,0.0035581248812377453,4d4616fa017254520455960935db04e0aed2ff5eee1794b3f751ab6a47b87c6b
triad_uniform,9021,myopic_voi,2,False,10,-1,False,2.5,2.5,0.0,0.0,0.3333333333333333,1.0986122886681096,0.6666666666666667,1.0986122886681098,0.33333333333333337,10,0,0,0,hold,hold|hold|hold|hold|hold|hold|hold|hold|hold|hold,1,50,0.003425000002607703,5a5cbc5219ae60cb75b69f049843ca50b6d273a7514f6fd36fae15743ff2a611
triad_uniform,9022,myopic_voi,2,False,10,-1,False,2.5,2.5,0.0,0.0,0.3333333333333333,1.0986122886681096,0.6666666666666667,1.0986122886681098,0.33333333333333337,10,0,0,0,hold,hold|hold|hold|hold|hold|hold|hold|hold|hold|hold,1,50,0.003871083026751876,a2e31da00faa921bf9ab46842011e02a3c0898b752c9b48c2673c9a0cbd08c4b
triad_uniform,9023,myopic_voi,2,False,10,-1,False,2.5,2.5,0.0,0.0,0.3333333333333333,1.0986122886681096,0.6666666666666667,1.0986122886681098,0.33333333333333337,10,0,0,0,hold,hold|hold|hold|hold|hold|hold|hold|hold|hold|hold,1,50,0.0034174579195678234,e6317f4aa0fad8129c5145cfb5ba22ad4acfe2743f2db700e2b05167809b95d3
triad_uniform,9024,myopic_voi,2,False,10,-1,False,2.5,2.5,0.0,0.0,0.3333333333333333,1.0986122886681096,0.6666666666666667,1.0986122886681098,0.33333333333333337,10,0,0,0,hold,hold|hold|hold|hold|hold|hold|hold|hold|hold|hold,1,50,0.003362082876265049,eddd9981b1e4917b8e695840887bf844e17e8785a92d102a8d6cc4a41136dc0e
triad_uniform,9025,myopic_voi,1,False,10,-1,False,2.5,2.5,0.0,0.0,0.3333333333333333,1.0986122886681096,0.6666666666666667,1.0986122886681098,0.33333333333333337,10,0,0,0,hold,hold|hold|hold|hold|hold|hold|hold|hold|hold|hold,1,50,0.0032298339065164328,b60d29b5eef71c9e94c16d0d9fa94409b1ede67eb3599a41d5165c71acd3bbbd
triad_uniform,9026,myopic_voi,0,False,10,-1,False,2.5,2.5,0.0,0.0,0.3333333333333333,1.0986122886681096,0.6666666666666667,1.0986122886681098,0.33333333333333337,10,0,0,0,hold,hold|hold|hold|hold|hold|hold|hold|hold|hold|hold,1,50,0.003314708126708865,2b7d84155d4bd3d39efb1f7460ecdf7e97b99f772e0e0a2aee1b03b1295cf54e
triad_uniform,9027,myopic_voi,0,False,10,-1,False,2.5,2.5,0.0,0.0,0.3333333333333333,1.0986122886681096,0.6666666666666667,1.0986122886681098,0.33333333333333337,10,0,0,0,hold,hold|hold|hold|hold|hold|hold|hold|hold|hold|hold,1,50,0.003266667015850544,50388779d1665120ab32e8d805ca90edec625328ff352415812ad81ad1330b57
triad_uniform,9028,myopic_voi,2,False,10,-1,False,2.5,2.5,0.0,0.0,0.3333333333333333,1.0986122886681096,0.6666666666666667,1.0986122886681098,0.33333333333333337,10,0,0,0,hold,hold|hold|hold|hold|hold|hold|hold|hold|hold|hold,1,50,0.00325691606849432,addd4edb1e1d0f0ab6423a8d273aa10ed1a67a753bb784d4ce23163e0cf1b234
triad_uniform,9029,myopic_voi,2,False,10,-1,False,2.5,2.5,0.0,0.0,0.3333333333333333,1.0986122886681096,0.6666666666666667,1.0986122886681098,0.33333333333333337,10,0,0,0,hold,hold|hold|hold|hold|hold|hold|hold|hold|hold|hold,1,50,0.0033199158497154713,0c9e34a8f9e8afc02fdb1ee23e2f6824275cbeac5691473c68c5b408e5d18948
triad_uniform,9000,receding_horizon_voi,0,True,2,0,False,1.0443040000000001,0.25,0.7943040000000001,0.8668800000000002,0.9923617921435801,0.04484565760511795,0.00011667954923534947,0.007667528365568085,0.9499693573189278,1,1,0,0,spread,spread|hold,2,50,0.005603000055998564,b4790588bf10805308689b81fc0e076cd86929ae2d49f55652c91e5e6c76dd88
triad_uniform,9001,receding_horizon_voi,1,True,3,1,False,1.5033228800000003,0.5,1.0033228800000003,1.1281536000000003,0.9992358017768731,0.006248324508970992,1.1679968591726086e-06,0.0007644903714379773,0.7936629429403711,2,1,0,0,spread,spread|hold|hold,2,75,0.008275582920759916,0ea14cb6b0e6ec86545f480151f2ce50107378118f86c7d4e70ce96219738424
triad_uniform,9002,receding_horizon_voi,2,True,3,2,False,1.5033228800000003,0.5,1.0033228800000003,1.1281536000000003,0.9999995096060541,7.868172323879016e-06,4.006349064543314e-13,4.903940661387123e-07,0.7993771122089712,2,1,0,0,spread,spread|hold|hold,2,75,0.008247833931818604,29014b4614fb5abaa1a505992db93a58777701da1993011bb1e5d76a9ac5ec9e
triad_uniform,9003,receding_horizon_voi,2,True,3,2,False,1.5323207309869828,0.5,1.0323207309869828,1.1644009137337283,0.9999617448937845,0.0004278147990398673,2.9221880093913033e-09,3.825583796070574e-05,0.9559073857927709,1,1,1,1,spread,spread|hold|probe_1,2,75,0.00817133393138647,c774ceb6953105f1d364f7d680d5cdab0e18d4349b3c906e7ad9f919318bf541
triad_uniform,9004,receding_horizon_voi,2,True,2,2,False,1.1009822630448833,0.25,0.8509822630448832,0.937727828806104,0.9999196032808328,0.0008538289627846342,1.2339996558682417e-08,8.0399951156608e-05,0.7865235393383017,0,1,1,1,spread,spread|probe_2,2,50,0.005417915992438793,a36f644c0d650082d15b83e8c94e1f5161de89317f1eca1f32a1dc323c7d919b
triad_uniform,9005,receding_horizon_voi,0,True,2,0,False,1.0443040000000001,0.25,0.7943040000000001,0.8668800000000002,0.9999764666803456,0.00029046234184651454,8.349400678998348e-10,2.35335965673455e-05,0.9479236337082193,1,1,0,0,spread,spread|hold,2,50,0.005317999981343746,d42187bf3166e90dbee96f7f934170567b0cf3a2afe4da2070d3c43bf4322ec3
triad_uniform,9006,receding_horizon_voi,1,True,2,1,False,1.0443040000000001,0.25,0.7943040000000001,0.8668800000000002,0.9951386016902021,0.0329061586099604,4.081269918445279e-05,0.004873253343527414,0.7315838552337597,1,1,0,0,spread,spread|hold,2,50,0.005105040967464447,98251d46efc4db45386e98abe55bd5b0f1e079e65fcebe936906fd7446688003
triad_uniform,9007,receding_horizon_voi,2,True,2,2,False,1.0443040000000001,0.25,0.7943040000000001,0.8668800000000002,0.99897678262033,0.008324808587853116,1.9590334869134076e-06,0.0010237412239412623,0.9514474908780439,1,1,0,0,spread,spread|hold,2,50,0.005235500168055296,b64a4b5343df323bb76299065651c6347bda7e70833ad93a00fbc0909625c55f
triad_uniform,9008,receding_horizon_voi,0,True,4,0,False,1.9038164736000003,0.75,1.1538164736000003,1.3162705920000004,0.9999554239310542,0.0004911564651064259,3.97402142968866e-09,4.4577062488298814e-05,0.7970140080573566,3,1,0,0,spread,spread|hold|hold|hold,2,100,0.010399166960269213,2da5449d77396b883980b293d8865000c497223c207babeb38eae1d9394143f5
triad_uniform,9009,receding_horizon_voi,1,True,1,1,False,0.5040000000000001,0.0,0.5040000000000001,0.5040000000000001,0.9909115535980448,0.056904214711323044,0.00013402672716414474,0.009129998283930268,0.9909115535980448,0,1,0,0,spread,spread,2,25,0.002584333997219801,3343c1eb6a8231dc1f5685c8185cb82d45b9236165911622af4c760f60b05ea9
triad_uniform,9010,receding_horizon_voi,0,True,2,0,False,1.0443040000000001,0.25,0.7943040000000001,0.8668800000000002,0.9998799795441086,0.0012774359116853595,2.269391879868405e-08,0.00012002765892269686,0.927275547993647,1,1,0,0,spread,spread|hold,2,50,0.00518162501975894,bcb044195be7e0e0db7e645366b3b3e15352bf5816578e60b63f1331de687267
triad_uniform,9011,receding_horizon_voi,0,True,2,0,False,1.0443040000000001,0.25,0.7943040000000001,0.8668800000000002,0.9956632821395657,0.028689684669196698,3.6069707199131974e-05,0.004346148697130026,0.8116704040502815,1,1,0,0,spread,spread|hold,2,50,0.0051832920871675014,b1d87dc47e8573036e848b29870e085bbc491a3f00a237c997a2355d07f944da
triad_uniform,9012,receding_horizon_voi,2,True,2,2,False,1.0443040000000001,0.25,0.7943040000000001,0.8668800000000002,0.9996352718067204,0.0034767404244610304,2.095057191826204e-07,0.00036479472278436436,0.7462630490863968,1,1,0,0,spread,spread|hold,2,50,0.005188874900341034,c159860edb4de3d044d7145532da2f96e9bc3f98101bd9031cf8247434860c85
triad_uniform,9013,receding_horizon_voi,2,True,2,2,False,1.0443040000000001,0.25,0.7943040000000001,0.8668800000000002,0.9957311222163261,0.03041010972928507,2.7764095919044856e-05,0.0042780154567852,0.9611444057334548,1,1,0,0,spread,spread|hold,2,50,0.005152666941285133,dea9ba2b9a32acb1c7df78e5bcdd8a3f0e2aae78b37b217df488e704526aac36
triad_uniform,9014,receding_horizon_voi,2,True,2,2,False,1.0443040000000001,0.25,0.7943040000000001,0.8668800000000002,0.9974976166586301,0.018397576039897248,1.122116966119985e-05,0.002505519535629462,0.9368656841047078,1,1,0,0,spread,spread|hold,2,50,0.005166624905541539,8e1a98cab5f1e2f20dad09e858e1a079de99aa3e4fd0d168f9997bd57690d522
triad_uniform,9015,receding_horizon_voi,2,True,3,2,False,1.600809492437199,0.5,1.100809492437199,1.2500118655464987,0.9999968260202812,4.5077115772770116e-05,1.6559469165714908e-11,3.1739847559133314e-06,0.8575715074921294,1,1,1,1,spread,spread|probe_0|hold,2,75,0.007558041950687766,9e3b4287978f1ea56a44a138c3518f105a560c0140689de2cce1267792cb0728
triad_uniform,9016,receding_horizon_voi,2,True,2,2,False,1.0443040000000001,0.25,0.7943040000000001,0.8668800000000002,0.9999464934927449,0.0005885593020893186,5.5123834328128965e-09,5.35079387793312e-05,0.9441326626657163,1,1,0,0,spread,spread|hold,2,50,0.005289374850690365,9df36aabebaeb38575ae7b581685bf47860ca833fa72d6b412bb66d31851db21
triad_uniform,9017,receding_horizon_voi,1,True,2,1,False,1.0443040000000001,0.25,0.7943040000000001,0.8668800000000002,0.9998841619845741,0.001171972573179554,2.658215793955929e-08,0.00011584472516699351,0.9723320573426265,1,1,0,0,spread,spread|hold,2,50,0.005294709000736475,40f8d7f3a6e7be7bd97f7517231e82c573493d66ae541f039f5dd8b0d7c62290
triad_uniform,9018,receding_horizon_voi,2,True,3,2,False,1.600809492437199,0.5,1.100809492437199,1.2500118655464987,0.9999727303618263,0.00031393072228817927,1.4868855234846926e-09,2.7270009997019737e-05,0.7863046512850612,1,1,1,1,spread,spread|probe_0|hold,2,75,0.007658625021576881,2c8b56a518a198c4f27b12d54ae5a890270eb255b4118691cea2d283574222de
triad_uniform,9019,receding_horizon_voi,2,True,3,2,False,1.5033228800000003,0.5,1.0033228800000003,1.1281536000000003,0.999981988907411,0.0002148116620816148,6.486527486203204e-10,1.8011254790707746e-05,0.8983936056273892,2,1,0,0,spread,spread|hold|hold,2,75,0.00780649995431304,0f2bc10cdce30b7e39610be312caca2a586b7302d8ce4bcd4aef77c32b1a78f2
triad_uniform,9020,receding_horizon_voi,1,True,2,1,False,1.0568605260897663,0.25,0.8068605260897663,0.8825756576122078,0.9993495662599305,0.005427545049139302,8.453980345737266e-07,0.0006506453638643796,0.9921005767126778,0,1,1,1,spread,spread|probe_1,2,50,0.005223916843533516,4d4616fa017254520455960935db04e0aed2ff5eee1794b3f751ab6a47b87c6b
triad_uniform,9021,receding_horizon_voi,2,True,3,2,False,1.5033228800000003,0.5,1.0033228800000003,1.1281536000000003,0.9998329141050897,0.001621504499519628,5.5781303117457796e-08,0.00016709985531354206,0.7080944320452397,2,1,0,0,spread,spread|hold|hold,2,75,0.007668290985748172,5a5cbc5219ae60cb75b69f049843ca50b6d273a7514f6fd36fae15743ff2a611
triad_uniform,9022,receding_horizon_voi,2,True,2,2,False,1.1009822630448833,0.25,0.8509822630448832,0.937727828806104,0.9964722893600299,0.023444890761412165,2.488814727655143e-05,0.003533947683794,0.870328171440278,0,1,1,1,spread,spread|probe_2,2,50,0.005374042084440589,a2e31da00faa921bf9ab46842011e02a3c0898b752c9b48c2673c9a0cbd08c4b
triad_uniform,9023,receding_horizon_voi,2,True,2,2,False,1.0443040000000001,0.25,0.7943040000000001,0.8668800000000002,0.9999320314394855,0.000740516342589833,8.495759211588193e-09,6.797087048177741e-05,0.8022034591982261,1,1,0,0,spread,spread|hold,2,50,0.006054040975868702,e6317f4aa0fad8129c5145cfb5ba22ad4acfe2743f2db700e2b05167809b95d3
triad_uniform,9024,receding_horizon_voi,2,True,2,2,False,1.0443040000000001,0.25,0.7943040000000001,0.8668800000000002,0.9999650837821731,0.00039416543040708354,2.4284505978851556e-09,3.4916827412242436e-05,0.8286920804041223,1,1,0,0,spread,spread|hold,2,50,0.005399583140388131,eddd9981b1e4917b8e695840887bf844e17e8785a92d102a8d6cc4a41136dc0e
triad_uniform,9025,receding_horizon_voi,1,True,3,1,False,1.5033228800000003,0.5,1.0033228800000003,1.1281536000000003,0.9999991049403123,1.3360720067027242e-05,1.6021399779152267e-12,8.950600882661452e-07,0.9163180551252635,2,1,0,0,spread,spread|hold|hold,2,75,0.008097499841824174,b60d29b5eef71c9e94c16d0d9fa94409b1ede67eb3599a41d5165c71acd3bbbd
triad_uniform,9026,receding_horizon_voi,0,True,2,0,False,1.1009822630448833,0.25,0.8509822630448832,0.937727828806104,0.9942891899961971,0.037116066178986426,5.9077800637733185e-05,0.0057271790292645185,0.7711046614315265,0,1,1,1,spread,spread|probe_0,2,50,0.0056441661436110735,2b7d84155d4bd3d39efb1f7460ecdf7e97b99f772e0e0a2aee1b03b1295cf54e
triad_uniform,9027,receding_horizon_voi,0,True,2,0,False,1.0443040000000001,0.25,0.7943040000000001,0.8668800000000002,0.999529547276149,0.004246335657229035,3.963193801717942e-07,0.0004705634214537548,0.9764494855935074,1,1,0,0,spread,spread|hold,2,50,0.005608458071947098,50388779d1665120ab32e8d805ca90edec625328ff352415812ad81ad1330b57
triad_uniform,9028,receding_horizon_voi,2,True,2,2,False,1.0443040000000001,0.25,0.7943040000000001,0.8668800000000002,0.9999841068510689,0.0001973306438323287,4.5192498780300346e-10,1.58932752285639e-05,0.9716280909620416,1,1,0,0,spread,spread|hold,2,50,0.0056734581012278795,addd4edb1e1d0f0ab6423a8d273aa10ed1a67a753bb784d4ce23163e0cf1b234
triad_uniform,9029,receding_horizon_voi,2,True,2,2,False,1.0443040000000001,0.25,0.7943040000000001,0.8668800000000002,0.9945504973892811,0.0346886543835115,5.731693568130235e-05,0.005464405316284992,0.9176966568608219,1,1,0,0,spread,spread|hold,2,50,0.0056172499898821115,0c9e34a8f9e8afc02fdb1ee23e2f6824275cbeac5691473c68c5b408e5d18948
triad_uniform,9000,computational_oracle,0,True,2,0,False,1.0443040000000001,0.25,0.7943040000000001,0.8668800000000002,0.9923617921435801,0.04484565760511795,0.00011667954923534947,0.007667528365568085,0.9499693573189278,1,1,0,0,spread,spread|hold,3,250,0.03786629205569625,b4790588bf10805308689b81fc0e076cd86929ae2d49f55652c91e5e6c76dd88
triad_uniform,9001,computational_oracle,1,True,3,1,False,1.5033228800000003,0.5,1.0033228800000003,1.1281536000000003,0.9992358017768731,0.006248324508970992,1.1679968591726086e-06,0.0007644903714379773,0.7936629429403711,2,1,0,0,spread,spread|hold|hold,3,375,0.05541570787318051,0ea14cb6b0e6ec86545f480151f2ce50107378118f86c7d4e70ce96219738424
triad_uniform,9002,computational_oracle,2,True,3,2,False,1.5033228800000003,0.5,1.0033228800000003,1.1281536000000003,0.9999995096060541,7.868172323879016e-06,4.006349064543314e-13,4.903940661387123e-07,0.7993771122089712,2,1,0,0,spread,spread|hold|hold,3,375,0.05514129204675555,29014b4614fb5abaa1a505992db93a58777701da1993011bb1e5d76a9ac5ec9e
triad_uniform,9003,computational_oracle,2,True,3,2,False,1.5323207309869828,0.5,1.0323207309869828,1.1644009137337283,0.9999617448937845,0.0004278147990398673,2.9221880093913033e-09,3.825583796070574e-05,0.9559073857927709,1,1,1,1,spread,spread|hold|probe_1,3,375,0.05478170793503523,c774ceb6953105f1d364f7d680d5cdab0e18d4349b3c906e7ad9f919318bf541
triad_uniform,9004,computational_oracle,2,True,2,2,False,1.1009822630448833,0.25,0.8509822630448832,0.937727828806104,0.9999196032808328,0.0008538289627846342,1.2339996558682417e-08,8.0399951156608e-05,0.7865235393383017,0,1,1,1,spread,spread|probe_2,3,250,0.03660158300772309,a36f644c0d650082d15b83e8c94e1f5161de89317f1eca1f32a1dc323c7d919b
triad_uniform,9005,computational_oracle,0,True,2,0,False,1.0443040000000001,0.25,0.7943040000000001,0.8668800000000002,0.9999764666803456,0.00029046234184651454,8.349400678998348e-10,2.35335965673455e-05,0.9479236337082193,1,1,0,0,spread,spread|hold,3,250,0.037065666168928146,d42187bf3166e90dbee96f7f934170567b0cf3a2afe4da2070d3c43bf4322ec3
triad_uniform,9006,computational_oracle,1,True,2,1,False,1.0443040000000001,0.25,0.7943040000000001,0.8668800000000002,0.9951386016902021,0.0329061586099604,4.081269918445279e-05,0.004873253343527414,0.7315838552337597,1,1,0,0,spread,spread|hold,3,250,0.03657629108056426,98251d46efc4db45386e98abe55bd5b0f1e079e65fcebe936906fd7446688003
triad_uniform,9007,computational_oracle,2,True,2,2,False,1.0443040000000001,0.25,0.7943040000000001,0.8668800000000002,0.99897678262033,0.008324808587853116,1.9590334869134076e-06,0.0010237412239412623,0.9514474908780439,1,1,0,0,spread,spread|hold,3,250,0.037313709035515785,b64a4b5343df323bb76299065651c6347bda7e70833ad93a00fbc0909625c55f
triad_uniform,9008,computational_oracle,0,True,4,0,False,1.9038164736000003,0.75,1.1538164736000003,1.3162705920000004,0.9999554239310542,0.0004911564651064259,3.97402142968866e-09,4.4577062488298814e-05,0.7970140080573566,3,1,0,0,spread,spread|hold|hold|hold,3,500,0.07622966589406133,2da5449d77396b883980b293d8865000c497223c207babeb38eae1d9394143f5
triad_uniform,9009,computational_oracle,1,True,1,1,False,0.5040000000000001,0.0,0.5040000000000001,0.5040000000000001,0.9909115535980448,0.056904214711323044,0.00013402672716414474,0.009129998283930268,0.9909115535980448,0,1,0,0,spread,spread,3,125,0.018485874868929386,3343c1eb6a8231dc1f5685c8185cb82d45b9236165911622af4c760f60b05ea9
triad_uniform,9010,computational_oracle,0,True,2,0,False,1.0443040000000001,0.25,0.7943040000000001,0.8668800000000002,0.9998799795441086,0.0012774359116853595,2.269391879868405e-08,0.00012002765892269686,0.927275547993647,1,1,0,0,spread,spread|hold,3,250,0.03667479194700718,bcb044195be7e0e0db7e645366b3b3e15352bf5816578e60b63f1331de687267
triad_uniform,9011,computational_oracle,0,True,2,0,False,1.0443040000000001,0.25,0.7943040000000001,0.8668800000000002,0.9956632821395657,0.028689684669196698,3.6069707199131974e-05,0.004346148697130026,0.8116704040502815,1,1,0,0,spread,spread|hold,3,250,0.03667783294804394,b1d87dc47e8573036e848b29870e085bbc491a3f00a237c997a2355d07f944da
triad_uniform,9012,computational_oracle,2,True,2,2,False,1.0443040000000001,0.25,0.7943040000000001,0.8668800000000002,0.9996352718067204,0.0034767404244610304,2.095057191826204e-07,0.00036479472278436436,0.7462630490863968,1,1,0,0,spread,spread|hold,3,250,0.036555917002260685,c159860edb4de3d044d7145532da2f96e9bc3f98101bd9031cf8247434860c85
triad_uniform,9013,computational_oracle,2,True,2,2,False,1.0443040000000001,0.25,0.7943040000000001,0.8668800000000002,0.9957311222163261,0.03041010972928507,2.7764095919044856e-05,0.0042780154567852,0.9611444057334548,1,1,0,0,spread,spread|hold,3,250,0.03618945786729455,dea9ba2b9a32acb1c7df78e5bcdd8a3f0e2aae78b37b217df488e704526aac36
triad_uniform,9014,computational_oracle,2,True,2,2,False,1.0443040000000001,0.25,0.7943040000000001,0.8668800000000002,0.9974976166586301,0.018397576039897248,1.122116966119985e-05,0.002505519535629462,0.9368656841047078,1,1,0,0,spread,spread|hold,3,250,0.03667370812036097,8e1a98cab5f1e2f20dad09e858e1a079de99aa3e4fd0d168f9997bd57690d522
triad_uniform,9015,computational_oracle,2,True,3,2,False,1.600809492437199,0.5,1.100809492437199,1.2500118655464987,0.9999968260202812,4.5077115772770116e-05,1.6559469165714908e-11,3.1739847559133314e-06,0.8575715074921294,1,1,1,1,spread,spread|probe_0|hold,3,375,0.05493137496523559,9e3b4287978f1ea56a44a138c3518f105a560c0140689de2cce1267792cb0728
triad_uniform,9016,computational_oracle,2,True,2,2,False,1.0443040000000001,0.25,0.7943040000000001,0.8668800000000002,0.9999464934927449,0.0005885593020893186,5.5123834328128965e-09,5.35079387793312e-05,0.9441326626657163,1,1,0,0,spread,spread|hold,3,250,0.04336012504063547,9df36aabebaeb38575ae7b581685bf47860ca833fa72d6b412bb66d31851db21
triad_uniform,9017,computational_oracle,1,True,2,1,False,1.0443040000000001,0.25,0.7943040000000001,0.8668800000000002,0.9998841619845741,0.001171972573179554,2.658215793955929e-08,0.00011584472516699351,0.9723320573426265,1,1,0,0,spread,spread|hold,3,250,0.037129041040316224,40f8d7f3a6e7be7bd97f7517231e82c573493d66ae541f039f5dd8b0d7c62290
triad_uniform,9018,computational_oracle,2,True,3,2,False,1.600809492437199,0.5,1.100809492437199,1.2500118655464987,0.9999727303618263,0.00031393072228817927,1.4868855234846926e-09,2.7270009997019737e-05,0.7863046512850612,1,1,1,1,spread,spread|probe_0|hold,3,375,0.05534554203040898,2c8b56a518a198c4f27b12d54ae5a890270eb255b4118691cea2d283574222de
triad_uniform,9019,computational_oracle,2,True,3,2,False,1.5033228800000003,0.5,1.0033228800000003,1.1281536000000003,0.999981988907411,0.0002148116620816148,6.486527486203204e-10,1.8011254790707746e-05,0.8983936056273892,2,1,0,0,spread,spread|hold|hold,3,375,0.05842729192227125,0f2bc10cdce30b7e39610be312caca2a586b7302d8ce4bcd4aef77c32b1a78f2
triad_uniform,9020,computational_oracle,1,True,2,1,False,1.0568605260897663,0.25,0.8068605260897663,0.8825756576122078,0.9993495662599305,0.005427545049139302,8.453980345737266e-07,0.0006506453638643796,0.9921005767126778,0,1,1,1,spread,spread|probe_1,3,250,0.03734724991954863,4d4616fa017254520455960935db04e0aed2ff5eee1794b3f751ab6a47b87c6b
triad_uniform,9021,computational_oracle,2,True,3,2,False,1.5033228800000003,0.5,1.0033228800000003,1.1281536000000003,0.9998329141050897,0.001621504499519628,5.5781303117457796e-08,0.00016709985531354206,0.7080944320452397,2,1,0,0,spread,spread|hold|hold,3,375,0.054610207909718156,5a5cbc5219ae60cb75b69f049843ca50b6d273a7514f6fd36fae15743ff2a611
triad_uniform,9022,computational_oracle,2,True,2,2,False,1.1009822630448833,0.25,0.8509822630448832,0.937727828806104,0.9964722893600299,0.023444890761412165,2.488814727655143e-05,0.003533947683794,0.870328171440278,0,1,1,1,spread,spread|probe_2,3,250,0.036862999899312854,a2e31da00faa921bf9ab46842011e02a3c0898b752c9b48c2673c9a0cbd08c4b
triad_uniform,9023,computational_oracle,2,True,2,2,False,1.0443040000000001,0.25,0.7943040000000001,0.8668800000000002,0.9999320314394855,0.000740516342589833,8.495759211588193e-09,6.797087048177741e-05,0.8022034591982261,1,1,0,0,spread,spread|hold,3,250,0.0383305000141263,e6317f4aa0fad8129c5145cfb5ba22ad4acfe2743f2db700e2b05167809b95d3
triad_uniform,9024,computational_oracle,2,True,2,2,False,1.0443040000000001,0.25,0.7943040000000001,0.8668800000000002,0.9999650837821731,0.00039416543040708354,2.4284505978851556e-09,3.4916827412242436e-05,0.8286920804041223,1,1,0,0,spread,spread|hold,3,250,0.039255541982129216,eddd9981b1e4917b8e695840887bf844e17e8785a92d102a8d6cc4a41136dc0e
triad_uniform,9025,computational_oracle,1,True,3,1,False,1.5033228800000003,0.5,1.0033228800000003,1.1281536000000003,0.9999991049403123,1.3360720067027242e-05,1.6021399779152267e-12,8.950600882661452e-07,0.9163180551252635,2,1,0,0,spread,spread|hold|hold,3,375,0.05611924990080297,b60d29b5eef71c9e94c16d0d9fa94409b1ede67eb3599a41d5165c71acd3bbbd
triad_uniform,9026,computational_oracle,0,True,2,0,False,1.1009822630448833,0.25,0.8509822630448832,0.937727828806104,0.9942891899961971,0.037116066178986426,5.9077800637733185e-05,0.0057271790292645185,0.7711046614315265,0,1,1,1,spread,spread|probe_0,3,250,0.03705637506209314,2b7d84155d4bd3d39efb1f7460ecdf7e97b99f772e0e0a2aee1b03b1295cf54e
triad_uniform,9027,computational_oracle,0,True,2,0,False,1.0443040000000001,0.25,0.7943040000000001,0.8668800000000002,0.999529547276149,0.004246335657229035,3.963193801717942e-07,0.0004705634214537548,0.9764494855935074,1,1,0,0,spread,spread|hold,3,250,0.036444334080442786,50388779d1665120ab32e8d805ca90edec625328ff352415812ad81ad1330b57
triad_uniform,9028,computational_oracle,2,True,2,2,False,1.0443040000000001,0.25,0.7943040000000001,0.8668800000000002,0.9999841068510689,0.0001973306438323287,4.5192498780300346e-10,1.58932752285639e-05,0.9716280909620416,1,1,0,0,spread,spread|hold,3,250,0.036417583003640175,addd4edb1e1d0f0ab6423a8d273aa10ed1a67a753bb784d4ce23163e0cf1b234
triad_uniform,9029,computational_oracle,2,True,2,2,False,1.0443040000000001,0.25,0.7943040000000001,0.8668800000000002,0.9945504973892811,0.0346886543835115,5.731693568130235e-05,0.005464405316284992,0.9176966568608219,1,1,0,0,spread,spread|hold,3,250,0.036603334126994014,0c9e34a8f9e8afc02fdb1ee23e2f6824275cbeac5691473c68c5b408e5d18948
near_pair_rare_distractor,9000,passive,0,False,10,-1,False,2.5,2.5,0.0,0.0,0.44999999999999996,0.948915435895399,0.515,0.7985076962177717,0.45,10,0,0,0,hold,hold|hold|hold|hold|hold|hold|hold|hold|hold|hold,0,0,0.00020037521608173847,ef740832e75ba574c672f685632e2a7ff9b68a0b835d228a479307ba0e2b4987
near_pair_rare_distractor,9001,passive,1,False,10,-1,False,2.5,2.5,0.0,0.0,0.44999999999999996,0.948915435895399,0.515,0.7985076962177717,0.45,10,0,0,0,hold,hold|hold|hold|hold|hold|hold|hold|hold|hold|hold,0,0,0.0001919169444590807,08084dd6a557df3b1a90d6ec1c76609ca3d1609cfc65ea6e99c0b67883fe0847
near_pair_rare_distractor,9002,passive,2,False,10,-1,False,2.5,2.5,0.0,0.0,0.09999999999999994,0.948915435895399,1.2149999999999999,2.3025850929940463,0.45,10,0,0,0,hold,hold|hold|hold|hold|hold|hold|hold|hold|hold|hold,0,0,0.00018316716887056828,8e640680c47c4d6ec14d278b2f96066278df4f4da25413e81bf8384006bac519
near_pair_rare_distractor,9003,passive,1,False,10,-1,False,2.5,2.5,0.0,0.0,0.45000000000000007,0.9489154358953987,0.515,0.7985076962177715,0.45,10,0,0,0,hold,hold|hold|hold|hold|hold|hold|hold|hold|hold|hold,0,0,0.00018195807933807373,eb9daf01e99b0cc0b2c3b147db8ba9b3a4c7a690b2ccb6f174b406e60d285947
near_pair_rare_distractor,9004,passive,1,False,10,-1,False,2.5,2.5,0.0,0.0,0.44999999999999996,0.9489154358953991,0.515,0.7985076962177717,0.45,10,0,0,0,hold,hold|hold|hold|hold|hold|hold|hold|hold|hold|hold,0,0,0.00018004118464887142,6e1ba6010bc0e1172302e7371b410a4c1702a73c5768a2308c20a4b4c707b6bb
near_pair_rare_distractor,9005,passive,0,False,10,-1,False,2.5,2.5,0.0,0.0,0.44999999999999996,0.9489154358953992,0.515,0.7985076962177717,0.45,10,0,0,0,hold,hold|hold|hold|hold|hold|hold|hold|hold|hold|hold,0,0,0.00018191710114479065,39f6b8fc78fb1f6b17f0ff7782ceda8f0d44f93f088913fd2f2f7d47ab46c582
near_pair_rare_distractor,9006,passive,0,False,10,-1,False,2.5,2.5,0.0,0.0,0.44999999999999996,0.948915435895399,0.515,0.7985076962177717,0.45,10,0,0,0,hold,hold|hold|hold|hold|hold|hold|hold|hold|hold|hold,0,0,0.0001810421235859394,fadf4100cbbc08d5fe121a1acae3e0bacee2d55b406b39f187c59020733566b7
near_pair_rare_distractor,9007,passive,1,False,10,-1,False,2.5,2.5,0.0,0.0,0.44999999999999996,0.9489154358953992,0.515,0.7985076962177717,0.45,10,0,0,0,hold,hold|hold|hold|hold|hold|hold|hold|hold|hold|hold,0,0,0.00017945910803973675,3a5122cff207cbf5d6485816bb60f042432ef5ad985052dcf7e27d583bd1ff4a
near_pair_rare_distractor,9008,passive,0,False,10,-1,False,2.5,2.5,0.0,0.0,0.45000000000000007,0.9489154358953987,0.515,0.7985076962177715,0.45,10,0,0,0,hold,hold|hold|hold|hold|hold|hold|hold|hold|hold|hold,0,0,0.0001799999736249447,9e5f55005f2e3e8add09a75b19196c6c11711e24092ff2d45c49ccb6acb1bed9
near_pair_rare_distractor,9009,passive,0,False,10,-1,False,2.5,2.5,0.0,0.0,0.44999999999999996,0.9489154358953992,0.515,0.7985076962177717,0.45,10,0,0,0,hold,hold|hold|hold|hold|hold|hold|hold|hold|hold|hold,0,0,0.0001805000938475132,ff54a97671fb1c4e687976baea0432c8588df8e3e7d814dfddb8676aa4047ff3
near_pair_rare_distractor,9010,passive,0,False,10,-1,False,2.5,2.5,0.0,0.0,0.44999999999999996,0.9489154358953992,0.515,0.7985076962177717,0.45,10,0,0,0,hold,hold|hold|hold|hold|hold|hold|hold|hold|hold|hold,0,0,0.00017900019884109497,cfd0a3e9bc28ddd43bfdcfa016e1a28f533815e35fd1ae49a60fc8859ff237fa
near_pair_rare_distractor,9011,passive,0,False,10,-1,False,2.5,2.5,0.0,0.0,0.44999999999999996,0.948915435895399,0.515,0.7985076962177717,0.45,10,0,0,0,hold,hold|hold|hold|hold|hold|hold|hold|hold|hold|hold,0,0,0.0001793750561773777,c8b9e7aea26e04e0a82a90bc256a58a1e94c12830c36b8dc387130ea861bcb92
near_pair_rare_distractor,9012,passive,1,False,10,-1,False,2.5,2.5,0.0,0.0,0.44999999999999996,0.9489154358953991,0.515,0.7985076962177717,0.45,10,0,0,0,hold,hold|hold|hold|hold|hold|hold|hold|hold|hold|hold,0,0,0.00017966702580451965,7b731ab08d57e944ab1d8eb4065e0d4cc53a56ade2ddd6df2c2f73ef21a61cc1
near_pair_rare_distractor,9013,passive,1,False,10,-1,False,2.5,2.5,0.0,0.0,0.44999999999999996,0.9489154358953992,0.515,0.7985076962177717,0.45,10,0,0,0,hold,hold|hold|hold|hold|hold|hold|hold|hold|hold|hold,0,0,0.00018337485380470753,adda6cbc633fe60c15eab859ed24bfa49e25bc0519f10afd561cb0fbd872fc05
near_pair_rare_distractor,9014,passive,2,False,10,-1,False,2.5,2.5,0.0,0.0,0.09999999999999992,0.9489154358953988,1.2150000000000003,2.3025850929940463,0.45,10,0,0,0,hold,hold|hold|hold|hold|hold|hold|hold|hold|hold|hold,0,0,0.00017995922826230526,ff90dbd68dec1a119ec51f64b074e467fe346219d7cda92d1889a04696927e7e
near_pair_rare_distractor,9015,passive,1,False,10,-1,False,2.5,2.5,0.0,0.0,0.44999999999999996,0.948915435895399,0.515,0.7985076962177717,0.45,10,0,0,0,hold,hold|hold|hold|hold|hold|hold|hold|hold|hold|hold,0,0,0.00017833313904702663,4588d22d17b940b7db5ce049e5d1a05ceaf8d0ae99b239840cf2972b4d68d610
near_pair_rare_distractor,9016,passive,1,False,10,-1,False,2.5,2.5,0.0,0.0,0.44999999999999996,0.948915435895399,0.515,0.7985076962177717,0.45,10,0,0,0,hold,hold|hold|hold|hold|hold|hold|hold|hold|hold|hold,0,0,0.0001832079142332077,1aa02de6a3f302f7845512aa67a267e30e984a96bfb6d4209a5b55f663b6fd49
near_pair_rare_distractor,9017,passive,1,False,10,-1,False,2.5,2.5,0.0,0.0,0.44999999999999996,0.948915435895399,0.515,0.7985076962177717,0.45,10,0,0,0,hold,hold|hold|hold|hold|hold|hold|hold|hold|hold|hold,0,0,0.00017933314666152,b44cb1a9c22944f9620e92a6149e1ec7c4ca7e32ebf7452ca8945fa94c43598d
near_pair_rare_distractor,9018,passive,1,False,10,-1,False,2.5,2.5,0.0,0.0,0.4499999999999998,0.9489154358953995,0.5150000000000001,0.7985076962177721,0.45,10,0,0,0,hold,hold|hold|hold|hold|hold|hold|hold|hold|hold|hold,0,0,0.00017866701819002628,b4087fc823cc203b8958a338787752fd0f699caf140461e07943643a19e56f0c
near_pair_rare_distractor,9019,passive,1,False,10,-1,False,2.5,2.5,0.0,0.0,0.44999999999999996,0.948915435895399,0.515,0.7985076962177717,0.45,10,0,0,0,hold,hold|hold|hold|hold|hold|hold|hold|hold|hold|hold,0,0,0.0001778341829776764,1c86805a495dad520f9735196b87c9e47e2308025e5a7a050ea5a6dce3f2ba0d
near_pair_rare_distractor,9020,passive,0,False,10,-1,False,2.5,2.5,0.0,0.0,0.45000000000000007,0.9489154358953988,0.515,0.7985076962177715,0.45,10,0,0,0,hold,hold|hold|hold|hold|hold|hold|hold|hold|hold|hold,0,0,0.00017762486822903156,a9aebf9f292dd66cbffdd4db96cf676b98884c4640cebb1500a8f3960f842e63
near_pair_rare_distractor,9021,passive,2,False,10,-1,False,2.5,2.5,0.0,0.0,0.09999999999999999,0.9489154358953991,1.2149999999999999,2.302585092994046,0.45,10,0,0,0,hold,hold|hold|hold|hold|hold|hold|hold|hold|hold|hold,0,0,0.00017591612413525581,aa234d98d7e89a7cb93d62e0a77fecd8438d9d9daf67a4ede818389422148a83
near_pair_rare_distractor,9022,passive,1,False,10,-1,False,2.5,2.5,0.0,0.0,0.44999999999999996,0.948915435895399,0.515,0.7985076962177717,0.45,10,0,0,0,hold,hold|hold|hold|hold|hold|hold|hold|hold|hold|hold,0,0,0.00017725001089274883,960a01d03c6893fd67a7f1032e3ce9644ace2bf309c0570322f760ca44cddccd
near_pair_rare_distractor,9023,passive,2,False,10,-1,False,2.5,2.5,0.0,0.0,0.10000000000000012,0.9489154358953992,1.2149999999999999,2.3025850929940446,0.45,10,0,0,0,hold,hold|hold|hold|hold|hold|hold|hold|hold|hold|hold,0,0,0.00017991592176258564,d2e53292803aebd0b99440267527e2fda8600a7ee61b0cfdad9e2fb28c6c8fea
near_pair_rare_distractor,9024,passive,1,False,10,-1,False,2.5,2.5,0.0,0.0,0.44999999999999996,0.9489154358953991,0.515,0.7985076962177717,0.45,10,0,0,0,hold,hold|hold|hold|hold|hold|hold|hold|hold|hold|hold,0,0,0.00021600001491606236,2b98856975f969f4161896018498c41a5d91dfc9d4b118f080a145d0ad75ce8c
near_pair_rare_distractor,9025,passive,1,False,10,-1,False,2.5,2.5,0.0,0.0,0.45000000000000007,0.9489154358953988,0.515,0.7985076962177715,0.45,10,0,0,0,hold,hold|hold|hold|hold|hold|hold|hold|hold|hold|hold,0,0,0.0001988341100513935,df106d875d876fdab34576e4a85139e5200b7a8b29a4d9408e8104e81515f2ba
near_pair_rare_distractor,9026,passive,0,False,10,-1,False,2.5,2.5,0.0,0.0,0.4499999999999999,0.9489154358953994,0.5149999999999999,0.7985076962177718,0.45,10,0,0,0,hold,hold|hold|hold|hold|hold|hold|hold|hold|hold|hold,0,0,0.00018874998204410076,48ab7dfa7f208d0db9b0fd6fd899d1c5cca67285d857c6016b4ab22b54533291
near_pair_rare_distractor,9027,passive,0,False,10,-1,False,2.5,2.5,0.0,0.0,0.44999999999999996,0.9489154358953991,0.515,0.7985076962177717,0.45,10,0,0,0,hold,hold|hold|hold|hold|hold|hold|hold|hold|hold|hold,0,0,0.00018700002692639828,1d8e29d12dd359656b0b35190888910a22f4285cfc3b9c6140f414090733e9b7
near_pair_rare_distractor,9028,passive,1,False,10,-1,False,2.5,2.5,0.0,0.0,0.44999999999999996,0.9489154358953992,0.515,0.7985076962177717,0.45,10,0,0,0,hold,hold|hold|hold|hold|hold|hold|hold|hold|hold|hold,0,0,0.00018529081717133522,fbde5717ae013bee3939f01f5836e674873fe124e9ce32a00e58d80be49c9323
near_pair_rare_distractor,9029,passive,1,False,10,-1,False,2.5,2.5,0.0,0.0,0.44999999999999996,0.948915435895399,0.515,0.7985076962177717,0.45,10,0,0,0,hold,hold|hold|hold|hold|hold|hold|hold|hold|hold|hold,0,0,0.00018587498925626278,e3042301b377c49aade336dedc779ce1ecf8455b74b5de8914619b57ae37744a
near_pair_rare_distractor,9000,round_robin,0,True,2,0,False,1.7305504000000003,0.25,1.4805504000000003,1.37088,0.9999269875977368,0.0007684475722131866,1.0661585507778626e-08,7.301506779839382e-05,0.9565044260185425,0,2,0,0,spread,spread|spread,0,0,8.900021202862263e-05,ef740832e75ba574c672f685632e2a7ff9b68a0b835d228a479307ba0e2b4987
near_pair_rare_distractor,9001,round_robin,1,True,3,1,False,3.1989562880000006,0.5,2.6989562880000006,2.4990336,0.9999983755833342,2.3278477221233792e-05,5.277459008715551e-12,1.624417985212521e-06,0.7865164531126526,0,3,0,0,spread,spread|spread|spread,0,0,0.00011274986900389194,08084dd6a557df3b1a90d6ec1c76609ca3d1609cfc65ea6e99c0b67883fe0847
near_pair_rare_distractor,9002,round_robin,2,True,2,2,False,1.7305504000000003,0.25,1.4805504000000003,1.37088,0.9999999999971387,7.937754648557811e-11,1.577474950703568e-23,2.861266779068047e-12,0.7448405153180442,0,2,0,0,spread,spread|spread,0,0,9.12907999008894e-05,8e640680c47c4d6ec14d278b2f96066278df4f4da25413e81bf8384006bac519
near_pair_rare_distractor,9003,round_robin,1,True,2,1,False,1.7305504000000003,0.25,1.4805504000000003,1.37088,0.999789732484235,0.0019906077889878743,8.842485637202458e-08,0.00021028962507842224,0.8710661983229673,0,2,0,0,spread,spread|spread,0,0,9.233388118445873e-05,eb9daf01e99b0cc0b2c3b147db8ba9b3a4c7a690b2ccb6f174b406e60d285947
near_pair_rare_distractor,9004,round_robin,1,True,3,1,False,3.1989562880000006,0.5,2.6989562880000006,2.4990336,1.0,6.907755278982138e-14,2.0259858209251524e-34,-0.0,0.896563964450522,0,3,0,0,spread,spread|spread|spread,0,0,0.00011220807209610939,6e1ba6010bc0e1172302e7371b410a4c1702a73c5768a2308c20a4b4c707b6bb
near_pair_rare_distractor,9005,round_robin,0,True,2,0,False,1.7305504000000003,0.25,1.4805504000000003,1.37088,0.9995870883741522,0.0036303481184248795,3.4099202152045803e-07,0.00041299689732702307,0.8278719705529001,0,2,0,0,spread,spread|spread,0,0,8.55419784784317e-05,39f6b8fc78fb1f6b17f0ff7782ceda8f0d44f93f088913fd2f2f7d47ab46c582
near_pair_rare_distractor,9006,round_robin,0,True,2,0,False,1.7305504000000003,0.25,1.4805504000000003,1.37088,0.9991099931672925,0.0071412691160587715,1.5842243245290787e-06,0.0008904031239406414,0.8121184129241998,0,2,0,0,spread,spread|spread,0,0,8.583301678299904e-05,fadf4100cbbc08d5fe121a1acae3e0bacee2d55b406b39f187c59020733566b7
near_pair_rare_distractor,9007,round_robin,1,True,3,1,False,3.1989562880000006,0.5,2.6989562880000006,2.4990336,0.9999998087668446,3.1495665698999975e-06,7.314023946620687e-14,1.9123317370719468e-07,0.9160416804695601,0,3,0,0,spread,spread|spread|spread,0,0,0.00010945810936391354,3a5122cff207cbf5d6485816bb60f042432ef5ad985052dcf7e27d583bd1ff4a
near_pair_rare_distractor,9008,round_robin,0,True,3,0,False,3.1989562880000006,0.5,2.6989562880000006,2.4990336,0.9999985121577201,2.1451982119957136e-05,4.427349299880054e-12,1.4878433867731264e-06,0.7932960414823284,0,3,0,0,spread,spread|spread|spread,0,0,0.00010970910079777241,9e5f55005f2e3e8add09a75b19196c6c11711e24092ff2d45c49ccb6acb1bed9
near_pair_rare_distractor,9009,round_robin,0,True,3,0,False,3.1989562880000006,0.5,2.6989562880000006,2.4990336,0.9999999999369777,1.5432953195241446e-09,7.94361597388998e-21,6.302225408404277e-11,0.8563091890066996,0,3,0,0,spread,spread|spread|spread,0,0,0.00010987487621605396,ff54a97671fb1c4e687976baea0432c8588df8e3e7d814dfddb8676aa4047ff3
near_pair_rare_distractor,9010,round_robin,0,True,2,0,False,1.7305504000000003,0.25,1.4805504000000003,1.37088,0.9988899722480225,0.008661341241133238,2.4643232203206717e-06,0.0011106442890737164,0.8094245573896939,0,2,0,0,spread,spread|spread,0,0,8.512497879564762e-05,cfd0a3e9bc28ddd43bfdcfa016e1a28f533815e35fd1ae49a60fc8859ff237fa
near_pair_rare_distractor,9011,round_robin,0,True,2,0,False,1.7305504000000003,0.25,1.4805504000000003,1.37088,0.9953981827801073,0.029354990018603512,4.235344345058271e-05,0.004612438177083988,0.8080764443051892,0,2,0,0,spread,spread|spread,0,0,8.437479846179485e-05,c8b9e7aea26e04e0a82a90bc256a58a1e94c12830c36b8dc387130ea861bcb92
near_pair_rare_distractor,9012,round_robin,1,True,2,1,False,1.7305504000000003,0.25,1.4805504000000003,1.37088,0.9971894341011346,0.019316914947385636,1.579856134340951e-05,0.002814522955319123,0.8805617868207103,0,2,0,0,spread,spread|spread,0,0,8.345814421772957e-05,7b731ab08d57e944ab1d8eb4065e0d4cc53a56ade2ddd6df2c2f73ef21a61cc1
near_pair_rare_distractor,9013,round_robin,1,True,2,1,False,1.7305504000000003,0.25,1.4805504000000003,1.37088,0.9988229191102835,0.009115466201915516,2.7710388418715063e-06,0.0011777741935301113,0.9124766016759115,0,2,0,0,spread,spread|spread,0,0,8.26660543680191e-05,adda6cbc633fe60c15eab859ed24bfa49e25bc0519f10afd561cb0fbd872fc05
near_pair_rare_distractor,9014,round_robin,2,True,2,2,False,1.7305504000000003,0.25,1.4805504000000003,1.37088,0.9999999999661262,8.593571916689681e-10,2.1397616636527258e-21,3.387379266030694e-11,0.9775924733409009,0,2,0,0,spread,spread|spread,0,0,8.295802399516106e-05,ff90dbd68dec1a119ec51f64b074e467fe346219d7cda92d1889a04696927e7e
near_pair_rare_distractor,9015,round_robin,1,True,2,1,False,1.7305504000000003,0.25,1.4805504000000003,1.37088,0.9997520716666272,0.002306290560031279,1.2293691697792765e-07,0.00024795907268295114,0.8055538063932864,0,2,0,0,spread,spread|spread,0,0,8.366699330508709e-05,4588d22d17b940b7db5ce049e5d1a05ceaf8d0ae99b239840cf2972b4d68d610
near_pair_rare_distractor,9016,round_robin,1,True,2,1,False,1.7305504000000003,0.25,1.4805504000000003,1.37088,0.9997683285009937,0.002170779893594159,1.073433462078658e-07,0.00023169833899344892,0.8186182133703763,0,2,0,0,spread,spread|spread,0,0,8.262484334409237e-05,1aa02de6a3f302f7845512aa67a267e30e984a96bfb6d4209a5b55f663b6fd49
near_pair_rare_distractor,9017,round_robin,1,True,2,1,False,1.7305504000000003,0.25,1.4805504000000003,1.37088,0.9998246368128137,0.0016920028809282784,6.150449484020696e-08,0.00017537856510780098,0.9409873524764287,0,2,0,0,spread,spread|spread,0,0,8.254102431237698e-05,b44cb1a9c22944f9620e92a6149e1ec7c4ca7e32ebf7452ca8945fa94c43598d
near_pair_rare_distractor,9018,round_robin,1,True,3,1,False,3.1989562880000006,0.5,2.6989562880000006,2.4990336,0.9999999999999925,2.8846015485020886e-13,1.144137597623124e-28,7.549516567451093e-15,0.8174425714583302,0,3,0,0,spread,spread|spread|spread,0,0,0.00010741688311100006,b4087fc823cc203b8958a338787752fd0f699caf140461e07943643a19e56f0c
near_pair_rare_distractor,9019,round_robin,1,True,2,1,False,1.7305504000000003,0.25,1.4805504000000003,1.37088,0.9999309611802443,0.0007304864333291751,9.532717266522159e-09,6.904120304473924e-05,0.8586695975860221,0,2,0,0,spread,spread|spread,0,0,8.308305405080318e-05,1c86805a495dad520f9735196b87c9e47e2308025e5a7a050ea5a6dce3f2ba0d
near_pair_rare_distractor,9020,round_robin,0,True,3,0,False,3.1989562880000006,0.5,2.6989562880000006,2.4990336,0.999999999923425,1.8602520151984944e-09,1.1727457408755908e-20,7.657496859119294e-11,0.9110986792257606,0,3,0,0,spread,spread|spread|spread,0,0,0.00010808301158249378,a9aebf9f292dd66cbffdd4db96cf676b98884c4640cebb1500a8f3960f842e63
near_pair_rare_distractor,9021,round_robin,2,True,2,2,False,1.7305504000000003,0.25,1.4805504000000003,1.37088,0.9999999973889715,5.426402589428606e-08,1.3597216347333998e-17,2.611028507926511e-09,0.7895946140317787,0,2,0,0,spread,spread|spread,0,0,8.887494914233685e-05,aa234d98d7e89a7cb93d62e0a77fecd8438d9d9daf67a4ede818389422148a83
near_pair_rare_distractor,9022,round_robin,1,True,2,1,False,1.7305504000000003,0.25,1.4805504000000003,1.37088,0.9999979531037944,2.8859568179738406e-05,8.379568153238036e-12,2.0468983005379197e-06,0.8459623477410207,0,2,0,0,spread,spread|spread,0,0,8.795899339020252e-05,960a01d03c6893fd67a7f1032e3ce9644ace2bf309c0570322f760ca44cddccd
near_pair_rare_distractor,9023,round_robin,2,True,2,2,False,1.7305504000000003,0.25,1.4805504000000003,1.37088,1.0,6.907755278982138e-14,1.0383961094625058e-33,-0.0,0.8473297549851865,0,2,0,0,spread,spread|spread,0,0,8.537503890693188e-05,d2e53292803aebd0b99440267527e2fda8600a7ee61b0cfdad9e2fb28c6c8fea
near_pair_rare_distractor,9024,round_robin,1,True,3,1,False,3.1989562880000006,0.5,2.6989562880000006,2.4990336,0.9999999999856495,3.726778231677988e-10,4.1187482195701285e-22,1.4350520771802818e-11,0.7806014440177306,0,3,0,0,spread,spread|spread|spread,0,0,0.00011066603474318981,2b98856975f969f4161896018498c41a5d91dfc9d4b118f080a145d0ad75ce8c
near_pair_rare_distractor,9025,round_robin,1,True,2,1,False,1.7305504000000003,0.25,1.4805504000000003,1.37088,0.999717750079271,0.002588959036876005,1.5933003413124993e-07,0.0002822897607346163,0.8710075863101006,0,2,0,0,spread,spread|spread,0,0,8.71662050485611e-05,df106d875d876fdab34576e4a85139e5200b7a8b29a4d9408e8104e81515f2ba
near_pair_rare_distractor,9026,round_robin,0,True,3,0,False,3.1989562880000006,0.5,2.6989562880000006,2.4990336,0.9999999999998801,3.7191111080186914e-12,2.873123426551091e-26,1.199040866595241e-13,0.8239486486659396,0,3,0,0,spread,spread|spread|spread,0,0,0.00010929186828434467,48ab7dfa7f208d0db9b0fd6fd899d1c5cca67285d857c6016b4ab22b54533291
near_pair_rare_distractor,9027,round_robin,0,True,3,0,False,3.1989562880000006,0.5,2.6989562880000006,2.4990336,0.9999999999999982,9.504520206589334e-14,6.140612506271821e-30,1.776356839400252e-15,0.9185975915088767,0,3,0,0,spread,spread|spread|spread,0,0,0.00010924995876848698,1d8e29d12dd359656b0b35190888910a22f4285cfc3b9c6140f414090733e9b7
near_pair_rare_distractor,9028,round_robin,1,True,3,1,False,3.1989562880000006,0.5,2.6989562880000006,2.4990336,0.9999999999985023,4.2312905224881164e-11,4.486487254563827e-24,1.4976908602204578e-12,0.8700617879280532,0,3,0,0,spread,spread|spread|spread,0,0,0.00011029094457626343,fbde5717ae013bee3939f01f5836e674873fe124e9ce32a00e58d80be49c9323
near_pair_rare_distractor,9029,round_robin,1,True,2,1,False,1.7305504000000003,0.25,1.4805504000000003,1.37088,0.9994902947360736,0.004373996483895296,5.195989121484854e-07,0.0005098352078116536,0.9225583537194217,0,2,0,0,spread,spread|spread,0,0,8.41671135276556e-05,e3042301b377c49aade336dedc779ce1ecf8455b74b5de8914619b57ae37744a
near_pair_rare_distractor,9000,myopic_voi,0,False,10,-1,False,2.5,2.5,0.0,0.0,0.44999999999999996,0.948915435895399,0.515,0.7985076962177717,0.45,10,0,0,0,hold,hold|hold|hold|hold|hold|hold|hold|hold|hold|hold,1,50,0.003195666940882802,ef740832e75ba574c672f685632e2a7ff9b68a0b835d228a479307ba0e2b4987
near_pair_rare_distractor,9001,myopic_voi,1,False,10,-1,False,2.5,2.5,0.0,0.0,0.44999999999999996,0.948915435895399,0.515,0.7985076962177717,0.45,10,0,0,0,hold,hold|hold|hold|hold|hold|hold|hold|hold|hold|hold,1,50,0.003208999987691641,08084dd6a557df3b1a90d6ec1c76609ca3d1609cfc65ea6e99c0b67883fe0847
near_pair_rare_distractor,9002,myopic_voi,2,False,10,-1,False,2.5,2.5,0.0,0.0,0.09999999999999994,0.948915435895399,1.2149999999999999,2.3025850929940463,0.45,10,0,0,0,hold,hold|hold|hold|hold|hold|hold|hold|hold|hold|hold,1,50,0.0031270829495042562,8e640680c47c4d6ec14d278b2f96066278df4f4da25413e81bf8384006bac519
near_pair_rare_distractor,9003,myopic_voi,1,False,10,-1,False,2.5,2.5,0.0,0.0,0.45000000000000007,0.9489154358953987,0.515,0.7985076962177715,0.45,10,0,0,0,hold,hold|hold|hold|hold|hold|hold|hold|hold|hold|hold,1,50,0.003117125015705824,eb9daf01e99b0cc0b2c3b147db8ba9b3a4c7a690b2ccb6f174b406e60d285947
near_pair_rare_distractor,9004,myopic_voi,1,False,10,-1,False,2.5,2.5,0.0,0.0,0.44999999999999996,0.9489154358953991,0.515,0.7985076962177717,0.45,10,0,0,0,hold,hold|hold|hold|hold|hold|hold|hold|hold|hold|hold,1,50,0.0031557499896734953,6e1ba6010bc0e1172302e7371b410a4c1702a73c5768a2308c20a4b4c707b6bb
near_pair_rare_distractor,9005,myopic_voi,0,False,10,-1,False,2.5,2.5,0.0,0.0,0.44999999999999996,0.9489154358953992,0.515,0.7985076962177717,0.45,10,0,0,0,hold,hold|hold|hold|hold|hold|hold|hold|hold|hold|hold,1,50,0.0031735829543322325,39f6b8fc78fb1f6b17f0ff7782ceda8f0d44f93f088913fd2f2f7d47ab46c582
near_pair_rare_distractor,9006,myopic_voi,0,False,10,-1,False,2.5,2.5,0.0,0.0,0.44999999999999996,0.948915435895399,0.515,0.7985076962177717,0.45,10,0,0,0,hold,hold|hold|hold|hold|hold|hold|hold|hold|hold|hold,1,50,0.003142374800518155,fadf4100cbbc08d5fe121a1acae3e0bacee2d55b406b39f187c59020733566b7
near_pair_rare_distractor,9007,myopic_voi,1,False,10,-1,False,2.5,2.5,0.0,0.0,0.44999999999999996,0.9489154358953992,0.515,0.7985076962177717,0.45,10,0,0,0,hold,hold|hold|hold|hold|hold|hold|hold|hold|hold|hold,1,50,0.0031984997913241386,3a5122cff207cbf5d6485816bb60f042432ef5ad985052dcf7e27d583bd1ff4a
near_pair_rare_distractor,9008,myopic_voi,0,False,10,-1,False,2.5,2.5,0.0,0.0,0.45000000000000007,0.9489154358953987,0.515,0.7985076962177715,0.45,10,0,0,0,hold,hold|hold|hold|hold|hold|hold|hold|hold|hold|hold,1,50,0.0031869581434875727,9e5f55005f2e3e8add09a75b19196c6c11711e24092ff2d45c49ccb6acb1bed9
near_pair_rare_distractor,9009,myopic_voi,0,False,10,-1,False,2.5,2.5,0.0,0.0,0.44999999999999996,0.9489154358953992,0.515,0.7985076962177717,0.45,10,0,0,0,hold,hold|hold|hold|hold|hold|hold|hold|hold|hold|hold,1,50,0.003214416094124317,ff54a97671fb1c4e687976baea0432c8588df8e3e7d814dfddb8676aa4047ff3
near_pair_rare_distractor,9010,myopic_voi,0,False,10,-1,False,2.5,2.5,0.0,0.0,0.44999999999999996,0.9489154358953992,0.515,0.7985076962177717,0.45,10,0,0,0,hold,hold|hold|hold|hold|hold|hold|hold|hold|hold|hold,1,50,0.003188250120729208,cfd0a3e9bc28ddd43bfdcfa016e1a28f533815e35fd1ae49a60fc8859ff237fa
near_pair_rare_distractor,9011,myopic_voi,0,False,10,-1,False,2.5,2.5,0.0,0.0,0.44999999999999996,0.948915435895399,0.515,0.7985076962177717,0.45,10,0,0,0,hold,hold|hold|hold|hold|hold|hold|hold|hold|hold|hold,1,50,0.0031909169629216194,c8b9e7aea26e04e0a82a90bc256a58a1e94c12830c36b8dc387130ea861bcb92
near_pair_rare_distractor,9012,myopic_voi,1,False,10,-1,False,2.5,2.5,0.0,0.0,0.44999999999999996,0.9489154358953991,0.515,0.7985076962177717,0.45,10,0,0,0,hold,hold|hold|hold|hold|hold|hold|hold|hold|hold|hold,1,50,0.0031421249732375145,7b731ab08d57e944ab1d8eb4065e0d4cc53a56ade2ddd6df2c2f73ef21a61cc1
near_pair_rare_distractor,9013,myopic_voi,1,False,10,-1,False,2.5,2.5,0.0,0.0,0.44999999999999996,0.9489154358953992,0.515,0.7985076962177717,0.45,10,0,0,0,hold,hold|hold|hold|hold|hold|hold|hold|hold|hold|hold,1,50,0.0031375419348478317,adda6cbc633fe60c15eab859ed24bfa49e25bc0519f10afd561cb0fbd872fc05
near_pair_rare_distractor,9014,myopic_voi,2,False,10,-1,False,2.5,2.5,0.0,0.0,0.09999999999999992,0.9489154358953988,1.2150000000000003,2.3025850929940463,0.45,10,0,0,0,hold,hold|hold|hold|hold|hold|hold|hold|hold|hold|hold,1,50,0.00318854209035635,ff90dbd68dec1a119ec51f64b074e467fe346219d7cda92d1889a04696927e7e
near_pair_rare_distractor,9015,myopic_voi,1,False,10,-1,False,2.5,2.5,0.0,0.0,0.44999999999999996,0.948915435895399,0.515,0.7985076962177717,0.45,10,0,0,0,hold,hold|hold|hold|hold|hold|hold|hold|hold|hold|hold,1,50,0.003144624875858426,4588d22d17b940b7db5ce049e5d1a05ceaf8d0ae99b239840cf2972b4d68d610
near_pair_rare_distractor,9016,myopic_voi,1,False,10,-1,False,2.5,2.5,0.0,0.0,0.44999999999999996,0.948915435895399,0.515,0.7985076962177717,0.45,10,0,0,0,hold,hold|hold|hold|hold|hold|hold|hold|hold|hold|hold,1,50,0.0031284999568015337,1aa02de6a3f302f7845512aa67a267e30e984a96bfb6d4209a5b55f663b6fd49
near_pair_rare_distractor,9017,myopic_voi,1,False,10,-1,False,2.5,2.5,0.0,0.0,0.44999999999999996,0.948915435895399,0.515,0.7985076962177717,0.45,10,0,0,0,hold,hold|hold|hold|hold|hold|hold|hold|hold|hold|hold,1,50,0.003177708014845848,b44cb1a9c22944f9620e92a6149e1ec7c4ca7e32ebf7452ca8945fa94c43598d
near_pair_rare_distractor,9018,myopic_voi,1,False,10,-1,False,2.5,2.5,0.0,0.0,0.4499999999999998,0.9489154358953995,0.5150000000000001,0.7985076962177721,0.45,10,0,0,0,hold,hold|hold|hold|hold|hold|hold|hold|hold|hold|hold,1,50,0.0031592908781021833,b4087fc823cc203b8958a338787752fd0f699caf140461e07943643a19e56f0c
near_pair_rare_distractor,9019,myopic_voi,1,False,10,-1,False,2.5,2.5,0.0,0.0,0.44999999999999996,0.948915435895399,0.515,0.7985076962177717,0.45,10,0,0,0,hold,hold|hold|hold|hold|hold|hold|hold|hold|hold|hold,1,50,0.0031677079387009144,1c86805a495dad520f9735196b87c9e47e2308025e5a7a050ea5a6dce3f2ba0d
near_pair_rare_distractor,9020,myopic_voi,0,False,10,-1,False,2.5,2.5,0.0,0.0,0.45000000000000007,0.9489154358953988,0.515,0.7985076962177715,0.45,10,0,0,0,hold,hold|hold|hold|hold|hold|hold|hold|hold|hold|hold,1,50,0.003160125110298395,a9aebf9f292dd66cbffdd4db96cf676b98884c4640cebb1500a8f3960f842e63
near_pair_rare_distractor,9021,myopic_voi,2,False,10,-1,False,2.5,2.5,0.0,0.0,0.09999999999999999,0.9489154358953991,1.2149999999999999,2.302585092994046,0.45,10,0,0,0,hold,hold|hold|hold|hold|hold|hold|hold|hold|hold|hold,1,50,0.0031250829342752695,aa234d98d7e89a7cb93d62e0a77fecd8438d9d9daf67a4ede818389422148a83
near_pair_rare_distractor,9022,myopic_voi,1,False,10,-1,False,2.5,2.5,0.0,0.0,0.44999999999999996,0.948915435895399,0.515,0.7985076962177717,0.45,10,0,0,0,hold,hold|hold|hold|hold|hold|hold|hold|hold|hold|hold,1,50,0.003116833046078682,960a01d03c6893fd67a7f1032e3ce9644ace2bf309c0570322f760ca44cddccd
near_pair_rare_distractor,9023,myopic_voi,2,False,10,-1,False,2.5,2.5,0.0,0.0,0.10000000000000012,0.9489154358953992,1.2149999999999999,2.3025850929940446,0.45,10,0,0,0,hold,hold|hold|hold|hold|hold|hold|hold|hold|hold|hold,1,50,0.0031715419609099627,d2e53292803aebd0b99440267527e2fda8600a7ee61b0cfdad9e2fb28c6c8fea
near_pair_rare_distractor,9024,myopic_voi,1,False,10,-1,False,2.5,2.5,0.0,0.0,0.44999999999999996,0.9489154358953991,0.515,0.7985076962177717,0.45,10,0,0,0,hold,hold|hold|hold|hold|hold|hold|hold|hold|hold|hold,1,50,0.0031423750333487988,2b98856975f969f4161896018498c41a5d91dfc9d4b118f080a145d0ad75ce8c
near_pair_rare_distractor,9025,myopic_voi,1,False,10,-1,False,2.5,2.5,0.0,0.0,0.45000000000000007,0.9489154358953988,0.515,0.7985076962177715,0.45,10,0,0,0,hold,hold|hold|hold|hold|hold|hold|hold|hold|hold|hold,1,50,0.0031425829511135817,df106d875d876fdab34576e4a85139e5200b7a8b29a4d9408e8104e81515f2ba
near_pair_rare_distractor,9026,myopic_voi,0,False,10,-1,False,2.5,2.5,0.0,0.0,0.4499999999999999,0.9489154358953994,0.5149999999999999,0.7985076962177718,0.45,10,0,0,0,hold,hold|hold|hold|hold|hold|hold|hold|hold|hold|hold,1,50,0.0032505830749869347,48ab7dfa7f208d0db9b0fd6fd899d1c5cca67285d857c6016b4ab22b54533291
near_pair_rare_distractor,9027,myopic_voi,0,False,10,-1,False,2.5,2.5,0.0,0.0,0.44999999999999996,0.9489154358953991,0.515,0.7985076962177717,0.45,10,0,0,0,hold,hold|hold|hold|hold|hold|hold|hold|hold|hold|hold,1,50,0.003384415991604328,1d8e29d12dd359656b0b35190888910a22f4285cfc3b9c6140f414090733e9b7
near_pair_rare_distractor,9028,myopic_voi,1,False,10,-1,False,2.5,2.5,0.0,0.0,0.44999999999999996,0.9489154358953992,0.515,0.7985076962177717,0.45,10,0,0,0,hold,hold|hold|hold|hold|hold|hold|hold|hold|hold|hold,1,50,0.003367583965882659,fbde5717ae013bee3939f01f5836e674873fe124e9ce32a00e58d80be49c9323
near_pair_rare_distractor,9029,myopic_voi,1,False,10,-1,False,2.5,2.5,0.0,0.0,0.44999999999999996,0.948915435895399,0.515,0.7985076962177717,0.45,10,0,0,0,hold,hold|hold|hold|hold|hold|hold|hold|hold|hold|hold,1,50,0.003383041126653552,e3042301b377c49aade336dedc779ce1ecf8455b74b5de8914619b57ae37744a
near_pair_rare_distractor,9000,receding_horizon_voi,0,True,2,0,False,1.084624,0.25,0.834624,0.86688,0.9956293062627842,0.02872492419303983,3.702357441622434e-05,0.004380273141707004,0.9543555853510661,1,1,0,0,spread,spread|hold,2,50,0.005442542023956776,ef740832e75ba574c672f685632e2a7ff9b68a0b835d228a479307ba0e2b4987
near_pair_rare_distractor,9001,receding_horizon_voi,1,True,5,1,False,2.5207676430744526,1.0,1.5207676430744528,1.724559553843066,0.9999969927150193,4.124332384184874e-05,1.8087525910755787e-11,3.0072895025955597e-06,0.8059179435847936,3,1,1,1,spread,spread|probe_0|hold|hold|hold,2,125,0.013271417003124952,08084dd6a557df3b1a90d6ec1c76609ca3d1609cfc65ea6e99c0b67883fe0847
near_pair_rare_distractor,9002,receding_horizon_voi,2,True,2,2,False,1.1682017953546775,0.25,0.9182017953546775,0.9713522441933469,0.999994822005425,6.854561573486959e-05,5.2966337085313493e-11,5.178007980860975e-06,0.7448379263221874,0,1,1,1,spread,spread|probe_0,2,50,0.0055802499409765005,8e640680c47c4d6ec14d278b2f96066278df4f4da25413e81bf8384006bac519
near_pair_rare_distractor,9003,receding_horizon_voi,1,True,3,1,False,1.6873966880100453,0.5,1.1873966880100453,1.3078458600125566,0.9998103191805267,0.00181525927951829,7.195762655215553e-08,0.00018969881115513988,0.9060799366845971,1,1,1,1,spread,spread|probe_0|hold,2,75,0.0079135000705719,eb9daf01e99b0cc0b2c3b147db8ba9b3a4c7a690b2ccb6f174b406e60d285947
near_pair_rare_distractor,9004,receding_horizon_voi,1,True,3,1,False,1.7837927866009686,0.5,1.2837927866009686,1.4283409832512108,0.9999735908507507,0.00030480877131340155,1.394886328143094e-09,2.640949797706191e-05,0.8323996314055154,0,1,2,1,spread,spread|probe_0|probe_0,2,75,0.008022833848372102,6e1ba6010bc0e1172302e7371b410a4c1702a73c5768a2308c20a4b4c707b6bb
near_pair_rare_distractor,9005,receding_horizon_voi,0,True,2,0,False,1.7305504000000003,0.25,1.4805504000000003,1.37088,0.9995870883741522,0.0036303481184248795,3.4099202152045803e-07,0.00041299689732702307,0.8278719705529001,0,2,0,0,spread,spread|spread,2,50,0.005177624989300966,39f6b8fc78fb1f6b17f0ff7782ceda8f0d44f93f088913fd2f2f7d47ab46c582
near_pair_rare_distractor,9006,receding_horizon_voi,0,True,3,0,False,1.6873966880100453,0.5,1.1873966880100453,1.3078458600125566,0.997605792097571,0.016839672706997478,1.1464462960106575e-05,0.0023970786011173273,0.8629974540976582,1,1,1,1,spread,spread|probe_0|hold,2,75,0.007787291891872883,fadf4100cbbc08d5fe121a1acae3e0bacee2d55b406b39f187c59020733566b7
near_pair_rare_distractor,9007,receding_horizon_voi,1,True,4,1,False,1.9992561388373555,0.75,1.2492561388373555,1.3851701735466944,0.999395140909331,0.005086993512037726,7.317090391298615e-07,0.0006050420917257239,0.8551080201266184,2,1,1,1,spread,spread|probe_1|hold|hold,2,100,0.010562249924987555,3a5122cff207cbf5d6485816bb60f042432ef5ad985052dcf7e27d583bd1ff4a
near_pair_rare_distractor,9008,receding_horizon_voi,0,True,3,0,False,2.4701270296019917,0.5,1.9701270296019915,1.9828507870024892,0.9981235875185089,0.013655506994142468,7.041847601390827e-06,0.0018781751487304188,0.7926710666025913,0,2,1,1,spread,spread|spread|probe_1,2,75,0.007833374897018075,9e5f55005f2e3e8add09a75b19196c6c11711e24092ff2d45c49ccb6acb1bed9
near_pair_rare_distractor,9009,receding_horizon_voi,0,True,4,0,False,2.2970183002982982,0.75,1.5470183002982982,1.757372875372873,0.9999990007346053,1.480536087634372e-05,1.9970626580444622e-12,9.99265893918224e-07,0.8190208617263799,1,1,2,1,spread,spread|probe_0|probe_0|hold,2,100,0.010418249992653728,ff54a97671fb1c4e687976baea0432c8588df8e3e7d814dfddb8676aa4047ff3
near_pair_rare_distractor,9010,receding_horizon_voi,0,True,2,0,False,1.7305504000000003,0.25,1.4805504000000003,1.37088,0.9988899722480225,0.008661341241133238,2.4643232203206717e-06,0.0011106442890737164,0.8094245573896939,0,2,0,0,spread,spread|spread,2,50,0.0052029581274837255,cfd0a3e9bc28ddd43bfdcfa016e1a28f533815e35fd1ae49a60fc8859ff237fa
near_pair_rare_distractor,9011,receding_horizon_voi,0,True,2,0,False,1.7305504000000003,0.25,1.4805504000000003,1.37088,0.9953981827801073,0.029354990018603512,4.235344345058271e-05,0.004612438177083988,0.8080764443051892,0,2,0,0,spread,spread|spread,2,50,0.005195207893848419,c8b9e7aea26e04e0a82a90bc256a58a1e94c12830c36b8dc387130ea861bcb92
near_pair_rare_distractor,9012,receding_horizon_voi,1,True,3,1,False,1.6873966880100453,0.5,1.1873966880100453,1.3078458600125566,0.9999999305638042,1.2139474138442368e-06,9.64272559215623e-15,6.943619820383052e-08,0.9077085590209367,1,1,1,1,spread,spread|probe_0|hold,2,75,0.007752500008791685,7b731ab08d57e944ab1d8eb4065e0d4cc53a56ade2ddd6df2c2f73ef21a61cc1
near_pair_rare_distractor,9013,receding_horizon_voi,1,True,3,1,False,1.6716260940227774,0.5,1.1716260940227774,1.2881326175284717,0.9991841903070158,0.006616968324735236,1.3310909103342457e-06,0.0008161426468087643,0.9064569297504379,0,1,2,2,spread,spread|probe_1|probe_0,2,75,0.007892750203609467,adda6cbc633fe60c15eab859ed24bfa49e25bc0519f10afd561cb0fbd872fc05
near_pair_rare_distractor,9014,receding_horizon_voi,2,True,2,2,False,1.084624,0.25,0.834624,0.86688,0.9999421430036428,0.0006552023028363127,5.425320266075034e-09,5.785867013776021e-05,0.9775635448596591,1,1,0,0,spread,spread|hold,2,50,0.005193250020965934,ff90dbd68dec1a119ec51f64b074e467fe346219d7cda92d1889a04696927e7e
near_pair_rare_distractor,9015,receding_horizon_voi,1,True,2,1,False,1.7305504000000003,0.25,1.4805504000000003,1.37088,0.9997520716666272,0.002306290560031279,1.2293691697792765e-07,0.00024795907268295114,0.8055538063932864,0,2,0,0,spread,spread|spread,2,50,0.005191291915252805,4588d22d17b940b7db5ce049e5d1a05ceaf8d0ae99b239840cf2972b4d68d610
near_pair_rare_distractor,9016,receding_horizon_voi,1,True,2,1,False,1.7305504000000003,0.25,1.4805504000000003,1.37088,0.9997683285009937,0.002170779893594159,1.073433462078658e-07,0.00023169833899344892,0.8186182133703763,0,2,0,0,spread,spread|spread,2,50,0.0053385000210255384,1aa02de6a3f302f7845512aa67a267e30e984a96bfb6d4209a5b55f663b6fd49
near_pair_rare_distractor,9017,receding_horizon_voi,1,True,2,1,False,1.084624,0.25,0.834624,0.86688,0.9920486369158914,0.04636012765995254,0.00012644800880147784,0.00798314375006963,0.9370993525279676,1,1,0,0,spread,spread|hold,2,50,0.005328124854713678,b44cb1a9c22944f9620e92a6149e1ec7c4ca7e32ebf7452ca8945fa94c43598d
near_pair_rare_distractor,9018,receding_horizon_voi,1,True,3,1,False,2.4701270296019917,0.5,1.9701270296019915,1.9828507870024892,0.99999999303258,1.378296824903677e-07,9.708988284531838e-17,6.967419998574417e-09,0.8174425691358594,0,2,1,1,spread,spread|spread|probe_1,2,75,0.007874540984630585,b4087fc823cc203b8958a338787752fd0f699caf140461e07943643a19e56f0c
near_pair_rare_distractor,9019,receding_horizon_voi,1,True,2,1,False,1.1682017953546775,0.25,0.9182017953546775,0.9713522441933469,0.9919017480469908,0.04706742126835209,0.0001311633688130618,0.008131220909944495,0.8546549910193955,0,1,1,1,spread,spread|probe_0,2,50,0.005266625201329589,1c86805a495dad520f9735196b87c9e47e2308025e5a7a050ea5a6dce3f2ba0d
near_pair_rare_distractor,9020,receding_horizon_voi,0,True,4,0,False,1.9992561388373555,0.75,1.2492561388373555,1.3851701735466944,0.9999935521848039,8.351059360151651e-05,8.314864160715154e-11,6.447835983347584e-06,0.8779440686567538,2,1,1,1,spread,spread|probe_1|hold|hold,2,100,0.010717083001509309,a9aebf9f292dd66cbffdd4db96cf676b98884c4640cebb1500a8f3960f842e63
near_pair_rare_distractor,9021,receding_horizon_voi,2,True,2,2,False,1.7305504000000003,0.25,1.4805504000000003,1.37088,0.9999999973889715,5.426402589428606e-08,1.3597216347333998e-17,2.611028507926511e-09,0.7895946140317787,0,2,0,0,spread,spread|spread,2,50,0.005510791903361678,aa234d98d7e89a7cb93d62e0a77fecd8438d9d9daf67a4ede818389422148a83
near_pair_rare_distractor,9022,receding_horizon_voi,1,True,2,1,False,1.1682017953546775,0.25,0.9182017953546775,0.9713522441933469,0.9988250074239291,0.009101382004811833,2.7612150727095984e-06,0.0011756834210593196,0.8453758749010882,0,1,1,1,spread,spread|probe_0,2,50,0.005266166990622878,960a01d03c6893fd67a7f1032e3ce9644ace2bf309c0570322f760ca44cddccd
near_pair_rare_distractor,9023,receding_horizon_voi,2,True,2,2,False,1.1682017953546775,0.25,0.9182017953546775,0.9713522441933469,0.9999999998658835,3.1858692778044372e-09,3.585606602630088e-20,1.34116495695947e-10,0.8473297549181282,0,1,1,1,spread,spread|probe_0,2,50,0.005203417036682367,d2e53292803aebd0b99440267527e2fda8600a7ee61b0cfdad9e2fb28c6c8fea
near_pair_rare_distractor,9024,receding_horizon_voi,1,True,3,1,False,1.6778173616681658,0.5,1.1778173616681658,1.295871702085207,0.9997997839166363,0.001905258900807037,8.01729600750665e-08,0.00020023612927947554,0.7834836811167359,0,1,2,1,spread,spread|probe_1|probe_1,2,75,0.00786900008097291,2b98856975f969f4161896018498c41a5d91dfc9d4b118f080a145d0ad75ce8c
near_pair_rare_distractor,9025,receding_horizon_voi,1,True,3,1,False,1.6873966880100453,0.5,1.1873966880100453,1.3078458600125566,0.9995561897406217,0.0038699773051372142,3.9393509265894444e-07,0.0004439087722999476,0.9070983441916726,1,1,1,1,spread,spread|probe_0|hold,2,75,0.007928333012387156,df106d875d876fdab34576e4a85139e5200b7a8b29a4d9408e8104e81515f2ba
near_pair_rare_distractor,9026,receding_horizon_voi,0,True,3,0,False,1.7837927866009686,0.5,1.2837927866009686,1.4283409832512108,0.9997756827749211,0.0021091061804753533,1.0063643493418347e-07,0.0002243423879506548,0.6971161007660122,0,1,2,1,spread,spread|probe_0|probe_0,2,75,0.007935041096061468,48ab7dfa7f208d0db9b0fd6fd899d1c5cca67285d857c6016b4ab22b54533291
near_pair_rare_distractor,9027,receding_horizon_voi,0,True,3,0,False,1.6873966880100453,0.5,1.1873966880100453,1.3078458600125566,0.9999465956980707,0.000578774064875993,5.704038929117386e-09,5.340572798985388e-05,0.8766753999910325,1,1,1,1,spread,spread|probe_0|hold,2,75,0.00790270883589983,1d8e29d12dd359656b0b35190888910a22f4285cfc3b9c6140f414090733e9b7
near_pair_rare_distractor,9028,receding_horizon_voi,1,True,3,1,False,2.4701270296019917,0.5,1.9701270296019915,1.9828507870024892,0.9999999663682297,6.123604008897537e-07,2.2621919395162865e-15,3.363177082316188e-08,0.8700617767179625,0,2,1,1,spread,spread|spread|probe_1,2,75,0.00789537513628602,fbde5717ae013bee3939f01f5836e674873fe124e9ce32a00e58d80be49c9323
near_pair_rare_distractor,9029,receding_horizon_voi,1,True,3,1,False,1.5859971617227715,0.5,1.0859971617227715,1.1810964521534641,0.9998573910249975,0.0014054589097758803,4.067463950254551e-08,0.00014261914462925218,0.9399184069070458,1,1,1,1,spread,spread|probe_1|hold,2,75,0.007746875053271651,e3042301b377c49aade336dedc779ce1ecf8455b74b5de8914619b57ae37744a
near_pair_rare_distractor,9000,computational_oracle,0,True,4,0,False,1.2388848384,0.75,0.48888483839999997,0.611106048,0.9945591208363597,0.03379378599300515,5.9206332146671714e-05,0.005455734655804981,0.7442680733183005,2,0,2,1,probe_0,probe_0|probe_0|hold|hold,3,500,0.07370974984951317,ef740832e75ba574c672f685632e2a7ff9b68a0b835d228a479307ba0e2b4987
near_pair_rare_distractor,9001,computational_oracle,1,True,3,1,False,0.99980672,0.5,0.49980672000000004,0.6247584,0.9999573468065283,0.00047518473265631417,3.5845000382324444e-09,4.2654103145065977e-05,0.7382173310909312,0,0,3,1,probe_0,probe_0|probe_0|probe_0,3,375,0.057357124984264374,08084dd6a557df3b1a90d6ec1c76609ca3d1609cfc65ea6e99c0b67883fe0847
near_pair_rare_distractor,9002,computational_oracle,2,True,4,2,False,1.2388848384,0.75,0.48888483839999997,0.611106048,0.9999909614518901,0.00011401231354166376,1.6339070386914288e-10,9.038588957774156e-06,0.7741433628492308,2,0,2,1,probe_0,probe_0|probe_0|hold|hold,3,500,0.07587991701439023,8e640680c47c4d6ec14d278b2f96066278df4f4da25413e81bf8384006bac519
near_pair_rare_distractor,9003,computational_oracle,1,True,3,1,False,0.99980672,0.5,0.49980672000000004,0.6247584,0.9978817660353675,0.015158416599712139,8.973800513080649e-06,0.002120480595350625,0.7060393027365163,0,0,3,1,probe_0,probe_0|probe_0|probe_0,3,375,0.05760958301834762,eb9daf01e99b0cc0b2c3b147db8ba9b3a4c7a690b2ccb6f174b406e60d285947
near_pair_rare_distractor,9004,computational_oracle,1,True,3,1,False,0.89900672,0.5,0.39900672,0.49875840000000005,0.9940230094166118,0.036585818294998414,7.141344260127681e-05,0.005994924287030411,0.8084164092350153,1,0,2,1,probe_0,probe_0|probe_0|hold,3,375,0.057360999984666705,6e1ba6010bc0e1172302e7371b410a4c1702a73c5768a2308c20a4b4c707b6bb
near_pair_rare_distractor,9005,computational_oracle,0,True,3,0,False,0.89900672,0.5,0.39900672,0.49875840000000005,0.9999093658839686,0.0009343139791244877,1.6429085977587246e-08,9.063822355106893e-05,0.7758499950023957,1,0,2,1,probe_0,probe_0|probe_0|hold,3,375,0.05664645810611546,39f6b8fc78fb1f6b17f0ff7782ceda8f0d44f93f088913fd2f2f7d47ab46c582
near_pair_rare_distractor,9006,computational_oracle,0,True,3,0,False,0.99980672,0.5,0.49980672000000004,0.6247584,0.9999101940491988,0.000926601133607103,1.613021759860854e-08,8.98099835970614e-05,0.7290457055800569,0,0,3,1,probe_0,probe_0|probe_0|probe_0,3,375,0.05656429100781679,fadf4100cbbc08d5fe121a1acae3e0bacee2d55b406b39f187c59020733566b7
near_pair_rare_distractor,9007,computational_oracle,1,True,3,1,False,0.89900672,0.5,0.39900672,0.49875840000000005,0.9994354762157299,0.005004747535393229,5.653367709542246e-07,0.0005646831878157984,0.8270416573215987,1,0,2,1,probe_0,probe_0|probe_0|hold,3,375,0.056263000005856156,3a5122cff207cbf5d6485816bb60f042432ef5ad985052dcf7e27d583bd1ff4a
near_pair_rare_distractor,9008,computational_oracle,0,True,3,0,False,0.89900672,0.5,0.39900672,0.49875840000000005,0.9980579292274748,0.014066474541069615,7.543277770988147e-06,0.0019439590371263184,0.8230731189411555,1,0,2,1,probe_0,probe_0|probe_0|hold,3,375,0.05564879206940532,9e5f55005f2e3e8add09a75b19196c6c11711e24092ff2d45c49ccb6acb1bed9
near_pair_rare_distractor,9009,computational_oracle,0,True,4,0,False,1.2388848384,0.75,0.48888483839999997,0.611106048,0.9999349743388207,0.0006919182970732814,8.456673223603582e-09,6.502777543923482e-05,0.812406893268186,2,0,2,1,probe_0,probe_0|probe_0|hold|hold,3,500,0.07399050006642938,ff54a97671fb1c4e687976baea0432c8588df8e3e7d814dfddb8676aa4047ff3
near_pair_rare_distractor,9010,computational_oracle,0,True,3,0,False,0.89900672,0.5,0.39900672,0.49875840000000005,0.9956466110006454,0.028012407392143182,3.790399155934751e-05,0.004362892589156125,0.8620210535223972,1,0,2,1,probe_0,probe_0|probe_0|hold,3,375,0.05673604202456772,cfd0a3e9bc28ddd43bfdcfa016e1a28f533815e35fd1ae49a60fc8859ff237fa
near_pair_rare_distractor,9011,computational_oracle,0,True,4,0,False,1.2388848384,0.75,0.48888483839999997,0.611106048,0.9999957586659434,5.670931087892992e-05,3.597782916008483e-11,4.241343051114352e-06,0.9187679706408036,2,0,2,1,probe_0,probe_0|probe_0|hold|hold,3,500,0.07424329104833305,c8b9e7aea26e04e0a82a90bc256a58a1e94c12830c36b8dc387130ea861bcb92
near_pair_rare_distractor,9012,computational_oracle,1,True,4,1,False,1.2388848384,0.75,0.48888483839999997,0.611106048,0.9999950675486857,6.523346417812647e-05,4.862473528323893e-11,4.93246347885476e-06,0.7686885312976173,2,0,2,1,probe_0,probe_0|probe_0|hold|hold,3,500,0.0741917910054326,7b731ab08d57e944ab1d8eb4065e0d4cc53a56ade2ddd6df2c2f73ef21a61cc1
near_pair_rare_distractor,9013,computational_oracle,1,True,3,1,False,0.99980672,0.5,0.49980672000000004,0.6247584,0.9983098488649044,0.012476972475212752,5.713190349294397e-06,0.00169158105193621,0.7998440518607312,0,0,3,1,probe_0,probe_0|probe_0|probe_0,3,375,0.055857416940853,adda6cbc633fe60c15eab859ed24bfa49e25bc0519f10afd561cb0fbd872fc05
near_pair_rare_distractor,9014,computational_oracle,2,True,4,2,False,1.2388848384,0.75,0.48888483839999997,0.611106048,0.9999968729844105,4.2763282619655296e-05,1.9556452993325925e-11,3.1270204785892607e-06,0.8211542442071444,2,0,2,1,probe_0,probe_0|probe_0|hold|hold,3,500,0.07364804204553366,ff90dbd68dec1a119ec51f64b074e467fe346219d7cda92d1889a04696927e7e
near_pair_rare_distractor,9015,computational_oracle,1,True,5,1,False,1.553597083648,1.0,0.553597083648,0.69199635456,0.9999386028323068,0.0006568340315076109,7.539224401476214e-09,6.139905257640749e-05,0.8318110239180887,3,0,2,1,probe_0,probe_0|probe_0|hold|hold|hold,3,625,0.09206425002776086,4588d22d17b940b7db5ce049e5d1a05ceaf8d0ae99b239840cf2972b4d68d610
near_pair_rare_distractor,9016,computational_oracle,1,True,4,1,False,1.2388848384,0.75,0.48888483839999997,0.611106048,0.9999995232761184,7.496745839365902e-06,4.369088244288002e-13,4.767239952256767e-07,0.7873096694328122,2,0,2,1,probe_0,probe_0|probe_0|hold|hold,3,500,0.07446991698816419,1aa02de6a3f302f7845512aa67a267e30e984a96bfb6d4209a5b55f663b6fd49
near_pair_rare_distractor,9017,computational_oracle,1,True,4,1,False,1.2388848384,0.75,0.48888483839999997,0.611106048,0.9999983975770614,2.2995042709600423e-05,5.1316473572913196e-12,1.6024242224435063e-06,0.8525497816329011,2,0,2,1,probe_0,probe_0|probe_0|hold|hold,3,500,0.07719520782120526,b44cb1a9c22944f9620e92a6149e1ec7c4ca7e32ebf7452ca8945fa94c43598d
near_pair_rare_distractor,9018,computational_oracle,1,True,3,1,False,0.99980672,0.5,0.49980672000000004,0.6247584,0.9996872690193646,0.0028369749051754107,1.9556902735104774e-07,0.0003127798911660609,0.7278243433243087,0,0,3,1,probe_0,probe_0|probe_0|probe_0,3,375,0.0597058329731226,b4087fc823cc203b8958a338787752fd0f699caf140461e07943643a19e56f0c
near_pair_rare_distractor,9019,computational_oracle,1,True,3,1,False,0.99980672,0.5,0.49980672000000004,0.6247584,0.9998568435097787,0.0014119464846306766,4.092487954813425e-08,0.00014316673808973163,0.7521064421205742,0,0,3,1,probe_0,probe_0|probe_0|probe_0,3,375,0.05887212487868965,1c86805a495dad520f9735196b87c9e47e2308025e5a7a050ea5a6dce3f2ba0d
near_pair_rare_distractor,9020,computational_oracle,0,True,3,0,False,0.99980672,0.5,0.49980672000000004,0.6247584,0.9996268590314091,0.0033184798317315097,2.7846836488188764e-07,0.0003732106030049292,0.7888082215498916,0,0,3,1,probe_0,probe_0|probe_0|probe_0,3,375,0.05636358307674527,a9aebf9f292dd66cbffdd4db96cf676b98884c4640cebb1500a8f3960f842e63
near_pair_rare_distractor,9021,computational_oracle,2,True,5,2,False,1.553597083648,1.0,0.553597083648,0.69199635456,0.999999927691296,1.2612316817920899e-06,1.0457097350743497e-14,7.230870663868972e-08,0.8381156815978553,3,0,2,1,probe_0,probe_0|probe_0|hold|hold|hold,3,625,0.09343570889905095,aa234d98d7e89a7cb93d62e0a77fecd8438d9d9daf67a4ede818389422148a83
near_pair_rare_distractor,9022,computational_oracle,1,True,3,1,False,0.99980672,0.5,0.49980672000000004,0.6247584,0.9999019893817781,0.0010048921964346863,1.9147782688796238e-08,9.801542157639767e-05,0.7404349352932447,0,0,3,1,probe_0,probe_0|probe_0|probe_0,3,375,0.056147291790694,960a01d03c6893fd67a7f1032e3ce9644ace2bf309c0570322f760ca44cddccd
near_pair_rare_distractor,9023,computational_oracle,2,True,2,2,False,0.524176,0.25,0.274176,0.34272,0.9998217094939696,0.0017173135200040433,6.357450264947244e-08,0.0001783064016720138,0.7629435919545515,0,0,2,1,probe_0,probe_0|probe_0,3,250,0.03709366708062589,d2e53292803aebd0b99440267527e2fda8600a7ee61b0cfdad9e2fb28c6c8fea
near_pair_rare_distractor,9024,computational_oracle,1,True,4,1,False,1.2388848384,0.75,0.48888483839999997,0.611106048,0.9999986249002619,1.9942455924539516e-05,3.779265209234636e-12,1.3751006835273242e-06,0.8139596437473764,2,0,2,1,probe_0,probe_0|probe_0|hold|hold,3,500,0.07374887494370341,2b98856975f969f4161896018498c41a5d91dfc9d4b118f080a145d0ad75ce8c
near_pair_rare_distractor,9025,computational_oracle,1,True,3,1,False,0.99980672,0.5,0.49980672000000004,0.6247584,0.9995216476153269,0.004135835145606778,4.5759344774225954e-07,0.00047846683167383335,0.7367889536455204,0,0,3,1,probe_0,probe_0|probe_0|probe_0,3,375,0.0555133749730885,df106d875d876fdab34576e4a85139e5200b7a8b29a4d9408e8104e81515f2ba
near_pair_rare_distractor,9026,computational_oracle,0,True,3,0,False,0.99980672,0.5,0.49980672000000004,0.6247584,0.998815201986763,0.00916748166066884,2.8074926643405575e-06,0.0011855004412814766,0.7297269321640667,0,0,3,1,probe_0,probe_0|probe_0|probe_0,3,375,0.055606459034606814,48ab7dfa7f208d0db9b0fd6fd899d1c5cca67285d857c6016b4ab22b54533291
near_pair_rare_distractor,9027,computational_oracle,0,True,3,0,False,0.99980672,0.5,0.49980672000000004,0.6247584,0.9999139189176399,0.0008918153224580411,1.4819905480558573e-08,8.608478754908162e-05,0.7369023813840597,0,0,3,1,probe_0,probe_0|probe_0|probe_0,3,375,0.05705149983987212,1d8e29d12dd359656b0b35190888910a22f4285cfc3b9c6140f414090733e9b7
near_pair_rare_distractor,9028,computational_oracle,1,True,3,1,False,0.99980672,0.5,0.49980672000000004,0.6247584,0.9996980959663427,0.0027495644748035536,1.8225006457542355e-07,0.00030194961585456275,0.7471442631676588,0,0,3,1,probe_0,probe_0|probe_0|probe_0,3,375,0.05633587506599724,fbde5717ae013bee3939f01f5836e674873fe124e9ce32a00e58d80be49c9323
near_pair_rare_distractor,9029,computational_oracle,1,True,4,1,False,1.4122608384,0.75,0.6622608384,0.827826048,0.9999977292349805,3.1780248063529276e-05,1.031274754725102e-11,2.2707675976538955e-06,0.741106552059163,1,0,3,1,probe_0,probe_0|probe_0|probe_0|hold,3,500,0.07390974997542799,e3042301b377c49aade336dedc779ce1ecf8455b74b5de8914619b57ae37744a
asymmetric_transit,9000,passive,0,False,10,-1,False,2.5,2.5,0.0,0.0,0.5000000000000006,0.9985793315873919,0.3949999999999991,0.6931471805599442,0.5000000000000002,10,0,0,0,hold,hold|hold|hold|hold|hold|hold|hold|hold|hold|hold,0,0,0.0002038329839706421,3bd999e4ad018352d4dd5e026cfd7d4849e5a83c9d669a97a56a13f5624ebc8b
asymmetric_transit,9001,passive,1,False,10,-1,False,2.5,2.5,0.0,0.0,0.3499999999999996,0.9985793315873922,0.6950000000000006,1.049822124498679,0.5000000000000002,10,0,0,0,hold,hold|hold|hold|hold|hold|hold|hold|hold|hold|hold,0,0,0.0001890410203486681,d3a33c032cfac64ca16cca514ba45d5b6dfb5e01d60b328c5be539cb035d329a
asymmetric_transit,9002,passive,2,False,10,-1,False,2.5,2.5,0.0,0.0,0.14999999999999997,0.9985793315873921,1.095,1.8971199848858815,0.49999999999999983,10,0,0,0,hold,hold|hold|hold|hold|hold|hold|hold|hold|hold|hold,0,0,0.0001845408696681261,95b1fc6fa610b5c15d51096e727288bb9f6dff26c4f2e216731fa28cb1f908db
asymmetric_transit,9003,passive,1,False,10,-1,False,2.5,2.5,0.0,0.0,0.34999999999999937,0.9985793315873919,0.6950000000000014,1.0498221244986794,0.5000000000000004,10,0,0,0,hold,hold|hold|hold|hold|hold|hold|hold|hold|hold|hold,0,0,0.00019370880909264088,855fd9d51b22d7f21015bc3b38980630c5d108feb0c0e9184c4183ebd58a03fa
asymmetric_transit,9004,passive,1,False,10,-1,False,2.5,2.5,0.0,0.0,0.3500000000000002,0.9985793315873923,0.6949999999999995,1.0498221244986772,0.49999999999999983,10,0,0,0,hold,hold|hold|hold|hold|hold|hold|hold|hold|hold|hold,0,0,0.0001841250341385603,8aeb8b9caec6aa4e2ff33d26e4734c832278b86f47e2252f7bd8e4ca52323f16
asymmetric_transit,9005,passive,0,False,10,-1,False,2.5,2.5,0.0,0.0,0.5000000000000004,0.9985793315873919,0.39499999999999924,0.6931471805599444,0.5000000000000002,10,0,0,0,hold,hold|hold|hold|hold|hold|hold|hold|hold|hold|hold,0,0,0.00018433318473398685,877914219b86dae52be433f45a624fee7b2f88d32234441c7e8a6ad77322d16d
asymmetric_transit,9006,passive,0,False,10,-1,False,2.5,2.5,0.0,0.0,0.4999999999999999,0.9985793315873922,0.3950000000000001,0.6931471805599455,0.5,10,0,0,0,hold,hold|hold|hold|hold|hold|hold|hold|hold|hold|hold,0,0,0.00017920811660587788,5e76c4ebbbc4f80cb622e99ddc63cd11cebf9574b2646395da24c83c04fe1047
asymmetric_transit,9007,passive,1,False,10,-1,False,2.5,2.5,0.0,0.0,0.35000000000000014,0.9985793315873921,0.6949999999999996,1.0498221244986772,0.49999999999999983,10,0,0,0,hold,hold|hold|hold|hold|hold|hold|hold|hold|hold|hold,0,0,0.00018095807172358036,97e12a34fd7ba846f8ba42457b5ac27b7861f7c6b64c60e153f634fe6a41286e
asymmetric_transit,9008,passive,0,False,10,-1,False,2.5,2.5,0.0,0.0,0.5,0.9985793315873921,0.395,0.6931471805599453,0.5,10,0,0,0,hold,hold|hold|hold|hold|hold|hold|hold|hold|hold|hold,0,0,0.0002134579699486494,44a9667e6c437c2383c287d67d59e91be1cc052f58e4d8aed2c1029f4ad5ba77
asymmetric_transit,9009,passive,0,False,10,-1,False,2.5,2.5,0.0,0.0,0.5000000000000003,0.9985793315873919,0.3949999999999994,0.6931471805599446,0.5000000000000001,10,0,0,0,hold,hold|hold|hold|hold|hold|hold|hold|hold|hold|hold,0,0,0.00019729090854525566,eca7b82e77214b151a646e8ceef52f94621dffc529a479630e6af63f6b838305
asymmetric_transit,9010,passive,0,False,10,-1,False,2.5,2.5,0.0,0.0,0.5000000000000002,0.9985793315873921,0.39499999999999963,0.6931471805599448,0.5,10,0,0,0,hold,hold|hold|hold|hold|hold|hold|hold|hold|hold|hold,0,0,0.0001866249367594719,b80ff09ffb1512ba43162d025a96d4491f2388df448dc1a852817eeaddf03106
asymmetric_transit,9011,passive,0,False,10,-1,False,2.5,2.5,0.0,0.0,0.4999999999999998,0.9985793315873921,0.39500000000000035,0.6931471805599457,0.5,10,0,0,0,hold,hold|hold|hold|hold|hold|hold|hold|hold|hold|hold,0,0,0.00018345797434449196,a82ed95feec9689e249df3a7ad9669e7e8cfcaf6f26e52625f04a96cecf9bce5
asymmetric_transit,9012,passive,1,False,10,-1,False,2.5,2.5,0.0,0.0,0.34999999999999976,0.9985793315873921,0.6950000000000006,1.0498221244986783,0.5000000000000002,10,0,0,0,hold,hold|hold|hold|hold|hold|hold|hold|hold|hold|hold,0,0,0.00018158298917114735,45af796421736db7c32b8e072c7120d35d5d8d29f0bbfbf427ee1754c264437e
asymmetric_transit,9013,passive,1,False,10,-1,False,2.5,2.5,0.0,0.0,0.3499999999999997,0.998579331587392,0.6950000000000007,1.0498221244986785,0.5000000000000002,10,0,0,0,hold,hold|hold|hold|hold|hold|hold|hold|hold|hold|hold,0,0,0.00018041697330772877,5a6747c815c5f65e1d18ec95348876194203044516667f92650522572196bf34
asymmetric_transit,9014,passive,2,False,10,-1,False,2.5,2.5,0.0,0.0,0.1499999999999999,0.9985793315873916,1.0950000000000004,1.897119984885882,0.5000000000000006,10,0,0,0,hold,hold|hold|hold|hold|hold|hold|hold|hold|hold|hold,0,0,0.00018558395095169544,c4f63f4c4b900fe584b38ae060fb3aa3322240f0e5f93ccd9f899998800660d6
asymmetric_transit,9015,passive,1,False,10,-1,False,2.5,2.5,0.0,0.0,0.34999999999999976,0.9985793315873921,0.6950000000000006,1.0498221244986783,0.5,10,0,0,0,hold,hold|hold|hold|hold|hold|hold|hold|hold|hold|hold,0,0,0.0001837918534874916,083db2bcd74ef18aa97a3e6599bf47781f495c24675a42be379a55d1349520a3
asymmetric_transit,9016,passive,1,False,10,-1,False,2.5,2.5,0.0,0.0,0.3499999999999996,0.9985793315873919,0.6950000000000007,1.049822124498679,0.5000000000000001,10,0,0,0,hold,hold|hold|hold|hold|hold|hold|hold|hold|hold|hold,0,0,0.00018174992874264717,09e089b6b94fc855cf046548a00a5cd181c1d599dd3a99b31f3d39f569b53ae7
asymmetric_transit,9017,passive,1,False,10,-1,False,2.5,2.5,0.0,0.0,0.34999999999999976,0.9985793315873921,0.6950000000000006,1.0498221244986783,0.5,10,0,0,0,hold,hold|hold|hold|hold|hold|hold|hold|hold|hold|hold,0,0,0.00017858296632766724,7b35ba45747f0b5ee3514dfebd0464551676e2376c38b60b70830fca78da1421
asymmetric_transit,9018,passive,1,False,10,-1,False,2.5,2.5,0.0,0.0,0.3499999999999999,0.9985793315873922,0.6950000000000002,1.0498221244986778,0.5,10,0,0,0,hold,hold|hold|hold|hold|hold|hold|hold|hold|hold|hold,0,0,0.00018616602756083012,9c49d6b3a08042cbb3814e56db7897cd1a37a632baeffa83b3407df7f391f618
asymmetric_transit,9019,passive,2,False,10,-1,False,2.5,2.5,0.0,0.0,0.1500000000000003,0.9985793315873922,1.0949999999999993,1.8971199848858793,0.4999999999999999,10,0,0,0,hold,hold|hold|hold|hold|hold|hold|hold|hold|hold|hold,0,0,0.0001805000938475132,33eaee0c237a2ab40d9c8be9324194ae7c160a6d947c71852615e08bf0726c90
asymmetric_transit,9020,passive,0,False,10,-1,False,2.5,2.5,0.0,0.0,0.4999999999999999,0.9985793315873922,0.3950000000000001,0.6931471805599455,0.5,10,0,0,0,hold,hold|hold|hold|hold|hold|hold|hold|hold|hold|hold,0,0,0.0001802921760827303,3881ae919e32a3e874bd1e7a47f86c50db8f3d6aadfd334657a27dc2f420d0c5
asymmetric_transit,9021,passive,2,False,10,-1,False,2.5,2.5,0.0,0.0,0.15000000000000005,0.9985793315873921,1.095,1.897119984885881,0.4999999999999999,10,0,0,0,hold,hold|hold|hold|hold|hold|hold|hold|hold|hold|hold,0,0,0.0001788330264389515,80f23c69455b140ea15687ad26feef88ee1217266ae7341e3242669c7c3db608
asymmetric_transit,9022,passive,1,False,10,-1,False,2.5,2.5,0.0,0.0,0.3499999999999999,0.9985793315873922,0.6950000000000002,1.0498221244986778,0.5,10,0,0,0,hold,hold|hold|hold|hold|hold|hold|hold|hold|hold|hold,0,0,0.00017966586165130138,817345563bbca12ab07354bd9d6957f250b419aafa568cb771f908b5ae3c6c7b
asymmetric_transit,9023,passive,2,False,10,-1,False,2.5,2.5,0.0,0.0,0.15000000000000016,0.9985793315873919,1.095,1.8971199848858802,0.5000000000000002,10,0,0,0,hold,hold|hold|hold|hold|hold|hold|hold|hold|hold|hold,0,0,0.00017866701819002628,776dd71b7e4a6f6112baf2eb27ee1f19b208792d1966fd895c72fb0d031a8734
asymmetric_transit,9024,passive,1,False,10,-1,False,2.5,2.5,0.0,0.0,0.3499999999999993,0.9985793315873916,0.6950000000000017,1.0498221244986796,0.5000000000000003,10,0,0,0,hold,hold|hold|hold|hold|hold|hold|hold|hold|hold|hold,0,0,0.00017799995839595795,a8f3bf0475c2cd6f092361b8eacca2a945ee60c2dc601c2c9e9c63c6a7d64f8d
asymmetric_transit,9025,passive,1,False,10,-1,False,2.5,2.5,0.0,0.0,0.35,0.9985793315873921,0.6950000000000001,1.0498221244986778,0.5,10,0,0,0,hold,hold|hold|hold|hold|hold|hold|hold|hold|hold|hold,0,0,0.00017629191279411316,1926663c974fde1bbd540b1500f4d918a624764d39dad1c6009ebb92cfa0d659
asymmetric_transit,9026,passive,0,False,10,-1,False,2.5,2.5,0.0,0.0,0.49999999999999967,0.9985793315873923,0.39500000000000046,0.693147180559946,0.4999999999999999,10,0,0,0,hold,hold|hold|hold|hold|hold|hold|hold|hold|hold|hold,0,0,0.0001784160267561674,7888791aa80c781c2d910d475517a50e54392fa04bbfc6acb868380bafd3c705
asymmetric_transit,9027,passive,0,False,10,-1,False,2.5,2.5,0.0,0.0,0.4999999999999998,0.9985793315873921,0.3950000000000004,0.6931471805599457,0.4999999999999999,10,0,0,0,hold,hold|hold|hold|hold|hold|hold|hold|hold|hold|hold,0,0,0.00017945910803973675,0230c89daccce300ba3be8e0e208b298ea0aaa509798fa3ab41e4d9eb55ed93a
asymmetric_transit,9028,passive,1,False,10,-1,False,2.5,2.5,0.0,0.0,0.34999999999999964,0.9985793315873915,0.6950000000000012,1.0498221244986787,0.5000000000000004,10,0,0,0,hold,hold|hold|hold|hold|hold|hold|hold|hold|hold|hold,0,0,0.00017974991351366043,0c85b3d5e3bc1191653f0fd816c580c0cda900939a7d45e4cc85c5846aaf8171
asymmetric_transit,9029,passive,1,False,10,-1,False,2.5,2.5,0.0,0.0,0.3499999999999995,0.9985793315873916,0.6950000000000014,1.0498221244986792,0.5000000000000003,10,0,0,0,hold,hold|hold|hold|hold|hold|hold|hold|hold|hold|hold,0,0,0.00017829099670052528,9ff7126c2e40bd247d64d70d4715d78a09d434e19de99f3c0f0a6f06b91f3719
asymmetric_transit,9000,round_robin,0,True,2,0,False,1.8402208000000002,0.25,1.5902208000000002,1.3708800000000003,0.9999978977861639,2.958346334801071e-05,8.838600459788712e-12,2.1022160457739074e-06,0.984653433609964,0,2,0,0,spread,spread|spread,0,0,9.337509982287884e-05,3bd999e4ad018352d4dd5e026cfd7d4849e5a83c9d669a97a56a13f5624ebc8b
asymmetric_transit,9001,round_robin,1,True,2,1,False,1.8402208000000002,0.25,1.5902208000000002,1.3708800000000003,0.9972359291873611,0.019043529333140845,1.5280174729288637e-05,0.0027678979102401524,0.8669732957049858,0,2,0,0,spread,spread|spread,0,0,8.745910599827766e-05,d3a33c032cfac64ca16cca514ba45d5b6dfb5e01d60b328c5be539cb035d329a
asymmetric_transit,9002,round_robin,2,True,2,2,False,1.8402208000000002,0.25,1.5902208000000002,1.3708800000000003,0.9999696993868473,0.0003462473838971616,1.8300233007446975e-09,3.03010722255306e-05,0.7412336008770362,0,2,0,0,spread,spread|spread,0,0,8.454103954136372e-05,95b1fc6fa610b5c15d51096e727288bb9f6dff26c4f2e216731fa28cb1f908db
asymmetric_transit,9003,round_robin,1,True,2,1,False,1.8402208000000002,0.25,1.5902208000000002,1.3708800000000003,0.9999999999459284,1.3690322031473958e-09,4.429296480880357e-21,5.407163605899072e-11,0.9243776851509433,0,2,0,0,spread,spread|spread,0,0,8.366606198251247e-05,855fd9d51b22d7f21015bc3b38980630c5d108feb0c0e9184c4183ebd58a03fa
asymmetric_transit,9004,round_robin,1,True,2,1,False,1.8402208000000002,0.25,1.5902208000000002,1.3708800000000003,0.9999767880352805,0.0002746832403982989,1.0377891735741943e-09,2.3212234121371426e-05,0.8704297575875899,0,2,0,0,spread,spread|spread,0,0,8.324999362230301e-05,8aeb8b9caec6aa4e2ff33d26e4734c832278b86f47e2252f7bd8e4ca52323f16
asymmetric_transit,9005,round_robin,0,True,2,0,False,1.8402208000000002,0.25,1.5902208000000002,1.3708800000000003,0.9999999997742333,5.347427400333839e-09,8.677735174844597e-20,2.2576673866287491e-10,0.9662828080213661,0,2,0,0,spread,spread|spread,0,0,8.370913565158844e-05,877914219b86dae52be433f45a624fee7b2f88d32234441c7e8a6ad77322d16d
asymmetric_transit,9006,round_robin,0,True,2,0,False,1.8402208000000002,0.25,1.5902208000000002,1.3708800000000003,0.9999999867050733,2.553156638545284e-07,3.490744653396434e-16,1.3294926803468121e-08,0.889693855571311,0,2,0,0,spread,spread|spread,0,0,8.395803160965443e-05,5e76c4ebbbc4f80cb622e99ddc63cd11cebf9574b2646395da24c83c04fe1047
asymmetric_transit,9007,round_robin,1,True,2,1,False,1.8402208000000002,0.25,1.5902208000000002,1.3708800000000003,0.9999977345731705,3.3222899258393554e-05,7.829052745845512e-12,2.2654293955451936e-06,0.9442203668021383,0,2,0,0,spread,spread|spread,0,0,8.68749339133501e-05,97e12a34fd7ba846f8ba42457b5ac27b7861f7c6b64c60e153f634fe6a41286e
asymmetric_transit,9008,round_robin,0,True,3,0,False,3.398878976,0.5,2.898878976,2.4990336000000006,0.9999999999997207,8.389668455858182e-12,1.560792618210467e-25,2.793321129957284e-13,0.8028866140085329,0,3,0,0,spread,spread|spread|spread,0,0,0.00011137500405311584,44a9667e6c437c2383c287d67d59e91be1cc052f58e4d8aed2c1029f4ad5ba77
asymmetric_transit,9009,round_robin,0,True,2,0,False,1.8402208000000002,0.25,1.5902208000000002,1.3708800000000003,0.9999971568933173,3.968280269326691e-05,1.5455252446264558e-11,2.8431107243838074e-06,0.7760245723099282,0,2,0,0,spread,spread|spread,0,0,8.420809172093868e-05,eca7b82e77214b151a646e8ceef52f94621dffc529a479630e6af63f6b838305
asymmetric_transit,9010,round_robin,0,True,2,0,False,1.8402208000000002,0.25,1.5902208000000002,1.3708800000000003,0.9999999973058848,5.67137397405661e-08,1.3243245564236789e-17,2.694115156819197e-09,0.9537026635749524,0,2,0,0,spread,spread|spread,0,0,8.337502367794514e-05,b80ff09ffb1512ba43162d025a96d4491f2388df448dc1a852817eeaddf03106
asymmetric_transit,9011,round_robin,0,True,2,0,False,1.8402208000000002,0.25,1.5902208000000002,1.3708800000000003,0.9999996919300088,4.946810314487847e-06,1.875854981012596e-13,3.080700386375041e-07,0.9074248841970896,0,2,0,0,spread,spread|spread,0,0,8.358294144272804e-05,a82ed95feec9689e249df3a7ad9669e7e8cfcaf6f26e52625f04a96cecf9bce5
asymmetric_transit,9012,round_robin,1,True,2,1,False,1.8402208000000002,0.25,1.5902208000000002,1.3708800000000003,0.9999995919617,6.427523809218784e-06,3.3076546658315376e-13,4.0803838328475554e-07,0.9715161503152936,0,2,0,0,spread,spread|spread,0,0,8.558295667171478e-05,45af796421736db7c32b8e072c7120d35d5d8d29f0bbfbf427ee1754c264437e
asymmetric_transit,9013,round_robin,1,True,2,1,False,1.8402208000000002,0.25,1.5902208000000002,1.3708800000000003,0.9999999900181932,1.9658732148409837e-07,1.8506419307698524e-16,9.981806875361295e-09,0.95465748240452,0,2,0,0,spread,spread|spread,0,0,8.374988101422787e-05,5a6747c815c5f65e1d18ec95348876194203044516667f92650522572196bf34
asymmetric_transit,9014,round_robin,2,True,2,2,False,1.8402208000000002,0.25,1.5902208000000002,1.3708800000000003,0.999992702019294,9.417346527092413e-05,1.0499021947136191e-10,7.298007336368849e-06,0.8432434030599651,0,2,0,0,spread,spread|spread,0,0,8.383393287658691e-05,c4f63f4c4b900fe584b38ae060fb3aa3322240f0e5f93ccd9f899998800660d6
asymmetric_transit,9015,round_robin,1,True,2,1,False,1.8402208000000002,0.25,1.5902208000000002,1.3708800000000003,0.9999999992855326,1.5895532428823666e-08,9.755011589362638e-19,7.14467374407382e-10,0.9068342812191322,0,2,0,0,spread,spread|spread,0,0,8.341600187122822e-05,083db2bcd74ef18aa97a3e6599bf47781f495c24675a42be379a55d1349520a3
asymmetric_transit,9016,round_robin,1,True,2,1,False,1.8402208000000002,0.25,1.5902208000000002,1.3708800000000003,0.99999885622151,1.679234453279332e-05,2.6163923357987177e-12,1.14377914414656e-06,0.8794979648522621,0,2,0,0,spread,spread|spread,0,0,8.212495595216751e-05,09e089b6b94fc855cf046548a00a5cd181c1d599dd3a99b31f3d39f569b53ae7
asymmetric_transit,9017,round_robin,1,True,2,1,False,1.8402208000000002,0.25,1.5902208000000002,1.3708800000000003,0.9999999949449214,1.017190728275708e-07,5.096470337442958e-17,5.055078590730419e-09,0.9855153749494814,0,2,0,0,spread,spread|spread,0,0,8.324999362230301e-05,7b35ba45747f0b5ee3514dfebd0464551676e2376c38b60b70830fca78da1421
asymmetric_transit,9018,round_robin,1,True,2,1,False,1.8402208000000002,0.25,1.5902208000000002,1.3708800000000003,0.9951142890503404,0.03087278637701153,4.774033716964397e-05,0.004897685052659467,0.8967947791390172,0,2,0,0,spread,spread|spread,0,0,8.52921511977911e-05,9c49d6b3a08042cbb3814e56db7897cd1a37a632baeffa83b3407df7f391f618
asymmetric_transit,9019,round_robin,2,True,2,2,False,1.8402208000000002,0.25,1.5902208000000002,1.3708800000000003,0.999979242472348,0.0002447214905579119,8.610083973943448e-10,2.0757743092418495e-05,0.7389394352775357,0,2,0,0,spread,spread|spread,0,0,8.404185064136982e-05,33eaee0c237a2ab40d9c8be9324194ae7c160a6d947c71852615e08bf0726c90
asymmetric_transit,9020,round_robin,0,True,2,0,False,1.8402208000000002,0.25,1.5902208000000002,1.3708800000000003,0.9999179917491626,0.0008598703598293803,1.3256213124800514e-08,8.2011613697832e-05,0.8942001763115563,0,2,0,0,spread,spread|spread,0,0,8.158315904438496e-05,3881ae919e32a3e874bd1e7a47f86c50db8f3d6aadfd334657a27dc2f420d0c5
asymmetric_transit,9021,round_robin,2,True,3,2,False,3.398878976,0.5,2.898878976,2.4990336000000006,1.0,6.907755278982138e-14,2.2907728959648577e-47,-0.0,0.8496238491413027,0,3,0,0,spread,spread|spread|spread,0,0,0.0001202079001814127,80f23c69455b140ea15687ad26feef88ee1217266ae7341e3242669c7c3db608
asymmetric_transit,9022,round_robin,1,True,2,1,False,1.8402208000000002,0.25,1.5902208000000002,1.3708800000000003,0.9999999999839715,4.1448442478112425e-10,5.136851699473625e-22,1.6028511851246765e-11,0.9359248074575481,0,2,0,0,spread,spread|spread,0,0,8.420809172093868e-05,817345563bbca12ab07354bd9d6957f250b419aafa568cb771f908b5ae3c6c7b
asymmetric_transit,9023,round_robin,2,True,2,2,False,1.8402208000000002,0.25,1.5902208000000002,1.3708800000000003,0.9999999905205955,1.850610822052891e-07,1.7822938492471476e-16,9.479404528521747e-09,0.8168033591672139,0,2,0,0,spread,spread|spread,0,0,8.354196324944496e-05,776dd71b7e4a6f6112baf2eb27ee1f19b208792d1966fd895c72fb0d031a8734
asymmetric_transit,9024,round_robin,1,True,3,1,False,3.398878976,0.5,2.898878976,2.4990336000000006,1.0,6.907755278982138e-14,1.8665491281812502e-49,-0.0,0.9713705306874467,0,3,0,0,spread,spread|spread|spread,0,0,0.00010724994353950024,a8f3bf0475c2cd6f092361b8eacca2a945ee60c2dc601c2c9e9c63c6a7d64f8d
asymmetric_transit,9025,round_robin,1,True,2,1,False,1.8402208000000002,0.25,1.5902208000000002,1.3708800000000003,0.9999888557611768,0.00013824015892642346,2.4838724490465083e-10,1.1144300920692751e-05,0.9291484070736711,0,2,0,0,spread,spread|spread,0,0,8.287490345537663e-05,1926663c974fde1bbd540b1500f4d918a624764d39dad1c6009ebb92cfa0d659
asymmetric_transit,9026,round_robin,0,True,2,0,False,1.8402208000000002,0.25,1.5902208000000002,1.3708800000000003,0.999999629085638,6.060610118788373e-06,2.2727390296181195e-13,3.7091443079106594e-07,0.8555642376952919,0,2,0,0,spread,spread|spread,0,0,8.341693319380283e-05,7888791aa80c781c2d910d475517a50e54392fa04bbfc6acb868380bafd3c705
asymmetric_transit,9027,round_robin,0,True,2,0,False,1.8402208000000002,0.25,1.5902208000000002,1.3708800000000003,0.9999999670448698,6.085946102900277e-07,2.0409632508699855e-15,3.295513072333247e-08,0.9869182996480026,0,2,0,0,spread,spread|spread,0,0,8.187512867152691e-05,0230c89daccce300ba3be8e0e208b298ea0aaa509798fa3ab41e4d9eb55ed93a
asymmetric_transit,9028,round_robin,1,True,2,1,False,1.8402208000000002,0.25,1.5902208000000002,1.3708800000000003,0.9998543129851128,0.0014336766875344214,4.241358360166756e-08,0.0001456976282711399,0.8315864338254146,0,2,0,0,spread,spread|spread,0,0,8.279201574623585e-05,0c85b3d5e3bc1191653f0fd816c580c0cda900939a7d45e4cc85c5846aaf8171
asymmetric_transit,9029,round_robin,1,True,2,1,False,1.8402208000000002,0.25,1.5902208000000002,1.3708800000000003,0.9999999986771515,2.8738858173290796e-08,3.2389728744023433e-18,1.3228484982842322e-09,0.9641806872210792,0,2,0,0,spread,spread|spread,0,0,0.000449000159278512,9ff7126c2e40bd247d64d70d4715d78a09d434e19de99f3c0f0a6f06b91f3719
asymmetric_transit,9000,myopic_voi,0,False,10,-1,False,2.5,2.5,0.0,0.0,0.5000000000000006,0.9985793315873919,0.3949999999999991,0.6931471805599442,0.5000000000000002,10,0,0,0,hold,hold|hold|hold|hold|hold|hold|hold|hold|hold|hold,1,50,0.003226042026653886,3bd999e4ad018352d4dd5e026cfd7d4849e5a83c9d669a97a56a13f5624ebc8b
asymmetric_transit,9001,myopic_voi,1,False,10,-1,False,2.5,2.5,0.0,0.0,0.3499999999999996,0.9985793315873922,0.6950000000000006,1.049822124498679,0.5000000000000002,10,0,0,0,hold,hold|hold|hold|hold|hold|hold|hold|hold|hold|hold,1,50,0.0032052909955382347,d3a33c032cfac64ca16cca514ba45d5b6dfb5e01d60b328c5be539cb035d329a
asymmetric_transit,9002,myopic_voi,2,False,10,-1,False,2.5,2.5,0.0,0.0,0.14999999999999997,0.9985793315873921,1.095,1.8971199848858815,0.49999999999999983,10,0,0,0,hold,hold|hold|hold|hold|hold|hold|hold|hold|hold|hold,1,50,0.003148833056911826,95b1fc6fa610b5c15d51096e727288bb9f6dff26c4f2e216731fa28cb1f908db
asymmetric_transit,9003,myopic_voi,1,False,10,-1,False,2.5,2.5,0.0,0.0,0.34999999999999937,0.9985793315873919,0.6950000000000014,1.0498221244986794,0.5000000000000004,10,0,0,0,hold,hold|hold|hold|hold|hold|hold|hold|hold|hold|hold,1,50,0.0031714998185634613,855fd9d51b22d7f21015bc3b38980630c5d108feb0c0e9184c4183ebd58a03fa
asymmetric_transit,9004,myopic_voi,1,False,10,-1,False,2.5,2.5,0.0,0.0,0.3500000000000002,0.9985793315873923,0.6949999999999995,1.0498221244986772,0.49999999999999983,10,0,0,0,hold,hold|hold|hold|hold|hold|hold|hold|hold|hold|hold,1,50,0.0031429161317646503,8aeb8b9caec6aa4e2ff33d26e4734c832278b86f47e2252f7bd8e4ca52323f16
asymmetric_transit,9005,myopic_voi,0,False,10,-1,False,2.5,2.5,0.0,0.0,0.5000000000000004,0.9985793315873919,0.39499999999999924,0.6931471805599444,0.5000000000000002,10,0,0,0,hold,hold|hold|hold|hold|hold|hold|hold|hold|hold|hold,1,50,0.003139292122796178,877914219b86dae52be433f45a624fee7b2f88d32234441c7e8a6ad77322d16d
asymmetric_transit,9006,myopic_voi,0,False,10,-1,False,2.5,2.5,0.0,0.0,0.4999999999999999,0.9985793315873922,0.3950000000000001,0.6931471805599455,0.5,10,0,0,0,hold,hold|hold|hold|hold|hold|hold|hold|hold|hold|hold,1,50,0.003242375096306205,5e76c4ebbbc4f80cb622e99ddc63cd11cebf9574b2646395da24c83c04fe1047
asymmetric_transit,9007,myopic_voi,1,False,10,-1,False,2.5,2.5,0.0,0.0,0.35000000000000014,0.9985793315873921,0.6949999999999996,1.0498221244986772,0.49999999999999983,10,0,0,0,hold,hold|hold|hold|hold|hold|hold|hold|hold|hold|hold,1,50,0.003177416045218706,97e12a34fd7ba846f8ba42457b5ac27b7861f7c6b64c60e153f634fe6a41286e
asymmetric_transit,9008,myopic_voi,0,False,10,-1,False,2.5,2.5,0.0,0.0,0.5,0.9985793315873921,0.395,0.6931471805599453,0.5,10,0,0,0,hold,hold|hold|hold|hold|hold|hold|hold|hold|hold|hold,1,50,0.0031497920863330364,44a9667e6c437c2383c287d67d59e91be1cc052f58e4d8aed2c1029f4ad5ba77
asymmetric_transit,9009,myopic_voi,0,False,10,-1,False,2.5,2.5,0.0,0.0,0.5000000000000003,0.9985793315873919,0.3949999999999994,0.6931471805599446,0.5000000000000001,10,0,0,0,hold,hold|hold|hold|hold|hold|hold|hold|hold|hold|hold,1,50,0.003199666040018201,eca7b82e77214b151a646e8ceef52f94621dffc529a479630e6af63f6b838305
asymmetric_transit,9010,myopic_voi,0,False,10,-1,False,2.5,2.5,0.0,0.0,0.5000000000000002,0.9985793315873921,0.39499999999999963,0.6931471805599448,0.5,10,0,0,0,hold,hold|hold|hold|hold|hold|hold|hold|hold|hold|hold,1,50,0.0031795830000191927,b80ff09ffb1512ba43162d025a96d4491f2388df448dc1a852817eeaddf03106
asymmetric_transit,9011,myopic_voi,0,False,10,-1,False,2.5,2.5,0.0,0.0,0.4999999999999998,0.9985793315873921,0.39500000000000035,0.6931471805599457,0.5,10,0,0,0,hold,hold|hold|hold|hold|hold|hold|hold|hold|hold|hold,1,50,0.0032119168899953365,a82ed95feec9689e249df3a7ad9669e7e8cfcaf6f26e52625f04a96cecf9bce5
asymmetric_transit,9012,myopic_voi,1,False,10,-1,False,2.5,2.5,0.0,0.0,0.34999999999999976,0.9985793315873921,0.6950000000000006,1.0498221244986783,0.5000000000000002,10,0,0,0,hold,hold|hold|hold|hold|hold|hold|hold|hold|hold|hold,1,50,0.0031676660291850567,45af796421736db7c32b8e072c7120d35d5d8d29f0bbfbf427ee1754c264437e
asymmetric_transit,9013,myopic_voi,1,False,10,-1,False,2.5,2.5,0.0,0.0,0.3499999999999997,0.998579331587392,0.6950000000000007,1.0498221244986785,0.5000000000000002,10,0,0,0,hold,hold|hold|hold|hold|hold|hold|hold|hold|hold|hold,1,50,0.003196875099092722,5a6747c815c5f65e1d18ec95348876194203044516667f92650522572196bf34
asymmetric_transit,9014,myopic_voi,2,False,10,-1,False,2.5,2.5,0.0,0.0,0.1499999999999999,0.9985793315873916,1.0950000000000004,1.897119984885882,0.5000000000000006,10,0,0,0,hold,hold|hold|hold|hold|hold|hold|hold|hold|hold|hold,1,50,0.003114874940365553,c4f63f4c4b900fe584b38ae060fb3aa3322240f0e5f93ccd9f899998800660d6
asymmetric_transit,9015,myopic_voi,1,False,10,-1,False,2.5,2.5,0.0,0.0,0.34999999999999976,0.9985793315873921,0.6950000000000006,1.0498221244986783,0.5,10,0,0,0,hold,hold|hold|hold|hold|hold|hold|hold|hold|hold|hold,1,50,0.0031252920161932707,083db2bcd74ef18aa97a3e6599bf47781f495c24675a42be379a55d1349520a3
asymmetric_transit,9016,myopic_voi,1,False,10,-1,False,2.5,2.5,0.0,0.0,0.3499999999999996,0.9985793315873919,0.6950000000000007,1.049822124498679,0.5000000000000001,10,0,0,0,hold,hold|hold|hold|hold|hold|hold|hold|hold|hold|hold,1,50,0.003172874916344881,09e089b6b94fc855cf046548a00a5cd181c1d599dd3a99b31f3d39f569b53ae7
asymmetric_transit,9017,myopic_voi,1,False,10,-1,False,2.5,2.5,0.0,0.0,0.34999999999999976,0.9985793315873921,0.6950000000000006,1.0498221244986783,0.5,10,0,0,0,hold,hold|hold|hold|hold|hold|hold|hold|hold|hold|hold,1,50,0.0031295837834477425,7b35ba45747f0b5ee3514dfebd0464551676e2376c38b60b70830fca78da1421
asymmetric_transit,9018,myopic_voi,1,False,10,-1,False,2.5,2.5,0.0,0.0,0.3499999999999999,0.9985793315873922,0.6950000000000002,1.0498221244986778,0.5,10,0,0,0,hold,hold|hold|hold|hold|hold|hold|hold|hold|hold|hold,1,50,0.0031155420001596212,9c49d6b3a08042cbb3814e56db7897cd1a37a632baeffa83b3407df7f391f618
asymmetric_transit,9019,myopic_voi,2,False,10,-1,False,2.5,2.5,0.0,0.0,0.1500000000000003,0.9985793315873922,1.0949999999999993,1.8971199848858793,0.4999999999999999,10,0,0,0,hold,hold|hold|hold|hold|hold|hold|hold|hold|hold|hold,1,50,0.003146040951833129,33eaee0c237a2ab40d9c8be9324194ae7c160a6d947c71852615e08bf0726c90
asymmetric_transit,9020,myopic_voi,0,False,10,-1,False,2.5,2.5,0.0,0.0,0.4999999999999999,0.9985793315873922,0.3950000000000001,0.6931471805599455,0.5,10,0,0,0,hold,hold|hold|hold|hold|hold|hold|hold|hold|hold|hold,1,50,0.0031285001896321774,3881ae919e32a3e874bd1e7a47f86c50db8f3d6aadfd334657a27dc2f420d0c5
asymmetric_transit,9021,myopic_voi,2,False,10,-1,False,2.5,2.5,0.0,0.0,0.15000000000000005,0.9985793315873921,1.095,1.897119984885881,0.4999999999999999,10,0,0,0,hold,hold|hold|hold|hold|hold|hold|hold|hold|hold|hold,1,50,0.0031230421736836433,80f23c69455b140ea15687ad26feef88ee1217266ae7341e3242669c7c3db608
asymmetric_transit,9022,myopic_voi,1,False,10,-1,False,2.5,2.5,0.0,0.0,0.3499999999999999,0.9985793315873922,0.6950000000000002,1.0498221244986778,0.5,10,0,0,0,hold,hold|hold|hold|hold|hold|hold|hold|hold|hold|hold,1,50,0.003185915993526578,817345563bbca12ab07354bd9d6957f250b419aafa568cb771f908b5ae3c6c7b
asymmetric_transit,9023,myopic_voi,2,False,10,-1,False,2.5,2.5,0.0,0.0,0.15000000000000016,0.9985793315873919,1.095,1.8971199848858802,0.5000000000000002,10,0,0,0,hold,hold|hold|hold|hold|hold|hold|hold|hold|hold|hold,1,50,0.003169666975736618,776dd71b7e4a6f6112baf2eb27ee1f19b208792d1966fd895c72fb0d031a8734
asymmetric_transit,9024,myopic_voi,1,False,10,-1,False,2.5,2.5,0.0,0.0,0.3499999999999993,0.9985793315873916,0.6950000000000017,1.0498221244986796,0.5000000000000003,10,0,0,0,hold,hold|hold|hold|hold|hold|hold|hold|hold|hold|hold,1,50,0.003115291940048337,a8f3bf0475c2cd6f092361b8eacca2a945ee60c2dc601c2c9e9c63c6a7d64f8d
asymmetric_transit,9025,myopic_voi,1,False,10,-1,False,2.5,2.5,0.0,0.0,0.35,0.9985793315873921,0.6950000000000001,1.0498221244986778,0.5,10,0,0,0,hold,hold|hold|hold|hold|hold|hold|hold|hold|hold|hold,1,50,0.003170875133946538,1926663c974fde1bbd540b1500f4d918a624764d39dad1c6009ebb92cfa0d659
asymmetric_transit,9026,myopic_voi,0,False,10,-1,False,2.5,2.5,0.0,0.0,0.49999999999999967,0.9985793315873923,0.39500000000000046,0.693147180559946,0.4999999999999999,10,0,0,0,hold,hold|hold|hold|hold|hold|hold|hold|hold|hold|hold,1,50,0.003132666926831007,7888791aa80c781c2d910d475517a50e54392fa04bbfc6acb868380bafd3c705
asymmetric_transit,9027,myopic_voi,0,False,10,-1,False,2.5,2.5,0.0,0.0,0.4999999999999998,0.9985793315873921,0.3950000000000004,0.6931471805599457,0.4999999999999999,10,0,0,0,hold,hold|hold|hold|hold|hold|hold|hold|hold|hold|hold,1,50,0.003168500028550625,0230c89daccce300ba3be8e0e208b298ea0aaa509798fa3ab41e4d9eb55ed93a
asymmetric_transit,9028,myopic_voi,1,False,10,-1,False,2.5,2.5,0.0,0.0,0.34999999999999964,0.9985793315873915,0.6950000000000012,1.0498221244986787,0.5000000000000004,10,0,0,0,hold,hold|hold|hold|hold|hold|hold|hold|hold|hold|hold,1,50,0.0032202498987317085,0c85b3d5e3bc1191653f0fd816c580c0cda900939a7d45e4cc85c5846aaf8171
asymmetric_transit,9029,myopic_voi,1,False,10,-1,False,2.5,2.5,0.0,0.0,0.3499999999999995,0.9985793315873916,0.6950000000000014,1.0498221244986792,0.5000000000000003,10,0,0,0,hold,hold|hold|hold|hold|hold|hold|hold|hold|hold|hold,1,50,0.0031624999828636646,9ff7126c2e40bd247d64d70d4715d78a09d434e19de99f3c0f0a6f06b91f3719
asymmetric_transit,9000,receding_horizon_voi,0,True,2,0,False,1.0920714471763013,0.25,0.8420714471763013,0.8825756576122078,0.9964750728433793,0.023437816754818243,2.484184791935476e-05,0.0035311543502596896,0.9828920211385718,0,1,1,1,spread,spread|probe_1,2,50,0.005235875025391579,3bd999e4ad018352d4dd5e026cfd7d4849e5a83c9d669a97a56a13f5624ebc8b
asymmetric_transit,9001,receding_horizon_voi,1,True,4,1,False,1.967133922685868,0.75,1.217133922685868,1.3514037519991657,0.9955034084673607,0.028788036664033984,4.043865323674952e-05,0.004506731608950189,0.7668080703227718,2,1,1,1,spread,spread|probe_1|hold|hold,2,100,0.01031941594555974,d3a33c032cfac64ca16cca514ba45d5b6dfb5e01d60b328c5be539cb035d329a
asymmetric_transit,9002,receding_horizon_voi,2,True,3,2,False,1.5772582213389355,0.5,1.0772582213389355,1.1644009137337283,0.9999987706095796,1.8809908270784486e-05,2.270042976584549e-12,1.229391176055215e-06,0.807672007704347,1,1,1,1,spread,spread|hold|probe_1,2,75,0.007739207940176129,95b1fc6fa610b5c15d51096e727288bb9f6dff26c4f2e216731fa28cb1f908db
asymmetric_transit,9003,receding_horizon_voi,1,True,2,1,False,1.1249440000000002,0.25,0.8749440000000002,0.8668800000000002,0.9999916372096013,0.00011193279478204971,1.0492108294115682e-10,8.362825367057029e-06,0.9243735037827797,1,1,0,0,spread,spread|hold,2,50,0.00525712501257658,855fd9d51b22d7f21015bc3b38980630c5d108feb0c0e9184c4183ebd58a03fa
asymmetric_transit,9004,receding_horizon_voi,1,True,3,1,False,1.5601310259609331,0.5,1.0601310259609331,1.1551501310929972,0.9999991244916797,1.3089612978776705e-05,1.5326301878352765e-12,8.755087035436779e-07,0.7340219255933693,1,1,1,1,spread,spread|probe_1|hold,2,75,0.0077507090754806995,8aeb8b9caec6aa4e2ff33d26e4734c832278b86f47e2252f7bd8e4ca52323f16
asymmetric_transit,9005,receding_horizon_voi,0,True,2,0,False,1.0920714471763013,0.25,0.8420714471763013,0.8825756576122078,0.999978949487884,0.000260665032830112,6.987133006379179e-10,2.105073368112274e-05,0.9662722828781914,0,1,1,1,spread,spread|probe_1,2,50,0.005175457801669836,877914219b86dae52be433f45a624fee7b2f88d32234441c7e8a6ad77322d16d
asymmetric_transit,9006,receding_horizon_voi,0,True,2,0,False,1.1249440000000002,0.25,0.8749440000000002,0.8668800000000002,0.9997720922501429,0.002198637250462586,9.687968450107582e-08,0.00022793372477503552,0.8895799083438458,1,1,0,0,spread,spread|hold,2,50,0.005242499988526106,5e76c4ebbbc4f80cb622e99ddc63cd11cebf9574b2646395da24c83c04fe1047
asymmetric_transit,9007,receding_horizon_voi,1,True,2,1,False,1.1249440000000002,0.25,0.8749440000000002,0.8668800000000002,0.9951735909729698,0.033883723919342995,3.5032050491176255e-05,0.0048380937510772775,0.9418082950020379,1,1,0,0,spread,spread|hold,2,50,0.005220749881118536,97e12a34fd7ba846f8ba42457b5ac27b7861f7c6b64c60e153f634fe6a41286e
asymmetric_transit,9008,receding_horizon_voi,0,True,4,0,False,1.967133922685868,0.75,1.217133922685868,1.3514037519991657,0.9995526597142198,0.0038973922849598027,4.0021247613512784e-07,0.0004474403722954364,0.7388005267778879,2,1,1,1,spread,spread|probe_1|hold|hold,2,100,0.010465290863066912,44a9667e6c437c2383c287d67d59e91be1cc052f58e4d8aed2c1029f4ad5ba77
asymmetric_transit,9009,receding_horizon_voi,0,True,3,0,False,1.5601310259609331,0.5,1.0601310259609331,1.1551501310929972,0.9999805589979454,0.00024331925280225014,5.764793542168444e-10,1.9441191033372903e-05,0.840645540024623,1,1,1,1,spread,spread|probe_1|hold,2,75,0.007785208057612181,eca7b82e77214b151a646e8ceef52f94621dffc529a479630e6af63f6b838305
asymmetric_transit,9010,receding_horizon_voi,0,True,2,0,False,1.0920714471763013,0.25,0.8420714471763013,0.8825756576122078,0.9999056379634772,0.001032137971547972,1.3563088509786093e-08,9.43664888998601e-05,0.9536554839037485,0,1,1,1,spread,spread|probe_1,2,50,0.0051759169436991215,b80ff09ffb1512ba43162d025a96d4491f2388df448dc1a852817eeaddf03106
asymmetric_transit,9011,receding_horizon_voi,0,True,2,0,False,1.0920714471763013,0.25,0.8420714471763013,0.8825756576122078,0.9981408615088252,0.014314122910368265,6.059421600192763e-06,0.0018608688341035108,0.9064954689864977,0,1,1,1,spread,spread|probe_1,2,50,0.005182834109291434,a82ed95feec9689e249df3a7ad9669e7e8cfcaf6f26e52625f04a96cecf9bce5
asymmetric_transit,9012,receding_horizon_voi,1,True,2,1,False,1.0920714471763013,0.25,0.8420714471763013,0.8825756576122078,0.9998042755902987,0.001937111720516545,6.87724503138104e-08,0.00019574356622319765,0.971418492129593,0,1,1,1,spread,spread|probe_1,2,50,0.005190500058233738,45af796421736db7c32b8e072c7120d35d5d8d29f0bbfbf427ee1754c264437e
asymmetric_transit,9013,receding_horizon_voi,1,True,2,1,False,1.0920714471763013,0.25,0.8420714471763013,0.8825756576122078,0.9994345803069403,0.005094748987390803,5.279780988613011e-07,0.0005655796030546744,0.9543747775488935,0,1,1,1,spread,spread|probe_1,2,50,0.005241165868937969,5a6747c815c5f65e1d18ec95348876194203044516667f92650522572196bf34
asymmetric_transit,9014,receding_horizon_voi,2,True,2,2,False,1.1249440000000002,0.25,0.8749440000000002,0.8668800000000002,0.9938882176598411,0.03993885996298955,6.464904029130989e-05,0.006130535731989626,0.8401911608802387,1,1,0,0,spread,spread|hold,2,50,0.005314209032803774,c4f63f4c4b900fe584b38ae060fb3aa3322240f0e5f93ccd9f899998800660d6
asymmetric_transit,9015,receding_horizon_voi,1,True,2,1,False,1.1249440000000002,0.25,0.8749440000000002,0.8668800000000002,0.9999739623553927,0.0003180181518398303,1.0405992799793126e-09,2.603798359264336e-05,0.9068212627540623,1,1,0,0,spread,spread|hold,2,50,0.005194166908040643,083db2bcd74ef18aa97a3e6599bf47781f495c24675a42be379a55d1349520a3
asymmetric_transit,9016,receding_horizon_voi,1,True,2,1,False,1.1249440000000002,0.25,0.8749440000000002,0.8668800000000002,0.9969536251514954,0.020746738286234384,1.851281221227791e-05,0.003051024493806187,0.8779753493172548,1,1,0,0,spread,spread|hold,2,50,0.0052238330245018005,09e089b6b94fc855cf046548a00a5cd181c1d599dd3a99b31f3d39f569b53ae7
asymmetric_transit,9017,receding_horizon_voi,1,True,2,1,False,1.0920714471763013,0.25,0.8420714471763013,0.8825756576122078,0.9999321122455617,0.0007299398071115081,8.898859656623235e-09,6.789005891623299e-05,0.9854814335998014,0,1,1,1,spread,spread|probe_1,2,50,0.005289125023409724,7b35ba45747f0b5ee3514dfebd0464551676e2376c38b60b70830fca78da1421
asymmetric_transit,9018,receding_horizon_voi,1,True,3,1,False,1.5601310259609331,0.5,1.0601310259609331,1.1551501310929972,0.9999999961959114,7.8120318387155e-08,2.7989096025508376e-17,3.804088606914834e-09,0.7712928623857377,1,1,1,1,spread,spread|probe_1|hold,2,75,0.007855749921873212,9c49d6b3a08042cbb3814e56db7897cd1a37a632baeffa83b3407df7f391f618
asymmetric_transit,9019,receding_horizon_voi,2,True,3,2,False,1.5772582213389355,0.5,1.0772582213389355,1.1644009137337283,0.9998500119847518,0.0014710797266463602,4.497725626698391e-08,0.00014999926457545285,0.8158403968737983,1,1,1,1,spread,spread|hold|probe_1,2,75,0.007871124893426895,33eaee0c237a2ab40d9c8be9324194ae7c160a6d947c71852615e08bf0726c90
asymmetric_transit,9020,receding_horizon_voi,0,True,3,0,False,1.5772582213389355,0.5,1.0772582213389355,1.1644009137337283,0.9999537780313528,0.000508461323449914,4.2616304149074416e-09,4.622303691534218e-05,0.9073340372762769,1,1,1,1,spread,spread|hold|probe_1,2,75,0.007703292183578014,3881ae919e32a3e874bd1e7a47f86c50db8f3d6aadfd334657a27dc2f420d0c5
asymmetric_transit,9021,receding_horizon_voi,2,True,3,2,False,1.5839628800000003,0.5,1.0839628800000003,1.1281536000000003,0.9994434259349797,0.00473035844616345,6.191290117764522e-07,0.000556729009860079,0.7852428895408597,2,1,0,0,spread,spread|hold|hold,2,75,0.007758209016174078,80f23c69455b140ea15687ad26feef88ee1217266ae7341e3242669c7c3db608
asymmetric_transit,9022,receding_horizon_voi,1,True,2,1,False,1.0920714471763013,0.25,0.8420714471763013,0.8825756576122078,0.9999926520325304,9.483994615746148e-05,1.0618692382492303e-10,7.347994466040531e-06,0.9359211334818276,0,1,1,1,spread,spread|probe_1,2,50,0.005233332980424166,817345563bbca12ab07354bd9d6957f250b419aafa568cb771f908b5ae3c6c7b
asymmetric_transit,9023,receding_horizon_voi,2,True,2,2,False,1.1249440000000002,0.25,0.8749440000000002,0.8668800000000002,0.9998354219825937,0.00165927444791599,4.8388700192940613e-08,0.00016459156185433095,0.816721074898213,1,1,0,0,spread,spread|hold,2,50,0.005207750014960766,776dd71b7e4a6f6112baf2eb27ee1f19b208792d1966fd895c72fb0d031a8734
asymmetric_transit,9024,receding_horizon_voi,1,True,3,1,False,1.5601310259609331,0.5,1.0601310259609331,1.1551501310929972,0.9999997105862239,4.650080915970657e-06,1.672547825189984e-13,2.8941381793579975e-07,0.8851928274519295,1,1,1,1,spread,spread|probe_1|hold,2,75,0.007842916995286942,a8f3bf0475c2cd6f092361b8eacca2a945ee60c2dc601c2c9e9c63c6a7d64f8d
asymmetric_transit,9025,receding_horizon_voi,1,True,3,1,False,1.5772582213389355,0.5,1.0772582213389355,1.1644009137337283,0.999996735669257,4.4510273323816094e-05,2.130490605314942e-11,3.2643360709860785e-06,0.9492554835789857,1,1,1,1,spread,spread|hold|probe_1,2,75,0.007834415882825851,1926663c974fde1bbd540b1500f4d918a624764d39dad1c6009ebb92cfa0d659
asymmetric_transit,9026,receding_horizon_voi,0,True,2,0,False,1.0920714471763013,0.25,0.8420714471763013,0.8825756576122078,0.9938742623481737,0.0396411879525221,6.677436228145837e-05,0.006144576958552724,0.8525015543265597,0,1,1,1,spread,spread|probe_1,2,50,0.005224583903327584,7888791aa80c781c2d910d475517a50e54392fa04bbfc6acb868380bafd3c705
asymmetric_transit,9027,receding_horizon_voi,0,True,2,0,False,1.0920714471763013,0.25,0.8420714471763013,0.8825756576122078,0.9997687676882694,0.002242847175898917,9.721554223376484e-08,0.00023125905004352628,0.9868026999697024,0,1,1,1,spread,spread|probe_1,2,50,0.005255666095763445,0230c89daccce300ba3be8e0e208b298ea0aaa509798fa3ab41e4d9eb55ed93a
asymmetric_transit,9028,receding_horizon_voi,1,True,3,1,False,1.5772582213389355,0.5,1.0772582213389355,1.1644009137337283,0.9999997082343647,4.704675896385657e-06,1.6775272687498664e-13,2.9176567788212066e-07,0.8620015731053607,1,1,1,1,spread,spread|hold|probe_1,2,75,0.007824167143553495,0c85b3d5e3bc1191653f0fd816c580c0cda900939a7d45e4cc85c5846aaf8171
asymmetric_transit,9029,receding_horizon_voi,1,True,2,1,False,1.0920714471763013,0.25,0.8420714471763013,0.8825756576122078,0.9998527122915943,0.0015119844134920423,3.7506238520316916e-08,0.00014729855630537503,0.9641070440283006,0,1,1,1,spread,spread|probe_1,2,50,0.005145334172993898,9ff7126c2e40bd247d64d70d4715d78a09d434e19de99f3c0f0a6f06b91f3719
asymmetric_transit,9000,computational_oracle,0,True,2,0,False,1.0920714471763013,0.25,0.8420714471763013,0.8825756576122078,0.9964750728433793,0.023437816754818243,2.484184791935476e-05,0.0035311543502596896,0.9828920211385718,0,1,1,1,spread,spread|probe_1,3,250,0.036093125119805336,3bd999e4ad018352d4dd5e026cfd7d4849e5a83c9d669a97a56a13f5624ebc8b
asymmetric_transit,9001,computational_oracle,1,True,4,1,False,1.967133922685868,0.75,1.217133922685868,1.3514037519991657,0.9955034084673607,0.028788036664033984,4.043865323674952e-05,0.004506731608950189,0.7668080703227718,2,1,1,1,spread,spread|probe_1|hold|hold,3,500,0.0723126670345664,d3a33c032cfac64ca16cca514ba45d5b6dfb5e01d60b328c5be539cb035d329a
asymmetric_transit,9002,computational_oracle,2,True,3,2,False,1.5772582213389355,0.5,1.0772582213389355,1.1644009137337283,0.9999987706095796,1.8809908270784486e-05,2.270042976584549e-12,1.229391176055215e-06,0.807672007704347,1,1,1,1,spread,spread|hold|probe_1,3,375,0.054476666962727904,95b1fc6fa610b5c15d51096e727288bb9f6dff26c4f2e216731fa28cb1f908db
asymmetric_transit,9003,computational_oracle,1,True,2,1,False,1.1249440000000002,0.25,0.8749440000000002,0.8668800000000002,0.9999916372096013,0.00011193279478204971,1.0492108294115682e-10,8.362825367057029e-06,0.9243735037827797,1,1,0,0,spread,spread|hold,3,250,0.03639312484301627,855fd9d51b22d7f21015bc3b38980630c5d108feb0c0e9184c4183ebd58a03fa
asymmetric_transit,9004,computational_oracle,1,True,3,1,False,1.5601310259609331,0.5,1.0601310259609331,1.1551501310929972,0.9999991244916797,1.3089612978776705e-05,1.5326301878352765e-12,8.755087035436779e-07,0.7340219255933693,1,1,1,1,spread,spread|probe_1|hold,3,375,0.05508600012399256,8aeb8b9caec6aa4e2ff33d26e4734c832278b86f47e2252f7bd8e4ca52323f16
asymmetric_transit,9005,computational_oracle,0,True,2,0,False,1.0920714471763013,0.25,0.8420714471763013,0.8825756576122078,0.999978949487884,0.000260665032830112,6.987133006379179e-10,2.105073368112274e-05,0.9662722828781914,0,1,1,1,spread,spread|probe_1,3,250,0.03640079195611179,877914219b86dae52be433f45a624fee7b2f88d32234441c7e8a6ad77322d16d
asymmetric_transit,9006,computational_oracle,0,True,2,0,False,1.1249440000000002,0.25,0.8749440000000002,0.8668800000000002,0.9997720922501429,0.002198637250462586,9.687968450107582e-08,0.00022793372477503552,0.8895799083438458,1,1,0,0,spread,spread|hold,3,250,0.03651170898228884,5e76c4ebbbc4f80cb622e99ddc63cd11cebf9574b2646395da24c83c04fe1047
asymmetric_transit,9007,computational_oracle,1,True,2,1,False,1.1249440000000002,0.25,0.8749440000000002,0.8668800000000002,0.9951735909729698,0.033883723919342995,3.5032050491176255e-05,0.0048380937510772775,0.9418082950020379,1,1,0,0,spread,spread|hold,3,250,0.03677366697229445,97e12a34fd7ba846f8ba42457b5ac27b7861f7c6b64c60e153f634fe6a41286e
asymmetric_transit,9008,computational_oracle,0,True,4,0,False,1.967133922685868,0.75,1.217133922685868,1.3514037519991657,0.9995526597142198,0.0038973922849598027,4.0021247613512784e-07,0.0004474403722954364,0.7388005267778879,2,1,1,1,spread,spread|probe_1|hold|hold,3,500,0.07278904202394187,44a9667e6c437c2383c287d67d59e91be1cc052f58e4d8aed2c1029f4ad5ba77
asymmetric_transit,9009,computational_oracle,0,True,3,0,False,1.5601310259609331,0.5,1.0601310259609331,1.1551501310929972,0.9999805589979454,0.00024331925280225014,5.764793542168444e-10,1.9441191033372903e-05,0.840645540024623,1,1,1,1,spread,spread|probe_1|hold,3,375,0.05455441609956324,eca7b82e77214b151a646e8ceef52f94621dffc529a479630e6af63f6b838305
asymmetric_transit,9010,computational_oracle,0,True,2,0,False,1.0920714471763013,0.25,0.8420714471763013,0.8825756576122078,0.9999056379634772,0.001032137971547972,1.3563088509786093e-08,9.43664888998601e-05,0.9536554839037485,0,1,1,1,spread,spread|probe_1,3,250,0.036408083979040384,b80ff09ffb1512ba43162d025a96d4491f2388df448dc1a852817eeaddf03106
asymmetric_transit,9011,computational_oracle,0,True,2,0,False,1.0920714471763013,0.25,0.8420714471763013,0.8825756576122078,0.9981408615088252,0.014314122910368265,6.059421600192763e-06,0.0018608688341035108,0.9064954689864977,0,1,1,1,spread,spread|probe_1,3,250,0.036671875044703484,a82ed95feec9689e249df3a7ad9669e7e8cfcaf6f26e52625f04a96cecf9bce5
asymmetric_transit,9012,computational_oracle,1,True,2,1,False,1.0920714471763013,0.25,0.8420714471763013,0.8825756576122078,0.9998042755902987,0.001937111720516545,6.87724503138104e-08,0.00019574356622319765,0.971418492129593,0,1,1,1,spread,spread|probe_1,3,250,0.03857183293439448,45af796421736db7c32b8e072c7120d35d5d8d29f0bbfbf427ee1754c264437e
asymmetric_transit,9013,computational_oracle,1,True,2,1,False,1.0920714471763013,0.25,0.8420714471763013,0.8825756576122078,0.9994345803069403,0.005094748987390803,5.279780988613011e-07,0.0005655796030546744,0.9543747775488935,0,1,1,1,spread,spread|probe_1,3,250,0.036897209007292986,5a6747c815c5f65e1d18ec95348876194203044516667f92650522572196bf34
asymmetric_transit,9014,computational_oracle,2,True,2,2,False,1.1249440000000002,0.25,0.8749440000000002,0.8668800000000002,0.9938882176598411,0.03993885996298955,6.464904029130989e-05,0.006130535731989626,0.8401911608802387,1,1,0,0,spread,spread|hold,3,250,0.03786562499590218,c4f63f4c4b900fe584b38ae060fb3aa3322240f0e5f93ccd9f899998800660d6
asymmetric_transit,9015,computational_oracle,1,True,2,1,False,1.1249440000000002,0.25,0.8749440000000002,0.8668800000000002,0.9999739623553927,0.0003180181518398303,1.0405992799793126e-09,2.603798359264336e-05,0.9068212627540623,1,1,0,0,spread,spread|hold,3,250,0.03714104206301272,083db2bcd74ef18aa97a3e6599bf47781f495c24675a42be379a55d1349520a3
asymmetric_transit,9016,computational_oracle,1,True,2,1,False,1.1249440000000002,0.25,0.8749440000000002,0.8668800000000002,0.9969536251514954,0.020746738286234384,1.851281221227791e-05,0.003051024493806187,0.8779753493172548,1,1,0,0,spread,spread|hold,3,250,0.03678991599008441,09e089b6b94fc855cf046548a00a5cd181c1d599dd3a99b31f3d39f569b53ae7
asymmetric_transit,9017,computational_oracle,1,True,2,1,False,1.0920714471763013,0.25,0.8420714471763013,0.8825756576122078,0.9999321122455617,0.0007299398071115081,8.898859656623235e-09,6.789005891623299e-05,0.9854814335998014,0,1,1,1,spread,spread|probe_1,3,250,0.03662874992005527,7b35ba45747f0b5ee3514dfebd0464551676e2376c38b60b70830fca78da1421
asymmetric_transit,9018,computational_oracle,1,True,3,1,False,1.5601310259609331,0.5,1.0601310259609331,1.1551501310929972,0.9999999961959114,7.8120318387155e-08,2.7989096025508376e-17,3.804088606914834e-09,0.7712928623857377,1,1,1,1,spread,spread|probe_1|hold,3,375,0.05491920793429017,9c49d6b3a08042cbb3814e56db7897cd1a37a632baeffa83b3407df7f391f618
asymmetric_transit,9019,computational_oracle,2,True,3,2,False,1.5772582213389355,0.5,1.0772582213389355,1.1644009137337283,0.9998500119847518,0.0014710797266463602,4.497725626698391e-08,0.00014999926457545285,0.8158403968737983,1,1,1,1,spread,spread|hold|probe_1,3,375,0.05486662499606609,33eaee0c237a2ab40d9c8be9324194ae7c160a6d947c71852615e08bf0726c90
asymmetric_transit,9020,computational_oracle,0,True,3,0,False,1.5772582213389355,0.5,1.0772582213389355,1.1644009137337283,0.9999537780313528,0.000508461323449914,4.2616304149074416e-09,4.622303691534218e-05,0.9073340372762769,1,1,1,1,spread,spread|hold|probe_1,3,375,0.05500374990515411,3881ae919e32a3e874bd1e7a47f86c50db8f3d6aadfd334657a27dc2f420d0c5
asymmetric_transit,9021,computational_oracle,2,True,3,2,False,1.5839628800000003,0.5,1.0839628800000003,1.1281536000000003,0.9994434259349797,0.00473035844616345,6.191290117764522e-07,0.000556729009860079,0.7852428895408597,2,1,0,0,spread,spread|hold|hold,3,375,0.056916290894150734,80f23c69455b140ea15687ad26feef88ee1217266ae7341e3242669c7c3db608
asymmetric_transit,9022,computational_oracle,1,True,2,1,False,1.0920714471763013,0.25,0.8420714471763013,0.8825756576122078,0.9999926520325304,9.483994615746148e-05,1.0618692382492303e-10,7.347994466040531e-06,0.9359211334818276,0,1,1,1,spread,spread|probe_1,3,250,0.037407832918688655,817345563bbca12ab07354bd9d6957f250b419aafa568cb771f908b5ae3c6c7b
asymmetric_transit,9023,computational_oracle,2,True,2,2,False,1.1249440000000002,0.25,0.8749440000000002,0.8668800000000002,0.9998354219825937,0.00165927444791599,4.8388700192940613e-08,0.00016459156185433095,0.816721074898213,1,1,0,0,spread,spread|hold,3,250,0.03919916693121195,776dd71b7e4a6f6112baf2eb27ee1f19b208792d1966fd895c72fb0d031a8734
asymmetric_transit,9024,computational_oracle,1,True,3,1,False,1.5601310259609331,0.5,1.0601310259609331,1.1551501310929972,0.9999997105862239,4.650080915970657e-06,1.672547825189984e-13,2.8941381793579975e-07,0.8851928274519295,1,1,1,1,spread,spread|probe_1|hold,3,375,0.055108833126723766,a8f3bf0475c2cd6f092361b8eacca2a945ee60c2dc601c2c9e9c63c6a7d64f8d
asymmetric_transit,9025,computational_oracle,1,True,3,1,False,1.5772582213389355,0.5,1.0772582213389355,1.1644009137337283,0.999996735669257,4.4510273323816094e-05,2.130490605314942e-11,3.2643360709860785e-06,0.9492554835789857,1,1,1,1,spread,spread|hold|probe_1,3,375,0.05481666699051857,1926663c974fde1bbd540b1500f4d918a624764d39dad1c6009ebb92cfa0d659
asymmetric_transit,9026,computational_oracle,0,True,2,0,False,1.0920714471763013,0.25,0.8420714471763013,0.8825756576122078,0.9938742623481737,0.0396411879525221,6.677436228145837e-05,0.006144576958552724,0.8525015543265597,0,1,1,1,spread,spread|probe_1,3,250,0.03677275008521974,7888791aa80c781c2d910d475517a50e54392fa04bbfc6acb868380bafd3c705
asymmetric_transit,9027,computational_oracle,0,True,2,0,False,1.0920714471763013,0.25,0.8420714471763013,0.8825756576122078,0.9997687676882694,0.002242847175898917,9.721554223376484e-08,0.00023125905004352628,0.9868026999697024,0,1,1,1,spread,spread|probe_1,3,250,0.03702633292414248,0230c89daccce300ba3be8e0e208b298ea0aaa509798fa3ab41e4d9eb55ed93a
asymmetric_transit,9028,computational_oracle,1,True,3,1,False,1.5772582213389355,0.5,1.0772582213389355,1.1644009137337283,0.9999997082343647,4.704675896385657e-06,1.6775272687498664e-13,2.9176567788212066e-07,0.8620015731053607,1,1,1,1,spread,spread|hold|probe_1,3,375,0.055362333077937365,0c85b3d5e3bc1191653f0fd816c580c0cda900939a7d45e4cc85c5846aaf8171
asymmetric_transit,9029,computational_oracle,1,True,2,1,False,1.0920714471763013,0.25,0.8420714471763013,0.8825756576122078,0.9998527122915943,0.0015119844134920423,3.7506238520316916e-08,0.00014729855630537503,0.9641070440283006,0,1,1,1,spread,spread|probe_1,3,250,0.03689812496304512,9ff7126c2e40bd247d64d70d4715d78a09d434e19de99f3c0f0a6f06b91f3719
four_mode_cross,9000,passive,0,False,10,-1,False,2.5,2.5,0.0,0.0,0.25,1.3862943611198906,0.75,1.3862943611198906,0.25,10,0,0,0,hold,hold|hold|hold|hold|hold|hold|hold|hold|hold|hold,0,0,0.0002412500325590372,2db979e9d6b2d55a072fe86b98674c2e4152d701d8175f7c4ec024bf98446ee6
four_mode_cross,9001,passive,2,False,10,-1,False,2.5,2.5,0.0,0.0,0.25,1.3862943611198906,0.75,1.3862943611198906,0.25,10,0,0,0,hold,hold|hold|hold|hold|hold|hold|hold|hold|hold|hold,0,0,0.0002102500293403864,2c12503da0ad0f7cf9f699cffc9b9ceb8e3614b40dbf2b6b25b5b1e5b6ef6f13
four_mode_cross,9002,passive,3,False,10,-1,False,2.5,2.5,0.0,0.0,0.25,1.3862943611198906,0.75,1.3862943611198906,0.25,10,0,0,0,hold,hold|hold|hold|hold|hold|hold|hold|hold|hold|hold,0,0,0.00019095814786851406,09ab93a8348bc84ed9f0e4ebf315dc8cd6cef40a95270a663d75101bd31abda1
four_mode_cross,9003,passive,3,False,10,-1,False,2.5,2.5,0.0,0.0,0.25,1.3862943611198906,0.75,1.3862943611198906,0.25,10,0,0,0,hold,hold|hold|hold|hold|hold|hold|hold|hold|hold|hold,0,0,0.0001865839585661888,1faa572e5175011c51a97e4ff0b51435a3a1b303f1af236f13a427e0c061d539
four_mode_cross,9004,passive,2,False,10,-1,False,2.5,2.5,0.0,0.0,0.25,1.3862943611198906,0.75,1.3862943611198906,0.25,10,0,0,0,hold,hold|hold|hold|hold|hold|hold|hold|hold|hold|hold,0,0,0.00020691705867648125,1120588f4fdf3985432700792e4ece0470c3dd393c375625811918385457cdd3
four_mode_cross,9005,passive,0,False,10,-1,False,2.5,2.5,0.0,0.0,0.25,1.3862943611198906,0.75,1.3862943611198906,0.25,10,0,0,0,hold,hold|hold|hold|hold|hold|hold|hold|hold|hold|hold,0,0,0.0001862498465925455,5a8c1946310cd22dab62adcad223967fec637aec5d68eb27636297cc5e72ff3c
four_mode_cross,9006,passive,1,False,10,-1,False,2.5,2.5,0.0,0.0,0.25,1.3862943611198906,0.75,1.3862943611198906,0.25,10,0,0,0,hold,hold|hold|hold|hold|hold|hold|hold|hold|hold|hold,0,0,0.00018691597506403923,5044132be2b3e823fa3c4566731a6f4de5ad338b9eb434dac1186ec69ccc835e
four_mode_cross,9007,passive,3,False,10,-1,False,2.5,2.5,0.0,0.0,0.25,1.3862943611198906,0.75,1.3862943611198906,0.25,10,0,0,0,hold,hold|hold|hold|hold|hold|hold|hold|hold|hold|hold,0,0,0.00018570898100733757,726e86b4a7927869e2c5adc1b5a618e056edfff014e11a2b04e8b380095c4162
four_mode_cross,9008,passive,1,False,10,-1,False,2.5,2.5,0.0,0.0,0.25,1.3862943611198906,0.75,1.3862943611198906,0.25,10,0,0,0,hold,hold|hold|hold|hold|hold|hold|hold|hold|hold|hold,0,0,0.00019629113376140594,714ce49daecc8166836d64afe5cd5ca45ee1de35ddd950f99ce5c0d3b410cdbf
four_mode_cross,9009,passive,1,False,10,-1,False,2.5,2.5,0.0,0.0,0.25,1.3862943611198906,0.75,1.3862943611198906,0.25,10,0,0,0,hold,hold|hold|hold|hold|hold|hold|hold|hold|hold|hold,0,0,0.00018449989147484303,a6768aab982d8f213efba5f35c4bdb6dd72b469c19b3a039d8938074c5dc9832
four_mode_cross,9010,passive,1,False,10,-1,False,2.5,2.5,0.0,0.0,0.25,1.3862943611198906,0.75,1.3862943611198906,0.25,10,0,0,0,hold,hold|hold|hold|hold|hold|hold|hold|hold|hold|hold,0,0,0.0001843329519033432,fd9e5e529b08e1015af45022b28fe3d2e23a51e70cf297bfc839471d854e1689
four_mode_cross,9011,passive,1,False,10,-1,False,2.5,2.5,0.0,0.0,0.25,1.3862943611198906,0.75,1.3862943611198906,0.25,10,0,0,0,hold,hold|hold|hold|hold|hold|hold|hold|hold|hold|hold,0,0,0.0001835830044001341,8bedd1afc44ce12909229451b2300f459f1de2f4c7451e5e908e6e6375c895f8
four_mode_cross,9012,passive,2,False,10,-1,False,2.5,2.5,0.0,0.0,0.25,1.3862943611198906,0.75,1.3862943611198906,0.25,10,0,0,0,hold,hold|hold|hold|hold|hold|hold|hold|hold|hold|hold,0,0,0.00019370880909264088,2bdc15045c57e5818d9d07859c763bea653955a66ffa6b177c4a84d94f8962a4
four_mode_cross,9013,passive,2,False,10,-1,False,2.5,2.5,0.0,0.0,0.25,1.3862943611198906,0.75,1.3862943611198906,0.25,10,0,0,0,hold,hold|hold|hold|hold|hold|hold|hold|hold|hold|hold,0,0,0.0001895411405712366,aa106c1d26a535aea90e0aa0eb8fd5d422b78ec4f8acf164671a7dee18265c9b
four_mode_cross,9014,passive,3,False,10,-1,False,2.5,2.5,0.0,0.0,0.25,1.3862943611198906,0.75,1.3862943611198906,0.25,10,0,0,0,hold,hold|hold|hold|hold|hold|hold|hold|hold|hold|hold,0,0,0.00019466597586870193,efcb1b0a94e8e4e602ac7fc1c3b2164eaa1295904794539a08298f82e98003bb
four_mode_cross,9015,passive,3,False,10,-1,False,2.5,2.5,0.0,0.0,0.25,1.3862943611198906,0.75,1.3862943611198906,0.25,10,0,0,0,hold,hold|hold|hold|hold|hold|hold|hold|hold|hold|hold,0,0,0.00018645799718797207,81dc16e6ecad2581d8da414416aaf862e5bfa73d7af80f1d7677860139fbcc54
four_mode_cross,9016,passive,3,False,10,-1,False,2.5,2.5,0.0,0.0,0.25,1.3862943611198906,0.75,1.3862943611198906,0.25,10,0,0,0,hold,hold|hold|hold|hold|hold|hold|hold|hold|hold|hold,0,0,0.00018562492914497852,5781849967a3617c14f99f173b65e4b322536b22339b1aa8f67d9b1103fee446
four_mode_cross,9017,passive,2,False,10,-1,False,2.5,2.5,0.0,0.0,0.25,1.3862943611198906,0.75,1.3862943611198906,0.25,10,0,0,0,hold,hold|hold|hold|hold|hold|hold|hold|hold|hold|hold,0,0,0.0001855418086051941,86ed1d0731ea1db299cb8ccd19f438a385692921b6b426d8815a073c7c85049d
four_mode_cross,9018,passive,2,False,10,-1,False,2.5,2.5,0.0,0.0,0.25,1.3862943611198906,0.75,1.3862943611198906,0.25,10,0,0,0,hold,hold|hold|hold|hold|hold|hold|hold|hold|hold|hold,0,0,0.00018512480892241,b4d4e1faae561e01f60f8cbf70be9b910dbc792c7c84531e13ece46d4e4e8122
four_mode_cross,9019,passive,3,False,10,-1,False,2.5,2.5,0.0,0.0,0.25,1.3862943611198906,0.75,1.3862943611198906,0.25,10,0,0,0,hold,hold|hold|hold|hold|hold|hold|hold|hold|hold|hold,0,0,0.00018500001169741154,7284c8559bb0cc69c63878d318ae4c82103034a27624dee2e1d575a710fa6268
four_mode_cross,9020,passive,1,False,10,-1,False,2.5,2.5,0.0,0.0,0.25,1.3862943611198906,0.75,1.3862943611198906,0.25,10,0,0,0,hold,hold|hold|hold|hold|hold|hold|hold|hold|hold|hold,0,0,0.00018970784731209278,e07e3cf7d299b96bfd1256a5c0c343acaa18263cc15ef82ae65bcbd619937c9a
four_mode_cross,9021,passive,3,False,10,-1,False,2.5,2.5,0.0,0.0,0.25,1.3862943611198906,0.75,1.3862943611198906,0.25,10,0,0,0,hold,hold|hold|hold|hold|hold|hold|hold|hold|hold|hold,0,0,0.0001871250569820404,f09a39f935d3009edf576fd76b9db3de66aadc31c1273cc5b4a1bb142f28034f
four_mode_cross,9022,passive,3,False,10,-1,False,2.5,2.5,0.0,0.0,0.25,1.3862943611198906,0.75,1.3862943611198906,0.25,10,0,0,0,hold,hold|hold|hold|hold|hold|hold|hold|hold|hold|hold,0,0,0.00018533389084041119,6605523367e93f85c8039ec05a3d2b879b9c21a3df339f3f7a5ba767f3b7f57c
four_mode_cross,9023,passive,3,False,10,-1,False,2.5,2.5,0.0,0.0,0.25,1.3862943611198906,0.75,1.3862943611198906,0.25,10,0,0,0,hold,hold|hold|hold|hold|hold|hold|hold|hold|hold|hold,0,0,0.00018404191359877586,832efa71cd6e96fbd1fcb1fe646b2abed866513c11ab58187638c933c6bdb7c2
four_mode_cross,9024,passive,3,False,10,-1,False,2.5,2.5,0.0,0.0,0.25,1.3862943611198906,0.75,1.3862943611198906,0.25,10,0,0,0,hold,hold|hold|hold|hold|hold|hold|hold|hold|hold|hold,0,0,0.00018512504175305367,09344f066b8ef258f375cdf38287fe39fccca0082fdaeb1639599124fafbd9e3
four_mode_cross,9025,passive,2,False,10,-1,False,2.5,2.5,0.0,0.0,0.25,1.3862943611198906,0.75,1.3862943611198906,0.25,10,0,0,0,hold,hold|hold|hold|hold|hold|hold|hold|hold|hold|hold,0,0,0.00018800003454089165,9ebface20b3261bfe78efcc43dc8000c71f76eaf5c52103dbc69b13a6ce66b38
four_mode_cross,9026,passive,1,False,10,-1,False,2.5,2.5,0.0,0.0,0.25,1.3862943611198906,0.75,1.3862943611198906,0.25,10,0,0,0,hold,hold|hold|hold|hold|hold|hold|hold|hold|hold|hold,0,0,0.00018724985420703888,63adabe7343f6a9d630bb49e4c03a4ecc9008f34da5eee5b9a07988a70598941
four_mode_cross,9027,passive,1,False,10,-1,False,2.5,2.5,0.0,0.0,0.25,1.3862943611198906,0.75,1.3862943611198906,0.25,10,0,0,0,hold,hold|hold|hold|hold|hold|hold|hold|hold|hold|hold,0,0,0.00018533295951783657,b254695d0d36d9e5be7587096c78c31502867fa80fee1f6582d9a583205f4280
four_mode_cross,9028,passive,2,False,10,-1,False,2.5,2.5,0.0,0.0,0.25,1.3862943611198906,0.75,1.3862943611198906,0.25,10,0,0,0,hold,hold|hold|hold|hold|hold|hold|hold|hold|hold|hold,0,0,0.00018429220654070377,a948fd90b2e71a8e24aa80175f481dbee592488a0bc43a59b914d5c54246de0a
four_mode_cross,9029,passive,3,False,10,-1,False,2.5,2.5,0.0,0.0,0.25,1.3862943611198906,0.75,1.3862943611198906,0.25,10,0,0,0,hold,hold|hold|hold|hold|hold|hold|hold|hold|hold|hold,0,0,0.00018345797434449196,d1463325043e5701b7868f4d5371059013a41e8b98e0318554f050862e63807a
four_mode_cross,9000,round_robin,0,True,3,0,False,3.1989562880000006,0.5,2.6989562880000006,2.4990336000000006,0.9999999206092781,1.3773405166051503e-06,1.2605773442409181e-14,7.939072503689635e-08,0.847932935430312,0,3,0,0,spread,spread|spread|spread,0,0,0.00011541694402694702,2db979e9d6b2d55a072fe86b98674c2e4152d701d8175f7c4ec024bf98446ee6
four_mode_cross,9001,round_robin,2,True,2,2,False,1.7305504000000003,0.25,1.4805504000000003,1.3708800000000003,0.9937768652399369,0.03781476768328423,7.745408601079044e-05,0.006242579175302795,0.7042406027073249,0,2,0,0,spread,spread|spread,0,0,8.724979124963284e-05,2c12503da0ad0f7cf9f699cffc9b9ceb8e3614b40dbf2b6b25b5b1e5b6ef6f13
four_mode_cross,9002,round_robin,3,True,2,3,False,1.7305504000000003,0.25,1.4805504000000003,1.3708800000000003,0.9999942108297047,7.566630847774574e-05,6.693321285226899e-11,5.789187052567191e-06,0.9245850999005927,0,2,0,0,spread,spread|spread,0,0,8.758390322327614e-05,09ab93a8348bc84ed9f0e4ebf315dc8cd6cef40a95270a663d75101bd31abda1
four_mode_cross,9003,round_robin,3,True,2,3,False,1.7305504000000003,0.25,1.4805504000000003,1.3708800000000003,0.9983948865857105,0.012179981266327751,4.976337944556833e-06,0.0016064029889529816,0.7522714343117788,0,2,0,0,spread,spread|spread,0,0,0.00011354195885360241,1faa572e5175011c51a97e4ff0b51435a3a1b303f1af236f13a427e0c061d539
four_mode_cross,9004,round_robin,2,True,2,2,False,1.7305504000000003,0.25,1.4805504000000003,1.3708800000000003,0.9995837873207919,0.0036562800687306393,3.464489337238054e-07,0.00041629931974670017,0.7237129340763488,0,2,0,0,spread,spread|spread,0,0,9.587500244379044e-05,1120588f4fdf3985432700792e4ece0470c3dd393c375625811918385457cdd3
four_mode_cross,9005,round_robin,0,True,2,0,False,1.7305504000000003,0.25,1.4805504000000003,1.3708800000000003,0.9999999764471957,4.3974797798124545e-07,1.0853233256207143e-15,2.355280453983949e-08,0.8859971756786567,0,2,0,0,spread,spread|spread,0,0,9.220815263688564e-05,5a8c1946310cd22dab62adcad223967fec637aec5d68eb27636297cc5e72ff3c
four_mode_cross,9006,round_robin,1,True,2,1,False,1.7305504000000003,0.25,1.4805504000000003,1.3708800000000003,0.9998286417017898,0.0016579021449291624,5.8704870227076636e-08,0.00017137298172087892,0.767026911881711,0,2,0,0,spread,spread|spread,0,0,8.875015191733837e-05,5044132be2b3e823fa3c4566731a6f4de5ad338b9eb434dac1186ec69ccc835e
four_mode_cross,9007,round_robin,3,True,2,3,False,1.7305504000000003,0.25,1.4805504000000003,1.3708800000000003,0.9999993325620942,1.0167701534747116e-05,8.892136609239986e-13,6.674381285692358e-07,0.7678081594006324,0,2,0,0,spread,spread|spread,0,0,8.841697126626968e-05,726e86b4a7927869e2c5adc1b5a618e056edfff014e11a2b04e8b380095c4162
four_mode_cross,9008,round_robin,1,True,2,1,False,1.7305504000000003,0.25,1.4805504000000003,1.3708800000000003,0.9999999094920902,1.5696764345514145e-06,1.5948659849020677e-14,9.050791392928937e-08,0.8055650574680322,0,2,0,0,spread,spread|spread,0,0,8.941697888076305e-05,714ce49daecc8166836d64afe5cd5ca45ee1de35ddd950f99ce5c0d3b410cdbf
four_mode_cross,9009,round_robin,1,True,2,1,False,1.7305504000000003,0.25,1.4805504000000003,1.3708800000000003,0.9999497166345807,0.0005596032931000579,4.764882699047935e-09,5.02846296701454e-05,0.8500999883000346,0,2,0,0,spread,spread|spread,0,0,8.7750144302845e-05,a6768aab982d8f213efba5f35c4bdb6dd72b469c19b3a039d8938074c5dc9832
four_mode_cross,9010,round_robin,1,True,2,1,False,1.7305504000000003,0.25,1.4805504000000003,1.3708800000000003,0.9999953505740223,6.21887300869824e-05,4.240006526784426e-11,4.64943678627973e-06,0.8970846704250368,0,2,0,0,spread,spread|spread,0,0,8.812500163912773e-05,fd9e5e529b08e1015af45022b28fe3d2e23a51e70cf297bfc839471d854e1689
four_mode_cross,9011,round_robin,1,True,2,1,False,1.7305504000000003,0.25,1.4805504000000003,1.3708800000000003,0.9999993743434856,9.940903798413602e-06,6.209085499183515e-13,6.256567100978581e-07,0.9649808103841675,0,2,0,0,spread,spread|spread,0,0,8.554104715585709e-05,8bedd1afc44ce12909229451b2300f459f1de2f4c7451e5e908e6e6375c895f8
four_mode_cross,9012,round_robin,2,True,3,2,False,3.1989562880000006,0.5,2.6989562880000006,2.4990336000000006,0.9999999999999998,1.038383737896571e-13,6.509314276861427e-32,2.2204460492503136e-16,0.8206012031020018,0,3,0,0,spread,spread|spread|spread,0,0,0.00011033285409212112,2bdc15045c57e5818d9d07859c763bea653955a66ffa6b177c4a84d94f8962a4
four_mode_cross,9013,round_robin,2,True,2,2,False,1.7305504000000003,0.25,1.4805504000000003,1.3708800000000003,0.9993870847819599,0.005200436119014459,7.384959581772825e-07,0.0006131031273579069,0.8522322360641623,0,2,0,0,spread,spread|spread,0,0,8.650007657706738e-05,aa106c1d26a535aea90e0aa0eb8fd5d422b78ec4f8acf164671a7dee18265c9b
four_mode_cross,9014,round_robin,3,True,2,3,False,1.7305504000000003,0.25,1.4805504000000003,1.3708800000000003,0.9999942184871692,7.802772584017477e-05,5.7988787301588916e-11,5.781529543825573e-06,0.7033336867553346,0,2,0,0,spread,spread|spread,0,0,8.541601710021496e-05,efcb1b0a94e8e4e602ac7fc1c3b2164eaa1295904794539a08298f82e98003bb
four_mode_cross,9015,round_robin,3,True,2,3,False,1.7305504000000003,0.25,1.4805504000000003,1.3708800000000003,0.9986072029405896,0.010556008607525483,3.878355393092494e-06,0.0013937679027980238,0.878515159383636,0,2,0,0,spread,spread|spread,0,0,8.470797911286354e-05,81dc16e6ecad2581d8da414416aaf862e5bfa73d7af80f1d7677860139fbcc54
four_mode_cross,9016,round_robin,3,True,2,3,False,1.7305504000000003,0.25,1.4805504000000003,1.3708800000000003,0.9999878263176376,0.00015165666977123203,2.87224925463318e-10,1.2173756462265534e-05,0.9312220324376823,0,2,0,0,spread,spread|spread,0,0,8.395803160965443e-05,5781849967a3617c14f99f173b65e4b322536b22339b1aa8f67d9b1103fee446
four_mode_cross,9017,round_robin,2,True,2,2,False,1.7305504000000003,0.25,1.4805504000000003,1.3708800000000003,0.9999975093374166,3.541809454306069e-05,1.1324806885628823e-11,2.4906656851038976e-06,0.7596985476909782,0,2,0,0,spread,spread|spread,0,0,8.695805445313454e-05,86ed1d0731ea1db299cb8ccd19f438a385692921b6b426d8815a073c7c85049d
four_mode_cross,9018,round_robin,2,True,2,2,False,1.7305504000000003,0.25,1.4805504000000003,1.3708800000000003,0.9999388995627174,0.0006542449643762928,7.462365184376343e-09,6.110230399033586e-05,0.8622703040723875,0,2,0,0,spread,spread|spread,0,0,8.725002408027649e-05,b4d4e1faae561e01f60f8cbf70be9b910dbc792c7c84531e13ece46d4e4e8122
four_mode_cross,9019,round_robin,3,True,3,3,False,3.1989562880000006,0.5,2.6989562880000006,2.4990336000000006,0.9999999999999998,1.038383737896571e-13,7.931568131572684e-32,2.2204460492503136e-16,0.7957256707888257,0,3,0,0,spread,spread|spread|spread,0,0,0.00011058291420340538,7284c8559bb0cc69c63878d318ae4c82103034a27624dee2e1d575a710fa6268
four_mode_cross,9020,round_robin,1,True,2,1,False,1.7305504000000003,0.25,1.4805504000000003,1.3708800000000003,0.9999903259133615,0.00012143438062886506,1.8702674223300705e-10,9.674133432822684e-06,0.8966970768145107,0,2,0,0,spread,spread|spread,0,0,8.483300916850567e-05,e07e3cf7d299b96bfd1256a5c0c343acaa18263cc15ef82ae65bcbd619937c9a
four_mode_cross,9021,round_robin,3,True,2,3,False,1.7305504000000003,0.25,1.4805504000000003,1.3708800000000003,0.998628208644889,0.010421631855678435,3.7608043708894575e-06,0.0013727331222425216,0.8713557271651535,0,2,0,0,spread,spread|spread,0,0,8.38330015540123e-05,f09a39f935d3009edf576fd76b9db3de66aadc31c1273cc5b4a1bb142f28034f
four_mode_cross,9022,round_robin,3,True,2,3,False,1.7305504000000003,0.25,1.4805504000000003,1.3708800000000003,0.9903846161998826,0.05430660801393808,0.00018471812639387036,0.009661910088554456,0.7134585808217937,0,2,0,0,spread,spread|spread,0,0,8.620787411928177e-05,6605523367e93f85c8039ec05a3d2b879b9c21a3df339f3f7a5ba767f3b7f57c
four_mode_cross,9023,round_robin,3,True,2,3,False,1.7305504000000003,0.25,1.4805504000000003,1.3708800000000003,0.9999991532101685,1.2810731504911504e-05,1.3876470658080116e-12,8.467901900035026e-07,0.8520009235656238,0,2,0,0,spread,spread|spread,0,0,8.979206904768944e-05,832efa71cd6e96fbd1fcb1fe646b2abed866513c11ab58187638c933c6bdb7c2
four_mode_cross,9024,round_robin,3,True,3,3,False,3.1989562880000006,0.5,2.6989562880000006,2.4990336000000006,1.0,1.0361632918473207e-13,2.0569735942986637e-37,-0.0,0.8202863827456968,0,3,0,0,spread,spread|spread|spread,0,0,0.00011258316226303577,09344f066b8ef258f375cdf38287fe39fccca0082fdaeb1639599124fafbd9e3
four_mode_cross,9025,round_robin,2,True,2,2,False,1.7305504000000003,0.25,1.4805504000000003,1.3708800000000003,0.9951116988001941,0.031120813112025327,4.739966864047033e-05,0.004900288023540237,0.8573040484467158,0,2,0,0,spread,spread|spread,0,0,8.695805445313454e-05,9ebface20b3261bfe78efcc43dc8000c71f76eaf5c52103dbc69b13a6ce66b38
four_mode_cross,9026,round_robin,1,True,2,1,False,1.7305504000000003,0.25,1.4805504000000003,1.3708800000000003,0.9964550530569286,0.023617229543749802,2.50527483160458e-05,0.003551245156446233,0.7682381876103876,0,2,0,0,spread,spread|spread,0,0,8.479179814457893e-05,63adabe7343f6a9d630bb49e4c03a4ecc9008f34da5eee5b9a07988a70598941
four_mode_cross,9027,round_robin,1,True,2,1,False,1.7305504000000003,0.25,1.4805504000000003,1.3708800000000003,0.9997422149811434,0.002449591036834337,1.248911472172951e-07,0.00025781825112593243,0.727319883149203,0,2,0,0,spread,spread|spread,0,0,8.420809172093868e-05,b254695d0d36d9e5be7587096c78c31502867fa80fee1f6582d9a583205f4280
four_mode_cross,9028,round_robin,2,True,2,2,False,1.7305504000000003,0.25,1.4805504000000003,1.3708800000000003,0.9998049387639732,0.001862052328159973,7.60638304250784e-08,0.00019508026294396644,0.744816886607482,0,2,0,0,spread,spread|spread,0,0,8.412497118115425e-05,a948fd90b2e71a8e24aa80175f481dbee592488a0bc43a59b914d5c54246de0a
four_mode_cross,9029,round_robin,3,True,2,3,False,1.7305504000000003,0.25,1.4805504000000003,1.3708800000000003,0.9999217987957937,0.0008223792470908025,1.2099372685145152e-08,7.820426207990879e-05,0.7524941780647727,0,2,0,0,spread,spread|spread,0,0,8.516712114214897e-05,d1463325043e5701b7868f4d5371059013a41e8b98e0318554f050862e63807a
four_mode_cross,9000,myopic_voi,0,False,10,-1,False,2.5,2.5,0.0,0.0,0.25,1.3862943611198906,0.75,1.3862943611198906,0.25,10,0,0,0,hold,hold|hold|hold|hold|hold|hold|hold|hold|hold|hold,1,60,0.004645083099603653,2db979e9d6b2d55a072fe86b98674c2e4152d701d8175f7c4ec024bf98446ee6
four_mode_cross,9001,myopic_voi,2,False,10,-1,False,2.5,2.5,0.0,0.0,0.25,1.3862943611198906,0.75,1.3862943611198906,0.25,10,0,0,0,hold,hold|hold|hold|hold|hold|hold|hold|hold|hold|hold,1,60,0.004677083110436797,2c12503da0ad0f7cf9f699cffc9b9ceb8e3614b40dbf2b6b25b5b1e5b6ef6f13
four_mode_cross,9002,myopic_voi,3,False,10,-1,False,2.5,2.5,0.0,0.0,0.25,1.3862943611198906,0.75,1.3862943611198906,0.25,10,0,0,0,hold,hold|hold|hold|hold|hold|hold|hold|hold|hold|hold,1,60,0.004648457979783416,09ab93a8348bc84ed9f0e4ebf315dc8cd6cef40a95270a663d75101bd31abda1
four_mode_cross,9003,myopic_voi,3,False,10,-1,False,2.5,2.5,0.0,0.0,0.25,1.3862943611198906,0.75,1.3862943611198906,0.25,10,0,0,0,hold,hold|hold|hold|hold|hold|hold|hold|hold|hold|hold,1,60,0.004661791026592255,1faa572e5175011c51a97e4ff0b51435a3a1b303f1af236f13a427e0c061d539
four_mode_cross,9004,myopic_voi,2,False,10,-1,False,2.5,2.5,0.0,0.0,0.25,1.3862943611198906,0.75,1.3862943611198906,0.25,10,0,0,0,hold,hold|hold|hold|hold|hold|hold|hold|hold|hold|hold,1,60,0.004652541130781174,1120588f4fdf3985432700792e4ece0470c3dd393c375625811918385457cdd3
four_mode_cross,9005,myopic_voi,0,False,10,-1,False,2.5,2.5,0.0,0.0,0.25,1.3862943611198906,0.75,1.3862943611198906,0.25,10,0,0,0,hold,hold|hold|hold|hold|hold|hold|hold|hold|hold|hold,1,60,0.004698541946709156,5a8c1946310cd22dab62adcad223967fec637aec5d68eb27636297cc5e72ff3c
four_mode_cross,9006,myopic_voi,1,False,10,-1,False,2.5,2.5,0.0,0.0,0.25,1.3862943611198906,0.75,1.3862943611198906,0.25,10,0,0,0,hold,hold|hold|hold|hold|hold|hold|hold|hold|hold|hold,1,60,0.004594916943460703,5044132be2b3e823fa3c4566731a6f4de5ad338b9eb434dac1186ec69ccc835e
four_mode_cross,9007,myopic_voi,3,False,10,-1,False,2.5,2.5,0.0,0.0,0.25,1.3862943611198906,0.75,1.3862943611198906,0.25,10,0,0,0,hold,hold|hold|hold|hold|hold|hold|hold|hold|hold|hold,1,60,0.004666165914386511,726e86b4a7927869e2c5adc1b5a618e056edfff014e11a2b04e8b380095c4162
four_mode_cross,9008,myopic_voi,1,False,10,-1,False,2.5,2.5,0.0,0.0,0.25,1.3862943611198906,0.75,1.3862943611198906,0.25,10,0,0,0,hold,hold|hold|hold|hold|hold|hold|hold|hold|hold|hold,1,60,0.00462549994699657,714ce49daecc8166836d64afe5cd5ca45ee1de35ddd950f99ce5c0d3b410cdbf
four_mode_cross,9009,myopic_voi,1,False,10,-1,False,2.5,2.5,0.0,0.0,0.25,1.3862943611198906,0.75,1.3862943611198906,0.25,10,0,0,0,hold,hold|hold|hold|hold|hold|hold|hold|hold|hold|hold,1,60,0.004587542032822967,a6768aab982d8f213efba5f35c4bdb6dd72b469c19b3a039d8938074c5dc9832
four_mode_cross,9010,myopic_voi,1,False,10,-1,False,2.5,2.5,0.0,0.0,0.25,1.3862943611198906,0.75,1.3862943611198906,0.25,10,0,0,0,hold,hold|hold|hold|hold|hold|hold|hold|hold|hold|hold,1,60,0.004708874970674515,fd9e5e529b08e1015af45022b28fe3d2e23a51e70cf297bfc839471d854e1689
four_mode_cross,9011,myopic_voi,1,False,10,-1,False,2.5,2.5,0.0,0.0,0.25,1.3862943611198906,0.75,1.3862943611198906,0.25,10,0,0,0,hold,hold|hold|hold|hold|hold|hold|hold|hold|hold|hold,1,60,0.0046292918268591166,8bedd1afc44ce12909229451b2300f459f1de2f4c7451e5e908e6e6375c895f8
four_mode_cross,9012,myopic_voi,2,False,10,-1,False,2.5,2.5,0.0,0.0,0.25,1.3862943611198906,0.75,1.3862943611198906,0.25,10,0,0,0,hold,hold|hold|hold|hold|hold|hold|hold|hold|hold|hold,1,60,0.004695459036156535,2bdc15045c57e5818d9d07859c763bea653955a66ffa6b177c4a84d94f8962a4
four_mode_cross,9013,myopic_voi,2,False,10,-1,False,2.5,2.5,0.0,0.0,0.25,1.3862943611198906,0.75,1.3862943611198906,0.25,10,0,0,0,hold,hold|hold|hold|hold|hold|hold|hold|hold|hold|hold,1,60,0.004626167006790638,aa106c1d26a535aea90e0aa0eb8fd5d422b78ec4f8acf164671a7dee18265c9b
four_mode_cross,9014,myopic_voi,3,False,10,-1,False,2.5,2.5,0.0,0.0,0.25,1.3862943611198906,0.75,1.3862943611198906,0.25,10,0,0,0,hold,hold|hold|hold|hold|hold|hold|hold|hold|hold|hold,1,60,0.004637666046619415,efcb1b0a94e8e4e602ac7fc1c3b2164eaa1295904794539a08298f82e98003bb
four_mode_cross,9015,myopic_voi,3,False,10,-1,False,2.5,2.5,0.0,0.0,0.25,1.3862943611198906,0.75,1.3862943611198906,0.25,10,0,0,0,hold,hold|hold|hold|hold|hold|hold|hold|hold|hold|hold,1,60,0.0045964999590069056,81dc16e6ecad2581d8da414416aaf862e5bfa73d7af80f1d7677860139fbcc54
four_mode_cross,9016,myopic_voi,3,False,10,-1,False,2.5,2.5,0.0,0.0,0.25,1.3862943611198906,0.75,1.3862943611198906,0.25,10,0,0,0,hold,hold|hold|hold|hold|hold|hold|hold|hold|hold|hold,1,60,0.004719124874100089,5781849967a3617c14f99f173b65e4b322536b22339b1aa8f67d9b1103fee446
four_mode_cross,9017,myopic_voi,2,False,10,-1,False,2.5,2.5,0.0,0.0,0.25,1.3862943611198906,0.75,1.3862943611198906,0.25,10,0,0,0,hold,hold|hold|hold|hold|hold|hold|hold|hold|hold|hold,1,60,0.004636833909898996,86ed1d0731ea1db299cb8ccd19f438a385692921b6b426d8815a073c7c85049d
four_mode_cross,9018,myopic_voi,2,False,10,-1,False,2.5,2.5,0.0,0.0,0.25,1.3862943611198906,0.75,1.3862943611198906,0.25,10,0,0,0,hold,hold|hold|hold|hold|hold|hold|hold|hold|hold|hold,1,60,0.004673333838582039,b4d4e1faae561e01f60f8cbf70be9b910dbc792c7c84531e13ece46d4e4e8122
four_mode_cross,9019,myopic_voi,3,False,10,-1,False,2.5,2.5,0.0,0.0,0.25,1.3862943611198906,0.75,1.3862943611198906,0.25,10,0,0,0,hold,hold|hold|hold|hold|hold|hold|hold|hold|hold|hold,1,60,0.004691042006015778,7284c8559bb0cc69c63878d318ae4c82103034a27624dee2e1d575a710fa6268
four_mode_cross,9020,myopic_voi,1,False,10,-1,False,2.5,2.5,0.0,0.0,0.25,1.3862943611198906,0.75,1.3862943611198906,0.25,10,0,0,0,hold,hold|hold|hold|hold|hold|hold|hold|hold|hold|hold,1,60,0.004676583921536803,e07e3cf7d299b96bfd1256a5c0c343acaa18263cc15ef82ae65bcbd619937c9a
four_mode_cross,9021,myopic_voi,3,False,10,-1,False,2.5,2.5,0.0,0.0,0.25,1.3862943611198906,0.75,1.3862943611198906,0.25,10,0,0,0,hold,hold|hold|hold|hold|hold|hold|hold|hold|hold|hold,1,60,0.0045781668741256,f09a39f935d3009edf576fd76b9db3de66aadc31c1273cc5b4a1bb142f28034f
four_mode_cross,9022,myopic_voi,3,False,10,-1,False,2.5,2.5,0.0,0.0,0.25,1.3862943611198906,0.75,1.3862943611198906,0.25,10,0,0,0,hold,hold|hold|hold|hold|hold|hold|hold|hold|hold|hold,1,60,0.004625792149454355,6605523367e93f85c8039ec05a3d2b879b9c21a3df339f3f7a5ba767f3b7f57c
four_mode_cross,9023,myopic_voi,3,False,10,-1,False,2.5,2.5,0.0,0.0,0.25,1.3862943611198906,0.75,1.3862943611198906,0.25,10,0,0,0,hold,hold|hold|hold|hold|hold|hold|hold|hold|hold|hold,1,60,0.004700458841398358,832efa71cd6e96fbd1fcb1fe646b2abed866513c11ab58187638c933c6bdb7c2
four_mode_cross,9024,myopic_voi,3,False,10,-1,False,2.5,2.5,0.0,0.0,0.25,1.3862943611198906,0.75,1.3862943611198906,0.25,10,0,0,0,hold,hold|hold|hold|hold|hold|hold|hold|hold|hold|hold,1,60,0.004643084015697241,09344f066b8ef258f375cdf38287fe39fccca0082fdaeb1639599124fafbd9e3
four_mode_cross,9025,myopic_voi,2,False,10,-1,False,2.5,2.5,0.0,0.0,0.25,1.3862943611198906,0.75,1.3862943611198906,0.25,10,0,0,0,hold,hold|hold|hold|hold|hold|hold|hold|hold|hold|hold,1,60,0.004620959050953388,9ebface20b3261bfe78efcc43dc8000c71f76eaf5c52103dbc69b13a6ce66b38
four_mode_cross,9026,myopic_voi,1,False,10,-1,False,2.5,2.5,0.0,0.0,0.25,1.3862943611198906,0.75,1.3862943611198906,0.25,10,0,0,0,hold,hold|hold|hold|hold|hold|hold|hold|hold|hold|hold,1,60,0.004608208080753684,63adabe7343f6a9d630bb49e4c03a4ecc9008f34da5eee5b9a07988a70598941
four_mode_cross,9027,myopic_voi,1,False,10,-1,False,2.5,2.5,0.0,0.0,0.25,1.3862943611198906,0.75,1.3862943611198906,0.25,10,0,0,0,hold,hold|hold|hold|hold|hold|hold|hold|hold|hold|hold,1,60,0.004716666182503104,b254695d0d36d9e5be7587096c78c31502867fa80fee1f6582d9a583205f4280
four_mode_cross,9028,myopic_voi,2,False,10,-1,False,2.5,2.5,0.0,0.0,0.25,1.3862943611198906,0.75,1.3862943611198906,0.25,10,0,0,0,hold,hold|hold|hold|hold|hold|hold|hold|hold|hold|hold,1,60,0.0045999588910490274,a948fd90b2e71a8e24aa80175f481dbee592488a0bc43a59b914d5c54246de0a
four_mode_cross,9029,myopic_voi,3,False,10,-1,False,2.5,2.5,0.0,0.0,0.25,1.3862943611198906,0.75,1.3862943611198906,0.25,10,0,0,0,hold,hold|hold|hold|hold|hold|hold|hold|hold|hold|hold,1,60,0.004684792133048177,d1463325043e5701b7868f4d5371059013a41e8b98e0318554f050862e63807a
four_mode_cross,9000,receding_horizon_voi,0,True,5,0,False,2.3054288818247075,1.0,1.3054288818247075,1.455386102280884,0.9999999999917428,2.190480667375653e-10,1.3636131333235337e-22,8.25717272338123e-12,0.8862785687557884,3,1,1,1,spread,spread|probe_2|hold|hold|hold,2,180,0.023795624962076545,2db979e9d6b2d55a072fe86b98674c2e4152d701d8175f7c4ec024bf98446ee6
four_mode_cross,9001,receding_horizon_voi,2,True,3,2,False,1.6704078866390328,0.5,1.1704078866390328,1.286609858298791,0.9999987011406241,1.89044361889967e-05,3.3738766991715987e-12,1.298860219460777e-06,0.6716582714114573,1,1,1,1,spread,spread|probe_0|hold,2,108,0.014336667023599148,2c12503da0ad0f7cf9f699cffc9b9ceb8e3614b40dbf2b6b25b5b1e5b6ef6f13
four_mode_cross,9002,receding_horizon_voi,3,True,2,3,False,1.0846240000000003,0.25,0.8346240000000003,0.8668800000000002,0.997480912514094,0.01771633393560325,1.2581647945529908e-05,0.002522265725417737,0.9233284507427872,1,1,0,0,spread,spread|hold,2,72,0.00942366593517363,09ab93a8348bc84ed9f0e4ebf315dc8cd6cef40a95270a663d75101bd31abda1
four_mode_cross,9003,receding_horizon_voi,3,True,3,3,False,1.6704078866390328,0.5,1.1704078866390328,1.286609858298791,0.999999974091643,4.964445602448691e-07,1.0070576592271578e-15,2.590835735094661e-08,0.8196727237768924,1,1,1,1,spread,spread|probe_3|hold,2,108,0.01420300011523068,1faa572e5175011c51a97e4ff0b51435a3a1b303f1af236f13a427e0c061d539
four_mode_cross,9004,receding_horizon_voi,2,True,3,2,False,1.5436428800000004,0.5,1.0436428800000004,1.1281536000000003,0.9999914256860246,0.000108794050878447,1.465673170884254e-10,8.574350735024861e-06,0.8042409502294708,2,1,0,0,spread,spread|hold|hold,2,108,0.014176374999806285,1120588f4fdf3985432700792e4ece0470c3dd393c375625811918385457cdd3
four_mode_cross,9005,receding_horizon_voi,0,True,2,0,False,1.1583245852552517,0.25,0.9083245852552517,0.9590057315690645,0.9999773607548849,0.00027081288776199634,9.539937592387673e-10,2.2639501386718935e-05,0.8859858678325012,0,1,1,1,spread,spread|probe_0,2,72,0.009403583128005266,5a8c1946310cd22dab62adcad223967fec637aec5d68eb27636297cc5e72ff3c
four_mode_cross,9006,receding_horizon_voi,1,True,2,1,False,1.1583245852552517,0.25,0.9083245852552517,0.9590057315690645,0.9901406309476491,0.055996956652459504,0.00019221019402917877,0.009908294479583177,0.7621829065046407,0,1,1,1,spread,spread|probe_0,2,72,0.009467000141739845,5044132be2b3e823fa3c4566731a6f4de5ad338b9eb434dac1186ec69ccc835e
four_mode_cross,9007,receding_horizon_voi,3,True,2,3,False,1.1583245852552517,0.25,0.9083245852552517,0.9590057315690645,0.9999548670154315,0.0004987127360707277,4.043805205753854e-09,4.513400309233525e-05,0.767785926627301,0,1,1,1,spread,spread|probe_3,2,72,0.009482374880462885,726e86b4a7927869e2c5adc1b5a618e056edfff014e11a2b04e8b380095c4162
four_mode_cross,9008,receding_horizon_voi,1,True,2,1,False,1.1583245852552517,0.25,0.9083245852552517,0.9590057315690645,0.9995925903534055,0.0036130261315800707,3.282145515377996e-07,0.0004074926604524023,0.8053613978986899,0,1,1,1,spread,spread|probe_0,2,72,0.009454792132601142,714ce49daecc8166836d64afe5cd5ca45ee1de35ddd950f99ce5c0d3b410cdbf
four_mode_cross,9009,receding_horizon_voi,1,True,2,1,False,1.1583245852552517,0.25,0.9083245852552517,0.9590057315690645,0.9920002785630166,0.052730919950298494,9.535979828866407e-05,0.008031890887811099,0.8461252692642527,0,1,1,1,spread,spread|probe_0,2,72,0.00957541586831212,a6768aab982d8f213efba5f35c4bdb6dd72b469c19b3a039d8938074c5dc9832
four_mode_cross,9010,receding_horizon_voi,1,True,2,1,False,1.0857485852552518,0.25,0.8357485852552518,0.8682857315690645,0.9965630863134032,0.02357044338752342,2.2598932322051182e-05,0.0034428334421258474,0.8953685382947272,0,1,1,1,spread,spread|probe_1,2,72,0.009438333101570606,fd9e5e529b08e1015af45022b28fe3d2e23a51e70cf297bfc839471d854e1689
four_mode_cross,9011,receding_horizon_voi,1,True,2,1,False,1.0846240000000003,0.25,0.8346240000000003,0.8668800000000002,0.9994958537854406,0.004638346947522906,4.024425472255083e-07,0.0005042733389902321,0.964729050105145,1,1,0,0,spread,spread|hold,2,72,0.009408375015482306,8bedd1afc44ce12909229451b2300f459f1de2f4c7451e5e908e6e6375c895f8
four_mode_cross,9012,receding_horizon_voi,2,True,3,2,False,1.6704078866390328,0.5,1.1704078866390328,1.286609858298791,0.9999867135612462,0.00017114889314914103,2.7323229696186576e-10,1.3286527019265993e-05,0.7605103510655411,1,1,1,1,spread,spread|probe_3|hold,2,108,0.01414291700348258,2bdc15045c57e5818d9d07859c763bea653955a66ffa6b177c4a84d94f8962a4
four_mode_cross,9013,receding_horizon_voi,2,True,3,2,False,1.545577166639033,0.5,1.045577166639033,1.130571458298791,0.9999729278565874,0.0003290444504102383,1.139667738499185e-09,2.707250986966481e-05,0.8956238019281421,1,1,1,1,spread,spread|probe_2|hold,2,108,0.014363291906192899,aa106c1d26a535aea90e0aa0eb8fd5d422b78ec4f8acf164671a7dee18265c9b
four_mode_cross,9014,receding_horizon_voi,3,True,2,3,False,1.1583245852552517,0.25,0.9083245852552517,0.9590057315690645,0.9961404341100143,0.026481189143597803,2.7444924839605245e-05,0.003867033234413001,0.7014067945667573,0,1,1,1,spread,spread|probe_0,2,72,0.00993033405393362,efcb1b0a94e8e4e602ac7fc1c3b2164eaa1295904794539a08298f82e98003bb
four_mode_cross,9015,receding_horizon_voi,3,True,3,3,False,1.695775607723543,0.5,1.195775607723543,1.3183195096544287,0.9999960806867967,5.2963943415511735e-05,3.0366951315279986e-11,3.919320883843572e-06,0.9062608915326936,0,1,2,2,spread,spread|probe_0|probe_1,2,108,0.014446916989982128,81dc16e6ecad2581d8da414416aaf862e5bfa73d7af80f1d7677860139fbcc54
four_mode_cross,9016,receding_horizon_voi,3,True,2,3,False,1.0846240000000003,0.25,0.8346240000000003,0.8668800000000002,0.9962047825390195,0.026189108848122616,2.6199307240693313e-05,0.0038024375724867404,0.9293305105483731,1,1,0,0,spread,spread|hold,2,72,0.00981620792299509,5781849967a3617c14f99f173b65e4b322536b22339b1aa8f67d9b1103fee446
four_mode_cross,9017,receding_horizon_voi,2,True,2,2,False,1.1583245852552517,0.25,0.9083245852552517,0.9590057315690645,0.9990229366025077,0.008217755390999407,1.6204883361964043e-06,0.0009775410350804361,0.7592112613235238,0,1,1,1,spread,spread|probe_0,2,72,0.009745083982124925,86ed1d0731ea1db299cb8ccd19f438a385692921b6b426d8815a073c7c85049d
four_mode_cross,9018,receding_horizon_voi,2,True,3,2,False,1.5436428800000004,0.5,1.0436428800000004,1.1281536000000003,0.9999987892181249,1.7722989884187454e-05,2.926614350646881e-12,1.210782608090902e-06,0.9032381388340437,2,1,0,0,spread,spread|hold|hold,2,108,0.014470458030700684,b4d4e1faae561e01f60f8cbf70be9b910dbc792c7c84531e13ece46d4e4e8122
four_mode_cross,9019,receding_horizon_voi,3,True,3,3,False,1.6704078866390328,0.5,1.1704078866390328,1.286609858298791,0.9999984065354011,2.2866583364821816e-05,5.077960695967127e-12,1.593465868502896e-06,0.7689473219018262,1,1,1,1,spread,spread|probe_3|hold,2,108,0.014403041917830706,7284c8559bb0cc69c63878d318ae4c82103034a27624dee2e1d575a710fa6268
four_mode_cross,9020,receding_horizon_voi,1,True,2,1,False,1.0857485852552518,0.25,0.8357485852552518,0.8682857315690645,0.9977700534876414,0.015987160676013353,9.82919636605232e-06,0.0022324365455318683,0.8955869406016507,0,1,1,1,spread,spread|probe_1,2,72,0.009518165839836001,e07e3cf7d299b96bfd1256a5c0c343acaa18263cc15ef82ae65bcbd619937c9a
four_mode_cross,9021,receding_horizon_voi,3,True,3,3,False,1.6704078866390328,0.5,1.1704078866390328,1.286609858298791,0.9985627985626181,0.010842765710762294,4.131089958534879e-06,0.001438235201971735,0.8828305342579302,1,1,1,1,spread,spread|probe_0|hold,2,108,0.014343125047162175,f09a39f935d3009edf576fd76b9db3de66aadc31c1273cc5b4a1bb142f28034f
four_mode_cross,9022,receding_horizon_voi,3,True,3,3,False,1.6704078866390328,0.5,1.1704078866390328,1.286609858298791,0.9999980329266873,2.9181037005715103e-05,5.809772034608392e-12,1.967075247372113e-06,0.7675898625170339,1,1,1,1,spread,spread|probe_0|hold,2,108,0.01428037486039102,6605523367e93f85c8039ec05a3d2b879b9c21a3df339f3f7a5ba767f3b7f57c
four_mode_cross,9023,receding_horizon_voi,3,True,2,3,False,1.0857485852552518,0.25,0.8357485852552518,0.8682857315690645,0.9927102083072606,0.043226372990061226,0.0001061105196508904,0.007316492063429682,0.8483564511141699,0,1,1,1,spread,spread|probe_2,2,72,0.009447416989132762,832efa71cd6e96fbd1fcb1fe646b2abed866513c11ab58187638c933c6bdb7c2
four_mode_cross,9024,receding_horizon_voi,3,True,3,3,False,1.5436428800000004,0.5,1.0436428800000004,1.1281536000000003,0.9995722431347713,0.003872029707208237,3.369517897699065e-07,0.00042784837929465345,0.6537468409469454,2,1,0,0,spread,spread|hold|hold,2,108,0.014341000001877546,09344f066b8ef258f375cdf38287fe39fccca0082fdaeb1639599124fafbd9e3
four_mode_cross,9025,receding_horizon_voi,2,True,3,2,False,1.6704078866390328,0.5,1.1704078866390328,1.286609858298791,0.9999911679981184,0.00011751330463009185,1.189304555462632e-10,8.832040883978409e-06,0.8734086826675957,1,1,1,1,spread,spread|probe_0|hold,2,108,0.014219375094398856,9ebface20b3261bfe78efcc43dc8000c71f76eaf5c52103dbc69b13a6ce66b38
four_mode_cross,9026,receding_horizon_voi,1,True,3,1,False,1.6704078866390328,0.5,1.1704078866390328,1.286609858298791,0.9999980606794143,2.869092486604159e-05,5.833607536946965e-12,1.939322466160073e-06,0.7704901821455238,1,1,1,1,spread,spread|probe_3|hold,2,108,0.014318375149741769,63adabe7343f6a9d630bb49e4c03a4ecc9008f34da5eee5b9a07988a70598941
four_mode_cross,9027,receding_horizon_voi,1,True,3,1,False,1.6704078866390328,0.5,1.1704078866390328,1.286609858298791,0.9999983151200755,2.4528205951606046e-05,5.288287694094156e-12,1.684881343880193e-06,0.8050113648189484,1,1,1,1,spread,spread|probe_3|hold,2,108,0.014170166105031967,b254695d0d36d9e5be7587096c78c31502867fa80fee1f6582d9a583205f4280
four_mode_cross,9028,receding_horizon_voi,2,True,3,2,False,1.6704078866390328,0.5,1.1704078866390328,1.286609858298791,0.9999747060916175,0.0002968562569178043,1.2364805120561607e-09,2.5294228278757075e-05,0.8240641530924812,1,1,1,1,spread,spread|probe_0|hold,2,108,0.01423937501385808,a948fd90b2e71a8e24aa80175f481dbee592488a0bc43a59b914d5c54246de0a
four_mode_cross,9029,receding_horizon_voi,3,True,2,3,False,1.1583245852552517,0.25,0.9083245852552517,0.9590057315690645,0.9950192284609385,0.03361175800650997,4.2806487053621504e-05,0.004993216923901019,0.750042892897345,0,1,1,1,spread,spread|probe_3,2,72,0.00939783314242959,d1463325043e5701b7868f4d5371059013a41e8b98e0318554f050862e63807a
four_mode_cross,9000,computational_oracle,0,True,5,0,False,2.3054288818247075,1.0,1.3054288818247075,1.455386102280884,0.9999999999917428,2.190480667375653e-10,1.3636131333235337e-22,8.25717272338123e-12,0.8862785687557884,3,1,1,1,spread,spread|probe_2|hold|hold|hold,3,1080,0.20058508403599262,2db979e9d6b2d55a072fe86b98674c2e4152d701d8175f7c4ec024bf98446ee6
four_mode_cross,9001,computational_oracle,2,True,3,2,False,1.6704078866390328,0.5,1.1704078866390328,1.286609858298791,0.9999987011406241,1.89044361889967e-05,3.3738766991715987e-12,1.298860219460777e-06,0.6716582714114573,1,1,1,1,spread,spread|probe_0|hold,3,648,0.12075116694904864,2c12503da0ad0f7cf9f699cffc9b9ceb8e3614b40dbf2b6b25b5b1e5b6ef6f13
four_mode_cross,9002,computational_oracle,3,True,2,3,False,1.0846240000000003,0.25,0.8346240000000003,0.8668800000000002,0.997480912514094,0.01771633393560325,1.2581647945529908e-05,0.002522265725417737,0.9233284507427872,1,1,0,0,spread,spread|hold,3,432,0.08082441706210375,09ab93a8348bc84ed9f0e4ebf315dc8cd6cef40a95270a663d75101bd31abda1
four_mode_cross,9003,computational_oracle,3,True,3,3,False,1.6704078866390328,0.5,1.1704078866390328,1.286609858298791,0.999999974091643,4.964445602448691e-07,1.0070576592271578e-15,2.590835735094661e-08,0.8196727237768924,1,1,1,1,spread,spread|probe_3|hold,3,648,0.1281912501435727,1faa572e5175011c51a97e4ff0b51435a3a1b303f1af236f13a427e0c061d539
four_mode_cross,9004,computational_oracle,2,True,3,2,False,1.5436428800000004,0.5,1.0436428800000004,1.1281536000000003,0.9999914256860246,0.000108794050878447,1.465673170884254e-10,8.574350735024861e-06,0.8042409502294708,2,1,0,0,spread,spread|hold|hold,3,648,0.12063683406449854,1120588f4fdf3985432700792e4ece0470c3dd393c375625811918385457cdd3
four_mode_cross,9005,computational_oracle,0,True,2,0,False,1.1583245852552517,0.25,0.9083245852552517,0.9590057315690645,0.9999773607548849,0.00027081288776199634,9.539937592387673e-10,2.2639501386718935e-05,0.8859858678325012,0,1,1,1,spread,spread|probe_0,3,432,0.08149916701950133,5a8c1946310cd22dab62adcad223967fec637aec5d68eb27636297cc5e72ff3c
four_mode_cross,9006,computational_oracle,1,True,3,1,False,1.5436428800000004,0.5,1.0436428800000004,1.1281536000000003,0.9999998853393894,2.0209419995055563e-06,2.0354343161509533e-14,1.1466061713528478e-07,0.8351806868251508,2,1,0,0,spread,spread|hold|hold,3,648,0.12386266607791185,5044132be2b3e823fa3c4566731a6f4de5ad338b9eb434dac1186ec69ccc835e
four_mode_cross,9007,computational_oracle,3,True,2,3,False,1.1583245852552517,0.25,0.9083245852552517,0.9590057315690645,0.9999548670154315,0.0004987127360707277,4.043805205753854e-09,4.513400309233525e-05,0.767785926627301,0,1,1,1,spread,spread|probe_3,3,432,0.07992941699922085,726e86b4a7927869e2c5adc1b5a618e056edfff014e11a2b04e8b380095c4162
four_mode_cross,9008,computational_oracle,1,True,2,1,False,1.0846240000000003,0.25,0.8346240000000003,0.8668800000000002,0.9997058226421492,0.0027867686293769527,1.564603401996918e-07,0.0002942206364976317,0.8054180140430618,1,1,0,0,spread,spread|hold,3,432,0.08089445787481964,714ce49daecc8166836d64afe5cd5ca45ee1de35ddd950f99ce5c0d3b410cdbf
four_mode_cross,9009,computational_oracle,1,True,3,1,False,1.5436428800000004,0.5,1.0436428800000004,1.1281536000000003,0.9999915642871374,0.00011279014813611204,1.0714522521938406e-10,8.435748443401456e-06,0.8933792074429902,2,1,0,0,spread,spread|hold|hold,3,648,0.12432591593824327,a6768aab982d8f213efba5f35c4bdb6dd72b469c19b3a039d8938074c5dc9832
four_mode_cross,9010,computational_oracle,1,True,2,1,False,1.0857485852552518,0.25,0.8357485852552518,0.8682857315690645,0.9965630863134032,0.02357044338752342,2.2598932322051182e-05,0.0034428334421258474,0.8953685382947272,0,1,1,1,spread,spread|probe_1,3,432,0.08909037499688566,fd9e5e529b08e1015af45022b28fe3d2e23a51e70cf297bfc839471d854e1689
four_mode_cross,9011,computational_oracle,1,True,2,1,False,1.0846240000000003,0.25,0.8346240000000003,0.8668800000000002,0.9994958537854406,0.004638346947522906,4.024425472255083e-07,0.0005042733389902321,0.964729050105145,1,1,0,0,spread,spread|hold,3,432,0.08598241698928177,8bedd1afc44ce12909229451b2300f459f1de2f4c7451e5e908e6e6375c895f8
four_mode_cross,9012,computational_oracle,2,True,3,2,False,1.6704078866390328,0.5,1.1704078866390328,1.286609858298791,0.9999867135612462,0.00017114889314914103,2.7323229696186576e-10,1.3286527019265993e-05,0.7605103510655411,1,1,1,1,spread,spread|probe_3|hold,3,648,0.12132833409123123,2bdc15045c57e5818d9d07859c763bea653955a66ffa6b177c4a84d94f8962a4
four_mode_cross,9013,computational_oracle,2,True,3,2,False,1.545577166639033,0.5,1.045577166639033,1.130571458298791,0.9999729278565874,0.0003290444504102383,1.139667738499185e-09,2.707250986966481e-05,0.8956238019281421,1,1,1,1,spread,spread|probe_2|hold,3,648,0.12271454185247421,aa106c1d26a535aea90e0aa0eb8fd5d422b78ec4f8acf164671a7dee18265c9b
four_mode_cross,9014,computational_oracle,3,True,2,3,False,1.1583245852552517,0.25,0.9083245852552517,0.9590057315690645,0.9961404341100143,0.026481189143597803,2.7444924839605245e-05,0.003867033234413001,0.7014067945667573,0,1,1,1,spread,spread|probe_0,3,432,0.0823803748935461,efcb1b0a94e8e4e602ac7fc1c3b2164eaa1295904794539a08298f82e98003bb
four_mode_cross,9015,computational_oracle,3,True,3,3,False,1.695775607723543,0.5,1.195775607723543,1.3183195096544287,0.9999960806867967,5.2963943415511735e-05,3.0366951315279986e-11,3.919320883843572e-06,0.9062608915326936,0,1,2,2,spread,spread|probe_0|probe_1,3,648,0.12281229184009135,81dc16e6ecad2581d8da414416aaf862e5bfa73d7af80f1d7677860139fbcc54
four_mode_cross,9016,computational_oracle,3,True,2,3,False,1.0846240000000003,0.25,0.8346240000000003,0.8668800000000002,0.9962047825390195,0.026189108848122616,2.6199307240693313e-05,0.0038024375724867404,0.9293305105483731,1,1,0,0,spread,spread|hold,3,432,0.0995582090690732,5781849967a3617c14f99f173b65e4b322536b22339b1aa8f67d9b1103fee446
four_mode_cross,9017,computational_oracle,2,True,2,2,False,1.1583245852552517,0.25,0.9083245852552517,0.9590057315690645,0.9990229366025077,0.008217755390999407,1.6204883361964043e-06,0.0009775410350804361,0.7592112613235238,0,1,1,1,spread,spread|probe_0,3,432,0.080722542013973,86ed1d0731ea1db299cb8ccd19f438a385692921b6b426d8815a073c7c85049d
four_mode_cross,9018,computational_oracle,2,True,3,2,False,1.545577166639033,0.5,1.045577166639033,1.130571458298791,0.9999944134405193,7.509211892616435e-05,5.6311045127155896e-11,5.586575085567405e-06,0.8927680515449415,1,1,1,1,spread,spread|probe_2|hold,3,648,0.12152500008232892,b4d4e1faae561e01f60f8cbf70be9b910dbc792c7c84531e13ece46d4e4e8122
four_mode_cross,9019,computational_oracle,3,True,3,3,False,1.6704078866390328,0.5,1.1704078866390328,1.286609858298791,0.9999984065354011,2.2866583364821816e-05,5.077960695967127e-12,1.593465868502896e-06,0.7689473219018262,1,1,1,1,spread,spread|probe_3|hold,3,648,0.12092854105867445,7284c8559bb0cc69c63878d318ae4c82103034a27624dee2e1d575a710fa6268
four_mode_cross,9020,computational_oracle,1,True,2,1,False,1.0857485852552518,0.25,0.8357485852552518,0.8682857315690645,0.9977700534876414,0.015987160676013353,9.82919636605232e-06,0.0022324365455318683,0.8955869406016507,0,1,1,1,spread,spread|probe_1,3,432,0.08099166699685156,e07e3cf7d299b96bfd1256a5c0c343acaa18263cc15ef82ae65bcbd619937c9a
four_mode_cross,9021,computational_oracle,3,True,3,3,False,1.6704078866390328,0.5,1.1704078866390328,1.286609858298791,0.9985627985626181,0.010842765710762294,4.131089958534879e-06,0.001438235201971735,0.8828305342579302,1,1,1,1,spread,spread|probe_0|hold,3,648,0.12167608388699591,f09a39f935d3009edf576fd76b9db3de66aadc31c1273cc5b4a1bb142f28034f
four_mode_cross,9022,computational_oracle,3,True,3,3,False,1.5436428800000004,0.5,1.0436428800000004,1.1281536000000003,0.9996918000628188,0.002809874495657682,1.889954436471932e-07,0.0003082474405424758,0.707712283700667,2,1,0,0,spread,spread|hold|hold,3,648,0.12207224988378584,6605523367e93f85c8039ec05a3d2b879b9c21a3df339f3f7a5ba767f3b7f57c
four_mode_cross,9023,computational_oracle,3,True,2,3,False,1.0857485852552518,0.25,0.8357485852552518,0.8682857315690645,0.9927102083072606,0.043226372990061226,0.0001061105196508904,0.007316492063429682,0.8483564511141699,0,1,1,1,spread,spread|probe_2,3,432,0.07951470813713968,832efa71cd6e96fbd1fcb1fe646b2abed866513c11ab58187638c933c6bdb7c2
four_mode_cross,9024,computational_oracle,3,True,3,3,False,1.545577166639033,0.5,1.045577166639033,1.130571458298791,0.9996098141475821,0.003708138686899071,2.3416954140430615e-07,0.000390261994724693,0.6715492253972778,1,1,1,1,spread,spread|probe_2|hold,3,648,0.1195650000590831,09344f066b8ef258f375cdf38287fe39fccca0082fdaeb1639599124fafbd9e3
four_mode_cross,9025,computational_oracle,2,True,3,2,False,1.5436428800000004,0.5,1.0436428800000004,1.1281536000000003,0.999888535899036,0.0011525889509716135,2.3353685389424215e-08,0.00011147031354852455,0.8469554655364352,2,1,0,0,spread,spread|hold|hold,3,648,0.12187912478111684,9ebface20b3261bfe78efcc43dc8000c71f76eaf5c52103dbc69b13a6ce66b38
four_mode_cross,9026,computational_oracle,1,True,3,1,False,1.6704078866390328,0.5,1.1704078866390328,1.286609858298791,0.9999980606794143,2.869092486604159e-05,5.833607536946965e-12,1.939322466160073e-06,0.7704901821455238,1,1,1,1,spread,spread|probe_3|hold,3,648,0.12628437485545874,63adabe7343f6a9d630bb49e4c03a4ecc9008f34da5eee5b9a07988a70598941
four_mode_cross,9027,computational_oracle,1,True,3,1,False,1.6704078866390328,0.5,1.1704078866390328,1.286609858298791,0.9999983151200755,2.4528205951606046e-05,5.288287694094156e-12,1.684881343880193e-06,0.8050113648189484,1,1,1,1,spread,spread|probe_3|hold,3,648,0.12916058395057917,b254695d0d36d9e5be7587096c78c31502867fa80fee1f6582d9a583205f4280
four_mode_cross,9028,computational_oracle,2,True,3,2,False,1.6704078866390328,0.5,1.1704078866390328,1.286609858298791,0.9999747060916175,0.0002968562569178043,1.2364805120561607e-09,2.5294228278757075e-05,0.8240641530924812,1,1,1,1,spread,spread|probe_0|hold,3,648,0.12663162499666214,a948fd90b2e71a8e24aa80175f481dbee592488a0bc43a59b914d5c54246de0a
four_mode_cross,9029,computational_oracle,3,True,2,3,False,1.1583245852552517,0.25,0.9083245852552517,0.9590057315690645,0.9950192284609385,0.03361175800650997,4.2806487053621504e-05,0.004993216923901019,0.750042892897345,0,1,1,1,spread,spread|probe_3,3,432,0.08477933378890157,d1463325043e5701b7868f4d5371059013a41e8b98e0318554f050862e63807a
four_mode_skewed_cost,9000,passive,0,False,10,-1,False,2.5,2.5,0.0,0.0,0.4200000000000003,1.2450354115604019,0.47779999999999934,0.8675005677047223,0.42000000000000026,10,0,0,0,hold,hold|hold|hold|hold|hold|hold|hold|hold|hold|hold,0,0,0.00027241604402661324,0e0eb575e225b4017ee4085e3784b6524f7bfb677ba9e3527fc110872ead268a
four_mode_skewed_cost,9001,passive,1,False,10,-1,False,2.5,2.5,0.0,0.0,0.32999999999999974,1.2450354115604023,0.6578000000000005,1.108662624521612,0.42000000000000004,10,0,0,0,hold,hold|hold|hold|hold|hold|hold|hold|hold|hold|hold,0,0,0.00020320783369243145,7f3abd66d0f5609a7600a686912e8df077a6a8ac2c5a56adba1675b3f7e31905
four_mode_skewed_cost,9002,passive,3,False,10,-1,False,2.5,2.5,0.0,0.0,0.1000000000000001,1.2450354115604023,1.1177999999999997,2.3025850929940446,0.41999999999999993,10,0,0,0,hold,hold|hold|hold|hold|hold|hold|hold|hold|hold|hold,0,0,0.0001905001699924469,e4a701e7c40702e402d5054877b0e89ee57330d928f92bf0c7b814a022160f96
four_mode_skewed_cost,9003,passive,2,False,10,-1,False,2.5,2.5,0.0,0.0,0.14999999999999983,1.2450354115604019,1.0178000000000005,1.8971199848858824,0.4200000000000001,10,0,0,0,hold,hold|hold|hold|hold|hold|hold|hold|hold|hold|hold,0,0,0.00019224989227950573,517e4e37bae4cde925fd3293fcd86789ff7e20d32c48a2229a874ece895b6324
four_mode_skewed_cost,9004,passive,1,False,10,-1,False,2.5,2.5,0.0,0.0,0.32999999999999996,1.2450354115604023,0.6578000000000002,1.1086626245216114,0.41999999999999993,10,0,0,0,hold,hold|hold|hold|hold|hold|hold|hold|hold|hold|hold,0,0,0.00018758396618068218,67c2430d4519dc29713b4189b503373ef983ce51b6614f1ef578e281f8074ad8
four_mode_skewed_cost,9005,passive,0,False,10,-1,False,2.5,2.5,0.0,0.0,0.4200000000000005,1.2450354115604019,0.4777999999999991,0.867500567704722,0.42000000000000026,10,0,0,0,hold,hold|hold|hold|hold|hold|hold|hold|hold|hold|hold,0,0,0.0001866249367594719,b642e7c010f4d9d2fcd272a3f4ad72aeece481838699ced1371f883d99d37f25
four_mode_skewed_cost,9006,passive,0,False,10,-1,False,2.5,2.5,0.0,0.0,0.4200000000000004,1.2450354115604019,0.47779999999999934,0.8675005677047222,0.4200000000000001,10,0,0,0,hold,hold|hold|hold|hold|hold|hold|hold|hold|hold|hold,0,0,0.00018754205666482449,d784a84f9019d2cda45ef09af409e434866be82f92e3defc3406a2087f145978
four_mode_skewed_cost,9007,passive,2,False,10,-1,False,2.5,2.5,0.0,0.0,0.15000000000000002,1.2450354115604023,1.0177999999999998,1.897119984885881,0.41999999999999976,10,0,0,0,hold,hold|hold|hold|hold|hold|hold|hold|hold|hold|hold,0,0,0.00018287496641278267,4d05b759af4c7b93f0513587b06278c2a13350fd353711d138c28fa3d1fbb7a5
four_mode_skewed_cost,9008,passive,0,False,10,-1,False,2.5,2.5,0.0,0.0,0.4199999999999999,1.2450354115604023,0.4778,0.8675005677047234,0.41999999999999993,10,0,0,0,hold,hold|hold|hold|hold|hold|hold|hold|hold|hold|hold,0,0,0.00018108380027115345,563845c08fc9b4a9fca96cd9832ba0a8bc5103cd5048c40ecd2f09ad3705579c
four_mode_skewed_cost,9009,passive,1,False,10,-1,False,2.5,2.5,0.0,0.0,0.3299999999999996,1.2450354115604019,0.6578000000000008,1.1086626245216122,0.4200000000000002,10,0,0,0,hold,hold|hold|hold|hold|hold|hold|hold|hold|hold|hold,0,0,0.0001882500946521759,50b05f414f79ec6d0660db296c1337e5a17be8d9ea030290151c7ca78cbf5aa4
four_mode_skewed_cost,9010,passive,0,False,10,-1,False,2.5,2.5,0.0,0.0,0.4200000000000003,1.2450354115604019,0.47779999999999934,0.8675005677047223,0.4200000000000001,10,0,0,0,hold,hold|hold|hold|hold|hold|hold|hold|hold|hold|hold,0,0,0.00021162512712180614,79eb86436edbc057eca3e12791ba3677ce87be41765ee528b2d151d8bde1ca07
four_mode_skewed_cost,9011,passive,0,False,10,-1,False,2.5,2.5,0.0,0.0,0.41999999999999993,1.245035411560402,0.47780000000000006,0.8675005677047233,0.41999999999999993,10,0,0,0,hold,hold|hold|hold|hold|hold|hold|hold|hold|hold|hold,0,0,0.00022895820438861847,7d69025a93c37c1b289051083a1301a6a8b1b42fd6d61ec0bd998f38d46ee54a
four_mode_skewed_cost,9012,passive,1,False,10,-1,False,2.5,2.5,0.0,0.0,0.32999999999999985,1.2450354115604023,0.6578000000000002,1.1086626245216116,0.41999999999999993,10,0,0,0,hold,hold|hold|hold|hold|hold|hold|hold|hold|hold|hold,0,0,0.00020387489348649979,66704a1ea9b4c2498b1c6803f7d90eaff3e84bfe27b8b82d0907dbc3e9dc164b
four_mode_skewed_cost,9013,passive,1,False,10,-1,False,2.5,2.5,0.0,0.0,0.32999999999999996,1.2450354115604023,0.6578,1.1086626245216114,0.41999999999999993,10,0,0,0,hold,hold|hold|hold|hold|hold|hold|hold|hold|hold|hold,0,0,0.00020150002092123032,17b9aed81b408d11a8990fdefdf8998636c98f3281d1a3ecd43d0176c002fb7f
four_mode_skewed_cost,9014,passive,3,False,10,-1,False,2.5,2.5,0.0,0.0,0.09999999999999995,1.245035411560402,1.1178000000000001,2.3025850929940463,0.42000000000000004,10,0,0,0,hold,hold|hold|hold|hold|hold|hold|hold|hold|hold|hold,0,0,0.00019054184667766094,b36ad3624f998c2936adac35a0aaa34319874b5408d00af560fd273da7176376
four_mode_skewed_cost,9015,passive,2,False,10,-1,False,2.5,2.5,0.0,0.0,0.15,1.2450354115604023,1.0177999999999998,1.8971199848858813,0.42000000000000004,10,0,0,0,hold,hold|hold|hold|hold|hold|hold|hold|hold|hold|hold,0,0,0.0001856659073382616,ba5f26a51f5de12e219df5b4a8517221aa2efe69108ff1060fc9739d9c3bc87c
four_mode_skewed_cost,9016,passive,2,False,10,-1,False,2.5,2.5,0.0,0.0,0.14999999999999997,1.2450354115604023,1.0178,1.8971199848858815,0.41999999999999993,10,0,0,0,hold,hold|hold|hold|hold|hold|hold|hold|hold|hold|hold,0,0,0.0001852090936154127,e04a803647b98dbe0b482b9c24cb89cc7078d6de276f4f6a23e44c1d2e99e11a
four_mode_skewed_cost,9017,passive,1,False,10,-1,False,2.5,2.5,0.0,0.0,0.3299999999999998,1.2450354115604023,0.6578000000000003,1.1086626245216118,0.4200000000000001,10,0,0,0,hold,hold|hold|hold|hold|hold|hold|hold|hold|hold|hold,0,0,0.00018470804207026958,40cc66d914ad32770b940fac8d0ef94c1a10bbc0aa064cb006ae09f814760e08
four_mode_skewed_cost,9018,passive,1,False,10,-1,False,2.5,2.5,0.0,0.0,0.3299999999999998,1.2450354115604023,0.6578000000000003,1.1086626245216118,0.42000000000000004,10,0,0,0,hold,hold|hold|hold|hold|hold|hold|hold|hold|hold|hold,0,0,0.0001843329519033432,934d291421147a77374bb9c099796c3872ff96b39d93ba048a738e6eac2d759d
four_mode_skewed_cost,9019,passive,2,False,10,-1,False,2.5,2.5,0.0,0.0,0.15000000000000024,1.2450354115604023,1.0177999999999994,1.8971199848858797,0.41999999999999976,10,0,0,0,hold,hold|hold|hold|hold|hold|hold|hold|hold|hold|hold,0,0,0.0001835410948842764,a93acbf18ce3b861930d07632251779beaa2f040066ae4720b06ecfd73d33e07
four_mode_skewed_cost,9020,passive,0,False,10,-1,False,2.5,2.5,0.0,0.0,0.41999999999999993,1.2450354115604023,0.4778000000000001,0.8675005677047233,0.41999999999999993,10,0,0,0,hold,hold|hold|hold|hold|hold|hold|hold|hold|hold|hold,0,0,0.00018258392810821533,e750e372c7b3d4e6115c9bd72fae3c0904f86a43f25e473c88ac2d2b96ea0816
four_mode_skewed_cost,9021,passive,3,False,10,-1,False,2.5,2.5,0.0,0.0,0.1000000000000001,1.2450354115604023,1.1177999999999997,2.3025850929940446,0.41999999999999993,10,0,0,0,hold,hold|hold|hold|hold|hold|hold|hold|hold|hold|hold,0,0,0.00018804194405674934,1e93910669112ffab18614a3f72a6120deb77a36aade2fb630e6e41af73344cb
four_mode_skewed_cost,9022,passive,2,False,10,-1,False,2.5,2.5,0.0,0.0,0.15000000000000005,1.2450354115604023,1.0178,1.897119984885881,0.42000000000000004,10,0,0,0,hold,hold|hold|hold|hold|hold|hold|hold|hold|hold|hold,0,0,0.0001904158852994442,fb2f60c766ca664aa5785bbdc9d9f2074b87d9c41a22d738d96858de1cea5d53
four_mode_skewed_cost,9023,passive,3,False,10,-1,False,2.5,2.5,0.0,0.0,0.1000000000000001,1.2450354115604023,1.1177999999999997,2.3025850929940446,0.41999999999999993,10,0,0,0,hold,hold|hold|hold|hold|hold|hold|hold|hold|hold|hold,0,0,0.0002194168046116829,e1c830d89013c0fd9f615546d35f17274aef3c72822e38f79b1192e6722989e7
four_mode_skewed_cost,9024,passive,2,False,10,-1,False,2.5,2.5,0.0,0.0,0.14999999999999997,1.2450354115604019,1.0178,1.8971199848858815,0.42000000000000026,10,0,0,0,hold,hold|hold|hold|hold|hold|hold|hold|hold|hold|hold,0,0,0.0001890838611871004,5e89ae07132b38375e9d0e02b18b09c707f71f62f9d97bdecb2d8be1e280a0b7
four_mode_skewed_cost,9025,passive,1,False,10,-1,False,2.5,2.5,0.0,0.0,0.32999999999999996,1.2450354115604023,0.6578,1.1086626245216114,0.41999999999999993,10,0,0,0,hold,hold|hold|hold|hold|hold|hold|hold|hold|hold|hold,0,0,0.0001849159598350525,c782cb363f1ca99d97caa891a059c5d9bf60b74eb078b862550d6bb14892bb32
four_mode_skewed_cost,9026,passive,0,False,10,-1,False,2.5,2.5,0.0,0.0,0.4200000000000001,1.2450354115604019,0.4777999999999999,0.8675005677047228,0.41999999999999993,10,0,0,0,hold,hold|hold|hold|hold|hold|hold|hold|hold|hold|hold,0,0,0.00018312479369342327,a54671d3d38a0ddb530c1bce8d8d1374275880ccda291737a0f7c0d9f18f7352
four_mode_skewed_cost,9027,passive,0,False,10,-1,False,2.5,2.5,0.0,0.0,0.4200000000000003,1.245035411560402,0.47779999999999934,0.8675005677047223,0.4200000000000002,10,0,0,0,hold,hold|hold|hold|hold|hold|hold|hold|hold|hold|hold,0,0,0.0001824169885367155,20343105cfe881fc1d7ebcb5cb2d95da1ed07df3588cc15daab80664cfe4901a
four_mode_skewed_cost,9028,passive,1,False,10,-1,False,2.5,2.5,0.0,0.0,0.3299999999999999,1.245035411560402,0.6578000000000003,1.1086626245216114,0.42000000000000004,10,0,0,0,hold,hold|hold|hold|hold|hold|hold|hold|hold|hold|hold,0,0,0.00018062489107251167,0ecbc4603b06013e19793f87a12e9ca235739f21cc33f80ba42ae9fb86874d0e
four_mode_skewed_cost,9029,passive,2,False,10,-1,False,2.5,2.5,0.0,0.0,0.15000000000000005,1.245035411560402,1.0178,1.897119984885881,0.42000000000000026,10,0,0,0,hold,hold|hold|hold|hold|hold|hold|hold|hold|hold|hold,0,0,0.00018191710114479065,c75b5dbb2ccd0a5a84211eb255082ddd6891971c05fd8eceba7e898282e55df0
four_mode_skewed_cost,9000,round_robin,0,True,3,0,False,3.5988016640000007,0.5,3.0988016640000007,2.4990336000000006,0.9999536339306425,0.0005090493407781211,4.29962477449311e-09,4.636714429690521e-05,0.8509644322065059,0,3,0,0,spread,spread|spread|spread,0,0,0.00011291611008346081,0e0eb575e225b4017ee4085e3784b6524f7bfb677ba9e3527fc110872ead268a
four_mode_skewed_cost,9001,round_robin,1,True,3,1,False,3.5988016640000007,0.5,3.0988016640000007,2.4990336000000006,0.9999999999486309,1.2684678518260914e-09,5.2775436975070234e-21,5.1369131172305685e-11,0.8650217467460237,0,3,0,0,spread,spread|spread|spread,0,0,0.00011204113252460957,7f3abd66d0f5609a7600a686912e8df077a6a8ac2c5a56adba1675b3f7e31905
four_mode_skewed_cost,9002,round_robin,3,True,2,3,False,1.9498912000000006,0.25,1.6998912000000006,1.3708800000000003,0.9994945339694296,0.0043466910891448675,5.103546660451811e-07,0.000505593821588969,0.7431835835076945,0,2,0,0,spread,spread|spread,0,0,8.63329041749239e-05,e4a701e7c40702e402d5054877b0e89ee57330d928f92bf0c7b814a022160f96
four_mode_skewed_cost,9003,round_robin,2,True,3,2,False,3.5988016640000007,0.5,3.0988016640000007,2.4990336000000006,0.9999999999999016,3.0986002285195e-12,1.9250782457788442e-26,9.83657599817937e-14,0.8036529595715102,0,3,0,0,spread,spread|spread|spread,0,0,0.00011150003410875797,517e4e37bae4cde925fd3293fcd86789ff7e20d32c48a2229a874ece895b6324
four_mode_skewed_cost,9004,round_robin,1,True,2,1,False,1.9498912000000006,0.25,1.6998912000000006,1.3708800000000003,0.9999974502817947,3.655943410758796e-05,1.1150200140482692e-11,2.5497214558838733e-06,0.759714262602031,0,2,0,0,spread,spread|spread,0,0,8.675013668835163e-05,67c2430d4519dc29713b4189b503373ef983ce51b6614f1ef578e281f8074ad8
four_mode_skewed_cost,9005,round_robin,0,True,2,0,False,1.9498912000000006,0.25,1.6998912000000006,1.3708800000000003,0.999999727196107,4.491638517668267e-06,1.340670362643581e-13,2.7280393024207045e-07,0.9508310856193574,0,2,0,0,spread,spread|spread,0,0,8.750008419156075e-05,b642e7c010f4d9d2fcd272a3f4ad72aeece481838699ced1371f883d99d37f25
four_mode_skewed_cost,9006,round_robin,0,True,2,0,False,1.9498912000000006,0.25,1.6998912000000006,1.3708800000000003,0.992735327402276,0.04428698328997579,0.00010143804255715114,0.007291188830915968,0.8813169282994632,0,2,0,0,spread,spread|spread,0,0,8.625001646578312e-05,d784a84f9019d2cda45ef09af409e434866be82f92e3defc3406a2087f145978
four_mode_skewed_cost,9007,round_robin,2,True,2,2,False,1.9498912000000006,0.25,1.6998912000000006,1.3708800000000003,0.999196189053745,0.006531799423818576,1.2921914229052276e-06,0.0008041341754954361,0.6993040734588906,0,2,0,0,spread,spread|spread,0,0,8.650007657706738e-05,4d05b759af4c7b93f0513587b06278c2a13350fd353711d138c28fa3d1fbb7a5
four_mode_skewed_cost,9008,round_robin,0,True,2,0,False,1.9498912000000006,0.25,1.6998912000000006,1.3708800000000003,0.9945857507258762,0.0336562211194736,5.8627101620331595e-05,0.005428959442094988,0.8336843046453593,0,2,0,0,spread,spread|spread,0,0,8.737505413591862e-05,563845c08fc9b4a9fca96cd9832ba0a8bc5103cd5048c40ecd2f09ad3705579c
four_mode_skewed_cost,9009,round_robin,1,True,2,1,False,1.9498912000000006,0.25,1.6998912000000006,1.3708800000000003,0.9995758262561701,0.003936336598702167,3.0009411624484375e-07,0.000424263730960021,0.902719619930133,0,2,0,0,spread,spread|spread,0,0,9.304122067987919e-05,50b05f414f79ec6d0660db296c1337e5a17be8d9ea030290151c7ca78cbf5aa4
four_mode_skewed_cost,9010,round_robin,0,True,2,0,False,1.9498912000000006,0.25,1.6998912000000006,1.3708800000000003,0.9947365031296007,0.03303647692204542,5.512871655540119e-05,0.005277397870086295,0.8683314377180069,0,2,0,0,spread,spread|spread,0,0,8.691707625985146e-05,79eb86436edbc057eca3e12791ba3677ce87be41765ee528b2d151d8bde1ca07
four_mode_skewed_cost,9011,round_robin,0,True,2,0,False,1.9498912000000006,0.25,1.6998912000000006,1.3708800000000003,0.9986516243281037,0.010266488451908137,3.6336997704121656e-06,0.0013492855483680567,0.7546441637730409,0,2,0,0,spread,spread|spread,0,0,8.870917372405529e-05,7d69025a93c37c1b289051083a1301a6a8b1b42fd6d61ec0bd998f38d46ee54a
four_mode_skewed_cost,9012,round_robin,1,True,3,1,False,3.5988016640000007,0.5,3.0988016640000007,2.4990336000000006,0.9999999999999554,1.4883775053721438e-12,3.991951074367012e-27,4.463096558993229e-14,0.8078429433175319,0,3,0,0,spread,spread|spread|spread,0,0,0.0001129580195993185,66704a1ea9b4c2498b1c6803f7d90eaff3e84bfe27b8b82d0907dbc3e9dc164b
four_mode_skewed_cost,9013,round_robin,1,True,2,1,False,1.9498912000000006,0.25,1.6998912000000006,1.3708800000000003,0.9921362433721364,0.0462405464859728,0.00012289710925160476,0.007894839018819828,0.7241891082254371,0,2,0,0,spread,spread|spread,0,0,8.654221892356873e-05,17b9aed81b408d11a8990fdefdf8998636c98f3281d1a3ecd43d0176c002fb7f
four_mode_skewed_cost,9014,round_robin,3,True,2,3,False,1.9498912000000006,0.25,1.6998912000000006,1.3708800000000003,0.9997421710115563,0.0025615882976590836,1.0113226878939357e-07,0.00025786223205160556,0.6784472167992279,0,2,0,0,spread,spread|spread,0,0,9.041605517268181e-05,b36ad3624f998c2936adac35a0aaa34319874b5408d00af560fd273da7176376
four_mode_skewed_cost,9015,round_robin,2,True,3,2,False,3.5988016640000007,0.5,3.0988016640000007,2.4990336000000006,0.9999999999999927,3.0511507994709643e-13,1.029802342085595e-28,7.32747196252606e-15,0.9140064029567672,0,3,0,0,spread,spread|spread|spread,0,0,0.0001141668763011694,ba5f26a51f5de12e219df5b4a8517221aa2efe69108ff1060fc9739d9c3bc87c
four_mode_skewed_cost,9016,round_robin,2,True,2,2,False,1.9498912000000006,0.25,1.6998912000000006,1.3708800000000003,0.9983658425926818,0.012985398903085685,4.4287706771338135e-06,0.0016354940989756835,0.7141896246035068,0,2,0,0,spread,spread|spread,0,0,8.737505413591862e-05,e04a803647b98dbe0b482b9c24cb89cc7078d6de276f4f6a23e44c1d2e99e11a
four_mode_skewed_cost,9017,round_robin,1,True,2,1,False,1.9498912000000006,0.25,1.6998912000000006,1.3708800000000003,0.9997955787438203,0.001988832135486448,7.867878438052899e-08,0.00020444215305257966,0.9374154917664297,0,2,0,0,spread,spread|spread,0,0,8.587515912950039e-05,40cc66d914ad32770b940fac8d0ef94c1a10bbc0aa064cb006ae09f814760e08
four_mode_skewed_cost,9018,round_robin,1,True,2,1,False,1.9498912000000006,0.25,1.6998912000000006,1.3708800000000003,0.9920069345793829,0.04940964288903107,0.00011498182568317274,0.008025181218287495,0.7613986635720693,0,2,0,0,spread,spread|spread,0,0,8.44588503241539e-05,934d291421147a77374bb9c099796c3872ff96b39d93ba048a738e6eac2d759d
four_mode_skewed_cost,9019,round_robin,2,True,2,2,False,1.9498912000000006,0.25,1.6998912000000006,1.3708800000000003,0.9988284995034479,0.009079400615396993,2.7444544048222436e-06,0.0011721872396578221,0.7476022390738382,0,2,0,0,spread,spread|spread,0,0,8.487491868436337e-05,a93acbf18ce3b861930d07632251779beaa2f040066ae4720b06ecfd73d33e07
four_mode_skewed_cost,9020,round_robin,0,True,3,0,False,3.5988016640000007,0.5,3.0988016640000007,2.4990336000000006,0.9999999963141832,7.525992783115441e-08,2.717049058504306e-17,3.685816769703199e-09,0.9116218669751945,0,3,0,0,spread,spread|spread|spread,0,0,0.00010908301919698715,e750e372c7b3d4e6115c9bd72fae3c0904f86a43f25e473c88ac2d2b96ea0816
four_mode_skewed_cost,9021,round_robin,3,True,3,3,False,3.5988016640000007,0.5,3.0988016640000007,2.4990336000000006,0.9999999999488967,1.2621765515433331e-09,5.223100989612678e-21,5.1103343780196806e-11,0.8681413199987817,0,3,0,0,spread,spread|spread|spread,0,0,0.00010929210111498833,1e93910669112ffab18614a3f72a6120deb77a36aade2fb630e6e41af73344cb
four_mode_skewed_cost,9022,round_robin,2,True,3,2,False,3.5988016640000007,0.5,3.0988016640000007,2.4990336000000006,0.9999999999998725,3.96505072037355e-12,3.156136551285666e-26,1.274536032269761e-13,0.7780132393914001,0,3,0,0,spread,spread|spread|spread,0,0,0.00012195901945233345,fb2f60c766ca664aa5785bbdc9d9f2074b87d9c41a22d738d96858de1cea5d53
four_mode_skewed_cost,9023,round_robin,3,True,2,3,False,1.9498912000000006,0.25,1.6998912000000006,1.3708800000000003,0.9999615414034057,0.0004445153543327201,2.6167191368726455e-09,3.845933614513592e-05,0.7459507791531593,0,2,0,0,spread,spread|spread,0,0,8.845794945955276e-05,e1c830d89013c0fd9f615546d35f17274aef3c72822e38f79b1192e6722989e7
four_mode_skewed_cost,9024,round_robin,2,True,2,2,False,1.9498912000000006,0.25,1.6998912000000006,1.3708800000000003,0.9935251927739649,0.03908644915352514,8.384558112306789e-05,0.00649585971340978,0.9302303035615137,0,2,0,0,spread,spread|spread,0,0,8.583301678299904e-05,5e89ae07132b38375e9d0e02b18b09c707f71f62f9d97bdecb2d8be1e280a0b7
four_mode_skewed_cost,9025,round_robin,1,True,2,1,False,1.9498912000000006,0.25,1.6998912000000006,1.3708800000000003,0.9997461222581132,0.002357610815496687,1.287797875442143e-07,0.0002539099742962101,0.8614367776379674,0,2,0,0,spread,spread|spread,0,0,8.491589687764645e-05,c782cb363f1ca99d97caa891a059c5d9bf60b74eb078b862550d6bb14892bb32
four_mode_skewed_cost,9026,round_robin,0,True,2,0,False,1.9498912000000006,0.25,1.6998912000000006,1.3708800000000003,0.9920986244157046,0.046583661583420206,0.00012357382426729432,0.00793275686518665,0.7506955674140163,0,2,0,0,spread,spread|spread,0,0,9.354203939437866e-05,a54671d3d38a0ddb530c1bce8d8d1374275880ccda291737a0f7c0d9f18f7352
four_mode_skewed_cost,9027,round_robin,0,True,2,0,False,1.9498912000000006,0.25,1.6998912000000006,1.3708800000000003,0.9999421844823484,0.0006409408674171024,6.077498916959587e-09,5.7817189033067024e-05,0.8136731362358616,0,2,0,0,spread,spread|spread,0,0,8.591590449213982e-05,20343105cfe881fc1d7ebcb5cb2d95da1ed07df3588cc15daab80664cfe4901a
four_mode_skewed_cost,9028,round_robin,1,True,2,1,False,1.9498912000000006,0.25,1.6998912000000006,1.3708800000000003,0.9999939011068681,8.321394605798719e-05,5.785512846429717e-11,6.098911730180523e-06,0.9492398262337219,0,2,0,0,spread,spread|spread,0,0,8.404208347201347e-05,0ecbc4603b06013e19793f87a12e9ca235739f21cc33f80ba42ae9fb86874d0e
four_mode_skewed_cost,9029,round_robin,2,True,3,2,False,3.5988016640000007,0.5,3.0988016640000007,2.4990336000000006,0.9999999996493993,7.983729557266285e-09,2.4584171235071226e-19,3.5060065967691246e-10,0.7947305084398888,0,3,0,0,spread,spread|spread|spread,0,0,0.00011062482371926308,c75b5dbb2ccd0a5a84211eb255082ddd6891971c05fd8eceba7e898282e55df0
four_mode_skewed_cost,9000,myopic_voi,0,False,10,-1,False,2.5,2.5,0.0,0.0,0.4200000000000003,1.2450354115604019,0.47779999999999934,0.8675005677047223,0.42000000000000026,10,0,0,0,hold,hold|hold|hold|hold|hold|hold|hold|hold|hold|hold,1,60,0.005021959077566862,0e0eb575e225b4017ee4085e3784b6524f7bfb677ba9e3527fc110872ead268a
four_mode_skewed_cost,9001,myopic_voi,1,False,10,-1,False,2.5,2.5,0.0,0.0,0.32999999999999974,1.2450354115604023,0.6578000000000005,1.108662624521612,0.42000000000000004,10,0,0,0,hold,hold|hold|hold|hold|hold|hold|hold|hold|hold|hold,1,60,0.004797292174771428,7f3abd66d0f5609a7600a686912e8df077a6a8ac2c5a56adba1675b3f7e31905
four_mode_skewed_cost,9002,myopic_voi,3,False,10,-1,False,2.5,2.5,0.0,0.0,0.1000000000000001,1.2450354115604023,1.1177999999999997,2.3025850929940446,0.41999999999999993,10,0,0,0,hold,hold|hold|hold|hold|hold|hold|hold|hold|hold|hold,1,60,0.004721040837466717,e4a701e7c40702e402d5054877b0e89ee57330d928f92bf0c7b814a022160f96
four_mode_skewed_cost,9003,myopic_voi,2,False,10,-1,False,2.5,2.5,0.0,0.0,0.14999999999999983,1.2450354115604019,1.0178000000000005,1.8971199848858824,0.4200000000000001,10,0,0,0,hold,hold|hold|hold|hold|hold|hold|hold|hold|hold|hold,1,60,0.004807542078197002,517e4e37bae4cde925fd3293fcd86789ff7e20d32c48a2229a874ece895b6324
four_mode_skewed_cost,9004,myopic_voi,1,False,10,-1,False,2.5,2.5,0.0,0.0,0.32999999999999996,1.2450354115604023,0.6578000000000002,1.1086626245216114,0.41999999999999993,10,0,0,0,hold,hold|hold|hold|hold|hold|hold|hold|hold|hold|hold,1,60,0.0048715840093791485,67c2430d4519dc29713b4189b503373ef983ce51b6614f1ef578e281f8074ad8
four_mode_skewed_cost,9005,myopic_voi,0,False,10,-1,False,2.5,2.5,0.0,0.0,0.4200000000000005,1.2450354115604019,0.4777999999999991,0.867500567704722,0.42000000000000026,10,0,0,0,hold,hold|hold|hold|hold|hold|hold|hold|hold|hold|hold,1,60,0.004642999963834882,b642e7c010f4d9d2fcd272a3f4ad72aeece481838699ced1371f883d99d37f25
four_mode_skewed_cost,9006,myopic_voi,0,False,10,-1,False,2.5,2.5,0.0,0.0,0.4200000000000004,1.2450354115604019,0.47779999999999934,0.8675005677047222,0.4200000000000001,10,0,0,0,hold,hold|hold|hold|hold|hold|hold|hold|hold|hold|hold,1,60,0.004719374934211373,d784a84f9019d2cda45ef09af409e434866be82f92e3defc3406a2087f145978
four_mode_skewed_cost,9007,myopic_voi,2,False,10,-1,False,2.5,2.5,0.0,0.0,0.15000000000000002,1.2450354115604023,1.0177999999999998,1.897119984885881,0.41999999999999976,10,0,0,0,hold,hold|hold|hold|hold|hold|hold|hold|hold|hold|hold,1,60,0.004842665977776051,4d05b759af4c7b93f0513587b06278c2a13350fd353711d138c28fa3d1fbb7a5
four_mode_skewed_cost,9008,myopic_voi,0,False,10,-1,False,2.5,2.5,0.0,0.0,0.4199999999999999,1.2450354115604023,0.4778,0.8675005677047234,0.41999999999999993,10,0,0,0,hold,hold|hold|hold|hold|hold|hold|hold|hold|hold|hold,1,60,0.004744000034406781,563845c08fc9b4a9fca96cd9832ba0a8bc5103cd5048c40ecd2f09ad3705579c
four_mode_skewed_cost,9009,myopic_voi,1,False,10,-1,False,2.5,2.5,0.0,0.0,0.3299999999999996,1.2450354115604019,0.6578000000000008,1.1086626245216122,0.4200000000000002,10,0,0,0,hold,hold|hold|hold|hold|hold|hold|hold|hold|hold|hold,1,60,0.004636584082618356,50b05f414f79ec6d0660db296c1337e5a17be8d9ea030290151c7ca78cbf5aa4
four_mode_skewed_cost,9010,myopic_voi,0,False,10,-1,False,2.5,2.5,0.0,0.0,0.4200000000000003,1.2450354115604019,0.47779999999999934,0.8675005677047223,0.4200000000000001,10,0,0,0,hold,hold|hold|hold|hold|hold|hold|hold|hold|hold|hold,1,60,0.004661250161007047,79eb86436edbc057eca3e12791ba3677ce87be41765ee528b2d151d8bde1ca07
four_mode_skewed_cost,9011,myopic_voi,0,False,10,-1,False,2.5,2.5,0.0,0.0,0.41999999999999993,1.245035411560402,0.47780000000000006,0.8675005677047233,0.41999999999999993,10,0,0,0,hold,hold|hold|hold|hold|hold|hold|hold|hold|hold|hold,1,60,0.004909458104521036,7d69025a93c37c1b289051083a1301a6a8b1b42fd6d61ec0bd998f38d46ee54a
four_mode_skewed_cost,9012,myopic_voi,1,False,10,-1,False,2.5,2.5,0.0,0.0,0.32999999999999985,1.2450354115604023,0.6578000000000002,1.1086626245216116,0.41999999999999993,10,0,0,0,hold,hold|hold|hold|hold|hold|hold|hold|hold|hold|hold,1,60,0.004618874983862042,66704a1ea9b4c2498b1c6803f7d90eaff3e84bfe27b8b82d0907dbc3e9dc164b
four_mode_skewed_cost,9013,myopic_voi,1,False,10,-1,False,2.5,2.5,0.0,0.0,0.32999999999999996,1.2450354115604023,0.6578,1.1086626245216114,0.41999999999999993,10,0,0,0,hold,hold|hold|hold|hold|hold|hold|hold|hold|hold|hold,1,60,0.0046472090762108564,17b9aed81b408d11a8990fdefdf8998636c98f3281d1a3ecd43d0176c002fb7f
four_mode_skewed_cost,9014,myopic_voi,3,False,10,-1,False,2.5,2.5,0.0,0.0,0.09999999999999995,1.245035411560402,1.1178000000000001,2.3025850929940463,0.42000000000000004,10,0,0,0,hold,hold|hold|hold|hold|hold|hold|hold|hold|hold|hold,1,60,0.004751750035211444,b36ad3624f998c2936adac35a0aaa34319874b5408d00af560fd273da7176376
four_mode_skewed_cost,9015,myopic_voi,2,False,10,-1,False,2.5,2.5,0.0,0.0,0.15,1.2450354115604023,1.0177999999999998,1.8971199848858813,0.42000000000000004,10,0,0,0,hold,hold|hold|hold|hold|hold|hold|hold|hold|hold|hold,1,60,0.004703457932919264,ba5f26a51f5de12e219df5b4a8517221aa2efe69108ff1060fc9739d9c3bc87c
four_mode_skewed_cost,9016,myopic_voi,2,False,10,-1,False,2.5,2.5,0.0,0.0,0.14999999999999997,1.2450354115604023,1.0178,1.8971199848858815,0.41999999999999993,10,0,0,0,hold,hold|hold|hold|hold|hold|hold|hold|hold|hold|hold,1,60,0.004722625017166138,e04a803647b98dbe0b482b9c24cb89cc7078d6de276f4f6a23e44c1d2e99e11a
four_mode_skewed_cost,9017,myopic_voi,1,False,10,-1,False,2.5,2.5,0.0,0.0,0.3299999999999998,1.2450354115604023,0.6578000000000003,1.1086626245216118,0.4200000000000001,10,0,0,0,hold,hold|hold|hold|hold|hold|hold|hold|hold|hold|hold,1,60,0.004845542134717107,40cc66d914ad32770b940fac8d0ef94c1a10bbc0aa064cb006ae09f814760e08
four_mode_skewed_cost,9018,myopic_voi,1,False,10,-1,False,2.5,2.5,0.0,0.0,0.3299999999999998,1.2450354115604023,0.6578000000000003,1.1086626245216118,0.42000000000000004,10,0,0,0,hold,hold|hold|hold|hold|hold|hold|hold|hold|hold|hold,1,60,0.004751167027279735,934d291421147a77374bb9c099796c3872ff96b39d93ba048a738e6eac2d759d
four_mode_skewed_cost,9019,myopic_voi,2,False,10,-1,False,2.5,2.5,0.0,0.0,0.15000000000000024,1.2450354115604023,1.0177999999999994,1.8971199848858797,0.41999999999999976,10,0,0,0,hold,hold|hold|hold|hold|hold|hold|hold|hold|hold|hold,1,60,0.004710374865680933,a93acbf18ce3b861930d07632251779beaa2f040066ae4720b06ecfd73d33e07
four_mode_skewed_cost,9020,myopic_voi,0,False,10,-1,False,2.5,2.5,0.0,0.0,0.41999999999999993,1.2450354115604023,0.4778000000000001,0.8675005677047233,0.41999999999999993,10,0,0,0,hold,hold|hold|hold|hold|hold|hold|hold|hold|hold|hold,1,60,0.004632416879758239,e750e372c7b3d4e6115c9bd72fae3c0904f86a43f25e473c88ac2d2b96ea0816
four_mode_skewed_cost,9021,myopic_voi,3,False,10,-1,False,2.5,2.5,0.0,0.0,0.1000000000000001,1.2450354115604023,1.1177999999999997,2.3025850929940446,0.41999999999999993,10,0,0,0,hold,hold|hold|hold|hold|hold|hold|hold|hold|hold|hold,1,60,0.0047095841728150845,1e93910669112ffab18614a3f72a6120deb77a36aade2fb630e6e41af73344cb
four_mode_skewed_cost,9022,myopic_voi,2,False,10,-1,False,2.5,2.5,0.0,0.0,0.15000000000000005,1.2450354115604023,1.0178,1.897119984885881,0.42000000000000004,10,0,0,0,hold,hold|hold|hold|hold|hold|hold|hold|hold|hold|hold,1,60,0.004599791020154953,fb2f60c766ca664aa5785bbdc9d9f2074b87d9c41a22d738d96858de1cea5d53
four_mode_skewed_cost,9023,myopic_voi,3,False,10,-1,False,2.5,2.5,0.0,0.0,0.1000000000000001,1.2450354115604023,1.1177999999999997,2.3025850929940446,0.41999999999999993,10,0,0,0,hold,hold|hold|hold|hold|hold|hold|hold|hold|hold|hold,1,60,0.004677042132243514,e1c830d89013c0fd9f615546d35f17274aef3c72822e38f79b1192e6722989e7
four_mode_skewed_cost,9024,myopic_voi,2,False,10,-1,False,2.5,2.5,0.0,0.0,0.14999999999999997,1.2450354115604019,1.0178,1.8971199848858815,0.42000000000000026,10,0,0,0,hold,hold|hold|hold|hold|hold|hold|hold|hold|hold|hold,1,60,0.004598583094775677,5e89ae07132b38375e9d0e02b18b09c707f71f62f9d97bdecb2d8be1e280a0b7
four_mode_skewed_cost,9025,myopic_voi,1,False,10,-1,False,2.5,2.5,0.0,0.0,0.32999999999999996,1.2450354115604023,0.6578,1.1086626245216114,0.41999999999999993,10,0,0,0,hold,hold|hold|hold|hold|hold|hold|hold|hold|hold|hold,1,60,0.004648833069950342,c782cb363f1ca99d97caa891a059c5d9bf60b74eb078b862550d6bb14892bb32
four_mode_skewed_cost,9026,myopic_voi,0,False,10,-1,False,2.5,2.5,0.0,0.0,0.4200000000000001,1.2450354115604019,0.4777999999999999,0.8675005677047228,0.41999999999999993,10,0,0,0,hold,hold|hold|hold|hold|hold|hold|hold|hold|hold|hold,1,60,0.004586125025525689,a54671d3d38a0ddb530c1bce8d8d1374275880ccda291737a0f7c0d9f18f7352
four_mode_skewed_cost,9027,myopic_voi,0,False,10,-1,False,2.5,2.5,0.0,0.0,0.4200000000000003,1.245035411560402,0.47779999999999934,0.8675005677047223,0.4200000000000002,10,0,0,0,hold,hold|hold|hold|hold|hold|hold|hold|hold|hold|hold,1,60,0.004676250042393804,20343105cfe881fc1d7ebcb5cb2d95da1ed07df3588cc15daab80664cfe4901a
four_mode_skewed_cost,9028,myopic_voi,1,False,10,-1,False,2.5,2.5,0.0,0.0,0.3299999999999999,1.245035411560402,0.6578000000000003,1.1086626245216114,0.42000000000000004,10,0,0,0,hold,hold|hold|hold|hold|hold|hold|hold|hold|hold|hold,1,60,0.004601833177730441,0ecbc4603b06013e19793f87a12e9ca235739f21cc33f80ba42ae9fb86874d0e
four_mode_skewed_cost,9029,myopic_voi,2,False,10,-1,False,2.5,2.5,0.0,0.0,0.15000000000000005,1.245035411560402,1.0178,1.897119984885881,0.42000000000000026,10,0,0,0,hold,hold|hold|hold|hold|hold|hold|hold|hold|hold|hold,1,60,0.0046010001096874475,c75b5dbb2ccd0a5a84211eb255082ddd6891971c05fd8eceba7e898282e55df0
four_mode_skewed_cost,9000,receding_horizon_voi,0,True,4,0,False,2.0712329674945984,0.75,1.3212329674945984,1.6960140450853023,0.9997831121839957,0.0020466407190779757,9.407748415967971e-08,0.0002169113395680064,0.7417648336521373,0,1,3,2,spread,spread|probe_3|probe_1|probe_3,2,144,0.019481834024190903,0e0eb575e225b4017ee4085e3784b6524f7bfb677ba9e3527fc110872ead268a
four_mode_skewed_cost,9001,receding_horizon_voi,1,True,3,1,False,1.62965500429736,0.5,1.12965500429736,1.4052410791024288,0.9937733328451115,0.04208791745062668,5.852965709975064e-05,0.0062461336966716935,0.8547482811153196,0,1,2,1,spread,spread|probe_3|probe_3,2,108,0.014457291923463345,7f3abd66d0f5609a7600a686912e8df077a6a8ac2c5a56adba1675b3f7e31905
four_mode_skewed_cost,9002,receding_horizon_voi,3,True,4,3,False,2.066688763830479,0.75,1.3166887638304792,1.5770254298758908,0.9995957010375857,0.003563170047574989,3.2691403304565494e-07,0.0004043807132751127,0.8547249047181544,1,1,2,2,spread,spread|probe_3|probe_1|hold,2,144,0.01924504106864333,e4a701e7c40702e402d5054877b0e89ee57330d928f92bf0c7b814a022160f96
four_mode_skewed_cost,9003,receding_horizon_voi,2,True,3,2,False,1.62965500429736,0.5,1.12965500429736,1.4052410791024288,0.9997775471718082,0.0021317641039551587,9.556563754128013e-08,0.00022247757449215334,0.6921807524000485,0,1,2,1,spread,spread|probe_3|probe_3,2,108,0.01446783309802413,517e4e37bae4cde925fd3293fcd86789ff7e20d32c48a2229a874ece895b6324
four_mode_skewed_cost,9004,receding_horizon_voi,1,True,2,1,False,1.1297632096786763,0.25,0.8797632096786763,0.9590057315690645,0.9989001687983842,0.009318728532544042,1.8534646562596874e-06,0.001100436459780429,0.7591656218603258,0,1,1,1,spread,spread|probe_3,2,72,0.00978066585958004,67c2430d4519dc29713b4189b503373ef983ce51b6614f1ef578e281f8074ad8
four_mode_skewed_cost,9005,receding_horizon_voi,0,True,2,0,False,1.1297632096786763,0.25,0.8797632096786763,0.9590057315690645,0.9999363094746128,0.00072044613372552,6.263622051665668e-09,6.369255371487485e-05,0.9507993767586103,0,1,1,1,spread,spread|probe_3,2,72,0.009525208966806531,b642e7c010f4d9d2fcd272a3f4ad72aeece481838699ced1371f883d99d37f25
four_mode_skewed_cost,9006,receding_horizon_voi,0,True,3,0,False,1.62965500429736,0.5,1.12965500429736,1.4052410791024288,0.9981270667552471,0.013633729199404488,7.015740999807466e-06,0.001874689377311171,0.8787155512206942,0,1,2,1,spread,spread|probe_3|probe_3,2,108,0.014352916041389108,d784a84f9019d2cda45ef09af409e434866be82f92e3defc3406a2087f145978
four_mode_skewed_cost,9007,receding_horizon_voi,2,True,3,2,False,1.62965500429736,0.5,1.12965500429736,1.4052410791024288,0.9996133007122355,0.003426851320621105,2.989330093448895e-07,0.0003867740752148387,0.7365503898593609,0,1,2,1,spread,spread|probe_3|probe_3,2,108,0.014215541072189808,4d05b759af4c7b93f0513587b06278c2a13350fd353711d138c28fa3d1fbb7a5
four_mode_skewed_cost,9008,receding_horizon_voi,0,True,4,0,False,2.066688763830479,0.75,1.3166887638304792,1.5770254298758908,0.999995931958394,5.456198497484675e-05,3.3097924995354016e-11,4.06804988052384e-06,0.8348885185177213,1,1,2,2,spread,spread|probe_3|probe_1|hold,2,144,0.018740582978352904,563845c08fc9b4a9fca96cd9832ba0a8bc5103cd5048c40ecd2f09ad3705579c
four_mode_skewed_cost,9009,receding_horizon_voi,1,True,3,1,False,1.62965500429736,0.5,1.12965500429736,1.4052410791024288,0.9999902888903713,0.0001230269230276072,1.835420412945076e-10,9.711156781793222e-06,0.9191645909649052,0,1,2,1,spread,spread|probe_3|probe_3,2,108,0.014069417025893927,50b05f414f79ec6d0660db296c1337e5a17be8d9ea030290151c7ca78cbf5aa4
four_mode_skewed_cost,9010,receding_horizon_voi,0,True,3,0,False,1.62965500429736,0.5,1.12965500429736,1.4052410791024288,0.9999993469874943,1.0203868391554051e-05,7.592009477393663e-13,6.530127189485541e-07,0.8993446866010361,0,1,2,1,spread,spread|probe_3|probe_3,2,108,0.01409162487834692,79eb86436edbc057eca3e12791ba3677ce87be41765ee528b2d151d8bde1ca07
four_mode_skewed_cost,9011,receding_horizon_voi,0,True,3,0,False,1.5679314495879826,0.5,1.0679314495879826,1.130571458298791,0.9999981851428078,2.649436246915431e-05,5.861030449151607e-12,1.8148588390502918e-06,0.8097294328786178,1,1,1,1,spread,spread|probe_1|hold,2,108,0.014123792061582208,7d69025a93c37c1b289051083a1301a6a8b1b42fd6d61ec0bd998f38d46ee54a
four_mode_skewed_cost,9012,receding_horizon_voi,1,True,3,1,False,1.6097240276533094,0.5,1.1097240276533094,1.3183195096544287,0.9994318183331228,0.004816369524549728,6.453611962765594e-07,0.0005683431432486816,0.7249017979669269,0,1,2,2,spread,spread|probe_3|probe_1,2,108,0.013975124806165695,66704a1ea9b4c2498b1c6803f7d90eaff3e84bfe27b8b82d0907dbc3e9dc164b
four_mode_skewed_cost,9013,receding_horizon_voi,1,True,4,1,False,2.0712329674945984,0.75,1.3212329674945984,1.6960140450853023,0.9961767133956849,0.025100592557513277,2.9233838508361516e-05,0.0038306140471163837,0.8138217287218157,0,1,3,2,spread,spread|probe_3|probe_1|probe_3,2,144,0.018739833030849695,17b9aed81b408d11a8990fdefdf8998636c98f3281d1a3ecd43d0176c002fb7f
four_mode_skewed_cost,9014,receding_horizon_voi,3,True,2,3,False,1.1297632096786763,0.25,0.8797632096786763,0.9590057315690645,0.9935631893348836,0.04251499134343742,6.741863645718251e-05,0.006457616260058151,0.6753577259608916,0,1,1,1,spread,spread|probe_3,2,72,0.009443124989047647,b36ad3624f998c2936adac35a0aaa34319874b5408d00af560fd273da7176376
four_mode_skewed_cost,9015,receding_horizon_voi,2,True,3,2,False,1.62965500429736,0.5,1.12965500429736,1.4052410791024288,0.9984018317875322,0.011928950892616032,5.089359830973467e-06,0.0015994466455678251,0.7554099331727632,0,1,2,1,spread,spread|probe_3|probe_3,2,108,0.014172999886795878,ba5f26a51f5de12e219df5b4a8517221aa2efe69108ff1060fc9739d9c3bc87c
four_mode_skewed_cost,9016,receding_horizon_voi,2,True,3,2,False,1.62965500429736,0.5,1.12965500429736,1.4052410791024288,0.9999963463545375,4.948431566010903e-05,2.6605094948883067e-11,3.653652137087966e-06,0.7950786881777788,0,1,2,1,spread,spread|probe_3|probe_3,2,108,0.01410420797765255,e04a803647b98dbe0b482b9c24cb89cc7078d6de276f4f6a23e44c1d2e99e11a
four_mode_skewed_cost,9017,receding_horizon_voi,1,True,3,1,False,1.5593185839320054,0.5,1.0593185839320054,1.2275995096544285,0.9998116596314645,0.0018626466018991845,6.48795946337554e-08,0.0001883581068100116,0.9534020739799409,0,1,2,2,spread,spread|probe_1|probe_3,2,108,0.014064208138734102,40cc66d914ad32770b940fac8d0ef94c1a10bbc0aa064cb006ae09f814760e08
four_mode_skewed_cost,9018,receding_horizon_voi,1,True,3,1,False,1.62965500429736,0.5,1.12965500429736,1.4052410791024288,0.9983864231165562,0.012228707720909133,5.033682476455898e-06,0.0016148801007059934,0.7804653593281735,0,1,2,1,spread,spread|probe_3|probe_3,2,108,0.014134875033050776,934d291421147a77374bb9c099796c3872ff96b39d93ba048a738e6eac2d759d
four_mode_skewed_cost,9019,receding_horizon_voi,2,True,3,2,False,1.6097240276533094,0.5,1.1097240276533094,1.3183195096544287,0.9999940550147546,7.844002163844311e-05,6.811593103618918e-11,5.945002916915575e-06,0.8262372527420646,0,1,2,2,spread,spread|probe_3|probe_1,2,108,0.014149917056784034,a93acbf18ce3b861930d07632251779beaa2f040066ae4720b06ecfd73d33e07
four_mode_skewed_cost,9020,receding_horizon_voi,0,True,4,0,False,1.969008028184305,0.75,1.219008028184305,1.319417181544194,0.9998161326861534,0.0017658676721984013,6.759331411765072e-08,0.00018388421951341278,0.8433243911467267,2,1,1,1,spread,spread|probe_1|hold|hold,2,144,0.01880583306774497,e750e372c7b3d4e6115c9bd72fae3c0904f86a43f25e473c88ac2d2b96ea0816
four_mode_skewed_cost,9021,receding_horizon_voi,3,True,3,3,False,1.62965500429736,0.5,1.12965500429736,1.4052410791024288,0.9999866631415633,0.00016326537789577823,3.5490241570828135e-10,1.3336947373428278e-05,0.8228814031680334,0,1,2,1,spread,spread|probe_3|probe_3,2,108,0.014514666981995106,1e93910669112ffab18614a3f72a6120deb77a36aade2fb630e6e41af73344cb
four_mode_skewed_cost,9022,receding_horizon_voi,2,True,4,2,False,2.066688763830479,0.75,1.3166887638304792,1.5770254298758908,0.9999999008913836,1.763808801681235e-06,1.4972328690944967e-14,9.910862133607375e-08,0.7518711758139724,1,1,2,2,spread,spread|probe_3|probe_1|hold,2,144,0.01927120890468359,fb2f60c766ca664aa5785bbdc9d9f2074b87d9c41a22d738d96858de1cea5d53
four_mode_skewed_cost,9023,receding_horizon_voi,3,True,2,3,False,1.1297632096786763,0.25,0.8797632096786763,0.9590057315690645,0.9954815659589917,0.030004878281923532,3.832203576704441e-05,0.004528673018504199,0.7437107914309524,0,1,1,1,spread,spread|probe_3,2,72,0.016158042009919882,e1c830d89013c0fd9f615546d35f17274aef3c72822e38f79b1192e6722989e7
four_mode_skewed_cost,9024,receding_horizon_voi,2,True,4,2,False,2.016283320109175,0.75,1.2662833201091752,1.4863054298758906,0.9999816988595731,0.00021794200374558587,6.698571517465849e-10,1.8301307894804385e-05,0.8662375681355636,1,1,2,2,spread,spread|probe_1|probe_3|hold,2,144,0.022252249997109175,5e89ae07132b38375e9d0e02b18b09c707f71f62f9d97bdecb2d8be1e280a0b7
four_mode_skewed_cost,9025,receding_horizon_voi,1,True,2,1,False,1.1297632096786763,0.25,0.8797632096786763,0.9590057315690645,0.9913157294680681,0.050191806543450145,0.00014990449395867466,0.008722198553720393,0.8572215812429449,0,1,1,1,spread,spread|probe_3,2,72,0.009643875062465668,c782cb363f1ca99d97caa891a059c5d9bf60b74eb078b862550d6bb14892bb32
four_mode_skewed_cost,9026,receding_horizon_voi,0,True,3,0,False,1.62965500429736,0.5,1.12965500429736,1.4052410791024288,0.9999255959767327,0.0007841567753828996,1.1019575524335888e-08,7.440679138395093e-05,0.7910001339122196,0,1,2,1,spread,spread|probe_3|probe_3,2,108,0.014229833148419857,a54671d3d38a0ddb530c1bce8d8d1374275880ccda291737a0f7c0d9f18f7352
four_mode_skewed_cost,9027,receding_horizon_voi,0,True,2,0,False,1.1297632096786763,0.25,0.8797632096786763,0.9590057315690645,0.9957036838280232,0.030571737824544275,2.875208186820081e-05,0.004305571858050596,0.811553885908699,0,1,1,1,spread,spread|probe_3,2,72,0.009469500044360757,20343105cfe881fc1d7ebcb5cb2d95da1ed07df3588cc15daab80664cfe4901a
four_mode_skewed_cost,9028,receding_horizon_voi,1,True,2,1,False,1.1081028682042016,0.25,0.8581028682042016,0.8682857315690645,0.998638044545352,0.01109342592521703,3.0429342033839065e-06,0.0013628837589467024,0.9485618979529639,0,1,1,1,spread,spread|probe_1,2,72,0.01038283295929432,0ecbc4603b06013e19793f87a12e9ca235739f21cc33f80ba42ae9fb86874d0e
four_mode_skewed_cost,9029,receding_horizon_voi,2,True,3,2,False,1.62965500429736,0.5,1.12965500429736,1.4052410791024288,0.9983874561320237,0.012011611085440422,5.186088932024713e-06,0.001613845416229964,0.7563586123015492,0,1,2,1,spread,spread|probe_3|probe_3,2,108,0.015259791864082217,c75b5dbb2ccd0a5a84211eb255082ddd6891971c05fd8eceba7e898282e55df0
four_mode_skewed_cost,9000,computational_oracle,0,True,4,0,False,2.0712329674945984,0.75,1.3212329674945984,1.6960140450853023,0.9997831121839957,0.0020466407190779757,9.407748415967971e-08,0.0002169113395680064,0.7417648336521373,0,1,3,2,spread,spread|probe_3|probe_1|probe_3,3,864,0.16071929107420146,0e0eb575e225b4017ee4085e3784b6524f7bfb677ba9e3527fc110872ead268a
four_mode_skewed_cost,9001,computational_oracle,1,True,3,1,False,1.62965500429736,0.5,1.12965500429736,1.4052410791024288,0.9937733328451115,0.04208791745062668,5.852965709975064e-05,0.0062461336966716935,0.8547482811153196,0,1,2,1,spread,spread|probe_3|probe_3,3,648,0.11972545902244747,7f3abd66d0f5609a7600a686912e8df077a6a8ac2c5a56adba1675b3f7e31905
four_mode_skewed_cost,9002,computational_oracle,3,True,4,3,False,2.066688763830479,0.75,1.3166887638304792,1.5770254298758908,0.9995957010375857,0.003563170047574989,3.2691403304565494e-07,0.0004043807132751127,0.8547249047181544,1,1,2,2,spread,spread|probe_3|probe_1|hold,3,864,0.16166291595436633,e4a701e7c40702e402d5054877b0e89ee57330d928f92bf0c7b814a022160f96
four_mode_skewed_cost,9003,computational_oracle,2,True,3,2,False,1.62965500429736,0.5,1.12965500429736,1.4052410791024288,0.9997775471718082,0.0021317641039551587,9.556563754128013e-08,0.00022247757449215334,0.6921807524000485,0,1,2,1,spread,spread|probe_3|probe_3,3,648,0.12041441700421274,517e4e37bae4cde925fd3293fcd86789ff7e20d32c48a2229a874ece895b6324
four_mode_skewed_cost,9004,computational_oracle,1,True,2,1,False,1.1297632096786763,0.25,0.8797632096786763,0.9590057315690645,0.9989001687983842,0.009318728532544042,1.8534646562596874e-06,0.001100436459780429,0.7591656218603258,0,1,1,1,spread,spread|probe_3,3,432,0.08577916701324284,67c2430d4519dc29713b4189b503373ef983ce51b6614f1ef578e281f8074ad8
four_mode_skewed_cost,9005,computational_oracle,0,True,2,0,False,1.1297632096786763,0.25,0.8797632096786763,0.9590057315690645,0.9999363094746128,0.00072044613372552,6.263622051665668e-09,6.369255371487485e-05,0.9507993767586103,0,1,1,1,spread,spread|probe_3,3,432,0.08087470917962492,b642e7c010f4d9d2fcd272a3f4ad72aeece481838699ced1371f883d99d37f25
four_mode_skewed_cost,9006,computational_oracle,0,True,3,0,False,1.62965500429736,0.5,1.12965500429736,1.4052410791024288,0.9981270667552471,0.013633729199404488,7.015740999807466e-06,0.001874689377311171,0.8787155512206942,0,1,2,1,spread,spread|probe_3|probe_3,3,648,0.1205292500089854,d784a84f9019d2cda45ef09af409e434866be82f92e3defc3406a2087f145978
four_mode_skewed_cost,9007,computational_oracle,2,True,3,2,False,1.62965500429736,0.5,1.12965500429736,1.4052410791024288,0.9996133007122355,0.003426851320621105,2.989330093448895e-07,0.0003867740752148387,0.7365503898593609,0,1,2,1,spread,spread|probe_3|probe_3,3,648,0.12012262502685189,4d05b759af4c7b93f0513587b06278c2a13350fd353711d138c28fa3d1fbb7a5
four_mode_skewed_cost,9008,computational_oracle,0,True,4,0,False,2.066688763830479,0.75,1.3166887638304792,1.5770254298758908,0.999995931958394,5.456198497484675e-05,3.3097924995354016e-11,4.06804988052384e-06,0.8348885185177213,1,1,2,2,spread,spread|probe_3|probe_1|hold,3,864,0.1625250841025263,563845c08fc9b4a9fca96cd9832ba0a8bc5103cd5048c40ecd2f09ad3705579c
four_mode_skewed_cost,9009,computational_oracle,1,True,3,1,False,1.62965500429736,0.5,1.12965500429736,1.4052410791024288,0.9999902888903713,0.0001230269230276072,1.835420412945076e-10,9.711156781793222e-06,0.9191645909649052,0,1,2,1,spread,spread|probe_3|probe_3,3,648,0.12174079101532698,50b05f414f79ec6d0660db296c1337e5a17be8d9ea030290151c7ca78cbf5aa4
four_mode_skewed_cost,9010,computational_oracle,0,True,3,0,False,1.62965500429736,0.5,1.12965500429736,1.4052410791024288,0.9999993469874943,1.0203868391554051e-05,7.592009477393663e-13,6.530127189485541e-07,0.8993446866010361,0,1,2,1,spread,spread|probe_3|probe_3,3,648,0.12526870798319578,79eb86436edbc057eca3e12791ba3677ce87be41765ee528b2d151d8bde1ca07
four_mode_skewed_cost,9011,computational_oracle,0,True,3,0,False,1.5679314495879826,0.5,1.0679314495879826,1.130571458298791,0.9999981851428078,2.649436246915431e-05,5.861030449151607e-12,1.8148588390502918e-06,0.8097294328786178,1,1,1,1,spread,spread|probe_1|hold,3,648,0.12102025002241135,7d69025a93c37c1b289051083a1301a6a8b1b42fd6d61ec0bd998f38d46ee54a
four_mode_skewed_cost,9012,computational_oracle,1,True,3,1,False,1.6097240276533094,0.5,1.1097240276533094,1.3183195096544287,0.9994318183331228,0.004816369524549728,6.453611962765594e-07,0.0005683431432486816,0.7249017979669269,0,1,2,2,spread,spread|probe_3|probe_1,3,648,0.1207389160990715,66704a1ea9b4c2498b1c6803f7d90eaff3e84bfe27b8b82d0907dbc3e9dc164b
four_mode_skewed_cost,9013,computational_oracle,1,True,4,1,False,2.0712329674945984,0.75,1.3212329674945984,1.6960140450853023,0.9961767133956849,0.025100592557513277,2.9233838508361516e-05,0.0038306140471163837,0.8138217287218157,0,1,3,2,spread,spread|probe_3|probe_1|probe_3,3,864,0.16011483408510685,17b9aed81b408d11a8990fdefdf8998636c98f3281d1a3ecd43d0176c002fb7f
four_mode_skewed_cost,9014,computational_oracle,3,True,2,3,False,1.1297632096786763,0.25,0.8797632096786763,0.9590057315690645,0.9935631893348836,0.04251499134343742,6.741863645718251e-05,0.006457616260058151,0.6753577259608916,0,1,1,1,spread,spread|probe_3,3,432,0.085400708951056,b36ad3624f998c2936adac35a0aaa34319874b5408d00af560fd273da7176376
four_mode_skewed_cost,9015,computational_oracle,2,True,3,2,False,1.62965500429736,0.5,1.12965500429736,1.4052410791024288,0.9984018317875322,0.011928950892616032,5.089359830973467e-06,0.0015994466455678251,0.7554099331727632,0,1,2,1,spread,spread|probe_3|probe_3,3,648,0.11962941591627896,ba5f26a51f5de12e219df5b4a8517221aa2efe69108ff1060fc9739d9c3bc87c
four_mode_skewed_cost,9016,computational_oracle,2,True,3,2,False,1.62965500429736,0.5,1.12965500429736,1.4052410791024288,0.9999963463545375,4.948431566010903e-05,2.6605094948883067e-11,3.653652137087966e-06,0.7950786881777788,0,1,2,1,spread,spread|probe_3|probe_3,3,648,0.12021304201334715,e04a803647b98dbe0b482b9c24cb89cc7078d6de276f4f6a23e44c1d2e99e11a
four_mode_skewed_cost,9017,computational_oracle,1,True,3,1,False,1.5593185839320054,0.5,1.0593185839320054,1.2275995096544285,0.9998116596314645,0.0018626466018991845,6.48795946337554e-08,0.0001883581068100116,0.9534020739799409,0,1,2,2,spread,spread|probe_1|probe_3,3,648,0.12087383400648832,40cc66d914ad32770b940fac8d0ef94c1a10bbc0aa064cb006ae09f814760e08
four_mode_skewed_cost,9018,computational_oracle,1,True,3,1,False,1.62965500429736,0.5,1.12965500429736,1.4052410791024288,0.9983864231165562,0.012228707720909133,5.033682476455898e-06,0.0016148801007059934,0.7804653593281735,0,1,2,1,spread,spread|probe_3|probe_3,3,648,0.11993375001475215,934d291421147a77374bb9c099796c3872ff96b39d93ba048a738e6eac2d759d
four_mode_skewed_cost,9019,computational_oracle,2,True,3,2,False,1.6097240276533094,0.5,1.1097240276533094,1.3183195096544287,0.9999940550147546,7.844002163844311e-05,6.811593103618918e-11,5.945002916915575e-06,0.8262372527420646,0,1,2,2,spread,spread|probe_3|probe_1,3,648,0.12086708284914494,a93acbf18ce3b861930d07632251779beaa2f040066ae4720b06ecfd73d33e07
four_mode_skewed_cost,9020,computational_oracle,0,True,4,0,False,1.969008028184305,0.75,1.219008028184305,1.319417181544194,0.9998161326861534,0.0017658676721984013,6.759331411765072e-08,0.00018388421951341278,0.8433243911467267,2,1,1,1,spread,spread|probe_1|hold|hold,3,864,0.1660766249988228,e750e372c7b3d4e6115c9bd72fae3c0904f86a43f25e473c88ac2d2b96ea0816
four_mode_skewed_cost,9021,computational_oracle,3,True,3,3,False,1.62965500429736,0.5,1.12965500429736,1.4052410791024288,0.9999866631415633,0.00016326537789577823,3.5490241570828135e-10,1.3336947373428278e-05,0.8228814031680334,0,1,2,1,spread,spread|probe_3|probe_3,3,648,0.12120337504893541,1e93910669112ffab18614a3f72a6120deb77a36aade2fb630e6e41af73344cb
four_mode_skewed_cost,9022,computational_oracle,2,True,4,2,False,2.066688763830479,0.75,1.3166887638304792,1.5770254298758908,0.9999999008913836,1.763808801681235e-06,1.4972328690944967e-14,9.910862133607375e-08,0.7518711758139724,1,1,2,2,spread,spread|probe_3|probe_1|hold,3,864,0.16091270907782018,fb2f60c766ca664aa5785bbdc9d9f2074b87d9c41a22d738d96858de1cea5d53
four_mode_skewed_cost,9023,computational_oracle,3,True,2,3,False,1.1297632096786763,0.25,0.8797632096786763,0.9590057315690645,0.9954815659589917,0.030004878281923532,3.832203576704441e-05,0.004528673018504199,0.7437107914309524,0,1,1,1,spread,spread|probe_3,3,432,0.08047825004905462,e1c830d89013c0fd9f615546d35f17274aef3c72822e38f79b1192e6722989e7
four_mode_skewed_cost,9024,computational_oracle,2,True,4,2,False,2.016283320109175,0.75,1.2662833201091752,1.4863054298758906,0.9999816988595731,0.00021794200374558587,6.698571517465849e-10,1.8301307894804385e-05,0.8662375681355636,1,1,2,2,spread,spread|probe_1|probe_3|hold,3,864,0.1608439590781927,5e89ae07132b38375e9d0e02b18b09c707f71f62f9d97bdecb2d8be1e280a0b7
four_mode_skewed_cost,9025,computational_oracle,1,True,2,1,False,1.1297632096786763,0.25,0.8797632096786763,0.9590057315690645,0.9913157294680681,0.050191806543450145,0.00014990449395867466,0.008722198553720393,0.8572215812429449,0,1,1,1,spread,spread|probe_3,3,432,0.08250549994409084,c782cb363f1ca99d97caa891a059c5d9bf60b74eb078b862550d6bb14892bb32
four_mode_skewed_cost,9026,computational_oracle,0,True,3,0,False,1.62965500429736,0.5,1.12965500429736,1.4052410791024288,0.9999255959767327,0.0007841567753828996,1.1019575524335888e-08,7.440679138395093e-05,0.7910001339122196,0,1,2,1,spread,spread|probe_3|probe_3,3,648,0.12538133305497468,a54671d3d38a0ddb530c1bce8d8d1374275880ccda291737a0f7c0d9f18f7352
four_mode_skewed_cost,9027,computational_oracle,0,True,2,0,False,1.1297632096786763,0.25,0.8797632096786763,0.9590057315690645,0.9957036838280232,0.030571737824544275,2.875208186820081e-05,0.004305571858050596,0.811553885908699,0,1,1,1,spread,spread|probe_3,3,432,0.08270120806992054,20343105cfe881fc1d7ebcb5cb2d95da1ed07df3588cc15daab80664cfe4901a
four_mode_skewed_cost,9028,computational_oracle,1,True,2,1,False,1.1081028682042016,0.25,0.8581028682042016,0.8682857315690645,0.998638044545352,0.01109342592521703,3.0429342033839065e-06,0.0013628837589467024,0.9485618979529639,0,1,1,1,spread,spread|probe_1,3,432,0.0819115829654038,0ecbc4603b06013e19793f87a12e9ca235739f21cc33f80ba42ae9fb86874d0e
four_mode_skewed_cost,9029,computational_oracle,2,True,3,2,False,1.62965500429736,0.5,1.12965500429736,1.4052410791024288,0.9983874561320237,0.012011611085440422,5.186088932024713e-06,0.001613845416229964,0.7563586123015492,0,1,2,1,spread,spread|probe_3|probe_3,3,648,0.12041400000452995,c75b5dbb2ccd0a5a84211eb255082ddd6891971c05fd8eceba7e898282e55df0
