algorithm,seed,position_rmse,best_hypothesis_rmse,mean_truth_consistent_flock_weight,decision_loss,mean_decision_base_error,selection_rate,mixture_rate,abstention_rate,investigation_rate,wrong_mode_rate,wrong_mode_action_rate,mean_output_confidence,ambiguity_resolution_steps,agent_position_rmse,mean_nees,coverage95_rate,mean_nis,information_gain,spatial_diversity,estimate_disagreement,recovery_steps,messages,bytes_sent,mean_momentum,mean_momentum_change_score,mean_momentum_corroborating_agents,mean_momentum_biased_agents,momentum_fallback_rate,momentum_change_events,mean_hypothesis_flocks,multiflock_rate,mean_primary_flock_size,mean_primary_flock_weight,mean_alternative_flock_weight,mean_quarantined_agents,quarantine_rate,mean_suspected_bias_agents,mean_bias_estimate_norm,movement_distance,runtime_seconds,scenario,nees_calibration_error,coverage_calibration_error,decision_loss_defer_0_25,decision_loss_defer_0_50,decision_loss_defer_1_00,decision_loss_defer_1_50
flocking_robust_multiflock,0,0.6494753609450632,0.6494753609450632,1.0,0.5676357451254654,0.5676357451254654,1.0,0.0,0.0,0.0,0.0,0.0,1.0,,0.6471652424393901,1.5519473831755526,0.9728794642857143,1.632067619030827,3.728901739926949,4.707535859941059,0.37779648827870876,,3840,737280,0.7199999999999999,0.0,0.0,0.0,0.0,0,1.0,0.0,7.8625,1.0,0.0,0.00625,0.00625,0.1375,0.31863134913740965,132.03712187369263,1.14058995898813,no_change,0.4480526168244474,0.0228794642857143,0.5676357451254654,0.5676357451254654,0.5676357451254654,0.5676357451254654
flocking_robust_multiflock,1,0.6600115946712174,0.6600115946712174,1.0,0.5865789102883647,0.5865789102883647,1.0,0.0,0.0,0.0,0.0,0.0,1.0,,0.6585650162391902,1.68862476198847,0.9666294642857143,1.6404100797309311,3.73574788763798,4.756876940437481,0.3286679148123232,,3840,737280,0.7199999999999999,0.0,0.0,0.0,0.0,0,1.0,0.0,7.95,1.0,0.0,0.0,0.0,0.05,0.2990980956659718,112.1228122679161,1.1532197499182075,no_change,0.31137523801153,0.016629464285714324,0.5865789102883647,0.5865789102883647,0.5865789102883647,0.5865789102883647
flocking_robust_multiflock,2,0.687744900044521,0.687744900044521,1.0,0.6093720933672188,0.6093720933672188,1.0,0.0,0.0,0.0,0.0,0.0,1.0,,0.6938824148011189,1.7821119325657233,0.9722098214285715,1.6719389767217734,3.717972096667384,4.707951959549797,0.41374552585550217,,3840,737280,0.7199999999999999,0.0,0.0,0.0,0.0,0,1.0,0.0,7.90625,1.0,0.0,0.03125,0.03125,0.08125,0.29151680314719197,163.05452316328282,1.1305657089687884,no_change,0.2178880674342767,0.02220982142857153,0.6093720933672188,0.6093720933672188,0.6093720933672188,0.6093720933672188
flocking_robust_multiflock,3,0.6859463375920446,0.6859463375920446,1.0,0.5979771433266245,0.5979771433266245,1.0,0.0,0.0,0.0,0.0,0.0,1.0,,0.6886946615301291,1.8102227451427546,0.9591517857142857,1.7978473606797842,3.7264997650181506,4.7161496493255655,0.3844457159741564,,3840,737280,0.7199999999999999,0.0,0.0,0.0,0.0,0,1.0,0.0,7.90625,1.0,0.0,0.0,0.0,0.09375,0.30242457225428837,144.02347456869862,1.1470697079785168,no_change,0.1897772548572454,0.009151785714285765,0.5979771433266245,0.5979771433266245,0.5979771433266245,0.5979771433266245
flocking_robust_multiflock,4,0.5596982466950898,0.5596982466950898,1.0,0.4916635014837813,0.4916635014837813,1.0,0.0,0.0,0.0,0.0,0.0,1.0,,0.5871108156247732,1.290464247113579,0.984375,1.5416823678404878,3.7209399772696115,4.757124638493375,0.3416485236864572,,3840,737280,0.7199999999999999,0.0,0.0,0.0,0.0,0,1.0,0.0,7.96875,1.0,0.0,0.0,0.0,0.03125,0.2741180467286223,148.4383174300221,1.1631615420337766,no_change,0.709535752886421,0.034375000000000044,0.4916635014837813,0.4916635014837813,0.4916635014837813,0.4916635014837813
flocking_robust_multiflock,5,0.6051481294707268,0.6051481294707268,1.0,0.5354862476613299,0.5354862476613299,1.0,0.0,0.0,0.0,0.0,0.0,1.0,,0.6318520687067186,1.5500177100765877,0.98359375,1.725723794937143,3.7349001390903025,4.758468972403805,0.3374784540656683,,3840,737280,0.7199999999999999,0.0,0.0,0.0,0.0,0,1.0,0.0,7.975,1.0,0.0,0.0,0.0,0.025,0.28506606415177044,127.8470172735153,1.1588117501232773,no_change,0.44998228992341227,0.03359375000000009,0.5354862476613299,0.5354862476613299,0.5354862476613299,0.5354862476613299
flocking_robust_multiflock,6,0.635601224733155,0.635601224733155,1.0,0.5649298364391165,0.5649298364391165,1.0,0.0,0.0,0.0,0.0,0.0,1.0,,0.6468486897843981,1.5925199116490412,0.9861607142857143,1.6174542674944319,3.7278860579121575,4.746891371866015,0.353523946819545,,3840,737280,0.7199999999999999,0.0,0.0,0.0,0.0,0,1.0,0.0,7.9375,1.0,0.0,0.00625,0.00625,0.0625,0.29963009582159267,137.34295320256575,1.146075958153233,no_change,0.40748008835095884,0.036160714285714324,0.5649298364391165,0.5649298364391165,0.5649298364391165,0.5649298364391165
flocking_robust_multiflock,7,0.6154094363004694,0.6154094363004694,1.0,0.5429320619475376,0.5429320619475376,1.0,0.0,0.0,0.0,0.0,0.0,1.0,,0.618305306324697,1.5054988857880123,0.9767857142857143,1.6711126717306506,3.746192816759335,4.7055767710235274,0.3435633661685661,,3840,737280,0.7199999999999999,0.0,0.0,0.0,0.0,0,1.0,0.0,7.94375,1.0,0.0,0.00625,0.00625,0.05625,0.29110222258085805,95.06522319832138,1.1511675000656396,no_change,0.4945011142119877,0.0267857142857143,0.5429320619475376,0.5429320619475376,0.5429320619475376,0.5429320619475376
flocking_robust_multiflock,8,0.6629420768832104,0.6629420768832104,1.0,0.5857050322983227,0.5857050322983227,1.0,0.0,0.0,0.0,0.0,0.0,1.0,,0.666059647127278,1.697404430184282,0.96796875,1.768401821898161,3.7292014025389024,4.76577608494498,0.388737810122191,,3840,737280,0.7199999999999999,0.0,0.0,0.0,0.0,0,1.0,0.0,7.9625,1.0,0.0,0.0,0.0,0.0375,0.2916828194834295,139.1535982681008,1.1567275000270456,no_change,0.3025955698157179,0.01796875000000009,0.5857050322983227,0.5857050322983227,0.5857050322983227,0.5857050322983227
flocking_robust_multiflock,9,0.6015517796499448,0.6015517796499448,1.0,0.5239508728863702,0.5239508728863702,1.0,0.0,0.0,0.0,0.0,0.0,1.0,,0.643259071040937,1.540671003767859,0.9859375,1.6403300747701035,3.7346469777061726,4.683310608939502,0.39761829849087765,,3840,737280,0.7199999999999999,0.0,0.0,0.0,0.0,0,1.0,0.0,7.89375,1.0,0.0,0.00625,0.00625,0.10625,0.30439279794622687,132.22936623424937,1.1225510421209037,no_change,0.45932899623214096,0.03593750000000007,0.5239508728863702,0.5239508728863702,0.5239508728863702,0.5239508728863702
flocking_robust_multiflock,10,0.6586541218764824,0.6586541218764824,1.0,0.5671270070897073,0.5671270070897073,1.0,0.0,0.0,0.0,0.0,0.0,1.0,,0.6586239519831955,1.684806373482182,0.9535714285714285,1.6534450613884346,3.7379264347606123,4.755748904225291,0.33880577979157545,,3840,737280,0.7199999999999999,0.0,0.0,0.0,0.0,0,1.0,0.0,7.9625,1.0,0.0,0.0,0.0,0.0375,0.27863906212119527,104.85546353153788,1.1374557081144303,no_change,0.3151936265178179,0.0035714285714285587,0.5671270070897073,0.5671270070897073,0.5671270070897073,0.5671270070897073
flocking_robust_multiflock,11,0.6465347834781364,0.6465347834781364,1.0,0.5819674231317712,0.5819674231317712,1.0,0.0,0.0,0.0,0.0,0.0,1.0,,0.6447856804746778,1.5493690688196489,0.9779017857142858,1.6342594465740483,3.720504877118367,4.706021274427066,0.38195794872481165,,3840,737280,0.7199999999999999,0.0,0.0,0.0,0.0,0,1.0,0.0,7.9,1.0,0.0,0.01875,0.01875,0.09375,0.2963500553074681,160.99649706268505,1.1198100000619888,no_change,0.45063093118035114,0.02790178571428581,0.5819674231317712,0.5819674231317712,0.5819674231317712,0.5819674231317712
flocking_robust_multiflock,12,0.638791372311926,0.638791372311926,1.0,0.5661193340572493,0.5661193340572493,1.0,0.0,0.0,0.0,0.0,0.0,1.0,,0.6515347609619421,1.58644756935755,0.98046875,1.671285509930772,3.7177684123400616,4.749201529563072,0.36535492589511315,,3840,737280,0.7199999999999999,0.0,0.0,0.0,0.0,0,1.0,0.0,7.95,1.0,0.0,0.0,0.0,0.05,0.2994697292353294,153.2202978080704,1.1550755829084665,no_change,0.41355243064245006,0.030468750000000044,0.5661193340572493,0.5661193340572493,0.5661193340572493,0.5661193340572493
flocking_robust_multiflock,13,0.678288842180054,0.678288842180054,1.0,0.6056833386434907,0.6056833386434907,1.0,0.0,0.0,0.0,0.0,0.0,1.0,,0.6784547222870234,1.7403673103768231,0.9600446428571429,1.792027525042068,3.713588252825346,4.7358282212685054,0.3767254533831347,,3840,737280,0.7199999999999999,0.0,0.0,0.0,0.0,0,1.0,0.0,7.925,1.0,0.0,0.0,0.0,0.075,0.2965657489922489,174.8902863900722,1.1354484169278294,no_change,0.25963268962317687,0.010044642857142905,0.6056833386434907,0.6056833386434907,0.6056833386434907,0.6056833386434907
flocking_robust_multiflock,14,0.6467884308627524,0.6467884308627524,1.0,0.5601568368150515,0.5601568368150515,1.0,0.0,0.0,0.0,0.0,0.0,1.0,,0.6664215897191161,1.6767494030524968,0.959375,1.7242713198464166,3.724802390693025,4.6913654331830035,0.380051577814353,,3840,737280,0.7199999999999999,0.0,0.0,0.0,0.0,0,1.0,0.0,7.925,1.0,0.0,0.00625,0.00625,0.075,0.30002562804708377,152.83610219198124,1.142384500009939,no_change,0.32325059694750324,0.009375000000000022,0.5601568368150515,0.5601568368150515,0.5601568368150515,0.5601568368150515
flocking_robust_multiflock,15,0.6140702804891103,0.6140702804891103,1.0,0.5435631536704358,0.5435631536704358,1.0,0.0,0.0,0.0,0.0,0.0,1.0,,0.6274853256911369,1.4770885390120618,0.9802455357142857,1.6783620109555124,3.709263345567089,4.762389523903953,0.3912496348025871,,3840,737280,0.7199999999999999,0.0,0.0,0.0,0.0,0,1.0,0.0,7.94375,1.0,0.0,0.0,0.0,0.05625,0.289097908448928,171.9103183332064,1.1568452501669526,no_change,0.5229114609879382,0.030245535714285787,0.5435631536704358,0.5435631536704358,0.5435631536704358,0.5435631536704358
flocking_robust_multiflock,16,0.6277093028803331,0.6277093028803331,1.0,0.560272868178466,0.560272868178466,1.0,0.0,0.0,0.0,0.0,0.0,1.0,,0.6430919866244851,1.5511892713978244,0.98984375,1.6688355207234273,3.7174475379327445,4.811197525312352,0.3445520851363656,,3840,737280,0.7199999999999999,0.0,0.0,0.0,0.0,0,1.0,0.0,7.9125,1.0,0.0,0.0,0.0,0.0875,0.3082782204698123,151.18814258504517,1.1553443751763552,no_change,0.44881072860217563,0.03984375000000007,0.560272868178466,0.560272868178466,0.560272868178466,0.560272868178466
flocking_robust_multiflock,17,0.6513213566594739,0.6513213566594739,1.0,0.5718214213572823,0.5718214213572823,1.0,0.0,0.0,0.0,0.0,0.0,1.0,,0.6764761929893611,1.8006707608225618,0.9568080357142857,1.6591551525005972,3.7439916025954347,4.7437815499194596,0.3405406634506055,,3840,737280,0.7199999999999999,0.0,0.0,0.0,0.0,0,1.0,0.0,7.9375,1.0,0.0,0.0,0.0,0.0625,0.27790443970031087,95.63358909168704,1.1636181250214577,no_change,0.19932923917743817,0.006808035714285787,0.5718214213572823,0.5718214213572823,0.5718214213572823,0.5718214213572823
flocking_robust_multiflock,18,0.6481080356051633,0.6481080356051633,1.0,0.580192757500663,0.580192757500663,1.0,0.0,0.0,0.0,0.0,0.0,1.0,,0.6331222091361975,1.529034332065578,0.9890625,1.770321376375631,3.7232678852374077,4.762421575904391,0.3583964737492152,,3840,737280,0.7199999999999999,0.0,0.0,0.0,0.0,0,1.0,0.0,7.9625,1.0,0.0,0.0,0.0,0.0375,0.2920572882561221,138.96565615134392,1.1623215831350535,no_change,0.47096566793442207,0.0390625,0.580192757500663,0.580192757500663,0.580192757500663,0.580192757500663
flocking_robust_multiflock,19,0.7345642111046725,0.7345642111046725,1.0,0.6363266936680891,0.6363266936680891,1.0,0.0,0.0,0.0,0.0,0.0,1.0,,0.7206365832444294,2.020432174435963,0.9416294642857143,1.7568890451134844,3.7330862040375807,4.74328700903564,0.3544903934586647,,3840,737280,0.7199999999999999,0.0,0.0,0.0,0.0,0,1.0,0.0,7.94375,1.0,0.0,0.0,0.0,0.05625,0.3010087162649656,130.75347513635532,1.1581144160591066,no_change,0.020432174435963013,0.008370535714285698,0.6363266936680891,0.6363266936680891,0.6363266936680891,0.6363266936680891
flocking_robust_multiflock,20,0.6297272562955668,0.6297272562955668,0.9984375,0.5509598932909185,0.5509598932909185,1.0,0.0,0.0,0.0,0.0,0.0,0.996875,1,0.6459735444431642,1.6223907146393306,0.96484375,1.6254345775864638,3.736452804321317,4.749505909747654,0.34720264098488973,,3840,737280,0.7199999999999999,0.0,0.0,0.0,0.0,0,1.00625,0.00625,7.93125,0.9984375,0.0015625,0.0,0.0,0.05625,0.29769842683954284,118.29448831657889,1.1677619579713792,no_change,0.3776092853606694,0.014843750000000044,0.5509598932909185,0.5509598932909185,0.5509598932909185,0.5509598932909185
flocking_robust_multiflock,21,0.6097295946333181,0.6097295946333181,1.0,0.5369821358708489,0.5369821358708489,1.0,0.0,0.0,0.0,0.0,0.0,1.0,,0.6406009526965538,1.581542665098336,0.9828125,1.6589808506173747,3.7388415568155744,4.7249421808812535,0.34631928665698897,,3840,737280,0.7199999999999999,0.0,0.0,0.0,0.0,0,1.0,0.0,7.93125,1.0,0.0,0.00625,0.00625,0.06875,0.2917559794936288,110.73754153793547,1.1519934579264373,no_change,0.41845733490166404,0.03281250000000002,0.5369821358708489,0.5369821358708489,0.5369821358708489,0.5369821358708489
flocking_robust_multiflock,22,0.6613656742075533,0.6613656742075533,1.0,0.5892666001243868,0.5892666001243868,1.0,0.0,0.0,0.0,0.0,0.0,1.0,,0.680374139046174,1.7367999576801885,0.9748883928571429,1.745504297282692,3.719129033776663,4.729773416566501,0.38459290942256624,,3840,737280,0.7199999999999999,0.0,0.0,0.0,0.0,0,1.0,0.0,7.925,1.0,0.0,0.0,0.0,0.075,0.2918086727890568,159.31065457603924,1.1419296248350292,no_change,0.26320004231981153,0.02488839285714295,0.5892666001243868,0.5892666001243868,0.5892666001243868,0.5892666001243868
flocking_robust_multiflock,23,0.6562709327201229,0.6562709327201229,1.0,0.5901215675279502,0.5901215675279502,1.0,0.0,0.0,0.0,0.0,0.0,1.0,,0.6542845456163345,1.6367774680023917,0.978125,1.6195281302512299,3.72671618717891,4.735470863538092,0.36392226256675286,,3840,737280,0.7199999999999999,0.0,0.0,0.0,0.0,0,1.0,0.0,7.95,1.0,0.0,0.0,0.0,0.05,0.27926791128142403,136.0102692800967,1.155252582859248,no_change,0.36322253199760834,0.028125000000000067,0.5901215675279502,0.5901215675279502,0.5901215675279502,0.5901215675279502
flocking_robust_multiflock,24,0.6838206641623781,0.6823056988043333,0.99609375,0.5995101758986164,0.5995101758986164,1.0,0.0,0.0,0.0,0.0,0.0,0.9953125,1,0.6829796632492307,1.8231933347842109,0.9533482142857143,1.6387011460618246,3.739639686592716,4.782548215296258,0.3414214202854651,,3840,737280,0.7199999999999999,0.0,0.0,0.0,0.0,0,1.00625,0.00625,7.95625,0.99765625,0.00234375,0.0,0.0,0.025,0.31275057856106375,92.73536216021763,1.170051250141114,no_change,0.17680666521578914,0.0033482142857143016,0.5995101758986164,0.5995101758986164,0.5995101758986164,0.5995101758986164
flocking_robust_multiflock,25,0.6689066458342204,0.6689066458342204,1.0,0.5932033323013937,0.5932033323013937,1.0,0.0,0.0,0.0,0.0,0.0,1.0,,0.6941986568850684,1.8423100102383745,0.9620535714285715,1.778247878914063,3.7216820605661853,4.672684905814558,0.37525917567576583,,3840,737280,0.7199999999999999,0.0,0.0,0.0,0.0,0,1.0,0.0,7.8375,1.0,0.0,0.0,0.0,0.1625,0.3173661431114865,160.69186539920952,1.1413063751533628,no_change,0.15768998976162552,0.012053571428571552,0.5932033323013937,0.5932033323013937,0.5932033323013937,0.5932033323013937
flocking_robust_multiflock,26,0.6475380727449889,0.6475380727449889,1.0,0.5720313201771228,0.5720313201771228,1.0,0.0,0.0,0.0,0.0,0.0,1.0,,0.6571381198624956,1.5677503123858163,0.98515625,1.550305351151026,3.706758743173667,4.747121649127165,0.4460354037418785,,3840,737280,0.7199999999999999,0.0,0.0,0.0,0.0,0,1.0,0.0,7.90625,1.0,0.0,0.0,0.0,0.09375,0.29784800101817144,182.7513928208892,1.150697167031467,no_change,0.4322496876141837,0.03515625,0.5720313201771228,0.5720313201771228,0.5720313201771228,0.5720313201771228
flocking_robust_multiflock,27,0.6001992730477433,0.6001992730477433,1.0,0.5399985836745054,0.5399985836745054,1.0,0.0,0.0,0.0,0.0,0.0,1.0,,0.6163801511902789,1.4419283554682678,0.98203125,1.6107970166976422,3.730813861431635,4.745851978000198,0.34099538493255255,,3840,737280,0.7199999999999999,0.0,0.0,0.0,0.0,0,1.0,0.0,7.98125,1.0,0.0,0.0,0.0,0.01875,0.29502947622631437,133.8323478462047,1.1677704590838403,no_change,0.5580716445317322,0.03203125000000007,0.5399985836745054,0.5399985836745054,0.5399985836745054,0.5399985836745054
flocking_robust_multiflock,28,0.6148611091229894,0.6148611091229894,1.0,0.5466588446219063,0.5466588446219063,1.0,0.0,0.0,0.0,0.0,0.0,1.0,,0.6302965175659525,1.5024629210955553,0.9880580357142857,1.6359204163029983,3.7266714146911086,4.703763806981435,0.38424754510756853,,3840,737280,0.7199999999999999,0.0,0.0,0.0,0.0,0,1.0,0.0,7.8875,1.0,0.0,0.0,0.0,0.1125,0.2827491172565663,142.87651371893702,1.1508630828466266,no_change,0.49753707890444465,0.03805803571428579,0.5466588446219063,0.5466588446219063,0.5466588446219063,0.5466588446219063
flocking_robust_multiflock,29,0.6063534787328724,0.6063534787328724,1.0,0.5277692531708811,0.5277692531708811,1.0,0.0,0.0,0.0,0.0,0.0,1.0,,0.6360263982127162,1.5203090789821592,0.9728794642857143,1.687953311472652,3.7224354629570504,4.716277698942086,0.38310417724069373,,3840,737280,0.7199999999999999,0.0,0.0,0.0,0.0,0,1.0,0.0,7.90625,1.0,0.0,0.0,0.0,0.09375,0.29459731441046727,156.89802992055624,1.145921332994476,no_change,0.47969092101784083,0.0228794642857143,0.5277692531708811,0.5277692531708811,0.5277692531708811,0.5277692531708811
flocking_robust_temporal,0,0.6494753609450632,0.6494753609450632,1.0,0.5676357451254654,0.5676357451254654,1.0,0.0,0.0,0.0,0.0,0.0,1.0,,0.6471652424393901,1.5519473831755526,0.9728794642857143,1.632067619030827,3.728901739926949,4.707535859941059,0.37779648827870876,,3840,737280,0.7199999999999999,0.0,0.0,0.0,0.0,0,1.0,0.0,7.8625,1.0,0.0,0.00625,0.00625,0.1375,0.31863134913740965,132.03712187369263,1.1323271251749247,no_change,0.4480526168244474,0.0228794642857143,0.5676357451254654,0.5676357451254654,0.5676357451254654,0.5676357451254654
flocking_robust_temporal,1,0.6600115946712174,0.6600115946712174,1.0,0.5865789102883647,0.5865789102883647,1.0,0.0,0.0,0.0,0.0,0.0,1.0,,0.6585650162391902,1.68862476198847,0.9666294642857143,1.6404100797309311,3.73574788763798,4.756876940437481,0.3286679148123232,,3840,737280,0.7199999999999999,0.0,0.0,0.0,0.0,0,1.0,0.0,7.95,1.0,0.0,0.0,0.0,0.05,0.2990980956659718,112.1228122679161,1.1547347081359476,no_change,0.31137523801153,0.016629464285714324,0.5865789102883647,0.5865789102883647,0.5865789102883647,0.5865789102883647
flocking_robust_temporal,2,0.687744900044521,0.687744900044521,1.0,0.6093720933672188,0.6093720933672188,1.0,0.0,0.0,0.0,0.0,0.0,1.0,,0.6938824148011189,1.7821119325657233,0.9722098214285715,1.6719389767217734,3.717972096667384,4.707951959549797,0.41374552585550217,,3840,737280,0.7199999999999999,0.0,0.0,0.0,0.0,0,1.0,0.0,7.90625,1.0,0.0,0.03125,0.03125,0.08125,0.29151680314719197,163.05452316328282,1.1269943749066442,no_change,0.2178880674342767,0.02220982142857153,0.6093720933672188,0.6093720933672188,0.6093720933672188,0.6093720933672188
flocking_robust_temporal,3,0.6859463375920446,0.6859463375920446,1.0,0.5979771433266245,0.5979771433266245,1.0,0.0,0.0,0.0,0.0,0.0,1.0,,0.6886946615301291,1.8102227451427546,0.9591517857142857,1.7978473606797842,3.7264997650181506,4.7161496493255655,0.3844457159741564,,3840,737280,0.7199999999999999,0.0,0.0,0.0,0.0,0,1.0,0.0,7.90625,1.0,0.0,0.0,0.0,0.09375,0.30242457225428837,144.02347456869862,1.125612041912973,no_change,0.1897772548572454,0.009151785714285765,0.5979771433266245,0.5979771433266245,0.5979771433266245,0.5979771433266245
flocking_robust_temporal,4,0.5596982466950898,0.5596982466950898,1.0,0.4916635014837813,0.4916635014837813,1.0,0.0,0.0,0.0,0.0,0.0,1.0,,0.5871108156247732,1.290464247113579,0.984375,1.5416823678404878,3.7209399772696115,4.757124638493375,0.3416485236864572,,3840,737280,0.7199999999999999,0.0,0.0,0.0,0.0,0,1.0,0.0,7.96875,1.0,0.0,0.0,0.0,0.03125,0.2741180467286223,148.4383174300221,1.1373024170752615,no_change,0.709535752886421,0.034375000000000044,0.4916635014837813,0.4916635014837813,0.4916635014837813,0.4916635014837813
flocking_robust_temporal,5,0.6051481294707268,0.6051481294707268,1.0,0.5354862476613299,0.5354862476613299,1.0,0.0,0.0,0.0,0.0,0.0,1.0,,0.6318520687067186,1.5500177100765877,0.98359375,1.725723794937143,3.7349001390903025,4.758468972403805,0.3374784540656683,,3840,737280,0.7199999999999999,0.0,0.0,0.0,0.0,0,1.0,0.0,7.975,1.0,0.0,0.0,0.0,0.025,0.28506606415177044,127.8470172735153,1.1402913748752326,no_change,0.44998228992341227,0.03359375000000009,0.5354862476613299,0.5354862476613299,0.5354862476613299,0.5354862476613299
flocking_robust_temporal,6,0.635601224733155,0.635601224733155,1.0,0.5649298364391165,0.5649298364391165,1.0,0.0,0.0,0.0,0.0,0.0,1.0,,0.6468486897843981,1.5925199116490412,0.9861607142857143,1.6174542674944319,3.7278860579121575,4.746891371866015,0.353523946819545,,3840,737280,0.7199999999999999,0.0,0.0,0.0,0.0,0,1.0,0.0,7.9375,1.0,0.0,0.00625,0.00625,0.0625,0.29963009582159267,137.34295320256575,1.1459821658208966,no_change,0.40748008835095884,0.036160714285714324,0.5649298364391165,0.5649298364391165,0.5649298364391165,0.5649298364391165
flocking_robust_temporal,7,0.6154094363004694,0.6154094363004694,1.0,0.5429320619475376,0.5429320619475376,1.0,0.0,0.0,0.0,0.0,0.0,1.0,,0.618305306324697,1.5054988857880123,0.9767857142857143,1.6711126717306506,3.746192816759335,4.7055767710235274,0.3435633661685661,,3840,737280,0.7199999999999999,0.0,0.0,0.0,0.0,0,1.0,0.0,7.94375,1.0,0.0,0.00625,0.00625,0.05625,0.29110222258085805,95.06522319832138,1.15207254095003,no_change,0.4945011142119877,0.0267857142857143,0.5429320619475376,0.5429320619475376,0.5429320619475376,0.5429320619475376
flocking_robust_temporal,8,0.6629420768832104,0.6629420768832104,1.0,0.5857050322983227,0.5857050322983227,1.0,0.0,0.0,0.0,0.0,0.0,1.0,,0.666059647127278,1.697404430184282,0.96796875,1.768401821898161,3.7292014025389024,4.76577608494498,0.388737810122191,,3840,737280,0.7199999999999999,0.0,0.0,0.0,0.0,0,1.0,0.0,7.9625,1.0,0.0,0.0,0.0,0.0375,0.2916828194834295,139.1535982681008,1.1520650000311434,no_change,0.3025955698157179,0.01796875000000009,0.5857050322983227,0.5857050322983227,0.5857050322983227,0.5857050322983227
flocking_robust_temporal,9,0.6015517796499448,0.6015517796499448,1.0,0.5239508728863702,0.5239508728863702,1.0,0.0,0.0,0.0,0.0,0.0,1.0,,0.643259071040937,1.540671003767859,0.9859375,1.6403300747701035,3.7346469777061726,4.683310608939502,0.39761829849087765,,3840,737280,0.7199999999999999,0.0,0.0,0.0,0.0,0,1.0,0.0,7.89375,1.0,0.0,0.00625,0.00625,0.10625,0.30439279794622687,132.22936623424937,1.1317987921647727,no_change,0.45932899623214096,0.03593750000000007,0.5239508728863702,0.5239508728863702,0.5239508728863702,0.5239508728863702
flocking_robust_temporal,10,0.6586541218764824,0.6586541218764824,1.0,0.5671270070897073,0.5671270070897073,1.0,0.0,0.0,0.0,0.0,0.0,1.0,,0.6586239519831955,1.684806373482182,0.9535714285714285,1.6534450613884346,3.7379264347606123,4.755748904225291,0.33880577979157545,,3840,737280,0.7199999999999999,0.0,0.0,0.0,0.0,0,1.0,0.0,7.9625,1.0,0.0,0.0,0.0,0.0375,0.27863906212119527,104.85546353153788,1.1537574580870569,no_change,0.3151936265178179,0.0035714285714285587,0.5671270070897073,0.5671270070897073,0.5671270070897073,0.5671270070897073
flocking_robust_temporal,11,0.6465347834781364,0.6465347834781364,1.0,0.5819674231317712,0.5819674231317712,1.0,0.0,0.0,0.0,0.0,0.0,1.0,,0.6447856804746778,1.5493690688196489,0.9779017857142858,1.6342594465740483,3.720504877118367,4.706021274427066,0.38195794872481165,,3840,737280,0.7199999999999999,0.0,0.0,0.0,0.0,0,1.0,0.0,7.9,1.0,0.0,0.01875,0.01875,0.09375,0.2963500553074681,160.99649706268505,1.1465734587982297,no_change,0.45063093118035114,0.02790178571428581,0.5819674231317712,0.5819674231317712,0.5819674231317712,0.5819674231317712
flocking_robust_temporal,12,0.638791372311926,0.638791372311926,1.0,0.5661193340572493,0.5661193340572493,1.0,0.0,0.0,0.0,0.0,0.0,1.0,,0.6515347609619421,1.58644756935755,0.98046875,1.671285509930772,3.7177684123400616,4.749201529563072,0.36535492589511315,,3840,737280,0.7199999999999999,0.0,0.0,0.0,0.0,0,1.0,0.0,7.95,1.0,0.0,0.0,0.0,0.05,0.2994697292353294,153.2202978080704,1.1463439580984414,no_change,0.41355243064245006,0.030468750000000044,0.5661193340572493,0.5661193340572493,0.5661193340572493,0.5661193340572493
flocking_robust_temporal,13,0.678288842180054,0.678288842180054,1.0,0.6056833386434907,0.6056833386434907,1.0,0.0,0.0,0.0,0.0,0.0,1.0,,0.6784547222870234,1.7403673103768231,0.9600446428571429,1.792027525042068,3.713588252825346,4.7358282212685054,0.3767254533831347,,3840,737280,0.7199999999999999,0.0,0.0,0.0,0.0,0,1.0,0.0,7.925,1.0,0.0,0.0,0.0,0.075,0.2965657489922489,174.8902863900722,1.1437339161057025,no_change,0.25963268962317687,0.010044642857142905,0.6056833386434907,0.6056833386434907,0.6056833386434907,0.6056833386434907
flocking_robust_temporal,14,0.6467884308627524,0.6467884308627524,1.0,0.5601568368150515,0.5601568368150515,1.0,0.0,0.0,0.0,0.0,0.0,1.0,,0.6664215897191161,1.6767494030524968,0.959375,1.7242713198464166,3.724802390693025,4.6913654331830035,0.380051577814353,,3840,737280,0.7199999999999999,0.0,0.0,0.0,0.0,0,1.0,0.0,7.925,1.0,0.0,0.00625,0.00625,0.075,0.30002562804708377,152.83610219198124,1.1504401669371873,no_change,0.32325059694750324,0.009375000000000022,0.5601568368150515,0.5601568368150515,0.5601568368150515,0.5601568368150515
flocking_robust_temporal,15,0.6140702804891103,0.6140702804891103,1.0,0.5435631536704358,0.5435631536704358,1.0,0.0,0.0,0.0,0.0,0.0,1.0,,0.6274853256911369,1.4770885390120618,0.9802455357142857,1.6783620109555124,3.709263345567089,4.762389523903953,0.3912496348025871,,3840,737280,0.7199999999999999,0.0,0.0,0.0,0.0,0,1.0,0.0,7.94375,1.0,0.0,0.0,0.0,0.05625,0.289097908448928,171.9103183332064,1.1616058750078082,no_change,0.5229114609879382,0.030245535714285787,0.5435631536704358,0.5435631536704358,0.5435631536704358,0.5435631536704358
flocking_robust_temporal,16,0.6277093028803331,0.6277093028803331,1.0,0.560272868178466,0.560272868178466,1.0,0.0,0.0,0.0,0.0,0.0,1.0,,0.6430919866244851,1.5511892713978244,0.98984375,1.6688355207234273,3.7174475379327445,4.811197525312352,0.3445520851363656,,3840,737280,0.7199999999999999,0.0,0.0,0.0,0.0,0,1.0,0.0,7.9125,1.0,0.0,0.0,0.0,0.0875,0.3082782204698123,151.18814258504517,1.1518820419441909,no_change,0.44881072860217563,0.03984375000000007,0.560272868178466,0.560272868178466,0.560272868178466,0.560272868178466
flocking_robust_temporal,17,0.6513213566594739,0.6513213566594739,1.0,0.5718214213572823,0.5718214213572823,1.0,0.0,0.0,0.0,0.0,0.0,1.0,,0.6764761929893611,1.8006707608225618,0.9568080357142857,1.6591551525005972,3.7439916025954347,4.7437815499194596,0.3405406634506055,,3840,737280,0.7199999999999999,0.0,0.0,0.0,0.0,0,1.0,0.0,7.9375,1.0,0.0,0.0,0.0,0.0625,0.27790443970031087,95.63358909168704,1.1603544170502573,no_change,0.19932923917743817,0.006808035714285787,0.5718214213572823,0.5718214213572823,0.5718214213572823,0.5718214213572823
flocking_robust_temporal,18,0.6481080356051633,0.6481080356051633,1.0,0.580192757500663,0.580192757500663,1.0,0.0,0.0,0.0,0.0,0.0,1.0,,0.6331222091361975,1.529034332065578,0.9890625,1.770321376375631,3.7232678852374077,4.762421575904391,0.3583964737492152,,3840,737280,0.7199999999999999,0.0,0.0,0.0,0.0,0,1.0,0.0,7.9625,1.0,0.0,0.0,0.0,0.0375,0.2920572882561221,138.96565615134392,1.1536581250838935,no_change,0.47096566793442207,0.0390625,0.580192757500663,0.580192757500663,0.580192757500663,0.580192757500663
flocking_robust_temporal,19,0.7345642111046725,0.7345642111046725,1.0,0.6363266936680891,0.6363266936680891,1.0,0.0,0.0,0.0,0.0,0.0,1.0,,0.7206365832444294,2.020432174435963,0.9416294642857143,1.7568890451134844,3.7330862040375807,4.74328700903564,0.3544903934586647,,3840,737280,0.7199999999999999,0.0,0.0,0.0,0.0,0,1.0,0.0,7.94375,1.0,0.0,0.0,0.0,0.05625,0.3010087162649656,130.75347513635532,1.1493271251674742,no_change,0.020432174435963013,0.008370535714285698,0.6363266936680891,0.6363266936680891,0.6363266936680891,0.6363266936680891
flocking_robust_temporal,20,0.6297272562955668,0.6297272562955668,0.9984375,0.5509598932909185,0.5509598932909185,1.0,0.0,0.0,0.0,0.0,0.0,0.996875,1,0.6459735444431642,1.6223907146393306,0.96484375,1.6254345775864638,3.736452804321317,4.749505909747654,0.34720264098488973,,3840,737280,0.7199999999999999,0.0,0.0,0.0,0.0,0,1.00625,0.00625,7.93125,0.9984375,0.0015625,0.0,0.0,0.05625,0.29769842683954284,118.29448831657889,1.1483693330083042,no_change,0.3776092853606694,0.014843750000000044,0.5509598932909185,0.5509598932909185,0.5509598932909185,0.5509598932909185
flocking_robust_temporal,21,0.6097295946333181,0.6097295946333181,1.0,0.5369821358708489,0.5369821358708489,1.0,0.0,0.0,0.0,0.0,0.0,1.0,,0.6406009526965538,1.581542665098336,0.9828125,1.6589808506173747,3.7388415568155744,4.7249421808812535,0.34631928665698897,,3840,737280,0.7199999999999999,0.0,0.0,0.0,0.0,0,1.0,0.0,7.93125,1.0,0.0,0.00625,0.00625,0.06875,0.2917559794936288,110.73754153793547,1.1568830420728773,no_change,0.41845733490166404,0.03281250000000002,0.5369821358708489,0.5369821358708489,0.5369821358708489,0.5369821358708489
flocking_robust_temporal,22,0.6613656742075533,0.6613656742075533,1.0,0.5892666001243868,0.5892666001243868,1.0,0.0,0.0,0.0,0.0,0.0,1.0,,0.680374139046174,1.7367999576801885,0.9748883928571429,1.745504297282692,3.719129033776663,4.729773416566501,0.38459290942256624,,3840,737280,0.7199999999999999,0.0,0.0,0.0,0.0,0,1.0,0.0,7.925,1.0,0.0,0.0,0.0,0.075,0.2918086727890568,159.31065457603924,1.140613874886185,no_change,0.26320004231981153,0.02488839285714295,0.5892666001243868,0.5892666001243868,0.5892666001243868,0.5892666001243868
flocking_robust_temporal,23,0.6562709327201229,0.6562709327201229,1.0,0.5901215675279502,0.5901215675279502,1.0,0.0,0.0,0.0,0.0,0.0,1.0,,0.6542845456163345,1.6367774680023917,0.978125,1.6195281302512299,3.72671618717891,4.735470863538092,0.36392226256675286,,3840,737280,0.7199999999999999,0.0,0.0,0.0,0.0,0,1.0,0.0,7.95,1.0,0.0,0.0,0.0,0.05,0.27926791128142403,136.0102692800967,1.1436780830845237,no_change,0.36322253199760834,0.028125000000000067,0.5901215675279502,0.5901215675279502,0.5901215675279502,0.5901215675279502
flocking_robust_temporal,24,0.6838206641623781,0.6823056988043333,0.99609375,0.5995101758986164,0.5995101758986164,1.0,0.0,0.0,0.0,0.0,0.0,0.9953125,1,0.6829796632492307,1.8231933347842109,0.9533482142857143,1.6387011460618246,3.739639686592716,4.782548215296258,0.3414214202854651,,3840,737280,0.7199999999999999,0.0,0.0,0.0,0.0,0,1.00625,0.00625,7.95625,0.99765625,0.00234375,0.0,0.0,0.025,0.31275057856106375,92.73536216021763,1.1644203749019653,no_change,0.17680666521578914,0.0033482142857143016,0.5995101758986164,0.5995101758986164,0.5995101758986164,0.5995101758986164
flocking_robust_temporal,25,0.6689066458342204,0.6689066458342204,1.0,0.5932033323013937,0.5932033323013937,1.0,0.0,0.0,0.0,0.0,0.0,1.0,,0.6941986568850684,1.8423100102383745,0.9620535714285715,1.778247878914063,3.7216820605661853,4.672684905814558,0.37525917567576583,,3840,737280,0.7199999999999999,0.0,0.0,0.0,0.0,0,1.0,0.0,7.8375,1.0,0.0,0.0,0.0,0.1625,0.3173661431114865,160.69186539920952,1.1262536249123514,no_change,0.15768998976162552,0.012053571428571552,0.5932033323013937,0.5932033323013937,0.5932033323013937,0.5932033323013937
flocking_robust_temporal,26,0.6475380727449889,0.6475380727449889,1.0,0.5720313201771228,0.5720313201771228,1.0,0.0,0.0,0.0,0.0,0.0,1.0,,0.6571381198624956,1.5677503123858163,0.98515625,1.550305351151026,3.706758743173667,4.747121649127165,0.4460354037418785,,3840,737280,0.7199999999999999,0.0,0.0,0.0,0.0,0,1.0,0.0,7.90625,1.0,0.0,0.0,0.0,0.09375,0.29784800101817144,182.7513928208892,1.1596648339182138,no_change,0.4322496876141837,0.03515625,0.5720313201771228,0.5720313201771228,0.5720313201771228,0.5720313201771228
flocking_robust_temporal,27,0.6001992730477433,0.6001992730477433,1.0,0.5399985836745054,0.5399985836745054,1.0,0.0,0.0,0.0,0.0,0.0,1.0,,0.6163801511902789,1.4419283554682678,0.98203125,1.6107970166976422,3.730813861431635,4.745851978000198,0.34099538493255255,,3840,737280,0.7199999999999999,0.0,0.0,0.0,0.0,0,1.0,0.0,7.98125,1.0,0.0,0.0,0.0,0.01875,0.29502947622631437,133.8323478462047,1.1750265408772975,no_change,0.5580716445317322,0.03203125000000007,0.5399985836745054,0.5399985836745054,0.5399985836745054,0.5399985836745054
flocking_robust_temporal,28,0.6148611091229894,0.6148611091229894,1.0,0.5466588446219063,0.5466588446219063,1.0,0.0,0.0,0.0,0.0,0.0,1.0,,0.6302965175659525,1.5024629210955553,0.9880580357142857,1.6359204163029983,3.7266714146911086,4.703763806981435,0.38424754510756853,,3840,737280,0.7199999999999999,0.0,0.0,0.0,0.0,0,1.0,0.0,7.8875,1.0,0.0,0.0,0.0,0.1125,0.2827491172565663,142.87651371893702,1.148514207918197,no_change,0.49753707890444465,0.03805803571428579,0.5466588446219063,0.5466588446219063,0.5466588446219063,0.5466588446219063
flocking_robust_temporal,29,0.6063534787328724,0.6063534787328724,1.0,0.5277692531708811,0.5277692531708811,1.0,0.0,0.0,0.0,0.0,0.0,1.0,,0.6360263982127162,1.5203090789821592,0.9728794642857143,1.687953311472652,3.7224354629570504,4.716277698942086,0.38310417724069373,,3840,737280,0.7199999999999999,0.0,0.0,0.0,0.0,0,1.0,0.0,7.90625,1.0,0.0,0.0,0.0,0.09375,0.29459731441046727,156.89802992055624,1.1491387079004198,no_change,0.47969092101784083,0.0228794642857143,0.5277692531708811,0.5277692531708811,0.5277692531708811,0.5277692531708811
flocking_robust_mixture,0,0.6494753609450632,0.6494753609450632,1.0,0.5676357451254654,0.5676357451254654,0.0,1.0,0.0,0.0,0.0,0.0,1.0,,0.6471652424393901,1.5519473831755526,0.9728794642857143,1.632067619030827,3.728901739926949,4.707535859941059,0.37779648827870876,,3840,737280,0.7199999999999999,0.0,0.0,0.0,0.0,0,1.0,0.0,7.8625,1.0,0.0,0.00625,0.00625,0.1375,0.31863134913740965,132.03712187369263,1.1453906670212746,no_change,0.4480526168244474,0.0228794642857143,0.5676357451254654,0.5676357451254654,0.5676357451254654,0.5676357451254654
flocking_robust_mixture,1,0.6600115946712174,0.6600115946712174,1.0,0.5865789102883647,0.5865789102883647,0.0,1.0,0.0,0.0,0.0,0.0,1.0,,0.6585650162391902,1.68862476198847,0.9666294642857143,1.6404100797309311,3.73574788763798,4.756876940437481,0.3286679148123232,,3840,737280,0.7199999999999999,0.0,0.0,0.0,0.0,0,1.0,0.0,7.95,1.0,0.0,0.0,0.0,0.05,0.2990980956659718,112.1228122679161,1.163849791046232,no_change,0.31137523801153,0.016629464285714324,0.5865789102883647,0.5865789102883647,0.5865789102883647,0.5865789102883647
flocking_robust_mixture,2,0.687744900044521,0.687744900044521,1.0,0.6093720933672188,0.6093720933672188,0.0,1.0,0.0,0.0,0.0,0.0,1.0,,0.6938824148011189,1.7821119325657233,0.9722098214285715,1.6719389767217734,3.717972096667384,4.707951959549797,0.41374552585550217,,3840,737280,0.7199999999999999,0.0,0.0,0.0,0.0,0,1.0,0.0,7.90625,1.0,0.0,0.03125,0.03125,0.08125,0.29151680314719197,163.05452316328282,1.1455955000128597,no_change,0.2178880674342767,0.02220982142857153,0.6093720933672188,0.6093720933672188,0.6093720933672188,0.6093720933672188
flocking_robust_mixture,3,0.6859463375920446,0.6859463375920446,1.0,0.5979771433266245,0.5979771433266245,0.0,1.0,0.0,0.0,0.0,0.0,1.0,,0.6886946615301291,1.8102227451427546,0.9591517857142857,1.7978473606797842,3.7264997650181506,4.7161496493255655,0.3844457159741564,,3840,737280,0.7199999999999999,0.0,0.0,0.0,0.0,0,1.0,0.0,7.90625,1.0,0.0,0.0,0.0,0.09375,0.30242457225428837,144.02347456869862,1.1539510420989245,no_change,0.1897772548572454,0.009151785714285765,0.5979771433266245,0.5979771433266245,0.5979771433266245,0.5979771433266245
flocking_robust_mixture,4,0.5596982466950898,0.5596982466950898,1.0,0.4916635014837813,0.4916635014837813,0.0,1.0,0.0,0.0,0.0,0.0,1.0,,0.5871108156247732,1.290464247113579,0.984375,1.5416823678404878,3.7209399772696115,4.757124638493375,0.3416485236864572,,3840,737280,0.7199999999999999,0.0,0.0,0.0,0.0,0,1.0,0.0,7.96875,1.0,0.0,0.0,0.0,0.03125,0.2741180467286223,148.4383174300221,1.1524018340278417,no_change,0.709535752886421,0.034375000000000044,0.4916635014837813,0.4916635014837813,0.4916635014837813,0.4916635014837813
flocking_robust_mixture,5,0.6051481294707268,0.6051481294707268,1.0,0.5354862476613299,0.5354862476613299,0.0,1.0,0.0,0.0,0.0,0.0,1.0,,0.6318520687067186,1.5500177100765877,0.98359375,1.725723794937143,3.7349001390903025,4.758468972403805,0.3374784540656683,,3840,737280,0.7199999999999999,0.0,0.0,0.0,0.0,0,1.0,0.0,7.975,1.0,0.0,0.0,0.0,0.025,0.28506606415177044,127.8470172735153,1.1521331667900085,no_change,0.44998228992341227,0.03359375000000009,0.5354862476613299,0.5354862476613299,0.5354862476613299,0.5354862476613299
flocking_robust_mixture,6,0.635601224733155,0.635601224733155,1.0,0.5649298364391165,0.5649298364391165,0.0,1.0,0.0,0.0,0.0,0.0,1.0,,0.6468486897843981,1.5925199116490412,0.9861607142857143,1.6174542674944319,3.7278860579121575,4.746891371866015,0.353523946819545,,3840,737280,0.7199999999999999,0.0,0.0,0.0,0.0,0,1.0,0.0,7.9375,1.0,0.0,0.00625,0.00625,0.0625,0.29963009582159267,137.34295320256575,1.1399075409863144,no_change,0.40748008835095884,0.036160714285714324,0.5649298364391165,0.5649298364391165,0.5649298364391165,0.5649298364391165
flocking_robust_mixture,7,0.6154094363004694,0.6154094363004694,1.0,0.5429320619475376,0.5429320619475376,0.0,1.0,0.0,0.0,0.0,0.0,1.0,,0.618305306324697,1.5054988857880123,0.9767857142857143,1.6711126717306506,3.746192816759335,4.7055767710235274,0.3435633661685661,,3840,737280,0.7199999999999999,0.0,0.0,0.0,0.0,0,1.0,0.0,7.94375,1.0,0.0,0.00625,0.00625,0.05625,0.29110222258085805,95.06522319832138,1.1369366250000894,no_change,0.4945011142119877,0.0267857142857143,0.5429320619475376,0.5429320619475376,0.5429320619475376,0.5429320619475376
flocking_robust_mixture,8,0.6629420768832104,0.6629420768832104,1.0,0.5857050322983227,0.5857050322983227,0.0,1.0,0.0,0.0,0.0,0.0,1.0,,0.666059647127278,1.697404430184282,0.96796875,1.768401821898161,3.7292014025389024,4.76577608494498,0.388737810122191,,3840,737280,0.7199999999999999,0.0,0.0,0.0,0.0,0,1.0,0.0,7.9625,1.0,0.0,0.0,0.0,0.0375,0.2916828194834295,139.1535982681008,1.1574888748582453,no_change,0.3025955698157179,0.01796875000000009,0.5857050322983227,0.5857050322983227,0.5857050322983227,0.5857050322983227
flocking_robust_mixture,9,0.6015517796499448,0.6015517796499448,1.0,0.5239508728863702,0.5239508728863702,0.0,1.0,0.0,0.0,0.0,0.0,1.0,,0.643259071040937,1.540671003767859,0.9859375,1.6403300747701035,3.7346469777061726,4.683310608939502,0.39761829849087765,,3840,737280,0.7199999999999999,0.0,0.0,0.0,0.0,0,1.0,0.0,7.89375,1.0,0.0,0.00625,0.00625,0.10625,0.30439279794622687,132.22936623424937,1.138270250055939,no_change,0.45932899623214096,0.03593750000000007,0.5239508728863702,0.5239508728863702,0.5239508728863702,0.5239508728863702
flocking_robust_mixture,10,0.6586541218764824,0.6586541218764824,1.0,0.5671270070897073,0.5671270070897073,0.0,1.0,0.0,0.0,0.0,0.0,1.0,,0.6586239519831955,1.684806373482182,0.9535714285714285,1.6534450613884346,3.7379264347606123,4.755748904225291,0.33880577979157545,,3840,737280,0.7199999999999999,0.0,0.0,0.0,0.0,0,1.0,0.0,7.9625,1.0,0.0,0.0,0.0,0.0375,0.27863906212119527,104.85546353153788,1.1581410840153694,no_change,0.3151936265178179,0.0035714285714285587,0.5671270070897073,0.5671270070897073,0.5671270070897073,0.5671270070897073
flocking_robust_mixture,11,0.6465347834781364,0.6465347834781364,1.0,0.5819674231317712,0.5819674231317712,0.0,1.0,0.0,0.0,0.0,0.0,1.0,,0.6447856804746778,1.5493690688196489,0.9779017857142858,1.6342594465740483,3.720504877118367,4.706021274427066,0.38195794872481165,,3840,737280,0.7199999999999999,0.0,0.0,0.0,0.0,0,1.0,0.0,7.9,1.0,0.0,0.01875,0.01875,0.09375,0.2963500553074681,160.99649706268505,1.1338690421544015,no_change,0.45063093118035114,0.02790178571428581,0.5819674231317712,0.5819674231317712,0.5819674231317712,0.5819674231317712
flocking_robust_mixture,12,0.638791372311926,0.638791372311926,1.0,0.5661193340572493,0.5661193340572493,0.0,1.0,0.0,0.0,0.0,0.0,1.0,,0.6515347609619421,1.58644756935755,0.98046875,1.671285509930772,3.7177684123400616,4.749201529563072,0.36535492589511315,,3840,737280,0.7199999999999999,0.0,0.0,0.0,0.0,0,1.0,0.0,7.95,1.0,0.0,0.0,0.0,0.05,0.2994697292353294,153.2202978080704,1.1540104588493705,no_change,0.41355243064245006,0.030468750000000044,0.5661193340572493,0.5661193340572493,0.5661193340572493,0.5661193340572493
flocking_robust_mixture,13,0.678288842180054,0.678288842180054,1.0,0.6056833386434907,0.6056833386434907,0.0,1.0,0.0,0.0,0.0,0.0,1.0,,0.6784547222870234,1.7403673103768231,0.9600446428571429,1.792027525042068,3.713588252825346,4.7358282212685054,0.3767254533831347,,3840,737280,0.7199999999999999,0.0,0.0,0.0,0.0,0,1.0,0.0,7.925,1.0,0.0,0.0,0.0,0.075,0.2965657489922489,174.8902863900722,1.14819937502034,no_change,0.25963268962317687,0.010044642857142905,0.6056833386434907,0.6056833386434907,0.6056833386434907,0.6056833386434907
flocking_robust_mixture,14,0.6467884308627524,0.6467884308627524,1.0,0.5601568368150515,0.5601568368150515,0.0,1.0,0.0,0.0,0.0,0.0,1.0,,0.6664215897191161,1.6767494030524968,0.959375,1.7242713198464166,3.724802390693025,4.6913654331830035,0.380051577814353,,3840,737280,0.7199999999999999,0.0,0.0,0.0,0.0,0,1.0,0.0,7.925,1.0,0.0,0.00625,0.00625,0.075,0.30002562804708377,152.83610219198124,1.1454319159965962,no_change,0.32325059694750324,0.009375000000000022,0.5601568368150515,0.5601568368150515,0.5601568368150515,0.5601568368150515
flocking_robust_mixture,15,0.6140702804891103,0.6140702804891103,1.0,0.5435631536704358,0.5435631536704358,0.0,1.0,0.0,0.0,0.0,0.0,1.0,,0.6274853256911369,1.4770885390120618,0.9802455357142857,1.6783620109555124,3.709263345567089,4.762389523903953,0.3912496348025871,,3840,737280,0.7199999999999999,0.0,0.0,0.0,0.0,0,1.0,0.0,7.94375,1.0,0.0,0.0,0.0,0.05625,0.289097908448928,171.9103183332064,1.1542448750697076,no_change,0.5229114609879382,0.030245535714285787,0.5435631536704358,0.5435631536704358,0.5435631536704358,0.5435631536704358
flocking_robust_mixture,16,0.6277093028803331,0.6277093028803331,1.0,0.560272868178466,0.560272868178466,0.0,1.0,0.0,0.0,0.0,0.0,1.0,,0.6430919866244851,1.5511892713978244,0.98984375,1.6688355207234273,3.7174475379327445,4.811197525312352,0.3445520851363656,,3840,737280,0.7199999999999999,0.0,0.0,0.0,0.0,0,1.0,0.0,7.9125,1.0,0.0,0.0,0.0,0.0875,0.3082782204698123,151.18814258504517,1.1645003331359476,no_change,0.44881072860217563,0.03984375000000007,0.560272868178466,0.560272868178466,0.560272868178466,0.560272868178466
flocking_robust_mixture,17,0.6513213566594739,0.6513213566594739,1.0,0.5718214213572823,0.5718214213572823,0.0,1.0,0.0,0.0,0.0,0.0,1.0,,0.6764761929893611,1.8006707608225618,0.9568080357142857,1.6591551525005972,3.7439916025954347,4.7437815499194596,0.3405406634506055,,3840,737280,0.7199999999999999,0.0,0.0,0.0,0.0,0,1.0,0.0,7.9375,1.0,0.0,0.0,0.0,0.0625,0.27790443970031087,95.63358909168704,1.1505283748265356,no_change,0.19932923917743817,0.006808035714285787,0.5718214213572823,0.5718214213572823,0.5718214213572823,0.5718214213572823
flocking_robust_mixture,18,0.6481080356051633,0.6481080356051633,1.0,0.580192757500663,0.580192757500663,0.0,1.0,0.0,0.0,0.0,0.0,1.0,,0.6331222091361975,1.529034332065578,0.9890625,1.770321376375631,3.7232678852374077,4.762421575904391,0.3583964737492152,,3840,737280,0.7199999999999999,0.0,0.0,0.0,0.0,0,1.0,0.0,7.9625,1.0,0.0,0.0,0.0,0.0375,0.2920572882561221,138.96565615134392,1.153812917182222,no_change,0.47096566793442207,0.0390625,0.580192757500663,0.580192757500663,0.580192757500663,0.580192757500663
flocking_robust_mixture,19,0.7345642111046725,0.7345642111046725,1.0,0.6363266936680891,0.6363266936680891,0.0,1.0,0.0,0.0,0.0,0.0,1.0,,0.7206365832444294,2.020432174435963,0.9416294642857143,1.7568890451134844,3.7330862040375807,4.74328700903564,0.3544903934586647,,3840,737280,0.7199999999999999,0.0,0.0,0.0,0.0,0,1.0,0.0,7.94375,1.0,0.0,0.0,0.0,0.05625,0.3010087162649656,130.75347513635532,1.1551097091287374,no_change,0.020432174435963013,0.008370535714285698,0.6363266936680891,0.6363266936680891,0.6363266936680891,0.6363266936680891
flocking_robust_mixture,20,0.6258192840362145,0.6297272562955668,0.9984375,0.5478729060612394,0.5478729060612394,0.0,1.0,0.0,0.0,0.0,0.0,0.996875,1,0.6459735444431642,1.6223907146393306,0.96484375,1.6254345775864638,3.736452804321317,4.749505909747654,0.34720264098488973,,3840,737280,0.7199999999999999,0.0,0.0,0.0,0.0,0,1.00625,0.00625,7.93125,0.9984375,0.0015625,0.0,0.0,0.05625,0.29769842683954284,118.29448831657889,1.1664350000210106,no_change,0.3776092853606694,0.014843750000000044,0.5478729060612394,0.5478729060612394,0.5478729060612394,0.5478729060612394
flocking_robust_mixture,21,0.6097295946333181,0.6097295946333181,1.0,0.5369821358708489,0.5369821358708489,0.0,1.0,0.0,0.0,0.0,0.0,1.0,,0.6406009526965538,1.581542665098336,0.9828125,1.6589808506173747,3.7388415568155744,4.7249421808812535,0.34631928665698897,,3840,737280,0.7199999999999999,0.0,0.0,0.0,0.0,0,1.0,0.0,7.93125,1.0,0.0,0.00625,0.00625,0.06875,0.2917559794936288,110.73754153793547,1.1447967500425875,no_change,0.41845733490166404,0.03281250000000002,0.5369821358708489,0.5369821358708489,0.5369821358708489,0.5369821358708489
flocking_robust_mixture,22,0.6613656742075533,0.6613656742075533,1.0,0.5892666001243868,0.5892666001243868,0.0,1.0,0.0,0.0,0.0,0.0,1.0,,0.680374139046174,1.7367999576801885,0.9748883928571429,1.745504297282692,3.719129033776663,4.729773416566501,0.38459290942256624,,3840,737280,0.7199999999999999,0.0,0.0,0.0,0.0,0,1.0,0.0,7.925,1.0,0.0,0.0,0.0,0.075,0.2918086727890568,159.31065457603924,1.1524835000745952,no_change,0.26320004231981153,0.02488839285714295,0.5892666001243868,0.5892666001243868,0.5892666001243868,0.5892666001243868
flocking_robust_mixture,23,0.6562709327201229,0.6562709327201229,1.0,0.5901215675279502,0.5901215675279502,0.0,1.0,0.0,0.0,0.0,0.0,1.0,,0.6542845456163345,1.6367774680023917,0.978125,1.6195281302512299,3.72671618717891,4.735470863538092,0.36392226256675286,,3840,737280,0.7199999999999999,0.0,0.0,0.0,0.0,0,1.0,0.0,7.95,1.0,0.0,0.0,0.0,0.05,0.27926791128142403,136.0102692800967,1.1526097089517862,no_change,0.36322253199760834,0.028125000000000067,0.5901215675279502,0.5901215675279502,0.5901215675279502,0.5901215675279502
flocking_robust_mixture,24,0.6780711247683456,0.6823056988043333,0.99609375,0.5948152211177847,0.5948152211177847,0.0,1.0,0.0,0.0,0.0,0.0,0.9953125,1,0.6814628282580247,1.8141413633753145,0.9533482142857143,1.6387011460618246,3.739639686592716,4.782548215296258,0.3414214202854651,,3840,737280,0.7199999999999999,0.0,0.0,0.0,0.0,0,1.00625,0.00625,7.95625,0.99765625,0.00234375,0.0,0.0,0.025,0.31275057856106375,92.73536216021763,1.176079000113532,no_change,0.1858586366246855,0.0033482142857143016,0.5948152211177847,0.5948152211177847,0.5948152211177847,0.5948152211177847
flocking_robust_mixture,25,0.6689066458342204,0.6689066458342204,1.0,0.5932033323013937,0.5932033323013937,0.0,1.0,0.0,0.0,0.0,0.0,1.0,,0.6941986568850684,1.8423100102383745,0.9620535714285715,1.778247878914063,3.7216820605661853,4.672684905814558,0.37525917567576583,,3840,737280,0.7199999999999999,0.0,0.0,0.0,0.0,0,1.0,0.0,7.8375,1.0,0.0,0.0,0.0,0.1625,0.3173661431114865,160.69186539920952,1.1277122921310365,no_change,0.15768998976162552,0.012053571428571552,0.5932033323013937,0.5932033323013937,0.5932033323013937,0.5932033323013937
flocking_robust_mixture,26,0.6475380727449889,0.6475380727449889,1.0,0.5720313201771228,0.5720313201771228,0.0,1.0,0.0,0.0,0.0,0.0,1.0,,0.6571381198624956,1.5677503123858163,0.98515625,1.550305351151026,3.706758743173667,4.747121649127165,0.4460354037418785,,3840,737280,0.7199999999999999,0.0,0.0,0.0,0.0,0,1.0,0.0,7.90625,1.0,0.0,0.0,0.0,0.09375,0.29784800101817144,182.7513928208892,1.1503460840322077,no_change,0.4322496876141837,0.03515625,0.5720313201771228,0.5720313201771228,0.5720313201771228,0.5720313201771228
flocking_robust_mixture,27,0.6001992730477433,0.6001992730477433,1.0,0.5399985836745054,0.5399985836745054,0.0,1.0,0.0,0.0,0.0,0.0,1.0,,0.6163801511902789,1.4419283554682678,0.98203125,1.6107970166976422,3.730813861431635,4.745851978000198,0.34099538493255255,,3840,737280,0.7199999999999999,0.0,0.0,0.0,0.0,0,1.0,0.0,7.98125,1.0,0.0,0.0,0.0,0.01875,0.29502947622631437,133.8323478462047,1.1644650411326438,no_change,0.5580716445317322,0.03203125000000007,0.5399985836745054,0.5399985836745054,0.5399985836745054,0.5399985836745054
flocking_robust_mixture,28,0.6148611091229894,0.6148611091229894,1.0,0.5466588446219063,0.5466588446219063,0.0,1.0,0.0,0.0,0.0,0.0,1.0,,0.6302965175659525,1.5024629210955553,0.9880580357142857,1.6359204163029983,3.7266714146911086,4.703763806981435,0.38424754510756853,,3840,737280,0.7199999999999999,0.0,0.0,0.0,0.0,0,1.0,0.0,7.8875,1.0,0.0,0.0,0.0,0.1125,0.2827491172565663,142.87651371893702,1.1562555839773268,no_change,0.49753707890444465,0.03805803571428579,0.5466588446219063,0.5466588446219063,0.5466588446219063,0.5466588446219063
flocking_robust_mixture,29,0.6063534787328724,0.6063534787328724,1.0,0.5277692531708811,0.5277692531708811,0.0,1.0,0.0,0.0,0.0,0.0,1.0,,0.6360263982127162,1.5203090789821592,0.9728794642857143,1.687953311472652,3.7224354629570504,4.716277698942086,0.38310417724069373,,3840,737280,0.7199999999999999,0.0,0.0,0.0,0.0,0,1.0,0.0,7.90625,1.0,0.0,0.0,0.0,0.09375,0.29459731441046727,156.89802992055624,1.1551139999646693,no_change,0.47969092101784083,0.0228794642857143,0.5277692531708811,0.5277692531708811,0.5277692531708811,0.5277692531708811
flocking_robust_defer,0,0.6494753609450632,0.6494753609450632,1.0,1.3176357451254654,0.5676357451254654,0.0,0.0,1.0,0.0,0.0,0.0,1.0,,0.6471652424393901,1.5519473831755526,0.9728794642857143,1.632067619030827,3.728901739926949,4.707535859941059,0.37779648827870876,,3840,737280,0.7199999999999999,0.0,0.0,0.0,0.0,0,1.0,0.0,7.8625,1.0,0.0,0.00625,0.00625,0.1375,0.31863134913740965,132.03712187369263,1.1418531250674278,no_change,0.4480526168244474,0.0228794642857143,0.8176357451254654,1.0676357451254654,1.5676357451254654,2.0676357451254654
flocking_robust_defer,1,0.6600115946712174,0.6600115946712174,1.0,1.3365789102883647,0.5865789102883647,0.0,0.0,1.0,0.0,0.0,0.0,1.0,,0.6585650162391902,1.68862476198847,0.9666294642857143,1.6404100797309311,3.73574788763798,4.756876940437481,0.3286679148123232,,3840,737280,0.7199999999999999,0.0,0.0,0.0,0.0,0,1.0,0.0,7.95,1.0,0.0,0.0,0.0,0.05,0.2990980956659718,112.1228122679161,1.1592238750308752,no_change,0.31137523801153,0.016629464285714324,0.8365789102883647,1.0865789102883647,1.5865789102883647,2.086578910288365
flocking_robust_defer,2,0.687744900044521,0.687744900044521,1.0,1.3593720933672189,0.6093720933672188,0.0,0.0,1.0,0.0,0.0,0.0,1.0,,0.6938824148011189,1.7821119325657233,0.9722098214285715,1.6719389767217734,3.717972096667384,4.707951959549797,0.41374552585550217,,3840,737280,0.7199999999999999,0.0,0.0,0.0,0.0,0,1.0,0.0,7.90625,1.0,0.0,0.03125,0.03125,0.08125,0.29151680314719197,163.05452316328282,1.1657420420087874,no_change,0.2178880674342767,0.02220982142857153,0.8593720933672188,1.1093720933672189,1.6093720933672189,2.109372093367219
flocking_robust_defer,3,0.6859463375920446,0.6859463375920446,1.0,1.3479771433266248,0.5979771433266245,0.0,0.0,1.0,0.0,0.0,0.0,1.0,,0.6886946615301291,1.8102227451427546,0.9591517857142857,1.7978473606797842,3.7264997650181506,4.7161496493255655,0.3844457159741564,,3840,737280,0.7199999999999999,0.0,0.0,0.0,0.0,0,1.0,0.0,7.90625,1.0,0.0,0.0,0.0,0.09375,0.30242457225428837,144.02347456869862,1.1589621249586344,no_change,0.1897772548572454,0.009151785714285765,0.8479771433266245,1.0979771433266245,1.5979771433266245,2.0979771433266245
flocking_robust_defer,4,0.5596982466950898,0.5596982466950898,1.0,1.2416635014837811,0.4916635014837813,0.0,0.0,1.0,0.0,0.0,0.0,1.0,,0.5871108156247732,1.290464247113579,0.984375,1.5416823678404878,3.7209399772696115,4.757124638493375,0.3416485236864572,,3840,737280,0.7199999999999999,0.0,0.0,0.0,0.0,0,1.0,0.0,7.96875,1.0,0.0,0.0,0.0,0.03125,0.2741180467286223,148.4383174300221,1.1691861250437796,no_change,0.709535752886421,0.034375000000000044,0.7416635014837814,0.9916635014837814,1.4916635014837814,1.9916635014837814
flocking_robust_defer,5,0.6051481294707268,0.6051481294707268,1.0,1.2854862476613298,0.5354862476613299,0.0,0.0,1.0,0.0,0.0,0.0,1.0,,0.6318520687067186,1.5500177100765877,0.98359375,1.725723794937143,3.7349001390903025,4.758468972403805,0.3374784540656683,,3840,737280,0.7199999999999999,0.0,0.0,0.0,0.0,0,1.0,0.0,7.975,1.0,0.0,0.0,0.0,0.025,0.28506606415177044,127.8470172735153,1.16500333417207,no_change,0.44998228992341227,0.03359375000000009,0.7854862476613299,1.0354862476613298,1.5354862476613298,2.03548624766133
flocking_robust_defer,6,0.635601224733155,0.635601224733155,1.0,1.3149298364391164,0.5649298364391165,0.0,0.0,1.0,0.0,0.0,0.0,1.0,,0.6468486897843981,1.5925199116490412,0.9861607142857143,1.6174542674944319,3.7278860579121575,4.746891371866015,0.353523946819545,,3840,737280,0.7199999999999999,0.0,0.0,0.0,0.0,0,1.0,0.0,7.9375,1.0,0.0,0.00625,0.00625,0.0625,0.29963009582159267,137.34295320256575,1.1422318329568952,no_change,0.40748008835095884,0.036160714285714324,0.8149298364391165,1.0649298364391164,1.5649298364391164,2.0649298364391164
flocking_robust_defer,7,0.6154094363004694,0.6154094363004694,1.0,1.2929320619475377,0.5429320619475376,0.0,0.0,1.0,0.0,0.0,0.0,1.0,,0.618305306324697,1.5054988857880123,0.9767857142857143,1.6711126717306506,3.746192816759335,4.7055767710235274,0.3435633661685661,,3840,737280,0.7199999999999999,0.0,0.0,0.0,0.0,0,1.0,0.0,7.94375,1.0,0.0,0.00625,0.00625,0.05625,0.29110222258085805,95.06522319832138,1.1476641669869423,no_change,0.4945011142119877,0.0267857142857143,0.7929320619475376,1.0429320619475377,1.5429320619475377,2.0429320619475377
flocking_robust_defer,8,0.6629420768832104,0.6629420768832104,1.0,1.3357050322983226,0.5857050322983227,0.0,0.0,1.0,0.0,0.0,0.0,1.0,,0.666059647127278,1.697404430184282,0.96796875,1.768401821898161,3.7292014025389024,4.76577608494498,0.388737810122191,,3840,737280,0.7199999999999999,0.0,0.0,0.0,0.0,0,1.0,0.0,7.9625,1.0,0.0,0.0,0.0,0.0375,0.2916828194834295,139.1535982681008,1.1505750839132816,no_change,0.3025955698157179,0.01796875000000009,0.8357050322983227,1.0857050322983226,1.5857050322983226,2.0857050322983226
flocking_robust_defer,9,0.6015517796499448,0.6015517796499448,1.0,1.27395087288637,0.5239508728863702,0.0,0.0,1.0,0.0,0.0,0.0,1.0,,0.643259071040937,1.540671003767859,0.9859375,1.6403300747701035,3.7346469777061726,4.683310608939502,0.39761829849087765,,3840,737280,0.7199999999999999,0.0,0.0,0.0,0.0,0,1.0,0.0,7.89375,1.0,0.0,0.00625,0.00625,0.10625,0.30439279794622687,132.22936623424937,1.1356299170292914,no_change,0.45932899623214096,0.03593750000000007,0.7739508728863702,1.0239508728863702,1.5239508728863702,2.0239508728863704
flocking_robust_defer,10,0.6586541218764824,0.6586541218764824,1.0,1.3171270070897072,0.5671270070897073,0.0,0.0,1.0,0.0,0.0,0.0,1.0,,0.6586239519831955,1.684806373482182,0.9535714285714285,1.6534450613884346,3.7379264347606123,4.755748904225291,0.33880577979157545,,3840,737280,0.7199999999999999,0.0,0.0,0.0,0.0,0,1.0,0.0,7.9625,1.0,0.0,0.0,0.0,0.0375,0.27863906212119527,104.85546353153788,1.1609332088846713,no_change,0.3151936265178179,0.0035714285714285587,0.8171270070897073,1.0671270070897072,1.5671270070897072,2.067127007089707
flocking_robust_defer,11,0.6465347834781364,0.6465347834781364,1.0,1.331967423131771,0.5819674231317712,0.0,0.0,1.0,0.0,0.0,0.0,1.0,,0.6447856804746778,1.5493690688196489,0.9779017857142858,1.6342594465740483,3.720504877118367,4.706021274427066,0.38195794872481165,,3840,737280,0.7199999999999999,0.0,0.0,0.0,0.0,0,1.0,0.0,7.9,1.0,0.0,0.01875,0.01875,0.09375,0.2963500553074681,160.99649706268505,1.1446681660600007,no_change,0.45063093118035114,0.02790178571428581,0.8319674231317712,1.081967423131771,1.581967423131771,2.081967423131771
flocking_robust_defer,12,0.638791372311926,0.638791372311926,1.0,1.3161193340572492,0.5661193340572493,0.0,0.0,1.0,0.0,0.0,0.0,1.0,,0.6515347609619421,1.58644756935755,0.98046875,1.671285509930772,3.7177684123400616,4.749201529563072,0.36535492589511315,,3840,737280,0.7199999999999999,0.0,0.0,0.0,0.0,0,1.0,0.0,7.95,1.0,0.0,0.0,0.0,0.05,0.2994697292353294,153.2202978080704,1.1616787910461426,no_change,0.41355243064245006,0.030468750000000044,0.8161193340572493,1.0661193340572495,1.5661193340572495,2.0661193340572495
flocking_robust_defer,13,0.678288842180054,0.678288842180054,1.0,1.3556833386434908,0.6056833386434907,0.0,0.0,1.0,0.0,0.0,0.0,1.0,,0.6784547222870234,1.7403673103768231,0.9600446428571429,1.792027525042068,3.713588252825346,4.7358282212685054,0.3767254533831347,,3840,737280,0.7199999999999999,0.0,0.0,0.0,0.0,0,1.0,0.0,7.925,1.0,0.0,0.0,0.0,0.075,0.2965657489922489,174.8902863900722,1.154021583031863,no_change,0.25963268962317687,0.010044642857142905,0.8556833386434907,1.1056833386434906,1.6056833386434906,2.1056833386434906
flocking_robust_defer,14,0.6467884308627524,0.6467884308627524,1.0,1.3101568368150516,0.5601568368150515,0.0,0.0,1.0,0.0,0.0,0.0,1.0,,0.6664215897191161,1.6767494030524968,0.959375,1.7242713198464166,3.724802390693025,4.6913654331830035,0.380051577814353,,3840,737280,0.7199999999999999,0.0,0.0,0.0,0.0,0,1.0,0.0,7.925,1.0,0.0,0.00625,0.00625,0.075,0.30002562804708377,152.83610219198124,1.156861332943663,no_change,0.32325059694750324,0.009375000000000022,0.8101568368150515,1.0601568368150516,1.5601568368150516,2.0601568368150516
flocking_robust_defer,15,0.6140702804891103,0.6140702804891103,1.0,1.293563153670436,0.5435631536704358,0.0,0.0,1.0,0.0,0.0,0.0,1.0,,0.6274853256911369,1.4770885390120618,0.9802455357142857,1.6783620109555124,3.709263345567089,4.762389523903953,0.3912496348025871,,3840,737280,0.7199999999999999,0.0,0.0,0.0,0.0,0,1.0,0.0,7.94375,1.0,0.0,0.0,0.0,0.05625,0.289097908448928,171.9103183332064,1.1590806250460446,no_change,0.5229114609879382,0.030245535714285787,0.7935631536704358,1.0435631536704357,1.5435631536704357,2.0435631536704357
flocking_robust_defer,16,0.6277093028803331,0.6277093028803331,1.0,1.3102728681784659,0.560272868178466,0.0,0.0,1.0,0.0,0.0,0.0,1.0,,0.6430919866244851,1.5511892713978244,0.98984375,1.6688355207234273,3.7174475379327445,4.811197525312352,0.3445520851363656,,3840,737280,0.7199999999999999,0.0,0.0,0.0,0.0,0,1.0,0.0,7.9125,1.0,0.0,0.0,0.0,0.0875,0.3082782204698123,151.18814258504517,1.1529436251148582,no_change,0.44881072860217563,0.03984375000000007,0.810272868178466,1.0602728681784659,1.5602728681784659,2.060272868178466
flocking_robust_defer,17,0.6513213566594739,0.6513213566594739,1.0,1.3218214213572825,0.5718214213572823,0.0,0.0,1.0,0.0,0.0,0.0,1.0,,0.6764761929893611,1.8006707608225618,0.9568080357142857,1.6591551525005972,3.7439916025954347,4.7437815499194596,0.3405406634506055,,3840,737280,0.7199999999999999,0.0,0.0,0.0,0.0,0,1.0,0.0,7.9375,1.0,0.0,0.0,0.0,0.0625,0.27790443970031087,95.63358909168704,1.1529029589146376,no_change,0.19932923917743817,0.006808035714285787,0.8218214213572823,1.0718214213572823,1.5718214213572823,2.0718214213572823
flocking_robust_defer,18,0.6481080356051633,0.6481080356051633,1.0,1.330192757500663,0.580192757500663,0.0,0.0,1.0,0.0,0.0,0.0,1.0,,0.6331222091361975,1.529034332065578,0.9890625,1.770321376375631,3.7232678852374077,4.762421575904391,0.3583964737492152,,3840,737280,0.7199999999999999,0.0,0.0,0.0,0.0,0,1.0,0.0,7.9625,1.0,0.0,0.0,0.0,0.0375,0.2920572882561221,138.96565615134392,1.1691472090315074,no_change,0.47096566793442207,0.0390625,0.830192757500663,1.080192757500663,1.580192757500663,2.080192757500663
flocking_robust_defer,19,0.7345642111046725,0.7345642111046725,1.0,1.3863266936680891,0.6363266936680891,0.0,0.0,1.0,0.0,0.0,0.0,1.0,,0.7206365832444294,2.020432174435963,0.9416294642857143,1.7568890451134844,3.7330862040375807,4.74328700903564,0.3544903934586647,,3840,737280,0.7199999999999999,0.0,0.0,0.0,0.0,0,1.0,0.0,7.94375,1.0,0.0,0.0,0.0,0.05625,0.3010087162649656,130.75347513635532,1.1649025408551097,no_change,0.020432174435963013,0.008370535714285698,0.8863266936680891,1.1363266936680891,1.6363266936680891,2.136326693668089
flocking_robust_defer,20,0.6258192840362145,0.6297272562955668,0.9984375,1.3009598932909185,0.5509598932909185,0.0,0.0,1.0,0.0,0.0,0.0,0.996875,1,0.6459735444431642,1.6223907146393306,0.96484375,1.6254345775864638,3.736452804321317,4.749505909747654,0.34720264098488973,,3840,737280,0.7199999999999999,0.0,0.0,0.0,0.0,0,1.00625,0.00625,7.93125,0.9984375,0.0015625,0.0,0.0,0.05625,0.29769842683954284,118.29448831657889,1.1655901249032468,no_change,0.3776092853606694,0.014843750000000044,0.8009598932909185,1.0509598932909185,1.5509598932909185,2.0509598932909183
flocking_robust_defer,21,0.6097295946333181,0.6097295946333181,1.0,1.2869821358708489,0.5369821358708489,0.0,0.0,1.0,0.0,0.0,0.0,1.0,,0.6406009526965538,1.581542665098336,0.9828125,1.6589808506173747,3.7388415568155744,4.7249421808812535,0.34631928665698897,,3840,737280,0.7199999999999999,0.0,0.0,0.0,0.0,0,1.0,0.0,7.93125,1.0,0.0,0.00625,0.00625,0.06875,0.2917559794936288,110.73754153793547,1.164354250067845,no_change,0.41845733490166404,0.03281250000000002,0.7869821358708489,1.0369821358708489,1.5369821358708489,2.036982135870849
flocking_robust_defer,22,0.6613656742075533,0.6613656742075533,1.0,1.3392666001243867,0.5892666001243868,0.0,0.0,1.0,0.0,0.0,0.0,1.0,,0.680374139046174,1.7367999576801885,0.9748883928571429,1.745504297282692,3.719129033776663,4.729773416566501,0.38459290942256624,,3840,737280,0.7199999999999999,0.0,0.0,0.0,0.0,0,1.0,0.0,7.925,1.0,0.0,0.0,0.0,0.075,0.2918086727890568,159.31065457603924,1.1609002919867635,no_change,0.26320004231981153,0.02488839285714295,0.8392666001243868,1.089266600124387,1.589266600124387,2.089266600124387
flocking_robust_defer,23,0.6562709327201229,0.6562709327201229,1.0,1.3401215675279503,0.5901215675279502,0.0,0.0,1.0,0.0,0.0,0.0,1.0,,0.6542845456163345,1.6367774680023917,0.978125,1.6195281302512299,3.72671618717891,4.735470863538092,0.36392226256675286,,3840,737280,0.7199999999999999,0.0,0.0,0.0,0.0,0,1.0,0.0,7.95,1.0,0.0,0.0,0.0,0.05,0.27926791128142403,136.0102692800967,1.1643906668759882,no_change,0.36322253199760834,0.028125000000000067,0.8401215675279502,1.0901215675279503,1.5901215675279503,2.0901215675279503
flocking_robust_defer,24,0.6780711247683456,0.6823056988043333,0.99609375,1.3485997784105628,0.5985997784105627,0.0,0.0,1.0,0.0,0.0,0.0,0.9953125,1,0.6814628282580247,1.8141413633753145,0.9533482142857143,1.6387011460618246,3.739639686592716,4.782548215296258,0.3414214202854651,,3840,737280,0.7199999999999999,0.0,0.0,0.0,0.0,0,1.00625,0.00625,7.95625,0.99765625,0.00234375,0.0,0.0,0.025,0.31275057856106375,92.73536216021763,1.1600550841540098,no_change,0.1858586366246855,0.0033482142857143016,0.8485997784105627,1.0985997784105628,1.5985997784105628,2.0985997784105628
flocking_robust_defer,25,0.6689066458342204,0.6689066458342204,1.0,1.3432033323013937,0.5932033323013937,0.0,0.0,1.0,0.0,0.0,0.0,1.0,,0.6941986568850684,1.8423100102383745,0.9620535714285715,1.778247878914063,3.7216820605661853,4.672684905814558,0.37525917567576583,,3840,737280,0.7199999999999999,0.0,0.0,0.0,0.0,0,1.0,0.0,7.8375,1.0,0.0,0.0,0.0,0.1625,0.3173661431114865,160.69186539920952,1.134701166069135,no_change,0.15768998976162552,0.012053571428571552,0.8432033323013937,1.0932033323013937,1.5932033323013937,2.0932033323013934
flocking_robust_defer,26,0.6475380727449889,0.6475380727449889,1.0,1.3220313201771225,0.5720313201771228,0.0,0.0,1.0,0.0,0.0,0.0,1.0,,0.6571381198624956,1.5677503123858163,0.98515625,1.550305351151026,3.706758743173667,4.747121649127165,0.4460354037418785,,3840,737280,0.7199999999999999,0.0,0.0,0.0,0.0,0,1.0,0.0,7.90625,1.0,0.0,0.0,0.0,0.09375,0.29784800101817144,182.7513928208892,1.1428361660800874,no_change,0.4322496876141837,0.03515625,0.8220313201771228,1.0720313201771228,1.5720313201771228,2.072031320177123
flocking_robust_defer,27,0.6001992730477433,0.6001992730477433,1.0,1.2899985836745054,0.5399985836745054,0.0,0.0,1.0,0.0,0.0,0.0,1.0,,0.6163801511902789,1.4419283554682678,0.98203125,1.6107970166976422,3.730813861431635,4.745851978000198,0.34099538493255255,,3840,737280,0.7199999999999999,0.0,0.0,0.0,0.0,0,1.0,0.0,7.98125,1.0,0.0,0.0,0.0,0.01875,0.29502947622631437,133.8323478462047,1.1646097500342876,no_change,0.5580716445317322,0.03203125000000007,0.7899985836745054,1.0399985836745054,1.5399985836745054,2.0399985836745054
flocking_robust_defer,28,0.6148611091229894,0.6148611091229894,1.0,1.2966588446219063,0.5466588446219063,0.0,0.0,1.0,0.0,0.0,0.0,1.0,,0.6302965175659525,1.5024629210955553,0.9880580357142857,1.6359204163029983,3.7266714146911086,4.703763806981435,0.38424754510756853,,3840,737280,0.7199999999999999,0.0,0.0,0.0,0.0,0,1.0,0.0,7.8875,1.0,0.0,0.0,0.0,0.1125,0.2827491172565663,142.87651371893702,1.1419541251379997,no_change,0.49753707890444465,0.03805803571428579,0.7966588446219063,1.0466588446219063,1.5466588446219063,2.0466588446219065
flocking_robust_defer,29,0.6063534787328724,0.6063534787328724,1.0,1.277769253170881,0.5277692531708811,0.0,0.0,1.0,0.0,0.0,0.0,1.0,,0.6360263982127162,1.5203090789821592,0.9728794642857143,1.687953311472652,3.7224354629570504,4.716277698942086,0.38310417724069373,,3840,737280,0.7199999999999999,0.0,0.0,0.0,0.0,0,1.0,0.0,7.90625,1.0,0.0,0.0,0.0,0.09375,0.29459731441046727,156.89802992055624,1.144990332890302,no_change,0.47969092101784083,0.0228794642857143,0.7777692531708811,1.027769253170881,1.527769253170881,2.027769253170881
flocking_robust_active,0,0.6494753609450632,0.6494753609450632,1.0,0.5676357451254654,0.5676357451254654,1.0,0.0,0.0,0.0,0.0,0.0,1.0,,0.6471652424393901,1.5519473831755526,0.9728794642857143,1.632067619030827,3.728901739926949,4.707535859941059,0.37779648827870876,,3840,737280,0.7199999999999999,0.0,0.0,0.0,0.0,0,1.0,0.0,7.8625,1.0,0.0,0.00625,0.00625,0.1375,0.31863134913740965,132.03712187369263,1.1462845001369715,no_change,0.4480526168244474,0.0228794642857143,0.5676357451254654,0.5676357451254654,0.5676357451254654,0.5676357451254654
flocking_robust_active,1,0.6600115946712174,0.6600115946712174,1.0,0.5865789102883647,0.5865789102883647,1.0,0.0,0.0,0.0,0.0,0.0,1.0,,0.6585650162391902,1.68862476198847,0.9666294642857143,1.6404100797309311,3.73574788763798,4.756876940437481,0.3286679148123232,,3840,737280,0.7199999999999999,0.0,0.0,0.0,0.0,0,1.0,0.0,7.95,1.0,0.0,0.0,0.0,0.05,0.2990980956659718,112.1228122679161,1.1676958338357508,no_change,0.31137523801153,0.016629464285714324,0.5865789102883647,0.5865789102883647,0.5865789102883647,0.5865789102883647
flocking_robust_active,2,0.687744900044521,0.687744900044521,1.0,0.6093720933672188,0.6093720933672188,1.0,0.0,0.0,0.0,0.0,0.0,1.0,,0.6938824148011189,1.7821119325657233,0.9722098214285715,1.6719389767217734,3.717972096667384,4.707951959549797,0.41374552585550217,,3840,737280,0.7199999999999999,0.0,0.0,0.0,0.0,0,1.0,0.0,7.90625,1.0,0.0,0.03125,0.03125,0.08125,0.29151680314719197,163.05452316328282,1.155788959003985,no_change,0.2178880674342767,0.02220982142857153,0.6093720933672188,0.6093720933672188,0.6093720933672188,0.6093720933672188
flocking_robust_active,3,0.6859463375920446,0.6859463375920446,1.0,0.5979771433266245,0.5979771433266245,1.0,0.0,0.0,0.0,0.0,0.0,1.0,,0.6886946615301291,1.8102227451427546,0.9591517857142857,1.7978473606797842,3.7264997650181506,4.7161496493255655,0.3844457159741564,,3840,737280,0.7199999999999999,0.0,0.0,0.0,0.0,0,1.0,0.0,7.90625,1.0,0.0,0.0,0.0,0.09375,0.30242457225428837,144.02347456869862,1.162460041930899,no_change,0.1897772548572454,0.009151785714285765,0.5979771433266245,0.5979771433266245,0.5979771433266245,0.5979771433266245
flocking_robust_active,4,0.5596982466950898,0.5596982466950898,1.0,0.4916635014837813,0.4916635014837813,1.0,0.0,0.0,0.0,0.0,0.0,1.0,,0.5871108156247732,1.290464247113579,0.984375,1.5416823678404878,3.7209399772696115,4.757124638493375,0.3416485236864572,,3840,737280,0.7199999999999999,0.0,0.0,0.0,0.0,0,1.0,0.0,7.96875,1.0,0.0,0.0,0.0,0.03125,0.2741180467286223,148.4383174300221,1.1672243329230696,no_change,0.709535752886421,0.034375000000000044,0.4916635014837813,0.4916635014837813,0.4916635014837813,0.4916635014837813
flocking_robust_active,5,0.6051481294707268,0.6051481294707268,1.0,0.5354862476613299,0.5354862476613299,1.0,0.0,0.0,0.0,0.0,0.0,1.0,,0.6318520687067186,1.5500177100765877,0.98359375,1.725723794937143,3.7349001390903025,4.758468972403805,0.3374784540656683,,3840,737280,0.7199999999999999,0.0,0.0,0.0,0.0,0,1.0,0.0,7.975,1.0,0.0,0.0,0.0,0.025,0.28506606415177044,127.8470172735153,1.1832753329072148,no_change,0.44998228992341227,0.03359375000000009,0.5354862476613299,0.5354862476613299,0.5354862476613299,0.5354862476613299
flocking_robust_active,6,0.635601224733155,0.635601224733155,1.0,0.5649298364391165,0.5649298364391165,1.0,0.0,0.0,0.0,0.0,0.0,1.0,,0.6468486897843981,1.5925199116490412,0.9861607142857143,1.6174542674944319,3.7278860579121575,4.746891371866015,0.353523946819545,,3840,737280,0.7199999999999999,0.0,0.0,0.0,0.0,0,1.0,0.0,7.9375,1.0,0.0,0.00625,0.00625,0.0625,0.29963009582159267,137.34295320256575,1.171154917217791,no_change,0.40748008835095884,0.036160714285714324,0.5649298364391165,0.5649298364391165,0.5649298364391165,0.5649298364391165
flocking_robust_active,7,0.6154094363004694,0.6154094363004694,1.0,0.5429320619475376,0.5429320619475376,1.0,0.0,0.0,0.0,0.0,0.0,1.0,,0.618305306324697,1.5054988857880123,0.9767857142857143,1.6711126717306506,3.746192816759335,4.7055767710235274,0.3435633661685661,,3840,737280,0.7199999999999999,0.0,0.0,0.0,0.0,0,1.0,0.0,7.94375,1.0,0.0,0.00625,0.00625,0.05625,0.29110222258085805,95.06522319832138,1.1766434169840068,no_change,0.4945011142119877,0.0267857142857143,0.5429320619475376,0.5429320619475376,0.5429320619475376,0.5429320619475376
flocking_robust_active,8,0.6629420768832104,0.6629420768832104,1.0,0.5857050322983227,0.5857050322983227,1.0,0.0,0.0,0.0,0.0,0.0,1.0,,0.666059647127278,1.697404430184282,0.96796875,1.768401821898161,3.7292014025389024,4.76577608494498,0.388737810122191,,3840,737280,0.7199999999999999,0.0,0.0,0.0,0.0,0,1.0,0.0,7.9625,1.0,0.0,0.0,0.0,0.0375,0.2916828194834295,139.1535982681008,1.1598094590008259,no_change,0.3025955698157179,0.01796875000000009,0.5857050322983227,0.5857050322983227,0.5857050322983227,0.5857050322983227
flocking_robust_active,9,0.6015517796499448,0.6015517796499448,1.0,0.5239508728863702,0.5239508728863702,1.0,0.0,0.0,0.0,0.0,0.0,1.0,,0.643259071040937,1.540671003767859,0.9859375,1.6403300747701035,3.7346469777061726,4.683310608939502,0.39761829849087765,,3840,737280,0.7199999999999999,0.0,0.0,0.0,0.0,0,1.0,0.0,7.89375,1.0,0.0,0.00625,0.00625,0.10625,0.30439279794622687,132.22936623424937,1.1454196670092642,no_change,0.45932899623214096,0.03593750000000007,0.5239508728863702,0.5239508728863702,0.5239508728863702,0.5239508728863702
flocking_robust_active,10,0.6586541218764824,0.6586541218764824,1.0,0.5671270070897073,0.5671270070897073,1.0,0.0,0.0,0.0,0.0,0.0,1.0,,0.6586239519831955,1.684806373482182,0.9535714285714285,1.6534450613884346,3.7379264347606123,4.755748904225291,0.33880577979157545,,3840,737280,0.7199999999999999,0.0,0.0,0.0,0.0,0,1.0,0.0,7.9625,1.0,0.0,0.0,0.0,0.0375,0.27863906212119527,104.85546353153788,1.1632014168426394,no_change,0.3151936265178179,0.0035714285714285587,0.5671270070897073,0.5671270070897073,0.5671270070897073,0.5671270070897073
flocking_robust_active,11,0.6465347834781364,0.6465347834781364,1.0,0.5819674231317712,0.5819674231317712,1.0,0.0,0.0,0.0,0.0,0.0,1.0,,0.6447856804746778,1.5493690688196489,0.9779017857142858,1.6342594465740483,3.720504877118367,4.706021274427066,0.38195794872481165,,3840,737280,0.7199999999999999,0.0,0.0,0.0,0.0,0,1.0,0.0,7.9,1.0,0.0,0.01875,0.01875,0.09375,0.2963500553074681,160.99649706268505,1.1459170419257134,no_change,0.45063093118035114,0.02790178571428581,0.5819674231317712,0.5819674231317712,0.5819674231317712,0.5819674231317712
flocking_robust_active,12,0.638791372311926,0.638791372311926,1.0,0.5661193340572493,0.5661193340572493,1.0,0.0,0.0,0.0,0.0,0.0,1.0,,0.6515347609619421,1.58644756935755,0.98046875,1.671285509930772,3.7177684123400616,4.749201529563072,0.36535492589511315,,3840,737280,0.7199999999999999,0.0,0.0,0.0,0.0,0,1.0,0.0,7.95,1.0,0.0,0.0,0.0,0.05,0.2994697292353294,153.2202978080704,1.1642251249868423,no_change,0.41355243064245006,0.030468750000000044,0.5661193340572493,0.5661193340572493,0.5661193340572493,0.5661193340572493
flocking_robust_active,13,0.678288842180054,0.678288842180054,1.0,0.6056833386434907,0.6056833386434907,1.0,0.0,0.0,0.0,0.0,0.0,1.0,,0.6784547222870234,1.7403673103768231,0.9600446428571429,1.792027525042068,3.713588252825346,4.7358282212685054,0.3767254533831347,,3840,737280,0.7199999999999999,0.0,0.0,0.0,0.0,0,1.0,0.0,7.925,1.0,0.0,0.0,0.0,0.075,0.2965657489922489,174.8902863900722,1.163465291960165,no_change,0.25963268962317687,0.010044642857142905,0.6056833386434907,0.6056833386434907,0.6056833386434907,0.6056833386434907
flocking_robust_active,14,0.6467884308627524,0.6467884308627524,1.0,0.5601568368150515,0.5601568368150515,1.0,0.0,0.0,0.0,0.0,0.0,1.0,,0.6664215897191161,1.6767494030524968,0.959375,1.7242713198464166,3.724802390693025,4.6913654331830035,0.380051577814353,,3840,737280,0.7199999999999999,0.0,0.0,0.0,0.0,0,1.0,0.0,7.925,1.0,0.0,0.00625,0.00625,0.075,0.30002562804708377,152.83610219198124,1.157345541054383,no_change,0.32325059694750324,0.009375000000000022,0.5601568368150515,0.5601568368150515,0.5601568368150515,0.5601568368150515
flocking_robust_active,15,0.6140702804891103,0.6140702804891103,1.0,0.5435631536704358,0.5435631536704358,1.0,0.0,0.0,0.0,0.0,0.0,1.0,,0.6274853256911369,1.4770885390120618,0.9802455357142857,1.6783620109555124,3.709263345567089,4.762389523903953,0.3912496348025871,,3840,737280,0.7199999999999999,0.0,0.0,0.0,0.0,0,1.0,0.0,7.94375,1.0,0.0,0.0,0.0,0.05625,0.289097908448928,171.9103183332064,1.1695426660589874,no_change,0.5229114609879382,0.030245535714285787,0.5435631536704358,0.5435631536704358,0.5435631536704358,0.5435631536704358
flocking_robust_active,16,0.6277093028803331,0.6277093028803331,1.0,0.560272868178466,0.560272868178466,1.0,0.0,0.0,0.0,0.0,0.0,1.0,,0.6430919866244851,1.5511892713978244,0.98984375,1.6688355207234273,3.7174475379327445,4.811197525312352,0.3445520851363656,,3840,737280,0.7199999999999999,0.0,0.0,0.0,0.0,0,1.0,0.0,7.9125,1.0,0.0,0.0,0.0,0.0875,0.3082782204698123,151.18814258504517,1.1598754590377212,no_change,0.44881072860217563,0.03984375000000007,0.560272868178466,0.560272868178466,0.560272868178466,0.560272868178466
flocking_robust_active,17,0.6513213566594739,0.6513213566594739,1.0,0.5718214213572823,0.5718214213572823,1.0,0.0,0.0,0.0,0.0,0.0,1.0,,0.6764761929893611,1.8006707608225618,0.9568080357142857,1.6591551525005972,3.7439916025954347,4.7437815499194596,0.3405406634506055,,3840,737280,0.7199999999999999,0.0,0.0,0.0,0.0,0,1.0,0.0,7.9375,1.0,0.0,0.0,0.0,0.0625,0.27790443970031087,95.63358909168704,1.1752283337991685,no_change,0.19932923917743817,0.006808035714285787,0.5718214213572823,0.5718214213572823,0.5718214213572823,0.5718214213572823
flocking_robust_active,18,0.6481080356051633,0.6481080356051633,1.0,0.580192757500663,0.580192757500663,1.0,0.0,0.0,0.0,0.0,0.0,1.0,,0.6331222091361975,1.529034332065578,0.9890625,1.770321376375631,3.7232678852374077,4.762421575904391,0.3583964737492152,,3840,737280,0.7199999999999999,0.0,0.0,0.0,0.0,0,1.0,0.0,7.9625,1.0,0.0,0.0,0.0,0.0375,0.2920572882561221,138.96565615134392,1.1635463340207934,no_change,0.47096566793442207,0.0390625,0.580192757500663,0.580192757500663,0.580192757500663,0.580192757500663
flocking_robust_active,19,0.7345642111046725,0.7345642111046725,1.0,0.6363266936680891,0.6363266936680891,1.0,0.0,0.0,0.0,0.0,0.0,1.0,,0.7206365832444294,2.020432174435963,0.9416294642857143,1.7568890451134844,3.7330862040375807,4.74328700903564,0.3544903934586647,,3840,737280,0.7199999999999999,0.0,0.0,0.0,0.0,0,1.0,0.0,7.94375,1.0,0.0,0.0,0.0,0.05625,0.3010087162649656,130.75347513635532,1.1799522500950843,no_change,0.020432174435963013,0.008370535714285698,0.6363266936680891,0.6363266936680891,0.6363266936680891,0.6363266936680891
flocking_robust_active,20,0.6297272562955668,0.6297272562955668,0.9984375,0.5509598932909185,0.5509598932909185,1.0,0.0,0.0,0.0,0.0,0.0,0.996875,1,0.6459735444431642,1.6223907146393306,0.96484375,1.6254345775864638,3.736452804321317,4.749505909747654,0.34720264098488973,,3840,737280,0.7199999999999999,0.0,0.0,0.0,0.0,0,1.00625,0.00625,7.93125,0.9984375,0.0015625,0.0,0.0,0.05625,0.29769842683954284,118.29448831657889,1.1755717499181628,no_change,0.3776092853606694,0.014843750000000044,0.5509598932909185,0.5509598932909185,0.5509598932909185,0.5509598932909185
flocking_robust_active,21,0.6097295946333181,0.6097295946333181,1.0,0.5369821358708489,0.5369821358708489,1.0,0.0,0.0,0.0,0.0,0.0,1.0,,0.6406009526965538,1.581542665098336,0.9828125,1.6589808506173747,3.7388415568155744,4.7249421808812535,0.34631928665698897,,3840,737280,0.7199999999999999,0.0,0.0,0.0,0.0,0,1.0,0.0,7.93125,1.0,0.0,0.00625,0.00625,0.06875,0.2917559794936288,110.73754153793547,1.1636105000507087,no_change,0.41845733490166404,0.03281250000000002,0.5369821358708489,0.5369821358708489,0.5369821358708489,0.5369821358708489
flocking_robust_active,22,0.6613656742075533,0.6613656742075533,1.0,0.5892666001243868,0.5892666001243868,1.0,0.0,0.0,0.0,0.0,0.0,1.0,,0.680374139046174,1.7367999576801885,0.9748883928571429,1.745504297282692,3.719129033776663,4.729773416566501,0.38459290942256624,,3840,737280,0.7199999999999999,0.0,0.0,0.0,0.0,0,1.0,0.0,7.925,1.0,0.0,0.0,0.0,0.075,0.2918086727890568,159.31065457603924,1.1622550410684198,no_change,0.26320004231981153,0.02488839285714295,0.5892666001243868,0.5892666001243868,0.5892666001243868,0.5892666001243868
flocking_robust_active,23,0.6562709327201229,0.6562709327201229,1.0,0.5901215675279502,0.5901215675279502,1.0,0.0,0.0,0.0,0.0,0.0,1.0,,0.6542845456163345,1.6367774680023917,0.978125,1.6195281302512299,3.72671618717891,4.735470863538092,0.36392226256675286,,3840,737280,0.7199999999999999,0.0,0.0,0.0,0.0,0,1.0,0.0,7.95,1.0,0.0,0.0,0.0,0.05,0.27926791128142403,136.0102692800967,1.1729189581237733,no_change,0.36322253199760834,0.028125000000000067,0.5901215675279502,0.5901215675279502,0.5901215675279502,0.5901215675279502
flocking_robust_active,24,0.6838206641623781,0.6823056988043333,0.99609375,0.5995101758986164,0.5995101758986164,1.0,0.0,0.0,0.0,0.0,0.0,0.9953125,1,0.6829796632492307,1.8231933347842109,0.9533482142857143,1.6387011460618246,3.739639686592716,4.782548215296258,0.3414214202854651,,3840,737280,0.7199999999999999,0.0,0.0,0.0,0.0,0,1.00625,0.00625,7.95625,0.99765625,0.00234375,0.0,0.0,0.025,0.31275057856106375,92.73536216021763,1.180554708931595,no_change,0.17680666521578914,0.0033482142857143016,0.5995101758986164,0.5995101758986164,0.5995101758986164,0.5995101758986164
flocking_robust_active,25,0.6689066458342204,0.6689066458342204,1.0,0.5932033323013937,0.5932033323013937,1.0,0.0,0.0,0.0,0.0,0.0,1.0,,0.6941986568850684,1.8423100102383745,0.9620535714285715,1.778247878914063,3.7216820605661853,4.672684905814558,0.37525917567576583,,3840,737280,0.7199999999999999,0.0,0.0,0.0,0.0,0,1.0,0.0,7.8375,1.0,0.0,0.0,0.0,0.1625,0.3173661431114865,160.69186539920952,1.1390564579050988,no_change,0.15768998976162552,0.012053571428571552,0.5932033323013937,0.5932033323013937,0.5932033323013937,0.5932033323013937
flocking_robust_active,26,0.6475380727449889,0.6475380727449889,1.0,0.5720313201771228,0.5720313201771228,1.0,0.0,0.0,0.0,0.0,0.0,1.0,,0.6571381198624956,1.5677503123858163,0.98515625,1.550305351151026,3.706758743173667,4.747121649127165,0.4460354037418785,,3840,737280,0.7199999999999999,0.0,0.0,0.0,0.0,0,1.0,0.0,7.90625,1.0,0.0,0.0,0.0,0.09375,0.29784800101817144,182.7513928208892,1.1594529999420047,no_change,0.4322496876141837,0.03515625,0.5720313201771228,0.5720313201771228,0.5720313201771228,0.5720313201771228
flocking_robust_active,27,0.6001992730477433,0.6001992730477433,1.0,0.5399985836745054,0.5399985836745054,1.0,0.0,0.0,0.0,0.0,0.0,1.0,,0.6163801511902789,1.4419283554682678,0.98203125,1.6107970166976422,3.730813861431635,4.745851978000198,0.34099538493255255,,3840,737280,0.7199999999999999,0.0,0.0,0.0,0.0,0,1.0,0.0,7.98125,1.0,0.0,0.0,0.0,0.01875,0.29502947622631437,133.8323478462047,1.1887175419833511,no_change,0.5580716445317322,0.03203125000000007,0.5399985836745054,0.5399985836745054,0.5399985836745054,0.5399985836745054
flocking_robust_active,28,0.6148611091229894,0.6148611091229894,1.0,0.5466588446219063,0.5466588446219063,1.0,0.0,0.0,0.0,0.0,0.0,1.0,,0.6302965175659525,1.5024629210955553,0.9880580357142857,1.6359204163029983,3.7266714146911086,4.703763806981435,0.38424754510756853,,3840,737280,0.7199999999999999,0.0,0.0,0.0,0.0,0,1.0,0.0,7.8875,1.0,0.0,0.0,0.0,0.1125,0.2827491172565663,142.87651371893702,1.149615041911602,no_change,0.49753707890444465,0.03805803571428579,0.5466588446219063,0.5466588446219063,0.5466588446219063,0.5466588446219063
flocking_robust_active,29,0.6063534787328724,0.6063534787328724,1.0,0.5277692531708811,0.5277692531708811,1.0,0.0,0.0,0.0,0.0,0.0,1.0,,0.6360263982127162,1.5203090789821592,0.9728794642857143,1.687953311472652,3.7224354629570504,4.716277698942086,0.38310417724069373,,3840,737280,0.7199999999999999,0.0,0.0,0.0,0.0,0,1.0,0.0,7.90625,1.0,0.0,0.0,0.0,0.09375,0.29459731441046727,156.89802992055624,1.1652987911365926,no_change,0.47969092101784083,0.0228794642857143,0.5277692531708811,0.5277692531708811,0.5277692531708811,0.5277692531708811
flocking_robust_multiflock,0,0.645037331085041,0.645037331085041,1.0,0.5574591033666575,0.5574591033666575,1.0,0.0,0.0,0.0,0.0,0.0,1.0,,0.6926770809761447,1.6712931977705303,0.9658482142857142,1.7064851795859728,3.6855308777955083,4.5163408072383175,0.5107290767948904,1,3295,632640,0.7199999999999999,0.0,0.0,0.0,0.0,0,1.0,0.0,7.8875,1.0,0.0,0.0,0.0,0.1125,0.3165474522959948,220.20475857954085,1.0634161250200123,mixed_dropout,0.3287068022294697,0.015848214285714257,0.5574591033666575,0.5574591033666575,0.5574591033666575,0.5574591033666575
flocking_robust_multiflock,1,0.6657630591763173,0.6657630591763173,1.0,0.5875781388340735,0.5875781388340735,1.0,0.0,0.0,0.0,0.0,0.0,1.0,,0.6950457780635176,1.7227449191905744,0.9584821428571428,1.7582495182491797,3.7175356359921863,4.547634294728892,0.45794342272955585,5,3258,625536,0.7199999999999999,0.0,0.0,0.0,0.0,0,1.0,0.0,7.96875,1.0,0.0,0.0,0.0,0.03125,0.2910132110168582,177.99313281760283,1.0780376659240574,mixed_dropout,0.2772550808094256,0.008482142857142883,0.5875781388340735,0.5875781388340735,0.5875781388340735,0.5875781388340735
flocking_robust_multiflock,2,0.711586020825063,0.711586020825063,1.0,0.6407499824027958,0.6407499824027958,1.0,0.0,0.0,0.0,0.0,0.0,1.0,,0.7073337948527971,1.8070450029670084,0.9614955357142858,1.7702273915813431,3.717221491834846,4.531894389820268,0.5177516509423586,1,3271,628032,0.7199999999999999,0.0,0.0,0.0,0.0,0,1.0,0.0,7.96875,1.0,0.0,0.0,0.0,0.03125,0.2952290893280159,182.7117890821465,1.0795154999941587,mixed_dropout,0.19295499703299157,0.011495535714285854,0.6407499824027958,0.6407499824027958,0.6407499824027958,0.6407499824027958
flocking_robust_multiflock,3,0.6818438946999001,0.6818438946999001,1.0,0.6076210680471507,0.6076210680471507,1.0,0.0,0.0,0.0,0.0,0.0,1.0,,0.6916179074932578,1.6917893498750125,0.9756696428571429,1.792319104971775,3.6976589092330143,4.5130702656646555,0.5008047359909286,0,3268,627456,0.7199999999999999,0.0,0.0,0.0,0.0,0,1.0,0.0,7.94375,1.0,0.0,0.0,0.0,0.05625,0.2955211366598731,202.81493950436234,1.0724676670506597,mixed_dropout,0.3082106501249875,0.025669642857142905,0.6076210680471507,0.6076210680471507,0.6076210680471507,0.6076210680471507
flocking_robust_multiflock,4,0.667660471407313,0.667660471407313,1.0,0.6018962856135474,0.6018962856135474,1.0,0.0,0.0,0.0,0.0,0.0,1.0,,0.6973545775218646,1.7485458479349063,0.98125,1.652779175211058,3.7001090473748723,4.53138349486219,0.5070526332986669,0,3237,621504,0.7199999999999999,0.0,0.0,0.0,0.0,0,1.0,0.0,7.96875,1.0,0.0,0.0,0.0,0.03125,0.2721593928389156,209.60798206195184,1.0640743339899927,mixed_dropout,0.2514541520650937,0.03125,0.6018962856135474,0.6018962856135474,0.6018962856135474,0.6018962856135474
flocking_robust_multiflock,5,0.7030697883366807,0.7030697883366807,1.0,0.6208763382689294,0.6208763382689294,1.0,0.0,0.0,0.0,0.0,0.0,1.0,,0.7164954247358976,1.8348666742957689,0.9484375,1.736129365644159,3.714878346321862,4.5564634991883635,0.4646555510493112,3,3288,631296,0.7199999999999999,0.0,0.0,0.0,0.0,0,1.0,0.0,7.98125,1.0,0.0,0.0,0.0,0.01875,0.2849873671575775,173.85625195128486,1.081166457850486,mixed_dropout,0.16513332570423112,0.0015624999999999112,0.6208763382689294,0.6208763382689294,0.6208763382689294,0.6208763382689294
flocking_robust_multiflock,6,0.6448405767941128,0.6448405767941128,1.0,0.5625670669592484,0.5625670669592484,1.0,0.0,0.0,0.0,0.0,0.0,1.0,,0.6710814830196905,1.617695911965625,0.965625,1.715970363038401,3.690748743720429,4.502911782607199,0.5248930569543199,1,3227,619584,0.7199999999999999,0.0,0.0,0.0,0.0,0,1.0,0.0,7.975,1.0,0.0,0.0,0.0,0.025,0.2996502044997119,211.13910150352405,1.068954166956246,mixed_dropout,0.3823040880343751,0.015625,0.5625670669592484,0.5625670669592484,0.5625670669592484,0.5625670669592484
flocking_robust_multiflock,7,0.7320132282808944,0.7320132282808944,1.0,0.6439486084912329,0.6439486084912329,1.0,0.0,0.0,0.0,0.0,0.0,1.0,,0.7284495305945211,1.967926085364938,0.9511160714285716,1.8232918934450502,3.733544433311942,4.488384980651828,0.4369674534484269,4,3296,632832,0.7199999999999999,0.0,0.0,0.0,0.0,0,1.0,0.0,7.98125,1.0,0.0,0.0,0.0,0.01875,0.28382949372332256,151.14152969449222,1.0808051251806319,mixed_dropout,0.03207391463506193,0.001116071428571619,0.6439486084912329,0.6439486084912329,0.6439486084912329,0.6439486084912329
flocking_robust_multiflock,8,0.7017424567675499,0.7017424567675499,1.0,0.6147230133254385,0.6147230133254385,1.0,0.0,0.0,0.0,0.0,0.0,1.0,,0.7122543774412633,1.8377601070991703,0.95,1.7665623603669196,3.7127616585146987,4.555276588040966,0.506794599269686,4,3306,634752,0.7199999999999999,0.0,0.0,0.0,0.0,0,1.0,0.0,7.99375,1.0,0.0,0.0,0.0,0.00625,0.2898675683995375,192.43433941515346,1.0849295421503484,mixed_dropout,0.16223989290082974,0.0,0.6147230133254385,0.6147230133254385,0.6147230133254385,0.6147230133254385
flocking_robust_multiflock,9,0.6872407626532712,0.6872407626532712,1.0,0.5986542809583397,0.5986542809583397,1.0,0.0,0.0,0.0,0.0,0.0,1.0,,0.7152796127163527,1.7763955671487721,0.96875,1.848370692766067,3.6748846749126303,4.416776727492783,0.525151670968002,6,3206,615552,0.7199999999999999,0.0,0.0,0.0,0.0,0,1.0,0.0,7.90625,1.0,0.0,0.00625,0.00625,0.09375,0.31535074816913167,226.35970263913396,1.0511105838231742,mixed_dropout,0.22360443285122789,0.018750000000000044,0.5986542809583397,0.5986542809583397,0.5986542809583397,0.5986542809583397
flocking_robust_multiflock,10,0.6787639845805824,0.6787639845805824,1.0,0.5883783153083175,0.5883783153083175,1.0,0.0,0.0,0.0,0.0,0.0,1.0,,0.6806206155371912,1.6808605964876364,0.9578125,1.664738769736139,3.7276177460847153,4.53149912564236,0.5106560714552228,3,3260,625920,0.7199999999999999,0.0,0.0,0.0,0.0,0,1.0,0.0,7.96875,1.0,0.0,0.0,0.0,0.03125,0.2830348499040727,155.0956900014003,1.0768420840613544,mixed_dropout,0.3191394035123636,0.0078125,0.5883783153083175,0.5883783153083175,0.5883783153083175,0.5883783153083175
flocking_robust_multiflock,11,0.6321829616030756,0.6321829616030756,1.0,0.5459490444980324,0.5459490444980324,1.0,0.0,0.0,0.0,0.0,0.0,1.0,,0.6746461487280494,1.5985962437214616,0.96953125,1.7854656222502032,3.70679926040086,4.499909539080383,0.47631684173883704,1,3231,620352,0.7199999999999999,0.0,0.0,0.0,0.0,0,1.0,0.0,7.94375,1.0,0.0,0.0,0.0,0.05625,0.29492376259367503,197.8839370486487,1.0626948750577867,mixed_dropout,0.4014037562785384,0.01953125,0.5459490444980324,0.5459490444980324,0.5459490444980324,0.5459490444980324
flocking_robust_multiflock,12,0.6467808978599,0.6467808978599,1.0,0.5834467479892733,0.5834467479892733,1.0,0.0,0.0,0.0,0.0,0.0,1.0,,0.6770820046799646,1.6303799350954016,0.975,1.7297423304714754,3.7049584439841707,4.535720125527744,0.5111757119741507,0,3286,630912,0.7199999999999999,0.0,0.0,0.0,0.0,0,1.0,0.0,7.94375,1.0,0.0,0.0,0.0,0.05625,0.28415824500221165,197.0839724315958,1.0697242501191795,mixed_dropout,0.3696200649045984,0.025000000000000022,0.5834467479892733,0.5834467479892733,0.5834467479892733,0.5834467479892733
flocking_robust_multiflock,13,0.7016927078451225,0.7016927078451225,1.0,0.6276302726706294,0.6276302726706294,1.0,0.0,0.0,0.0,0.0,0.0,1.0,,0.715053682268945,1.796857906231279,0.98203125,1.8691973573856415,3.6898208173771763,4.555756978429622,0.5404067030486537,4,3261,626112,0.7199999999999999,0.0,0.0,0.0,0.0,0,1.0,0.0,7.95,1.0,0.0,0.0,0.0,0.05,0.29657715111871463,220.93949287624733,1.0744885841850191,mixed_dropout,0.20314209376872094,0.03203125000000007,0.6276302726706294,0.6276302726706294,0.6276302726706294,0.6276302726706294
flocking_robust_multiflock,14,0.6584987765055444,0.6584987765055444,1.0,0.5812291170098015,0.5812291170098015,1.0,0.0,0.0,0.0,0.0,0.0,1.0,,0.6659240698404519,1.5934274444635612,0.9700892857142858,1.7248498878627239,3.705674506630017,4.531027218518534,0.49681140709034954,0,3276,628992,0.7199999999999999,0.0,0.0,0.0,0.0,0,1.0,0.0,7.95,1.0,0.0,0.0,0.0,0.05,0.29841769895745374,199.27309941521833,1.060108750127256,mixed_dropout,0.4065725555364388,0.02008928571428581,0.5812291170098015,0.5812291170098015,0.5812291170098015,0.5812291170098015
flocking_robust_multiflock,15,0.6347492515708391,0.6347492515708391,1.0,0.5618984742084635,0.5618984742084635,1.0,0.0,0.0,0.0,0.0,0.0,1.0,,0.6850867848735894,1.655966719125986,0.96796875,1.74548880898882,3.697574552792898,4.4841076093553,0.5450329483895846,0,3282,630144,0.7199999999999999,0.0,0.0,0.0,0.0,0,1.0,0.0,7.91875,1.0,0.0,0.0,0.0,0.08125,0.30069557005342057,214.76215899043333,1.0487593340221792,mixed_dropout,0.3440332808740141,0.01796875000000009,0.5618984742084635,0.5618984742084635,0.5618984742084635,0.5618984742084635
flocking_robust_multiflock,16,0.6573938160407072,0.6573938160407072,1.0,0.5885969763588996,0.5885969763588996,1.0,0.0,0.0,0.0,0.0,0.0,1.0,,0.6739166536097948,1.5986787436806402,0.9890625,1.8329875221285434,3.700051435700936,4.52569414118354,0.5019574524778451,0,3290,631680,0.7199999999999999,0.0,0.0,0.0,0.0,0,1.0,0.0,7.93125,1.0,0.0,0.0,0.0,0.06875,0.2992856223885379,211.11302159924554,1.0517597917933017,mixed_dropout,0.4013212563193598,0.0390625,0.5885969763588996,0.5885969763588996,0.5885969763588996,0.5885969763588996
flocking_robust_multiflock,17,0.7053875080661328,0.7053875080661328,1.0,0.6267630395940575,0.6267630395940575,1.0,0.0,0.0,0.0,0.0,0.0,1.0,,0.713907684296645,1.8115053520691329,0.9668526785714284,1.7741080873123067,3.718812780143827,4.549141526538753,0.5089204697161593,0,3259,625728,0.7199999999999999,0.0,0.0,0.0,0.0,0,1.0,0.0,7.9125,1.0,0.0,0.0,0.0,0.0875,0.2960533207684085,176.75787151003618,1.0456974999979138,mixed_dropout,0.18849464793086712,0.01685267857142847,0.6267630395940575,0.6267630395940575,0.6267630395940575,0.6267630395940575
flocking_robust_multiflock,18,0.594750873413774,0.594750873413774,1.0,0.5231640825203456,0.5231640825203456,1.0,0.0,0.0,0.0,0.0,0.0,1.0,,0.626850966341366,1.3969823104363943,0.9854910714285715,1.7680373211632994,3.7112449842690425,4.541417052946365,0.44985829596743254,0,3267,627264,0.7199999999999999,0.0,0.0,0.0,0.0,0,1.0,0.0,7.94375,1.0,0.0,0.0,0.0,0.05625,0.28847152336837073,184.06441313050323,1.0776240827981383,mixed_dropout,0.6030176895636057,0.03549107142857155,0.5231640825203456,0.5231640825203456,0.5231640825203456,0.5231640825203456
flocking_robust_multiflock,19,0.6851326482186976,0.6851326482186976,1.0,0.6063966874387532,0.6063966874387532,1.0,0.0,0.0,0.0,0.0,0.0,1.0,,0.7026241160919711,1.7616442339656768,0.9629464285714286,1.758015527241978,3.699827208266619,4.510310277709193,0.5029540057571293,1,3271,628032,0.7199999999999999,0.0,0.0,0.0,0.0,0,1.0,0.0,7.89375,1.0,0.0,0.0,0.0,0.10625,0.3001096836862229,201.82650020446732,1.0681262919679284,mixed_dropout,0.23835576603432318,0.012946428571428692,0.6063966874387532,0.6063966874387532,0.6063966874387532,0.6063966874387532
flocking_robust_multiflock,20,0.6392868865407811,0.6392868865407811,1.0,0.5667121888417015,0.5667121888417015,1.0,0.0,0.0,0.0,0.0,0.0,1.0,,0.6573081426546242,1.5549241785128616,0.97890625,1.6194411572784368,3.7301253120948346,4.473630333780113,0.4718568822860668,3,3267,627264,0.7199999999999999,0.0,0.0,0.0,0.0,0,1.0,0.0,7.90625,1.0,0.0,0.0,0.0,0.09375,0.29696393668037935,159.93992499158492,1.069076833082363,mixed_dropout,0.4450758214871384,0.028906250000000022,0.5667121888417015,0.5667121888417015,0.5667121888417015,0.5667121888417015
flocking_robust_multiflock,21,0.6774049515687917,0.6774049515687917,1.0,0.5968839048611768,0.5968839048611768,1.0,0.0,0.0,0.0,0.0,0.0,1.0,,0.684649763452397,1.688374953034884,0.9638392857142858,1.700343333680894,3.71592063252285,4.57642438488036,0.4771769927238715,1,3312,635904,0.7199999999999999,0.0,0.0,0.0,0.0,0,1.0,0.0,7.925,1.0,0.0,0.0,0.0,0.075,0.2828534548757574,174.50466441447045,1.0703963749110699,mixed_dropout,0.31162504696511606,0.013839285714285832,0.5968839048611768,0.5968839048611768,0.5968839048611768,0.5968839048611768
flocking_robust_multiflock,22,0.714987686098493,0.714987686098493,1.0,0.6310640128213676,0.6310640128213676,1.0,0.0,0.0,0.0,0.0,0.0,1.0,,0.7383999919370409,1.8882656668127211,0.95,1.754245982998554,3.6843553712957204,4.539315836032443,0.5110687368377989,1,3269,627648,0.7199999999999999,0.0,0.0,0.0,0.0,0,1.0,0.0,7.96875,1.0,0.0,0.0,0.0,0.03125,0.2964922018158934,235.04455573390706,1.0749932499602437,mixed_dropout,0.11173433318727888,0.0,0.6310640128213676,0.6310640128213676,0.6310640128213676,0.6310640128213676
flocking_robust_multiflock,23,0.620993657730775,0.620993657730775,1.0,0.5509626071767115,0.5509626071767115,1.0,0.0,0.0,0.0,0.0,0.0,1.0,,0.6308278098075529,1.4233276409937334,0.99453125,1.649147672061002,3.7186801092196853,4.557749879311489,0.4536401722550044,0,3300,633600,0.7199999999999999,0.0,0.0,0.0,0.0,0,1.0,0.0,7.95625,1.0,0.0,0.0,0.0,0.04375,0.2739286465611016,176.41113924973004,1.081208375049755,mixed_dropout,0.5766723590062666,0.04453125000000002,0.5509626071767115,0.5509626071767115,0.5509626071767115,0.5509626071767115
flocking_robust_multiflock,24,0.666559983723881,0.666559983723881,1.0,0.5908726906493336,0.5908726906493336,1.0,0.0,0.0,0.0,0.0,0.0,1.0,,0.7194645580663905,1.8577107066451315,0.9578125,1.7211417318630804,3.726642938243453,4.533637395377026,0.45785568223110573,2,3238,621696,0.7199999999999999,0.0,0.0,0.0,0.0,0,1.0,0.0,7.9625,1.0,0.0,0.0,0.0,0.0375,0.30977451423664765,167.470059530769,1.0657830408308655,mixed_dropout,0.1422892933548685,0.0078125,0.5908726906493336,0.5908726906493336,0.5908726906493336,0.5908726906493336
flocking_robust_multiflock,25,0.7604504543977295,0.7604504543977295,1.0,0.6729824692401289,0.6729824692401289,1.0,0.0,0.0,0.0,0.0,0.0,1.0,,0.7717543550617387,2.101097139816847,0.9431547619047619,1.8407059341881862,3.6945604493793347,4.4985873459501615,0.49871121334503615,3,3222,618624,0.7199999999999999,0.0,0.0,0.0,0.0,0,1.0,0.0,7.86875,1.0,0.0,0.0,0.0,0.13125,0.3221560684422048,216.8141199187901,1.039437416009605,mixed_dropout,0.1010971398168472,0.006845238095238071,0.6729824692401289,0.6729824692401289,0.6729824692401289,0.6729824692401289
flocking_robust_multiflock,26,0.6806704534608775,0.6806704534608775,1.0,0.6039160519286366,0.6039160519286366,1.0,0.0,0.0,0.0,0.0,0.0,1.0,,0.6840829567271177,1.654654180350936,0.97265625,1.6904708281074143,3.702321880648735,4.546745632407789,0.4630460769836112,0,3280,629760,0.7199999999999999,0.0,0.0,0.0,0.0,0,1.0,0.0,7.94375,1.0,0.0,0.0,0.0,0.05625,0.2940729771898305,209.27496422173445,1.0563582910690457,mixed_dropout,0.34534581964906397,0.022656250000000044,0.6039160519286366,0.6039160519286366,0.6039160519286366,0.6039160519286366
flocking_robust_multiflock,27,0.6562943884659492,0.6562943884659492,1.0,0.5750122617646617,0.5750122617646617,1.0,0.0,0.0,0.0,0.0,0.0,1.0,,0.6828850765915202,1.6554436559938488,0.9671875,1.7392424769385215,3.7202252079471947,4.528549276190626,0.49814671105340613,3,3294,632448,0.7199999999999999,0.0,0.0,0.0,0.0,0,1.0,0.0,7.93125,1.0,0.0,0.0,0.0,0.06875,0.3035410571748361,183.58982083103203,1.0607229170855135,mixed_dropout,0.3445563440061512,0.017187500000000022,0.5750122617646617,0.5750122617646617,0.5750122617646617,0.5750122617646617
flocking_robust_multiflock,28,0.6752412593448053,0.6752412593448053,1.0,0.5643754334986277,0.5643754334986277,1.0,0.0,0.0,0.0,0.0,0.0,1.0,,0.7115533966581725,1.7916515348408215,0.9541294642857142,1.7729024667675042,3.703896779222961,4.480262736942158,0.4935328272175372,9,3215,617280,0.7199999999999999,0.0,0.0,0.0,0.0,0,1.0,0.0,7.9375,1.0,0.0,0.0,0.0,0.0625,0.2836352416285627,203.043250641799,1.0637968329247087,mixed_dropout,0.2083484651591785,0.004129464285714257,0.5643754334986277,0.5643754334986277,0.5643754334986277,0.5643754334986277
flocking_robust_multiflock,29,0.6309779813841933,0.6309779813841933,1.0,0.549231981968138,0.549231981968138,1.0,0.0,0.0,0.0,0.0,0.0,1.0,,0.6623786758438246,1.55362874015707,0.9748883928571429,1.7235396513404264,3.7024661664452694,4.535097158639344,0.4898365226198241,1,3242,622464,0.7199999999999999,0.0,0.0,0.0,0.0,0,1.0,0.0,7.93125,1.0,0.0,0.0,0.0,0.06875,0.30206490888148224,204.32882736293973,1.0585970832034945,mixed_dropout,0.4463712598429299,0.02488839285714295,0.549231981968138,0.549231981968138,0.549231981968138,0.549231981968138
flocking_robust_temporal,0,0.645037331085041,0.645037331085041,1.0,0.5574591033666575,0.5574591033666575,1.0,0.0,0.0,0.0,0.0,0.0,1.0,,0.6926770809761447,1.6712931977705303,0.9658482142857142,1.7064851795859728,3.6855308777955083,4.5163408072383175,0.5107290767948904,1,3295,632640,0.7199999999999999,0.0,0.0,0.0,0.0,0,1.0,0.0,7.8875,1.0,0.0,0.0,0.0,0.1125,0.3165474522959948,220.20475857954085,1.0569299161434174,mixed_dropout,0.3287068022294697,0.015848214285714257,0.5574591033666575,0.5574591033666575,0.5574591033666575,0.5574591033666575
flocking_robust_temporal,1,0.6657630591763173,0.6657630591763173,1.0,0.5875781388340735,0.5875781388340735,1.0,0.0,0.0,0.0,0.0,0.0,1.0,,0.6950457780635176,1.7227449191905744,0.9584821428571428,1.7582495182491797,3.7175356359921863,4.547634294728892,0.45794342272955585,5,3258,625536,0.7199999999999999,0.0,0.0,0.0,0.0,0,1.0,0.0,7.96875,1.0,0.0,0.0,0.0,0.03125,0.2910132110168582,177.99313281760283,1.0734367079567164,mixed_dropout,0.2772550808094256,0.008482142857142883,0.5875781388340735,0.5875781388340735,0.5875781388340735,0.5875781388340735
flocking_robust_temporal,2,0.711586020825063,0.711586020825063,1.0,0.6407499824027958,0.6407499824027958,1.0,0.0,0.0,0.0,0.0,0.0,1.0,,0.7073337948527971,1.8070450029670084,0.9614955357142858,1.7702273915813431,3.717221491834846,4.531894389820268,0.5177516509423586,1,3271,628032,0.7199999999999999,0.0,0.0,0.0,0.0,0,1.0,0.0,7.96875,1.0,0.0,0.0,0.0,0.03125,0.2952290893280159,182.7117890821465,1.072963166050613,mixed_dropout,0.19295499703299157,0.011495535714285854,0.6407499824027958,0.6407499824027958,0.6407499824027958,0.6407499824027958
flocking_robust_temporal,3,0.6818438946999001,0.6818438946999001,1.0,0.6076210680471507,0.6076210680471507,1.0,0.0,0.0,0.0,0.0,0.0,1.0,,0.6916179074932578,1.6917893498750125,0.9756696428571429,1.792319104971775,3.6976589092330143,4.5130702656646555,0.5008047359909286,0,3268,627456,0.7199999999999999,0.0,0.0,0.0,0.0,0,1.0,0.0,7.94375,1.0,0.0,0.0,0.0,0.05625,0.2955211366598731,202.81493950436234,1.0581658331211656,mixed_dropout,0.3082106501249875,0.025669642857142905,0.6076210680471507,0.6076210680471507,0.6076210680471507,0.6076210680471507
flocking_robust_temporal,4,0.667660471407313,0.667660471407313,1.0,0.6018962856135474,0.6018962856135474,1.0,0.0,0.0,0.0,0.0,0.0,1.0,,0.6973545775218646,1.7485458479349063,0.98125,1.652779175211058,3.7001090473748723,4.53138349486219,0.5070526332986669,0,3237,621504,0.7199999999999999,0.0,0.0,0.0,0.0,0,1.0,0.0,7.96875,1.0,0.0,0.0,0.0,0.03125,0.2721593928389156,209.60798206195184,1.064326916821301,mixed_dropout,0.2514541520650937,0.03125,0.6018962856135474,0.6018962856135474,0.6018962856135474,0.6018962856135474
flocking_robust_temporal,5,0.7030697883366807,0.7030697883366807,1.0,0.6208763382689294,0.6208763382689294,1.0,0.0,0.0,0.0,0.0,0.0,1.0,,0.7164954247358976,1.8348666742957689,0.9484375,1.736129365644159,3.714878346321862,4.5564634991883635,0.4646555510493112,3,3288,631296,0.7199999999999999,0.0,0.0,0.0,0.0,0,1.0,0.0,7.98125,1.0,0.0,0.0,0.0,0.01875,0.2849873671575775,173.85625195128486,1.0792783331125975,mixed_dropout,0.16513332570423112,0.0015624999999999112,0.6208763382689294,0.6208763382689294,0.6208763382689294,0.6208763382689294
flocking_robust_temporal,6,0.6448405767941128,0.6448405767941128,1.0,0.5625670669592484,0.5625670669592484,1.0,0.0,0.0,0.0,0.0,0.0,1.0,,0.6710814830196905,1.617695911965625,0.965625,1.715970363038401,3.690748743720429,4.502911782607199,0.5248930569543199,1,3227,619584,0.7199999999999999,0.0,0.0,0.0,0.0,0,1.0,0.0,7.975,1.0,0.0,0.0,0.0,0.025,0.2996502044997119,211.13910150352405,1.0642340411432087,mixed_dropout,0.3823040880343751,0.015625,0.5625670669592484,0.5625670669592484,0.5625670669592484,0.5625670669592484
flocking_robust_temporal,7,0.7320132282808944,0.7320132282808944,1.0,0.6439486084912329,0.6439486084912329,1.0,0.0,0.0,0.0,0.0,0.0,1.0,,0.7284495305945211,1.967926085364938,0.9511160714285716,1.8232918934450502,3.733544433311942,4.488384980651828,0.4369674534484269,4,3296,632832,0.7199999999999999,0.0,0.0,0.0,0.0,0,1.0,0.0,7.98125,1.0,0.0,0.0,0.0,0.01875,0.28382949372332256,151.14152969449222,1.0736570418812335,mixed_dropout,0.03207391463506193,0.001116071428571619,0.6439486084912329,0.6439486084912329,0.6439486084912329,0.6439486084912329
flocking_robust_temporal,8,0.7017424567675499,0.7017424567675499,1.0,0.6147230133254385,0.6147230133254385,1.0,0.0,0.0,0.0,0.0,0.0,1.0,,0.7122543774412633,1.8377601070991703,0.95,1.7665623603669196,3.7127616585146987,4.555276588040966,0.506794599269686,4,3306,634752,0.7199999999999999,0.0,0.0,0.0,0.0,0,1.0,0.0,7.99375,1.0,0.0,0.0,0.0,0.00625,0.2898675683995375,192.43433941515346,1.0785342920571566,mixed_dropout,0.16223989290082974,0.0,0.6147230133254385,0.6147230133254385,0.6147230133254385,0.6147230133254385
flocking_robust_temporal,9,0.6872407626532712,0.6872407626532712,1.0,0.5986542809583397,0.5986542809583397,1.0,0.0,0.0,0.0,0.0,0.0,1.0,,0.7152796127163527,1.7763955671487721,0.96875,1.848370692766067,3.6748846749126303,4.416776727492783,0.525151670968002,6,3206,615552,0.7199999999999999,0.0,0.0,0.0,0.0,0,1.0,0.0,7.90625,1.0,0.0,0.00625,0.00625,0.09375,0.31535074816913167,226.35970263913396,1.0595029168762267,mixed_dropout,0.22360443285122789,0.018750000000000044,0.5986542809583397,0.5986542809583397,0.5986542809583397,0.5986542809583397
flocking_robust_temporal,10,0.6787639845805824,0.6787639845805824,1.0,0.5883783153083175,0.5883783153083175,1.0,0.0,0.0,0.0,0.0,0.0,1.0,,0.6806206155371912,1.6808605964876364,0.9578125,1.664738769736139,3.7276177460847153,4.53149912564236,0.5106560714552228,3,3260,625920,0.7199999999999999,0.0,0.0,0.0,0.0,0,1.0,0.0,7.96875,1.0,0.0,0.0,0.0,0.03125,0.2830348499040727,155.0956900014003,1.08129325020127,mixed_dropout,0.3191394035123636,0.0078125,0.5883783153083175,0.5883783153083175,0.5883783153083175,0.5883783153083175
flocking_robust_temporal,11,0.6321829616030756,0.6321829616030756,1.0,0.5459490444980324,0.5459490444980324,1.0,0.0,0.0,0.0,0.0,0.0,1.0,,0.6746461487280494,1.5985962437214616,0.96953125,1.7854656222502032,3.70679926040086,4.499909539080383,0.47631684173883704,1,3231,620352,0.7199999999999999,0.0,0.0,0.0,0.0,0,1.0,0.0,7.94375,1.0,0.0,0.0,0.0,0.05625,0.29492376259367503,197.8839370486487,1.059973333030939,mixed_dropout,0.4014037562785384,0.01953125,0.5459490444980324,0.5459490444980324,0.5459490444980324,0.5459490444980324
flocking_robust_temporal,12,0.6467808978599,0.6467808978599,1.0,0.5834467479892733,0.5834467479892733,1.0,0.0,0.0,0.0,0.0,0.0,1.0,,0.6770820046799646,1.6303799350954016,0.975,1.7297423304714754,3.7049584439841707,4.535720125527744,0.5111757119741507,0,3286,630912,0.7199999999999999,0.0,0.0,0.0,0.0,0,1.0,0.0,7.94375,1.0,0.0,0.0,0.0,0.05625,0.28415824500221165,197.0839724315958,1.061079417122528,mixed_dropout,0.3696200649045984,0.025000000000000022,0.5834467479892733,0.5834467479892733,0.5834467479892733,0.5834467479892733
flocking_robust_temporal,13,0.7016927078451225,0.7016927078451225,1.0,0.6276302726706294,0.6276302726706294,1.0,0.0,0.0,0.0,0.0,0.0,1.0,,0.715053682268945,1.796857906231279,0.98203125,1.8691973573856415,3.6898208173771763,4.555756978429622,0.5404067030486537,4,3261,626112,0.7199999999999999,0.0,0.0,0.0,0.0,0,1.0,0.0,7.95,1.0,0.0,0.0,0.0,0.05,0.29657715111871463,220.93949287624733,1.0588382498826832,mixed_dropout,0.20314209376872094,0.03203125000000007,0.6276302726706294,0.6276302726706294,0.6276302726706294,0.6276302726706294
flocking_robust_temporal,14,0.6584987765055444,0.6584987765055444,1.0,0.5812291170098015,0.5812291170098015,1.0,0.0,0.0,0.0,0.0,0.0,1.0,,0.6659240698404519,1.5934274444635612,0.9700892857142858,1.7248498878627239,3.705674506630017,4.531027218518534,0.49681140709034954,0,3276,628992,0.7199999999999999,0.0,0.0,0.0,0.0,0,1.0,0.0,7.95,1.0,0.0,0.0,0.0,0.05,0.29841769895745374,199.27309941521833,1.068850375013426,mixed_dropout,0.4065725555364388,0.02008928571428581,0.5812291170098015,0.5812291170098015,0.5812291170098015,0.5812291170098015
flocking_robust_temporal,15,0.6347492515708391,0.6347492515708391,1.0,0.5618984742084635,0.5618984742084635,1.0,0.0,0.0,0.0,0.0,0.0,1.0,,0.6850867848735894,1.655966719125986,0.96796875,1.74548880898882,3.697574552792898,4.4841076093553,0.5450329483895846,0,3282,630144,0.7199999999999999,0.0,0.0,0.0,0.0,0,1.0,0.0,7.91875,1.0,0.0,0.0,0.0,0.08125,0.30069557005342057,214.76215899043333,1.062209750059992,mixed_dropout,0.3440332808740141,0.01796875000000009,0.5618984742084635,0.5618984742084635,0.5618984742084635,0.5618984742084635
flocking_robust_temporal,16,0.6573938160407072,0.6573938160407072,1.0,0.5885969763588996,0.5885969763588996,1.0,0.0,0.0,0.0,0.0,0.0,1.0,,0.6739166536097948,1.5986787436806402,0.9890625,1.8329875221285434,3.700051435700936,4.52569414118354,0.5019574524778451,0,3290,631680,0.7199999999999999,0.0,0.0,0.0,0.0,0,1.0,0.0,7.93125,1.0,0.0,0.0,0.0,0.06875,0.2992856223885379,211.11302159924554,1.0717390410136431,mixed_dropout,0.4013212563193598,0.0390625,0.5885969763588996,0.5885969763588996,0.5885969763588996,0.5885969763588996
flocking_robust_temporal,17,0.7053875080661328,0.7053875080661328,1.0,0.6267630395940575,0.6267630395940575,1.0,0.0,0.0,0.0,0.0,0.0,1.0,,0.713907684296645,1.8115053520691329,0.9668526785714284,1.7741080873123067,3.718812780143827,4.549141526538753,0.5089204697161593,0,3259,625728,0.7199999999999999,0.0,0.0,0.0,0.0,0,1.0,0.0,7.9125,1.0,0.0,0.0,0.0,0.0875,0.2960533207684085,176.75787151003618,1.0543341671582311,mixed_dropout,0.18849464793086712,0.01685267857142847,0.6267630395940575,0.6267630395940575,0.6267630395940575,0.6267630395940575
flocking_robust_temporal,18,0.594750873413774,0.594750873413774,1.0,0.5231640825203456,0.5231640825203456,1.0,0.0,0.0,0.0,0.0,0.0,1.0,,0.626850966341366,1.3969823104363943,0.9854910714285715,1.7680373211632994,3.7112449842690425,4.541417052946365,0.44985829596743254,0,3267,627264,0.7199999999999999,0.0,0.0,0.0,0.0,0,1.0,0.0,7.94375,1.0,0.0,0.0,0.0,0.05625,0.28847152336837073,184.06441313050323,1.0797871251124889,mixed_dropout,0.6030176895636057,0.03549107142857155,0.5231640825203456,0.5231640825203456,0.5231640825203456,0.5231640825203456
flocking_robust_temporal,19,0.6851326482186976,0.6851326482186976,1.0,0.6063966874387532,0.6063966874387532,1.0,0.0,0.0,0.0,0.0,0.0,1.0,,0.7026241160919711,1.7616442339656768,0.9629464285714286,1.758015527241978,3.699827208266619,4.510310277709193,0.5029540057571293,1,3271,628032,0.7199999999999999,0.0,0.0,0.0,0.0,0,1.0,0.0,7.89375,1.0,0.0,0.0,0.0,0.10625,0.3001096836862229,201.82650020446732,1.0619178749620914,mixed_dropout,0.23835576603432318,0.012946428571428692,0.6063966874387532,0.6063966874387532,0.6063966874387532,0.6063966874387532
flocking_robust_temporal,20,0.6392868865407811,0.6392868865407811,1.0,0.5667121888417015,0.5667121888417015,1.0,0.0,0.0,0.0,0.0,0.0,1.0,,0.6573081426546242,1.5549241785128616,0.97890625,1.6194411572784368,3.7301253120948346,4.473630333780113,0.4718568822860668,3,3267,627264,0.7199999999999999,0.0,0.0,0.0,0.0,0,1.0,0.0,7.90625,1.0,0.0,0.0,0.0,0.09375,0.29696393668037935,159.93992499158492,1.0657036670017987,mixed_dropout,0.4450758214871384,0.028906250000000022,0.5667121888417015,0.5667121888417015,0.5667121888417015,0.5667121888417015
flocking_robust_temporal,21,0.6774049515687917,0.6774049515687917,1.0,0.5968839048611768,0.5968839048611768,1.0,0.0,0.0,0.0,0.0,0.0,1.0,,0.684649763452397,1.688374953034884,0.9638392857142858,1.700343333680894,3.71592063252285,4.57642438488036,0.4771769927238715,1,3312,635904,0.7199999999999999,0.0,0.0,0.0,0.0,0,1.0,0.0,7.925,1.0,0.0,0.0,0.0,0.075,0.2828534548757574,174.50466441447045,1.0804204170126468,mixed_dropout,0.31162504696511606,0.013839285714285832,0.5968839048611768,0.5968839048611768,0.5968839048611768,0.5968839048611768
flocking_robust_temporal,22,0.714987686098493,0.714987686098493,1.0,0.6310640128213676,0.6310640128213676,1.0,0.0,0.0,0.0,0.0,0.0,1.0,,0.7383999919370409,1.8882656668127211,0.95,1.754245982998554,3.6843553712957204,4.539315836032443,0.5110687368377989,1,3269,627648,0.7199999999999999,0.0,0.0,0.0,0.0,0,1.0,0.0,7.96875,1.0,0.0,0.0,0.0,0.03125,0.2964922018158934,235.04455573390706,1.0833496670238674,mixed_dropout,0.11173433318727888,0.0,0.6310640128213676,0.6310640128213676,0.6310640128213676,0.6310640128213676
flocking_robust_temporal,23,0.620993657730775,0.620993657730775,1.0,0.5509626071767115,0.5509626071767115,1.0,0.0,0.0,0.0,0.0,0.0,1.0,,0.6308278098075529,1.4233276409937334,0.99453125,1.649147672061002,3.7186801092196853,4.557749879311489,0.4536401722550044,0,3300,633600,0.7199999999999999,0.0,0.0,0.0,0.0,0,1.0,0.0,7.95625,1.0,0.0,0.0,0.0,0.04375,0.2739286465611016,176.41113924973004,1.0847420000936836,mixed_dropout,0.5766723590062666,0.04453125000000002,0.5509626071767115,0.5509626071767115,0.5509626071767115,0.5509626071767115
flocking_robust_temporal,24,0.666559983723881,0.666559983723881,1.0,0.5908726906493336,0.5908726906493336,1.0,0.0,0.0,0.0,0.0,0.0,1.0,,0.7194645580663905,1.8577107066451315,0.9578125,1.7211417318630804,3.726642938243453,4.533637395377026,0.45785568223110573,2,3238,621696,0.7199999999999999,0.0,0.0,0.0,0.0,0,1.0,0.0,7.9625,1.0,0.0,0.0,0.0,0.0375,0.30977451423664765,167.470059530769,1.0676935000810772,mixed_dropout,0.1422892933548685,0.0078125,0.5908726906493336,0.5908726906493336,0.5908726906493336,0.5908726906493336
flocking_robust_temporal,25,0.7604504543977295,0.7604504543977295,1.0,0.6729824692401289,0.6729824692401289,1.0,0.0,0.0,0.0,0.0,0.0,1.0,,0.7717543550617387,2.101097139816847,0.9431547619047619,1.8407059341881862,3.6945604493793347,4.4985873459501615,0.49871121334503615,3,3222,618624,0.7199999999999999,0.0,0.0,0.0,0.0,0,1.0,0.0,7.86875,1.0,0.0,0.0,0.0,0.13125,0.3221560684422048,216.8141199187901,1.042414333904162,mixed_dropout,0.1010971398168472,0.006845238095238071,0.6729824692401289,0.6729824692401289,0.6729824692401289,0.6729824692401289
flocking_robust_temporal,26,0.6806704534608775,0.6806704534608775,1.0,0.6039160519286366,0.6039160519286366,1.0,0.0,0.0,0.0,0.0,0.0,1.0,,0.6840829567271177,1.654654180350936,0.97265625,1.6904708281074143,3.702321880648735,4.546745632407789,0.4630460769836112,0,3280,629760,0.7199999999999999,0.0,0.0,0.0,0.0,0,1.0,0.0,7.94375,1.0,0.0,0.0,0.0,0.05625,0.2940729771898305,209.27496422173445,1.079666499979794,mixed_dropout,0.34534581964906397,0.022656250000000044,0.6039160519286366,0.6039160519286366,0.6039160519286366,0.6039160519286366
flocking_robust_temporal,27,0.6562943884659492,0.6562943884659492,1.0,0.5750122617646617,0.5750122617646617,1.0,0.0,0.0,0.0,0.0,0.0,1.0,,0.6828850765915202,1.6554436559938488,0.9671875,1.7392424769385215,3.7202252079471947,4.528549276190626,0.49814671105340613,3,3294,632448,0.7199999999999999,0.0,0.0,0.0,0.0,0,1.0,0.0,7.93125,1.0,0.0,0.0,0.0,0.06875,0.3035410571748361,183.58982083103203,1.0795901250094175,mixed_dropout,0.3445563440061512,0.017187500000000022,0.5750122617646617,0.5750122617646617,0.5750122617646617,0.5750122617646617
flocking_robust_temporal,28,0.6752412593448053,0.6752412593448053,1.0,0.5643754334986277,0.5643754334986277,1.0,0.0,0.0,0.0,0.0,0.0,1.0,,0.7115533966581725,1.7916515348408215,0.9541294642857142,1.7729024667675042,3.703896779222961,4.480262736942158,0.4935328272175372,9,3215,617280,0.7199999999999999,0.0,0.0,0.0,0.0,0,1.0,0.0,7.9375,1.0,0.0,0.0,0.0,0.0625,0.2836352416285627,203.043250641799,1.0513715839479119,mixed_dropout,0.2083484651591785,0.004129464285714257,0.5643754334986277,0.5643754334986277,0.5643754334986277,0.5643754334986277
flocking_robust_temporal,29,0.6309779813841933,0.6309779813841933,1.0,0.549231981968138,0.549231981968138,1.0,0.0,0.0,0.0,0.0,0.0,1.0,,0.6623786758438246,1.55362874015707,0.9748883928571429,1.7235396513404264,3.7024661664452694,4.535097158639344,0.4898365226198241,1,3242,622464,0.7199999999999999,0.0,0.0,0.0,0.0,0,1.0,0.0,7.93125,1.0,0.0,0.0,0.0,0.06875,0.30206490888148224,204.32882736293973,1.0578240000177175,mixed_dropout,0.4463712598429299,0.02488839285714295,0.549231981968138,0.549231981968138,0.549231981968138,0.549231981968138
flocking_robust_mixture,0,0.645037331085041,0.645037331085041,1.0,0.5574591033666575,0.5574591033666575,0.0,1.0,0.0,0.0,0.0,0.0,1.0,,0.6926770809761447,1.6712931977705303,0.9658482142857142,1.7064851795859728,3.6855308777955083,4.5163408072383175,0.5107290767948904,1,3295,632640,0.7199999999999999,0.0,0.0,0.0,0.0,0,1.0,0.0,7.8875,1.0,0.0,0.0,0.0,0.1125,0.3165474522959948,220.20475857954085,1.0698205830994993,mixed_dropout,0.3287068022294697,0.015848214285714257,0.5574591033666575,0.5574591033666575,0.5574591033666575,0.5574591033666575
flocking_robust_mixture,1,0.6657630591763173,0.6657630591763173,1.0,0.5875781388340735,0.5875781388340735,0.0,1.0,0.0,0.0,0.0,0.0,1.0,,0.6950457780635176,1.7227449191905744,0.9584821428571428,1.7582495182491797,3.7175356359921863,4.547634294728892,0.45794342272955585,5,3258,625536,0.7199999999999999,0.0,0.0,0.0,0.0,0,1.0,0.0,7.96875,1.0,0.0,0.0,0.0,0.03125,0.2910132110168582,177.99313281760283,1.06861108308658,mixed_dropout,0.2772550808094256,0.008482142857142883,0.5875781388340735,0.5875781388340735,0.5875781388340735,0.5875781388340735
flocking_robust_mixture,2,0.711586020825063,0.711586020825063,1.0,0.6407499824027958,0.6407499824027958,0.0,1.0,0.0,0.0,0.0,0.0,1.0,,0.7073337948527971,1.8070450029670084,0.9614955357142858,1.7702273915813431,3.717221491834846,4.531894389820268,0.5177516509423586,1,3271,628032,0.7199999999999999,0.0,0.0,0.0,0.0,0,1.0,0.0,7.96875,1.0,0.0,0.0,0.0,0.03125,0.2952290893280159,182.7117890821465,1.066633916925639,mixed_dropout,0.19295499703299157,0.011495535714285854,0.6407499824027958,0.6407499824027958,0.6407499824027958,0.6407499824027958
flocking_robust_mixture,3,0.6818438946999001,0.6818438946999001,1.0,0.6076210680471507,0.6076210680471507,0.0,1.0,0.0,0.0,0.0,0.0,1.0,,0.6916179074932578,1.6917893498750125,0.9756696428571429,1.792319104971775,3.6976589092330143,4.5130702656646555,0.5008047359909286,0,3268,627456,0.7199999999999999,0.0,0.0,0.0,0.0,0,1.0,0.0,7.94375,1.0,0.0,0.0,0.0,0.05625,0.2955211366598731,202.81493950436234,1.0691384579986334,mixed_dropout,0.3082106501249875,0.025669642857142905,0.6076210680471507,0.6076210680471507,0.6076210680471507,0.6076210680471507
flocking_robust_mixture,4,0.667660471407313,0.667660471407313,1.0,0.6018962856135474,0.6018962856135474,0.0,1.0,0.0,0.0,0.0,0.0,1.0,,0.6973545775218646,1.7485458479349063,0.98125,1.652779175211058,3.7001090473748723,4.53138349486219,0.5070526332986669,0,3237,621504,0.7199999999999999,0.0,0.0,0.0,0.0,0,1.0,0.0,7.96875,1.0,0.0,0.0,0.0,0.03125,0.2721593928389156,209.60798206195184,1.0743243750184774,mixed_dropout,0.2514541520650937,0.03125,0.6018962856135474,0.6018962856135474,0.6018962856135474,0.6018962856135474
flocking_robust_mixture,5,0.7030697883366807,0.7030697883366807,1.0,0.6208763382689294,0.6208763382689294,0.0,1.0,0.0,0.0,0.0,0.0,1.0,,0.7164954247358976,1.8348666742957689,0.9484375,1.736129365644159,3.714878346321862,4.5564634991883635,0.4646555510493112,3,3288,631296,0.7199999999999999,0.0,0.0,0.0,0.0,0,1.0,0.0,7.98125,1.0,0.0,0.0,0.0,0.01875,0.2849873671575775,173.85625195128486,1.0814587089698762,mixed_dropout,0.16513332570423112,0.0015624999999999112,0.6208763382689294,0.6208763382689294,0.6208763382689294,0.6208763382689294
flocking_robust_mixture,6,0.6448405767941128,0.6448405767941128,1.0,0.5625670669592484,0.5625670669592484,0.0,1.0,0.0,0.0,0.0,0.0,1.0,,0.6710814830196905,1.617695911965625,0.965625,1.715970363038401,3.690748743720429,4.502911782607199,0.5248930569543199,1,3227,619584,0.7199999999999999,0.0,0.0,0.0,0.0,0,1.0,0.0,7.975,1.0,0.0,0.0,0.0,0.025,0.2996502044997119,211.13910150352405,1.0721721251029521,mixed_dropout,0.3823040880343751,0.015625,0.5625670669592484,0.5625670669592484,0.5625670669592484,0.5625670669592484
flocking_robust_mixture,7,0.7320132282808944,0.7320132282808944,1.0,0.6439486084912329,0.6439486084912329,0.0,1.0,0.0,0.0,0.0,0.0,1.0,,0.7284495305945211,1.967926085364938,0.9511160714285716,1.8232918934450502,3.733544433311942,4.488384980651828,0.4369674534484269,4,3296,632832,0.7199999999999999,0.0,0.0,0.0,0.0,0,1.0,0.0,7.98125,1.0,0.0,0.0,0.0,0.01875,0.28382949372332256,151.14152969449222,1.0851406250149012,mixed_dropout,0.03207391463506193,0.001116071428571619,0.6439486084912329,0.6439486084912329,0.6439486084912329,0.6439486084912329
flocking_robust_mixture,8,0.7017424567675499,0.7017424567675499,1.0,0.6147230133254385,0.6147230133254385,0.0,1.0,0.0,0.0,0.0,0.0,1.0,,0.7122543774412633,1.8377601070991703,0.95,1.7665623603669196,3.7127616585146987,4.555276588040966,0.506794599269686,4,3306,634752,0.7199999999999999,0.0,0.0,0.0,0.0,0,1.0,0.0,7.99375,1.0,0.0,0.0,0.0,0.00625,0.2898675683995375,192.43433941515346,1.1010985830798745,mixed_dropout,0.16223989290082974,0.0,0.6147230133254385,0.6147230133254385,0.6147230133254385,0.6147230133254385
flocking_robust_mixture,9,0.6872407626532712,0.6872407626532712,1.0,0.5986542809583397,0.5986542809583397,0.0,1.0,0.0,0.0,0.0,0.0,1.0,,0.7152796127163527,1.7763955671487721,0.96875,1.848370692766067,3.6748846749126303,4.416776727492783,0.525151670968002,6,3206,615552,0.7199999999999999,0.0,0.0,0.0,0.0,0,1.0,0.0,7.90625,1.0,0.0,0.00625,0.00625,0.09375,0.31535074816913167,226.35970263913396,1.0559145000297576,mixed_dropout,0.22360443285122789,0.018750000000000044,0.5986542809583397,0.5986542809583397,0.5986542809583397,0.5986542809583397
flocking_robust_mixture,10,0.6787639845805824,0.6787639845805824,1.0,0.5883783153083175,0.5883783153083175,0.0,1.0,0.0,0.0,0.0,0.0,1.0,,0.6806206155371912,1.6808605964876364,0.9578125,1.664738769736139,3.7276177460847153,4.53149912564236,0.5106560714552228,3,3260,625920,0.7199999999999999,0.0,0.0,0.0,0.0,0,1.0,0.0,7.96875,1.0,0.0,0.0,0.0,0.03125,0.2830348499040727,155.0956900014003,1.0665440829470754,mixed_dropout,0.3191394035123636,0.0078125,0.5883783153083175,0.5883783153083175,0.5883783153083175,0.5883783153083175
flocking_robust_mixture,11,0.6321829616030756,0.6321829616030756,1.0,0.5459490444980324,0.5459490444980324,0.0,1.0,0.0,0.0,0.0,0.0,1.0,,0.6746461487280494,1.5985962437214616,0.96953125,1.7854656222502032,3.70679926040086,4.499909539080383,0.47631684173883704,1,3231,620352,0.7199999999999999,0.0,0.0,0.0,0.0,0,1.0,0.0,7.94375,1.0,0.0,0.0,0.0,0.05625,0.29492376259367503,197.8839370486487,1.0653079999610782,mixed_dropout,0.4014037562785384,0.01953125,0.5459490444980324,0.5459490444980324,0.5459490444980324,0.5459490444980324
flocking_robust_mixture,12,0.6467808978599,0.6467808978599,1.0,0.5834467479892733,0.5834467479892733,0.0,1.0,0.0,0.0,0.0,0.0,1.0,,0.6770820046799646,1.6303799350954016,0.975,1.7297423304714754,3.7049584439841707,4.535720125527744,0.5111757119741507,0,3286,630912,0.7199999999999999,0.0,0.0,0.0,0.0,0,1.0,0.0,7.94375,1.0,0.0,0.0,0.0,0.05625,0.28415824500221165,197.0839724315958,1.07167016598396,mixed_dropout,0.3696200649045984,0.025000000000000022,0.5834467479892733,0.5834467479892733,0.5834467479892733,0.5834467479892733
flocking_robust_mixture,13,0.7016927078451225,0.7016927078451225,1.0,0.6276302726706294,0.6276302726706294,0.0,1.0,0.0,0.0,0.0,0.0,1.0,,0.715053682268945,1.796857906231279,0.98203125,1.8691973573856415,3.6898208173771763,4.555756978429622,0.5404067030486537,4,3261,626112,0.7199999999999999,0.0,0.0,0.0,0.0,0,1.0,0.0,7.95,1.0,0.0,0.0,0.0,0.05,0.29657715111871463,220.93949287624733,1.0714625839609653,mixed_dropout,0.20314209376872094,0.03203125000000007,0.6276302726706294,0.6276302726706294,0.6276302726706294,0.6276302726706294
flocking_robust_mixture,14,0.6584987765055444,0.6584987765055444,1.0,0.5812291170098015,0.5812291170098015,0.0,1.0,0.0,0.0,0.0,0.0,1.0,,0.6659240698404519,1.5934274444635612,0.9700892857142858,1.7248498878627239,3.705674506630017,4.531027218518534,0.49681140709034954,0,3276,628992,0.7199999999999999,0.0,0.0,0.0,0.0,0,1.0,0.0,7.95,1.0,0.0,0.0,0.0,0.05,0.29841769895745374,199.27309941521833,1.0646729581058025,mixed_dropout,0.4065725555364388,0.02008928571428581,0.5812291170098015,0.5812291170098015,0.5812291170098015,0.5812291170098015
flocking_robust_mixture,15,0.6347492515708391,0.6347492515708391,1.0,0.5618984742084635,0.5618984742084635,0.0,1.0,0.0,0.0,0.0,0.0,1.0,,0.6850867848735894,1.655966719125986,0.96796875,1.74548880898882,3.697574552792898,4.4841076093553,0.5450329483895846,0,3282,630144,0.7199999999999999,0.0,0.0,0.0,0.0,0,1.0,0.0,7.91875,1.0,0.0,0.0,0.0,0.08125,0.30069557005342057,214.76215899043333,1.0619960420299321,mixed_dropout,0.3440332808740141,0.01796875000000009,0.5618984742084635,0.5618984742084635,0.5618984742084635,0.5618984742084635
flocking_robust_mixture,16,0.6573938160407072,0.6573938160407072,1.0,0.5885969763588996,0.5885969763588996,0.0,1.0,0.0,0.0,0.0,0.0,1.0,,0.6739166536097948,1.5986787436806402,0.9890625,1.8329875221285434,3.700051435700936,4.52569414118354,0.5019574524778451,0,3290,631680,0.7199999999999999,0.0,0.0,0.0,0.0,0,1.0,0.0,7.93125,1.0,0.0,0.0,0.0,0.06875,0.2992856223885379,211.11302159924554,1.0598225409630686,mixed_dropout,0.4013212563193598,0.0390625,0.5885969763588996,0.5885969763588996,0.5885969763588996,0.5885969763588996
flocking_robust_mixture,17,0.7053875080661328,0.7053875080661328,1.0,0.6267630395940575,0.6267630395940575,0.0,1.0,0.0,0.0,0.0,0.0,1.0,,0.713907684296645,1.8115053520691329,0.9668526785714284,1.7741080873123067,3.718812780143827,4.549141526538753,0.5089204697161593,0,3259,625728,0.7199999999999999,0.0,0.0,0.0,0.0,0,1.0,0.0,7.9125,1.0,0.0,0.0,0.0,0.0875,0.2960533207684085,176.75787151003618,1.0427170831244439,mixed_dropout,0.18849464793086712,0.01685267857142847,0.6267630395940575,0.6267630395940575,0.6267630395940575,0.6267630395940575
flocking_robust_mixture,18,0.594750873413774,0.594750873413774,1.0,0.5231640825203456,0.5231640825203456,0.0,1.0,0.0,0.0,0.0,0.0,1.0,,0.626850966341366,1.3969823104363943,0.9854910714285715,1.7680373211632994,3.7112449842690425,4.541417052946365,0.44985829596743254,0,3267,627264,0.7199999999999999,0.0,0.0,0.0,0.0,0,1.0,0.0,7.94375,1.0,0.0,0.0,0.0,0.05625,0.28847152336837073,184.06441313050323,1.0868728749919683,mixed_dropout,0.6030176895636057,0.03549107142857155,0.5231640825203456,0.5231640825203456,0.5231640825203456,0.5231640825203456
flocking_robust_mixture,19,0.6851326482186976,0.6851326482186976,1.0,0.6063966874387532,0.6063966874387532,0.0,1.0,0.0,0.0,0.0,0.0,1.0,,0.7026241160919711,1.7616442339656768,0.9629464285714286,1.758015527241978,3.699827208266619,4.510310277709193,0.5029540057571293,1,3271,628032,0.7199999999999999,0.0,0.0,0.0,0.0,0,1.0,0.0,7.89375,1.0,0.0,0.0,0.0,0.10625,0.3001096836862229,201.82650020446732,1.0602397080510855,mixed_dropout,0.23835576603432318,0.012946428571428692,0.6063966874387532,0.6063966874387532,0.6063966874387532,0.6063966874387532
flocking_robust_mixture,20,0.6392868865407811,0.6392868865407811,1.0,0.5667121888417015,0.5667121888417015,0.0,1.0,0.0,0.0,0.0,0.0,1.0,,0.6573081426546242,1.5549241785128616,0.97890625,1.6194411572784368,3.7301253120948346,4.473630333780113,0.4718568822860668,3,3267,627264,0.7199999999999999,0.0,0.0,0.0,0.0,0,1.0,0.0,7.90625,1.0,0.0,0.0,0.0,0.09375,0.29696393668037935,159.93992499158492,1.0729522081092,mixed_dropout,0.4450758214871384,0.028906250000000022,0.5667121888417015,0.5667121888417015,0.5667121888417015,0.5667121888417015
flocking_robust_mixture,21,0.6774049515687917,0.6774049515687917,1.0,0.5968839048611768,0.5968839048611768,0.0,1.0,0.0,0.0,0.0,0.0,1.0,,0.684649763452397,1.688374953034884,0.9638392857142858,1.700343333680894,3.71592063252285,4.57642438488036,0.4771769927238715,1,3312,635904,0.7199999999999999,0.0,0.0,0.0,0.0,0,1.0,0.0,7.925,1.0,0.0,0.0,0.0,0.075,0.2828534548757574,174.50466441447045,1.0747206250671297,mixed_dropout,0.31162504696511606,0.013839285714285832,0.5968839048611768,0.5968839048611768,0.5968839048611768,0.5968839048611768
flocking_robust_mixture,22,0.714987686098493,0.714987686098493,1.0,0.6310640128213676,0.6310640128213676,0.0,1.0,0.0,0.0,0.0,0.0,1.0,,0.7383999919370409,1.8882656668127211,0.95,1.754245982998554,3.6843553712957204,4.539315836032443,0.5110687368377989,1,3269,627648,0.7199999999999999,0.0,0.0,0.0,0.0,0,1.0,0.0,7.96875,1.0,0.0,0.0,0.0,0.03125,0.2964922018158934,235.04455573390706,1.0933274161070585,mixed_dropout,0.11173433318727888,0.0,0.6310640128213676,0.6310640128213676,0.6310640128213676,0.6310640128213676
flocking_robust_mixture,23,0.620993657730775,0.620993657730775,1.0,0.5509626071767115,0.5509626071767115,0.0,1.0,0.0,0.0,0.0,0.0,1.0,,0.6308278098075529,1.4233276409937334,0.99453125,1.649147672061002,3.7186801092196853,4.557749879311489,0.4536401722550044,0,3300,633600,0.7199999999999999,0.0,0.0,0.0,0.0,0,1.0,0.0,7.95625,1.0,0.0,0.0,0.0,0.04375,0.2739286465611016,176.41113924973004,1.0798635419923812,mixed_dropout,0.5766723590062666,0.04453125000000002,0.5509626071767115,0.5509626071767115,0.5509626071767115,0.5509626071767115
flocking_robust_mixture,24,0.666559983723881,0.666559983723881,1.0,0.5908726906493336,0.5908726906493336,0.0,1.0,0.0,0.0,0.0,0.0,1.0,,0.7194645580663905,1.8577107066451315,0.9578125,1.7211417318630804,3.726642938243453,4.533637395377026,0.45785568223110573,2,3238,621696,0.7199999999999999,0.0,0.0,0.0,0.0,0,1.0,0.0,7.9625,1.0,0.0,0.0,0.0,0.0375,0.30977451423664765,167.470059530769,1.0669031671714038,mixed_dropout,0.1422892933548685,0.0078125,0.5908726906493336,0.5908726906493336,0.5908726906493336,0.5908726906493336
flocking_robust_mixture,25,0.7604504543977295,0.7604504543977295,1.0,0.6729824692401289,0.6729824692401289,0.0,1.0,0.0,0.0,0.0,0.0,1.0,,0.7717543550617387,2.101097139816847,0.9431547619047619,1.8407059341881862,3.6945604493793347,4.4985873459501615,0.49871121334503615,3,3222,618624,0.7199999999999999,0.0,0.0,0.0,0.0,0,1.0,0.0,7.86875,1.0,0.0,0.0,0.0,0.13125,0.3221560684422048,216.8141199187901,1.048434291034937,mixed_dropout,0.1010971398168472,0.006845238095238071,0.6729824692401289,0.6729824692401289,0.6729824692401289,0.6729824692401289
flocking_robust_mixture,26,0.6806704534608775,0.6806704534608775,1.0,0.6039160519286366,0.6039160519286366,0.0,1.0,0.0,0.0,0.0,0.0,1.0,,0.6840829567271177,1.654654180350936,0.97265625,1.6904708281074143,3.702321880648735,4.546745632407789,0.4630460769836112,0,3280,629760,0.7199999999999999,0.0,0.0,0.0,0.0,0,1.0,0.0,7.94375,1.0,0.0,0.0,0.0,0.05625,0.2940729771898305,209.27496422173445,1.0754286658484489,mixed_dropout,0.34534581964906397,0.022656250000000044,0.6039160519286366,0.6039160519286366,0.6039160519286366,0.6039160519286366
flocking_robust_mixture,27,0.6562943884659492,0.6562943884659492,1.0,0.5750122617646617,0.5750122617646617,0.0,1.0,0.0,0.0,0.0,0.0,1.0,,0.6828850765915202,1.6554436559938488,0.9671875,1.7392424769385215,3.7202252079471947,4.528549276190626,0.49814671105340613,3,3294,632448,0.7199999999999999,0.0,0.0,0.0,0.0,0,1.0,0.0,7.93125,1.0,0.0,0.0,0.0,0.06875,0.3035410571748361,183.58982083103203,1.0628462079912424,mixed_dropout,0.3445563440061512,0.017187500000000022,0.5750122617646617,0.5750122617646617,0.5750122617646617,0.5750122617646617
flocking_robust_mixture,28,0.6752412593448053,0.6752412593448053,1.0,0.5643754334986277,0.5643754334986277,0.0,1.0,0.0,0.0,0.0,0.0,1.0,,0.7115533966581725,1.7916515348408215,0.9541294642857142,1.7729024667675042,3.703896779222961,4.480262736942158,0.4935328272175372,9,3215,617280,0.7199999999999999,0.0,0.0,0.0,0.0,0,1.0,0.0,7.9375,1.0,0.0,0.0,0.0,0.0625,0.2836352416285627,203.043250641799,1.0566169579979032,mixed_dropout,0.2083484651591785,0.004129464285714257,0.5643754334986277,0.5643754334986277,0.5643754334986277,0.5643754334986277
flocking_robust_mixture,29,0.6309779813841933,0.6309779813841933,1.0,0.549231981968138,0.549231981968138,0.0,1.0,0.0,0.0,0.0,0.0,1.0,,0.6623786758438246,1.55362874015707,0.9748883928571429,1.7235396513404264,3.7024661664452694,4.535097158639344,0.4898365226198241,1,3242,622464,0.7199999999999999,0.0,0.0,0.0,0.0,0,1.0,0.0,7.93125,1.0,0.0,0.0,0.0,0.06875,0.30206490888148224,204.32882736293973,1.0528387501835823,mixed_dropout,0.4463712598429299,0.02488839285714295,0.549231981968138,0.549231981968138,0.549231981968138,0.549231981968138
flocking_robust_defer,0,0.645037331085041,0.645037331085041,1.0,1.3074591033666576,0.5574591033666575,0.0,0.0,1.0,0.0,0.0,0.0,1.0,,0.6926770809761447,1.6712931977705303,0.9658482142857142,1.7064851795859728,3.6855308777955083,4.5163408072383175,0.5107290767948904,1,3295,632640,0.7199999999999999,0.0,0.0,0.0,0.0,0,1.0,0.0,7.8875,1.0,0.0,0.0,0.0,0.1125,0.3165474522959948,220.20475857954085,1.0778989589307457,mixed_dropout,0.3287068022294697,0.015848214285714257,0.8074591033666575,1.0574591033666576,1.5574591033666576,2.0574591033666576
flocking_robust_defer,1,0.6657630591763173,0.6657630591763173,1.0,1.3375781388340737,0.5875781388340735,0.0,0.0,1.0,0.0,0.0,0.0,1.0,,0.6950457780635176,1.7227449191905744,0.9584821428571428,1.7582495182491797,3.7175356359921863,4.547634294728892,0.45794342272955585,5,3258,625536,0.7199999999999999,0.0,0.0,0.0,0.0,0,1.0,0.0,7.96875,1.0,0.0,0.0,0.0,0.03125,0.2910132110168582,177.99313281760283,1.0829765419475734,mixed_dropout,0.2772550808094256,0.008482142857142883,0.8375781388340735,1.0875781388340735,1.5875781388340735,2.0875781388340737
flocking_robust_defer,2,0.711586020825063,0.711586020825063,1.0,1.3907499824027958,0.6407499824027958,0.0,0.0,1.0,0.0,0.0,0.0,1.0,,0.7073337948527971,1.8070450029670084,0.9614955357142858,1.7702273915813431,3.717221491834846,4.531894389820268,0.5177516509423586,1,3271,628032,0.7199999999999999,0.0,0.0,0.0,0.0,0,1.0,0.0,7.96875,1.0,0.0,0.0,0.0,0.03125,0.2952290893280159,182.7117890821465,1.0766341660637408,mixed_dropout,0.19295499703299157,0.011495535714285854,0.8907499824027958,1.1407499824027958,1.6407499824027958,2.140749982402796
flocking_robust_defer,3,0.6818438946999001,0.6818438946999001,1.0,1.3576210680471505,0.6076210680471507,0.0,0.0,1.0,0.0,0.0,0.0,1.0,,0.6916179074932578,1.6917893498750125,0.9756696428571429,1.792319104971775,3.6976589092330143,4.5130702656646555,0.5008047359909286,0,3268,627456,0.7199999999999999,0.0,0.0,0.0,0.0,0,1.0,0.0,7.94375,1.0,0.0,0.0,0.0,0.05625,0.2955211366598731,202.81493950436234,1.081915750168264,mixed_dropout,0.3082106501249875,0.025669642857142905,0.8576210680471507,1.1076210680471505,1.6076210680471505,2.1076210680471505
flocking_robust_defer,4,0.667660471407313,0.667660471407313,1.0,1.3518962856135475,0.6018962856135474,0.0,0.0,1.0,0.0,0.0,0.0,1.0,,0.6973545775218646,1.7485458479349063,0.98125,1.652779175211058,3.7001090473748723,4.53138349486219,0.5070526332986669,0,3237,621504,0.7199999999999999,0.0,0.0,0.0,0.0,0,1.0,0.0,7.96875,1.0,0.0,0.0,0.0,0.03125,0.2721593928389156,209.60798206195184,1.0764306660275906,mixed_dropout,0.2514541520650937,0.03125,0.8518962856135474,1.1018962856135475,1.6018962856135475,2.1018962856135475
flocking_robust_defer,5,0.7030697883366807,0.7030697883366807,1.0,1.3708763382689295,0.6208763382689294,0.0,0.0,1.0,0.0,0.0,0.0,1.0,,0.7164954247358976,1.8348666742957689,0.9484375,1.736129365644159,3.714878346321862,4.5564634991883635,0.4646555510493112,3,3288,631296,0.7199999999999999,0.0,0.0,0.0,0.0,0,1.0,0.0,7.98125,1.0,0.0,0.0,0.0,0.01875,0.2849873671575775,173.85625195128486,1.0799113328102976,mixed_dropout,0.16513332570423112,0.0015624999999999112,0.8708763382689294,1.1208763382689293,1.6208763382689293,2.1208763382689293
flocking_robust_defer,6,0.6448405767941128,0.6448405767941128,1.0,1.3125670669592484,0.5625670669592484,0.0,0.0,1.0,0.0,0.0,0.0,1.0,,0.6710814830196905,1.617695911965625,0.965625,1.715970363038401,3.690748743720429,4.502911782607199,0.5248930569543199,1,3227,619584,0.7199999999999999,0.0,0.0,0.0,0.0,0,1.0,0.0,7.975,1.0,0.0,0.0,0.0,0.025,0.2996502044997119,211.13910150352405,1.0679634581319988,mixed_dropout,0.3823040880343751,0.015625,0.8125670669592484,1.0625670669592484,1.5625670669592484,2.0625670669592484
flocking_robust_defer,7,0.7320132282808944,0.7320132282808944,1.0,1.393948608491233,0.6439486084912329,0.0,0.0,1.0,0.0,0.0,0.0,1.0,,0.7284495305945211,1.967926085364938,0.9511160714285716,1.8232918934450502,3.733544433311942,4.488384980651828,0.4369674534484269,4,3296,632832,0.7199999999999999,0.0,0.0,0.0,0.0,0,1.0,0.0,7.98125,1.0,0.0,0.0,0.0,0.01875,0.28382949372332256,151.14152969449222,1.0838651249650866,mixed_dropout,0.03207391463506193,0.001116071428571619,0.8939486084912329,1.143948608491233,1.643948608491233,2.143948608491233
flocking_robust_defer,8,0.7017424567675499,0.7017424567675499,1.0,1.3647230133254387,0.6147230133254385,0.0,0.0,1.0,0.0,0.0,0.0,1.0,,0.7122543774412633,1.8377601070991703,0.95,1.7665623603669196,3.7127616585146987,4.555276588040966,0.506794599269686,4,3306,634752,0.7199999999999999,0.0,0.0,0.0,0.0,0,1.0,0.0,7.99375,1.0,0.0,0.0,0.0,0.00625,0.2898675683995375,192.43433941515346,1.08872912498191,mixed_dropout,0.16223989290082974,0.0,0.8647230133254385,1.1147230133254387,1.6147230133254387,2.1147230133254387
flocking_robust_defer,9,0.6872407626532712,0.6872407626532712,1.0,1.3486542809583397,0.5986542809583397,0.0,0.0,1.0,0.0,0.0,0.0,1.0,,0.7152796127163527,1.7763955671487721,0.96875,1.848370692766067,3.6748846749126303,4.416776727492783,0.525151670968002,6,3206,615552,0.7199999999999999,0.0,0.0,0.0,0.0,0,1.0,0.0,7.90625,1.0,0.0,0.00625,0.00625,0.09375,0.31535074816913167,226.35970263913396,1.0492778329644352,mixed_dropout,0.22360443285122789,0.018750000000000044,0.8486542809583397,1.0986542809583397,1.5986542809583397,2.09865428095834
flocking_robust_defer,10,0.6787639845805824,0.6787639845805824,1.0,1.3383783153083177,0.5883783153083175,0.0,0.0,1.0,0.0,0.0,0.0,1.0,,0.6806206155371912,1.6808605964876364,0.9578125,1.664738769736139,3.7276177460847153,4.53149912564236,0.5106560714552228,3,3260,625920,0.7199999999999999,0.0,0.0,0.0,0.0,0,1.0,0.0,7.96875,1.0,0.0,0.0,0.0,0.03125,0.2830348499040727,155.0956900014003,1.068203333998099,mixed_dropout,0.3191394035123636,0.0078125,0.8383783153083175,1.0883783153083175,1.5883783153083175,2.0883783153083177
flocking_robust_defer,11,0.6321829616030756,0.6321829616030756,1.0,1.2959490444980324,0.5459490444980324,0.0,0.0,1.0,0.0,0.0,0.0,1.0,,0.6746461487280494,1.5985962437214616,0.96953125,1.7854656222502032,3.70679926040086,4.499909539080383,0.47631684173883704,1,3231,620352,0.7199999999999999,0.0,0.0,0.0,0.0,0,1.0,0.0,7.94375,1.0,0.0,0.0,0.0,0.05625,0.29492376259367503,197.8839370486487,1.0630854999180883,mixed_dropout,0.4014037562785384,0.01953125,0.7959490444980324,1.0459490444980324,1.5459490444980324,2.045949044498032
flocking_robust_defer,12,0.6467808978599,0.6467808978599,1.0,1.3334467479892733,0.5834467479892733,0.0,0.0,1.0,0.0,0.0,0.0,1.0,,0.6770820046799646,1.6303799350954016,0.975,1.7297423304714754,3.7049584439841707,4.535720125527744,0.5111757119741507,0,3286,630912,0.7199999999999999,0.0,0.0,0.0,0.0,0,1.0,0.0,7.94375,1.0,0.0,0.0,0.0,0.05625,0.28415824500221165,197.0839724315958,1.0756624578498304,mixed_dropout,0.3696200649045984,0.025000000000000022,0.8334467479892733,1.0834467479892733,1.5834467479892733,2.0834467479892735
flocking_robust_defer,13,0.7016927078451225,0.7016927078451225,1.0,1.3776302726706295,0.6276302726706294,0.0,0.0,1.0,0.0,0.0,0.0,1.0,,0.715053682268945,1.796857906231279,0.98203125,1.8691973573856415,3.6898208173771763,4.555756978429622,0.5404067030486537,4,3261,626112,0.7199999999999999,0.0,0.0,0.0,0.0,0,1.0,0.0,7.95,1.0,0.0,0.0,0.0,0.05,0.29657715111871463,220.93949287624733,1.067478541051969,mixed_dropout,0.20314209376872094,0.03203125000000007,0.8776302726706294,1.1276302726706295,1.6276302726706295,2.1276302726706295
flocking_robust_defer,14,0.6584987765055444,0.6584987765055444,1.0,1.3312291170098014,0.5812291170098015,0.0,0.0,1.0,0.0,0.0,0.0,1.0,,0.6659240698404519,1.5934274444635612,0.9700892857142858,1.7248498878627239,3.705674506630017,4.531027218518534,0.49681140709034954,0,3276,628992,0.7199999999999999,0.0,0.0,0.0,0.0,0,1.0,0.0,7.95,1.0,0.0,0.0,0.0,0.05,0.29841769895745374,199.27309941521833,1.0676227500662208,mixed_dropout,0.4065725555364388,0.02008928571428581,0.8312291170098015,1.0812291170098014,1.5812291170098014,2.0812291170098014
flocking_robust_defer,15,0.6347492515708391,0.6347492515708391,1.0,1.3118984742084634,0.5618984742084635,0.0,0.0,1.0,0.0,0.0,0.0,1.0,,0.6850867848735894,1.655966719125986,0.96796875,1.74548880898882,3.697574552792898,4.4841076093553,0.5450329483895846,0,3282,630144,0.7199999999999999,0.0,0.0,0.0,0.0,0,1.0,0.0,7.91875,1.0,0.0,0.0,0.0,0.08125,0.30069557005342057,214.76215899043333,1.0674715000204742,mixed_dropout,0.3440332808740141,0.01796875000000009,0.8118984742084635,1.0618984742084634,1.5618984742084634,2.0618984742084634
flocking_robust_defer,16,0.6573938160407072,0.6573938160407072,1.0,1.3385969763588996,0.5885969763588996,0.0,0.0,1.0,0.0,0.0,0.0,1.0,,0.6739166536097948,1.5986787436806402,0.9890625,1.8329875221285434,3.700051435700936,4.52569414118354,0.5019574524778451,0,3290,631680,0.7199999999999999,0.0,0.0,0.0,0.0,0,1.0,0.0,7.93125,1.0,0.0,0.0,0.0,0.06875,0.2992856223885379,211.11302159924554,1.0692378748208284,mixed_dropout,0.4013212563193598,0.0390625,0.8385969763588996,1.0885969763588996,1.5885969763588996,2.0885969763588994
flocking_robust_defer,17,0.7053875080661328,0.7053875080661328,1.0,1.3767630395940575,0.6267630395940575,0.0,0.0,1.0,0.0,0.0,0.0,1.0,,0.713907684296645,1.8115053520691329,0.9668526785714284,1.7741080873123067,3.718812780143827,4.549141526538753,0.5089204697161593,0,3259,625728,0.7199999999999999,0.0,0.0,0.0,0.0,0,1.0,0.0,7.9125,1.0,0.0,0.0,0.0,0.0875,0.2960533207684085,176.75787151003618,1.0475825830362737,mixed_dropout,0.18849464793086712,0.01685267857142847,0.8767630395940575,1.1267630395940575,1.6267630395940575,2.1267630395940573
flocking_robust_defer,18,0.594750873413774,0.594750873413774,1.0,1.2731640825203454,0.5231640825203456,0.0,0.0,1.0,0.0,0.0,0.0,1.0,,0.626850966341366,1.3969823104363943,0.9854910714285715,1.7680373211632994,3.7112449842690425,4.541417052946365,0.44985829596743254,0,3267,627264,0.7199999999999999,0.0,0.0,0.0,0.0,0,1.0,0.0,7.94375,1.0,0.0,0.0,0.0,0.05625,0.28847152336837073,184.06441313050323,1.0598272499628365,mixed_dropout,0.6030176895636057,0.03549107142857155,0.7731640825203456,1.0231640825203456,1.5231640825203456,2.0231640825203456
flocking_robust_defer,19,0.6851326482186976,0.6851326482186976,1.0,1.3563966874387532,0.6063966874387532,0.0,0.0,1.0,0.0,0.0,0.0,1.0,,0.7026241160919711,1.7616442339656768,0.9629464285714286,1.758015527241978,3.699827208266619,4.510310277709193,0.5029540057571293,1,3271,628032,0.7199999999999999,0.0,0.0,0.0,0.0,0,1.0,0.0,7.89375,1.0,0.0,0.0,0.0,0.10625,0.3001096836862229,201.82650020446732,1.0402840001042932,mixed_dropout,0.23835576603432318,0.012946428571428692,0.8563966874387532,1.1063966874387532,1.6063966874387532,2.106396687438753
flocking_robust_defer,20,0.6392868865407811,0.6392868865407811,1.0,1.3167121888417015,0.5667121888417015,0.0,0.0,1.0,0.0,0.0,0.0,1.0,,0.6573081426546242,1.5549241785128616,0.97890625,1.6194411572784368,3.7301253120948346,4.473630333780113,0.4718568822860668,3,3267,627264,0.7199999999999999,0.0,0.0,0.0,0.0,0,1.0,0.0,7.90625,1.0,0.0,0.0,0.0,0.09375,0.29696393668037935,159.93992499158492,1.0723766249138862,mixed_dropout,0.4450758214871384,0.028906250000000022,0.8167121888417015,1.0667121888417015,1.5667121888417015,2.0667121888417013
flocking_robust_defer,21,0.6774049515687917,0.6774049515687917,1.0,1.3468839048611767,0.5968839048611768,0.0,0.0,1.0,0.0,0.0,0.0,1.0,,0.684649763452397,1.688374953034884,0.9638392857142858,1.700343333680894,3.71592063252285,4.57642438488036,0.4771769927238715,1,3312,635904,0.7199999999999999,0.0,0.0,0.0,0.0,0,1.0,0.0,7.925,1.0,0.0,0.0,0.0,0.075,0.2828534548757574,174.50466441447045,1.0816002918872982,mixed_dropout,0.31162504696511606,0.013839285714285832,0.8468839048611768,1.0968839048611767,1.5968839048611767,2.0968839048611767
flocking_robust_defer,22,0.714987686098493,0.714987686098493,1.0,1.3810640128213676,0.6310640128213676,0.0,0.0,1.0,0.0,0.0,0.0,1.0,,0.7383999919370409,1.8882656668127211,0.95,1.754245982998554,3.6843553712957204,4.539315836032443,0.5110687368377989,1,3269,627648,0.7199999999999999,0.0,0.0,0.0,0.0,0,1.0,0.0,7.96875,1.0,0.0,0.0,0.0,0.03125,0.2964922018158934,235.04455573390706,1.0789537499658763,mixed_dropout,0.11173433318727888,0.0,0.8810640128213676,1.1310640128213676,1.6310640128213676,2.1310640128213674
flocking_robust_defer,23,0.620993657730775,0.620993657730775,1.0,1.3009626071767115,0.5509626071767115,0.0,0.0,1.0,0.0,0.0,0.0,1.0,,0.6308278098075529,1.4233276409937334,0.99453125,1.649147672061002,3.7186801092196853,4.557749879311489,0.4536401722550044,0,3300,633600,0.7199999999999999,0.0,0.0,0.0,0.0,0,1.0,0.0,7.95625,1.0,0.0,0.0,0.0,0.04375,0.2739286465611016,176.41113924973004,1.093039542203769,mixed_dropout,0.5766723590062666,0.04453125000000002,0.8009626071767115,1.0509626071767115,1.5509626071767115,2.0509626071767117
flocking_robust_defer,24,0.666559983723881,0.666559983723881,1.0,1.3408726906493336,0.5908726906493336,0.0,0.0,1.0,0.0,0.0,0.0,1.0,,0.7194645580663905,1.8577107066451315,0.9578125,1.7211417318630804,3.726642938243453,4.533637395377026,0.45785568223110573,2,3238,621696,0.7199999999999999,0.0,0.0,0.0,0.0,0,1.0,0.0,7.9625,1.0,0.0,0.0,0.0,0.0375,0.30977451423664765,167.470059530769,1.0699441661126912,mixed_dropout,0.1422892933548685,0.0078125,0.8408726906493336,1.0908726906493336,1.5908726906493336,2.0908726906493333
flocking_robust_defer,25,0.7604504543977295,0.7604504543977295,1.0,1.4229824692401292,0.6729824692401289,0.0,0.0,1.0,0.0,0.0,0.0,1.0,,0.7717543550617387,2.101097139816847,0.9431547619047619,1.8407059341881862,3.6945604493793347,4.4985873459501615,0.49871121334503615,3,3222,618624,0.7199999999999999,0.0,0.0,0.0,0.0,0,1.0,0.0,7.86875,1.0,0.0,0.0,0.0,0.13125,0.3221560684422048,216.8141199187901,1.041356457863003,mixed_dropout,0.1010971398168472,0.006845238095238071,0.9229824692401289,1.172982469240129,1.672982469240129,2.1729824692401287
flocking_robust_defer,26,0.6806704534608775,0.6806704534608775,1.0,1.3539160519286366,0.6039160519286366,0.0,0.0,1.0,0.0,0.0,0.0,1.0,,0.6840829567271177,1.654654180350936,0.97265625,1.6904708281074143,3.702321880648735,4.546745632407789,0.4630460769836112,0,3280,629760,0.7199999999999999,0.0,0.0,0.0,0.0,0,1.0,0.0,7.94375,1.0,0.0,0.0,0.0,0.05625,0.2940729771898305,209.27496422173445,1.0688954999204725,mixed_dropout,0.34534581964906397,0.022656250000000044,0.8539160519286366,1.1039160519286366,1.6039160519286366,2.1039160519286364
flocking_robust_defer,27,0.6562943884659492,0.6562943884659492,1.0,1.3250122617646618,0.5750122617646617,0.0,0.0,1.0,0.0,0.0,0.0,1.0,,0.6828850765915202,1.6554436559938488,0.9671875,1.7392424769385215,3.7202252079471947,4.528549276190626,0.49814671105340613,3,3294,632448,0.7199999999999999,0.0,0.0,0.0,0.0,0,1.0,0.0,7.93125,1.0,0.0,0.0,0.0,0.06875,0.3035410571748361,183.58982083103203,1.0686455410905182,mixed_dropout,0.3445563440061512,0.017187500000000022,0.8250122617646617,1.0750122617646616,1.5750122617646616,2.0750122617646616
flocking_robust_defer,28,0.6752412593448053,0.6752412593448053,1.0,1.3143754334986277,0.5643754334986277,0.0,0.0,1.0,0.0,0.0,0.0,1.0,,0.7115533966581725,1.7916515348408215,0.9541294642857142,1.7729024667675042,3.703896779222961,4.480262736942158,0.4935328272175372,9,3215,617280,0.7199999999999999,0.0,0.0,0.0,0.0,0,1.0,0.0,7.9375,1.0,0.0,0.0,0.0,0.0625,0.2836352416285627,203.043250641799,1.0576044160407037,mixed_dropout,0.2083484651591785,0.004129464285714257,0.8143754334986277,1.0643754334986277,1.5643754334986277,2.0643754334986277
flocking_robust_defer,29,0.6309779813841933,0.6309779813841933,1.0,1.2992319819681382,0.549231981968138,0.0,0.0,1.0,0.0,0.0,0.0,1.0,,0.6623786758438246,1.55362874015707,0.9748883928571429,1.7235396513404264,3.7024661664452694,4.535097158639344,0.4898365226198241,1,3242,622464,0.7199999999999999,0.0,0.0,0.0,0.0,0,1.0,0.0,7.93125,1.0,0.0,0.0,0.0,0.06875,0.30206490888148224,204.32882736293973,1.0712682500015944,mixed_dropout,0.4463712598429299,0.02488839285714295,0.799231981968138,1.0492319819681382,1.5492319819681382,2.049231981968138
flocking_robust_active,0,0.645037331085041,0.645037331085041,1.0,0.5574591033666575,0.5574591033666575,1.0,0.0,0.0,0.0,0.0,0.0,1.0,,0.6926770809761447,1.6712931977705303,0.9658482142857142,1.7064851795859728,3.6855308777955083,4.5163408072383175,0.5107290767948904,1,3295,632640,0.7199999999999999,0.0,0.0,0.0,0.0,0,1.0,0.0,7.8875,1.0,0.0,0.0,0.0,0.1125,0.3165474522959948,220.20475857954085,1.070366291096434,mixed_dropout,0.3287068022294697,0.015848214285714257,0.5574591033666575,0.5574591033666575,0.5574591033666575,0.5574591033666575
flocking_robust_active,1,0.6657630591763173,0.6657630591763173,1.0,0.5875781388340735,0.5875781388340735,1.0,0.0,0.0,0.0,0.0,0.0,1.0,,0.6950457780635176,1.7227449191905744,0.9584821428571428,1.7582495182491797,3.7175356359921863,4.547634294728892,0.45794342272955585,5,3258,625536,0.7199999999999999,0.0,0.0,0.0,0.0,0,1.0,0.0,7.96875,1.0,0.0,0.0,0.0,0.03125,0.2910132110168582,177.99313281760283,1.0890793330036104,mixed_dropout,0.2772550808094256,0.008482142857142883,0.5875781388340735,0.5875781388340735,0.5875781388340735,0.5875781388340735
flocking_robust_active,2,0.711586020825063,0.711586020825063,1.0,0.6407499824027958,0.6407499824027958,1.0,0.0,0.0,0.0,0.0,0.0,1.0,,0.7073337948527971,1.8070450029670084,0.9614955357142858,1.7702273915813431,3.717221491834846,4.531894389820268,0.5177516509423586,1,3271,628032,0.7199999999999999,0.0,0.0,0.0,0.0,0,1.0,0.0,7.96875,1.0,0.0,0.0,0.0,0.03125,0.2952290893280159,182.7117890821465,1.0890250420197845,mixed_dropout,0.19295499703299157,0.011495535714285854,0.6407499824027958,0.6407499824027958,0.6407499824027958,0.6407499824027958
flocking_robust_active,3,0.6818438946999001,0.6818438946999001,1.0,0.6076210680471507,0.6076210680471507,1.0,0.0,0.0,0.0,0.0,0.0,1.0,,0.6916179074932578,1.6917893498750125,0.9756696428571429,1.792319104971775,3.6976589092330143,4.5130702656646555,0.5008047359909286,0,3268,627456,0.7199999999999999,0.0,0.0,0.0,0.0,0,1.0,0.0,7.94375,1.0,0.0,0.0,0.0,0.05625,0.2955211366598731,202.81493950436234,1.0816197500098497,mixed_dropout,0.3082106501249875,0.025669642857142905,0.6076210680471507,0.6076210680471507,0.6076210680471507,0.6076210680471507
flocking_robust_active,4,0.667660471407313,0.667660471407313,1.0,0.6018962856135474,0.6018962856135474,1.0,0.0,0.0,0.0,0.0,0.0,1.0,,0.6973545775218646,1.7485458479349063,0.98125,1.652779175211058,3.7001090473748723,4.53138349486219,0.5070526332986669,0,3237,621504,0.7199999999999999,0.0,0.0,0.0,0.0,0,1.0,0.0,7.96875,1.0,0.0,0.0,0.0,0.03125,0.2721593928389156,209.60798206195184,1.0813671660143882,mixed_dropout,0.2514541520650937,0.03125,0.6018962856135474,0.6018962856135474,0.6018962856135474,0.6018962856135474
flocking_robust_active,5,0.7030697883366807,0.7030697883366807,1.0,0.6208763382689294,0.6208763382689294,1.0,0.0,0.0,0.0,0.0,0.0,1.0,,0.7164954247358976,1.8348666742957689,0.9484375,1.736129365644159,3.714878346321862,4.5564634991883635,0.4646555510493112,3,3288,631296,0.7199999999999999,0.0,0.0,0.0,0.0,0,1.0,0.0,7.98125,1.0,0.0,0.0,0.0,0.01875,0.2849873671575775,173.85625195128486,1.0936497910879552,mixed_dropout,0.16513332570423112,0.0015624999999999112,0.6208763382689294,0.6208763382689294,0.6208763382689294,0.6208763382689294
flocking_robust_active,6,0.6448405767941128,0.6448405767941128,1.0,0.5625670669592484,0.5625670669592484,1.0,0.0,0.0,0.0,0.0,0.0,1.0,,0.6710814830196905,1.617695911965625,0.965625,1.715970363038401,3.690748743720429,4.502911782607199,0.5248930569543199,1,3227,619584,0.7199999999999999,0.0,0.0,0.0,0.0,0,1.0,0.0,7.975,1.0,0.0,0.0,0.0,0.025,0.2996502044997119,211.13910150352405,1.0833542090840638,mixed_dropout,0.3823040880343751,0.015625,0.5625670669592484,0.5625670669592484,0.5625670669592484,0.5625670669592484
flocking_robust_active,7,0.7320132282808944,0.7320132282808944,1.0,0.6439486084912329,0.6439486084912329,1.0,0.0,0.0,0.0,0.0,0.0,1.0,,0.7284495305945211,1.967926085364938,0.9511160714285716,1.8232918934450502,3.733544433311942,4.488384980651828,0.4369674534484269,4,3296,632832,0.7199999999999999,0.0,0.0,0.0,0.0,0,1.0,0.0,7.98125,1.0,0.0,0.0,0.0,0.01875,0.28382949372332256,151.14152969449222,1.084295165957883,mixed_dropout,0.03207391463506193,0.001116071428571619,0.6439486084912329,0.6439486084912329,0.6439486084912329,0.6439486084912329
flocking_robust_active,8,0.7017424567675499,0.7017424567675499,1.0,0.6147230133254385,0.6147230133254385,1.0,0.0,0.0,0.0,0.0,0.0,1.0,,0.7122543774412633,1.8377601070991703,0.95,1.7665623603669196,3.7127616585146987,4.555276588040966,0.506794599269686,4,3306,634752,0.7199999999999999,0.0,0.0,0.0,0.0,0,1.0,0.0,7.99375,1.0,0.0,0.0,0.0,0.00625,0.2898675683995375,192.43433941515346,1.096266790991649,mixed_dropout,0.16223989290082974,0.0,0.6147230133254385,0.6147230133254385,0.6147230133254385,0.6147230133254385
flocking_robust_active,9,0.6872407626532712,0.6872407626532712,1.0,0.5986542809583397,0.5986542809583397,1.0,0.0,0.0,0.0,0.0,0.0,1.0,,0.7152796127163527,1.7763955671487721,0.96875,1.848370692766067,3.6748846749126303,4.416776727492783,0.525151670968002,6,3206,615552,0.7199999999999999,0.0,0.0,0.0,0.0,0,1.0,0.0,7.90625,1.0,0.0,0.00625,0.00625,0.09375,0.31535074816913167,226.35970263913396,1.059613041114062,mixed_dropout,0.22360443285122789,0.018750000000000044,0.5986542809583397,0.5986542809583397,0.5986542809583397,0.5986542809583397
flocking_robust_active,10,0.6787639845805824,0.6787639845805824,1.0,0.5883783153083175,0.5883783153083175,1.0,0.0,0.0,0.0,0.0,0.0,1.0,,0.6806206155371912,1.6808605964876364,0.9578125,1.664738769736139,3.7276177460847153,4.53149912564236,0.5106560714552228,3,3260,625920,0.7199999999999999,0.0,0.0,0.0,0.0,0,1.0,0.0,7.96875,1.0,0.0,0.0,0.0,0.03125,0.2830348499040727,155.0956900014003,1.0801021661609411,mixed_dropout,0.3191394035123636,0.0078125,0.5883783153083175,0.5883783153083175,0.5883783153083175,0.5883783153083175
flocking_robust_active,11,0.6321829616030756,0.6321829616030756,1.0,0.5459490444980324,0.5459490444980324,1.0,0.0,0.0,0.0,0.0,0.0,1.0,,0.6746461487280494,1.5985962437214616,0.96953125,1.7854656222502032,3.70679926040086,4.499909539080383,0.47631684173883704,1,3231,620352,0.7199999999999999,0.0,0.0,0.0,0.0,0,1.0,0.0,7.94375,1.0,0.0,0.0,0.0,0.05625,0.29492376259367503,197.8839370486487,1.0714782499708235,mixed_dropout,0.4014037562785384,0.01953125,0.5459490444980324,0.5459490444980324,0.5459490444980324,0.5459490444980324
flocking_robust_active,12,0.6467808978599,0.6467808978599,1.0,0.5834467479892733,0.5834467479892733,1.0,0.0,0.0,0.0,0.0,0.0,1.0,,0.6770820046799646,1.6303799350954016,0.975,1.7297423304714754,3.7049584439841707,4.535720125527744,0.5111757119741507,0,3286,630912,0.7199999999999999,0.0,0.0,0.0,0.0,0,1.0,0.0,7.94375,1.0,0.0,0.0,0.0,0.05625,0.28415824500221165,197.0839724315958,1.0698952921666205,mixed_dropout,0.3696200649045984,0.025000000000000022,0.5834467479892733,0.5834467479892733,0.5834467479892733,0.5834467479892733
flocking_robust_active,13,0.7016927078451225,0.7016927078451225,1.0,0.6276302726706294,0.6276302726706294,1.0,0.0,0.0,0.0,0.0,0.0,1.0,,0.715053682268945,1.796857906231279,0.98203125,1.8691973573856415,3.6898208173771763,4.555756978429622,0.5404067030486537,4,3261,626112,0.7199999999999999,0.0,0.0,0.0,0.0,0,1.0,0.0,7.95,1.0,0.0,0.0,0.0,0.05,0.29657715111871463,220.93949287624733,1.0687579170335084,mixed_dropout,0.20314209376872094,0.03203125000000007,0.6276302726706294,0.6276302726706294,0.6276302726706294,0.6276302726706294
flocking_robust_active,14,0.6584987765055444,0.6584987765055444,1.0,0.5812291170098015,0.5812291170098015,1.0,0.0,0.0,0.0,0.0,0.0,1.0,,0.6659240698404519,1.5934274444635612,0.9700892857142858,1.7248498878627239,3.705674506630017,4.531027218518534,0.49681140709034954,0,3276,628992,0.7199999999999999,0.0,0.0,0.0,0.0,0,1.0,0.0,7.95,1.0,0.0,0.0,0.0,0.05,0.29841769895745374,199.27309941521833,1.0770794579293579,mixed_dropout,0.4065725555364388,0.02008928571428581,0.5812291170098015,0.5812291170098015,0.5812291170098015,0.5812291170098015
flocking_robust_active,15,0.6347492515708391,0.6347492515708391,1.0,0.5618984742084635,0.5618984742084635,1.0,0.0,0.0,0.0,0.0,0.0,1.0,,0.6850867848735894,1.655966719125986,0.96796875,1.74548880898882,3.697574552792898,4.4841076093553,0.5450329483895846,0,3282,630144,0.7199999999999999,0.0,0.0,0.0,0.0,0,1.0,0.0,7.91875,1.0,0.0,0.0,0.0,0.08125,0.30069557005342057,214.76215899043333,1.0662464580964297,mixed_dropout,0.3440332808740141,0.01796875000000009,0.5618984742084635,0.5618984742084635,0.5618984742084635,0.5618984742084635
flocking_robust_active,16,0.6573938160407072,0.6573938160407072,1.0,0.5885969763588996,0.5885969763588996,1.0,0.0,0.0,0.0,0.0,0.0,1.0,,0.6739166536097948,1.5986787436806402,0.9890625,1.8329875221285434,3.700051435700936,4.52569414118354,0.5019574524778451,0,3290,631680,0.7199999999999999,0.0,0.0,0.0,0.0,0,1.0,0.0,7.93125,1.0,0.0,0.0,0.0,0.06875,0.2992856223885379,211.11302159924554,1.0768189169466496,mixed_dropout,0.4013212563193598,0.0390625,0.5885969763588996,0.5885969763588996,0.5885969763588996,0.5885969763588996
flocking_robust_active,17,0.7053875080661328,0.7053875080661328,1.0,0.6267630395940575,0.6267630395940575,1.0,0.0,0.0,0.0,0.0,0.0,1.0,,0.713907684296645,1.8115053520691329,0.9668526785714284,1.7741080873123067,3.718812780143827,4.549141526538753,0.5089204697161593,0,3259,625728,0.7199999999999999,0.0,0.0,0.0,0.0,0,1.0,0.0,7.9125,1.0,0.0,0.0,0.0,0.0875,0.2960533207684085,176.75787151003618,1.0634199159685522,mixed_dropout,0.18849464793086712,0.01685267857142847,0.6267630395940575,0.6267630395940575,0.6267630395940575,0.6267630395940575
flocking_robust_active,18,0.594750873413774,0.594750873413774,1.0,0.5231640825203456,0.5231640825203456,1.0,0.0,0.0,0.0,0.0,0.0,1.0,,0.626850966341366,1.3969823104363943,0.9854910714285715,1.7680373211632994,3.7112449842690425,4.541417052946365,0.44985829596743254,0,3267,627264,0.7199999999999999,0.0,0.0,0.0,0.0,0,1.0,0.0,7.94375,1.0,0.0,0.0,0.0,0.05625,0.28847152336837073,184.06441313050323,1.0700153750367463,mixed_dropout,0.6030176895636057,0.03549107142857155,0.5231640825203456,0.5231640825203456,0.5231640825203456,0.5231640825203456
flocking_robust_active,19,0.6851326482186976,0.6851326482186976,1.0,0.6063966874387532,0.6063966874387532,1.0,0.0,0.0,0.0,0.0,0.0,1.0,,0.7026241160919711,1.7616442339656768,0.9629464285714286,1.758015527241978,3.699827208266619,4.510310277709193,0.5029540057571293,1,3271,628032,0.7199999999999999,0.0,0.0,0.0,0.0,0,1.0,0.0,7.89375,1.0,0.0,0.0,0.0,0.10625,0.3001096836862229,201.82650020446732,1.047715499997139,mixed_dropout,0.23835576603432318,0.012946428571428692,0.6063966874387532,0.6063966874387532,0.6063966874387532,0.6063966874387532
flocking_robust_active,20,0.6392868865407811,0.6392868865407811,1.0,0.5667121888417015,0.5667121888417015,1.0,0.0,0.0,0.0,0.0,0.0,1.0,,0.6573081426546242,1.5549241785128616,0.97890625,1.6194411572784368,3.7301253120948346,4.473630333780113,0.4718568822860668,3,3267,627264,0.7199999999999999,0.0,0.0,0.0,0.0,0,1.0,0.0,7.90625,1.0,0.0,0.0,0.0,0.09375,0.29696393668037935,159.93992499158492,1.0634009591303766,mixed_dropout,0.4450758214871384,0.028906250000000022,0.5667121888417015,0.5667121888417015,0.5667121888417015,0.5667121888417015
flocking_robust_active,21,0.6774049515687917,0.6774049515687917,1.0,0.5968839048611768,0.5968839048611768,1.0,0.0,0.0,0.0,0.0,0.0,1.0,,0.684649763452397,1.688374953034884,0.9638392857142858,1.700343333680894,3.71592063252285,4.57642438488036,0.4771769927238715,1,3312,635904,0.7199999999999999,0.0,0.0,0.0,0.0,0,1.0,0.0,7.925,1.0,0.0,0.0,0.0,0.075,0.2828534548757574,174.50466441447045,1.0656510421540588,mixed_dropout,0.31162504696511606,0.013839285714285832,0.5968839048611768,0.5968839048611768,0.5968839048611768,0.5968839048611768
flocking_robust_active,22,0.714987686098493,0.714987686098493,1.0,0.6310640128213676,0.6310640128213676,1.0,0.0,0.0,0.0,0.0,0.0,1.0,,0.7383999919370409,1.8882656668127211,0.95,1.754245982998554,3.6843553712957204,4.539315836032443,0.5110687368377989,1,3269,627648,0.7199999999999999,0.0,0.0,0.0,0.0,0,1.0,0.0,7.96875,1.0,0.0,0.0,0.0,0.03125,0.2964922018158934,235.04455573390706,1.0883317498955876,mixed_dropout,0.11173433318727888,0.0,0.6310640128213676,0.6310640128213676,0.6310640128213676,0.6310640128213676
flocking_robust_active,23,0.620993657730775,0.620993657730775,1.0,0.5509626071767115,0.5509626071767115,1.0,0.0,0.0,0.0,0.0,0.0,1.0,,0.6308278098075529,1.4233276409937334,0.99453125,1.649147672061002,3.7186801092196853,4.557749879311489,0.4536401722550044,0,3300,633600,0.7199999999999999,0.0,0.0,0.0,0.0,0,1.0,0.0,7.95625,1.0,0.0,0.0,0.0,0.04375,0.2739286465611016,176.41113924973004,1.099028040887788,mixed_dropout,0.5766723590062666,0.04453125000000002,0.5509626071767115,0.5509626071767115,0.5509626071767115,0.5509626071767115
flocking_robust_active,24,0.666559983723881,0.666559983723881,1.0,0.5908726906493336,0.5908726906493336,1.0,0.0,0.0,0.0,0.0,0.0,1.0,,0.7194645580663905,1.8577107066451315,0.9578125,1.7211417318630804,3.726642938243453,4.533637395377026,0.45785568223110573,2,3238,621696,0.7199999999999999,0.0,0.0,0.0,0.0,0,1.0,0.0,7.9625,1.0,0.0,0.0,0.0,0.0375,0.30977451423664765,167.470059530769,1.0761251249350607,mixed_dropout,0.1422892933548685,0.0078125,0.5908726906493336,0.5908726906493336,0.5908726906493336,0.5908726906493336
flocking_robust_active,25,0.7604504543977295,0.7604504543977295,1.0,0.6729824692401289,0.6729824692401289,1.0,0.0,0.0,0.0,0.0,0.0,1.0,,0.7717543550617387,2.101097139816847,0.9431547619047619,1.8407059341881862,3.6945604493793347,4.4985873459501615,0.49871121334503615,3,3222,618624,0.7199999999999999,0.0,0.0,0.0,0.0,0,1.0,0.0,7.86875,1.0,0.0,0.0,0.0,0.13125,0.3221560684422048,216.8141199187901,1.062854457879439,mixed_dropout,0.1010971398168472,0.006845238095238071,0.6729824692401289,0.6729824692401289,0.6729824692401289,0.6729824692401289
flocking_robust_active,26,0.6806704534608775,0.6806704534608775,1.0,0.6039160519286366,0.6039160519286366,1.0,0.0,0.0,0.0,0.0,0.0,1.0,,0.6840829567271177,1.654654180350936,0.97265625,1.6904708281074143,3.702321880648735,4.546745632407789,0.4630460769836112,0,3280,629760,0.7199999999999999,0.0,0.0,0.0,0.0,0,1.0,0.0,7.94375,1.0,0.0,0.0,0.0,0.05625,0.2940729771898305,209.27496422173445,1.0744722080416977,mixed_dropout,0.34534581964906397,0.022656250000000044,0.6039160519286366,0.6039160519286366,0.6039160519286366,0.6039160519286366
flocking_robust_active,27,0.6562943884659492,0.6562943884659492,1.0,0.5750122617646617,0.5750122617646617,1.0,0.0,0.0,0.0,0.0,0.0,1.0,,0.6828850765915202,1.6554436559938488,0.9671875,1.7392424769385215,3.7202252079471947,4.528549276190626,0.49814671105340613,3,3294,632448,0.7199999999999999,0.0,0.0,0.0,0.0,0,1.0,0.0,7.93125,1.0,0.0,0.0,0.0,0.06875,0.3035410571748361,183.58982083103203,1.0722150839865208,mixed_dropout,0.3445563440061512,0.017187500000000022,0.5750122617646617,0.5750122617646617,0.5750122617646617,0.5750122617646617
flocking_robust_active,28,0.6752412593448053,0.6752412593448053,1.0,0.5643754334986277,0.5643754334986277,1.0,0.0,0.0,0.0,0.0,0.0,1.0,,0.7115533966581725,1.7916515348408215,0.9541294642857142,1.7729024667675042,3.703896779222961,4.480262736942158,0.4935328272175372,9,3215,617280,0.7199999999999999,0.0,0.0,0.0,0.0,0,1.0,0.0,7.9375,1.0,0.0,0.0,0.0,0.0625,0.2836352416285627,203.043250641799,1.0685057919472456,mixed_dropout,0.2083484651591785,0.004129464285714257,0.5643754334986277,0.5643754334986277,0.5643754334986277,0.5643754334986277
flocking_robust_active,29,0.6309779813841933,0.6309779813841933,1.0,0.549231981968138,0.549231981968138,1.0,0.0,0.0,0.0,0.0,0.0,1.0,,0.6623786758438246,1.55362874015707,0.9748883928571429,1.7235396513404264,3.7024661664452694,4.535097158639344,0.4898365226198241,1,3242,622464,0.7199999999999999,0.0,0.0,0.0,0.0,0,1.0,0.0,7.93125,1.0,0.0,0.0,0.0,0.06875,0.30206490888148224,204.32882736293973,1.064569333102554,mixed_dropout,0.4463712598429299,0.02488839285714295,0.549231981968138,0.549231981968138,0.549231981968138,0.549231981968138
flocking_robust_multiflock,0,0.7442006247445309,0.7442006247445309,1.0,0.6442160363757159,0.6442160363757159,1.0,0.0,0.0,0.0,0.0,0.0,1.0,,0.7518222373837317,1.8245645586773676,0.9633928571428573,1.6810533949574278,3.759882159326449,3.8385397002767894,0.9032473279306308,1,3840,737280,0.7199999999999999,0.0,0.0,0.0,0.0,0,1.0,0.0,7.875,1.0,0.0,0.0,0.0,0.125,0.31431476890019067,230.47680696901892,1.174797415966168,communication_delay,0.17543544132263245,0.013392857142857317,0.6442160363757159,0.6442160363757159,0.6442160363757159,0.6442160363757159
flocking_robust_multiflock,1,0.7139548548120982,0.7139548548120982,1.0,0.638513761675223,0.638513761675223,1.0,0.0,0.0,0.0,0.0,0.0,1.0,,0.7560482440958132,1.7161156454804858,0.9733258928571429,1.7303449548740617,3.6825508406416647,4.106957311450333,0.9066326817157802,0,3840,737280,0.7199999999999999,0.0,0.0,0.0,0.0,0,1.0,0.0,7.925,1.0,0.0,0.0,0.0,0.075,0.30803103121496844,205.8489511099496,1.1896232499275357,communication_delay,0.2838843545195142,0.023325892857142927,0.638513761675223,0.638513761675223,0.638513761675223,0.638513761675223
flocking_robust_multiflock,2,0.7312381849536839,0.7312381849536839,1.0,0.6579617168411808,0.6579617168411808,1.0,0.0,0.0,0.0,0.0,0.0,1.0,,0.7597395988735278,1.7406455897846853,0.9737723214285715,1.7065416260576665,3.6581309251195813,3.91631555079774,0.9297362342182962,1,3840,737280,0.7199999999999999,0.0,0.0,0.0,0.0,0,1.0,0.0,7.9,1.0,0.0,0.03125,0.03125,0.0875,0.3008133149703589,216.82983666832436,1.1934108750429004,communication_delay,0.2593544102153147,0.023772321428571552,0.6579617168411808,0.6579617168411808,0.6579617168411808,0.6579617168411808
flocking_robust_multiflock,3,0.670928607169983,0.670928607169983,1.0,0.5946019999119301,0.5946019999119301,1.0,0.0,0.0,0.0,0.0,0.0,1.0,,0.7400555956940225,1.6935799531614382,0.9758928571428571,1.8011861484867873,3.728255089259858,3.600647570104144,0.9084100384720202,0,3840,737280,0.7199999999999999,0.0,0.0,0.0,0.0,0,1.0,0.0,7.81875,1.0,0.0,0.03125,0.03125,0.16875,0.30575271692409817,228.18913097237078,1.168305709026754,communication_delay,0.30642004683856183,0.025892857142857162,0.5946019999119301,0.5946019999119301,0.5946019999119301,0.5946019999119301
flocking_robust_multiflock,4,0.665643401223013,0.665643401223013,1.0,0.5960923444267572,0.5960923444267572,1.0,0.0,0.0,0.0,0.0,0.0,1.0,,0.6923483242195854,1.6110389693172351,0.9765625,1.6762281146181461,3.7862457266446397,3.2358758601383335,0.8294513845924687,0,3840,737280,0.7199999999999999,0.0,0.0,0.0,0.0,0,1.0,0.0,7.9875,1.0,0.0,0.0,0.0,0.0125,0.2640393745996049,222.97439282725915,1.2029992919415236,communication_delay,0.3889610306827649,0.026562500000000044,0.5960923444267572,0.5960923444267572,0.5960923444267572,0.5960923444267572
flocking_robust_multiflock,5,0.6024404343258714,0.6024404343258714,1.0,0.5298912614309091,0.5298912614309091,1.0,0.0,0.0,0.0,0.0,0.0,1.0,,0.7469178293738601,1.6728082584671735,0.9717633928571429,1.7918870585822824,3.6705780291948096,4.243910893697489,0.9045001640899887,0,3840,737280,0.7199999999999999,0.0,0.0,0.0,0.0,0,1.0,0.0,7.98125,1.0,0.0,0.0,0.0,0.01875,0.29720595726553584,204.51805435493867,1.224553625099361,communication_delay,0.3271917415328265,0.021763392857142905,0.5298912614309091,0.5298912614309091,0.5298912614309091,0.5298912614309091
flocking_robust_multiflock,6,0.6703355988954419,0.6703355988954419,1.0,0.5877735061490295,0.5877735061490295,1.0,0.0,0.0,0.0,0.0,0.0,1.0,,0.7094400777100869,1.641218932696885,0.9723214285714287,1.7158719803952949,3.750864538139318,4.051651866634285,0.8690495205452928,0,3840,737280,0.7199999999999999,0.0,0.0,0.0,0.0,0,1.0,0.0,7.95,1.0,0.0,0.0,0.0,0.05,0.29677534878056816,227.8116072790793,1.1980232500936836,communication_delay,0.3587810673031151,0.022321428571428714,0.5877735061490295,0.5877735061490295,0.5877735061490295,0.5877735061490295
flocking_robust_multiflock,7,0.7444739411693841,0.7444739411693841,1.0,0.6574289957954215,0.6574289957954215,1.0,0.0,0.0,0.0,0.0,0.0,1.0,,0.7373047944125531,1.703615799704113,0.9630580357142857,1.7098966010255858,3.6867253467644936,4.510394284762879,0.8906557538684957,2,3840,737280,0.7199999999999999,0.0,0.0,0.0,0.0,0,1.0,0.0,7.94375,1.0,0.0,0.00625,0.00625,0.05625,0.2987764699897002,175.88761207827065,1.1905255001038313,communication_delay,0.29638420029588697,0.013058035714285765,0.6574289957954215,0.6574289957954215,0.6574289957954215,0.6574289957954215
flocking_robust_multiflock,8,0.659562006404013,0.659562006404013,1.0,0.5830645479295735,0.5830645479295735,1.0,0.0,0.0,0.0,0.0,0.0,1.0,,0.7513995542746063,1.7536017009210592,0.9598214285714286,1.8068232266122055,3.6970889385517993,4.168970216079648,0.9164360607898001,3,3840,737280,0.7199999999999999,0.0,0.0,0.0,0.0,0,1.0,0.0,7.93125,1.0,0.0,0.0,0.0,0.06875,0.2969173573366725,223.5017829455972,1.184337625047192,communication_delay,0.24639829907894084,0.009821428571428648,0.5830645479295735,0.5830645479295735,0.5830645479295735,0.5830645479295735
flocking_robust_multiflock,9,0.7208708953551854,0.7208708953551854,1.0,0.6337360503003993,0.6337360503003993,1.0,0.0,0.0,0.0,0.0,0.0,1.0,,0.7422351498083066,1.7164611649607007,0.9728794642857143,1.8050729089611366,3.711822680069402,3.1772293596500694,0.9253251045057619,0,3840,737280,0.7199999999999999,0.0,0.0,0.0,0.0,0,1.0,0.0,7.8625,1.0,0.0,0.0,0.0,0.1375,0.3082978859076666,245.33345884826198,1.1894825829658657,communication_delay,0.28353883503929933,0.0228794642857143,0.6337360503003993,0.6337360503003993,0.6337360503003993,0.6337360503003993
flocking_robust_multiflock,10,0.687414737195078,0.687414737195078,1.0,0.6172058960282826,0.6172058960282826,1.0,0.0,0.0,0.0,0.0,0.0,1.0,,0.7564443138289163,1.7359912362662215,0.9636160714285715,1.7287537162553268,3.6852893792959778,4.381935139839588,0.8980375995207215,3,3840,737280,0.7199999999999999,0.0,0.0,0.0,0.0,0,1.0,0.0,7.91875,1.0,0.0,0.0,0.0,0.08125,0.28906897643090435,186.99472411133058,1.1874036660883576,communication_delay,0.26400876373377846,0.013616071428571574,0.6172058960282826,0.6172058960282826,0.6172058960282826,0.6172058960282826
flocking_robust_multiflock,11,0.7038301220628113,0.7038301220628113,1.0,0.6075566813500932,0.6075566813500932,1.0,0.0,0.0,0.0,0.0,0.0,1.0,,0.7273245463077024,1.6068628395284819,0.978125,1.7501428020314989,3.6698065069643606,4.012342504989624,0.8930413026892937,2,3840,737280,0.7199999999999999,0.0,0.0,0.0,0.0,0,1.0,0.0,7.8875,1.0,0.0,0.00625,0.00625,0.1125,0.30489927087299573,219.296958882562,1.1730822920799255,communication_delay,0.39313716047151814,0.028125000000000067,0.6075566813500932,0.6075566813500932,0.6075566813500932,0.6075566813500932
flocking_robust_multiflock,12,0.6717080244976233,0.6717080244976233,1.0,0.5898088102419613,0.5898088102419613,1.0,0.0,0.0,0.0,0.0,0.0,1.0,,0.7419342808807264,1.7311730906310578,0.9676339285714286,1.712320794911811,3.7173593445331776,3.9913476725773847,0.9083483677513291,3,3840,737280,0.7199999999999999,0.0,0.0,0.0,0.0,0,1.0,0.0,7.93125,1.0,0.0,0.0,0.0,0.06875,0.29962723022200716,209.0591271519184,1.1871119169518352,communication_delay,0.26882690936894216,0.017633928571428648,0.5898088102419613,0.5898088102419613,0.5898088102419613,0.5898088102419613
flocking_robust_multiflock,13,0.6324678250862363,0.6324678250862363,1.0,0.5491230862807948,0.5491230862807948,1.0,0.0,0.0,0.0,0.0,0.0,1.0,,0.740888253291096,1.751952710281645,0.96875,1.7935267238617727,3.726953565306259,3.66945910691517,0.9086089085501866,4,3840,737280,0.7199999999999999,0.0,0.0,0.0,0.0,0,1.0,0.0,7.95,1.0,0.0,0.0,0.0,0.05,0.29482507671367947,234.12935342062065,1.1965331251267344,communication_delay,0.248047289718355,0.018750000000000044,0.5491230862807948,0.5491230862807948,0.5491230862807948,0.5491230862807948
flocking_robust_multiflock,14,0.6987317035752869,0.6987317035752869,1.0,0.5945818942581351,0.5945818942581351,1.0,0.0,0.0,0.0,0.0,0.0,1.0,,0.746234428949354,1.7339941030812038,0.9683035714285715,1.7436059062554148,3.7131252682021385,3.489266163173865,0.8996830967844502,2,3840,737280,0.7199999999999999,0.0,0.0,0.0,0.0,0,1.0,0.0,7.8375,1.0,0.0,0.025,0.025,0.15625,0.3043552117938642,222.9350102851776,1.1670897919684649,communication_delay,0.26600589691879617,0.01830357142857153,0.5945818942581351,0.5945818942581351,0.5945818942581351,0.5945818942581351
flocking_robust_multiflock,15,0.73673013976798,0.73673013976798,1.0,0.6531525104388101,0.6531525104388101,1.0,0.0,0.0,0.0,0.0,0.0,1.0,,0.7508369359264665,1.754597909910957,0.9629464285714286,1.7696949014955994,3.7022337466498514,4.037883244555403,0.899602961313987,0,3840,737280,0.7199999999999999,0.0,0.0,0.0,0.0,0,1.0,0.0,7.9375,1.0,0.0,0.0,0.0,0.0625,0.29105569690555366,239.82566760263396,1.188489624997601,communication_delay,0.245402090089043,0.012946428571428692,0.6531525104388101,0.6531525104388101,0.6531525104388101,0.6531525104388101
flocking_robust_multiflock,16,0.7195463295827579,0.7195463295827579,1.0,0.6497927241526025,0.6497927241526025,1.0,0.0,0.0,0.0,0.0,0.0,1.0,,0.7486499971786215,1.7193076706531865,0.9670758928571429,1.7423168265248408,3.6874331650728287,4.048443147324812,0.9307006525215943,0,3840,737280,0.7199999999999999,0.0,0.0,0.0,0.0,0,1.0,0.0,7.93125,1.0,0.0,0.0,0.0,0.06875,0.3138908693719769,233.14405827388228,1.18943433300592,communication_delay,0.28069232934681354,0.01707589285714295,0.6497927241526025,0.6497927241526025,0.6497927241526025,0.6497927241526025
flocking_robust_multiflock,17,0.7062731473982549,0.7062731473982549,1.0,0.6182166420029778,0.6182166420029778,1.0,0.0,0.0,0.0,0.0,0.0,1.0,,0.7466729452818663,1.6314247321206108,0.97109375,1.76857977897603,3.6240192465604117,4.166331577160779,0.9047819218580571,1,3840,737280,0.7199999999999999,0.0,0.0,0.0,0.0,0,1.0,0.0,7.9,1.0,0.0,0.0,0.0,0.1,0.29772490166081333,227.72649540981405,1.184466333128512,communication_delay,0.3685752678793892,0.021093750000000022,0.6182166420029778,0.6182166420029778,0.6182166420029778,0.6182166420029778
flocking_robust_multiflock,18,0.7197397084508265,0.7197397084508265,1.0,0.6412458796357672,0.6412458796357672,1.0,0.0,0.0,0.0,0.0,0.0,1.0,,0.7379130215805519,1.6745669627111937,0.9717633928571429,1.8018114579359363,3.6840344331178736,4.169418058507658,0.913626888276783,1,3840,737280,0.7199999999999999,0.0,0.0,0.0,0.0,0,1.0,0.0,7.9625,1.0,0.0,0.0,0.0,0.0375,0.2967992134626404,200.52304967441233,1.1907831670250744,communication_delay,0.32543303728880635,0.021763392857142905,0.6412458796357672,0.6412458796357672,0.6412458796357672,0.6412458796357672
flocking_robust_multiflock,19,0.7255071556398053,0.7255071556398053,1.0,0.6449451806488118,0.6449451806488118,1.0,0.0,0.0,0.0,0.0,0.0,1.0,,0.7719706711780574,1.705011145324947,0.9756324404761905,1.7151350697861076,3.6355006962568894,4.031458297162591,0.9372384069823546,0,3840,737280,0.7199999999999999,0.0,0.0,0.0,0.0,0,1.0,0.0,7.83125,1.0,0.0,0.025,0.025,0.1625,0.3214948137129248,246.20160290180652,1.1607355831656605,communication_delay,0.294988854675053,0.02563244047619051,0.6449451806488118,0.6449451806488118,0.6449451806488118,0.6449451806488118
flocking_robust_multiflock,20,0.6996431718127236,0.6996431718127236,1.0,0.6058931236108785,0.6058931236108785,1.0,0.0,0.0,0.0,0.0,0.0,1.0,,0.7451657477740692,1.650443353238456,0.9709821428571429,1.6951718040124795,3.64446386474091,4.100512272168089,0.8946490874124938,4,3840,737280,0.7199999999999999,0.0,0.0,0.0,0.0,0,1.0,0.0,7.9375,1.0,0.0,0.0,0.0,0.0625,0.31416585239305217,200.5289085501164,1.1854825830087066,communication_delay,0.3495566467615441,0.02098214285714295,0.6058931236108785,0.6058931236108785,0.6058931236108785,0.6058931236108785
flocking_robust_multiflock,21,0.6491588979541204,0.6491588979541204,1.0,0.5695395518952274,0.5695395518952274,1.0,0.0,0.0,0.0,0.0,0.0,1.0,,0.7330765854297134,1.6694141317053575,0.9725446428571429,1.7400259688279989,3.7042882476765597,4.5929518914018335,0.9016401120491124,1,3840,737280,0.7199999999999999,0.0,0.0,0.0,0.0,0,1.0,0.0,7.93125,1.0,0.0,0.0,0.0,0.06875,0.2982878790166083,187.1607316616371,1.1596412500366569,communication_delay,0.33058586829464254,0.02254464285714297,0.5695395518952274,0.5695395518952274,0.5695395518952274,0.5695395518952274
flocking_robust_multiflock,22,0.6940586086669918,0.6940586086669918,1.0,0.6177959310769667,0.6177959310769667,1.0,0.0,0.0,0.0,0.0,0.0,1.0,,0.7369858550828079,1.7093332676223614,0.9630580357142857,1.750042863280473,3.734705368061185,3.3500496199388308,0.8866020426250867,0,3840,737280,0.7199999999999999,0.0,0.0,0.0,0.0,0,1.0,0.0,7.90625,1.0,0.0,0.0,0.0,0.09375,0.2903340757617631,253.77900434695357,1.1753469579853117,communication_delay,0.2906667323776386,0.013058035714285765,0.6177959310769667,0.6177959310769667,0.6177959310769667,0.6177959310769667
flocking_robust_multiflock,23,0.7164709033503086,0.7164709033503086,1.0,0.6285452822097549,0.6285452822097549,1.0,0.0,0.0,0.0,0.0,0.0,1.0,,0.7444324562493189,1.6459765833221105,0.9700892857142858,1.754252018151417,3.6420226020824247,4.145536373601078,0.9100209402413588,1,3840,737280,0.7199999999999999,0.0,0.0,0.0,0.0,0,1.0,0.0,7.94375,1.0,0.0,0.0,0.0,0.05625,0.29443644401625,211.55868324694765,1.1686776671558619,communication_delay,0.3540234166778895,0.02008928571428581,0.6285452822097549,0.6285452822097549,0.6285452822097549,0.6285452822097549
flocking_robust_multiflock,24,0.7263645278100047,0.7263645278100047,1.0,0.6423464759899599,0.6423464759899599,1.0,0.0,0.0,0.0,0.0,0.0,1.0,,0.7475169776500769,1.717740435195216,0.9658482142857144,1.6572064462827634,3.6831966117960895,4.450515876226446,0.9063505030442343,1,3840,737280,0.7199999999999999,0.0,0.0,0.0,0.0,0,1.0,0.0,7.9125,1.0,0.0,0.0,0.0,0.0875,0.32287180885463346,198.4948265848987,1.175745917018503,communication_delay,0.2822595648047841,0.01584821428571448,0.6423464759899599,0.6423464759899599,0.6423464759899599,0.6423464759899599
flocking_robust_multiflock,25,0.7311737499195017,0.7311737499195017,1.0,0.6365982881188614,0.6365982881188614,1.0,0.0,0.0,0.0,0.0,0.0,1.0,,0.8124783862680235,1.9418636879271578,0.9555431547619048,1.7746823679256263,3.669038093422819,2.71384461777063,0.938752345833531,5,3840,737280,0.7199999999999999,0.0,0.0,0.0,0.0,0,1.0,0.0,7.75625,1.0,0.0,0.04375,0.04375,0.225,0.3272400153843927,256.0159365482643,1.1464853330980986,communication_delay,0.0581363120728422,0.005543154761904812,0.6365982881188614,0.6365982881188614,0.6365982881188614,0.6365982881188614
flocking_robust_multiflock,26,0.7082856710931499,0.7082856710931499,1.0,0.6476838600477786,0.6476838600477786,1.0,0.0,0.0,0.0,0.0,0.0,1.0,,0.737383200142995,1.6377928844458278,0.9780133928571428,1.6427436200539602,3.672643540145033,3.7796140536498823,0.909616467659132,0,3840,737280,0.7199999999999999,0.0,0.0,0.0,0.0,0,1.0,0.0,7.88125,1.0,0.0,0.0,0.0,0.11875,0.30091874599128693,238.1151532073895,1.1745367909315974,communication_delay,0.3622071155541722,0.028013392857142883,0.6476838600477786,0.6476838600477786,0.6476838600477786,0.6476838600477786
flocking_robust_multiflock,27,0.6546313798786985,0.6546313798786985,1.0,0.5800577048768852,0.5800577048768852,1.0,0.0,0.0,0.0,0.0,0.0,1.0,,0.7511889989568707,1.69822091676891,0.9690848214285716,1.7420584610183387,3.650986089811389,4.001308711189816,0.915572252471122,0,3840,737280,0.7199999999999999,0.0,0.0,0.0,0.0,0,1.0,0.0,7.94375,1.0,0.0,0.0,0.0,0.05625,0.30655088092424254,221.6412747482344,1.1805992920417339,communication_delay,0.30177908323109004,0.019084821428571597,0.5800577048768852,0.5800577048768852,0.5800577048768852,0.5800577048768852
flocking_robust_multiflock,28,0.739627660183716,0.739627660183716,1.0,0.6379405406212149,0.6379405406212149,1.0,0.0,0.0,0.0,0.0,0.0,1.0,,0.7583141916944236,1.733125104646963,0.9657366071428571,1.7700183214941738,3.655973817790307,3.868090506201966,0.8970176386850666,5,3840,737280,0.7199999999999999,0.0,0.0,0.0,0.0,0,1.0,0.0,7.875,1.0,0.0,0.0,0.0,0.125,0.29000841107793196,239.24623926334175,1.187932750210166,communication_delay,0.2668748953530371,0.015736607142857184,0.6379405406212149,0.6379405406212149,0.6379405406212149,0.6379405406212149
flocking_robust_multiflock,29,0.7158520344813641,0.7158520344813641,1.0,0.6450152208847606,0.6450152208847606,1.0,0.0,0.0,0.0,0.0,0.0,1.0,,0.7328095000678986,1.6374738263165434,0.9828125,1.8017499385539586,3.665592841693365,3.1005738547429713,0.9042178403682112,0,3840,737280,0.7199999999999999,0.0,0.0,0.0,0.0,0,1.0,0.0,7.8875,1.0,0.0,0.0,0.0,0.1125,0.3044840462565702,248.23321579008217,1.169468249892816,communication_delay,0.36252617368345663,0.03281250000000002,0.6450152208847606,0.6450152208847606,0.6450152208847606,0.6450152208847606
flocking_robust_temporal,0,0.7442006247445309,0.7442006247445309,1.0,0.6442160363757159,0.6442160363757159,1.0,0.0,0.0,0.0,0.0,0.0,1.0,,0.7518222373837317,1.8245645586773676,0.9633928571428573,1.6810533949574278,3.759882159326449,3.8385397002767894,0.9032473279306308,1,3840,737280,0.7199999999999999,0.0,0.0,0.0,0.0,0,1.0,0.0,7.875,1.0,0.0,0.0,0.0,0.125,0.31431476890019067,230.47680696901892,1.171488791005686,communication_delay,0.17543544132263245,0.013392857142857317,0.6442160363757159,0.6442160363757159,0.6442160363757159,0.6442160363757159
flocking_robust_temporal,1,0.7139548548120982,0.7139548548120982,1.0,0.638513761675223,0.638513761675223,1.0,0.0,0.0,0.0,0.0,0.0,1.0,,0.7560482440958132,1.7161156454804858,0.9733258928571429,1.7303449548740617,3.6825508406416647,4.106957311450333,0.9066326817157802,0,3840,737280,0.7199999999999999,0.0,0.0,0.0,0.0,0,1.0,0.0,7.925,1.0,0.0,0.0,0.0,0.075,0.30803103121496844,205.8489511099496,1.1827572078909725,communication_delay,0.2838843545195142,0.023325892857142927,0.638513761675223,0.638513761675223,0.638513761675223,0.638513761675223
flocking_robust_temporal,2,0.7312381849536839,0.7312381849536839,1.0,0.6579617168411808,0.6579617168411808,1.0,0.0,0.0,0.0,0.0,0.0,1.0,,0.7597395988735278,1.7406455897846853,0.9737723214285715,1.7065416260576665,3.6581309251195813,3.91631555079774,0.9297362342182962,1,3840,737280,0.7199999999999999,0.0,0.0,0.0,0.0,0,1.0,0.0,7.9,1.0,0.0,0.03125,0.03125,0.0875,0.3008133149703589,216.82983666832436,1.186442625010386,communication_delay,0.2593544102153147,0.023772321428571552,0.6579617168411808,0.6579617168411808,0.6579617168411808,0.6579617168411808
flocking_robust_temporal,3,0.670928607169983,0.670928607169983,1.0,0.5946019999119301,0.5946019999119301,1.0,0.0,0.0,0.0,0.0,0.0,1.0,,0.7400555956940225,1.6935799531614382,0.9758928571428571,1.8011861484867873,3.728255089259858,3.600647570104144,0.9084100384720202,0,3840,737280,0.7199999999999999,0.0,0.0,0.0,0.0,0,1.0,0.0,7.81875,1.0,0.0,0.03125,0.03125,0.16875,0.30575271692409817,228.18913097237078,1.1569327500183135,communication_delay,0.30642004683856183,0.025892857142857162,0.5946019999119301,0.5946019999119301,0.5946019999119301,0.5946019999119301
flocking_robust_temporal,4,0.665643401223013,0.665643401223013,1.0,0.5960923444267572,0.5960923444267572,1.0,0.0,0.0,0.0,0.0,0.0,1.0,,0.6923483242195854,1.6110389693172351,0.9765625,1.6762281146181461,3.7862457266446397,3.2358758601383335,0.8294513845924687,0,3840,737280,0.7199999999999999,0.0,0.0,0.0,0.0,0,1.0,0.0,7.9875,1.0,0.0,0.0,0.0,0.0125,0.2640393745996049,222.97439282725915,1.1904510839376599,communication_delay,0.3889610306827649,0.026562500000000044,0.5960923444267572,0.5960923444267572,0.5960923444267572,0.5960923444267572
flocking_robust_temporal,5,0.6024404343258714,0.6024404343258714,1.0,0.5298912614309091,0.5298912614309091,1.0,0.0,0.0,0.0,0.0,0.0,1.0,,0.7469178293738601,1.6728082584671735,0.9717633928571429,1.7918870585822824,3.6705780291948096,4.243910893697489,0.9045001640899887,0,3840,737280,0.7199999999999999,0.0,0.0,0.0,0.0,0,1.0,0.0,7.98125,1.0,0.0,0.0,0.0,0.01875,0.29720595726553584,204.51805435493867,1.191800625063479,communication_delay,0.3271917415328265,0.021763392857142905,0.5298912614309091,0.5298912614309091,0.5298912614309091,0.5298912614309091
flocking_robust_temporal,6,0.6703355988954419,0.6703355988954419,1.0,0.5877735061490295,0.5877735061490295,1.0,0.0,0.0,0.0,0.0,0.0,1.0,,0.7094400777100869,1.641218932696885,0.9723214285714287,1.7158719803952949,3.750864538139318,4.051651866634285,0.8690495205452928,0,3840,737280,0.7199999999999999,0.0,0.0,0.0,0.0,0,1.0,0.0,7.95,1.0,0.0,0.0,0.0,0.05,0.29677534878056816,227.8116072790793,1.1857582910452038,communication_delay,0.3587810673031151,0.022321428571428714,0.5877735061490295,0.5877735061490295,0.5877735061490295,0.5877735061490295
flocking_robust_temporal,7,0.7444739411693841,0.7444739411693841,1.0,0.6574289957954215,0.6574289957954215,1.0,0.0,0.0,0.0,0.0,0.0,1.0,,0.7373047944125531,1.703615799704113,0.9630580357142857,1.7098966010255858,3.6867253467644936,4.510394284762879,0.8906557538684957,2,3840,737280,0.7199999999999999,0.0,0.0,0.0,0.0,0,1.0,0.0,7.94375,1.0,0.0,0.00625,0.00625,0.05625,0.2987764699897002,175.88761207827065,1.1895992499776185,communication_delay,0.29638420029588697,0.013058035714285765,0.6574289957954215,0.6574289957954215,0.6574289957954215,0.6574289957954215
flocking_robust_temporal,8,0.659562006404013,0.659562006404013,1.0,0.5830645479295735,0.5830645479295735,1.0,0.0,0.0,0.0,0.0,0.0,1.0,,0.7513995542746063,1.7536017009210592,0.9598214285714286,1.8068232266122055,3.6970889385517993,4.168970216079648,0.9164360607898001,3,3840,737280,0.7199999999999999,0.0,0.0,0.0,0.0,0,1.0,0.0,7.93125,1.0,0.0,0.0,0.0,0.06875,0.2969173573366725,223.5017829455972,1.1783344999421388,communication_delay,0.24639829907894084,0.009821428571428648,0.5830645479295735,0.5830645479295735,0.5830645479295735,0.5830645479295735
flocking_robust_temporal,9,0.7208708953551854,0.7208708953551854,1.0,0.6337360503003993,0.6337360503003993,1.0,0.0,0.0,0.0,0.0,0.0,1.0,,0.7422351498083066,1.7164611649607007,0.9728794642857143,1.8050729089611366,3.711822680069402,3.1772293596500694,0.9253251045057619,0,3840,737280,0.7199999999999999,0.0,0.0,0.0,0.0,0,1.0,0.0,7.8625,1.0,0.0,0.0,0.0,0.1375,0.3082978859076666,245.33345884826198,1.1754487080033869,communication_delay,0.28353883503929933,0.0228794642857143,0.6337360503003993,0.6337360503003993,0.6337360503003993,0.6337360503003993
flocking_robust_temporal,10,0.687414737195078,0.687414737195078,1.0,0.6172058960282826,0.6172058960282826,1.0,0.0,0.0,0.0,0.0,0.0,1.0,,0.7564443138289163,1.7359912362662215,0.9636160714285715,1.7287537162553268,3.6852893792959778,4.381935139839588,0.8980375995207215,3,3840,737280,0.7199999999999999,0.0,0.0,0.0,0.0,0,1.0,0.0,7.91875,1.0,0.0,0.0,0.0,0.08125,0.28906897643090435,186.99472411133058,1.186754124937579,communication_delay,0.26400876373377846,0.013616071428571574,0.6172058960282826,0.6172058960282826,0.6172058960282826,0.6172058960282826
flocking_robust_temporal,11,0.7038301220628113,0.7038301220628113,1.0,0.6075566813500932,0.6075566813500932,1.0,0.0,0.0,0.0,0.0,0.0,1.0,,0.7273245463077024,1.6068628395284819,0.978125,1.7501428020314989,3.6698065069643606,4.012342504989624,0.8930413026892937,2,3840,737280,0.7199999999999999,0.0,0.0,0.0,0.0,0,1.0,0.0,7.8875,1.0,0.0,0.00625,0.00625,0.1125,0.30489927087299573,219.296958882562,1.1802479168400168,communication_delay,0.39313716047151814,0.028125000000000067,0.6075566813500932,0.6075566813500932,0.6075566813500932,0.6075566813500932
flocking_robust_temporal,12,0.6717080244976233,0.6717080244976233,1.0,0.5898088102419613,0.5898088102419613,1.0,0.0,0.0,0.0,0.0,0.0,1.0,,0.7419342808807264,1.7311730906310578,0.9676339285714286,1.712320794911811,3.7173593445331776,3.9913476725773847,0.9083483677513291,3,3840,737280,0.7199999999999999,0.0,0.0,0.0,0.0,0,1.0,0.0,7.93125,1.0,0.0,0.0,0.0,0.06875,0.29962723022200716,209.0591271519184,1.1978540001437068,communication_delay,0.26882690936894216,0.017633928571428648,0.5898088102419613,0.5898088102419613,0.5898088102419613,0.5898088102419613
flocking_robust_temporal,13,0.6324678250862363,0.6324678250862363,1.0,0.5491230862807948,0.5491230862807948,1.0,0.0,0.0,0.0,0.0,0.0,1.0,,0.740888253291096,1.751952710281645,0.96875,1.7935267238617727,3.726953565306259,3.66945910691517,0.9086089085501866,4,3840,737280,0.7199999999999999,0.0,0.0,0.0,0.0,0,1.0,0.0,7.95,1.0,0.0,0.0,0.0,0.05,0.29482507671367947,234.12935342062065,1.1989736671093851,communication_delay,0.248047289718355,0.018750000000000044,0.5491230862807948,0.5491230862807948,0.5491230862807948,0.5491230862807948
flocking_robust_temporal,14,0.6987317035752869,0.6987317035752869,1.0,0.5945818942581351,0.5945818942581351,1.0,0.0,0.0,0.0,0.0,0.0,1.0,,0.746234428949354,1.7339941030812038,0.9683035714285715,1.7436059062554148,3.7131252682021385,3.489266163173865,0.8996830967844502,2,3840,737280,0.7199999999999999,0.0,0.0,0.0,0.0,0,1.0,0.0,7.8375,1.0,0.0,0.025,0.025,0.15625,0.3043552117938642,222.9350102851776,1.1567549998871982,communication_delay,0.26600589691879617,0.01830357142857153,0.5945818942581351,0.5945818942581351,0.5945818942581351,0.5945818942581351
flocking_robust_temporal,15,0.73673013976798,0.73673013976798,1.0,0.6531525104388101,0.6531525104388101,1.0,0.0,0.0,0.0,0.0,0.0,1.0,,0.7508369359264665,1.754597909910957,0.9629464285714286,1.7696949014955994,3.7022337466498514,4.037883244555403,0.899602961313987,0,3840,737280,0.7199999999999999,0.0,0.0,0.0,0.0,0,1.0,0.0,7.9375,1.0,0.0,0.0,0.0,0.0625,0.29105569690555366,239.82566760263396,1.183126750169322,communication_delay,0.245402090089043,0.012946428571428692,0.6531525104388101,0.6531525104388101,0.6531525104388101,0.6531525104388101
flocking_robust_temporal,16,0.7195463295827579,0.7195463295827579,1.0,0.6497927241526025,0.6497927241526025,1.0,0.0,0.0,0.0,0.0,0.0,1.0,,0.7486499971786215,1.7193076706531865,0.9670758928571429,1.7423168265248408,3.6874331650728287,4.048443147324812,0.9307006525215943,0,3840,737280,0.7199999999999999,0.0,0.0,0.0,0.0,0,1.0,0.0,7.93125,1.0,0.0,0.0,0.0,0.06875,0.3138908693719769,233.14405827388228,1.1721743328962475,communication_delay,0.28069232934681354,0.01707589285714295,0.6497927241526025,0.6497927241526025,0.6497927241526025,0.6497927241526025
flocking_robust_temporal,17,0.7062731473982549,0.7062731473982549,1.0,0.6182166420029778,0.6182166420029778,1.0,0.0,0.0,0.0,0.0,0.0,1.0,,0.7466729452818663,1.6314247321206108,0.97109375,1.76857977897603,3.6240192465604117,4.166331577160779,0.9047819218580571,1,3840,737280,0.7199999999999999,0.0,0.0,0.0,0.0,0,1.0,0.0,7.9,1.0,0.0,0.0,0.0,0.1,0.29772490166081333,227.72649540981405,1.1707709170877934,communication_delay,0.3685752678793892,0.021093750000000022,0.6182166420029778,0.6182166420029778,0.6182166420029778,0.6182166420029778
flocking_robust_temporal,18,0.7197397084508265,0.7197397084508265,1.0,0.6412458796357672,0.6412458796357672,1.0,0.0,0.0,0.0,0.0,0.0,1.0,,0.7379130215805519,1.6745669627111937,0.9717633928571429,1.8018114579359363,3.6840344331178736,4.169418058507658,0.913626888276783,1,3840,737280,0.7199999999999999,0.0,0.0,0.0,0.0,0,1.0,0.0,7.9625,1.0,0.0,0.0,0.0,0.0375,0.2967992134626404,200.52304967441233,1.1833403329364955,communication_delay,0.32543303728880635,0.021763392857142905,0.6412458796357672,0.6412458796357672,0.6412458796357672,0.6412458796357672
flocking_robust_temporal,19,0.7255071556398053,0.7255071556398053,1.0,0.6449451806488118,0.6449451806488118,1.0,0.0,0.0,0.0,0.0,0.0,1.0,,0.7719706711780574,1.705011145324947,0.9756324404761905,1.7151350697861076,3.6355006962568894,4.031458297162591,0.9372384069823546,0,3840,737280,0.7199999999999999,0.0,0.0,0.0,0.0,0,1.0,0.0,7.83125,1.0,0.0,0.025,0.025,0.1625,0.3214948137129248,246.20160290180652,1.1668265000917017,communication_delay,0.294988854675053,0.02563244047619051,0.6449451806488118,0.6449451806488118,0.6449451806488118,0.6449451806488118
flocking_robust_temporal,20,0.6996431718127236,0.6996431718127236,1.0,0.6058931236108785,0.6058931236108785,1.0,0.0,0.0,0.0,0.0,0.0,1.0,,0.7451657477740692,1.650443353238456,0.9709821428571429,1.6951718040124795,3.64446386474091,4.100512272168089,0.8946490874124938,4,3840,737280,0.7199999999999999,0.0,0.0,0.0,0.0,0,1.0,0.0,7.9375,1.0,0.0,0.0,0.0,0.0625,0.31416585239305217,200.5289085501164,1.1848274159710854,communication_delay,0.3495566467615441,0.02098214285714295,0.6058931236108785,0.6058931236108785,0.6058931236108785,0.6058931236108785
flocking_robust_temporal,21,0.6491588979541204,0.6491588979541204,1.0,0.5695395518952274,0.5695395518952274,1.0,0.0,0.0,0.0,0.0,0.0,1.0,,0.7330765854297134,1.6694141317053575,0.9725446428571429,1.7400259688279989,3.7042882476765597,4.5929518914018335,0.9016401120491124,1,3840,737280,0.7199999999999999,0.0,0.0,0.0,0.0,0,1.0,0.0,7.93125,1.0,0.0,0.0,0.0,0.06875,0.2982878790166083,187.1607316616371,1.1818703329190612,communication_delay,0.33058586829464254,0.02254464285714297,0.5695395518952274,0.5695395518952274,0.5695395518952274,0.5695395518952274
flocking_robust_temporal,22,0.6940586086669918,0.6940586086669918,1.0,0.6177959310769667,0.6177959310769667,1.0,0.0,0.0,0.0,0.0,0.0,1.0,,0.7369858550828079,1.7093332676223614,0.9630580357142857,1.750042863280473,3.734705368061185,3.3500496199388308,0.8866020426250867,0,3840,737280,0.7199999999999999,0.0,0.0,0.0,0.0,0,1.0,0.0,7.90625,1.0,0.0,0.0,0.0,0.09375,0.2903340757617631,253.77900434695357,1.1589827919378877,communication_delay,0.2906667323776386,0.013058035714285765,0.6177959310769667,0.6177959310769667,0.6177959310769667,0.6177959310769667
flocking_robust_temporal,23,0.7164709033503086,0.7164709033503086,1.0,0.6285452822097549,0.6285452822097549,1.0,0.0,0.0,0.0,0.0,0.0,1.0,,0.7444324562493189,1.6459765833221105,0.9700892857142858,1.754252018151417,3.6420226020824247,4.145536373601078,0.9100209402413588,1,3840,737280,0.7199999999999999,0.0,0.0,0.0,0.0,0,1.0,0.0,7.94375,1.0,0.0,0.0,0.0,0.05625,0.29443644401625,211.55868324694765,1.177979040890932,communication_delay,0.3540234166778895,0.02008928571428581,0.6285452822097549,0.6285452822097549,0.6285452822097549,0.6285452822097549
flocking_robust_temporal,24,0.7263645278100047,0.7263645278100047,1.0,0.6423464759899599,0.6423464759899599,1.0,0.0,0.0,0.0,0.0,0.0,1.0,,0.7475169776500769,1.717740435195216,0.9658482142857144,1.6572064462827634,3.6831966117960895,4.450515876226446,0.9063505030442343,1,3840,737280,0.7199999999999999,0.0,0.0,0.0,0.0,0,1.0,0.0,7.9125,1.0,0.0,0.0,0.0,0.0875,0.32287180885463346,198.4948265848987,1.158953667152673,communication_delay,0.2822595648047841,0.01584821428571448,0.6423464759899599,0.6423464759899599,0.6423464759899599,0.6423464759899599
flocking_robust_temporal,25,0.7311737499195017,0.7311737499195017,1.0,0.6365982881188614,0.6365982881188614,1.0,0.0,0.0,0.0,0.0,0.0,1.0,,0.8124783862680235,1.9418636879271578,0.9555431547619048,1.7746823679256263,3.669038093422819,2.71384461777063,0.938752345833531,5,3840,737280,0.7199999999999999,0.0,0.0,0.0,0.0,0,1.0,0.0,7.75625,1.0,0.0,0.04375,0.04375,0.225,0.3272400153843927,256.0159365482643,1.131592124933377,communication_delay,0.0581363120728422,0.005543154761904812,0.6365982881188614,0.6365982881188614,0.6365982881188614,0.6365982881188614
flocking_robust_temporal,26,0.7082856710931499,0.7082856710931499,1.0,0.6476838600477786,0.6476838600477786,1.0,0.0,0.0,0.0,0.0,0.0,1.0,,0.737383200142995,1.6377928844458278,0.9780133928571428,1.6427436200539602,3.672643540145033,3.7796140536498823,0.909616467659132,0,3840,737280,0.7199999999999999,0.0,0.0,0.0,0.0,0,1.0,0.0,7.88125,1.0,0.0,0.0,0.0,0.11875,0.30091874599128693,238.1151532073895,1.168453749967739,communication_delay,0.3622071155541722,0.028013392857142883,0.6476838600477786,0.6476838600477786,0.6476838600477786,0.6476838600477786
flocking_robust_temporal,27,0.6546313798786985,0.6546313798786985,1.0,0.5800577048768852,0.5800577048768852,1.0,0.0,0.0,0.0,0.0,0.0,1.0,,0.7511889989568707,1.69822091676891,0.9690848214285716,1.7420584610183387,3.650986089811389,4.001308711189816,0.915572252471122,0,3840,737280,0.7199999999999999,0.0,0.0,0.0,0.0,0,1.0,0.0,7.94375,1.0,0.0,0.0,0.0,0.05625,0.30655088092424254,221.6412747482344,1.1806159999687225,communication_delay,0.30177908323109004,0.019084821428571597,0.5800577048768852,0.5800577048768852,0.5800577048768852,0.5800577048768852
flocking_robust_temporal,28,0.739627660183716,0.739627660183716,1.0,0.6379405406212149,0.6379405406212149,1.0,0.0,0.0,0.0,0.0,0.0,1.0,,0.7583141916944236,1.733125104646963,0.9657366071428571,1.7700183214941738,3.655973817790307,3.868090506201966,0.8970176386850666,5,3840,737280,0.7199999999999999,0.0,0.0,0.0,0.0,0,1.0,0.0,7.875,1.0,0.0,0.0,0.0,0.125,0.29000841107793196,239.24623926334175,1.1674551251344383,communication_delay,0.2668748953530371,0.015736607142857184,0.6379405406212149,0.6379405406212149,0.6379405406212149,0.6379405406212149
flocking_robust_temporal,29,0.7158520344813641,0.7158520344813641,1.0,0.6450152208847606,0.6450152208847606,1.0,0.0,0.0,0.0,0.0,0.0,1.0,,0.7328095000678986,1.6374738263165434,0.9828125,1.8017499385539586,3.665592841693365,3.1005738547429713,0.9042178403682112,0,3840,737280,0.7199999999999999,0.0,0.0,0.0,0.0,0,1.0,0.0,7.8875,1.0,0.0,0.0,0.0,0.1125,0.3044840462565702,248.23321579008217,1.1687500420957804,communication_delay,0.36252617368345663,0.03281250000000002,0.6450152208847606,0.6450152208847606,0.6450152208847606,0.6450152208847606
flocking_robust_mixture,0,0.7442006247445309,0.7442006247445309,1.0,0.6442160363757159,0.6442160363757159,0.0,1.0,0.0,0.0,0.0,0.0,1.0,,0.7518222373837317,1.8245645586773676,0.9633928571428573,1.6810533949574278,3.759882159326449,3.8385397002767894,0.9032473279306308,1,3840,737280,0.7199999999999999,0.0,0.0,0.0,0.0,0,1.0,0.0,7.875,1.0,0.0,0.0,0.0,0.125,0.31431476890019067,230.47680696901892,1.1773223751224577,communication_delay,0.17543544132263245,0.013392857142857317,0.6442160363757159,0.6442160363757159,0.6442160363757159,0.6442160363757159
flocking_robust_mixture,1,0.7139548548120982,0.7139548548120982,1.0,0.638513761675223,0.638513761675223,0.0,1.0,0.0,0.0,0.0,0.0,1.0,,0.7560482440958132,1.7161156454804858,0.9733258928571429,1.7303449548740617,3.6825508406416647,4.106957311450333,0.9066326817157802,0,3840,737280,0.7199999999999999,0.0,0.0,0.0,0.0,0,1.0,0.0,7.925,1.0,0.0,0.0,0.0,0.075,0.30803103121496844,205.8489511099496,1.1860414580442011,communication_delay,0.2838843545195142,0.023325892857142927,0.638513761675223,0.638513761675223,0.638513761675223,0.638513761675223
flocking_robust_mixture,2,0.7312381849536839,0.7312381849536839,1.0,0.6579617168411808,0.6579617168411808,0.0,1.0,0.0,0.0,0.0,0.0,1.0,,0.7597395988735278,1.7406455897846853,0.9737723214285715,1.7065416260576665,3.6581309251195813,3.91631555079774,0.9297362342182962,1,3840,737280,0.7199999999999999,0.0,0.0,0.0,0.0,0,1.0,0.0,7.9,1.0,0.0,0.03125,0.03125,0.0875,0.3008133149703589,216.82983666832436,1.1833430828992277,communication_delay,0.2593544102153147,0.023772321428571552,0.6579617168411808,0.6579617168411808,0.6579617168411808,0.6579617168411808
flocking_robust_mixture,3,0.670928607169983,0.670928607169983,1.0,0.5946019999119301,0.5946019999119301,0.0,1.0,0.0,0.0,0.0,0.0,1.0,,0.7400555956940225,1.6935799531614382,0.9758928571428571,1.8011861484867873,3.728255089259858,3.600647570104144,0.9084100384720202,0,3840,737280,0.7199999999999999,0.0,0.0,0.0,0.0,0,1.0,0.0,7.81875,1.0,0.0,0.03125,0.03125,0.16875,0.30575271692409817,228.18913097237078,1.1688806670717895,communication_delay,0.30642004683856183,0.025892857142857162,0.5946019999119301,0.5946019999119301,0.5946019999119301,0.5946019999119301
flocking_robust_mixture,4,0.665643401223013,0.665643401223013,1.0,0.5960923444267572,0.5960923444267572,0.0,1.0,0.0,0.0,0.0,0.0,1.0,,0.6923483242195854,1.6110389693172351,0.9765625,1.6762281146181461,3.7862457266446397,3.2358758601383335,0.8294513845924687,0,3840,737280,0.7199999999999999,0.0,0.0,0.0,0.0,0,1.0,0.0,7.9875,1.0,0.0,0.0,0.0,0.0125,0.2640393745996049,222.97439282725915,1.206360374810174,communication_delay,0.3889610306827649,0.026562500000000044,0.5960923444267572,0.5960923444267572,0.5960923444267572,0.5960923444267572
flocking_robust_mixture,5,0.6024404343258714,0.6024404343258714,1.0,0.5298912614309091,0.5298912614309091,0.0,1.0,0.0,0.0,0.0,0.0,1.0,,0.7469178293738601,1.6728082584671735,0.9717633928571429,1.7918870585822824,3.6705780291948096,4.243910893697489,0.9045001640899887,0,3840,737280,0.7199999999999999,0.0,0.0,0.0,0.0,0,1.0,0.0,7.98125,1.0,0.0,0.0,0.0,0.01875,0.29720595726553584,204.51805435493867,1.1973972921259701,communication_delay,0.3271917415328265,0.021763392857142905,0.5298912614309091,0.5298912614309091,0.5298912614309091,0.5298912614309091
flocking_robust_mixture,6,0.6703355988954419,0.6703355988954419,1.0,0.5877735061490295,0.5877735061490295,0.0,1.0,0.0,0.0,0.0,0.0,1.0,,0.7094400777100869,1.641218932696885,0.9723214285714287,1.7158719803952949,3.750864538139318,4.051651866634285,0.8690495205452928,0,3840,737280,0.7199999999999999,0.0,0.0,0.0,0.0,0,1.0,0.0,7.95,1.0,0.0,0.0,0.0,0.05,0.29677534878056816,227.8116072790793,1.2013779999688268,communication_delay,0.3587810673031151,0.022321428571428714,0.5877735061490295,0.5877735061490295,0.5877735061490295,0.5877735061490295
flocking_robust_mixture,7,0.7444739411693841,0.7444739411693841,1.0,0.6574289957954215,0.6574289957954215,0.0,1.0,0.0,0.0,0.0,0.0,1.0,,0.7373047944125531,1.703615799704113,0.9630580357142857,1.7098966010255858,3.6867253467644936,4.510394284762879,0.8906557538684957,2,3840,737280,0.7199999999999999,0.0,0.0,0.0,0.0,0,1.0,0.0,7.94375,1.0,0.0,0.00625,0.00625,0.05625,0.2987764699897002,175.88761207827065,1.1872575420420617,communication_delay,0.29638420029588697,0.013058035714285765,0.6574289957954215,0.6574289957954215,0.6574289957954215,0.6574289957954215
flocking_robust_mixture,8,0.659562006404013,0.659562006404013,1.0,0.5830645479295735,0.5830645479295735,0.0,1.0,0.0,0.0,0.0,0.0,1.0,,0.7513995542746063,1.7536017009210592,0.9598214285714286,1.8068232266122055,3.6970889385517993,4.168970216079648,0.9164360607898001,3,3840,737280,0.7199999999999999,0.0,0.0,0.0,0.0,0,1.0,0.0,7.93125,1.0,0.0,0.0,0.0,0.06875,0.2969173573366725,223.5017829455972,1.1793475421145558,communication_delay,0.24639829907894084,0.009821428571428648,0.5830645479295735,0.5830645479295735,0.5830645479295735,0.5830645479295735
flocking_robust_mixture,9,0.7208708953551854,0.7208708953551854,1.0,0.6337360503003993,0.6337360503003993,0.0,1.0,0.0,0.0,0.0,0.0,1.0,,0.7422351498083066,1.7164611649607007,0.9728794642857143,1.8050729089611366,3.711822680069402,3.1772293596500694,0.9253251045057619,0,3840,737280,0.7199999999999999,0.0,0.0,0.0,0.0,0,1.0,0.0,7.8625,1.0,0.0,0.0,0.0,0.1375,0.3082978859076666,245.33345884826198,1.1742168329656124,communication_delay,0.28353883503929933,0.0228794642857143,0.6337360503003993,0.6337360503003993,0.6337360503003993,0.6337360503003993
flocking_robust_mixture,10,0.687414737195078,0.687414737195078,1.0,0.6172058960282826,0.6172058960282826,0.0,1.0,0.0,0.0,0.0,0.0,1.0,,0.7564443138289163,1.7359912362662215,0.9636160714285715,1.7287537162553268,3.6852893792959778,4.381935139839588,0.8980375995207215,3,3840,737280,0.7199999999999999,0.0,0.0,0.0,0.0,0,1.0,0.0,7.91875,1.0,0.0,0.0,0.0,0.08125,0.28906897643090435,186.99472411133058,1.1873467080295086,communication_delay,0.26400876373377846,0.013616071428571574,0.6172058960282826,0.6172058960282826,0.6172058960282826,0.6172058960282826
flocking_robust_mixture,11,0.7038301220628113,0.7038301220628113,1.0,0.6075566813500932,0.6075566813500932,0.0,1.0,0.0,0.0,0.0,0.0,1.0,,0.7273245463077024,1.6068628395284819,0.978125,1.7501428020314989,3.6698065069643606,4.012342504989624,0.8930413026892937,2,3840,737280,0.7199999999999999,0.0,0.0,0.0,0.0,0,1.0,0.0,7.8875,1.0,0.0,0.00625,0.00625,0.1125,0.30489927087299573,219.296958882562,1.165704125072807,communication_delay,0.39313716047151814,0.028125000000000067,0.6075566813500932,0.6075566813500932,0.6075566813500932,0.6075566813500932
flocking_robust_mixture,12,0.6717080244976233,0.6717080244976233,1.0,0.5898088102419613,0.5898088102419613,0.0,1.0,0.0,0.0,0.0,0.0,1.0,,0.7419342808807264,1.7311730906310578,0.9676339285714286,1.712320794911811,3.7173593445331776,3.9913476725773847,0.9083483677513291,3,3840,737280,0.7199999999999999,0.0,0.0,0.0,0.0,0,1.0,0.0,7.93125,1.0,0.0,0.0,0.0,0.06875,0.29962723022200716,209.0591271519184,1.1840185420587659,communication_delay,0.26882690936894216,0.017633928571428648,0.5898088102419613,0.5898088102419613,0.5898088102419613,0.5898088102419613
flocking_robust_mixture,13,0.6324678250862363,0.6324678250862363,1.0,0.5491230862807948,0.5491230862807948,0.0,1.0,0.0,0.0,0.0,0.0,1.0,,0.740888253291096,1.751952710281645,0.96875,1.7935267238617727,3.726953565306259,3.66945910691517,0.9086089085501866,4,3840,737280,0.7199999999999999,0.0,0.0,0.0,0.0,0,1.0,0.0,7.95,1.0,0.0,0.0,0.0,0.05,0.29482507671367947,234.12935342062065,1.1934997499920428,communication_delay,0.248047289718355,0.018750000000000044,0.5491230862807948,0.5491230862807948,0.5491230862807948,0.5491230862807948
flocking_robust_mixture,14,0.6987317035752869,0.6987317035752869,1.0,0.5945818942581351,0.5945818942581351,0.0,1.0,0.0,0.0,0.0,0.0,1.0,,0.746234428949354,1.7339941030812038,0.9683035714285715,1.7436059062554148,3.7131252682021385,3.489266163173865,0.8996830967844502,2,3840,737280,0.7199999999999999,0.0,0.0,0.0,0.0,0,1.0,0.0,7.8375,1.0,0.0,0.025,0.025,0.15625,0.3043552117938642,222.9350102851776,1.1615072081331164,communication_delay,0.26600589691879617,0.01830357142857153,0.5945818942581351,0.5945818942581351,0.5945818942581351,0.5945818942581351
flocking_robust_mixture,15,0.73673013976798,0.73673013976798,1.0,0.6531525104388101,0.6531525104388101,0.0,1.0,0.0,0.0,0.0,0.0,1.0,,0.7508369359264665,1.754597909910957,0.9629464285714286,1.7696949014955994,3.7022337466498514,4.037883244555403,0.899602961313987,0,3840,737280,0.7199999999999999,0.0,0.0,0.0,0.0,0,1.0,0.0,7.9375,1.0,0.0,0.0,0.0,0.0625,0.29105569690555366,239.82566760263396,1.1868978750426322,communication_delay,0.245402090089043,0.012946428571428692,0.6531525104388101,0.6531525104388101,0.6531525104388101,0.6531525104388101
flocking_robust_mixture,16,0.7195463295827579,0.7195463295827579,1.0,0.6497927241526025,0.6497927241526025,0.0,1.0,0.0,0.0,0.0,0.0,1.0,,0.7486499971786215,1.7193076706531865,0.9670758928571429,1.7423168265248408,3.6874331650728287,4.048443147324812,0.9307006525215943,0,3840,737280,0.7199999999999999,0.0,0.0,0.0,0.0,0,1.0,0.0,7.93125,1.0,0.0,0.0,0.0,0.06875,0.3138908693719769,233.14405827388228,1.181459458079189,communication_delay,0.28069232934681354,0.01707589285714295,0.6497927241526025,0.6497927241526025,0.6497927241526025,0.6497927241526025
flocking_robust_mixture,17,0.7062731473982549,0.7062731473982549,1.0,0.6182166420029778,0.6182166420029778,0.0,1.0,0.0,0.0,0.0,0.0,1.0,,0.7466729452818663,1.6314247321206108,0.97109375,1.76857977897603,3.6240192465604117,4.166331577160779,0.9047819218580571,1,3840,737280,0.7199999999999999,0.0,0.0,0.0,0.0,0,1.0,0.0,7.9,1.0,0.0,0.0,0.0,0.1,0.29772490166081333,227.72649540981405,1.1719709590543061,communication_delay,0.3685752678793892,0.021093750000000022,0.6182166420029778,0.6182166420029778,0.6182166420029778,0.6182166420029778
flocking_robust_mixture,18,0.7197397084508265,0.7197397084508265,1.0,0.6412458796357672,0.6412458796357672,0.0,1.0,0.0,0.0,0.0,0.0,1.0,,0.7379130215805519,1.6745669627111937,0.9717633928571429,1.8018114579359363,3.6840344331178736,4.169418058507658,0.913626888276783,1,3840,737280,0.7199999999999999,0.0,0.0,0.0,0.0,0,1.0,0.0,7.9625,1.0,0.0,0.0,0.0,0.0375,0.2967992134626404,200.52304967441233,1.1990234998520464,communication_delay,0.32543303728880635,0.021763392857142905,0.6412458796357672,0.6412458796357672,0.6412458796357672,0.6412458796357672
flocking_robust_mixture,19,0.7255071556398053,0.7255071556398053,1.0,0.6449451806488118,0.6449451806488118,0.0,1.0,0.0,0.0,0.0,0.0,1.0,,0.7719706711780574,1.705011145324947,0.9756324404761905,1.7151350697861076,3.6355006962568894,4.031458297162591,0.9372384069823546,0,3840,737280,0.7199999999999999,0.0,0.0,0.0,0.0,0,1.0,0.0,7.83125,1.0,0.0,0.025,0.025,0.1625,0.3214948137129248,246.20160290180652,1.1607696670107543,communication_delay,0.294988854675053,0.02563244047619051,0.6449451806488118,0.6449451806488118,0.6449451806488118,0.6449451806488118
flocking_robust_mixture,20,0.6996431718127236,0.6996431718127236,1.0,0.6058931236108785,0.6058931236108785,0.0,1.0,0.0,0.0,0.0,0.0,1.0,,0.7451657477740692,1.650443353238456,0.9709821428571429,1.6951718040124795,3.64446386474091,4.100512272168089,0.8946490874124938,4,3840,737280,0.7199999999999999,0.0,0.0,0.0,0.0,0,1.0,0.0,7.9375,1.0,0.0,0.0,0.0,0.0625,0.31416585239305217,200.5289085501164,1.1943715419620275,communication_delay,0.3495566467615441,0.02098214285714295,0.6058931236108785,0.6058931236108785,0.6058931236108785,0.6058931236108785
flocking_robust_mixture,21,0.6491588979541204,0.6491588979541204,1.0,0.5695395518952274,0.5695395518952274,0.0,1.0,0.0,0.0,0.0,0.0,1.0,,0.7330765854297134,1.6694141317053575,0.9725446428571429,1.7400259688279989,3.7042882476765597,4.5929518914018335,0.9016401120491124,1,3840,737280,0.7199999999999999,0.0,0.0,0.0,0.0,0,1.0,0.0,7.93125,1.0,0.0,0.0,0.0,0.06875,0.2982878790166083,187.1607316616371,1.1915430829394609,communication_delay,0.33058586829464254,0.02254464285714297,0.5695395518952274,0.5695395518952274,0.5695395518952274,0.5695395518952274
flocking_robust_mixture,22,0.6940586086669918,0.6940586086669918,1.0,0.6177959310769667,0.6177959310769667,0.0,1.0,0.0,0.0,0.0,0.0,1.0,,0.7369858550828079,1.7093332676223614,0.9630580357142857,1.750042863280473,3.734705368061185,3.3500496199388308,0.8866020426250867,0,3840,737280,0.7199999999999999,0.0,0.0,0.0,0.0,0,1.0,0.0,7.90625,1.0,0.0,0.0,0.0,0.09375,0.2903340757617631,253.77900434695357,1.192153959069401,communication_delay,0.2906667323776386,0.013058035714285765,0.6177959310769667,0.6177959310769667,0.6177959310769667,0.6177959310769667
flocking_robust_mixture,23,0.7164709033503086,0.7164709033503086,1.0,0.6285452822097549,0.6285452822097549,0.0,1.0,0.0,0.0,0.0,0.0,1.0,,0.7444324562493189,1.6459765833221105,0.9700892857142858,1.754252018151417,3.6420226020824247,4.145536373601078,0.9100209402413588,1,3840,737280,0.7199999999999999,0.0,0.0,0.0,0.0,0,1.0,0.0,7.94375,1.0,0.0,0.0,0.0,0.05625,0.29443644401625,211.55868324694765,1.2031196251045913,communication_delay,0.3540234166778895,0.02008928571428581,0.6285452822097549,0.6285452822097549,0.6285452822097549,0.6285452822097549
flocking_robust_mixture,24,0.7263645278100047,0.7263645278100047,1.0,0.6423464759899599,0.6423464759899599,0.0,1.0,0.0,0.0,0.0,0.0,1.0,,0.7475169776500769,1.717740435195216,0.9658482142857144,1.6572064462827634,3.6831966117960895,4.450515876226446,0.9063505030442343,1,3840,737280,0.7199999999999999,0.0,0.0,0.0,0.0,0,1.0,0.0,7.9125,1.0,0.0,0.0,0.0,0.0875,0.32287180885463346,198.4948265848987,1.1742575832176954,communication_delay,0.2822595648047841,0.01584821428571448,0.6423464759899599,0.6423464759899599,0.6423464759899599,0.6423464759899599
flocking_robust_mixture,25,0.7311737499195017,0.7311737499195017,1.0,0.6365982881188614,0.6365982881188614,0.0,1.0,0.0,0.0,0.0,0.0,1.0,,0.8124783862680235,1.9418636879271578,0.9555431547619048,1.7746823679256263,3.669038093422819,2.71384461777063,0.938752345833531,5,3840,737280,0.7199999999999999,0.0,0.0,0.0,0.0,0,1.0,0.0,7.75625,1.0,0.0,0.04375,0.04375,0.225,0.3272400153843927,256.0159365482643,1.1224381250794977,communication_delay,0.0581363120728422,0.005543154761904812,0.6365982881188614,0.6365982881188614,0.6365982881188614,0.6365982881188614
flocking_robust_mixture,26,0.7082856710931499,0.7082856710931499,1.0,0.6476838600477786,0.6476838600477786,0.0,1.0,0.0,0.0,0.0,0.0,1.0,,0.737383200142995,1.6377928844458278,0.9780133928571428,1.6427436200539602,3.672643540145033,3.7796140536498823,0.909616467659132,0,3840,737280,0.7199999999999999,0.0,0.0,0.0,0.0,0,1.0,0.0,7.88125,1.0,0.0,0.0,0.0,0.11875,0.30091874599128693,238.1151532073895,1.1516267501283437,communication_delay,0.3622071155541722,0.028013392857142883,0.6476838600477786,0.6476838600477786,0.6476838600477786,0.6476838600477786
flocking_robust_mixture,27,0.6546313798786985,0.6546313798786985,1.0,0.5800577048768852,0.5800577048768852,0.0,1.0,0.0,0.0,0.0,0.0,1.0,,0.7511889989568707,1.69822091676891,0.9690848214285716,1.7420584610183387,3.650986089811389,4.001308711189816,0.915572252471122,0,3840,737280,0.7199999999999999,0.0,0.0,0.0,0.0,0,1.0,0.0,7.94375,1.0,0.0,0.0,0.0,0.05625,0.30655088092424254,221.6412747482344,1.158926917007193,communication_delay,0.30177908323109004,0.019084821428571597,0.5800577048768852,0.5800577048768852,0.5800577048768852,0.5800577048768852
flocking_robust_mixture,28,0.739627660183716,0.739627660183716,1.0,0.6379405406212149,0.6379405406212149,0.0,1.0,0.0,0.0,0.0,0.0,1.0,,0.7583141916944236,1.733125104646963,0.9657366071428571,1.7700183214941738,3.655973817790307,3.868090506201966,0.8970176386850666,5,3840,737280,0.7199999999999999,0.0,0.0,0.0,0.0,0,1.0,0.0,7.875,1.0,0.0,0.0,0.0,0.125,0.29000841107793196,239.24623926334175,1.1663641668856144,communication_delay,0.2668748953530371,0.015736607142857184,0.6379405406212149,0.6379405406212149,0.6379405406212149,0.6379405406212149
flocking_robust_mixture,29,0.7158520344813641,0.7158520344813641,1.0,0.6450152208847606,0.6450152208847606,0.0,1.0,0.0,0.0,0.0,0.0,1.0,,0.7328095000678986,1.6374738263165434,0.9828125,1.8017499385539586,3.665592841693365,3.1005738547429713,0.9042178403682112,0,3840,737280,0.7199999999999999,0.0,0.0,0.0,0.0,0,1.0,0.0,7.8875,1.0,0.0,0.0,0.0,0.1125,0.3044840462565702,248.23321579008217,1.1631761670578271,communication_delay,0.36252617368345663,0.03281250000000002,0.6450152208847606,0.6450152208847606,0.6450152208847606,0.6450152208847606
flocking_robust_defer,0,0.7442006247445309,0.7442006247445309,1.0,1.3942160363757161,0.6442160363757159,0.0,0.0,1.0,0.0,0.0,0.0,1.0,,0.7518222373837317,1.8245645586773676,0.9633928571428573,1.6810533949574278,3.759882159326449,3.8385397002767894,0.9032473279306308,1,3840,737280,0.7199999999999999,0.0,0.0,0.0,0.0,0,1.0,0.0,7.875,1.0,0.0,0.0,0.0,0.125,0.31431476890019067,230.47680696901892,1.1658335418906063,communication_delay,0.17543544132263245,0.013392857142857317,0.8942160363757159,1.144216036375716,1.644216036375716,2.144216036375716
flocking_robust_defer,1,0.7139548548120982,0.7139548548120982,1.0,1.3885137616752232,0.638513761675223,0.0,0.0,1.0,0.0,0.0,0.0,1.0,,0.7560482440958132,1.7161156454804858,0.9733258928571429,1.7303449548740617,3.6825508406416647,4.106957311450333,0.9066326817157802,0,3840,737280,0.7199999999999999,0.0,0.0,0.0,0.0,0,1.0,0.0,7.925,1.0,0.0,0.0,0.0,0.075,0.30803103121496844,205.8489511099496,1.180372041882947,communication_delay,0.2838843545195142,0.023325892857142927,0.888513761675223,1.138513761675223,1.638513761675223,2.138513761675223
flocking_robust_defer,2,0.7312381849536839,0.7312381849536839,1.0,1.4079617168411809,0.6579617168411808,0.0,0.0,1.0,0.0,0.0,0.0,1.0,,0.7597395988735278,1.7406455897846853,0.9737723214285715,1.7065416260576665,3.6581309251195813,3.91631555079774,0.9297362342182962,1,3840,737280,0.7199999999999999,0.0,0.0,0.0,0.0,0,1.0,0.0,7.9,1.0,0.0,0.03125,0.03125,0.0875,0.3008133149703589,216.82983666832436,1.1835699582006782,communication_delay,0.2593544102153147,0.023772321428571552,0.9079617168411808,1.1579617168411809,1.6579617168411809,2.157961716841181
flocking_robust_defer,3,0.670928607169983,0.670928607169983,1.0,1.34460199991193,0.5946019999119301,0.0,0.0,1.0,0.0,0.0,0.0,1.0,,0.7400555956940225,1.6935799531614382,0.9758928571428571,1.8011861484867873,3.728255089259858,3.600647570104144,0.9084100384720202,0,3840,737280,0.7199999999999999,0.0,0.0,0.0,0.0,0,1.0,0.0,7.81875,1.0,0.0,0.03125,0.03125,0.16875,0.30575271692409817,228.18913097237078,1.1546821671072394,communication_delay,0.30642004683856183,0.025892857142857162,0.8446019999119301,1.09460199991193,1.59460199991193,2.09460199991193
flocking_robust_defer,4,0.665643401223013,0.665643401223013,1.0,1.3460923444267572,0.5960923444267572,0.0,0.0,1.0,0.0,0.0,0.0,1.0,,0.6923483242195854,1.6110389693172351,0.9765625,1.6762281146181461,3.7862457266446397,3.2358758601383335,0.8294513845924687,0,3840,737280,0.7199999999999999,0.0,0.0,0.0,0.0,0,1.0,0.0,7.9875,1.0,0.0,0.0,0.0,0.0125,0.2640393745996049,222.97439282725915,1.2019266248680651,communication_delay,0.3889610306827649,0.026562500000000044,0.8460923444267572,1.0960923444267572,1.5960923444267572,2.096092344426757
flocking_robust_defer,5,0.6024404343258714,0.6024404343258714,1.0,1.279891261430909,0.5298912614309091,0.0,0.0,1.0,0.0,0.0,0.0,1.0,,0.7469178293738601,1.6728082584671735,0.9717633928571429,1.7918870585822824,3.6705780291948096,4.243910893697489,0.9045001640899887,0,3840,737280,0.7199999999999999,0.0,0.0,0.0,0.0,0,1.0,0.0,7.98125,1.0,0.0,0.0,0.0,0.01875,0.29720595726553584,204.51805435493867,1.1977644581347704,communication_delay,0.3271917415328265,0.021763392857142905,0.7798912614309091,1.029891261430909,1.529891261430909,2.029891261430909
flocking_robust_defer,6,0.6703355988954419,0.6703355988954419,1.0,1.3377735061490295,0.5877735061490295,0.0,0.0,1.0,0.0,0.0,0.0,1.0,,0.7094400777100869,1.641218932696885,0.9723214285714287,1.7158719803952949,3.750864538139318,4.051651866634285,0.8690495205452928,0,3840,737280,0.7199999999999999,0.0,0.0,0.0,0.0,0,1.0,0.0,7.95,1.0,0.0,0.0,0.0,0.05,0.29677534878056816,227.8116072790793,1.1905920000281185,communication_delay,0.3587810673031151,0.022321428571428714,0.8377735061490295,1.0877735061490295,1.5877735061490295,2.0877735061490297
flocking_robust_defer,7,0.7444739411693841,0.7444739411693841,1.0,1.4074289957954214,0.6574289957954215,0.0,0.0,1.0,0.0,0.0,0.0,1.0,,0.7373047944125531,1.703615799704113,0.9630580357142857,1.7098966010255858,3.6867253467644936,4.510394284762879,0.8906557538684957,2,3840,737280,0.7199999999999999,0.0,0.0,0.0,0.0,0,1.0,0.0,7.94375,1.0,0.0,0.00625,0.00625,0.05625,0.2987764699897002,175.88761207827065,1.1746661248616874,communication_delay,0.29638420029588697,0.013058035714285765,0.9074289957954215,1.1574289957954216,1.6574289957954216,2.1574289957954216
flocking_robust_defer,8,0.659562006404013,0.659562006404013,1.0,1.3330645479295735,0.5830645479295735,0.0,0.0,1.0,0.0,0.0,0.0,1.0,,0.7513995542746063,1.7536017009210592,0.9598214285714286,1.8068232266122055,3.6970889385517993,4.168970216079648,0.9164360607898001,3,3840,737280,0.7199999999999999,0.0,0.0,0.0,0.0,0,1.0,0.0,7.93125,1.0,0.0,0.0,0.0,0.06875,0.2969173573366725,223.5017829455972,1.1856316670309752,communication_delay,0.24639829907894084,0.009821428571428648,0.8330645479295735,1.0830645479295735,1.5830645479295735,2.0830645479295735
flocking_robust_defer,9,0.7208708953551854,0.7208708953551854,1.0,1.3837360503003993,0.6337360503003993,0.0,0.0,1.0,0.0,0.0,0.0,1.0,,0.7422351498083066,1.7164611649607007,0.9728794642857143,1.8050729089611366,3.711822680069402,3.1772293596500694,0.9253251045057619,0,3840,737280,0.7199999999999999,0.0,0.0,0.0,0.0,0,1.0,0.0,7.8625,1.0,0.0,0.0,0.0,0.1375,0.3082978859076666,245.33345884826198,1.1815459169447422,communication_delay,0.28353883503929933,0.0228794642857143,0.8837360503003993,1.1337360503003993,1.6337360503003993,2.1337360503003993
flocking_robust_defer,10,0.687414737195078,0.687414737195078,1.0,1.3672058960282825,0.6172058960282826,0.0,0.0,1.0,0.0,0.0,0.0,1.0,,0.7564443138289163,1.7359912362662215,0.9636160714285715,1.7287537162553268,3.6852893792959778,4.381935139839588,0.8980375995207215,3,3840,737280,0.7199999999999999,0.0,0.0,0.0,0.0,0,1.0,0.0,7.91875,1.0,0.0,0.0,0.0,0.08125,0.28906897643090435,186.99472411133058,1.1865567499771714,communication_delay,0.26400876373377846,0.013616071428571574,0.8672058960282826,1.1172058960282825,1.6172058960282825,2.1172058960282825
flocking_robust_defer,11,0.7038301220628113,0.7038301220628113,1.0,1.3575566813500932,0.6075566813500932,0.0,0.0,1.0,0.0,0.0,0.0,1.0,,0.7273245463077024,1.6068628395284819,0.978125,1.7501428020314989,3.6698065069643606,4.012342504989624,0.8930413026892937,2,3840,737280,0.7199999999999999,0.0,0.0,0.0,0.0,0,1.0,0.0,7.8875,1.0,0.0,0.00625,0.00625,0.1125,0.30489927087299573,219.296958882562,1.1754363751970232,communication_delay,0.39313716047151814,0.028125000000000067,0.8575566813500932,1.1075566813500932,1.6075566813500932,2.1075566813500934
flocking_robust_defer,12,0.6717080244976233,0.6717080244976233,1.0,1.3398088102419614,0.5898088102419613,0.0,0.0,1.0,0.0,0.0,0.0,1.0,,0.7419342808807264,1.7311730906310578,0.9676339285714286,1.712320794911811,3.7173593445331776,3.9913476725773847,0.9083483677513291,3,3840,737280,0.7199999999999999,0.0,0.0,0.0,0.0,0,1.0,0.0,7.93125,1.0,0.0,0.0,0.0,0.06875,0.29962723022200716,209.0591271519184,1.1839949579443783,communication_delay,0.26882690936894216,0.017633928571428648,0.8398088102419613,1.0898088102419612,1.5898088102419612,2.089808810241961
flocking_robust_defer,13,0.6324678250862363,0.6324678250862363,1.0,1.2991230862807948,0.5491230862807948,0.0,0.0,1.0,0.0,0.0,0.0,1.0,,0.740888253291096,1.751952710281645,0.96875,1.7935267238617727,3.726953565306259,3.66945910691517,0.9086089085501866,4,3840,737280,0.7199999999999999,0.0,0.0,0.0,0.0,0,1.0,0.0,7.95,1.0,0.0,0.0,0.0,0.05,0.29482507671367947,234.12935342062065,1.1919058330822736,communication_delay,0.248047289718355,0.018750000000000044,0.7991230862807948,1.0491230862807948,1.5491230862807948,2.0491230862807948
flocking_robust_defer,14,0.6987317035752869,0.6987317035752869,1.0,1.3445818942581351,0.5945818942581351,0.0,0.0,1.0,0.0,0.0,0.0,1.0,,0.746234428949354,1.7339941030812038,0.9683035714285715,1.7436059062554148,3.7131252682021385,3.489266163173865,0.8996830967844502,2,3840,737280,0.7199999999999999,0.0,0.0,0.0,0.0,0,1.0,0.0,7.8375,1.0,0.0,0.025,0.025,0.15625,0.3043552117938642,222.9350102851776,1.1651473750825971,communication_delay,0.26600589691879617,0.01830357142857153,0.8445818942581351,1.0945818942581351,1.5945818942581351,2.094581894258135
flocking_robust_defer,15,0.73673013976798,0.73673013976798,1.0,1.40315251043881,0.6531525104388101,0.0,0.0,1.0,0.0,0.0,0.0,1.0,,0.7508369359264665,1.754597909910957,0.9629464285714286,1.7696949014955994,3.7022337466498514,4.037883244555403,0.899602961313987,0,3840,737280,0.7199999999999999,0.0,0.0,0.0,0.0,0,1.0,0.0,7.9375,1.0,0.0,0.0,0.0,0.0625,0.29105569690555366,239.82566760263396,1.1824908750131726,communication_delay,0.245402090089043,0.012946428571428692,0.9031525104388101,1.15315251043881,1.65315251043881,2.15315251043881
flocking_robust_defer,16,0.7195463295827579,0.7195463295827579,1.0,1.3997927241526025,0.6497927241526025,0.0,0.0,1.0,0.0,0.0,0.0,1.0,,0.7486499971786215,1.7193076706531865,0.9670758928571429,1.7423168265248408,3.6874331650728287,4.048443147324812,0.9307006525215943,0,3840,737280,0.7199999999999999,0.0,0.0,0.0,0.0,0,1.0,0.0,7.93125,1.0,0.0,0.0,0.0,0.06875,0.3138908693719769,233.14405827388228,1.1826010001823306,communication_delay,0.28069232934681354,0.01707589285714295,0.8997927241526025,1.1497927241526025,1.6497927241526025,2.1497927241526025
flocking_robust_defer,17,0.7062731473982549,0.7062731473982549,1.0,1.3682166420029778,0.6182166420029778,0.0,0.0,1.0,0.0,0.0,0.0,1.0,,0.7466729452818663,1.6314247321206108,0.97109375,1.76857977897603,3.6240192465604117,4.166331577160779,0.9047819218580571,1,3840,737280,0.7199999999999999,0.0,0.0,0.0,0.0,0,1.0,0.0,7.9,1.0,0.0,0.0,0.0,0.1,0.29772490166081333,227.72649540981405,1.1761286249384284,communication_delay,0.3685752678793892,0.021093750000000022,0.8682166420029778,1.1182166420029778,1.6182166420029778,2.1182166420029778
flocking_robust_defer,18,0.7197397084508265,0.7197397084508265,1.0,1.3912458796357672,0.6412458796357672,0.0,0.0,1.0,0.0,0.0,0.0,1.0,,0.7379130215805519,1.6745669627111937,0.9717633928571429,1.8018114579359363,3.6840344331178736,4.169418058507658,0.913626888276783,1,3840,737280,0.7199999999999999,0.0,0.0,0.0,0.0,0,1.0,0.0,7.9625,1.0,0.0,0.0,0.0,0.0375,0.2967992134626404,200.52304967441233,1.187169749988243,communication_delay,0.32543303728880635,0.021763392857142905,0.8912458796357672,1.1412458796357672,1.6412458796357672,2.1412458796357674
flocking_robust_defer,19,0.7255071556398053,0.7255071556398053,1.0,1.3949451806488118,0.6449451806488118,0.0,0.0,1.0,0.0,0.0,0.0,1.0,,0.7719706711780574,1.705011145324947,0.9756324404761905,1.7151350697861076,3.6355006962568894,4.031458297162591,0.9372384069823546,0,3840,737280,0.7199999999999999,0.0,0.0,0.0,0.0,0,1.0,0.0,7.83125,1.0,0.0,0.025,0.025,0.1625,0.3214948137129248,246.20160290180652,1.1452195830643177,communication_delay,0.294988854675053,0.02563244047619051,0.8949451806488118,1.1449451806488118,1.6449451806488118,2.144945180648812
flocking_robust_defer,20,0.6996431718127236,0.6996431718127236,1.0,1.3558931236108784,0.6058931236108785,0.0,0.0,1.0,0.0,0.0,0.0,1.0,,0.7451657477740692,1.650443353238456,0.9709821428571429,1.6951718040124795,3.64446386474091,4.100512272168089,0.8946490874124938,4,3840,737280,0.7199999999999999,0.0,0.0,0.0,0.0,0,1.0,0.0,7.9375,1.0,0.0,0.0,0.0,0.0625,0.31416585239305217,200.5289085501164,1.1747585420962423,communication_delay,0.3495566467615441,0.02098214285714295,0.8558931236108785,1.1058931236108784,1.6058931236108784,2.1058931236108784
flocking_robust_defer,21,0.6491588979541204,0.6491588979541204,1.0,1.3195395518952275,0.5695395518952274,0.0,0.0,1.0,0.0,0.0,0.0,1.0,,0.7330765854297134,1.6694141317053575,0.9725446428571429,1.7400259688279989,3.7042882476765597,4.5929518914018335,0.9016401120491124,1,3840,737280,0.7199999999999999,0.0,0.0,0.0,0.0,0,1.0,0.0,7.93125,1.0,0.0,0.0,0.0,0.06875,0.2982878790166083,187.1607316616371,1.1950682499445975,communication_delay,0.33058586829464254,0.02254464285714297,0.8195395518952274,1.0695395518952275,1.5695395518952275,2.0695395518952275
flocking_robust_defer,22,0.6940586086669918,0.6940586086669918,1.0,1.3677959310769665,0.6177959310769667,0.0,0.0,1.0,0.0,0.0,0.0,1.0,,0.7369858550828079,1.7093332676223614,0.9630580357142857,1.750042863280473,3.734705368061185,3.3500496199388308,0.8866020426250867,0,3840,737280,0.7199999999999999,0.0,0.0,0.0,0.0,0,1.0,0.0,7.90625,1.0,0.0,0.0,0.0,0.09375,0.2903340757617631,253.77900434695357,1.1880954580847174,communication_delay,0.2906667323776386,0.013058035714285765,0.8677959310769667,1.1177959310769667,1.6177959310769667,2.1177959310769667
flocking_robust_defer,23,0.7164709033503086,0.7164709033503086,1.0,1.378545282209755,0.6285452822097549,0.0,0.0,1.0,0.0,0.0,0.0,1.0,,0.7444324562493189,1.6459765833221105,0.9700892857142858,1.754252018151417,3.6420226020824247,4.145536373601078,0.9100209402413588,1,3840,737280,0.7199999999999999,0.0,0.0,0.0,0.0,0,1.0,0.0,7.94375,1.0,0.0,0.0,0.0,0.05625,0.29443644401625,211.55868324694765,1.18944187508896,communication_delay,0.3540234166778895,0.02008928571428581,0.8785452822097549,1.128545282209755,1.628545282209755,2.128545282209755
flocking_robust_defer,24,0.7263645278100047,0.7263645278100047,1.0,1.3923464759899598,0.6423464759899599,0.0,0.0,1.0,0.0,0.0,0.0,1.0,,0.7475169776500769,1.717740435195216,0.9658482142857144,1.6572064462827634,3.6831966117960895,4.450515876226446,0.9063505030442343,1,3840,737280,0.7199999999999999,0.0,0.0,0.0,0.0,0,1.0,0.0,7.9125,1.0,0.0,0.0,0.0,0.0875,0.32287180885463346,198.4948265848987,1.1813014999497682,communication_delay,0.2822595648047841,0.01584821428571448,0.8923464759899599,1.1423464759899598,1.6423464759899598,2.1423464759899598
flocking_robust_defer,25,0.7311737499195017,0.7311737499195017,1.0,1.3865982881188614,0.6365982881188614,0.0,0.0,1.0,0.0,0.0,0.0,1.0,,0.8124783862680235,1.9418636879271578,0.9555431547619048,1.7746823679256263,3.669038093422819,2.71384461777063,0.938752345833531,5,3840,737280,0.7199999999999999,0.0,0.0,0.0,0.0,0,1.0,0.0,7.75625,1.0,0.0,0.04375,0.04375,0.225,0.3272400153843927,256.0159365482643,1.1615742081776261,communication_delay,0.0581363120728422,0.005543154761904812,0.8865982881188614,1.1365982881188614,1.6365982881188614,2.1365982881188614
flocking_robust_defer,26,0.7082856710931499,0.7082856710931499,1.0,1.3976838600477788,0.6476838600477786,0.0,0.0,1.0,0.0,0.0,0.0,1.0,,0.737383200142995,1.6377928844458278,0.9780133928571428,1.6427436200539602,3.672643540145033,3.7796140536498823,0.909616467659132,0,3840,737280,0.7199999999999999,0.0,0.0,0.0,0.0,0,1.0,0.0,7.88125,1.0,0.0,0.0,0.0,0.11875,0.30091874599128693,238.1151532073895,1.163044499931857,communication_delay,0.3622071155541722,0.028013392857142883,0.8976838600477786,1.1476838600477786,1.6476838600477786,2.1476838600477786
flocking_robust_defer,27,0.6546313798786985,0.6546313798786985,1.0,1.3300577048768853,0.5800577048768852,0.0,0.0,1.0,0.0,0.0,0.0,1.0,,0.7511889989568707,1.69822091676891,0.9690848214285716,1.7420584610183387,3.650986089811389,4.001308711189816,0.915572252471122,0,3840,737280,0.7199999999999999,0.0,0.0,0.0,0.0,0,1.0,0.0,7.94375,1.0,0.0,0.0,0.0,0.05625,0.30655088092424254,221.6412747482344,1.1784461250063032,communication_delay,0.30177908323109004,0.019084821428571597,0.8300577048768852,1.0800577048768853,1.5800577048768853,2.0800577048768853
flocking_robust_defer,28,0.739627660183716,0.739627660183716,1.0,1.3879405406212149,0.6379405406212149,0.0,0.0,1.0,0.0,0.0,0.0,1.0,,0.7583141916944236,1.733125104646963,0.9657366071428571,1.7700183214941738,3.655973817790307,3.868090506201966,0.8970176386850666,5,3840,737280,0.7199999999999999,0.0,0.0,0.0,0.0,0,1.0,0.0,7.875,1.0,0.0,0.0,0.0,0.125,0.29000841107793196,239.24623926334175,1.1764145831111819,communication_delay,0.2668748953530371,0.015736607142857184,0.8879405406212149,1.1379405406212149,1.6379405406212149,2.137940540621215
flocking_robust_defer,29,0.7158520344813641,0.7158520344813641,1.0,1.3950152208847606,0.6450152208847606,0.0,0.0,1.0,0.0,0.0,0.0,1.0,,0.7328095000678986,1.6374738263165434,0.9828125,1.8017499385539586,3.665592841693365,3.1005738547429713,0.9042178403682112,0,3840,737280,0.7199999999999999,0.0,0.0,0.0,0.0,0,1.0,0.0,7.8875,1.0,0.0,0.0,0.0,0.1125,0.3044840462565702,248.23321579008217,1.1572112501598895,communication_delay,0.36252617368345663,0.03281250000000002,0.8950152208847606,1.1450152208847606,1.6450152208847606,2.1450152208847606
flocking_robust_active,0,0.7442006247445309,0.7442006247445309,1.0,0.6442160363757159,0.6442160363757159,1.0,0.0,0.0,0.0,0.0,0.0,1.0,,0.7518222373837317,1.8245645586773676,0.9633928571428573,1.6810533949574278,3.759882159326449,3.8385397002767894,0.9032473279306308,1,3840,737280,0.7199999999999999,0.0,0.0,0.0,0.0,0,1.0,0.0,7.875,1.0,0.0,0.0,0.0,0.125,0.31431476890019067,230.47680696901892,1.1794536670204252,communication_delay,0.17543544132263245,0.013392857142857317,0.6442160363757159,0.6442160363757159,0.6442160363757159,0.6442160363757159
flocking_robust_active,1,0.7139548548120982,0.7139548548120982,1.0,0.638513761675223,0.638513761675223,1.0,0.0,0.0,0.0,0.0,0.0,1.0,,0.7560482440958132,1.7161156454804858,0.9733258928571429,1.7303449548740617,3.6825508406416647,4.106957311450333,0.9066326817157802,0,3840,737280,0.7199999999999999,0.0,0.0,0.0,0.0,0,1.0,0.0,7.925,1.0,0.0,0.0,0.0,0.075,0.30803103121496844,205.8489511099496,1.1864565410651267,communication_delay,0.2838843545195142,0.023325892857142927,0.638513761675223,0.638513761675223,0.638513761675223,0.638513761675223
flocking_robust_active,2,0.7312381849536839,0.7312381849536839,1.0,0.6579617168411808,0.6579617168411808,1.0,0.0,0.0,0.0,0.0,0.0,1.0,,0.7597395988735278,1.7406455897846853,0.9737723214285715,1.7065416260576665,3.6581309251195813,3.91631555079774,0.9297362342182962,1,3840,737280,0.7199999999999999,0.0,0.0,0.0,0.0,0,1.0,0.0,7.9,1.0,0.0,0.03125,0.03125,0.0875,0.3008133149703589,216.82983666832436,1.1745437500067055,communication_delay,0.2593544102153147,0.023772321428571552,0.6579617168411808,0.6579617168411808,0.6579617168411808,0.6579617168411808
flocking_robust_active,3,0.670928607169983,0.670928607169983,1.0,0.5946019999119301,0.5946019999119301,1.0,0.0,0.0,0.0,0.0,0.0,1.0,,0.7400555956940225,1.6935799531614382,0.9758928571428571,1.8011861484867873,3.728255089259858,3.600647570104144,0.9084100384720202,0,3840,737280,0.7199999999999999,0.0,0.0,0.0,0.0,0,1.0,0.0,7.81875,1.0,0.0,0.03125,0.03125,0.16875,0.30575271692409817,228.18913097237078,1.1528561250306666,communication_delay,0.30642004683856183,0.025892857142857162,0.5946019999119301,0.5946019999119301,0.5946019999119301,0.5946019999119301
flocking_robust_active,4,0.665643401223013,0.665643401223013,1.0,0.5960923444267572,0.5960923444267572,1.0,0.0,0.0,0.0,0.0,0.0,1.0,,0.6923483242195854,1.6110389693172351,0.9765625,1.6762281146181461,3.7862457266446397,3.2358758601383335,0.8294513845924687,0,3840,737280,0.7199999999999999,0.0,0.0,0.0,0.0,0,1.0,0.0,7.9875,1.0,0.0,0.0,0.0,0.0125,0.2640393745996049,222.97439282725915,1.2149240830913186,communication_delay,0.3889610306827649,0.026562500000000044,0.5960923444267572,0.5960923444267572,0.5960923444267572,0.5960923444267572
flocking_robust_active,5,0.6024404343258714,0.6024404343258714,1.0,0.5298912614309091,0.5298912614309091,1.0,0.0,0.0,0.0,0.0,0.0,1.0,,0.7469178293738601,1.6728082584671735,0.9717633928571429,1.7918870585822824,3.6705780291948096,4.243910893697489,0.9045001640899887,0,3840,737280,0.7199999999999999,0.0,0.0,0.0,0.0,0,1.0,0.0,7.98125,1.0,0.0,0.0,0.0,0.01875,0.29720595726553584,204.51805435493867,1.2071889580693096,communication_delay,0.3271917415328265,0.021763392857142905,0.5298912614309091,0.5298912614309091,0.5298912614309091,0.5298912614309091
flocking_robust_active,6,0.6703355988954419,0.6703355988954419,1.0,0.5877735061490295,0.5877735061490295,1.0,0.0,0.0,0.0,0.0,0.0,1.0,,0.7094400777100869,1.641218932696885,0.9723214285714287,1.7158719803952949,3.750864538139318,4.051651866634285,0.8690495205452928,0,3840,737280,0.7199999999999999,0.0,0.0,0.0,0.0,0,1.0,0.0,7.95,1.0,0.0,0.0,0.0,0.05,0.29677534878056816,227.8116072790793,1.1937174999620765,communication_delay,0.3587810673031151,0.022321428571428714,0.5877735061490295,0.5877735061490295,0.5877735061490295,0.5877735061490295
flocking_robust_active,7,0.7444739411693841,0.7444739411693841,1.0,0.6574289957954215,0.6574289957954215,1.0,0.0,0.0,0.0,0.0,0.0,1.0,,0.7373047944125531,1.703615799704113,0.9630580357142857,1.7098966010255858,3.6867253467644936,4.510394284762879,0.8906557538684957,2,3840,737280,0.7199999999999999,0.0,0.0,0.0,0.0,0,1.0,0.0,7.94375,1.0,0.0,0.00625,0.00625,0.05625,0.2987764699897002,175.88761207827065,1.1961138749029487,communication_delay,0.29638420029588697,0.013058035714285765,0.6574289957954215,0.6574289957954215,0.6574289957954215,0.6574289957954215
flocking_robust_active,8,0.659562006404013,0.659562006404013,1.0,0.5830645479295735,0.5830645479295735,1.0,0.0,0.0,0.0,0.0,0.0,1.0,,0.7513995542746063,1.7536017009210592,0.9598214285714286,1.8068232266122055,3.6970889385517993,4.168970216079648,0.9164360607898001,3,3840,737280,0.7199999999999999,0.0,0.0,0.0,0.0,0,1.0,0.0,7.93125,1.0,0.0,0.0,0.0,0.06875,0.2969173573366725,223.5017829455972,1.19700637483038,communication_delay,0.24639829907894084,0.009821428571428648,0.5830645479295735,0.5830645479295735,0.5830645479295735,0.5830645479295735
flocking_robust_active,9,0.7208708953551854,0.7208708953551854,1.0,0.6337360503003993,0.6337360503003993,1.0,0.0,0.0,0.0,0.0,0.0,1.0,,0.7422351498083066,1.7164611649607007,0.9728794642857143,1.8050729089611366,3.711822680069402,3.1772293596500694,0.9253251045057619,0,3840,737280,0.7199999999999999,0.0,0.0,0.0,0.0,0,1.0,0.0,7.8625,1.0,0.0,0.0,0.0,0.1375,0.3082978859076666,245.33345884826198,1.1855339580215514,communication_delay,0.28353883503929933,0.0228794642857143,0.6337360503003993,0.6337360503003993,0.6337360503003993,0.6337360503003993
flocking_robust_active,10,0.687414737195078,0.687414737195078,1.0,0.6172058960282826,0.6172058960282826,1.0,0.0,0.0,0.0,0.0,0.0,1.0,,0.7564443138289163,1.7359912362662215,0.9636160714285715,1.7287537162553268,3.6852893792959778,4.381935139839588,0.8980375995207215,3,3840,737280,0.7199999999999999,0.0,0.0,0.0,0.0,0,1.0,0.0,7.91875,1.0,0.0,0.0,0.0,0.08125,0.28906897643090435,186.99472411133058,1.1900292912032455,communication_delay,0.26400876373377846,0.013616071428571574,0.6172058960282826,0.6172058960282826,0.6172058960282826,0.6172058960282826
flocking_robust_active,11,0.7038301220628113,0.7038301220628113,1.0,0.6075566813500932,0.6075566813500932,1.0,0.0,0.0,0.0,0.0,0.0,1.0,,0.7273245463077024,1.6068628395284819,0.978125,1.7501428020314989,3.6698065069643606,4.012342504989624,0.8930413026892937,2,3840,737280,0.7199999999999999,0.0,0.0,0.0,0.0,0,1.0,0.0,7.8875,1.0,0.0,0.00625,0.00625,0.1125,0.30489927087299573,219.296958882562,1.1728774579241872,communication_delay,0.39313716047151814,0.028125000000000067,0.6075566813500932,0.6075566813500932,0.6075566813500932,0.6075566813500932
flocking_robust_active,12,0.6717080244976233,0.6717080244976233,1.0,0.5898088102419613,0.5898088102419613,1.0,0.0,0.0,0.0,0.0,0.0,1.0,,0.7419342808807264,1.7311730906310578,0.9676339285714286,1.712320794911811,3.7173593445331776,3.9913476725773847,0.9083483677513291,3,3840,737280,0.7199999999999999,0.0,0.0,0.0,0.0,0,1.0,0.0,7.93125,1.0,0.0,0.0,0.0,0.06875,0.29962723022200716,209.0591271519184,1.1868145421613008,communication_delay,0.26882690936894216,0.017633928571428648,0.5898088102419613,0.5898088102419613,0.5898088102419613,0.5898088102419613
flocking_robust_active,13,0.6324678250862363,0.6324678250862363,1.0,0.5491230862807948,0.5491230862807948,1.0,0.0,0.0,0.0,0.0,0.0,1.0,,0.740888253291096,1.751952710281645,0.96875,1.7935267238617727,3.726953565306259,3.66945910691517,0.9086089085501866,4,3840,737280,0.7199999999999999,0.0,0.0,0.0,0.0,0,1.0,0.0,7.95,1.0,0.0,0.0,0.0,0.05,0.29482507671367947,234.12935342062065,1.1916804171632975,communication_delay,0.248047289718355,0.018750000000000044,0.5491230862807948,0.5491230862807948,0.5491230862807948,0.5491230862807948
flocking_robust_active,14,0.6987317035752869,0.6987317035752869,1.0,0.5945818942581351,0.5945818942581351,1.0,0.0,0.0,0.0,0.0,0.0,1.0,,0.746234428949354,1.7339941030812038,0.9683035714285715,1.7436059062554148,3.7131252682021385,3.489266163173865,0.8996830967844502,2,3840,737280,0.7199999999999999,0.0,0.0,0.0,0.0,0,1.0,0.0,7.8375,1.0,0.0,0.025,0.025,0.15625,0.3043552117938642,222.9350102851776,1.1597070409916341,communication_delay,0.26600589691879617,0.01830357142857153,0.5945818942581351,0.5945818942581351,0.5945818942581351,0.5945818942581351
flocking_robust_active,15,0.73673013976798,0.73673013976798,1.0,0.6531525104388101,0.6531525104388101,1.0,0.0,0.0,0.0,0.0,0.0,1.0,,0.7508369359264665,1.754597909910957,0.9629464285714286,1.7696949014955994,3.7022337466498514,4.037883244555403,0.899602961313987,0,3840,737280,0.7199999999999999,0.0,0.0,0.0,0.0,0,1.0,0.0,7.9375,1.0,0.0,0.0,0.0,0.0625,0.29105569690555366,239.82566760263396,1.1751950411126018,communication_delay,0.245402090089043,0.012946428571428692,0.6531525104388101,0.6531525104388101,0.6531525104388101,0.6531525104388101
flocking_robust_active,16,0.7195463295827579,0.7195463295827579,1.0,0.6497927241526025,0.6497927241526025,1.0,0.0,0.0,0.0,0.0,0.0,1.0,,0.7486499971786215,1.7193076706531865,0.9670758928571429,1.7423168265248408,3.6874331650728287,4.048443147324812,0.9307006525215943,0,3840,737280,0.7199999999999999,0.0,0.0,0.0,0.0,0,1.0,0.0,7.93125,1.0,0.0,0.0,0.0,0.06875,0.3138908693719769,233.14405827388228,1.2019963341299444,communication_delay,0.28069232934681354,0.01707589285714295,0.6497927241526025,0.6497927241526025,0.6497927241526025,0.6497927241526025
flocking_robust_active,17,0.7062731473982549,0.7062731473982549,1.0,0.6182166420029778,0.6182166420029778,1.0,0.0,0.0,0.0,0.0,0.0,1.0,,0.7466729452818663,1.6314247321206108,0.97109375,1.76857977897603,3.6240192465604117,4.166331577160779,0.9047819218580571,1,3840,737280,0.7199999999999999,0.0,0.0,0.0,0.0,0,1.0,0.0,7.9,1.0,0.0,0.0,0.0,0.1,0.29772490166081333,227.72649540981405,1.191563457949087,communication_delay,0.3685752678793892,0.021093750000000022,0.6182166420029778,0.6182166420029778,0.6182166420029778,0.6182166420029778
flocking_robust_active,18,0.7197397084508265,0.7197397084508265,1.0,0.6412458796357672,0.6412458796357672,1.0,0.0,0.0,0.0,0.0,0.0,1.0,,0.7379130215805519,1.6745669627111937,0.9717633928571429,1.8018114579359363,3.6840344331178736,4.169418058507658,0.913626888276783,1,3840,737280,0.7199999999999999,0.0,0.0,0.0,0.0,0,1.0,0.0,7.9625,1.0,0.0,0.0,0.0,0.0375,0.2967992134626404,200.52304967441233,1.192698207916692,communication_delay,0.32543303728880635,0.021763392857142905,0.6412458796357672,0.6412458796357672,0.6412458796357672,0.6412458796357672
flocking_robust_active,19,0.7255071556398053,0.7255071556398053,1.0,0.6449451806488118,0.6449451806488118,1.0,0.0,0.0,0.0,0.0,0.0,1.0,,0.7719706711780574,1.705011145324947,0.9756324404761905,1.7151350697861076,3.6355006962568894,4.031458297162591,0.9372384069823546,0,3840,737280,0.7199999999999999,0.0,0.0,0.0,0.0,0,1.0,0.0,7.83125,1.0,0.0,0.025,0.025,0.1625,0.3214948137129248,246.20160290180652,1.1585832498967648,communication_delay,0.294988854675053,0.02563244047619051,0.6449451806488118,0.6449451806488118,0.6449451806488118,0.6449451806488118
flocking_robust_active,20,0.6996431718127236,0.6996431718127236,1.0,0.6058931236108785,0.6058931236108785,1.0,0.0,0.0,0.0,0.0,0.0,1.0,,0.7451657477740692,1.650443353238456,0.9709821428571429,1.6951718040124795,3.64446386474091,4.100512272168089,0.8946490874124938,4,3840,737280,0.7199999999999999,0.0,0.0,0.0,0.0,0,1.0,0.0,7.9375,1.0,0.0,0.0,0.0,0.0625,0.31416585239305217,200.5289085501164,1.189436832908541,communication_delay,0.3495566467615441,0.02098214285714295,0.6058931236108785,0.6058931236108785,0.6058931236108785,0.6058931236108785
flocking_robust_active,21,0.6491588979541204,0.6491588979541204,1.0,0.5695395518952274,0.5695395518952274,1.0,0.0,0.0,0.0,0.0,0.0,1.0,,0.7330765854297134,1.6694141317053575,0.9725446428571429,1.7400259688279989,3.7042882476765597,4.5929518914018335,0.9016401120491124,1,3840,737280,0.7199999999999999,0.0,0.0,0.0,0.0,0,1.0,0.0,7.93125,1.0,0.0,0.0,0.0,0.06875,0.2982878790166083,187.1607316616371,1.1845414589624852,communication_delay,0.33058586829464254,0.02254464285714297,0.5695395518952274,0.5695395518952274,0.5695395518952274,0.5695395518952274
flocking_robust_active,22,0.6940586086669918,0.6940586086669918,1.0,0.6177959310769667,0.6177959310769667,1.0,0.0,0.0,0.0,0.0,0.0,1.0,,0.7369858550828079,1.7093332676223614,0.9630580357142857,1.750042863280473,3.734705368061185,3.3500496199388308,0.8866020426250867,0,3840,737280,0.7199999999999999,0.0,0.0,0.0,0.0,0,1.0,0.0,7.90625,1.0,0.0,0.0,0.0,0.09375,0.2903340757617631,253.77900434695357,1.1725341251585633,communication_delay,0.2906667323776386,0.013058035714285765,0.6177959310769667,0.6177959310769667,0.6177959310769667,0.6177959310769667
flocking_robust_active,23,0.7164709033503086,0.7164709033503086,1.0,0.6285452822097549,0.6285452822097549,1.0,0.0,0.0,0.0,0.0,0.0,1.0,,0.7444324562493189,1.6459765833221105,0.9700892857142858,1.754252018151417,3.6420226020824247,4.145536373601078,0.9100209402413588,1,3840,737280,0.7199999999999999,0.0,0.0,0.0,0.0,0,1.0,0.0,7.94375,1.0,0.0,0.0,0.0,0.05625,0.29443644401625,211.55868324694765,1.1834173330571502,communication_delay,0.3540234166778895,0.02008928571428581,0.6285452822097549,0.6285452822097549,0.6285452822097549,0.6285452822097549
flocking_robust_active,24,0.7263645278100047,0.7263645278100047,1.0,0.6423464759899599,0.6423464759899599,1.0,0.0,0.0,0.0,0.0,0.0,1.0,,0.7475169776500769,1.717740435195216,0.9658482142857144,1.6572064462827634,3.6831966117960895,4.450515876226446,0.9063505030442343,1,3840,737280,0.7199999999999999,0.0,0.0,0.0,0.0,0,1.0,0.0,7.9125,1.0,0.0,0.0,0.0,0.0875,0.32287180885463346,198.4948265848987,1.1960633338894695,communication_delay,0.2822595648047841,0.01584821428571448,0.6423464759899599,0.6423464759899599,0.6423464759899599,0.6423464759899599
flocking_robust_active,25,0.7311737499195017,0.7311737499195017,1.0,0.6365982881188614,0.6365982881188614,1.0,0.0,0.0,0.0,0.0,0.0,1.0,,0.8124783862680235,1.9418636879271578,0.9555431547619048,1.7746823679256263,3.669038093422819,2.71384461777063,0.938752345833531,5,3840,737280,0.7199999999999999,0.0,0.0,0.0,0.0,0,1.0,0.0,7.75625,1.0,0.0,0.04375,0.04375,0.225,0.3272400153843927,256.0159365482643,1.1524466671980917,communication_delay,0.0581363120728422,0.005543154761904812,0.6365982881188614,0.6365982881188614,0.6365982881188614,0.6365982881188614
flocking_robust_active,26,0.7082856710931499,0.7082856710931499,1.0,0.6476838600477786,0.6476838600477786,1.0,0.0,0.0,0.0,0.0,0.0,1.0,,0.737383200142995,1.6377928844458278,0.9780133928571428,1.6427436200539602,3.672643540145033,3.7796140536498823,0.909616467659132,0,3840,737280,0.7199999999999999,0.0,0.0,0.0,0.0,0,1.0,0.0,7.88125,1.0,0.0,0.0,0.0,0.11875,0.30091874599128693,238.1151532073895,1.1902421251870692,communication_delay,0.3622071155541722,0.028013392857142883,0.6476838600477786,0.6476838600477786,0.6476838600477786,0.6476838600477786
flocking_robust_active,27,0.6546313798786985,0.6546313798786985,1.0,0.5800577048768852,0.5800577048768852,1.0,0.0,0.0,0.0,0.0,0.0,1.0,,0.7511889989568707,1.69822091676891,0.9690848214285716,1.7420584610183387,3.650986089811389,4.001308711189816,0.915572252471122,0,3840,737280,0.7199999999999999,0.0,0.0,0.0,0.0,0,1.0,0.0,7.94375,1.0,0.0,0.0,0.0,0.05625,0.30655088092424254,221.6412747482344,1.1922258748672903,communication_delay,0.30177908323109004,0.019084821428571597,0.5800577048768852,0.5800577048768852,0.5800577048768852,0.5800577048768852
flocking_robust_active,28,0.739627660183716,0.739627660183716,1.0,0.6379405406212149,0.6379405406212149,1.0,0.0,0.0,0.0,0.0,0.0,1.0,,0.7583141916944236,1.733125104646963,0.9657366071428571,1.7700183214941738,3.655973817790307,3.868090506201966,0.8970176386850666,5,3840,737280,0.7199999999999999,0.0,0.0,0.0,0.0,0,1.0,0.0,7.875,1.0,0.0,0.0,0.0,0.125,0.29000841107793196,239.24623926334175,1.1624710408505052,communication_delay,0.2668748953530371,0.015736607142857184,0.6379405406212149,0.6379405406212149,0.6379405406212149,0.6379405406212149
flocking_robust_active,29,0.7158520344813641,0.7158520344813641,1.0,0.6450152208847606,0.6450152208847606,1.0,0.0,0.0,0.0,0.0,0.0,1.0,,0.7328095000678986,1.6374738263165434,0.9828125,1.8017499385539586,3.665592841693365,3.1005738547429713,0.9042178403682112,0,3840,737280,0.7199999999999999,0.0,0.0,0.0,0.0,0,1.0,0.0,7.8875,1.0,0.0,0.0,0.0,0.1125,0.3044840462565702,248.23321579008217,1.1651614580769092,communication_delay,0.36252617368345663,0.03281250000000002,0.6450152208847606,0.6450152208847606,0.6450152208847606,0.6450152208847606
flocking_robust_multiflock,0,0.8100178654710339,0.8100178654710339,0.996875,0.7055916803626907,0.7055916803626907,1.0,0.0,0.0,0.0,0.0,0.0,1.0,1,0.7939294561094732,2.112868757829284,0.9389062500000002,1.6193417470460154,3.708705755113018,3.04101409550089,0.7346701629892217,3,3840,737280,0.7199999999999999,0.0,0.0,0.0,0.0,0,1.00625,0.00625,4.9125,0.996875,0.003125,2.48125,0.96875,2.84375,1.0504903938384431,223.54687698534693,0.48368324991315603,biased_agents,0.11286875782928396,0.011093749999999791,0.7055916803626907,0.7055916803626907,0.7055916803626907,0.7055916803626907
flocking_robust_multiflock,1,0.6765523102250761,0.668884745617783,0.9875,0.5895821921917228,0.5895821921917228,1.0,0.0,0.0,0.0,0.0,0.0,1.0,1,0.7260554832239274,1.877982797580681,0.9572916666666667,1.5871063796106637,3.7562354118123693,3.2036879248267702,0.6742066611279711,4,3840,737280,0.7199999999999999,0.0,0.0,0.0,0.0,0,1.025,0.025,5.1375,0.9875,0.0125,2.0625,0.975,2.7625,1.0534635636426113,183.60063430562363,0.526796167017892,biased_agents,0.1220172024193189,0.007291666666666696,0.5895821921917228,0.5895821921917228,0.5895821921917228,0.5895821921917228
flocking_robust_multiflock,2,0.6628184433982757,0.6628184433982757,1.0,0.5978811185389415,0.5978811185389415,1.0,0.0,0.0,0.0,0.0,0.0,1.0,,0.6986145345978197,1.7342061224330454,0.9779166666666667,1.5857835310912847,3.7549402444414057,3.187108078751851,0.7043446196383285,0,3840,737280,0.7199999999999999,0.0,0.0,0.0,0.0,0,1.0,0.0,5.26875,1.0,0.0,2.1625,0.96875,2.63125,1.0543842324903288,184.94627494323362,0.5397343339864165,biased_agents,0.2657938775669546,0.0279166666666667,0.5978811185389415,0.5978811185389415,0.5978811185389415,0.5978811185389415
flocking_robust_multiflock,3,0.6660593530283732,0.6462438113281113,0.9870833333333333,0.5798377387480722,0.5798377387480722,1.0,0.0,0.0,0.0,0.2,0.00625,1.0,1,0.7179569084393475,1.7577814463365633,0.9521875,1.6793702650982205,3.7341091506759874,3.0864994607190193,0.750123088480971,5,3840,737280,0.7199999999999999,0.0,0.0,0.0,0.0,0,1.03125,0.03125,4.8875,0.9870833333333333,0.012916666666666665,2.35,0.96875,2.8625,1.0581975837985955,211.27354420722003,0.48955124989151955,biased_agents,0.2422185536634367,0.002187500000000009,0.5798377387480722,0.5798377387480722,0.5798377387480722,0.5798377387480722
flocking_robust_multiflock,4,0.6149995000677808,0.607521507204427,0.978125,0.5427265249977555,0.5427265249977555,1.0,0.0,0.0,0.0,0.0,0.0,1.0,1,0.6563177060233122,1.4633746135167318,0.9867708333333333,1.5119880986510257,3.710243645783912,3.02442873581074,0.6842094891707398,0,3840,737280,0.7199999999999999,0.0,0.0,0.0,0.0,0,1.04375,0.04375,4.96875,0.978125,0.021875,2.35625,0.96875,2.74375,1.031056806859859,213.2381351407297,0.5040474999696016,biased_agents,0.5366253864832682,0.03677083333333331,0.5427265249977555,0.5427265249977555,0.5427265249977555,0.5427265249977555
flocking_robust_multiflock,5,0.6311517396782712,0.6301826123974643,0.9927083333333332,0.5529137846506199,0.5529137846506199,1.0,0.0,0.0,0.0,0.0,0.0,1.0,2,0.667946140632821,1.5525397943038421,0.9661979166666669,1.5854794588272323,3.7736448916370215,3.15764084810708,0.6559246625342262,1,3840,737280,0.7199999999999999,0.0,0.0,0.0,0.0,0,1.0125,0.0125,5.18125,0.9947916666666667,0.005208333333333333,2.1625,0.96875,2.70625,1.0437785742048895,179.3114431543514,0.5169804159086198,biased_agents,0.44746020569615785,0.016197916666666923,0.5529137846506199,0.5529137846506199,0.5529137846506199,0.5529137846506199
flocking_robust_multiflock,6,0.7010219068987564,0.6964199130773567,0.99375,0.6130036937677186,0.6130036937677186,1.0,0.0,0.0,0.0,0.0,0.0,1.0,1,0.6618966836121692,1.5454177053426352,0.9707291666666666,1.5530133466729477,3.7402977467338885,3.2217876239519994,0.666998332580621,4,3840,737280,0.7199999999999999,0.0,0.0,0.0,0.0,0,1.0125,0.0125,5.2625,0.99375,0.00625,2.0875,0.96875,2.65625,1.0598532699886907,215.10213539556437,0.5493312501348555,biased_agents,0.45458229465736477,0.020729166666666687,0.6130036937677186,0.6130036937677186,0.6130036937677186,0.6130036937677186
flocking_robust_multiflock,7,0.6128230292974846,0.609495403806068,0.996875,0.537886286904204,0.537886286904204,1.0,0.0,0.0,0.0,0.0,0.0,0.99375,1,0.6433382382146995,1.5021943616011395,0.9797916666666667,1.53492554568877,3.769573396320509,3.258428357481512,0.6317606842394474,0,3840,737280,0.7199999999999999,0.0,0.0,0.0,0.0,0,1.00625,0.00625,5.29375,0.996875,0.003125,2.08125,0.96875,2.625,1.0713849895423726,156.49769275351466,0.5525690000504255,biased_agents,0.4978056383988605,0.029791666666666772,0.537886286904204,0.537886286904204,0.537886286904204,0.537886286904204
flocking_robust_multiflock,8,0.6139949251532066,0.6075443482206729,0.9875,0.5463302224828059,0.5463302224828059,1.0,0.0,0.0,0.0,0.0,0.0,1.0,1,0.694415166291205,1.6671484493540363,0.98203125,1.6264044482243327,3.7581762249666752,3.0893505310533724,0.7146263241040691,0,3840,737280,0.7199999999999999,0.0,0.0,0.0,0.0,0,1.025,0.025,5.05625,0.9875,0.0125,2.2125,0.9625,2.7375,1.0638386231368382,197.64659453743658,0.5272909160703421,biased_agents,0.3328515506459637,0.03203125000000007,0.5463302224828059,0.5463302224828059,0.5463302224828059,0.5463302224828059
flocking_robust_multiflock,9,0.7026173541868932,0.684426975836042,0.9600000000000002,0.617360614460657,0.617360614460657,1.0,0.0,0.0,0.0,0.07142857142857142,0.00625,0.9958333333333333,1,0.7299434404692475,1.7473786265747087,0.96125,1.6654141269238878,3.7033816359785776,3.046998762521428,0.7543142191538093,3,3840,737280,0.7199999999999999,0.0,0.0,0.0,0.0,0,1.0875,0.0875,4.80625,0.9620833333333334,0.03791666666666667,2.25,0.975,2.85625,1.078910962814518,228.41050177808907,0.5066024588886648,biased_agents,0.25262137342529134,0.011250000000000093,0.617360614460657,0.617360614460657,0.617360614460657,0.617360614460657
flocking_robust_multiflock,10,0.6361850353925587,0.6251132761511148,0.9791666666666667,0.5596020319723553,0.5596020319723553,1.0,0.0,0.0,0.0,0.0,0.0,1.0,1,0.6955834104942715,1.742246215026713,0.9676041666666666,1.588385926302908,3.7718587627519553,3.2071290988075987,0.6619464130262607,3,3840,737280,0.7199999999999999,0.0,0.0,0.0,0.0,0,1.04375,0.04375,5.3,0.9791666666666667,0.020833333333333332,2.05625,0.96875,2.525,1.0296577497089765,160.79152090038392,0.5632326658815145,biased_agents,0.25775378497328694,0.017604166666666643,0.5596020319723553,0.5596020319723553,0.5596020319723553,0.5596020319723553
flocking_robust_multiflock,11,0.686981097952532,0.686981097952532,1.0,0.5997226103402233,0.5997226103402233,1.0,0.0,0.0,0.0,0.0,0.0,1.0,,0.720945317863505,1.8127376188148823,0.9571874999999999,1.6701003805873438,3.75113278240451,3.1543387339376188,0.7174628077328786,0,3840,737280,0.7199999999999999,0.0,0.0,0.0,0.0,0,1.0,0.0,5.175,1.0,0.0,2.3125,0.96875,2.65625,1.0343382065276896,200.60814608785873,0.5333547920454293,biased_agents,0.18726238118511773,0.007187499999999902,0.5997226103402233,0.5997226103402233,0.5997226103402233,0.5997226103402233
flocking_robust_multiflock,12,0.6936103710168333,0.6898979647759138,0.9868750000000001,0.614269797842498,0.614269797842498,1.0,0.0,0.0,0.0,0.0,0.0,0.9949999999999999,1,0.7237623973942323,1.860844518595559,0.9495833333333333,1.6316965709971751,3.741342207046408,3.077922837539819,0.6894257162738511,2,3840,737280,0.7199999999999999,0.0,0.0,0.0,0.0,0,1.025,0.025,5.01875,0.9881249999999999,0.011875,2.33125,0.96875,2.74375,1.0351352354852648,204.3747111453756,0.5041088331490755,biased_agents,0.1391554814044409,0.0004166666666666208,0.614269797842498,0.614269797842498,0.614269797842498,0.614269797842498
flocking_robust_multiflock,13,0.6887632564139274,0.6741535376787324,0.9881249999999999,0.605713737363638,0.605713737363638,1.0,0.0,0.0,0.0,0.25,0.00625,1.0,3,0.6975756981600966,1.676521758775857,0.976875,1.62666278059219,3.7185788132271638,3.0866593834021026,0.7413613450035201,1,3840,737280,0.7199999999999999,0.0,0.0,0.0,0.0,0,1.025,0.025,4.86875,0.9881249999999999,0.011875,2.3375,0.96875,2.9125,1.0778856769773948,225.54934572534685,0.4925844590179622,biased_agents,0.32347824122414304,0.026875000000000093,0.605713737363638,0.605713737363638,0.605713737363638,0.605713737363638
flocking_robust_multiflock,14,0.6864264330766345,0.6855335004253179,0.98125,0.5935632626088136,0.5935632626088136,1.0,0.0,0.0,0.0,0.0,0.0,1.0,1,0.7004098460886927,1.7608936576339616,0.9604166666666668,1.6371122753947716,3.7370694483716407,3.1226228643995957,0.7217181421658143,0,3840,737280,0.7199999999999999,0.0,0.0,0.0,0.0,0,1.0375,0.0375,5.15,0.98125,0.01875,2.075,0.96875,2.69375,1.062155498196335,203.54253034859823,0.529395499965176,biased_agents,0.23910634236603845,0.010416666666666852,0.5935632626088136,0.5935632626088136,0.5935632626088136,0.5935632626088136
flocking_robust_multiflock,15,0.7113846098999058,0.7044965848105456,0.9881249999999999,0.6275437902460669,0.6275437902460669,1.0,0.0,0.0,0.0,0.0,0.0,0.9949999999999999,1,0.7446895751498893,1.9410385760585593,0.9523958333333333,1.6699835229696405,3.727094797392713,3.1052278740549495,0.7232577664309556,3,3840,737280,0.7199999999999999,0.0,0.0,0.0,0.0,0,1.025,0.025,4.96875,0.9881249999999999,0.011875,2.25625,0.96875,2.825,1.062989808144928,221.7730243821605,0.50730274990201,biased_agents,0.05896142394144066,0.0023958333333333748,0.6275437902460669,0.6275437902460669,0.6275437902460669,0.6275437902460669
flocking_robust_multiflock,16,0.648263996162303,0.6385613237388764,0.984375,0.5565539193973605,0.5565539193973605,1.0,0.0,0.0,0.0,0.0,0.0,0.99375,1,0.6861068769399189,1.6304310723251034,0.9685937500000001,1.5587269057013569,3.739035538106927,3.0242322502714494,0.7227075469851527,1,3840,737280,0.7199999999999999,0.0,0.0,0.0,0.0,0,1.03125,0.03125,4.93125,0.984375,0.015625,2.24375,0.96875,2.84375,1.0531111167026506,215.6774940056954,0.4936604171525687,biased_agents,0.3695689276748966,0.018593750000000187,0.5565539193973605,0.5565539193973605,0.5565539193973605,0.5565539193973605
flocking_robust_multiflock,17,0.6651060918506055,0.6651060918506055,0.9927083333333334,0.5753809892066355,0.5753809892066355,1.0,0.0,0.0,0.0,0.0,0.0,1.0,3,0.6989948660062286,1.7104818886974216,0.9604166666666666,1.6609997595158017,3.740301576412098,3.1891955427606518,0.6841278196941418,0,3840,737280,0.7199999999999999,0.0,0.0,0.0,0.0,0,1.01875,0.01875,5.1625,0.9927083333333334,0.007291666666666666,2.15,0.96875,2.7,1.0770652018982496,181.90690640389445,0.5263558749575168,biased_agents,0.28951811130257843,0.01041666666666663,0.5753809892066355,0.5753809892066355,0.5753809892066355,0.5753809892066355
flocking_robust_multiflock,18,0.6389396714297838,0.6389396714297838,0.9875,0.5612272542468583,0.5612272542468583,1.0,0.0,0.0,0.0,0.0,0.0,1.0,2,0.6938455438564677,1.6902950949444673,0.9811458333333334,1.6642196358640369,3.7499356486302644,3.139902084407311,0.7237630489044525,0,3840,737280,0.7199999999999999,0.0,0.0,0.0,0.0,0,1.025,0.025,5.04375,0.9875,0.0125,2.2625,0.96875,2.74375,1.0599269757575136,190.74889098099163,0.5161726251244545,biased_agents,0.3097049050555327,0.031145833333333428,0.5612272542468583,0.5612272542468583,0.5612272542468583,0.5612272542468583
flocking_robust_multiflock,19,0.6306450883961564,0.6268218407045323,0.9745833333333334,0.5606264022656561,0.5606264022656561,1.0,0.0,0.0,0.0,0.0,0.0,0.99375,1,0.6824568766401646,1.584973400364488,0.9767708333333334,1.6243729108981306,3.721840218749331,3.091158837807727,0.7036776769476777,1,3840,737280,0.7199999999999999,0.0,0.0,0.0,0.0,0,1.05,0.05,4.975,0.9766666666666666,0.023333333333333334,2.35625,0.96875,2.71875,1.0534316722980042,206.73314913538493,0.5169383340980858,biased_agents,0.41502659963551203,0.02677083333333341,0.5606264022656561,0.5606264022656561,0.5606264022656561,0.5606264022656561
flocking_robust_multiflock,20,0.6376355941801455,0.6306538044013167,0.9739583333333334,0.5656682987578134,0.5656682987578134,1.0,0.0,0.0,0.0,0.0,0.0,1.0,1,0.6813195937369522,1.6672655403251757,0.9628125000000001,1.5845833089123915,3.764410335974685,3.152336623472202,0.6820343007264501,1,3840,737280,0.7199999999999999,0.0,0.0,0.0,0.0,0,1.05625,0.05625,5.08125,0.9739583333333334,0.026041666666666664,2.20625,0.975,2.6625,1.0546371980669318,170.04801595150576,0.5232517088297755,biased_agents,0.3327344596748243,0.012812500000000115,0.5656682987578134,0.5656682987578134,0.5656682987578134,0.5656682987578134
flocking_robust_multiflock,21,0.6290036599251919,0.6245804438904321,0.965625,0.5519520569126284,0.5519520569126284,1.0,0.0,0.0,0.0,0.0,0.0,1.0,1,0.6538078494122531,1.5056333517000564,0.9774999999999998,1.5414873056969232,3.7591694600019183,3.1669326787458294,0.692259882202507,1,3840,737280,0.7199999999999999,0.0,0.0,0.0,0.0,0,1.06875,0.06875,4.98125,0.965625,0.034375,2.19375,0.9625,2.75625,1.0483182912981899,181.76463591458088,0.5114190420135856,biased_agents,0.4943666482999436,0.027499999999999858,0.5519520569126284,0.5519520569126284,0.5519520569126284,0.5519520569126284
flocking_robust_multiflock,22,0.6808683142640106,0.6691220690505347,0.984375,0.6060783905985255,0.6060783905985255,1.0,0.0,0.0,0.0,0.0,0.0,1.0,1,0.7238894784988297,1.7337136549698857,0.9696875,1.5689866688753193,3.6995442752654197,3.0746352367700593,0.7090939365380914,1,3840,737280,0.7199999999999999,0.0,0.0,0.0,0.0,0,1.03125,0.03125,5.13125,0.984375,0.015625,2.11875,0.96875,2.7,1.038173196589541,233.10130338258446,0.5293401670642197,biased_agents,0.2662863450301143,0.01968750000000008,0.6060783905985255,0.6060783905985255,0.6060783905985255,0.6060783905985255
flocking_robust_multiflock,23,0.6782664877945649,0.6782664877945649,0.996875,0.5932515647070356,0.5932515647070356,1.0,0.0,0.0,0.0,0.0,0.0,1.0,1,0.7189536030654847,1.847008851624159,0.951875,1.634232443660553,3.7529569227324315,3.149773444975434,0.6938095793225694,2,3840,737280,0.7199999999999999,0.0,0.0,0.0,0.0,0,1.00625,0.00625,5.25,0.996875,0.003125,2.13125,0.975,2.65625,1.0470842421489905,178.53532560842254,0.5348862910177559,biased_agents,0.15299114837584105,0.001875000000000071,0.5932515647070356,0.5932515647070356,0.5932515647070356,0.5932515647070356
flocking_robust_multiflock,24,0.7038702087563784,0.7028029882477782,0.996875,0.6116016089257579,0.6116016089257579,1.0,0.0,0.0,0.0,0.0,0.0,1.0,1,0.6833398483829776,1.6632263919235466,0.9567113095238096,1.5070034357569568,3.7604704930238846,3.112539890387107,0.6563739439335092,5,3840,737280,0.7199999999999999,0.0,0.0,0.0,0.0,0,1.00625,0.00625,5.075,0.996875,0.003125,2.34375,0.96875,2.71875,1.0525153120198814,178.02074822239652,0.5105114171747118,biased_agents,0.3367736080764534,0.0067113095238096054,0.6116016089257579,0.6116016089257579,0.6116016089257579,0.6116016089257579
flocking_robust_multiflock,25,0.7596782106827998,0.7545711260202451,0.9864583333333332,0.673180278832756,0.673180278832756,1.0,0.0,0.0,0.0,0.0,0.0,1.0,3,0.8245788161689106,2.276837169546399,0.9191145833333334,1.6834477730447375,3.6885658984908702,3.0201530063577473,0.7483584417197369,5,3840,737280,0.7199999999999999,0.0,0.0,0.0,0.0,0,1.03125,0.03125,4.7875,0.9864583333333332,0.013541666666666665,2.4625,0.96875,2.90625,1.0640092631421432,222.19025179691658,0.47328037512488663,biased_agents,0.27683716954639914,0.030885416666666554,0.673180278832756,0.673180278832756,0.673180278832756,0.673180278832756
flocking_robust_multiflock,26,0.6801762837052663,0.6657690858592269,0.984375,0.5790501015531444,0.5790501015531444,1.0,0.0,0.0,0.0,0.2,0.00625,1.0,3,0.6789489301455706,1.5407604198660987,0.9779166666666667,1.5083596868498905,3.7149742012442863,3.2199209199530214,0.6833468033914577,3,3840,737280,0.7199999999999999,0.0,0.0,0.0,0.0,0,1.03125,0.03125,5.1125,0.984375,0.015625,2.11875,0.96875,2.725,1.0284457345227194,216.0511642893851,0.5265187500044703,biased_agents,0.4592395801339013,0.0279166666666667,0.5790501015531444,0.5790501015531444,0.5790501015531444,0.5790501015531444
flocking_robust_multiflock,27,0.6848198730202836,0.6819471772739758,0.9947916666666666,0.606729995772087,0.606729995772087,1.0,0.0,0.0,0.0,0.0,0.0,1.0,1,0.6752539932110173,1.604095078180464,0.9788541666666666,1.559741457557513,3.751095960830901,3.153122085841756,0.6714895586838019,1,3840,737280,0.7199999999999999,0.0,0.0,0.0,0.0,0,1.0125,0.0125,5.1,0.9947916666666666,0.005208333333333333,2.18125,0.975,2.775,1.0473068259962017,188.65760783270775,0.5358703329693526,biased_agents,0.39590492181953607,0.028854166666666625,0.606729995772087,0.606729995772087,0.606729995772087,0.606729995772087
flocking_robust_multiflock,28,0.6693902176065037,0.6629545393224809,0.9818749999999999,0.5837411960317617,0.5837411960317617,1.0,0.0,0.0,0.0,0.0,0.0,1.0,1,0.7496628332051865,1.9120848021763455,0.9422767857142856,1.6349079286884791,3.725502387433609,3.06485813399874,0.7138911085932503,5,3840,737280,0.7199999999999999,0.0,0.0,0.0,0.0,0,1.0375,0.0375,4.975,0.9818749999999999,0.018125,2.24375,0.96875,2.8,1.0498048519601384,207.36358872195868,0.5126884998753667,biased_agents,0.08791519782365453,0.007723214285714319,0.5837411960317617,0.5837411960317617,0.5837411960317617,0.5837411960317617
flocking_robust_multiflock,29,0.5745350126740143,0.5685523681107406,0.990625,0.5130051738253458,0.5130051738253458,1.0,0.0,0.0,0.0,0.0,0.0,1.0,1,0.6807055463699386,1.6305555346926135,0.9698958333333334,1.6175609719438122,3.740634006411613,3.0770357388226275,0.7239796438292997,0,3840,737280,0.7199999999999999,0.0,0.0,0.0,0.0,0,1.01875,0.01875,4.96875,0.990625,0.009375,2.2125,0.975,2.875,1.0603881119269565,208.35995746930334,0.5037744580768049,biased_agents,0.3694444653073865,0.019895833333333446,0.5130051738253458,0.5130051738253458,0.5130051738253458,0.5130051738253458
flocking_robust_temporal,0,0.8107032620884801,0.8100178654710339,0.996875,0.7067159133986045,0.7067159133986045,1.0,0.0,0.0,0.0,0.0,0.0,1.0,1,0.7945311917765969,2.116660237216246,0.9389062500000002,1.6193417470460154,3.708705755113018,3.04101409550089,0.7346701629892217,3,3840,737280,0.7199999999999999,0.0,0.0,0.0,0.0,0,1.00625,0.00625,4.9125,0.996875,0.003125,2.48125,0.96875,2.84375,1.0504903938384431,223.54687698534693,0.48998149996623397,biased_agents,0.11666023721624619,0.011093749999999791,0.7067159133986045,0.7067159133986045,0.7067159133986045,0.7067159133986045
flocking_robust_temporal,1,0.6700694661007345,0.668884745617783,0.9875,0.5826687338838976,0.5826687338838976,1.0,0.0,0.0,0.0,0.0,0.0,1.0,1,0.7256216914378263,1.8753688712464327,0.9552083333333334,1.5871063796106637,3.7562354118123693,3.2036879248267702,0.6742066611279711,4,3840,737280,0.7199999999999999,0.0,0.0,0.0,0.0,0,1.025,0.025,5.1375,0.9875,0.0125,2.0625,0.975,2.7625,1.0534635636426113,183.60063430562363,0.5348655830603093,biased_agents,0.1246311287535673,0.005208333333333481,0.5826687338838976,0.5826687338838976,0.5826687338838976,0.5826687338838976
flocking_robust_temporal,2,0.6628184433982757,0.6628184433982757,1.0,0.5978811185389415,0.5978811185389415,1.0,0.0,0.0,0.0,0.0,0.0,1.0,,0.6986145345978197,1.7342061224330454,0.9779166666666667,1.5857835310912847,3.7549402444414057,3.187108078751851,0.7043446196383285,0,3840,737280,0.7199999999999999,0.0,0.0,0.0,0.0,0,1.0,0.0,5.26875,1.0,0.0,2.1625,0.96875,2.63125,1.0543842324903288,184.94627494323362,0.535378749947995,biased_agents,0.2657938775669546,0.0279166666666667,0.5978811185389415,0.5978811185389415,0.5978811185389415,0.5978811185389415
flocking_robust_temporal,3,0.6788285558527221,0.6462438113281113,0.9870833333333333,0.5884054130379996,0.5884054130379996,1.0,0.0,0.0,0.0,0.4,0.0125,1.0,1,0.7298757826242246,1.8030921844438932,0.9459375,1.6793702650982205,3.7341091506759874,3.0864994607190193,0.750123088480971,6,3840,737280,0.7199999999999999,0.0,0.0,0.0,0.0,0,1.03125,0.03125,4.8875,0.9870833333333333,0.012916666666666665,2.35,0.96875,2.8625,1.0581975837985955,211.27354420722003,0.49523133295588195,biased_agents,0.1969078155561068,0.004062499999999969,0.5884054130379996,0.5884054130379996,0.5884054130379996,0.5884054130379996
flocking_robust_temporal,4,0.6130619181799222,0.607521507204427,0.978125,0.5393548809158947,0.5393548809158947,1.0,0.0,0.0,0.0,0.0,0.0,1.0,1,0.653889991600837,1.4539801981395606,0.9867708333333333,1.5119880986510257,3.710243645783912,3.02442873581074,0.6842094891707398,0,3840,737280,0.7199999999999999,0.0,0.0,0.0,0.0,0,1.04375,0.04375,4.96875,0.978125,0.021875,2.35625,0.96875,2.74375,1.031056806859859,213.2381351407297,0.5097085831221193,biased_agents,0.5460198018604394,0.03677083333333331,0.5393548809158947,0.5393548809158947,0.5393548809158947,0.5393548809158947
flocking_robust_temporal,5,0.6301826123974643,0.6301826123974643,0.9927083333333332,0.5522664291363688,0.5522664291363688,1.0,0.0,0.0,0.0,0.0,0.0,1.0,2,0.6692796638378006,1.5577985516144637,0.9661979166666669,1.5854794588272323,3.7736448916370215,3.15764084810708,0.6559246625342262,1,3840,737280,0.7199999999999999,0.0,0.0,0.0,0.0,0,1.0125,0.0125,5.18125,0.9947916666666667,0.005208333333333333,2.1625,0.96875,2.70625,1.0437785742048895,179.3114431543514,0.5250921249389648,biased_agents,0.4422014483855363,0.016197916666666923,0.5522664291363688,0.5522664291363688,0.5522664291363688,0.5522664291363688
flocking_robust_temporal,6,0.6964909563522685,0.6964199130773567,0.99375,0.6102395152204041,0.6102395152204041,1.0,0.0,0.0,0.0,0.0,0.0,1.0,1,0.6576413019383694,1.525641237107159,0.9769791666666666,1.5530133466729477,3.7402977467338885,3.2217876239519994,0.666998332580621,4,3840,737280,0.7199999999999999,0.0,0.0,0.0,0.0,0,1.0125,0.0125,5.2625,0.99375,0.00625,2.0875,0.96875,2.65625,1.0598532699886907,215.10213539556437,0.5537458749022335,biased_agents,0.47435876289284096,0.026979166666666665,0.6102395152204041,0.6102395152204041,0.6102395152204041,0.6102395152204041
flocking_robust_temporal,7,0.6128230292974846,0.609495403806068,0.996875,0.537886286904204,0.537886286904204,1.0,0.0,0.0,0.0,0.0,0.0,0.99375,1,0.6433382382146995,1.5021943616011395,0.9797916666666667,1.53492554568877,3.769573396320509,3.258428357481512,0.6317606842394474,0,3840,737280,0.7199999999999999,0.0,0.0,0.0,0.0,0,1.00625,0.00625,5.29375,0.996875,0.003125,2.08125,0.96875,2.625,1.0713849895423726,156.49769275351466,0.5431992909871042,biased_agents,0.4978056383988605,0.029791666666666772,0.537886286904204,0.537886286904204,0.537886286904204,0.537886286904204
flocking_robust_temporal,8,0.6082634766961901,0.6075443482206729,0.9875,0.5412124346133977,0.5412124346133977,1.0,0.0,0.0,0.0,0.0,0.0,1.0,1,0.6888612865696614,1.6434694253485442,0.98203125,1.6264044482243327,3.7581762249666752,3.0893505310533724,0.7146263241040691,0,3840,737280,0.7199999999999999,0.0,0.0,0.0,0.0,0,1.025,0.025,5.05625,0.9875,0.0125,2.2125,0.9625,2.7375,1.0638386231368382,197.64659453743658,0.5164432500023395,biased_agents,0.35653057465145577,0.03203125000000007,0.5412124346133977,0.5412124346133977,0.5412124346133977,0.5412124346133977
flocking_robust_temporal,9,0.7008393528118594,0.684426975836042,0.9600000000000002,0.6143449779189524,0.6143449779189524,1.0,0.0,0.0,0.0,0.0,0.0,0.9958333333333333,1,0.7281108131818874,1.738965861533373,0.96125,1.6654141269238878,3.7033816359785776,3.046998762521428,0.7543142191538093,3,3840,737280,0.7199999999999999,0.0,0.0,0.0,0.0,0,1.0875,0.0875,4.80625,0.9620833333333334,0.03791666666666667,2.25,0.975,2.85625,1.078910962814518,228.41050177808907,0.5041903331875801,biased_agents,0.26103413846662704,0.011250000000000093,0.6143449779189524,0.6143449779189524,0.6143449779189524,0.6143449779189524
flocking_robust_temporal,10,0.6374528575829731,0.6251132761511148,0.9791666666666667,0.5615796595616497,0.5615796595616497,1.0,0.0,0.0,0.0,0.0,0.0,1.0,1,0.6953044297094918,1.7407934433937549,0.9691666666666666,1.588385926302908,3.7718587627519553,3.2071290988075987,0.6619464130262607,3,3840,737280,0.7199999999999999,0.0,0.0,0.0,0.0,0,1.04375,0.04375,5.3,0.9791666666666667,0.020833333333333332,2.05625,0.96875,2.525,1.0296577497089765,160.79152090038392,0.5594510000664741,biased_agents,0.25920655660624514,0.019166666666666665,0.5615796595616497,0.5615796595616497,0.5615796595616497,0.5615796595616497
flocking_robust_temporal,11,0.686981097952532,0.686981097952532,1.0,0.5997226103402233,0.5997226103402233,1.0,0.0,0.0,0.0,0.0,0.0,1.0,,0.720945317863505,1.8127376188148823,0.9571874999999999,1.6701003805873438,3.75113278240451,3.1543387339376188,0.7174628077328786,0,3840,737280,0.7199999999999999,0.0,0.0,0.0,0.0,0,1.0,0.0,5.175,1.0,0.0,2.3125,0.96875,2.65625,1.0343382065276896,200.60814608785873,0.5299821661319584,biased_agents,0.18726238118511773,0.007187499999999902,0.5997226103402233,0.5997226103402233,0.5997226103402233,0.5997226103402233
flocking_robust_temporal,12,0.6936103710168333,0.6898979647759138,0.9868750000000001,0.614269797842498,0.614269797842498,1.0,0.0,0.0,0.0,0.0,0.0,0.9949999999999999,1,0.7237623973942323,1.860844518595559,0.9495833333333333,1.6316965709971751,3.741342207046408,3.077922837539819,0.6894257162738511,2,3840,737280,0.7199999999999999,0.0,0.0,0.0,0.0,0,1.025,0.025,5.01875,0.9881249999999999,0.011875,2.33125,0.96875,2.74375,1.0351352354852648,204.3747111453756,0.5194654159713537,biased_agents,0.1391554814044409,0.0004166666666666208,0.614269797842498,0.614269797842498,0.614269797842498,0.614269797842498
flocking_robust_temporal,13,0.6741535376787324,0.6741535376787324,0.9881249999999999,0.5962967397229691,0.5962967397229691,1.0,0.0,0.0,0.0,0.0,0.0,1.0,3,0.6894673450552856,1.6372481450156542,0.9810416666666667,1.62666278059219,3.7185788132271638,3.0866593834021026,0.7413613450035201,0,3840,737280,0.7199999999999999,0.0,0.0,0.0,0.0,0,1.025,0.025,4.86875,0.9881249999999999,0.011875,2.3375,0.96875,2.9125,1.0778856769773948,225.54934572534685,0.4926319159567356,biased_agents,0.3627518549843458,0.031041666666666745,0.5962967397229691,0.5962967397229691,0.5962967397229691,0.5962967397229691
flocking_robust_temporal,14,0.6944879948570839,0.6855335004253179,0.98125,0.6034542898591878,0.6034542898591878,1.0,0.0,0.0,0.0,0.16666666666666666,0.00625,1.0,1,0.7010717137789322,1.7666213316560246,0.9625,1.6371122753947716,3.7370694483716407,3.1226228643995957,0.7217181421658143,0,3840,737280,0.7199999999999999,0.0,0.0,0.0,0.0,0,1.0375,0.0375,5.15,0.98125,0.01875,2.075,0.96875,2.69375,1.062155498196335,203.54253034859823,0.5317714170087129,biased_agents,0.23337866834397536,0.012500000000000067,0.6034542898591878,0.6034542898591878,0.6034542898591878,0.6034542898591878
flocking_robust_temporal,15,0.733932670688351,0.7044965848105456,0.9881249999999999,0.6388319411665737,0.6388319411665737,1.0,0.0,0.0,0.0,0.25,0.00625,0.9949999999999999,1,0.7662447569932627,2.073756696633975,0.9461458333333332,1.6699835229696405,3.727094797392713,3.1052278740549495,0.7232577664309556,3,3840,737280,0.7199999999999999,0.0,0.0,0.0,0.0,0,1.025,0.025,4.96875,0.9881249999999999,0.011875,2.25625,0.96875,2.825,1.062989808144928,221.7730243821605,0.5039168749935925,biased_agents,0.07375669663397488,0.003854166666666714,0.6388319411665737,0.6388319411665737,0.6388319411665737,0.6388319411665737
flocking_robust_temporal,16,0.6444804313701535,0.6385613237388764,0.984375,0.5541679488812273,0.5541679488812273,1.0,0.0,0.0,0.0,0.0,0.0,0.99375,1,0.6891290303790355,1.6300332890278255,0.9665104166666666,1.5587269057013569,3.739035538106927,3.0242322502714494,0.7227075469851527,1,3840,737280,0.7199999999999999,0.0,0.0,0.0,0.0,0,1.03125,0.03125,4.93125,0.984375,0.015625,2.24375,0.96875,2.84375,1.0531111167026506,215.6774940056954,0.500144915888086,biased_agents,0.3699667109721745,0.01651041666666664,0.5541679488812273,0.5541679488812273,0.5541679488812273,0.5541679488812273
flocking_robust_temporal,17,0.6734981970767294,0.6651060918506055,0.9927083333333334,0.5841166537029799,0.5841166537029799,1.0,0.0,0.0,0.0,0.0,0.0,1.0,3,0.696909602429476,1.704744199080992,0.9651041666666667,1.6609997595158017,3.740301576412098,3.1891955427606518,0.6841278196941418,0,3840,737280,0.7199999999999999,0.0,0.0,0.0,0.0,0,1.01875,0.01875,5.1625,0.9927083333333334,0.007291666666666666,2.15,0.96875,2.7,1.0770652018982496,181.90690640389445,0.5276787499897182,biased_agents,0.29525580091900805,0.015104166666666696,0.5841166537029799,0.5841166537029799,0.5841166537029799,0.5841166537029799
flocking_robust_temporal,18,0.6389396714297838,0.6389396714297838,0.9875,0.5612272542468583,0.5612272542468583,1.0,0.0,0.0,0.0,0.0,0.0,1.0,2,0.6938455438564677,1.6902950949444673,0.9811458333333334,1.6642196358640369,3.7499356486302644,3.139902084407311,0.7237630489044525,0,3840,737280,0.7199999999999999,0.0,0.0,0.0,0.0,0,1.025,0.025,5.04375,0.9875,0.0125,2.2625,0.96875,2.74375,1.0599269757575136,190.74889098099163,0.5171501671429724,biased_agents,0.3097049050555327,0.031145833333333428,0.5612272542468583,0.5612272542468583,0.5612272542468583,0.5612272542468583
flocking_robust_temporal,19,0.630717116140527,0.6268218407045323,0.9745833333333334,0.5608001193231635,0.5608001193231635,1.0,0.0,0.0,0.0,0.0,0.0,0.99375,1,0.6852665834163844,1.5939414891315302,0.9746874999999999,1.6243729108981306,3.721840218749331,3.091158837807727,0.7036776769476777,1,3840,737280,0.7199999999999999,0.0,0.0,0.0,0.0,0,1.05,0.05,4.975,0.9766666666666666,0.023333333333333334,2.35625,0.96875,2.71875,1.0534316722980042,206.73314913538493,0.5130351670086384,biased_agents,0.4060585108684698,0.024687499999999973,0.5608001193231635,0.5608001193231635,0.5608001193231635,0.5608001193231635
flocking_robust_temporal,20,0.6397886813137897,0.6306538044013167,0.9739583333333334,0.5689991247029547,0.5689991247029547,1.0,0.0,0.0,0.0,0.0,0.0,1.0,1,0.6866288504524674,1.693870647863577,0.9628125000000001,1.5845833089123915,3.764410335974685,3.152336623472202,0.6820343007264501,1,3840,737280,0.7199999999999999,0.0,0.0,0.0,0.0,0,1.05625,0.05625,5.08125,0.9739583333333334,0.026041666666666664,2.20625,0.975,2.6625,1.0546371980669318,170.04801595150576,0.51996233407408,biased_agents,0.306129352136423,0.012812500000000115,0.5689991247029547,0.5689991247029547,0.5689991247029547,0.5689991247029547
flocking_robust_temporal,21,0.6296563693668027,0.6245804438904321,0.965625,0.555078620849631,0.555078620849631,1.0,0.0,0.0,0.0,0.0,0.0,1.0,1,0.6526135720125795,1.4989995111586407,0.9774999999999998,1.5414873056969232,3.7591694600019183,3.1669326787458294,0.692259882202507,1,3840,737280,0.7199999999999999,0.0,0.0,0.0,0.0,0,1.06875,0.06875,4.98125,0.965625,0.034375,2.19375,0.9625,2.75625,1.0483182912981899,181.76463591458088,0.5050066669937223,biased_agents,0.5010004888413593,0.027499999999999858,0.555078620849631,0.555078620849631,0.555078620849631,0.555078620849631
flocking_robust_temporal,22,0.679837719230637,0.6691220690505347,0.984375,0.6050474622139058,0.6050474622139058,1.0,0.0,0.0,0.0,0.0,0.0,1.0,1,0.7240425461611393,1.7338638079587088,0.9696875,1.5689866688753193,3.6995442752654197,3.0746352367700593,0.7090939365380914,1,3840,737280,0.7199999999999999,0.0,0.0,0.0,0.0,0,1.03125,0.03125,5.13125,0.984375,0.015625,2.11875,0.96875,2.7,1.038173196589541,233.10130338258446,0.5228179160039872,biased_agents,0.26613619204129124,0.01968750000000008,0.6050474622139058,0.6050474622139058,0.6050474622139058,0.6050474622139058
flocking_robust_temporal,23,0.6782664877945649,0.6782664877945649,0.996875,0.5932515647070356,0.5932515647070356,1.0,0.0,0.0,0.0,0.0,0.0,1.0,1,0.7189536030654847,1.847008851624159,0.951875,1.634232443660553,3.7529569227324315,3.149773444975434,0.6938095793225694,2,3840,737280,0.7199999999999999,0.0,0.0,0.0,0.0,0,1.00625,0.00625,5.25,0.996875,0.003125,2.13125,0.975,2.65625,1.0470842421489905,178.53532560842254,0.5304674168583006,biased_agents,0.15299114837584105,0.001875000000000071,0.5932515647070356,0.5932515647070356,0.5932515647070356,0.5932515647070356
flocking_robust_temporal,24,0.7038702087563784,0.7028029882477782,0.996875,0.6116016089257579,0.6116016089257579,1.0,0.0,0.0,0.0,0.0,0.0,1.0,1,0.6833398483829776,1.6632263919235466,0.9567113095238096,1.5070034357569568,3.7604704930238846,3.112539890387107,0.6563739439335092,5,3840,737280,0.7199999999999999,0.0,0.0,0.0,0.0,0,1.00625,0.00625,5.075,0.996875,0.003125,2.34375,0.96875,2.71875,1.0525153120198814,178.02074822239652,0.5069809590931982,biased_agents,0.3367736080764534,0.0067113095238096054,0.6116016089257579,0.6116016089257579,0.6116016089257579,0.6116016089257579
flocking_robust_temporal,25,0.777255888833014,0.7545711260202451,0.9864583333333332,0.6854054233111411,0.6854054233111411,1.0,0.0,0.0,0.0,0.4,0.0125,1.0,3,0.8360164051425665,2.3278181794873665,0.9139062499999999,1.6834477730447375,3.6885658984908702,3.0201530063577473,0.7483584417197369,6,3840,737280,0.7199999999999999,0.0,0.0,0.0,0.0,0,1.03125,0.03125,4.7875,0.9864583333333332,0.013541666666666665,2.4625,0.96875,2.90625,1.0640092631421432,222.19025179691658,0.47916466696187854,biased_agents,0.32781817948736647,0.036093750000000036,0.6854054233111411,0.6854054233111411,0.6854054233111411,0.6854054233111411
flocking_robust_temporal,26,0.6785313366895246,0.6657690858592269,0.984375,0.5771323283114861,0.5771323283114861,1.0,0.0,0.0,0.0,0.2,0.00625,1.0,3,0.6793643488968001,1.5417919390431263,0.9779166666666667,1.5083596868498905,3.7149742012442863,3.2199209199530214,0.6833468033914577,3,3840,737280,0.7199999999999999,0.0,0.0,0.0,0.0,0,1.03125,0.03125,5.1125,0.984375,0.015625,2.11875,0.96875,2.725,1.0284457345227194,216.0511642893851,0.5271487080026418,biased_agents,0.4582080609568737,0.0279166666666667,0.5771323283114861,0.5771323283114861,0.5771323283114861,0.5771323283114861
flocking_robust_temporal,27,0.6825066738544701,0.6819471772739758,0.9947916666666666,0.6043498884815799,0.6043498884815799,1.0,0.0,0.0,0.0,0.0,0.0,1.0,1,0.6749086325805524,1.6018279193226248,0.9788541666666666,1.559741457557513,3.751095960830901,3.153122085841756,0.6714895586838019,1,3840,737280,0.7199999999999999,0.0,0.0,0.0,0.0,0,1.0125,0.0125,5.1,0.9947916666666666,0.005208333333333333,2.18125,0.975,2.775,1.0473068259962017,188.65760783270775,0.5229655839502811,biased_agents,0.3981720806773752,0.028854166666666625,0.6043498884815799,0.6043498884815799,0.6043498884815799,0.6043498884815799
flocking_robust_temporal,28,0.6644239375768644,0.6629545393224809,0.9818749999999999,0.5806089428760213,0.5806089428760213,1.0,0.0,0.0,0.0,0.0,0.0,1.0,1,0.7518854377795768,1.9202538209820326,0.9401934523809523,1.6349079286884791,3.725502387433609,3.06485813399874,0.7138911085932503,5,3840,737280,0.7199999999999999,0.0,0.0,0.0,0.0,0,1.0375,0.0375,4.975,0.9818749999999999,0.018125,2.24375,0.96875,2.8,1.0498048519601384,207.36358872195868,0.5123816670384258,biased_agents,0.07974617901796743,0.009806547619047645,0.5806089428760213,0.5806089428760213,0.5806089428760213,0.5806089428760213
flocking_robust_temporal,29,0.5691371426814392,0.5685523681107406,0.990625,0.508777053316362,0.508777053316362,1.0,0.0,0.0,0.0,0.0,0.0,1.0,1,0.6792763962380254,1.6196124435939059,0.9698958333333334,1.6175609719438122,3.740634006411613,3.0770357388226275,0.7239796438292997,0,3840,737280,0.7199999999999999,0.0,0.0,0.0,0.0,0,1.01875,0.01875,4.96875,0.990625,0.009375,2.2125,0.975,2.875,1.0603881119269565,208.35995746930334,0.5064858328551054,biased_agents,0.3803875564060941,0.019895833333333446,0.508777053316362,0.508777053316362,0.508777053316362,0.508777053316362
flocking_robust_mixture,0,0.8094411127782122,0.8100178654710339,0.996875,0.7038017094897283,0.7038017094897283,0.0,1.0,0.0,0.0,0.0,0.0,1.0,1,0.7939294561094732,2.112868757829284,0.9389062500000002,1.6193417470460154,3.708705755113018,3.04101409550089,0.7346701629892217,3,3840,737280,0.7199999999999999,0.0,0.0,0.0,0.0,0,1.00625,0.00625,4.9125,0.996875,0.003125,2.48125,0.96875,2.84375,1.0504903938384431,223.54687698534693,0.492714875144884,biased_agents,0.11286875782928396,0.011093749999999791,0.7038017094897283,0.7038017094897283,0.7038017094897283,0.7038017094897283
flocking_robust_mixture,1,0.6689956979574857,0.668884745617783,0.9875,0.5814889108956193,0.5814889108956193,0.0,1.0,0.0,0.0,0.0,0.0,1.0,1,0.7247998090531891,1.872172388640656,0.9552083333333334,1.5871063796106637,3.7562354118123693,3.2036879248267702,0.6742066611279711,4,3840,737280,0.7199999999999999,0.0,0.0,0.0,0.0,0,1.025,0.025,5.1375,0.9875,0.0125,2.0625,0.975,2.7625,1.0534635636426113,183.60063430562363,0.5334154588636011,biased_agents,0.12782761135934395,0.005208333333333481,0.5814889108956193,0.5814889108956193,0.5814889108956193,0.5814889108956193
flocking_robust_mixture,2,0.6628184433982757,0.6628184433982757,1.0,0.5978811185389415,0.5978811185389415,0.0,1.0,0.0,0.0,0.0,0.0,1.0,,0.6986145345978197,1.7342061224330454,0.9779166666666667,1.5857835310912847,3.7549402444414057,3.187108078751851,0.7043446196383285,0,3840,737280,0.7199999999999999,0.0,0.0,0.0,0.0,0,1.0,0.0,5.26875,1.0,0.0,2.1625,0.96875,2.63125,1.0543842324903288,184.94627494323362,0.5410268749110401,biased_agents,0.2657938775669546,0.0279166666666667,0.5978811185389415,0.5978811185389415,0.5978811185389415,0.5978811185389415
flocking_robust_mixture,3,0.6536108810848807,0.6462438113281113,0.9870833333333333,0.5753641280451444,0.5753641280451444,0.0,1.0,0.0,0.0,0.0,0.0,1.0,1,0.7037213286349943,1.700774398883056,0.9563541666666666,1.6793702650982205,3.7341091506759874,3.0864994607190193,0.750123088480971,0,3840,737280,0.7199999999999999,0.0,0.0,0.0,0.0,0,1.03125,0.03125,4.8875,0.9870833333333333,0.012916666666666665,2.35,0.96875,2.8625,1.0581975837985955,211.27354420722003,0.49225112516433,biased_agents,0.2992256011169441,0.006354166666666661,0.5753641280451444,0.5753641280451444,0.5753641280451444,0.5753641280451444
flocking_robust_mixture,4,0.6115810217243053,0.607521507204427,0.978125,0.5379320876783537,0.5379320876783537,0.0,1.0,0.0,0.0,0.0,0.0,1.0,1,0.6486133155900319,1.4319165937585585,0.9867708333333333,1.5119880986510257,3.710243645783912,3.02442873581074,0.6842094891707398,0,3840,737280,0.7199999999999999,0.0,0.0,0.0,0.0,0,1.04375,0.04375,4.96875,0.978125,0.021875,2.35625,0.96875,2.74375,1.031056806859859,213.2381351407297,0.5094964168965816,biased_agents,0.5680834062414415,0.03677083333333331,0.5379320876783537,0.5379320876783537,0.5379320876783537,0.5379320876783537
flocking_robust_mixture,5,0.6271407641199332,0.6301826123974643,0.9927083333333332,0.5491714388325859,0.5491714388325859,0.0,1.0,0.0,0.0,0.0,0.0,1.0,2,0.6692796638378006,1.5577985516144637,0.9661979166666669,1.5854794588272323,3.7736448916370215,3.15764084810708,0.6559246625342262,1,3840,737280,0.7199999999999999,0.0,0.0,0.0,0.0,0,1.0125,0.0125,5.18125,0.9947916666666667,0.005208333333333333,2.1625,0.96875,2.70625,1.0437785742048895,179.3114431543514,0.5204611658118665,biased_agents,0.4422014483855363,0.016197916666666923,0.5491714388325859,0.5491714388325859,0.5491714388325859,0.5491714388325859
flocking_robust_mixture,6,0.6930637833826252,0.6964199130773567,0.99375,0.6074231974068969,0.6074231974068969,0.0,1.0,0.0,0.0,0.0,0.0,1.0,1,0.6562305771679365,1.51773113740525,0.9769791666666666,1.5530133466729477,3.7402977467338885,3.2217876239519994,0.666998332580621,4,3840,737280,0.7199999999999999,0.0,0.0,0.0,0.0,0,1.0125,0.0125,5.2625,0.99375,0.00625,2.0875,0.96875,2.65625,1.0598532699886907,215.10213539556437,0.5518003329634666,biased_agents,0.48226886259475,0.026979166666666665,0.6074231974068969,0.6074231974068969,0.6074231974068969,0.6074231974068969
flocking_robust_mixture,7,0.6059625208092144,0.609495403806068,0.996875,0.5315985232960673,0.5315985232960673,0.0,1.0,0.0,0.0,0.0,0.0,0.99375,1,0.6435832269334805,1.4980849467609991,0.9797916666666667,1.53492554568877,3.769573396320509,3.258428357481512,0.6317606842394474,0,3840,737280,0.7199999999999999,0.0,0.0,0.0,0.0,0,1.00625,0.00625,5.29375,0.996875,0.003125,2.08125,0.96875,2.625,1.0713849895423726,156.49769275351466,0.546011040918529,biased_agents,0.5019150532390009,0.029791666666666772,0.5315985232960673,0.5315985232960673,0.5315985232960673,0.5315985232960673
flocking_robust_mixture,8,0.604628146401128,0.6075443482206729,0.9875,0.5354611710353627,0.5354611710353627,0.0,1.0,0.0,0.0,0.0,0.0,1.0,1,0.6830995785817012,1.6207411875770945,0.98203125,1.6264044482243327,3.7581762249666752,3.0893505310533724,0.7146263241040691,0,3840,737280,0.7199999999999999,0.0,0.0,0.0,0.0,0,1.025,0.025,5.05625,0.9875,0.0125,2.2125,0.9625,2.7375,1.0638386231368382,197.64659453743658,0.5202882089652121,biased_agents,0.3792588124229055,0.03203125000000007,0.5354611710353627,0.5354611710353627,0.5354611710353627,0.5354611710353627
flocking_robust_mixture,9,0.6823015207445536,0.684426975836042,0.9600000000000002,0.5971793644704453,0.5971793644704453,0.0,1.0,0.0,0.0,0.0,0.0,0.9958333333333333,1,0.7159159687626365,1.6729010811252891,0.9675,1.6654141269238878,3.7033816359785776,3.046998762521428,0.7543142191538093,3,3840,737280,0.7199999999999999,0.0,0.0,0.0,0.0,0,1.0875,0.0875,4.80625,0.9620833333333334,0.03791666666666667,2.25,0.975,2.85625,1.078910962814518,228.41050177808907,0.5016083749942482,biased_agents,0.3270989188747109,0.01750000000000007,0.5971793644704453,0.5971793644704453,0.5971793644704453,0.5971793644704453
flocking_robust_mixture,10,0.6266184912628225,0.6251132761511148,0.9791666666666667,0.5529511571102688,0.5529511571102688,0.0,1.0,0.0,0.0,0.0,0.0,1.0,1,0.6880821192917299,1.7030920990343223,0.9717708333333335,1.588385926302908,3.7718587627519553,3.2071290988075987,0.6619464130262607,3,3840,737280,0.7199999999999999,0.0,0.0,0.0,0.0,0,1.04375,0.04375,5.3,0.9791666666666667,0.020833333333333332,2.05625,0.96875,2.525,1.0296577497089765,160.79152090038392,0.5671512500848621,biased_agents,0.29690790096567765,0.021770833333333517,0.5529511571102688,0.5529511571102688,0.5529511571102688,0.5529511571102688
flocking_robust_mixture,11,0.686981097952532,0.686981097952532,1.0,0.5997226103402233,0.5997226103402233,0.0,1.0,0.0,0.0,0.0,0.0,1.0,,0.720945317863505,1.8127376188148823,0.9571874999999999,1.6701003805873438,3.75113278240451,3.1543387339376188,0.7174628077328786,0,3840,737280,0.7199999999999999,0.0,0.0,0.0,0.0,0,1.0,0.0,5.175,1.0,0.0,2.3125,0.96875,2.65625,1.0343382065276896,200.60814608785873,0.529258833033964,biased_agents,0.18726238118511773,0.007187499999999902,0.5997226103402233,0.5997226103402233,0.5997226103402233,0.5997226103402233
flocking_robust_mixture,12,0.6849638309346074,0.6898979647759138,0.9868750000000001,0.6049077433577537,0.6049077433577537,0.0,1.0,0.0,0.0,0.0,0.0,0.9949999999999999,1,0.7204433942285362,1.841907132554661,0.9558333333333333,1.6316965709971751,3.741342207046408,3.077922837539819,0.6894257162738511,2,3840,737280,0.7199999999999999,0.0,0.0,0.0,0.0,0,1.025,0.025,5.01875,0.9881249999999999,0.011875,2.33125,0.96875,2.74375,1.0351352354852648,204.3747111453756,0.5103385418187827,biased_agents,0.158092867445339,0.005833333333333357,0.6049077433577537,0.6049077433577537,0.6049077433577537,0.6049077433577537
flocking_robust_mixture,13,0.6783518599720341,0.6741535376787324,0.9881249999999999,0.6008557223445475,0.6008557223445475,0.0,1.0,0.0,0.0,0.0,0.0,1.0,3,0.6894673450552856,1.6372481450156542,0.9810416666666667,1.62666278059219,3.7185788132271638,3.0866593834021026,0.7413613450035201,0,3840,737280,0.7199999999999999,0.0,0.0,0.0,0.0,0,1.025,0.025,4.86875,0.9881249999999999,0.011875,2.3375,0.96875,2.9125,1.0778856769773948,225.54934572534685,0.49285091599449515,biased_agents,0.3627518549843458,0.031041666666666745,0.6008557223445475,0.6008557223445475,0.6008557223445475,0.6008557223445475
flocking_robust_mixture,14,0.6844148446011672,0.6855335004253179,0.98125,0.5914198889061698,0.5914198889061698,0.0,1.0,0.0,0.0,0.0,0.0,1.0,1,0.7028709692672351,1.7726813181694419,0.9604166666666668,1.6371122753947716,3.7370694483716407,3.1226228643995957,0.7217181421658143,0,3840,737280,0.7199999999999999,0.0,0.0,0.0,0.0,0,1.0375,0.0375,5.15,0.98125,0.01875,2.075,0.96875,2.69375,1.062155498196335,203.54253034859823,0.5312568750232458,biased_agents,0.22731868183055814,0.010416666666666852,0.5914198889061698,0.5914198889061698,0.5914198889061698,0.5914198889061698
flocking_robust_mixture,15,0.7072673196902479,0.7044965848105456,0.9881249999999999,0.6251260950800465,0.6251260950800465,0.0,1.0,0.0,0.0,0.0,0.0,0.9949999999999999,1,0.7439762700503076,1.9368115915160318,0.9523958333333333,1.6699835229696405,3.727094797392713,3.1052278740549495,0.7232577664309556,3,3840,737280,0.7199999999999999,0.0,0.0,0.0,0.0,0,1.025,0.025,4.96875,0.9881249999999999,0.011875,2.25625,0.96875,2.825,1.062989808144928,221.7730243821605,0.5140099171549082,biased_agents,0.06318840848396823,0.0023958333333333748,0.6251260950800465,0.6251260950800465,0.6251260950800465,0.6251260950800465
flocking_robust_mixture,16,0.6362029091270054,0.6385613237388764,0.984375,0.5464919975246577,0.5464919975246577,0.0,1.0,0.0,0.0,0.0,0.0,0.99375,1,0.6799645839189145,1.5919362788808835,0.9727604166666668,1.5587269057013569,3.739035538106927,3.0242322502714494,0.7227075469851527,1,3840,737280,0.7199999999999999,0.0,0.0,0.0,0.0,0,1.03125,0.03125,4.93125,0.984375,0.015625,2.24375,0.96875,2.84375,1.0531111167026506,215.6774940056954,0.4981122079771012,biased_agents,0.4080637211191165,0.02276041666666684,0.5464919975246577,0.5464919975246577,0.5464919975246577,0.5464919975246577
flocking_robust_mixture,17,0.6659164221850418,0.6651060918506055,0.9927083333333334,0.5760189798175043,0.5760189798175043,0.0,1.0,0.0,0.0,0.0,0.0,1.0,3,0.6989948660062286,1.7104818886974216,0.9604166666666666,1.6609997595158017,3.740301576412098,3.1891955427606518,0.6841278196941418,0,3840,737280,0.7199999999999999,0.0,0.0,0.0,0.0,0,1.01875,0.01875,5.1625,0.9927083333333334,0.007291666666666666,2.15,0.96875,2.7,1.0770652018982496,181.90690640389445,0.5271535841748118,biased_agents,0.28951811130257843,0.01041666666666663,0.5760189798175043,0.5760189798175043,0.5760189798175043,0.5760189798175043
flocking_robust_mixture,18,0.6359135311832639,0.6389396714297838,0.9875,0.5559869738298348,0.5559869738298348,0.0,1.0,0.0,0.0,0.0,0.0,1.0,2,0.6938455438564677,1.6902950949444673,0.9811458333333334,1.6642196358640369,3.7499356486302644,3.139902084407311,0.7237630489044525,0,3840,737280,0.7199999999999999,0.0,0.0,0.0,0.0,0,1.025,0.025,5.04375,0.9875,0.0125,2.2625,0.96875,2.74375,1.0599269757575136,190.74889098099163,0.5214467500336468,biased_agents,0.3097049050555327,0.031145833333333428,0.5559869738298348,0.5559869738298348,0.5559869738298348,0.5559869738298348
flocking_robust_mixture,19,0.6265645045800278,0.6268218407045323,0.9745833333333334,0.5545006696447384,0.5545006696447384,0.0,1.0,0.0,0.0,0.0,0.0,0.99375,1,0.6841025621576162,1.5898858857202556,0.9746874999999999,1.6243729108981306,3.721840218749331,3.091158837807727,0.7036776769476777,1,3840,737280,0.7199999999999999,0.0,0.0,0.0,0.0,0,1.05,0.05,4.975,0.9766666666666666,0.023333333333333334,2.35625,0.96875,2.71875,1.0534316722980042,206.73314913538493,0.517545250011608,biased_agents,0.4101141142797444,0.024687499999999973,0.5545006696447384,0.5545006696447384,0.5545006696447384,0.5545006696447384
flocking_robust_mixture,20,0.6285359368392182,0.6306538044013167,0.9739583333333334,0.553594674474454,0.553594674474454,0.0,1.0,0.0,0.0,0.0,0.0,1.0,1,0.6766026720786874,1.6406243367308597,0.9628125000000001,1.5845833089123915,3.764410335974685,3.152336623472202,0.6820343007264501,1,3840,737280,0.7199999999999999,0.0,0.0,0.0,0.0,0,1.05625,0.05625,5.08125,0.9739583333333334,0.026041666666666664,2.20625,0.975,2.6625,1.0546371980669318,170.04801595150576,0.5283578329253942,biased_agents,0.3593756632691403,0.012812500000000115,0.553594674474454,0.553594674474454,0.553594674474454,0.553594674474454
flocking_robust_mixture,21,0.6194091792449351,0.6245804438904321,0.965625,0.5420823525500647,0.5420823525500647,0.0,1.0,0.0,0.0,0.0,0.0,1.0,1,0.6503449453554709,1.4858154111291941,0.9774999999999998,1.5414873056969232,3.7591694600019183,3.1669326787458294,0.692259882202507,1,3840,737280,0.7199999999999999,0.0,0.0,0.0,0.0,0,1.06875,0.06875,4.98125,0.965625,0.034375,2.19375,0.9625,2.75625,1.0483182912981899,181.76463591458088,0.5134499159175903,biased_agents,0.5141845888708059,0.027499999999999858,0.5420823525500647,0.5420823525500647,0.5420823525500647,0.5420823525500647
flocking_robust_mixture,22,0.6713243634808789,0.6691220690505347,0.984375,0.5958686250164961,0.5958686250164961,0.0,1.0,0.0,0.0,0.0,0.0,1.0,1,0.7229515035841649,1.7283036093199038,0.9655208333333333,1.5689866688753193,3.6995442752654197,3.0746352367700593,0.7090939365380914,1,3840,737280,0.7199999999999999,0.0,0.0,0.0,0.0,0,1.03125,0.03125,5.13125,0.984375,0.015625,2.11875,0.96875,2.7,1.038173196589541,233.10130338258446,0.5321601249743253,biased_agents,0.2716963906800962,0.015520833333333317,0.5958686250164961,0.5958686250164961,0.5958686250164961,0.5958686250164961
flocking_robust_mixture,23,0.6789120187713835,0.6782664877945649,0.996875,0.5941010343047652,0.5941010343047652,0.0,1.0,0.0,0.0,0.0,0.0,1.0,1,0.7189536030654847,1.847008851624159,0.951875,1.634232443660553,3.7529569227324315,3.149773444975434,0.6938095793225694,2,3840,737280,0.7199999999999999,0.0,0.0,0.0,0.0,0,1.00625,0.00625,5.25,0.996875,0.003125,2.13125,0.975,2.65625,1.0470842421489905,178.53532560842254,0.543532915879041,biased_agents,0.15299114837584105,0.001875000000000071,0.5941010343047652,0.5941010343047652,0.5941010343047652,0.5941010343047652
flocking_robust_mixture,24,0.702772904507499,0.7028029882477782,0.996875,0.6093803683518662,0.6093803683518662,0.0,1.0,0.0,0.0,0.0,0.0,1.0,1,0.6826417000511025,1.6597037226585933,0.9567113095238096,1.5070034357569568,3.7604704930238846,3.112539890387107,0.6563739439335092,5,3840,737280,0.7199999999999999,0.0,0.0,0.0,0.0,0,1.00625,0.00625,5.075,0.996875,0.003125,2.34375,0.96875,2.71875,1.0525153120198814,178.02074822239652,0.5099953750614077,biased_agents,0.34029627734140666,0.0067113095238096054,0.6093803683518662,0.6093803683518662,0.6093803683518662,0.6093803683518662
flocking_robust_mixture,25,0.758783102085535,0.7545711260202451,0.9864583333333332,0.6717866921238177,0.6717866921238177,0.0,1.0,0.0,0.0,0.0,0.0,1.0,3,0.8295342796024661,2.291305975523974,0.9149479166666665,1.6834477730447375,3.6885658984908702,3.0201530063577473,0.7483584417197369,5,3840,737280,0.7199999999999999,0.0,0.0,0.0,0.0,0,1.03125,0.03125,4.7875,0.9864583333333332,0.013541666666666665,2.4625,0.96875,2.90625,1.0640092631421432,222.19025179691658,0.48220704193226993,biased_agents,0.29130597552397397,0.03505208333333343,0.6717866921238177,0.6717866921238177,0.6717866921238177,0.6717866921238177
flocking_robust_mixture,26,0.6671854822166776,0.6657690858592269,0.984375,0.5668589006319684,0.5668589006319684,0.0,1.0,0.0,0.0,0.0,0.0,1.0,3,0.6693444875863988,1.4980516617067876,0.9779166666666667,1.5083596868498905,3.7149742012442863,3.2199209199530214,0.6833468033914577,3,3840,737280,0.7199999999999999,0.0,0.0,0.0,0.0,0,1.03125,0.03125,5.1125,0.984375,0.015625,2.11875,0.96875,2.725,1.0284457345227194,216.0511642893851,0.5246625829022378,biased_agents,0.5019483382932124,0.0279166666666667,0.5668589006319684,0.5668589006319684,0.5668589006319684,0.5668589006319684
flocking_robust_mixture,27,0.6814342745761577,0.6819471772739758,0.9947916666666666,0.602003823604852,0.602003823604852,0.0,1.0,0.0,0.0,0.0,0.0,1.0,1,0.6742010356500908,1.5978191059008213,0.9788541666666666,1.559741457557513,3.751095960830901,3.153122085841756,0.6714895586838019,1,3840,737280,0.7199999999999999,0.0,0.0,0.0,0.0,0,1.0125,0.0125,5.1,0.9947916666666666,0.005208333333333333,2.18125,0.975,2.775,1.0473068259962017,188.65760783270775,0.526764125097543,biased_agents,0.4021808940991787,0.028854166666666625,0.602003823604852,0.602003823604852,0.602003823604852,0.602003823604852
flocking_robust_mixture,28,0.6619506246411074,0.6629545393224809,0.9818749999999999,0.5778322733547322,0.5778322733547322,0.0,1.0,0.0,0.0,0.0,0.0,1.0,1,0.7495269696879253,1.9077215156069607,0.9422767857142859,1.6349079286884791,3.725502387433609,3.06485813399874,0.7138911085932503,5,3840,737280,0.7199999999999999,0.0,0.0,0.0,0.0,0,1.0375,0.0375,4.975,0.9818749999999999,0.018125,2.24375,0.96875,2.8,1.0498048519601384,207.36358872195868,0.49826149991713464,biased_agents,0.09227848439303932,0.007723214285714097,0.5778322733547322,0.5778322733547322,0.5778322733547322,0.5778322733547322
flocking_robust_mixture,29,0.5691954614542782,0.5685523681107406,0.990625,0.5087271282310584,0.5087271282310584,0.0,1.0,0.0,0.0,0.0,0.0,1.0,1,0.6825856589885486,1.6341818779660067,0.9698958333333334,1.6175609719438122,3.740634006411613,3.0770357388226275,0.7239796438292997,0,3840,737280,0.7199999999999999,0.0,0.0,0.0,0.0,0,1.01875,0.01875,4.96875,0.990625,0.009375,2.2125,0.975,2.875,1.0603881119269565,208.35995746930334,0.49367095809429884,biased_agents,0.36581812203399333,0.019895833333333446,0.5087271282310584,0.5087271282310584,0.5087271282310584,0.5087271282310584
flocking_robust_defer,0,0.8094411127782122,0.8100178654710339,0.996875,1.4555916803626907,0.7055916803626907,0.0,0.0,1.0,0.0,0.0,0.0,1.0,1,0.7939294561094732,2.112868757829284,0.9389062500000002,1.6193417470460154,3.708705755113018,3.04101409550089,0.7346701629892217,3,3840,737280,0.7199999999999999,0.0,0.0,0.0,0.0,0,1.00625,0.00625,4.9125,0.996875,0.003125,2.48125,0.96875,2.84375,1.0504903938384431,223.54687698534693,0.4925210829824209,biased_agents,0.11286875782928396,0.011093749999999791,0.9555916803626907,1.2055916803626907,1.7055916803626907,2.2055916803626907
flocking_robust_defer,1,0.6689956979574857,0.668884745617783,0.9875,1.3311471688263636,0.5811471688263635,0.0,0.0,1.0,0.0,0.0,0.0,1.0,1,0.7247998090531891,1.872172388640656,0.9552083333333334,1.5871063796106637,3.7562354118123693,3.2036879248267702,0.6742066611279711,4,3840,737280,0.7199999999999999,0.0,0.0,0.0,0.0,0,1.025,0.025,5.1375,0.9875,0.0125,2.0625,0.975,2.7625,1.0534635636426113,183.60063430562363,0.5415542079135776,biased_agents,0.12782761135934395,0.005208333333333481,0.8311471688263635,1.0811471688263636,1.5811471688263636,2.0811471688263636
flocking_robust_defer,2,0.6628184433982757,0.6628184433982757,1.0,1.3478811185389414,0.5978811185389415,0.0,0.0,1.0,0.0,0.0,0.0,1.0,,0.6986145345978197,1.7342061224330454,0.9779166666666667,1.5857835310912847,3.7549402444414057,3.187108078751851,0.7043446196383285,0,3840,737280,0.7199999999999999,0.0,0.0,0.0,0.0,0,1.0,0.0,5.26875,1.0,0.0,2.1625,0.96875,2.63125,1.0543842324903288,184.94627494323362,0.5387469169218093,biased_agents,0.2657938775669546,0.0279166666666667,0.8478811185389415,1.0978811185389414,1.5978811185389414,2.0978811185389414
flocking_robust_defer,3,0.6536108810848807,0.6462438113281113,0.9870833333333333,1.3170947955467076,0.5670947955467076,0.0,0.0,1.0,0.0,0.0,0.0,1.0,1,0.7037213286349943,1.700774398883056,0.9563541666666666,1.6793702650982205,3.7341091506759874,3.0864994607190193,0.750123088480971,0,3840,737280,0.7199999999999999,0.0,0.0,0.0,0.0,0,1.03125,0.03125,4.8875,0.9870833333333333,0.012916666666666665,2.35,0.96875,2.8625,1.0581975837985955,211.27354420722003,0.495151333976537,biased_agents,0.2992256011169441,0.006354166666666661,0.8170947955467076,1.0670947955467076,1.5670947955467076,2.0670947955467076
flocking_robust_defer,4,0.6115810217243053,0.607521507204427,0.978125,1.2844548535445475,0.5344548535445475,0.0,0.0,1.0,0.0,0.0,0.0,1.0,1,0.6486133155900319,1.4319165937585585,0.9867708333333333,1.5119880986510257,3.710243645783912,3.02442873581074,0.6842094891707398,0,3840,737280,0.7199999999999999,0.0,0.0,0.0,0.0,0,1.04375,0.04375,4.96875,0.978125,0.021875,2.35625,0.96875,2.74375,1.031056806859859,213.2381351407297,0.5104293748736382,biased_agents,0.5680834062414415,0.03677083333333331,0.7844548535445475,1.0344548535445475,1.5344548535445475,2.0344548535445472
flocking_robust_defer,5,0.6271407641199332,0.6301826123974643,0.9927083333333332,1.302266429136369,0.5522664291363688,0.0,0.0,1.0,0.0,0.0,0.0,1.0,2,0.6692796638378006,1.5577985516144637,0.9661979166666669,1.5854794588272323,3.7736448916370215,3.15764084810708,0.6559246625342262,1,3840,737280,0.7199999999999999,0.0,0.0,0.0,0.0,0,1.0125,0.0125,5.18125,0.9947916666666667,0.005208333333333333,2.1625,0.96875,2.70625,1.0437785742048895,179.3114431543514,0.5266716668847948,biased_agents,0.4422014483855363,0.016197916666666923,0.8022664291363688,1.0522664291363688,1.5522664291363688,2.0522664291363686
flocking_robust_defer,6,0.6930637833826252,0.6964199130773567,0.99375,1.3601910475916987,0.6101910475916986,0.0,0.0,1.0,0.0,0.0,0.0,1.0,1,0.6562305771679365,1.51773113740525,0.9769791666666666,1.5530133466729477,3.7402977467338885,3.2217876239519994,0.666998332580621,4,3840,737280,0.7199999999999999,0.0,0.0,0.0,0.0,0,1.0125,0.0125,5.2625,0.99375,0.00625,2.0875,0.96875,2.65625,1.0598532699886907,215.10213539556437,0.5507819999475032,biased_agents,0.48226886259475,0.026979166666666665,0.8601910475916986,1.1101910475916985,1.6101910475916985,2.1101910475916985
flocking_robust_defer,7,0.6059625208092144,0.609495403806068,0.996875,1.2858651774463774,0.5358651774463774,0.0,0.0,1.0,0.0,0.0,0.0,0.99375,1,0.6435832269334805,1.4980849467609991,0.9797916666666667,1.53492554568877,3.769573396320509,3.258428357481512,0.6317606842394474,0,3840,737280,0.7199999999999999,0.0,0.0,0.0,0.0,0,1.00625,0.00625,5.29375,0.996875,0.003125,2.08125,0.96875,2.625,1.0713849895423726,156.49769275351466,0.54489133390598,biased_agents,0.5019150532390009,0.029791666666666772,0.7858651774463774,1.0358651774463774,1.5358651774463774,2.0358651774463774
flocking_robust_defer,8,0.604628146401128,0.6075443482206729,0.9875,1.2896897148822777,0.5396897148822777,0.0,0.0,1.0,0.0,0.0,0.0,1.0,1,0.6830995785817012,1.6207411875770945,0.98203125,1.6264044482243327,3.7581762249666752,3.0893505310533724,0.7146263241040691,0,3840,737280,0.7199999999999999,0.0,0.0,0.0,0.0,0,1.025,0.025,5.05625,0.9875,0.0125,2.2125,0.9625,2.7375,1.0638386231368382,197.64659453743658,0.5165434579830617,biased_agents,0.3792588124229055,0.03203125000000007,0.7896897148822777,1.0396897148822777,1.5396897148822777,2.039689714882278
flocking_robust_defer,9,0.6823015207445536,0.684426975836042,0.9600000000000002,1.3495190212572272,0.5995190212572272,0.0,0.0,1.0,0.0,0.0,0.0,0.9958333333333333,1,0.7159159687626365,1.6729010811252891,0.9675,1.6654141269238878,3.7033816359785776,3.046998762521428,0.7543142191538093,3,3840,737280,0.7199999999999999,0.0,0.0,0.0,0.0,0,1.0875,0.0875,4.80625,0.9620833333333334,0.03791666666666667,2.25,0.975,2.85625,1.078910962814518,228.41050177808907,0.5057215001434088,biased_agents,0.3270989188747109,0.01750000000000007,0.8495190212572272,1.0995190212572272,1.5995190212572272,2.099519021257227
flocking_robust_defer,10,0.6266184912628225,0.6251132761511148,0.9791666666666667,1.3025145952133355,0.5525145952133353,0.0,0.0,1.0,0.0,0.0,0.0,1.0,1,0.6880821192917299,1.7030920990343223,0.9717708333333335,1.588385926302908,3.7718587627519553,3.2071290988075987,0.6619464130262607,3,3840,737280,0.7199999999999999,0.0,0.0,0.0,0.0,0,1.04375,0.04375,5.3,0.9791666666666667,0.020833333333333332,2.05625,0.96875,2.525,1.0296577497089765,160.79152090038392,0.5608030830044299,biased_agents,0.29690790096567765,0.021770833333333517,0.8025145952133353,1.0525145952133355,1.5525145952133355,2.0525145952133355
flocking_robust_defer,11,0.686981097952532,0.686981097952532,1.0,1.3497226103402233,0.5997226103402233,0.0,0.0,1.0,0.0,0.0,0.0,1.0,,0.720945317863505,1.8127376188148823,0.9571874999999999,1.6701003805873438,3.75113278240451,3.1543387339376188,0.7174628077328786,0,3840,737280,0.7199999999999999,0.0,0.0,0.0,0.0,0,1.0,0.0,5.175,1.0,0.0,2.3125,0.96875,2.65625,1.0343382065276896,200.60814608785873,0.5290368751157075,biased_agents,0.18726238118511773,0.007187499999999902,0.8497226103402233,1.0997226103402233,1.5997226103402233,2.0997226103402236
flocking_robust_defer,12,0.6849638309346074,0.6898979647759138,0.9868750000000001,1.3616680632851998,0.6116680632851997,0.0,0.0,1.0,0.0,0.0,0.0,0.9949999999999999,1,0.7204433942285362,1.841907132554661,0.9558333333333333,1.6316965709971751,3.741342207046408,3.077922837539819,0.6894257162738511,2,3840,737280,0.7199999999999999,0.0,0.0,0.0,0.0,0,1.025,0.025,5.01875,0.9881249999999999,0.011875,2.33125,0.96875,2.74375,1.0351352354852648,204.3747111453756,0.5094543329905719,biased_agents,0.158092867445339,0.005833333333333357,0.8616680632851997,1.1116680632851996,1.6116680632851996,2.1116680632851996
flocking_robust_defer,13,0.6783518599720341,0.6741535376787324,0.9881249999999999,1.3462967397229693,0.5962967397229691,0.0,0.0,1.0,0.0,0.0,0.0,1.0,3,0.6894673450552856,1.6372481450156542,0.9810416666666667,1.62666278059219,3.7185788132271638,3.0866593834021026,0.7413613450035201,0,3840,737280,0.7199999999999999,0.0,0.0,0.0,0.0,0,1.025,0.025,4.86875,0.9881249999999999,0.011875,2.3375,0.96875,2.9125,1.0778856769773948,225.54934572534685,0.49414283386431634,biased_agents,0.3627518549843458,0.031041666666666745,0.8462967397229691,1.0962967397229693,1.5962967397229693,2.0962967397229693
flocking_robust_defer,14,0.6844148446011672,0.6855335004253179,0.98125,1.3425000925398263,0.5925000925398264,0.0,0.0,1.0,0.0,0.0,0.0,1.0,1,0.7028709692672351,1.7726813181694419,0.9604166666666668,1.6371122753947716,3.7370694483716407,3.1226228643995957,0.7217181421658143,0,3840,737280,0.7199999999999999,0.0,0.0,0.0,0.0,0,1.0375,0.0375,5.15,0.98125,0.01875,2.075,0.96875,2.69375,1.062155498196335,203.54253034859823,0.5264880419708788,biased_agents,0.22731868183055814,0.010416666666666852,0.8425000925398264,1.0925000925398263,1.5925000925398263,2.0925000925398263
flocking_robust_defer,15,0.7072673196902479,0.7044965848105456,0.9881249999999999,1.3712085115474661,0.6212085115474661,0.0,0.0,1.0,0.0,0.0,0.0,0.9949999999999999,1,0.7439762700503076,1.9368115915160318,0.9523958333333333,1.6699835229696405,3.727094797392713,3.1052278740549495,0.7232577664309556,3,3840,737280,0.7199999999999999,0.0,0.0,0.0,0.0,0,1.025,0.025,4.96875,0.9881249999999999,0.011875,2.25625,0.96875,2.825,1.062989808144928,221.7730243821605,0.5050784999039024,biased_agents,0.06318840848396823,0.0023958333333333748,0.8712085115474661,1.1212085115474661,1.6212085115474661,2.121208511547466
flocking_robust_defer,16,0.6362029091270054,0.6385613237388764,0.984375,1.2994231849757814,0.5494231849757812,0.0,0.0,1.0,0.0,0.0,0.0,0.99375,1,0.6799645839189145,1.5919362788808835,0.9727604166666668,1.5587269057013569,3.739035538106927,3.0242322502714494,0.7227075469851527,1,3840,737280,0.7199999999999999,0.0,0.0,0.0,0.0,0,1.03125,0.03125,4.93125,0.984375,0.015625,2.24375,0.96875,2.84375,1.0531111167026506,215.6774940056954,0.5017115829978138,biased_agents,0.4080637211191165,0.02276041666666684,0.7994231849757812,1.0494231849757814,1.5494231849757814,2.0494231849757814
flocking_robust_defer,17,0.6659164221850418,0.6651060918506055,0.9927083333333334,1.3253809892066353,0.5753809892066355,0.0,0.0,1.0,0.0,0.0,0.0,1.0,3,0.6989948660062286,1.7104818886974216,0.9604166666666666,1.6609997595158017,3.740301576412098,3.1891955427606518,0.6841278196941418,0,3840,737280,0.7199999999999999,0.0,0.0,0.0,0.0,0,1.01875,0.01875,5.1625,0.9927083333333334,0.007291666666666666,2.15,0.96875,2.7,1.0770652018982496,181.90690640389445,0.5297449580393732,biased_agents,0.28951811130257843,0.01041666666666663,0.8253809892066355,1.0753809892066355,1.5753809892066355,2.0753809892066357
flocking_robust_defer,18,0.6359135311832639,0.6389396714297838,0.9875,1.3112272542468584,0.5612272542468583,0.0,0.0,1.0,0.0,0.0,0.0,1.0,2,0.6938455438564677,1.6902950949444673,0.9811458333333334,1.6642196358640369,3.7499356486302644,3.139902084407311,0.7237630489044525,0,3840,737280,0.7199999999999999,0.0,0.0,0.0,0.0,0,1.025,0.025,5.04375,0.9875,0.0125,2.2625,0.96875,2.74375,1.0599269757575136,190.74889098099163,0.5126888749655336,biased_agents,0.3097049050555327,0.031145833333333428,0.8112272542468583,1.0612272542468584,1.5612272542468584,2.0612272542468584
flocking_robust_defer,19,0.6265645045800278,0.6268218407045323,0.9745833333333334,1.3073081346174298,0.55730813461743,0.0,0.0,1.0,0.0,0.0,0.0,0.99375,1,0.6841025621576162,1.5898858857202556,0.9746874999999999,1.6243729108981306,3.721840218749331,3.091158837807727,0.7036776769476777,1,3840,737280,0.7199999999999999,0.0,0.0,0.0,0.0,0,1.05,0.05,4.975,0.9766666666666666,0.023333333333333334,2.35625,0.96875,2.71875,1.0534316722980042,206.73314913538493,0.5127555830404162,biased_agents,0.4101141142797444,0.024687499999999973,0.80730813461743,1.05730813461743,1.55730813461743,2.05730813461743
flocking_robust_defer,20,0.6285359368392182,0.6306538044013167,0.9739583333333334,1.3088659605977688,0.5588659605977689,0.0,0.0,1.0,0.0,0.0,0.0,1.0,1,0.6766026720786874,1.6406243367308597,0.9628125000000001,1.5845833089123915,3.764410335974685,3.152336623472202,0.6820343007264501,1,3840,737280,0.7199999999999999,0.0,0.0,0.0,0.0,0,1.05625,0.05625,5.08125,0.9739583333333334,0.026041666666666664,2.20625,0.975,2.6625,1.0546371980669318,170.04801595150576,0.5328056670259684,biased_agents,0.3593756632691403,0.012812500000000115,0.8088659605977689,1.0588659605977688,1.5588659605977688,2.058865960597769
flocking_robust_defer,21,0.6194091792449351,0.6245804438904321,0.965625,1.2987288429337558,0.548728842933756,0.0,0.0,1.0,0.0,0.0,0.0,1.0,1,0.6503449453554709,1.4858154111291941,0.9774999999999998,1.5414873056969232,3.7591694600019183,3.1669326787458294,0.692259882202507,1,3840,737280,0.7199999999999999,0.0,0.0,0.0,0.0,0,1.06875,0.06875,4.98125,0.965625,0.034375,2.19375,0.9625,2.75625,1.0483182912981899,181.76463591458088,0.5046797920949757,biased_agents,0.5141845888708059,0.027499999999999858,0.798728842933756,1.048728842933756,1.548728842933756,2.0487288429337562
flocking_robust_defer,22,0.6713243634808789,0.6691220690505347,0.984375,1.3434873197599575,0.5934873197599575,0.0,0.0,1.0,0.0,0.0,0.0,1.0,1,0.7229515035841649,1.7283036093199038,0.9655208333333333,1.5689866688753193,3.6995442752654197,3.0746352367700593,0.7090939365380914,1,3840,737280,0.7199999999999999,0.0,0.0,0.0,0.0,0,1.03125,0.03125,5.13125,0.984375,0.015625,2.11875,0.96875,2.7,1.038173196589541,233.10130338258446,0.5260274580214173,biased_agents,0.2716963906800962,0.015520833333333317,0.8434873197599575,1.0934873197599575,1.5934873197599575,2.0934873197599577
flocking_robust_defer,23,0.6789120187713835,0.6782664877945649,0.996875,1.3432515647070356,0.5932515647070356,0.0,0.0,1.0,0.0,0.0,0.0,1.0,1,0.7189536030654847,1.847008851624159,0.951875,1.634232443660553,3.7529569227324315,3.149773444975434,0.6938095793225694,2,3840,737280,0.7199999999999999,0.0,0.0,0.0,0.0,0,1.00625,0.00625,5.25,0.996875,0.003125,2.13125,0.975,2.65625,1.0470842421489905,178.53532560842254,0.5314525419380516,biased_agents,0.15299114837584105,0.001875000000000071,0.8432515647070356,1.0932515647070356,1.5932515647070356,2.0932515647070353
flocking_robust_defer,24,0.702772904507499,0.7028029882477782,0.996875,1.3594983611139502,0.6094983611139503,0.0,0.0,1.0,0.0,0.0,0.0,1.0,1,0.6826417000511025,1.6597037226585933,0.9567113095238096,1.5070034357569568,3.7604704930238846,3.112539890387107,0.6563739439335092,5,3840,737280,0.7199999999999999,0.0,0.0,0.0,0.0,0,1.00625,0.00625,5.075,0.996875,0.003125,2.34375,0.96875,2.71875,1.0525153120198814,178.02074822239652,0.5094128330238163,biased_agents,0.34029627734140666,0.0067113095238096054,0.8594983611139503,1.1094983611139502,1.6094983611139502,2.10949836111395
flocking_robust_defer,25,0.758783102085535,0.7545711260202451,0.9864583333333332,1.4167569281554568,0.6667569281554568,0.0,0.0,1.0,0.0,0.0,0.0,1.0,3,0.8295342796024661,2.291305975523974,0.9149479166666665,1.6834477730447375,3.6885658984908702,3.0201530063577473,0.7483584417197369,5,3840,737280,0.7199999999999999,0.0,0.0,0.0,0.0,0,1.03125,0.03125,4.7875,0.9864583333333332,0.013541666666666665,2.4625,0.96875,2.90625,1.0640092631421432,222.19025179691658,0.48044741596095264,biased_agents,0.29130597552397397,0.03505208333333343,0.9167569281554568,1.1667569281554568,1.6667569281554568,2.166756928155457
flocking_robust_defer,26,0.6671854822166776,0.6657690858592269,0.984375,1.3150414973083149,0.5650414973083151,0.0,0.0,1.0,0.0,0.0,0.0,1.0,3,0.6693444875863988,1.4980516617067876,0.9779166666666667,1.5083596868498905,3.7149742012442863,3.2199209199530214,0.6833468033914577,3,3840,737280,0.7199999999999999,0.0,0.0,0.0,0.0,0,1.03125,0.03125,5.1125,0.984375,0.015625,2.11875,0.96875,2.725,1.0284457345227194,216.0511642893851,0.5180224999785423,biased_agents,0.5019483382932124,0.0279166666666667,0.8150414973083151,1.065041497308315,1.565041497308315,2.0650414973083153
flocking_robust_defer,27,0.6814342745761577,0.6819471772739758,0.9947916666666666,1.353540299901865,0.6035402999018651,0.0,0.0,1.0,0.0,0.0,0.0,1.0,1,0.6742010356500908,1.5978191059008213,0.9788541666666666,1.559741457557513,3.751095960830901,3.153122085841756,0.6714895586838019,1,3840,737280,0.7199999999999999,0.0,0.0,0.0,0.0,0,1.0125,0.0125,5.1,0.9947916666666666,0.005208333333333333,2.18125,0.975,2.775,1.0473068259962017,188.65760783270775,0.5112333330325782,biased_agents,0.4021808940991787,0.028854166666666625,0.8535402999018651,1.103540299901865,1.603540299901865,2.103540299901865
flocking_robust_defer,28,0.6619506246411074,0.6629545393224809,0.9818749999999999,1.328240278610931,0.578240278610931,0.0,0.0,1.0,0.0,0.0,0.0,1.0,1,0.7495269696879253,1.9077215156069607,0.9422767857142859,1.6349079286884791,3.725502387433609,3.06485813399874,0.7138911085932503,5,3840,737280,0.7199999999999999,0.0,0.0,0.0,0.0,0,1.0375,0.0375,4.975,0.9818749999999999,0.018125,2.24375,0.96875,2.8,1.0498048519601384,207.36358872195868,0.5094955000095069,biased_agents,0.09227848439303932,0.007723214285714097,0.828240278610931,1.0782402786109309,1.5782402786109309,2.078240278610931
flocking_robust_defer,29,0.5691954614542782,0.5685523681107406,0.990625,1.2579502774387552,0.5079502774387551,0.0,0.0,1.0,0.0,0.0,0.0,1.0,1,0.6825856589885486,1.6341818779660067,0.9698958333333334,1.6175609719438122,3.740634006411613,3.0770357388226275,0.7239796438292997,0,3840,737280,0.7199999999999999,0.0,0.0,0.0,0.0,0,1.01875,0.01875,4.96875,0.990625,0.009375,2.2125,0.975,2.875,1.0603881119269565,208.35995746930334,0.49901195778511465,biased_agents,0.36581812203399333,0.019895833333333446,0.7579502774387551,1.0079502774387552,1.5079502774387552,2.007950277438755
flocking_robust_active,0,0.8107032620884801,0.8100178654710339,0.996875,0.7067159133986045,0.7067159133986045,1.0,0.0,0.0,0.0,0.0,0.0,1.0,1,0.7945311917765969,2.116660237216246,0.9389062500000002,1.6193417470460154,3.708705755113018,3.04101409550089,0.7346701629892217,3,3840,737280,0.7199999999999999,0.0,0.0,0.0,0.0,0,1.00625,0.00625,4.9125,0.996875,0.003125,2.48125,0.96875,2.84375,1.0504903938384431,223.54687698534693,0.4937288749497384,biased_agents,0.11666023721624619,0.011093749999999791,0.7067159133986045,0.7067159133986045,0.7067159133986045,0.7067159133986045
flocking_robust_active,1,0.6700694661007345,0.668884745617783,0.9875,0.5826687338838976,0.5826687338838976,1.0,0.0,0.0,0.0,0.0,0.0,1.0,1,0.7256216914378263,1.8753688712464327,0.9552083333333334,1.5871063796106637,3.7562354118123693,3.2036879248267702,0.6742066611279711,4,3840,737280,0.7199999999999999,0.0,0.0,0.0,0.0,0,1.025,0.025,5.1375,0.9875,0.0125,2.0625,0.975,2.7625,1.0534635636426113,183.60063430562363,0.5379767080303282,biased_agents,0.1246311287535673,0.005208333333333481,0.5826687338838976,0.5826687338838976,0.5826687338838976,0.5826687338838976
flocking_robust_active,2,0.6628184433982757,0.6628184433982757,1.0,0.5978811185389415,0.5978811185389415,1.0,0.0,0.0,0.0,0.0,0.0,1.0,,0.6986145345978197,1.7342061224330454,0.9779166666666667,1.5857835310912847,3.7549402444414057,3.187108078751851,0.7043446196383285,0,3840,737280,0.7199999999999999,0.0,0.0,0.0,0.0,0,1.0,0.0,5.26875,1.0,0.0,2.1625,0.96875,2.63125,1.0543842324903288,184.94627494323362,0.545561500126496,biased_agents,0.2657938775669546,0.0279166666666667,0.5978811185389415,0.5978811185389415,0.5978811185389415,0.5978811185389415
flocking_robust_active,3,0.6788285558527221,0.6462438113281113,0.9870833333333333,0.5884054130379996,0.5884054130379996,1.0,0.0,0.0,0.0,0.4,0.0125,1.0,1,0.7298757826242246,1.8030921844438932,0.9459375,1.6793702650982205,3.7341091506759874,3.0864994607190193,0.750123088480971,6,3840,737280,0.7199999999999999,0.0,0.0,0.0,0.0,0,1.03125,0.03125,4.8875,0.9870833333333333,0.012916666666666665,2.35,0.96875,2.8625,1.0581975837985955,211.27354420722003,0.4998125000856817,biased_agents,0.1969078155561068,0.004062499999999969,0.5884054130379996,0.5884054130379996,0.5884054130379996,0.5884054130379996
flocking_robust_active,4,0.6130619181799222,0.607521507204427,0.978125,0.5393548809158947,0.5393548809158947,1.0,0.0,0.0,0.0,0.0,0.0,1.0,1,0.653889991600837,1.4539801981395606,0.9867708333333333,1.5119880986510257,3.710243645783912,3.02442873581074,0.6842094891707398,0,3840,737280,0.7199999999999999,0.0,0.0,0.0,0.0,0,1.04375,0.04375,4.96875,0.978125,0.021875,2.35625,0.96875,2.74375,1.031056806859859,213.2381351407297,0.5127020829822868,biased_agents,0.5460198018604394,0.03677083333333331,0.5393548809158947,0.5393548809158947,0.5393548809158947,0.5393548809158947
flocking_robust_active,5,0.6301826123974643,0.6301826123974643,0.9927083333333332,0.5522664291363688,0.5522664291363688,1.0,0.0,0.0,0.0,0.0,0.0,1.0,2,0.6692796638378006,1.5577985516144637,0.9661979166666669,1.5854794588272323,3.7736448916370215,3.15764084810708,0.6559246625342262,1,3840,737280,0.7199999999999999,0.0,0.0,0.0,0.0,0,1.0125,0.0125,5.18125,0.9947916666666667,0.005208333333333333,2.1625,0.96875,2.70625,1.0437785742048895,179.3114431543514,0.5186898328829557,biased_agents,0.4422014483855363,0.016197916666666923,0.5522664291363688,0.5522664291363688,0.5522664291363688,0.5522664291363688
flocking_robust_active,6,0.6964909563522685,0.6964199130773567,0.99375,0.6102395152204041,0.6102395152204041,1.0,0.0,0.0,0.0,0.0,0.0,1.0,1,0.6576413019383694,1.525641237107159,0.9769791666666666,1.5530133466729477,3.7402977467338885,3.2217876239519994,0.666998332580621,4,3840,737280,0.7199999999999999,0.0,0.0,0.0,0.0,0,1.0125,0.0125,5.2625,0.99375,0.00625,2.0875,0.96875,2.65625,1.0598532699886907,215.10213539556437,0.5485495829489082,biased_agents,0.47435876289284096,0.026979166666666665,0.6102395152204041,0.6102395152204041,0.6102395152204041,0.6102395152204041
flocking_robust_active,7,0.6128230292974846,0.609495403806068,0.996875,0.537886286904204,0.537886286904204,1.0,0.0,0.0,0.0,0.0,0.0,0.99375,1,0.6433382382146995,1.5021943616011395,0.9797916666666667,1.53492554568877,3.769573396320509,3.258428357481512,0.6317606842394474,0,3840,737280,0.7199999999999999,0.0,0.0,0.0,0.0,0,1.00625,0.00625,5.29375,0.996875,0.003125,2.08125,0.96875,2.625,1.0713849895423726,156.49769275351466,0.5457222501281649,biased_agents,0.4978056383988605,0.029791666666666772,0.537886286904204,0.537886286904204,0.537886286904204,0.537886286904204
flocking_robust_active,8,0.6082634766961901,0.6075443482206729,0.9875,0.5412124346133977,0.5412124346133977,1.0,0.0,0.0,0.0,0.0,0.0,1.0,1,0.6888612865696614,1.6434694253485442,0.98203125,1.6264044482243327,3.7581762249666752,3.0893505310533724,0.7146263241040691,0,3840,737280,0.7199999999999999,0.0,0.0,0.0,0.0,0,1.025,0.025,5.05625,0.9875,0.0125,2.2125,0.9625,2.7375,1.0638386231368382,197.64659453743658,0.515618042089045,biased_agents,0.35653057465145577,0.03203125000000007,0.5412124346133977,0.5412124346133977,0.5412124346133977,0.5412124346133977
flocking_robust_active,9,0.7008393528118594,0.684426975836042,0.9600000000000002,0.6143449779189524,0.6143449779189524,1.0,0.0,0.0,0.0,0.0,0.0,0.9958333333333333,1,0.7281108131818874,1.738965861533373,0.96125,1.6654141269238878,3.7033816359785776,3.046998762521428,0.7543142191538093,3,3840,737280,0.7199999999999999,0.0,0.0,0.0,0.0,0,1.0875,0.0875,4.80625,0.9620833333333334,0.03791666666666667,2.25,0.975,2.85625,1.078910962814518,228.41050177808907,0.5089088748209178,biased_agents,0.26103413846662704,0.011250000000000093,0.6143449779189524,0.6143449779189524,0.6143449779189524,0.6143449779189524
flocking_robust_active,10,0.6374528575829731,0.6251132761511148,0.9791666666666667,0.5615796595616497,0.5615796595616497,1.0,0.0,0.0,0.0,0.0,0.0,1.0,1,0.6953044297094918,1.7407934433937549,0.9691666666666666,1.588385926302908,3.7718587627519553,3.2071290988075987,0.6619464130262607,3,3840,737280,0.7199999999999999,0.0,0.0,0.0,0.0,0,1.04375,0.04375,5.3,0.9791666666666667,0.020833333333333332,2.05625,0.96875,2.525,1.0296577497089765,160.79152090038392,0.5630154160317034,biased_agents,0.25920655660624514,0.019166666666666665,0.5615796595616497,0.5615796595616497,0.5615796595616497,0.5615796595616497
flocking_robust_active,11,0.686981097952532,0.686981097952532,1.0,0.5997226103402233,0.5997226103402233,1.0,0.0,0.0,0.0,0.0,0.0,1.0,,0.720945317863505,1.8127376188148823,0.9571874999999999,1.6701003805873438,3.75113278240451,3.1543387339376188,0.7174628077328786,0,3840,737280,0.7199999999999999,0.0,0.0,0.0,0.0,0,1.0,0.0,5.175,1.0,0.0,2.3125,0.96875,2.65625,1.0343382065276896,200.60814608785873,0.5336417078506202,biased_agents,0.18726238118511773,0.007187499999999902,0.5997226103402233,0.5997226103402233,0.5997226103402233,0.5997226103402233
flocking_robust_active,12,0.6936103710168333,0.6898979647759138,0.9868750000000001,0.614269797842498,0.614269797842498,1.0,0.0,0.0,0.0,0.0,0.0,0.9949999999999999,1,0.7237623973942323,1.860844518595559,0.9495833333333333,1.6316965709971751,3.741342207046408,3.077922837539819,0.6894257162738511,2,3840,737280,0.7199999999999999,0.0,0.0,0.0,0.0,0,1.025,0.025,5.01875,0.9881249999999999,0.011875,2.33125,0.96875,2.74375,1.0351352354852648,204.3747111453756,0.5190633330494165,biased_agents,0.1391554814044409,0.0004166666666666208,0.614269797842498,0.614269797842498,0.614269797842498,0.614269797842498
flocking_robust_active,13,0.6741535376787324,0.6741535376787324,0.9881249999999999,0.5962967397229691,0.5962967397229691,1.0,0.0,0.0,0.0,0.0,0.0,1.0,3,0.6894673450552856,1.6372481450156542,0.9810416666666667,1.62666278059219,3.7185788132271638,3.0866593834021026,0.7413613450035201,0,3840,737280,0.7199999999999999,0.0,0.0,0.0,0.0,0,1.025,0.025,4.86875,0.9881249999999999,0.011875,2.3375,0.96875,2.9125,1.0778856769773948,225.54934572534685,0.5008474579080939,biased_agents,0.3627518549843458,0.031041666666666745,0.5962967397229691,0.5962967397229691,0.5962967397229691,0.5962967397229691
flocking_robust_active,14,0.6944879948570839,0.6855335004253179,0.98125,0.6034542898591878,0.6034542898591878,1.0,0.0,0.0,0.0,0.16666666666666666,0.00625,1.0,1,0.7010717137789322,1.7666213316560246,0.9625,1.6371122753947716,3.7370694483716407,3.1226228643995957,0.7217181421658143,0,3840,737280,0.7199999999999999,0.0,0.0,0.0,0.0,0,1.0375,0.0375,5.15,0.98125,0.01875,2.075,0.96875,2.69375,1.062155498196335,203.54253034859823,0.524066291982308,biased_agents,0.23337866834397536,0.012500000000000067,0.6034542898591878,0.6034542898591878,0.6034542898591878,0.6034542898591878
flocking_robust_active,15,0.7106133145883631,0.7044965848105456,0.9881249999999999,0.6257487928269112,0.6257487928269112,1.0,0.0,0.0,0.0,0.0,0.0,0.9949999999999999,1,0.7443518485918085,1.93885037400952,0.9523958333333333,1.6699835229696405,3.727094797392713,3.1052278740549495,0.7232577664309556,3,3840,737280,0.7199999999999999,0.0,0.0,0.0,0.0,0,1.025,0.025,4.96875,0.9881249999999999,0.011875,2.25625,0.96875,2.825,1.062989808144928,221.7730243821605,0.5022679578978568,biased_agents,0.06114962599048002,0.0023958333333333748,0.6257487928269112,0.6257487928269112,0.6257487928269112,0.6257487928269112
flocking_robust_active,16,0.6444804313701535,0.6385613237388764,0.984375,0.5541679488812273,0.5541679488812273,1.0,0.0,0.0,0.0,0.0,0.0,0.99375,1,0.6891290303790355,1.6300332890278255,0.9665104166666666,1.5587269057013569,3.739035538106927,3.0242322502714494,0.7227075469851527,1,3840,737280,0.7199999999999999,0.0,0.0,0.0,0.0,0,1.03125,0.03125,4.93125,0.984375,0.015625,2.24375,0.96875,2.84375,1.0531111167026506,215.6774940056954,0.49606787506490946,biased_agents,0.3699667109721745,0.01651041666666664,0.5541679488812273,0.5541679488812273,0.5541679488812273,0.5541679488812273
flocking_robust_active,17,0.6734981970767294,0.6651060918506055,0.9927083333333334,0.5841166537029799,0.5841166537029799,1.0,0.0,0.0,0.0,0.0,0.0,1.0,3,0.696909602429476,1.704744199080992,0.9651041666666667,1.6609997595158017,3.740301576412098,3.1891955427606518,0.6841278196941418,0,3840,737280,0.7199999999999999,0.0,0.0,0.0,0.0,0,1.01875,0.01875,5.1625,0.9927083333333334,0.007291666666666666,2.15,0.96875,2.7,1.0770652018982496,181.90690640389445,0.5322414999827743,biased_agents,0.29525580091900805,0.015104166666666696,0.5841166537029799,0.5841166537029799,0.5841166537029799,0.5841166537029799
flocking_robust_active,18,0.6389396714297838,0.6389396714297838,0.9875,0.5612272542468583,0.5612272542468583,1.0,0.0,0.0,0.0,0.0,0.0,1.0,2,0.6938455438564677,1.6902950949444673,0.9811458333333334,1.6642196358640369,3.7499356486302644,3.139902084407311,0.7237630489044525,0,3840,737280,0.7199999999999999,0.0,0.0,0.0,0.0,0,1.025,0.025,5.04375,0.9875,0.0125,2.2625,0.96875,2.74375,1.0599269757575136,190.74889098099163,0.5189402080141008,biased_agents,0.3097049050555327,0.031145833333333428,0.5612272542468583,0.5612272542468583,0.5612272542468583,0.5612272542468583
flocking_robust_active,19,0.630717116140527,0.6268218407045323,0.9745833333333334,0.5608001193231635,0.5608001193231635,1.0,0.0,0.0,0.0,0.0,0.0,0.99375,1,0.6852665834163844,1.5939414891315302,0.9746874999999999,1.6243729108981306,3.721840218749331,3.091158837807727,0.7036776769476777,1,3840,737280,0.7199999999999999,0.0,0.0,0.0,0.0,0,1.05,0.05,4.975,0.9766666666666666,0.023333333333333334,2.35625,0.96875,2.71875,1.0534316722980042,206.73314913538493,0.5225742501206696,biased_agents,0.4060585108684698,0.024687499999999973,0.5608001193231635,0.5608001193231635,0.5608001193231635,0.5608001193231635
flocking_robust_active,20,0.6397886813137897,0.6306538044013167,0.9739583333333334,0.5689991247029547,0.5689991247029547,1.0,0.0,0.0,0.0,0.0,0.0,1.0,1,0.6866288504524674,1.693870647863577,0.9628125000000001,1.5845833089123915,3.764410335974685,3.152336623472202,0.6820343007264501,1,3840,737280,0.7199999999999999,0.0,0.0,0.0,0.0,0,1.05625,0.05625,5.08125,0.9739583333333334,0.026041666666666664,2.20625,0.975,2.6625,1.0546371980669318,170.04801595150576,0.5288776247762144,biased_agents,0.306129352136423,0.012812500000000115,0.5689991247029547,0.5689991247029547,0.5689991247029547,0.5689991247029547
flocking_robust_active,21,0.6296563693668027,0.6245804438904321,0.965625,0.555078620849631,0.555078620849631,1.0,0.0,0.0,0.0,0.0,0.0,1.0,1,0.6526135720125795,1.4989995111586407,0.9774999999999998,1.5414873056969232,3.7591694600019183,3.1669326787458294,0.692259882202507,1,3840,737280,0.7199999999999999,0.0,0.0,0.0,0.0,0,1.06875,0.06875,4.98125,0.965625,0.034375,2.19375,0.9625,2.75625,1.0483182912981899,181.76463591458088,0.517881500069052,biased_agents,0.5010004888413593,0.027499999999999858,0.555078620849631,0.555078620849631,0.555078620849631,0.555078620849631
flocking_robust_active,22,0.679837719230637,0.6691220690505347,0.984375,0.6050474622139058,0.6050474622139058,1.0,0.0,0.0,0.0,0.0,0.0,1.0,1,0.7240425461611393,1.7338638079587088,0.9696875,1.5689866688753193,3.6995442752654197,3.0746352367700593,0.7090939365380914,1,3840,737280,0.7199999999999999,0.0,0.0,0.0,0.0,0,1.03125,0.03125,5.13125,0.984375,0.015625,2.11875,0.96875,2.7,1.038173196589541,233.10130338258446,0.5334529590327293,biased_agents,0.26613619204129124,0.01968750000000008,0.6050474622139058,0.6050474622139058,0.6050474622139058,0.6050474622139058
flocking_robust_active,23,0.6782664877945649,0.6782664877945649,0.996875,0.5932515647070356,0.5932515647070356,1.0,0.0,0.0,0.0,0.0,0.0,1.0,1,0.7189536030654847,1.847008851624159,0.951875,1.634232443660553,3.7529569227324315,3.149773444975434,0.6938095793225694,2,3840,737280,0.7199999999999999,0.0,0.0,0.0,0.0,0,1.00625,0.00625,5.25,0.996875,0.003125,2.13125,0.975,2.65625,1.0470842421489905,178.53532560842254,0.5415093749761581,biased_agents,0.15299114837584105,0.001875000000000071,0.5932515647070356,0.5932515647070356,0.5932515647070356,0.5932515647070356
flocking_robust_active,24,0.7038702087563784,0.7028029882477782,0.996875,0.6116016089257579,0.6116016089257579,1.0,0.0,0.0,0.0,0.0,0.0,1.0,1,0.6833398483829776,1.6632263919235466,0.9567113095238096,1.5070034357569568,3.7604704930238846,3.112539890387107,0.6563739439335092,5,3840,737280,0.7199999999999999,0.0,0.0,0.0,0.0,0,1.00625,0.00625,5.075,0.996875,0.003125,2.34375,0.96875,2.71875,1.0525153120198814,178.02074822239652,0.5189713749568909,biased_agents,0.3367736080764534,0.0067113095238096054,0.6116016089257579,0.6116016089257579,0.6116016089257579,0.6116016089257579
flocking_robust_active,25,0.777255888833014,0.7545711260202451,0.9864583333333332,0.6854054233111411,0.6854054233111411,1.0,0.0,0.0,0.0,0.4,0.0125,1.0,3,0.8360164051425665,2.3278181794873665,0.9139062499999999,1.6834477730447375,3.6885658984908702,3.0201530063577473,0.7483584417197369,6,3840,737280,0.7199999999999999,0.0,0.0,0.0,0.0,0,1.03125,0.03125,4.7875,0.9864583333333332,0.013541666666666665,2.4625,0.96875,2.90625,1.0640092631421432,222.19025179691658,0.4869324581231922,biased_agents,0.32781817948736647,0.036093750000000036,0.6854054233111411,0.6854054233111411,0.6854054233111411,0.6854054233111411
flocking_robust_active,26,0.6785313366895246,0.6657690858592269,0.984375,0.5771323283114861,0.5771323283114861,1.0,0.0,0.0,0.0,0.2,0.00625,1.0,3,0.6793643488968001,1.5417919390431263,0.9779166666666667,1.5083596868498905,3.7149742012442863,3.2199209199530214,0.6833468033914577,3,3840,737280,0.7199999999999999,0.0,0.0,0.0,0.0,0,1.03125,0.03125,5.1125,0.984375,0.015625,2.11875,0.96875,2.725,1.0284457345227194,216.0511642893851,0.5310896669980139,biased_agents,0.4582080609568737,0.0279166666666667,0.5771323283114861,0.5771323283114861,0.5771323283114861,0.5771323283114861
flocking_robust_active,27,0.6825066738544701,0.6819471772739758,0.9947916666666666,0.6043498884815799,0.6043498884815799,1.0,0.0,0.0,0.0,0.0,0.0,1.0,1,0.6749086325805524,1.6018279193226248,0.9788541666666666,1.559741457557513,3.751095960830901,3.153122085841756,0.6714895586838019,1,3840,737280,0.7199999999999999,0.0,0.0,0.0,0.0,0,1.0125,0.0125,5.1,0.9947916666666666,0.005208333333333333,2.18125,0.975,2.775,1.0473068259962017,188.65760783270775,0.5285537499003112,biased_agents,0.3981720806773752,0.028854166666666625,0.6043498884815799,0.6043498884815799,0.6043498884815799,0.6043498884815799
flocking_robust_active,28,0.6644239375768644,0.6629545393224809,0.9818749999999999,0.5806089428760213,0.5806089428760213,1.0,0.0,0.0,0.0,0.0,0.0,1.0,1,0.7518854377795768,1.9202538209820326,0.9401934523809523,1.6349079286884791,3.725502387433609,3.06485813399874,0.7138911085932503,5,3840,737280,0.7199999999999999,0.0,0.0,0.0,0.0,0,1.0375,0.0375,4.975,0.9818749999999999,0.018125,2.24375,0.96875,2.8,1.0498048519601384,207.36358872195868,0.5073595831636339,biased_agents,0.07974617901796743,0.009806547619047645,0.5806089428760213,0.5806089428760213,0.5806089428760213,0.5806089428760213
flocking_robust_active,29,0.5691371426814392,0.5685523681107406,0.990625,0.508777053316362,0.508777053316362,1.0,0.0,0.0,0.0,0.0,0.0,1.0,1,0.6792763962380254,1.6196124435939059,0.9698958333333334,1.6175609719438122,3.740634006411613,3.0770357388226275,0.7239796438292997,0,3840,737280,0.7199999999999999,0.0,0.0,0.0,0.0,0,1.01875,0.01875,4.96875,0.990625,0.009375,2.2125,0.975,2.875,1.0603881119269565,208.35995746930334,0.5024129578378052,biased_agents,0.3803875564060941,0.019895833333333446,0.508777053316362,0.508777053316362,0.508777053316362,0.508777053316362
flocking_robust_multiflock,0,0.792945965473489,0.792945965473489,1.0,0.6864573448269209,0.6864573448269209,1.0,0.0,0.0,0.0,0.0,0.0,1.0,,0.7834022676334736,2.2102390396798386,0.9133928571428573,2.951239532191592,3.695416809144297,4.068977206335416,0.6530886470249085,1,3840,737280,0.7199999999999999,0.0,0.0,0.0,0.0,0,1.0,0.0,6.79375,1.0,0.0,1.03125,0.975,1.19375,1.5666830763871242,218.73384847242292,0.8504667498636991,byzantine_agent,0.2102390396798386,0.036607142857142616,0.6864573448269209,0.6864573448269209,0.6864573448269209,0.6864573448269209
flocking_robust_multiflock,1,0.7231105119736586,0.7231105119736586,1.0,0.6447227469447525,0.6447227469447525,1.0,0.0,0.0,0.0,0.0,0.0,1.0,,0.7172428510532465,1.9084093098247792,0.9651785714285716,2.882722694856441,3.7193464612946356,4.198069809105239,0.5751801154841423,2,3840,737280,0.7199999999999999,0.0,0.0,0.0,0.0,0,1.0,0.0,6.9375,1.0,0.0,0.975,0.975,1.0625,1.563767250393863,176.68276753759093,0.9070523330010474,byzantine_agent,0.09159069017522081,0.015178571428571597,0.6447227469447525,0.6447227469447525,0.6447227469447525,0.6447227469447525
flocking_robust_multiflock,2,0.6644173803380347,0.6644173803380347,1.0,0.5722087025886932,0.5722087025886932,1.0,0.0,0.0,0.0,0.0,0.0,1.0,,0.6800093089181908,1.7330660961543827,0.9560416666666665,2.802011366110465,3.7358170043617194,4.047341146355864,0.5716823471322041,0,3840,737280,0.7199999999999999,0.0,0.0,0.0,0.0,0,1.0,0.0,6.89375,1.0,0.0,0.975,0.975,1.10625,1.5611504513370658,176.51550558262284,0.8672711658291519,byzantine_agent,0.2669339038456173,0.006041666666666501,0.5722087025886932,0.5722087025886932,0.5722087025886932,0.5722087025886932
flocking_robust_multiflock,3,0.6338144838254752,0.6338144838254752,1.0,0.5522652214534147,0.5522652214534147,1.0,0.0,0.0,0.0,0.0,0.0,1.0,,0.6641227132239547,1.6059121532947933,0.9732142857142858,3.2132642024672458,3.714725429868426,4.006878014626584,0.6294523247135595,0,3840,737280,0.7199999999999999,0.0,0.0,0.0,0.0,0,1.0,0.0,6.71875,1.0,0.0,1.01875,0.975,1.2625,1.5671323445773782,202.33960639208726,0.8250397080555558,byzantine_agent,0.3940878467052067,0.023214285714285854,0.5522652214534147,0.5522652214534147,0.5522652214534147,0.5522652214534147
flocking_robust_multiflock,4,0.6538541436284049,0.6538541436284049,1.0,0.5702423321281191,0.5702423321281191,1.0,0.0,0.0,0.0,0.0,0.0,1.0,,0.6733555170948033,1.6549762007582243,0.9732142857142858,2.822942887772437,3.7012154597320213,4.190016012616086,0.6045495778287474,0,3840,737280,0.7199999999999999,0.0,0.0,0.0,0.0,0,1.0,0.0,6.94375,1.0,0.0,0.975,0.975,1.05625,1.559313370470037,205.09653242805982,0.9167391669470817,byzantine_agent,0.34502379924177573,0.023214285714285854,0.5702423321281191,0.5702423321281191,0.5702423321281191,0.5702423321281191
flocking_robust_multiflock,5,0.713724880294846,0.713724880294846,1.0,0.6277373165078355,0.6277373165078355,1.0,0.0,0.0,0.0,0.0,0.0,1.0,,0.7082312671843152,1.8288400249967214,0.9648809523809524,3.1791603475715062,3.7379882187184093,4.057288435829422,0.6197776674215331,1,3840,737280,0.7199999999999999,0.0,0.0,0.0,0.0,0,1.0,0.0,6.91875,1.0,0.0,0.975,0.975,1.08125,1.539227836799218,168.86756687654946,0.8805592921562493,byzantine_agent,0.17115997500327862,0.014880952380952439,0.6277373165078355,0.6277373165078355,0.6277373165078355,0.6277373165078355
flocking_robust_multiflock,6,0.6538886951845464,0.6538886951845464,1.0,0.5697008237496418,0.5697008237496418,1.0,0.0,0.0,0.0,0.0,0.0,1.0,,0.6407698940273632,1.5300394325741125,0.9705357142857143,3.0283592287186574,3.7137055472312497,4.069966490657917,0.5782787282870364,0,3840,737280,0.7199999999999999,0.0,0.0,0.0,0.0,0,1.0,0.0,6.8875,1.0,0.0,0.975,0.975,1.1125,1.5611403767262348,205.98204875084875,0.8807381668593735,byzantine_agent,0.46996056742588754,0.020535714285714324,0.5697008237496418,0.5697008237496418,0.5697008237496418,0.5697008237496418
flocking_robust_multiflock,7,0.6540936161656695,0.6540936161656695,1.0,0.5773420988169251,0.5773420988169251,1.0,0.0,0.0,0.0,0.0,0.0,1.0,,0.6525141900363617,1.5929782152045888,0.9732142857142858,2.975401847158013,3.7339831873146103,4.146944462291783,0.5614955019261952,4,3840,737280,0.7199999999999999,0.0,0.0,0.0,0.0,0,1.0,0.0,6.9,1.0,0.0,0.98125,0.975,1.1,1.5764460690046094,147.62598575538777,0.8868110000621527,byzantine_agent,0.4070217847954112,0.023214285714285854,0.5773420988169251,0.5773420988169251,0.5773420988169251,0.5773420988169251
flocking_robust_multiflock,8,0.6662308459854532,0.6662308459854532,1.0,0.5935027386997892,0.5935027386997892,1.0,0.0,0.0,0.0,0.0,0.0,1.0,,0.6593101789387507,1.5774182409451565,0.9626488095238095,2.840383272781431,3.7153237150553657,4.073003468682457,0.6284909113122753,5,3840,737280,0.7199999999999999,0.0,0.0,0.0,0.0,0,1.0,0.0,6.75,1.0,0.0,0.975,0.975,1.25,1.5736103781392639,191.884738212037,0.8393023330718279,byzantine_agent,0.4225817590548435,0.012648809523809534,0.5935027386997892,0.5935027386997892,0.5935027386997892,0.5935027386997892
flocking_robust_multiflock,9,0.6904208150355023,0.6904208150355023,1.0,0.6117126317750883,0.6117126317750883,1.0,0.0,0.0,0.0,0.0,0.0,1.0,,0.682528817460357,1.654404286514211,0.987797619047619,3.0505278148940476,3.68848808277492,4.0259672773530735,0.6338045479042982,1,3840,737280,0.7199999999999999,0.0,0.0,0.0,0.0,0,1.0,0.0,6.75,1.0,0.0,0.98125,0.975,1.25,1.5754447753727712,222.1426155055121,0.8311165829654783,byzantine_agent,0.345595713485789,0.037797619047619024,0.6117126317750883,0.6117126317750883,0.6117126317750883,0.6117126317750883
flocking_robust_multiflock,10,0.5970527316942035,0.5970527316942035,1.0,0.5256885602418746,0.5256885602418746,1.0,0.0,0.0,0.0,0.0,0.0,1.0,,0.664731179940568,1.6432930890875823,0.9614583333333332,2.7741370910348415,3.738418222863745,4.065024354635315,0.5523390645500601,0,3840,737280,0.7199999999999999,0.0,0.0,0.0,0.0,0,1.0,0.0,6.84375,1.0,0.0,0.98125,0.975,1.15625,1.546338883835182,153.9339896829351,0.8530253749340773,byzantine_agent,0.3567069109124177,0.011458333333333237,0.5256885602418746,0.5256885602418746,0.5256885602418746,0.5256885602418746
flocking_robust_multiflock,11,0.7268095569486392,0.7268095569486392,1.0,0.6133088029531399,0.6133088029531399,1.0,0.0,0.0,0.0,0.0,0.0,1.0,,0.7126400902456226,1.8307460282228623,0.9489583333333332,2.92864140726324,3.7219173308798283,3.992977522522979,0.6341410736368986,2,3840,737280,0.7199999999999999,0.0,0.0,0.0,0.0,0,1.0,0.0,6.85,1.0,0.0,0.975,0.975,1.15,1.5552309580095784,192.97458922702427,0.8357797909993678,byzantine_agent,0.16925397177713775,0.0010416666666667185,0.6133088029531399,0.6133088029531399,0.6133088029531399,0.6133088029531399
flocking_robust_multiflock,12,0.6770234109179324,0.6770234109179324,1.0,0.5984848258876482,0.5984848258876482,1.0,0.0,0.0,0.0,0.0,0.0,1.0,,0.704178485471747,1.768454374021634,0.9678571428571429,2.9312137291209406,3.7240776288329513,4.075737020870432,0.6364367098051694,1,3840,737280,0.7199999999999999,0.0,0.0,0.0,0.0,0,1.0,0.0,6.925,1.0,0.0,0.975,0.975,1.075,1.5582400838468753,193.52003823967036,0.8771445411257446,byzantine_agent,0.23154562597836592,0.017857142857142905,0.5984848258876482,0.5984848258876482,0.5984848258876482,0.5984848258876482
flocking_robust_multiflock,13,0.671089972424684,0.671089972424684,1.0,0.5999403617029637,0.5999403617029637,1.0,0.0,0.0,0.0,0.0,0.0,1.0,,0.6762774128189355,1.6816641140997093,0.9808035714285713,3.1206324317477603,3.7110016361585734,4.003091893406007,0.6435972126797739,1,3840,737280,0.7199999999999999,0.0,0.0,0.0,0.0,0,1.0,0.0,6.725,1.0,0.0,0.975,0.975,1.275,1.578802740108032,218.18182714099353,0.8468622909858823,byzantine_agent,0.3183358859002907,0.030803571428571375,0.5999403617029637,0.5999403617029637,0.5999403617029637,0.5999403617029637
flocking_robust_multiflock,14,0.7440132714011167,0.7440132714011167,1.0,0.6651316100059322,0.6651316100059322,1.0,0.0,0.0,0.0,0.0,0.0,1.0,,0.7282291974783797,1.9674900089263894,0.9491071428571429,3.1211170966483914,3.7174052086354834,4.056721862367771,0.6193515218403042,0,3840,737280,0.7199999999999999,0.0,0.0,0.0,0.0,0,1.0,0.0,6.8375,1.0,0.0,1.01875,0.975,1.14375,1.563981857148356,198.98068943146114,0.8678011249285191,byzantine_agent,0.03250999107361063,0.0008928571428570287,0.6651316100059322,0.6651316100059322,0.6651316100059322,0.6651316100059322
flocking_robust_multiflock,15,0.6114306066317746,0.6114306066317746,1.0,0.5416868830742606,0.5416868830742606,1.0,0.0,0.0,0.0,0.0,0.0,1.0,,0.6703999389950019,1.6655262371571204,0.9769345238095237,3.02971597447689,3.6949793414209333,4.205869152040431,0.6129598841637218,0,3840,737280,0.7199999999999999,0.0,0.0,0.0,0.0,0,1.0,0.0,6.875,1.0,0.0,0.975,0.975,1.125,1.5669174124308274,213.05051882423484,0.8966493750922382,byzantine_agent,0.33447376284287955,0.02693452380952377,0.5416868830742606,0.5416868830742606,0.5416868830742606,0.5416868830742606
flocking_robust_multiflock,16,0.6997127284117255,0.6997127284117255,1.0,0.6206502363775803,0.6206502363775803,1.0,0.0,0.0,0.0,0.0,0.0,1.0,,0.7214530726511782,1.9043110629403917,0.9532738095238095,3.052489668545659,3.717060732167044,3.9932961008319694,0.6738416895738064,0,3840,737280,0.7199999999999999,0.0,0.0,0.0,0.0,0,1.0,0.0,6.73125,1.0,0.0,1.00625,0.975,1.25625,1.568597828198234,210.03289896441663,0.8145928750745952,byzantine_agent,0.09568893705960835,0.003273809523809512,0.6206502363775803,0.6206502363775803,0.6206502363775803,0.6206502363775803
flocking_robust_multiflock,17,0.6660507847622132,0.6660507847622132,1.0,0.5701512068288654,0.5701512068288654,1.0,0.0,0.0,0.0,0.0,0.0,1.0,,0.6888766158861401,1.7527452606798435,0.9625892857142857,2.794523072122691,3.732979473530489,4.0790588014194205,0.6156366646933863,0,3840,737280,0.7199999999999999,0.0,0.0,0.0,0.0,0,1.0,0.0,6.8375,1.0,0.0,1.01875,0.975,1.14375,1.570227719506414,169.8231233670072,0.8498915839008987,byzantine_agent,0.2472547393201565,0.012589285714285747,0.5701512068288654,0.5701512068288654,0.5701512068288654,0.5701512068288654
flocking_robust_multiflock,18,0.6941452434751113,0.6941452434751113,1.0,0.6149671954406938,0.6149671954406938,1.0,0.0,0.0,0.0,0.0,0.0,1.0,,0.6972913900198985,1.7823344930160545,0.965625,3.20771003843438,3.726575513720216,4.11647509777143,0.6194417781539954,0,3840,737280,0.7199999999999999,0.0,0.0,0.0,0.0,0,1.0,0.0,6.81875,1.0,0.0,0.98125,0.975,1.18125,1.560946547744247,183.42459883062716,0.8597338749095798,byzantine_agent,0.2176655069839455,0.015625,0.6149671954406938,0.6149671954406938,0.6149671954406938,0.6149671954406938
flocking_robust_multiflock,19,0.6709906374412851,0.6709906374412851,1.0,0.6025681555954604,0.6025681555954604,1.0,0.0,0.0,0.0,0.0,0.0,1.0,,0.7142421161374968,1.8728901326837697,0.9724107142857144,3.087633843856067,3.718292130106817,3.995958299513158,0.629638978919386,0,3840,737280,0.7199999999999999,0.0,0.0,0.0,0.0,0,1.0,0.0,6.79375,1.0,0.0,1.00625,0.975,1.19375,1.568990309672604,200.41335248480456,0.8320669999811798,byzantine_agent,0.1271098673162303,0.022410714285714395,0.6025681555954604,0.6025681555954604,0.6025681555954604,0.6025681555954604
flocking_robust_multiflock,20,0.6159531666807913,0.6159531666807913,1.0,0.5380589501126801,0.5380589501126801,1.0,0.0,0.0,0.0,0.0,0.0,1.0,,0.6375052487013113,1.5414681096750227,0.9745535714285716,2.644422149220228,3.7376403088898664,4.079135250541778,0.5051119685361504,2,3840,737280,0.7199999999999999,0.0,0.0,0.0,0.0,0,1.0,0.0,6.81875,1.0,0.0,0.975,0.975,1.18125,1.5486640655543835,156.83391265954901,0.853295624954626,byzantine_agent,0.4585318903249773,0.02455357142857162,0.5380589501126801,0.5380589501126801,0.5380589501126801,0.5380589501126801
flocking_robust_multiflock,21,0.6919389131341832,0.6919389131341832,1.0,0.6164600901964297,0.6164600901964297,1.0,0.0,0.0,0.0,0.0,0.0,1.0,,0.6857573232236033,1.7412110686950726,0.9698809523809524,2.7349006625383914,3.729026506609381,4.031910048224143,0.6018505698998671,0,3840,737280,0.7199999999999999,0.0,0.0,0.0,0.0,0,1.0,0.0,6.73125,1.0,0.0,1.01875,0.975,1.25625,1.5591077295459148,174.01094587725203,0.8417288749478757,byzantine_agent,0.2587889313049274,0.019880952380952444,0.6164600901964297,0.6164600901964297,0.6164600901964297,0.6164600901964297
flocking_robust_multiflock,22,0.6743227754334442,0.6743227754334442,1.0,0.6003004700138203,0.6003004700138203,1.0,0.0,0.0,0.0,0.0,0.0,1.0,,0.7217834897004722,1.8382513691288598,0.9660714285714285,2.963282528350806,3.703488427757157,3.9689280699445346,0.686374010861014,1,3840,737280,0.7199999999999999,0.0,0.0,0.0,0.0,0,1.0,0.0,6.76875,1.0,0.0,1.05625,0.975,1.19375,1.5717934159946294,232.32954693510843,0.8352850419469178,byzantine_agent,0.16174863087114022,0.016071428571428514,0.6003004700138203,0.6003004700138203,0.6003004700138203,0.6003004700138203
flocking_robust_multiflock,23,0.6397778533554548,0.6397778533554548,1.0,0.5682290997458341,0.5682290997458341,1.0,0.0,0.0,0.0,0.0,0.0,1.0,,0.6570283013699,1.5954370462861984,0.9699404761904763,2.9282297472970438,3.7292338400663154,4.054212551951445,0.6055119823715245,0,3840,737280,0.7199999999999999,0.0,0.0,0.0,0.0,0,1.0,0.0,6.875,1.0,0.0,0.975,0.975,1.125,1.5625099196684809,172.3540266264195,0.8549493339378387,byzantine_agent,0.4045629537138016,0.01994047619047634,0.5682290997458341,0.5682290997458341,0.5682290997458341,0.5682290997458341
flocking_robust_multiflock,24,0.6505598432914761,0.6505598432914761,1.0,0.5823625657874607,0.5823625657874607,1.0,0.0,0.0,0.0,0.0,0.0,1.0,,0.6729524339681489,1.689511814855703,0.9712797619047621,2.7323999329409245,3.740240729918141,4.041577309932092,0.5657801214212916,2,3840,737280,0.7199999999999999,0.0,0.0,0.0,0.0,0,1.0,0.0,6.86875,1.0,0.0,0.98125,0.975,1.13125,1.5852953354522719,162.79052056642598,0.8459652501624078,byzantine_agent,0.3104881851442971,0.021279761904762107,0.5823625657874607,0.5823625657874607,0.5823625657874607,0.5823625657874607
flocking_robust_multiflock,25,0.6847172564502998,0.6847172564502998,1.0,0.5952029242144947,0.5952029242144947,1.0,0.0,0.0,0.0,0.0,0.0,1.0,,0.7669476072535523,2.1277146430628333,0.9464285714285715,3.077277666098266,3.709821867522374,4.029099362281579,0.6250226451392145,3,3840,737280,0.7199999999999999,0.0,0.0,0.0,0.0,0,1.0,0.0,6.75625,1.0,0.0,1.05625,0.975,1.20625,1.5696019403013928,213.23786529949084,0.8265292081050575,byzantine_agent,0.1277146430628333,0.0035714285714284477,0.5952029242144947,0.5952029242144947,0.5952029242144947,0.5952029242144947
flocking_robust_multiflock,26,0.7442510919051541,0.7442510919051541,1.0,0.6594434947408425,0.6594434947408425,1.0,0.0,0.0,0.0,0.0,0.0,1.0,,0.7408035319451486,1.9701443271174846,0.938154761904762,2.863200897530353,3.7107188145314907,4.038484335865195,0.6578998240858069,3,3840,737280,0.7199999999999999,0.0,0.0,0.0,0.0,0,1.0,0.0,6.80625,1.0,0.0,0.975,0.975,1.19375,1.5503173643360642,208.24469671778115,0.8483787088189274,byzantine_agent,0.02985567288251545,0.011845238095237964,0.6594434947408425,0.6594434947408425,0.6594434947408425,0.6594434947408425
flocking_robust_multiflock,27,0.6507522971811279,0.6507522971811279,1.0,0.5567658237032775,0.5567658237032775,1.0,0.0,0.0,0.0,0.0,0.0,1.0,,0.6783300516626033,1.7031638588869655,0.9683035714285715,2.9666366723100306,3.7260775412232747,4.061522352362745,0.5822946808457946,6,3840,737280,0.7199999999999999,0.0,0.0,0.0,0.0,0,1.0,0.0,6.86875,1.0,0.0,0.975,0.975,1.13125,1.5468690423155702,180.432478962632,0.8648279590997845,byzantine_agent,0.29683614111303447,0.01830357142857153,0.5567658237032775,0.5567658237032775,0.5567658237032775,0.5567658237032775
flocking_robust_multiflock,28,0.6628605845850978,0.6628605845850978,1.0,0.5889495798762401,0.5889495798762401,1.0,0.0,0.0,0.0,0.0,0.0,1.0,,0.7055187086822666,1.845517622533641,0.95625,2.968943887022676,3.7240323753418636,3.9816578865141294,0.5881560632031106,0,3840,737280,0.7199999999999999,0.0,0.0,0.0,0.0,0,1.0,0.0,6.825,1.0,0.0,0.975,0.975,1.175,1.5432303996503869,200.7634859516906,0.8446483749430627,byzantine_agent,0.15448237746635907,0.006250000000000089,0.5889495798762401,0.5889495798762401,0.5889495798762401,0.5889495798762401
flocking_robust_multiflock,29,0.626381003994426,0.626381003994426,1.0,0.5548633298328017,0.5548633298328017,1.0,0.0,0.0,0.0,0.0,0.0,1.0,,0.655487987303313,1.5762455275816099,0.9864583333333332,3.2019629452026175,3.7225881434932644,4.02086076787732,0.6268292263828913,0,3840,737280,0.7199999999999999,0.0,0.0,0.0,0.0,0,1.0,0.0,6.825,1.0,0.0,0.975,0.975,1.175,1.5613797216527945,200.2244849549303,0.8444749999325722,byzantine_agent,0.42375447241839015,0.03645833333333326,0.5548633298328017,0.5548633298328017,0.5548633298328017,0.5548633298328017
flocking_robust_temporal,0,0.792945965473489,0.792945965473489,1.0,0.6864573448269209,0.6864573448269209,1.0,0.0,0.0,0.0,0.0,0.0,1.0,,0.7834022676334736,2.2102390396798386,0.9133928571428573,2.951239532191592,3.695416809144297,4.068977206335416,0.6530886470249085,1,3840,737280,0.7199999999999999,0.0,0.0,0.0,0.0,0,1.0,0.0,6.79375,1.0,0.0,1.03125,0.975,1.19375,1.5666830763871242,218.73384847242292,0.8472017080057412,byzantine_agent,0.2102390396798386,0.036607142857142616,0.6864573448269209,0.6864573448269209,0.6864573448269209,0.6864573448269209
flocking_robust_temporal,1,0.7231105119736586,0.7231105119736586,1.0,0.6447227469447525,0.6447227469447525,1.0,0.0,0.0,0.0,0.0,0.0,1.0,,0.7172428510532465,1.9084093098247792,0.9651785714285716,2.882722694856441,3.7193464612946356,4.198069809105239,0.5751801154841423,2,3840,737280,0.7199999999999999,0.0,0.0,0.0,0.0,0,1.0,0.0,6.9375,1.0,0.0,0.975,0.975,1.0625,1.563767250393863,176.68276753759093,0.8866535830311477,byzantine_agent,0.09159069017522081,0.015178571428571597,0.6447227469447525,0.6447227469447525,0.6447227469447525,0.6447227469447525
flocking_robust_temporal,2,0.6644173803380347,0.6644173803380347,1.0,0.5722087025886932,0.5722087025886932,1.0,0.0,0.0,0.0,0.0,0.0,1.0,,0.6800093089181908,1.7330660961543827,0.9560416666666665,2.802011366110465,3.7358170043617194,4.047341146355864,0.5716823471322041,0,3840,737280,0.7199999999999999,0.0,0.0,0.0,0.0,0,1.0,0.0,6.89375,1.0,0.0,0.975,0.975,1.10625,1.5611504513370658,176.51550558262284,0.8550885410513729,byzantine_agent,0.2669339038456173,0.006041666666666501,0.5722087025886932,0.5722087025886932,0.5722087025886932,0.5722087025886932
flocking_robust_temporal,3,0.6338144838254752,0.6338144838254752,1.0,0.5522652214534147,0.5522652214534147,1.0,0.0,0.0,0.0,0.0,0.0,1.0,,0.6641227132239547,1.6059121532947933,0.9732142857142858,3.2132642024672458,3.714725429868426,4.006878014626584,0.6294523247135595,0,3840,737280,0.7199999999999999,0.0,0.0,0.0,0.0,0,1.0,0.0,6.71875,1.0,0.0,1.01875,0.975,1.2625,1.5671323445773782,202.33960639208726,0.8318990410771221,byzantine_agent,0.3940878467052067,0.023214285714285854,0.5522652214534147,0.5522652214534147,0.5522652214534147,0.5522652214534147
flocking_robust_temporal,4,0.6538541436284049,0.6538541436284049,1.0,0.5702423321281191,0.5702423321281191,1.0,0.0,0.0,0.0,0.0,0.0,1.0,,0.6733555170948033,1.6549762007582243,0.9732142857142858,2.822942887772437,3.7012154597320213,4.190016012616086,0.6045495778287474,0,3840,737280,0.7199999999999999,0.0,0.0,0.0,0.0,0,1.0,0.0,6.94375,1.0,0.0,0.975,0.975,1.05625,1.559313370470037,205.09653242805982,0.8912037499248981,byzantine_agent,0.34502379924177573,0.023214285714285854,0.5702423321281191,0.5702423321281191,0.5702423321281191,0.5702423321281191
flocking_robust_temporal,5,0.713724880294846,0.713724880294846,1.0,0.6277373165078355,0.6277373165078355,1.0,0.0,0.0,0.0,0.0,0.0,1.0,,0.7082312671843152,1.8288400249967214,0.9648809523809524,3.1791603475715062,3.7379882187184093,4.057288435829422,0.6197776674215331,1,3840,737280,0.7199999999999999,0.0,0.0,0.0,0.0,0,1.0,0.0,6.91875,1.0,0.0,0.975,0.975,1.08125,1.539227836799218,168.86756687654946,0.8671651668846607,byzantine_agent,0.17115997500327862,0.014880952380952439,0.6277373165078355,0.6277373165078355,0.6277373165078355,0.6277373165078355
flocking_robust_temporal,6,0.6538886951845464,0.6538886951845464,1.0,0.5697008237496418,0.5697008237496418,1.0,0.0,0.0,0.0,0.0,0.0,1.0,,0.6407698940273632,1.5300394325741125,0.9705357142857143,3.0283592287186574,3.7137055472312497,4.069966490657917,0.5782787282870364,0,3840,737280,0.7199999999999999,0.0,0.0,0.0,0.0,0,1.0,0.0,6.8875,1.0,0.0,0.975,0.975,1.1125,1.5611403767262348,205.98204875084875,0.8689924590289593,byzantine_agent,0.46996056742588754,0.020535714285714324,0.5697008237496418,0.5697008237496418,0.5697008237496418,0.5697008237496418
flocking_robust_temporal,7,0.6540936161656695,0.6540936161656695,1.0,0.5773420988169251,0.5773420988169251,1.0,0.0,0.0,0.0,0.0,0.0,1.0,,0.6525141900363617,1.5929782152045888,0.9732142857142858,2.975401847158013,3.7339831873146103,4.146944462291783,0.5614955019261952,4,3840,737280,0.7199999999999999,0.0,0.0,0.0,0.0,0,1.0,0.0,6.9,1.0,0.0,0.98125,0.975,1.1,1.5764460690046094,147.62598575538777,0.8963463748805225,byzantine_agent,0.4070217847954112,0.023214285714285854,0.5773420988169251,0.5773420988169251,0.5773420988169251,0.5773420988169251
flocking_robust_temporal,8,0.6662308459854532,0.6662308459854532,1.0,0.5935027386997892,0.5935027386997892,1.0,0.0,0.0,0.0,0.0,0.0,1.0,,0.6593101789387507,1.5774182409451565,0.9626488095238095,2.840383272781431,3.7153237150553657,4.073003468682457,0.6284909113122753,5,3840,737280,0.7199999999999999,0.0,0.0,0.0,0.0,0,1.0,0.0,6.75,1.0,0.0,0.975,0.975,1.25,1.5736103781392639,191.884738212037,0.8492492919322103,byzantine_agent,0.4225817590548435,0.012648809523809534,0.5935027386997892,0.5935027386997892,0.5935027386997892,0.5935027386997892
flocking_robust_temporal,9,0.6904208150355023,0.6904208150355023,1.0,0.6117126317750883,0.6117126317750883,1.0,0.0,0.0,0.0,0.0,0.0,1.0,,0.682528817460357,1.654404286514211,0.987797619047619,3.0505278148940476,3.68848808277492,4.0259672773530735,0.6338045479042982,1,3840,737280,0.7199999999999999,0.0,0.0,0.0,0.0,0,1.0,0.0,6.75,1.0,0.0,0.98125,0.975,1.25,1.5754447753727712,222.1426155055121,0.8418579590506852,byzantine_agent,0.345595713485789,0.037797619047619024,0.6117126317750883,0.6117126317750883,0.6117126317750883,0.6117126317750883
flocking_robust_temporal,10,0.5970527316942035,0.5970527316942035,1.0,0.5256885602418746,0.5256885602418746,1.0,0.0,0.0,0.0,0.0,0.0,1.0,,0.664731179940568,1.6432930890875823,0.9614583333333332,2.7741370910348415,3.738418222863745,4.065024354635315,0.5523390645500601,0,3840,737280,0.7199999999999999,0.0,0.0,0.0,0.0,0,1.0,0.0,6.84375,1.0,0.0,0.98125,0.975,1.15625,1.546338883835182,153.9339896829351,0.8554788329638541,byzantine_agent,0.3567069109124177,0.011458333333333237,0.5256885602418746,0.5256885602418746,0.5256885602418746,0.5256885602418746
flocking_robust_temporal,11,0.7268095569486392,0.7268095569486392,1.0,0.6133088029531399,0.6133088029531399,1.0,0.0,0.0,0.0,0.0,0.0,1.0,,0.7126400902456226,1.8307460282228623,0.9489583333333332,2.92864140726324,3.7219173308798283,3.992977522522979,0.6341410736368986,2,3840,737280,0.7199999999999999,0.0,0.0,0.0,0.0,0,1.0,0.0,6.85,1.0,0.0,0.975,0.975,1.15,1.5552309580095784,192.97458922702427,0.8336626249365509,byzantine_agent,0.16925397177713775,0.0010416666666667185,0.6133088029531399,0.6133088029531399,0.6133088029531399,0.6133088029531399
flocking_robust_temporal,12,0.6770234109179324,0.6770234109179324,1.0,0.5984848258876482,0.5984848258876482,1.0,0.0,0.0,0.0,0.0,0.0,1.0,,0.704178485471747,1.768454374021634,0.9678571428571429,2.9312137291209406,3.7240776288329513,4.075737020870432,0.6364367098051694,1,3840,737280,0.7199999999999999,0.0,0.0,0.0,0.0,0,1.0,0.0,6.925,1.0,0.0,0.975,0.975,1.075,1.5582400838468753,193.52003823967036,0.8584582500625402,byzantine_agent,0.23154562597836592,0.017857142857142905,0.5984848258876482,0.5984848258876482,0.5984848258876482,0.5984848258876482
flocking_robust_temporal,13,0.671089972424684,0.671089972424684,1.0,0.5999403617029637,0.5999403617029637,1.0,0.0,0.0,0.0,0.0,0.0,1.0,,0.6762774128189355,1.6816641140997093,0.9808035714285713,3.1206324317477603,3.7110016361585734,4.003091893406007,0.6435972126797739,1,3840,737280,0.7199999999999999,0.0,0.0,0.0,0.0,0,1.0,0.0,6.725,1.0,0.0,0.975,0.975,1.275,1.578802740108032,218.18182714099353,0.8227390830870718,byzantine_agent,0.3183358859002907,0.030803571428571375,0.5999403617029637,0.5999403617029637,0.5999403617029637,0.5999403617029637
flocking_robust_temporal,14,0.7440132714011167,0.7440132714011167,1.0,0.6651316100059322,0.6651316100059322,1.0,0.0,0.0,0.0,0.0,0.0,1.0,,0.7282291974783797,1.9674900089263894,0.9491071428571429,3.1211170966483914,3.7174052086354834,4.056721862367771,0.6193515218403042,0,3840,737280,0.7199999999999999,0.0,0.0,0.0,0.0,0,1.0,0.0,6.8375,1.0,0.0,1.01875,0.975,1.14375,1.563981857148356,198.98068943146114,0.8593395000789315,byzantine_agent,0.03250999107361063,0.0008928571428570287,0.6651316100059322,0.6651316100059322,0.6651316100059322,0.6651316100059322
flocking_robust_temporal,15,0.6114306066317746,0.6114306066317746,1.0,0.5416868830742606,0.5416868830742606,1.0,0.0,0.0,0.0,0.0,0.0,1.0,,0.6703999389950019,1.6655262371571204,0.9769345238095237,3.02971597447689,3.6949793414209333,4.205869152040431,0.6129598841637218,0,3840,737280,0.7199999999999999,0.0,0.0,0.0,0.0,0,1.0,0.0,6.875,1.0,0.0,0.975,0.975,1.125,1.5669174124308274,213.05051882423484,0.8924111668020487,byzantine_agent,0.33447376284287955,0.02693452380952377,0.5416868830742606,0.5416868830742606,0.5416868830742606,0.5416868830742606
flocking_robust_temporal,16,0.6997127284117255,0.6997127284117255,1.0,0.6206502363775803,0.6206502363775803,1.0,0.0,0.0,0.0,0.0,0.0,1.0,,0.7214530726511782,1.9043110629403917,0.9532738095238095,3.052489668545659,3.717060732167044,3.9932961008319694,0.6738416895738064,0,3840,737280,0.7199999999999999,0.0,0.0,0.0,0.0,0,1.0,0.0,6.73125,1.0,0.0,1.00625,0.975,1.25625,1.568597828198234,210.03289896441663,0.821767166024074,byzantine_agent,0.09568893705960835,0.003273809523809512,0.6206502363775803,0.6206502363775803,0.6206502363775803,0.6206502363775803
flocking_robust_temporal,17,0.6660507847622132,0.6660507847622132,1.0,0.5701512068288654,0.5701512068288654,1.0,0.0,0.0,0.0,0.0,0.0,1.0,,0.6888766158861401,1.7527452606798435,0.9625892857142857,2.794523072122691,3.732979473530489,4.0790588014194205,0.6156366646933863,0,3840,737280,0.7199999999999999,0.0,0.0,0.0,0.0,0,1.0,0.0,6.8375,1.0,0.0,1.01875,0.975,1.14375,1.570227719506414,169.8231233670072,0.8595777079463005,byzantine_agent,0.2472547393201565,0.012589285714285747,0.5701512068288654,0.5701512068288654,0.5701512068288654,0.5701512068288654
flocking_robust_temporal,18,0.6941452434751113,0.6941452434751113,1.0,0.6149671954406938,0.6149671954406938,1.0,0.0,0.0,0.0,0.0,0.0,1.0,,0.6972913900198985,1.7823344930160545,0.965625,3.20771003843438,3.726575513720216,4.11647509777143,0.6194417781539954,0,3840,737280,0.7199999999999999,0.0,0.0,0.0,0.0,0,1.0,0.0,6.81875,1.0,0.0,0.98125,0.975,1.18125,1.560946547744247,183.42459883062716,0.8549175418447703,byzantine_agent,0.2176655069839455,0.015625,0.6149671954406938,0.6149671954406938,0.6149671954406938,0.6149671954406938
flocking_robust_temporal,19,0.6709906374412851,0.6709906374412851,1.0,0.6025681555954604,0.6025681555954604,1.0,0.0,0.0,0.0,0.0,0.0,1.0,,0.7142421161374968,1.8728901326837697,0.9724107142857144,3.087633843856067,3.718292130106817,3.995958299513158,0.629638978919386,0,3840,737280,0.7199999999999999,0.0,0.0,0.0,0.0,0,1.0,0.0,6.79375,1.0,0.0,1.00625,0.975,1.19375,1.568990309672604,200.41335248480456,0.8305603750050068,byzantine_agent,0.1271098673162303,0.022410714285714395,0.6025681555954604,0.6025681555954604,0.6025681555954604,0.6025681555954604
flocking_robust_temporal,20,0.6159531666807913,0.6159531666807913,1.0,0.5380589501126801,0.5380589501126801,1.0,0.0,0.0,0.0,0.0,0.0,1.0,,0.6375052487013113,1.5414681096750227,0.9745535714285716,2.644422149220228,3.7376403088898664,4.079135250541778,0.5051119685361504,2,3840,737280,0.7199999999999999,0.0,0.0,0.0,0.0,0,1.0,0.0,6.81875,1.0,0.0,0.975,0.975,1.18125,1.5486640655543835,156.83391265954901,0.8407580000348389,byzantine_agent,0.4585318903249773,0.02455357142857162,0.5380589501126801,0.5380589501126801,0.5380589501126801,0.5380589501126801
flocking_robust_temporal,21,0.6919389131341832,0.6919389131341832,1.0,0.6164600901964297,0.6164600901964297,1.0,0.0,0.0,0.0,0.0,0.0,1.0,,0.6857573232236033,1.7412110686950726,0.9698809523809524,2.7349006625383914,3.729026506609381,4.031910048224143,0.6018505698998671,0,3840,737280,0.7199999999999999,0.0,0.0,0.0,0.0,0,1.0,0.0,6.73125,1.0,0.0,1.01875,0.975,1.25625,1.5591077295459148,174.01094587725203,0.8334969591815025,byzantine_agent,0.2587889313049274,0.019880952380952444,0.6164600901964297,0.6164600901964297,0.6164600901964297,0.6164600901964297
flocking_robust_temporal,22,0.6743227754334442,0.6743227754334442,1.0,0.6003004700138203,0.6003004700138203,1.0,0.0,0.0,0.0,0.0,0.0,1.0,,0.7217834897004722,1.8382513691288598,0.9660714285714285,2.963282528350806,3.703488427757157,3.9689280699445346,0.686374010861014,1,3840,737280,0.7199999999999999,0.0,0.0,0.0,0.0,0,1.0,0.0,6.76875,1.0,0.0,1.05625,0.975,1.19375,1.5717934159946294,232.32954693510843,0.8289747498929501,byzantine_agent,0.16174863087114022,0.016071428571428514,0.6003004700138203,0.6003004700138203,0.6003004700138203,0.6003004700138203
flocking_robust_temporal,23,0.6397778533554548,0.6397778533554548,1.0,0.5682290997458341,0.5682290997458341,1.0,0.0,0.0,0.0,0.0,0.0,1.0,,0.6570283013699,1.5954370462861984,0.9699404761904763,2.9282297472970438,3.7292338400663154,4.054212551951445,0.6055119823715245,0,3840,737280,0.7199999999999999,0.0,0.0,0.0,0.0,0,1.0,0.0,6.875,1.0,0.0,0.975,0.975,1.125,1.5625099196684809,172.3540266264195,0.8540574579965323,byzantine_agent,0.4045629537138016,0.01994047619047634,0.5682290997458341,0.5682290997458341,0.5682290997458341,0.5682290997458341
flocking_robust_temporal,24,0.6505598432914761,0.6505598432914761,1.0,0.5823625657874607,0.5823625657874607,1.0,0.0,0.0,0.0,0.0,0.0,1.0,,0.6729524339681489,1.689511814855703,0.9712797619047621,2.7323999329409245,3.740240729918141,4.041577309932092,0.5657801214212916,2,3840,737280,0.7199999999999999,0.0,0.0,0.0,0.0,0,1.0,0.0,6.86875,1.0,0.0,0.98125,0.975,1.13125,1.5852953354522719,162.79052056642598,0.8405060421209782,byzantine_agent,0.3104881851442971,0.021279761904762107,0.5823625657874607,0.5823625657874607,0.5823625657874607,0.5823625657874607
flocking_robust_temporal,25,0.6847172564502998,0.6847172564502998,1.0,0.5952029242144947,0.5952029242144947,1.0,0.0,0.0,0.0,0.0,0.0,1.0,,0.7669476072535523,2.1277146430628333,0.9464285714285715,3.077277666098266,3.709821867522374,4.029099362281579,0.6250226451392145,3,3840,737280,0.7199999999999999,0.0,0.0,0.0,0.0,0,1.0,0.0,6.75625,1.0,0.0,1.05625,0.975,1.20625,1.5696019403013928,213.23786529949084,0.8308199578896165,byzantine_agent,0.1277146430628333,0.0035714285714284477,0.5952029242144947,0.5952029242144947,0.5952029242144947,0.5952029242144947
flocking_robust_temporal,26,0.7442510919051541,0.7442510919051541,1.0,0.6594434947408425,0.6594434947408425,1.0,0.0,0.0,0.0,0.0,0.0,1.0,,0.7408035319451486,1.9701443271174846,0.938154761904762,2.863200897530353,3.7107188145314907,4.038484335865195,0.6578998240858069,3,3840,737280,0.7199999999999999,0.0,0.0,0.0,0.0,0,1.0,0.0,6.80625,1.0,0.0,0.975,0.975,1.19375,1.5503173643360642,208.24469671778115,0.8416227910201997,byzantine_agent,0.02985567288251545,0.011845238095237964,0.6594434947408425,0.6594434947408425,0.6594434947408425,0.6594434947408425
flocking_robust_temporal,27,0.6507522971811279,0.6507522971811279,1.0,0.5567658237032775,0.5567658237032775,1.0,0.0,0.0,0.0,0.0,0.0,1.0,,0.6783300516626033,1.7031638588869655,0.9683035714285715,2.9666366723100306,3.7260775412232747,4.061522352362745,0.5822946808457946,6,3840,737280,0.7199999999999999,0.0,0.0,0.0,0.0,0,1.0,0.0,6.86875,1.0,0.0,0.975,0.975,1.13125,1.5468690423155702,180.432478962632,0.8530129999853671,byzantine_agent,0.29683614111303447,0.01830357142857153,0.5567658237032775,0.5567658237032775,0.5567658237032775,0.5567658237032775
flocking_robust_temporal,28,0.6628605845850978,0.6628605845850978,1.0,0.5889495798762401,0.5889495798762401,1.0,0.0,0.0,0.0,0.0,0.0,1.0,,0.7055187086822666,1.845517622533641,0.95625,2.968943887022676,3.7240323753418636,3.9816578865141294,0.5881560632031106,0,3840,737280,0.7199999999999999,0.0,0.0,0.0,0.0,0,1.0,0.0,6.825,1.0,0.0,0.975,0.975,1.175,1.5432303996503869,200.7634859516906,0.8304394579026848,byzantine_agent,0.15448237746635907,0.006250000000000089,0.5889495798762401,0.5889495798762401,0.5889495798762401,0.5889495798762401
flocking_robust_temporal,29,0.626381003994426,0.626381003994426,1.0,0.5548633298328017,0.5548633298328017,1.0,0.0,0.0,0.0,0.0,0.0,1.0,,0.655487987303313,1.5762455275816099,0.9864583333333332,3.2019629452026175,3.7225881434932644,4.02086076787732,0.6268292263828913,0,3840,737280,0.7199999999999999,0.0,0.0,0.0,0.0,0,1.0,0.0,6.825,1.0,0.0,0.975,0.975,1.175,1.5613797216527945,200.2244849549303,0.8441602911334485,byzantine_agent,0.42375447241839015,0.03645833333333326,0.5548633298328017,0.5548633298328017,0.5548633298328017,0.5548633298328017
flocking_robust_mixture,0,0.792945965473489,0.792945965473489,1.0,0.6864573448269209,0.6864573448269209,0.0,1.0,0.0,0.0,0.0,0.0,1.0,,0.7834022676334736,2.2102390396798386,0.9133928571428573,2.951239532191592,3.695416809144297,4.068977206335416,0.6530886470249085,1,3840,737280,0.7199999999999999,0.0,0.0,0.0,0.0,0,1.0,0.0,6.79375,1.0,0.0,1.03125,0.975,1.19375,1.5666830763871242,218.73384847242292,0.8585759999696165,byzantine_agent,0.2102390396798386,0.036607142857142616,0.6864573448269209,0.6864573448269209,0.6864573448269209,0.6864573448269209
flocking_robust_mixture,1,0.7231105119736586,0.7231105119736586,1.0,0.6447227469447525,0.6447227469447525,0.0,1.0,0.0,0.0,0.0,0.0,1.0,,0.7172428510532465,1.9084093098247792,0.9651785714285716,2.882722694856441,3.7193464612946356,4.198069809105239,0.5751801154841423,2,3840,737280,0.7199999999999999,0.0,0.0,0.0,0.0,0,1.0,0.0,6.9375,1.0,0.0,0.975,0.975,1.0625,1.563767250393863,176.68276753759093,0.901502792024985,byzantine_agent,0.09159069017522081,0.015178571428571597,0.6447227469447525,0.6447227469447525,0.6447227469447525,0.6447227469447525
flocking_robust_mixture,2,0.6644173803380347,0.6644173803380347,1.0,0.5722087025886932,0.5722087025886932,0.0,1.0,0.0,0.0,0.0,0.0,1.0,,0.6800093089181908,1.7330660961543827,0.9560416666666665,2.802011366110465,3.7358170043617194,4.047341146355864,0.5716823471322041,0,3840,737280,0.7199999999999999,0.0,0.0,0.0,0.0,0,1.0,0.0,6.89375,1.0,0.0,0.975,0.975,1.10625,1.5611504513370658,176.51550558262284,0.8570051658898592,byzantine_agent,0.2669339038456173,0.006041666666666501,0.5722087025886932,0.5722087025886932,0.5722087025886932,0.5722087025886932
flocking_robust_mixture,3,0.6338144838254752,0.6338144838254752,1.0,0.5522652214534147,0.5522652214534147,0.0,1.0,0.0,0.0,0.0,0.0,1.0,,0.6641227132239547,1.6059121532947933,0.9732142857142858,3.2132642024672458,3.714725429868426,4.006878014626584,0.6294523247135595,0,3840,737280,0.7199999999999999,0.0,0.0,0.0,0.0,0,1.0,0.0,6.71875,1.0,0.0,1.01875,0.975,1.2625,1.5671323445773782,202.33960639208726,0.8226110409013927,byzantine_agent,0.3940878467052067,0.023214285714285854,0.5522652214534147,0.5522652214534147,0.5522652214534147,0.5522652214534147
flocking_robust_mixture,4,0.6538541436284049,0.6538541436284049,1.0,0.5702423321281191,0.5702423321281191,0.0,1.0,0.0,0.0,0.0,0.0,1.0,,0.6733555170948033,1.6549762007582243,0.9732142857142858,2.822942887772437,3.7012154597320213,4.190016012616086,0.6045495778287474,0,3840,737280,0.7199999999999999,0.0,0.0,0.0,0.0,0,1.0,0.0,6.94375,1.0,0.0,0.975,0.975,1.05625,1.559313370470037,205.09653242805982,0.9049108750186861,byzantine_agent,0.34502379924177573,0.023214285714285854,0.5702423321281191,0.5702423321281191,0.5702423321281191,0.5702423321281191
flocking_robust_mixture,5,0.713724880294846,0.713724880294846,1.0,0.6277373165078355,0.6277373165078355,0.0,1.0,0.0,0.0,0.0,0.0,1.0,,0.7082312671843152,1.8288400249967214,0.9648809523809524,3.1791603475715062,3.7379882187184093,4.057288435829422,0.6197776674215331,1,3840,737280,0.7199999999999999,0.0,0.0,0.0,0.0,0,1.0,0.0,6.91875,1.0,0.0,0.975,0.975,1.08125,1.539227836799218,168.86756687654946,0.8642943329177797,byzantine_agent,0.17115997500327862,0.014880952380952439,0.6277373165078355,0.6277373165078355,0.6277373165078355,0.6277373165078355
flocking_robust_mixture,6,0.6538886951845464,0.6538886951845464,1.0,0.5697008237496418,0.5697008237496418,0.0,1.0,0.0,0.0,0.0,0.0,1.0,,0.6407698940273632,1.5300394325741125,0.9705357142857143,3.0283592287186574,3.7137055472312497,4.069966490657917,0.5782787282870364,0,3840,737280,0.7199999999999999,0.0,0.0,0.0,0.0,0,1.0,0.0,6.8875,1.0,0.0,0.975,0.975,1.1125,1.5611403767262348,205.98204875084875,0.8642582078464329,byzantine_agent,0.46996056742588754,0.020535714285714324,0.5697008237496418,0.5697008237496418,0.5697008237496418,0.5697008237496418
flocking_robust_mixture,7,0.6540936161656695,0.6540936161656695,1.0,0.5773420988169251,0.5773420988169251,0.0,1.0,0.0,0.0,0.0,0.0,1.0,,0.6525141900363617,1.5929782152045888,0.9732142857142858,2.975401847158013,3.7339831873146103,4.146944462291783,0.5614955019261952,4,3840,737280,0.7199999999999999,0.0,0.0,0.0,0.0,0,1.0,0.0,6.9,1.0,0.0,0.98125,0.975,1.1,1.5764460690046094,147.62598575538777,0.8933459171094,byzantine_agent,0.4070217847954112,0.023214285714285854,0.5773420988169251,0.5773420988169251,0.5773420988169251,0.5773420988169251
flocking_robust_mixture,8,0.6662308459854532,0.6662308459854532,1.0,0.5935027386997892,0.5935027386997892,0.0,1.0,0.0,0.0,0.0,0.0,1.0,,0.6593101789387507,1.5774182409451565,0.9626488095238095,2.840383272781431,3.7153237150553657,4.073003468682457,0.6284909113122753,5,3840,737280,0.7199999999999999,0.0,0.0,0.0,0.0,0,1.0,0.0,6.75,1.0,0.0,0.975,0.975,1.25,1.5736103781392639,191.884738212037,0.8557252499740571,byzantine_agent,0.4225817590548435,0.012648809523809534,0.5935027386997892,0.5935027386997892,0.5935027386997892,0.5935027386997892
flocking_robust_mixture,9,0.6904208150355023,0.6904208150355023,1.0,0.6117126317750883,0.6117126317750883,0.0,1.0,0.0,0.0,0.0,0.0,1.0,,0.682528817460357,1.654404286514211,0.987797619047619,3.0505278148940476,3.68848808277492,4.0259672773530735,0.6338045479042982,1,3840,737280,0.7199999999999999,0.0,0.0,0.0,0.0,0,1.0,0.0,6.75,1.0,0.0,0.98125,0.975,1.25,1.5754447753727712,222.1426155055121,0.8393088330049068,byzantine_agent,0.345595713485789,0.037797619047619024,0.6117126317750883,0.6117126317750883,0.6117126317750883,0.6117126317750883
flocking_robust_mixture,10,0.5970527316942035,0.5970527316942035,1.0,0.5256885602418746,0.5256885602418746,0.0,1.0,0.0,0.0,0.0,0.0,1.0,,0.664731179940568,1.6432930890875823,0.9614583333333332,2.7741370910348415,3.738418222863745,4.065024354635315,0.5523390645500601,0,3840,737280,0.7199999999999999,0.0,0.0,0.0,0.0,0,1.0,0.0,6.84375,1.0,0.0,0.98125,0.975,1.15625,1.546338883835182,153.9339896829351,0.8704549588728696,byzantine_agent,0.3567069109124177,0.011458333333333237,0.5256885602418746,0.5256885602418746,0.5256885602418746,0.5256885602418746
flocking_robust_mixture,11,0.7268095569486392,0.7268095569486392,1.0,0.6133088029531399,0.6133088029531399,0.0,1.0,0.0,0.0,0.0,0.0,1.0,,0.7126400902456226,1.8307460282228623,0.9489583333333332,2.92864140726324,3.7219173308798283,3.992977522522979,0.6341410736368986,2,3840,737280,0.7199999999999999,0.0,0.0,0.0,0.0,0,1.0,0.0,6.85,1.0,0.0,0.975,0.975,1.15,1.5552309580095784,192.97458922702427,0.8498140829615295,byzantine_agent,0.16925397177713775,0.0010416666666667185,0.6133088029531399,0.6133088029531399,0.6133088029531399,0.6133088029531399
flocking_robust_mixture,12,0.6770234109179324,0.6770234109179324,1.0,0.5984848258876482,0.5984848258876482,0.0,1.0,0.0,0.0,0.0,0.0,1.0,,0.704178485471747,1.768454374021634,0.9678571428571429,2.9312137291209406,3.7240776288329513,4.075737020870432,0.6364367098051694,1,3840,737280,0.7199999999999999,0.0,0.0,0.0,0.0,0,1.0,0.0,6.925,1.0,0.0,0.975,0.975,1.075,1.5582400838468753,193.52003823967036,0.8613945411052555,byzantine_agent,0.23154562597836592,0.017857142857142905,0.5984848258876482,0.5984848258876482,0.5984848258876482,0.5984848258876482
flocking_robust_mixture,13,0.671089972424684,0.671089972424684,1.0,0.5999403617029637,0.5999403617029637,0.0,1.0,0.0,0.0,0.0,0.0,1.0,,0.6762774128189355,1.6816641140997093,0.9808035714285713,3.1206324317477603,3.7110016361585734,4.003091893406007,0.6435972126797739,1,3840,737280,0.7199999999999999,0.0,0.0,0.0,0.0,0,1.0,0.0,6.725,1.0,0.0,0.975,0.975,1.275,1.578802740108032,218.18182714099353,0.8338037501089275,byzantine_agent,0.3183358859002907,0.030803571428571375,0.5999403617029637,0.5999403617029637,0.5999403617029637,0.5999403617029637
flocking_robust_mixture,14,0.7440132714011167,0.7440132714011167,1.0,0.6651316100059322,0.6651316100059322,0.0,1.0,0.0,0.0,0.0,0.0,1.0,,0.7282291974783797,1.9674900089263894,0.9491071428571429,3.1211170966483914,3.7174052086354834,4.056721862367771,0.6193515218403042,0,3840,737280,0.7199999999999999,0.0,0.0,0.0,0.0,0,1.0,0.0,6.8375,1.0,0.0,1.01875,0.975,1.14375,1.563981857148356,198.98068943146114,0.8551075418945402,byzantine_agent,0.03250999107361063,0.0008928571428570287,0.6651316100059322,0.6651316100059322,0.6651316100059322,0.6651316100059322
flocking_robust_mixture,15,0.6114306066317746,0.6114306066317746,1.0,0.5416868830742606,0.5416868830742606,0.0,1.0,0.0,0.0,0.0,0.0,1.0,,0.6703999389950019,1.6655262371571204,0.9769345238095237,3.02971597447689,3.6949793414209333,4.205869152040431,0.6129598841637218,0,3840,737280,0.7199999999999999,0.0,0.0,0.0,0.0,0,1.0,0.0,6.875,1.0,0.0,0.975,0.975,1.125,1.5669174124308274,213.05051882423484,0.881442500045523,byzantine_agent,0.33447376284287955,0.02693452380952377,0.5416868830742606,0.5416868830742606,0.5416868830742606,0.5416868830742606
flocking_robust_mixture,16,0.6997127284117255,0.6997127284117255,1.0,0.6206502363775803,0.6206502363775803,0.0,1.0,0.0,0.0,0.0,0.0,1.0,,0.7214530726511782,1.9043110629403917,0.9532738095238095,3.052489668545659,3.717060732167044,3.9932961008319694,0.6738416895738064,0,3840,737280,0.7199999999999999,0.0,0.0,0.0,0.0,0,1.0,0.0,6.73125,1.0,0.0,1.00625,0.975,1.25625,1.568597828198234,210.03289896441663,0.8353880830109119,byzantine_agent,0.09568893705960835,0.003273809523809512,0.6206502363775803,0.6206502363775803,0.6206502363775803,0.6206502363775803
flocking_robust_mixture,17,0.6660507847622132,0.6660507847622132,1.0,0.5701512068288654,0.5701512068288654,0.0,1.0,0.0,0.0,0.0,0.0,1.0,,0.6888766158861401,1.7527452606798435,0.9625892857142857,2.794523072122691,3.732979473530489,4.0790588014194205,0.6156366646933863,0,3840,737280,0.7199999999999999,0.0,0.0,0.0,0.0,0,1.0,0.0,6.8375,1.0,0.0,1.01875,0.975,1.14375,1.570227719506414,169.8231233670072,0.8732764169108123,byzantine_agent,0.2472547393201565,0.012589285714285747,0.5701512068288654,0.5701512068288654,0.5701512068288654,0.5701512068288654
flocking_robust_mixture,18,0.6941452434751113,0.6941452434751113,1.0,0.6149671954406938,0.6149671954406938,0.0,1.0,0.0,0.0,0.0,0.0,1.0,,0.6972913900198985,1.7823344930160545,0.965625,3.20771003843438,3.726575513720216,4.11647509777143,0.6194417781539954,0,3840,737280,0.7199999999999999,0.0,0.0,0.0,0.0,0,1.0,0.0,6.81875,1.0,0.0,0.98125,0.975,1.18125,1.560946547744247,183.42459883062716,0.8757278749253601,byzantine_agent,0.2176655069839455,0.015625,0.6149671954406938,0.6149671954406938,0.6149671954406938,0.6149671954406938
flocking_robust_mixture,19,0.6709906374412851,0.6709906374412851,1.0,0.6025681555954604,0.6025681555954604,0.0,1.0,0.0,0.0,0.0,0.0,1.0,,0.7142421161374968,1.8728901326837697,0.9724107142857144,3.087633843856067,3.718292130106817,3.995958299513158,0.629638978919386,0,3840,737280,0.7199999999999999,0.0,0.0,0.0,0.0,0,1.0,0.0,6.79375,1.0,0.0,1.00625,0.975,1.19375,1.568990309672604,200.41335248480456,0.8459195408504456,byzantine_agent,0.1271098673162303,0.022410714285714395,0.6025681555954604,0.6025681555954604,0.6025681555954604,0.6025681555954604
flocking_robust_mixture,20,0.6159531666807913,0.6159531666807913,1.0,0.5380589501126801,0.5380589501126801,0.0,1.0,0.0,0.0,0.0,0.0,1.0,,0.6375052487013113,1.5414681096750227,0.9745535714285716,2.644422149220228,3.7376403088898664,4.079135250541778,0.5051119685361504,2,3840,737280,0.7199999999999999,0.0,0.0,0.0,0.0,0,1.0,0.0,6.81875,1.0,0.0,0.975,0.975,1.18125,1.5486640655543835,156.83391265954901,0.8498702908400446,byzantine_agent,0.4585318903249773,0.02455357142857162,0.5380589501126801,0.5380589501126801,0.5380589501126801,0.5380589501126801
flocking_robust_mixture,21,0.6919389131341832,0.6919389131341832,1.0,0.6164600901964297,0.6164600901964297,0.0,1.0,0.0,0.0,0.0,0.0,1.0,,0.6857573232236033,1.7412110686950726,0.9698809523809524,2.7349006625383914,3.729026506609381,4.031910048224143,0.6018505698998671,0,3840,737280,0.7199999999999999,0.0,0.0,0.0,0.0,0,1.0,0.0,6.73125,1.0,0.0,1.01875,0.975,1.25625,1.5591077295459148,174.01094587725203,0.8409481670241803,byzantine_agent,0.2587889313049274,0.019880952380952444,0.6164600901964297,0.6164600901964297,0.6164600901964297,0.6164600901964297
flocking_robust_mixture,22,0.6743227754334442,0.6743227754334442,1.0,0.6003004700138203,0.6003004700138203,0.0,1.0,0.0,0.0,0.0,0.0,1.0,,0.7217834897004722,1.8382513691288598,0.9660714285714285,2.963282528350806,3.703488427757157,3.9689280699445346,0.686374010861014,1,3840,737280,0.7199999999999999,0.0,0.0,0.0,0.0,0,1.0,0.0,6.76875,1.0,0.0,1.05625,0.975,1.19375,1.5717934159946294,232.32954693510843,0.8266910831443965,byzantine_agent,0.16174863087114022,0.016071428571428514,0.6003004700138203,0.6003004700138203,0.6003004700138203,0.6003004700138203
flocking_robust_mixture,23,0.6397778533554548,0.6397778533554548,1.0,0.5682290997458341,0.5682290997458341,0.0,1.0,0.0,0.0,0.0,0.0,1.0,,0.6570283013699,1.5954370462861984,0.9699404761904763,2.9282297472970438,3.7292338400663154,4.054212551951445,0.6055119823715245,0,3840,737280,0.7199999999999999,0.0,0.0,0.0,0.0,0,1.0,0.0,6.875,1.0,0.0,0.975,0.975,1.125,1.5625099196684809,172.3540266264195,0.8447101667989045,byzantine_agent,0.4045629537138016,0.01994047619047634,0.5682290997458341,0.5682290997458341,0.5682290997458341,0.5682290997458341
flocking_robust_mixture,24,0.6505598432914761,0.6505598432914761,1.0,0.5823625657874607,0.5823625657874607,0.0,1.0,0.0,0.0,0.0,0.0,1.0,,0.6729524339681489,1.689511814855703,0.9712797619047621,2.7323999329409245,3.740240729918141,4.041577309932092,0.5657801214212916,2,3840,737280,0.7199999999999999,0.0,0.0,0.0,0.0,0,1.0,0.0,6.86875,1.0,0.0,0.98125,0.975,1.13125,1.5852953354522719,162.79052056642598,0.8574064169079065,byzantine_agent,0.3104881851442971,0.021279761904762107,0.5823625657874607,0.5823625657874607,0.5823625657874607,0.5823625657874607
flocking_robust_mixture,25,0.6847172564502998,0.6847172564502998,1.0,0.5952029242144947,0.5952029242144947,0.0,1.0,0.0,0.0,0.0,0.0,1.0,,0.7669476072535523,2.1277146430628333,0.9464285714285715,3.077277666098266,3.709821867522374,4.029099362281579,0.6250226451392145,3,3840,737280,0.7199999999999999,0.0,0.0,0.0,0.0,0,1.0,0.0,6.75625,1.0,0.0,1.05625,0.975,1.20625,1.5696019403013928,213.23786529949084,0.8444064580835402,byzantine_agent,0.1277146430628333,0.0035714285714284477,0.5952029242144947,0.5952029242144947,0.5952029242144947,0.5952029242144947
flocking_robust_mixture,26,0.7442510919051541,0.7442510919051541,1.0,0.6594434947408425,0.6594434947408425,0.0,1.0,0.0,0.0,0.0,0.0,1.0,,0.7408035319451486,1.9701443271174846,0.938154761904762,2.863200897530353,3.7107188145314907,4.038484335865195,0.6578998240858069,3,3840,737280,0.7199999999999999,0.0,0.0,0.0,0.0,0,1.0,0.0,6.80625,1.0,0.0,0.975,0.975,1.19375,1.5503173643360642,208.24469671778115,0.8483468748163432,byzantine_agent,0.02985567288251545,0.011845238095237964,0.6594434947408425,0.6594434947408425,0.6594434947408425,0.6594434947408425
flocking_robust_mixture,27,0.6507522971811279,0.6507522971811279,1.0,0.5567658237032775,0.5567658237032775,0.0,1.0,0.0,0.0,0.0,0.0,1.0,,0.6783300516626033,1.7031638588869655,0.9683035714285715,2.9666366723100306,3.7260775412232747,4.061522352362745,0.5822946808457946,6,3840,737280,0.7199999999999999,0.0,0.0,0.0,0.0,0,1.0,0.0,6.86875,1.0,0.0,0.975,0.975,1.13125,1.5468690423155702,180.432478962632,0.8601918329950422,byzantine_agent,0.29683614111303447,0.01830357142857153,0.5567658237032775,0.5567658237032775,0.5567658237032775,0.5567658237032775
flocking_robust_mixture,28,0.6628605845850978,0.6628605845850978,1.0,0.5889495798762401,0.5889495798762401,0.0,1.0,0.0,0.0,0.0,0.0,1.0,,0.7055187086822666,1.845517622533641,0.95625,2.968943887022676,3.7240323753418636,3.9816578865141294,0.5881560632031106,0,3840,737280,0.7199999999999999,0.0,0.0,0.0,0.0,0,1.0,0.0,6.825,1.0,0.0,0.975,0.975,1.175,1.5432303996503869,200.7634859516906,0.8337856661528349,byzantine_agent,0.15448237746635907,0.006250000000000089,0.5889495798762401,0.5889495798762401,0.5889495798762401,0.5889495798762401
flocking_robust_mixture,29,0.626381003994426,0.626381003994426,1.0,0.5548633298328017,0.5548633298328017,0.0,1.0,0.0,0.0,0.0,0.0,1.0,,0.655487987303313,1.5762455275816099,0.9864583333333332,3.2019629452026175,3.7225881434932644,4.02086076787732,0.6268292263828913,0,3840,737280,0.7199999999999999,0.0,0.0,0.0,0.0,0,1.0,0.0,6.825,1.0,0.0,0.975,0.975,1.175,1.5613797216527945,200.2244849549303,0.8422703328542411,byzantine_agent,0.42375447241839015,0.03645833333333326,0.5548633298328017,0.5548633298328017,0.5548633298328017,0.5548633298328017
flocking_robust_defer,0,0.792945965473489,0.792945965473489,1.0,1.436457344826921,0.6864573448269209,0.0,0.0,1.0,0.0,0.0,0.0,1.0,,0.7834022676334736,2.2102390396798386,0.9133928571428573,2.951239532191592,3.695416809144297,4.068977206335416,0.6530886470249085,1,3840,737280,0.7199999999999999,0.0,0.0,0.0,0.0,0,1.0,0.0,6.79375,1.0,0.0,1.03125,0.975,1.19375,1.5666830763871242,218.73384847242292,0.8492175408173352,byzantine_agent,0.2102390396798386,0.036607142857142616,0.9364573448269209,1.186457344826921,1.686457344826921,2.1864573448269207
flocking_robust_defer,1,0.7231105119736586,0.7231105119736586,1.0,1.3947227469447525,0.6447227469447525,0.0,0.0,1.0,0.0,0.0,0.0,1.0,,0.7172428510532465,1.9084093098247792,0.9651785714285716,2.882722694856441,3.7193464612946356,4.198069809105239,0.5751801154841423,2,3840,737280,0.7199999999999999,0.0,0.0,0.0,0.0,0,1.0,0.0,6.9375,1.0,0.0,0.975,0.975,1.0625,1.563767250393863,176.68276753759093,0.8975499169901013,byzantine_agent,0.09159069017522081,0.015178571428571597,0.8947227469447525,1.1447227469447525,1.6447227469447525,2.1447227469447525
flocking_robust_defer,2,0.6644173803380347,0.6644173803380347,1.0,1.3222087025886933,0.5722087025886932,0.0,0.0,1.0,0.0,0.0,0.0,1.0,,0.6800093089181908,1.7330660961543827,0.9560416666666665,2.802011366110465,3.7358170043617194,4.047341146355864,0.5716823471322041,0,3840,737280,0.7199999999999999,0.0,0.0,0.0,0.0,0,1.0,0.0,6.89375,1.0,0.0,0.975,0.975,1.10625,1.5611504513370658,176.51550558262284,0.8638081660028547,byzantine_agent,0.2669339038456173,0.006041666666666501,0.8222087025886932,1.0722087025886933,1.5722087025886933,2.0722087025886933
flocking_robust_defer,3,0.6338144838254752,0.6338144838254752,1.0,1.3022652214534147,0.5522652214534147,0.0,0.0,1.0,0.0,0.0,0.0,1.0,,0.6641227132239547,1.6059121532947933,0.9732142857142858,3.2132642024672458,3.714725429868426,4.006878014626584,0.6294523247135595,0,3840,737280,0.7199999999999999,0.0,0.0,0.0,0.0,0,1.0,0.0,6.71875,1.0,0.0,1.01875,0.975,1.2625,1.5671323445773782,202.33960639208726,0.8318509161472321,byzantine_agent,0.3940878467052067,0.023214285714285854,0.8022652214534147,1.0522652214534147,1.5522652214534147,2.052265221453415
flocking_robust_defer,4,0.6538541436284049,0.6538541436284049,1.0,1.3202423321281191,0.5702423321281191,0.0,0.0,1.0,0.0,0.0,0.0,1.0,,0.6733555170948033,1.6549762007582243,0.9732142857142858,2.822942887772437,3.7012154597320213,4.190016012616086,0.6045495778287474,0,3840,737280,0.7199999999999999,0.0,0.0,0.0,0.0,0,1.0,0.0,6.94375,1.0,0.0,0.975,0.975,1.05625,1.559313370470037,205.09653242805982,0.901918499963358,byzantine_agent,0.34502379924177573,0.023214285714285854,0.8202423321281191,1.0702423321281191,1.5702423321281191,2.070242332128119
flocking_robust_defer,5,0.713724880294846,0.713724880294846,1.0,1.3777373165078355,0.6277373165078355,0.0,0.0,1.0,0.0,0.0,0.0,1.0,,0.7082312671843152,1.8288400249967214,0.9648809523809524,3.1791603475715062,3.7379882187184093,4.057288435829422,0.6197776674215331,1,3840,737280,0.7199999999999999,0.0,0.0,0.0,0.0,0,1.0,0.0,6.91875,1.0,0.0,0.975,0.975,1.08125,1.539227836799218,168.86756687654946,0.8534435830079019,byzantine_agent,0.17115997500327862,0.014880952380952439,0.8777373165078355,1.1277373165078355,1.6277373165078355,2.1277373165078357
flocking_robust_defer,6,0.6538886951845464,0.6538886951845464,1.0,1.319700823749642,0.5697008237496418,0.0,0.0,1.0,0.0,0.0,0.0,1.0,,0.6407698940273632,1.5300394325741125,0.9705357142857143,3.0283592287186574,3.7137055472312497,4.069966490657917,0.5782787282870364,0,3840,737280,0.7199999999999999,0.0,0.0,0.0,0.0,0,1.0,0.0,6.8875,1.0,0.0,0.975,0.975,1.1125,1.5611403767262348,205.98204875084875,0.8711402919143438,byzantine_agent,0.46996056742588754,0.020535714285714324,0.8197008237496418,1.069700823749642,1.569700823749642,2.069700823749642
flocking_robust_defer,7,0.6540936161656695,0.6540936161656695,1.0,1.3273420988169249,0.5773420988169251,0.0,0.0,1.0,0.0,0.0,0.0,1.0,,0.6525141900363617,1.5929782152045888,0.9732142857142858,2.975401847158013,3.7339831873146103,4.146944462291783,0.5614955019261952,4,3840,737280,0.7199999999999999,0.0,0.0,0.0,0.0,0,1.0,0.0,6.9,1.0,0.0,0.98125,0.975,1.1,1.5764460690046094,147.62598575538777,0.8901782089378685,byzantine_agent,0.4070217847954112,0.023214285714285854,0.8273420988169251,1.077342098816925,1.577342098816925,2.077342098816925
flocking_robust_defer,8,0.6662308459854532,0.6662308459854532,1.0,1.3435027386997893,0.5935027386997892,0.0,0.0,1.0,0.0,0.0,0.0,1.0,,0.6593101789387507,1.5774182409451565,0.9626488095238095,2.840383272781431,3.7153237150553657,4.073003468682457,0.6284909113122753,5,3840,737280,0.7199999999999999,0.0,0.0,0.0,0.0,0,1.0,0.0,6.75,1.0,0.0,0.975,0.975,1.25,1.5736103781392639,191.884738212037,0.8453885838389397,byzantine_agent,0.4225817590548435,0.012648809523809534,0.8435027386997892,1.0935027386997893,1.5935027386997893,2.0935027386997893
flocking_robust_defer,9,0.6904208150355023,0.6904208150355023,1.0,1.3617126317750883,0.6117126317750883,0.0,0.0,1.0,0.0,0.0,0.0,1.0,,0.682528817460357,1.654404286514211,0.987797619047619,3.0505278148940476,3.68848808277492,4.0259672773530735,0.6338045479042982,1,3840,737280,0.7199999999999999,0.0,0.0,0.0,0.0,0,1.0,0.0,6.75,1.0,0.0,0.98125,0.975,1.25,1.5754447753727712,222.1426155055121,0.8341855409089476,byzantine_agent,0.345595713485789,0.037797619047619024,0.8617126317750883,1.1117126317750883,1.6117126317750883,2.111712631775088
flocking_robust_defer,10,0.5970527316942035,0.5970527316942035,1.0,1.2756885602418744,0.5256885602418746,0.0,0.0,1.0,0.0,0.0,0.0,1.0,,0.664731179940568,1.6432930890875823,0.9614583333333332,2.7741370910348415,3.738418222863745,4.065024354635315,0.5523390645500601,0,3840,737280,0.7199999999999999,0.0,0.0,0.0,0.0,0,1.0,0.0,6.84375,1.0,0.0,0.98125,0.975,1.15625,1.546338883835182,153.9339896829351,0.8672415420878679,byzantine_agent,0.3567069109124177,0.011458333333333237,0.7756885602418746,1.0256885602418746,1.5256885602418746,2.025688560241875
flocking_robust_defer,11,0.7268095569486392,0.7268095569486392,1.0,1.36330880295314,0.6133088029531399,0.0,0.0,1.0,0.0,0.0,0.0,1.0,,0.7126400902456226,1.8307460282228623,0.9489583333333332,2.92864140726324,3.7219173308798283,3.992977522522979,0.6341410736368986,2,3840,737280,0.7199999999999999,0.0,0.0,0.0,0.0,0,1.0,0.0,6.85,1.0,0.0,0.975,0.975,1.15,1.5552309580095784,192.97458922702427,0.854590707924217,byzantine_agent,0.16925397177713775,0.0010416666666667185,0.8633088029531399,1.11330880295314,1.61330880295314,2.11330880295314
flocking_robust_defer,12,0.6770234109179324,0.6770234109179324,1.0,1.3484848258876483,0.5984848258876482,0.0,0.0,1.0,0.0,0.0,0.0,1.0,,0.704178485471747,1.768454374021634,0.9678571428571429,2.9312137291209406,3.7240776288329513,4.075737020870432,0.6364367098051694,1,3840,737280,0.7199999999999999,0.0,0.0,0.0,0.0,0,1.0,0.0,6.925,1.0,0.0,0.975,0.975,1.075,1.5582400838468753,193.52003823967036,0.8638672919478267,byzantine_agent,0.23154562597836592,0.017857142857142905,0.8484848258876482,1.098484825887648,1.598484825887648,2.098484825887648
flocking_robust_defer,13,0.671089972424684,0.671089972424684,1.0,1.3499403617029635,0.5999403617029637,0.0,0.0,1.0,0.0,0.0,0.0,1.0,,0.6762774128189355,1.6816641140997093,0.9808035714285713,3.1206324317477603,3.7110016361585734,4.003091893406007,0.6435972126797739,1,3840,737280,0.7199999999999999,0.0,0.0,0.0,0.0,0,1.0,0.0,6.725,1.0,0.0,0.975,0.975,1.275,1.578802740108032,218.18182714099353,0.842244042083621,byzantine_agent,0.3183358859002907,0.030803571428571375,0.8499403617029637,1.0999403617029637,1.5999403617029637,2.0999403617029637
flocking_robust_defer,14,0.7440132714011167,0.7440132714011167,1.0,1.4151316100059321,0.6651316100059322,0.0,0.0,1.0,0.0,0.0,0.0,1.0,,0.7282291974783797,1.9674900089263894,0.9491071428571429,3.1211170966483914,3.7174052086354834,4.056721862367771,0.6193515218403042,0,3840,737280,0.7199999999999999,0.0,0.0,0.0,0.0,0,1.0,0.0,6.8375,1.0,0.0,1.01875,0.975,1.14375,1.563981857148356,198.98068943146114,0.8561875419691205,byzantine_agent,0.03250999107361063,0.0008928571428570287,0.9151316100059322,1.1651316100059321,1.6651316100059321,2.165131610005932
flocking_robust_defer,15,0.6114306066317746,0.6114306066317746,1.0,1.2916868830742607,0.5416868830742606,0.0,0.0,1.0,0.0,0.0,0.0,1.0,,0.6703999389950019,1.6655262371571204,0.9769345238095237,3.02971597447689,3.6949793414209333,4.205869152040431,0.6129598841637218,0,3840,737280,0.7199999999999999,0.0,0.0,0.0,0.0,0,1.0,0.0,6.875,1.0,0.0,0.975,0.975,1.125,1.5669174124308274,213.05051882423484,0.8858244160655886,byzantine_agent,0.33447376284287955,0.02693452380952377,0.7916868830742606,1.0416868830742607,1.5416868830742607,2.0416868830742607
flocking_robust_defer,16,0.6997127284117255,0.6997127284117255,1.0,1.3706502363775805,0.6206502363775803,0.0,0.0,1.0,0.0,0.0,0.0,1.0,,0.7214530726511782,1.9043110629403917,0.9532738095238095,3.052489668545659,3.717060732167044,3.9932961008319694,0.6738416895738064,0,3840,737280,0.7199999999999999,0.0,0.0,0.0,0.0,0,1.0,0.0,6.73125,1.0,0.0,1.00625,0.975,1.25625,1.568597828198234,210.03289896441663,0.8198690828867257,byzantine_agent,0.09568893705960835,0.003273809523809512,0.8706502363775803,1.1206502363775803,1.6206502363775803,2.12065023637758
flocking_robust_defer,17,0.6660507847622132,0.6660507847622132,1.0,1.3201512068288654,0.5701512068288654,0.0,0.0,1.0,0.0,0.0,0.0,1.0,,0.6888766158861401,1.7527452606798435,0.9625892857142857,2.794523072122691,3.732979473530489,4.0790588014194205,0.6156366646933863,0,3840,737280,0.7199999999999999,0.0,0.0,0.0,0.0,0,1.0,0.0,6.8375,1.0,0.0,1.01875,0.975,1.14375,1.570227719506414,169.8231233670072,0.8626024581026286,byzantine_agent,0.2472547393201565,0.012589285714285747,0.8201512068288654,1.0701512068288654,1.5701512068288654,2.070151206828865
flocking_robust_defer,18,0.6941452434751113,0.6941452434751113,1.0,1.364967195440694,0.6149671954406938,0.0,0.0,1.0,0.0,0.0,0.0,1.0,,0.6972913900198985,1.7823344930160545,0.965625,3.20771003843438,3.726575513720216,4.11647509777143,0.6194417781539954,0,3840,737280,0.7199999999999999,0.0,0.0,0.0,0.0,0,1.0,0.0,6.81875,1.0,0.0,0.98125,0.975,1.18125,1.560946547744247,183.42459883062716,0.861850457964465,byzantine_agent,0.2176655069839455,0.015625,0.8649671954406938,1.114967195440694,1.614967195440694,2.114967195440694
flocking_robust_defer,19,0.6709906374412851,0.6709906374412851,1.0,1.3525681555954603,0.6025681555954604,0.0,0.0,1.0,0.0,0.0,0.0,1.0,,0.7142421161374968,1.8728901326837697,0.9724107142857144,3.087633843856067,3.718292130106817,3.995958299513158,0.629638978919386,0,3840,737280,0.7199999999999999,0.0,0.0,0.0,0.0,0,1.0,0.0,6.79375,1.0,0.0,1.00625,0.975,1.19375,1.568990309672604,200.41335248480456,0.8247116669081151,byzantine_agent,0.1271098673162303,0.022410714285714395,0.8525681555954604,1.1025681555954603,1.6025681555954603,2.1025681555954603
flocking_robust_defer,20,0.6159531666807913,0.6159531666807913,1.0,1.28805895011268,0.5380589501126801,0.0,0.0,1.0,0.0,0.0,0.0,1.0,,0.6375052487013113,1.5414681096750227,0.9745535714285716,2.644422149220228,3.7376403088898664,4.079135250541778,0.5051119685361504,2,3840,737280,0.7199999999999999,0.0,0.0,0.0,0.0,0,1.0,0.0,6.81875,1.0,0.0,0.975,0.975,1.18125,1.5486640655543835,156.83391265954901,0.8358936249278486,byzantine_agent,0.4585318903249773,0.02455357142857162,0.7880589501126801,1.03805895011268,1.53805895011268,2.03805895011268
flocking_robust_defer,21,0.6919389131341832,0.6919389131341832,1.0,1.3664600901964294,0.6164600901964297,0.0,0.0,1.0,0.0,0.0,0.0,1.0,,0.6857573232236033,1.7412110686950726,0.9698809523809524,2.7349006625383914,3.729026506609381,4.031910048224143,0.6018505698998671,0,3840,737280,0.7199999999999999,0.0,0.0,0.0,0.0,0,1.0,0.0,6.73125,1.0,0.0,1.01875,0.975,1.25625,1.5591077295459148,174.01094587725203,0.8326768749393523,byzantine_agent,0.2587889313049274,0.019880952380952444,0.8664600901964297,1.1164600901964297,1.6164600901964297,2.11646009019643
flocking_robust_defer,22,0.6743227754334442,0.6743227754334442,1.0,1.3503004700138201,0.6003004700138203,0.0,0.0,1.0,0.0,0.0,0.0,1.0,,0.7217834897004722,1.8382513691288598,0.9660714285714285,2.963282528350806,3.703488427757157,3.9689280699445346,0.686374010861014,1,3840,737280,0.7199999999999999,0.0,0.0,0.0,0.0,0,1.0,0.0,6.76875,1.0,0.0,1.05625,0.975,1.19375,1.5717934159946294,232.32954693510843,0.8401778750121593,byzantine_agent,0.16174863087114022,0.016071428571428514,0.8503004700138203,1.1003004700138201,1.6003004700138201,2.10030047001382
flocking_robust_defer,23,0.6397778533554548,0.6397778533554548,1.0,1.3182290997458341,0.5682290997458341,0.0,0.0,1.0,0.0,0.0,0.0,1.0,,0.6570283013699,1.5954370462861984,0.9699404761904763,2.9282297472970438,3.7292338400663154,4.054212551951445,0.6055119823715245,0,3840,737280,0.7199999999999999,0.0,0.0,0.0,0.0,0,1.0,0.0,6.875,1.0,0.0,0.975,0.975,1.125,1.5625099196684809,172.3540266264195,0.8544355409685522,byzantine_agent,0.4045629537138016,0.01994047619047634,0.8182290997458341,1.0682290997458341,1.5682290997458341,2.0682290997458344
flocking_robust_defer,24,0.6505598432914761,0.6505598432914761,1.0,1.3323625657874607,0.5823625657874607,0.0,0.0,1.0,0.0,0.0,0.0,1.0,,0.6729524339681489,1.689511814855703,0.9712797619047621,2.7323999329409245,3.740240729918141,4.041577309932092,0.5657801214212916,2,3840,737280,0.7199999999999999,0.0,0.0,0.0,0.0,0,1.0,0.0,6.86875,1.0,0.0,0.98125,0.975,1.13125,1.5852953354522719,162.79052056642598,0.848557542078197,byzantine_agent,0.3104881851442971,0.021279761904762107,0.8323625657874607,1.0823625657874607,1.5823625657874607,2.0823625657874607
flocking_robust_defer,25,0.6847172564502998,0.6847172564502998,1.0,1.3452029242144947,0.5952029242144947,0.0,0.0,1.0,0.0,0.0,0.0,1.0,,0.7669476072535523,2.1277146430628333,0.9464285714285715,3.077277666098266,3.709821867522374,4.029099362281579,0.6250226451392145,3,3840,737280,0.7199999999999999,0.0,0.0,0.0,0.0,0,1.0,0.0,6.75625,1.0,0.0,1.05625,0.975,1.20625,1.5696019403013928,213.23786529949084,0.8368140840902925,byzantine_agent,0.1277146430628333,0.0035714285714284477,0.8452029242144947,1.0952029242144947,1.5952029242144947,2.0952029242144947
flocking_robust_defer,26,0.7442510919051541,0.7442510919051541,1.0,1.4094434947408427,0.6594434947408425,0.0,0.0,1.0,0.0,0.0,0.0,1.0,,0.7408035319451486,1.9701443271174846,0.938154761904762,2.863200897530353,3.7107188145314907,4.038484335865195,0.6578998240858069,3,3840,737280,0.7199999999999999,0.0,0.0,0.0,0.0,0,1.0,0.0,6.80625,1.0,0.0,0.975,0.975,1.19375,1.5503173643360642,208.24469671778115,0.8527365408372134,byzantine_agent,0.02985567288251545,0.011845238095237964,0.9094434947408425,1.1594434947408425,1.6594434947408425,2.1594434947408425
flocking_robust_defer,27,0.6507522971811279,0.6507522971811279,1.0,1.3067658237032775,0.5567658237032775,0.0,0.0,1.0,0.0,0.0,0.0,1.0,,0.6783300516626033,1.7031638588869655,0.9683035714285715,2.9666366723100306,3.7260775412232747,4.061522352362745,0.5822946808457946,6,3840,737280,0.7199999999999999,0.0,0.0,0.0,0.0,0,1.0,0.0,6.86875,1.0,0.0,0.975,0.975,1.13125,1.5468690423155702,180.432478962632,0.8612660418730229,byzantine_agent,0.29683614111303447,0.01830357142857153,0.8067658237032775,1.0567658237032775,1.5567658237032775,2.0567658237032775
flocking_robust_defer,28,0.6628605845850978,0.6628605845850978,1.0,1.33894957987624,0.5889495798762401,0.0,0.0,1.0,0.0,0.0,0.0,1.0,,0.7055187086822666,1.845517622533641,0.95625,2.968943887022676,3.7240323753418636,3.9816578865141294,0.5881560632031106,0,3840,737280,0.7199999999999999,0.0,0.0,0.0,0.0,0,1.0,0.0,6.825,1.0,0.0,0.975,0.975,1.175,1.5432303996503869,200.7634859516906,0.8368186668958515,byzantine_agent,0.15448237746635907,0.006250000000000089,0.8389495798762401,1.08894957987624,1.58894957987624,2.08894957987624
flocking_robust_defer,29,0.626381003994426,0.626381003994426,1.0,1.3048633298328016,0.5548633298328017,0.0,0.0,1.0,0.0,0.0,0.0,1.0,,0.655487987303313,1.5762455275816099,0.9864583333333332,3.2019629452026175,3.7225881434932644,4.02086076787732,0.6268292263828913,0,3840,737280,0.7199999999999999,0.0,0.0,0.0,0.0,0,1.0,0.0,6.825,1.0,0.0,0.975,0.975,1.175,1.5613797216527945,200.2244849549303,0.8384637921117246,byzantine_agent,0.42375447241839015,0.03645833333333326,0.8048633298328017,1.0548633298328016,1.5548633298328016,2.0548633298328016
flocking_robust_active,0,0.792945965473489,0.792945965473489,1.0,0.6864573448269209,0.6864573448269209,1.0,0.0,0.0,0.0,0.0,0.0,1.0,,0.7834022676334736,2.2102390396798386,0.9133928571428573,2.951239532191592,3.695416809144297,4.068977206335416,0.6530886470249085,1,3840,737280,0.7199999999999999,0.0,0.0,0.0,0.0,0,1.0,0.0,6.79375,1.0,0.0,1.03125,0.975,1.19375,1.5666830763871242,218.73384847242292,0.8557805411983281,byzantine_agent,0.2102390396798386,0.036607142857142616,0.6864573448269209,0.6864573448269209,0.6864573448269209,0.6864573448269209
flocking_robust_active,1,0.7231105119736586,0.7231105119736586,1.0,0.6447227469447525,0.6447227469447525,1.0,0.0,0.0,0.0,0.0,0.0,1.0,,0.7172428510532465,1.9084093098247792,0.9651785714285716,2.882722694856441,3.7193464612946356,4.198069809105239,0.5751801154841423,2,3840,737280,0.7199999999999999,0.0,0.0,0.0,0.0,0,1.0,0.0,6.9375,1.0,0.0,0.975,0.975,1.0625,1.563767250393863,176.68276753759093,0.8851945830974728,byzantine_agent,0.09159069017522081,0.015178571428571597,0.6447227469447525,0.6447227469447525,0.6447227469447525,0.6447227469447525
flocking_robust_active,2,0.6644173803380347,0.6644173803380347,1.0,0.5722087025886932,0.5722087025886932,1.0,0.0,0.0,0.0,0.0,0.0,1.0,,0.6800093089181908,1.7330660961543827,0.9560416666666665,2.802011366110465,3.7358170043617194,4.047341146355864,0.5716823471322041,0,3840,737280,0.7199999999999999,0.0,0.0,0.0,0.0,0,1.0,0.0,6.89375,1.0,0.0,0.975,0.975,1.10625,1.5611504513370658,176.51550558262284,0.8523200422059745,byzantine_agent,0.2669339038456173,0.006041666666666501,0.5722087025886932,0.5722087025886932,0.5722087025886932,0.5722087025886932
flocking_robust_active,3,0.6338144838254752,0.6338144838254752,1.0,0.5522652214534147,0.5522652214534147,1.0,0.0,0.0,0.0,0.0,0.0,1.0,,0.6641227132239547,1.6059121532947933,0.9732142857142858,3.2132642024672458,3.714725429868426,4.006878014626584,0.6294523247135595,0,3840,737280,0.7199999999999999,0.0,0.0,0.0,0.0,0,1.0,0.0,6.71875,1.0,0.0,1.01875,0.975,1.2625,1.5671323445773782,202.33960639208726,0.8278808749746531,byzantine_agent,0.3940878467052067,0.023214285714285854,0.5522652214534147,0.5522652214534147,0.5522652214534147,0.5522652214534147
flocking_robust_active,4,0.6538541436284049,0.6538541436284049,1.0,0.5702423321281191,0.5702423321281191,1.0,0.0,0.0,0.0,0.0,0.0,1.0,,0.6733555170948033,1.6549762007582243,0.9732142857142858,2.822942887772437,3.7012154597320213,4.190016012616086,0.6045495778287474,0,3840,737280,0.7199999999999999,0.0,0.0,0.0,0.0,0,1.0,0.0,6.94375,1.0,0.0,0.975,0.975,1.05625,1.559313370470037,205.09653242805982,0.905569874914363,byzantine_agent,0.34502379924177573,0.023214285714285854,0.5702423321281191,0.5702423321281191,0.5702423321281191,0.5702423321281191
flocking_robust_active,5,0.713724880294846,0.713724880294846,1.0,0.6277373165078355,0.6277373165078355,1.0,0.0,0.0,0.0,0.0,0.0,1.0,,0.7082312671843152,1.8288400249967214,0.9648809523809524,3.1791603475715062,3.7379882187184093,4.057288435829422,0.6197776674215331,1,3840,737280,0.7199999999999999,0.0,0.0,0.0,0.0,0,1.0,0.0,6.91875,1.0,0.0,0.975,0.975,1.08125,1.539227836799218,168.86756687654946,0.8568785830866545,byzantine_agent,0.17115997500327862,0.014880952380952439,0.6277373165078355,0.6277373165078355,0.6277373165078355,0.6277373165078355
flocking_robust_active,6,0.6538886951845464,0.6538886951845464,1.0,0.5697008237496418,0.5697008237496418,1.0,0.0,0.0,0.0,0.0,0.0,1.0,,0.6407698940273632,1.5300394325741125,0.9705357142857143,3.0283592287186574,3.7137055472312497,4.069966490657917,0.5782787282870364,0,3840,737280,0.7199999999999999,0.0,0.0,0.0,0.0,0,1.0,0.0,6.8875,1.0,0.0,0.975,0.975,1.1125,1.5611403767262348,205.98204875084875,0.8672257917933166,byzantine_agent,0.46996056742588754,0.020535714285714324,0.5697008237496418,0.5697008237496418,0.5697008237496418,0.5697008237496418
flocking_robust_active,7,0.6540936161656695,0.6540936161656695,1.0,0.5773420988169251,0.5773420988169251,1.0,0.0,0.0,0.0,0.0,0.0,1.0,,0.6525141900363617,1.5929782152045888,0.9732142857142858,2.975401847158013,3.7339831873146103,4.146944462291783,0.5614955019261952,4,3840,737280,0.7199999999999999,0.0,0.0,0.0,0.0,0,1.0,0.0,6.9,1.0,0.0,0.98125,0.975,1.1,1.5764460690046094,147.62598575538777,0.8796017500571907,byzantine_agent,0.4070217847954112,0.023214285714285854,0.5773420988169251,0.5773420988169251,0.5773420988169251,0.5773420988169251
flocking_robust_active,8,0.6662308459854532,0.6662308459854532,1.0,0.5935027386997892,0.5935027386997892,1.0,0.0,0.0,0.0,0.0,0.0,1.0,,0.6593101789387507,1.5774182409451565,0.9626488095238095,2.840383272781431,3.7153237150553657,4.073003468682457,0.6284909113122753,5,3840,737280,0.7199999999999999,0.0,0.0,0.0,0.0,0,1.0,0.0,6.75,1.0,0.0,0.975,0.975,1.25,1.5736103781392639,191.884738212037,0.8401338749099523,byzantine_agent,0.4225817590548435,0.012648809523809534,0.5935027386997892,0.5935027386997892,0.5935027386997892,0.5935027386997892
flocking_robust_active,9,0.6904208150355023,0.6904208150355023,1.0,0.6117126317750883,0.6117126317750883,1.0,0.0,0.0,0.0,0.0,0.0,1.0,,0.682528817460357,1.654404286514211,0.987797619047619,3.0505278148940476,3.68848808277492,4.0259672773530735,0.6338045479042982,1,3840,737280,0.7199999999999999,0.0,0.0,0.0,0.0,0,1.0,0.0,6.75,1.0,0.0,0.98125,0.975,1.25,1.5754447753727712,222.1426155055121,0.8367684159893543,byzantine_agent,0.345595713485789,0.037797619047619024,0.6117126317750883,0.6117126317750883,0.6117126317750883,0.6117126317750883
flocking_robust_active,10,0.5970527316942035,0.5970527316942035,1.0,0.5256885602418746,0.5256885602418746,1.0,0.0,0.0,0.0,0.0,0.0,1.0,,0.664731179940568,1.6432930890875823,0.9614583333333332,2.7741370910348415,3.738418222863745,4.065024354635315,0.5523390645500601,0,3840,737280,0.7199999999999999,0.0,0.0,0.0,0.0,0,1.0,0.0,6.84375,1.0,0.0,0.98125,0.975,1.15625,1.546338883835182,153.9339896829351,0.8559797499328852,byzantine_agent,0.3567069109124177,0.011458333333333237,0.5256885602418746,0.5256885602418746,0.5256885602418746,0.5256885602418746
flocking_robust_active,11,0.7268095569486392,0.7268095569486392,1.0,0.6133088029531399,0.6133088029531399,1.0,0.0,0.0,0.0,0.0,0.0,1.0,,0.7126400902456226,1.8307460282228623,0.9489583333333332,2.92864140726324,3.7219173308798283,3.992977522522979,0.6341410736368986,2,3840,737280,0.7199999999999999,0.0,0.0,0.0,0.0,0,1.0,0.0,6.85,1.0,0.0,0.975,0.975,1.15,1.5552309580095784,192.97458922702427,0.8315671249292791,byzantine_agent,0.16925397177713775,0.0010416666666667185,0.6133088029531399,0.6133088029531399,0.6133088029531399,0.6133088029531399
flocking_robust_active,12,0.6770234109179324,0.6770234109179324,1.0,0.5984848258876482,0.5984848258876482,1.0,0.0,0.0,0.0,0.0,0.0,1.0,,0.704178485471747,1.768454374021634,0.9678571428571429,2.9312137291209406,3.7240776288329513,4.075737020870432,0.6364367098051694,1,3840,737280,0.7199999999999999,0.0,0.0,0.0,0.0,0,1.0,0.0,6.925,1.0,0.0,0.975,0.975,1.075,1.5582400838468753,193.52003823967036,0.8660986251197755,byzantine_agent,0.23154562597836592,0.017857142857142905,0.5984848258876482,0.5984848258876482,0.5984848258876482,0.5984848258876482
flocking_robust_active,13,0.671089972424684,0.671089972424684,1.0,0.5999403617029637,0.5999403617029637,1.0,0.0,0.0,0.0,0.0,0.0,1.0,,0.6762774128189355,1.6816641140997093,0.9808035714285713,3.1206324317477603,3.7110016361585734,4.003091893406007,0.6435972126797739,1,3840,737280,0.7199999999999999,0.0,0.0,0.0,0.0,0,1.0,0.0,6.725,1.0,0.0,0.975,0.975,1.275,1.578802740108032,218.18182714099353,0.8388593329582363,byzantine_agent,0.3183358859002907,0.030803571428571375,0.5999403617029637,0.5999403617029637,0.5999403617029637,0.5999403617029637
flocking_robust_active,14,0.7440132714011167,0.7440132714011167,1.0,0.6651316100059322,0.6651316100059322,1.0,0.0,0.0,0.0,0.0,0.0,1.0,,0.7282291974783797,1.9674900089263894,0.9491071428571429,3.1211170966483914,3.7174052086354834,4.056721862367771,0.6193515218403042,0,3840,737280,0.7199999999999999,0.0,0.0,0.0,0.0,0,1.0,0.0,6.8375,1.0,0.0,1.01875,0.975,1.14375,1.563981857148356,198.98068943146114,0.8636117498390377,byzantine_agent,0.03250999107361063,0.0008928571428570287,0.6651316100059322,0.6651316100059322,0.6651316100059322,0.6651316100059322
flocking_robust_active,15,0.6114306066317746,0.6114306066317746,1.0,0.5416868830742606,0.5416868830742606,1.0,0.0,0.0,0.0,0.0,0.0,1.0,,0.6703999389950019,1.6655262371571204,0.9769345238095237,3.02971597447689,3.6949793414209333,4.205869152040431,0.6129598841637218,0,3840,737280,0.7199999999999999,0.0,0.0,0.0,0.0,0,1.0,0.0,6.875,1.0,0.0,0.975,0.975,1.125,1.5669174124308274,213.05051882423484,0.8958658329211175,byzantine_agent,0.33447376284287955,0.02693452380952377,0.5416868830742606,0.5416868830742606,0.5416868830742606,0.5416868830742606
flocking_robust_active,16,0.6997127284117255,0.6997127284117255,1.0,0.6206502363775803,0.6206502363775803,1.0,0.0,0.0,0.0,0.0,0.0,1.0,,0.7214530726511782,1.9043110629403917,0.9532738095238095,3.052489668545659,3.717060732167044,3.9932961008319694,0.6738416895738064,0,3840,737280,0.7199999999999999,0.0,0.0,0.0,0.0,0,1.0,0.0,6.73125,1.0,0.0,1.00625,0.975,1.25625,1.568597828198234,210.03289896441663,0.8208177080377936,byzantine_agent,0.09568893705960835,0.003273809523809512,0.6206502363775803,0.6206502363775803,0.6206502363775803,0.6206502363775803
flocking_robust_active,17,0.6660507847622132,0.6660507847622132,1.0,0.5701512068288654,0.5701512068288654,1.0,0.0,0.0,0.0,0.0,0.0,1.0,,0.6888766158861401,1.7527452606798435,0.9625892857142857,2.794523072122691,3.732979473530489,4.0790588014194205,0.6156366646933863,0,3840,737280,0.7199999999999999,0.0,0.0,0.0,0.0,0,1.0,0.0,6.8375,1.0,0.0,1.01875,0.975,1.14375,1.570227719506414,169.8231233670072,0.8579753329977393,byzantine_agent,0.2472547393201565,0.012589285714285747,0.5701512068288654,0.5701512068288654,0.5701512068288654,0.5701512068288654
flocking_robust_active,18,0.6941452434751113,0.6941452434751113,1.0,0.6149671954406938,0.6149671954406938,1.0,0.0,0.0,0.0,0.0,0.0,1.0,,0.6972913900198985,1.7823344930160545,0.965625,3.20771003843438,3.726575513720216,4.11647509777143,0.6194417781539954,0,3840,737280,0.7199999999999999,0.0,0.0,0.0,0.0,0,1.0,0.0,6.81875,1.0,0.0,0.98125,0.975,1.18125,1.560946547744247,183.42459883062716,0.868101250147447,byzantine_agent,0.2176655069839455,0.015625,0.6149671954406938,0.6149671954406938,0.6149671954406938,0.6149671954406938
flocking_robust_active,19,0.6709906374412851,0.6709906374412851,1.0,0.6025681555954604,0.6025681555954604,1.0,0.0,0.0,0.0,0.0,0.0,1.0,,0.7142421161374968,1.8728901326837697,0.9724107142857144,3.087633843856067,3.718292130106817,3.995958299513158,0.629638978919386,0,3840,737280,0.7199999999999999,0.0,0.0,0.0,0.0,0,1.0,0.0,6.79375,1.0,0.0,1.00625,0.975,1.19375,1.568990309672604,200.41335248480456,0.8362079579383135,byzantine_agent,0.1271098673162303,0.022410714285714395,0.6025681555954604,0.6025681555954604,0.6025681555954604,0.6025681555954604
flocking_robust_active,20,0.6159531666807913,0.6159531666807913,1.0,0.5380589501126801,0.5380589501126801,1.0,0.0,0.0,0.0,0.0,0.0,1.0,,0.6375052487013113,1.5414681096750227,0.9745535714285716,2.644422149220228,3.7376403088898664,4.079135250541778,0.5051119685361504,2,3840,737280,0.7199999999999999,0.0,0.0,0.0,0.0,0,1.0,0.0,6.81875,1.0,0.0,0.975,0.975,1.18125,1.5486640655543835,156.83391265954901,0.845689042005688,byzantine_agent,0.4585318903249773,0.02455357142857162,0.5380589501126801,0.5380589501126801,0.5380589501126801,0.5380589501126801
flocking_robust_active,21,0.6919389131341832,0.6919389131341832,1.0,0.6164600901964297,0.6164600901964297,1.0,0.0,0.0,0.0,0.0,0.0,1.0,,0.6857573232236033,1.7412110686950726,0.9698809523809524,2.7349006625383914,3.729026506609381,4.031910048224143,0.6018505698998671,0,3840,737280,0.7199999999999999,0.0,0.0,0.0,0.0,0,1.0,0.0,6.73125,1.0,0.0,1.01875,0.975,1.25625,1.5591077295459148,174.01094587725203,0.823957874905318,byzantine_agent,0.2587889313049274,0.019880952380952444,0.6164600901964297,0.6164600901964297,0.6164600901964297,0.6164600901964297
flocking_robust_active,22,0.6743227754334442,0.6743227754334442,1.0,0.6003004700138203,0.6003004700138203,1.0,0.0,0.0,0.0,0.0,0.0,1.0,,0.7217834897004722,1.8382513691288598,0.9660714285714285,2.963282528350806,3.703488427757157,3.9689280699445346,0.686374010861014,1,3840,737280,0.7199999999999999,0.0,0.0,0.0,0.0,0,1.0,0.0,6.76875,1.0,0.0,1.05625,0.975,1.19375,1.5717934159946294,232.32954693510843,0.803601291961968,byzantine_agent,0.16174863087114022,0.016071428571428514,0.6003004700138203,0.6003004700138203,0.6003004700138203,0.6003004700138203
flocking_robust_active,23,0.6397778533554548,0.6397778533554548,1.0,0.5682290997458341,0.5682290997458341,1.0,0.0,0.0,0.0,0.0,0.0,1.0,,0.6570283013699,1.5954370462861984,0.9699404761904763,2.9282297472970438,3.7292338400663154,4.054212551951445,0.6055119823715245,0,3840,737280,0.7199999999999999,0.0,0.0,0.0,0.0,0,1.0,0.0,6.875,1.0,0.0,0.975,0.975,1.125,1.5625099196684809,172.3540266264195,0.8356784998904914,byzantine_agent,0.4045629537138016,0.01994047619047634,0.5682290997458341,0.5682290997458341,0.5682290997458341,0.5682290997458341
flocking_robust_active,24,0.6505598432914761,0.6505598432914761,1.0,0.5823625657874607,0.5823625657874607,1.0,0.0,0.0,0.0,0.0,0.0,1.0,,0.6729524339681489,1.689511814855703,0.9712797619047621,2.7323999329409245,3.740240729918141,4.041577309932092,0.5657801214212916,2,3840,737280,0.7199999999999999,0.0,0.0,0.0,0.0,0,1.0,0.0,6.86875,1.0,0.0,0.98125,0.975,1.13125,1.5852953354522719,162.79052056642598,0.8490091250278056,byzantine_agent,0.3104881851442971,0.021279761904762107,0.5823625657874607,0.5823625657874607,0.5823625657874607,0.5823625657874607
flocking_robust_active,25,0.6847172564502998,0.6847172564502998,1.0,0.5952029242144947,0.5952029242144947,1.0,0.0,0.0,0.0,0.0,0.0,1.0,,0.7669476072535523,2.1277146430628333,0.9464285714285715,3.077277666098266,3.709821867522374,4.029099362281579,0.6250226451392145,3,3840,737280,0.7199999999999999,0.0,0.0,0.0,0.0,0,1.0,0.0,6.75625,1.0,0.0,1.05625,0.975,1.20625,1.5696019403013928,213.23786529949084,0.8431269580032676,byzantine_agent,0.1277146430628333,0.0035714285714284477,0.5952029242144947,0.5952029242144947,0.5952029242144947,0.5952029242144947
flocking_robust_active,26,0.7442510919051541,0.7442510919051541,1.0,0.6594434947408425,0.6594434947408425,1.0,0.0,0.0,0.0,0.0,0.0,1.0,,0.7408035319451486,1.9701443271174846,0.938154761904762,2.863200897530353,3.7107188145314907,4.038484335865195,0.6578998240858069,3,3840,737280,0.7199999999999999,0.0,0.0,0.0,0.0,0,1.0,0.0,6.80625,1.0,0.0,0.975,0.975,1.19375,1.5503173643360642,208.24469671778115,0.8359752919059247,byzantine_agent,0.02985567288251545,0.011845238095237964,0.6594434947408425,0.6594434947408425,0.6594434947408425,0.6594434947408425
flocking_robust_active,27,0.6507522971811279,0.6507522971811279,1.0,0.5567658237032775,0.5567658237032775,1.0,0.0,0.0,0.0,0.0,0.0,1.0,,0.6783300516626033,1.7031638588869655,0.9683035714285715,2.9666366723100306,3.7260775412232747,4.061522352362745,0.5822946808457946,6,3840,737280,0.7199999999999999,0.0,0.0,0.0,0.0,0,1.0,0.0,6.86875,1.0,0.0,0.975,0.975,1.13125,1.5468690423155702,180.432478962632,0.860807792050764,byzantine_agent,0.29683614111303447,0.01830357142857153,0.5567658237032775,0.5567658237032775,0.5567658237032775,0.5567658237032775
flocking_robust_active,28,0.6628605845850978,0.6628605845850978,1.0,0.5889495798762401,0.5889495798762401,1.0,0.0,0.0,0.0,0.0,0.0,1.0,,0.7055187086822666,1.845517622533641,0.95625,2.968943887022676,3.7240323753418636,3.9816578865141294,0.5881560632031106,0,3840,737280,0.7199999999999999,0.0,0.0,0.0,0.0,0,1.0,0.0,6.825,1.0,0.0,0.975,0.975,1.175,1.5432303996503869,200.7634859516906,0.83131645899266,byzantine_agent,0.15448237746635907,0.006250000000000089,0.5889495798762401,0.5889495798762401,0.5889495798762401,0.5889495798762401
flocking_robust_active,29,0.626381003994426,0.626381003994426,1.0,0.5548633298328017,0.5548633298328017,1.0,0.0,0.0,0.0,0.0,0.0,1.0,,0.655487987303313,1.5762455275816099,0.9864583333333332,3.2019629452026175,3.7225881434932644,4.02086076787732,0.6268292263828913,0,3840,737280,0.7199999999999999,0.0,0.0,0.0,0.0,0,1.0,0.0,6.825,1.0,0.0,0.975,0.975,1.175,1.5613797216527945,200.2244849549303,0.8410634170286357,byzantine_agent,0.42375447241839015,0.03645833333333326,0.5548633298328017,0.5548633298328017,0.5548633298328017,0.5548633298328017
flocking_robust_multiflock,0,2.550442465615179,0.562064313333513,0.42825892857142855,1.4621601079673179,1.4621601079673179,1.0,0.0,0.0,0.0,0.1870967741935484,0.18125,0.2833928571428571,160,2.5554620376032995,19.02898201114377,0.8145833333333332,2.3652647041748764,3.681094722019104,5.409748458906521,3.380857595957785,,3840,737280,0.7199999999999999,0.0,0.0,0.0,0.0,0,2.60625,0.96875,3.85625,0.5160714285714286,0.36830357142857145,0.0125,0.00625,0.38125,2.562637567529117,141.59006198107124,0.7615567499306053,multimodal_unequal,17.02898201114377,0.13541666666666674,1.4621601079673179,1.4621601079673179,1.4621601079673179,1.4621601079673179
flocking_robust_multiflock,1,1.9369351753729782,0.582753298057978,0.4201339285714285,1.0698086141341592,1.0698086141341592,1.0,0.0,0.0,0.0,0.09615384615384616,0.09375,0.3001116071428571,159,1.9455945461551798,11.203998026597414,0.8717708333333333,2.386482409666447,3.7026189921805304,5.387654459634457,3.3776521182693715,,3840,737280,0.7199999999999999,0.0,0.0,0.0,0.0,0,2.68125,0.975,3.8125,0.5073214285714286,0.3676785714285714,0.0,0.0,0.3375,2.57750847089724,131.39571744552924,0.7359449171926826,multimodal_unequal,9.203998026597414,0.07822916666666668,1.0698086141341592,1.0698086141341592,1.0698086141341592,1.0698086141341592
flocking_robust_multiflock,2,2.470155229359893,0.5211046968074539,0.41263392857142855,1.3485310308332408,1.3485310308332408,1.0,0.0,0.0,0.0,0.14012738853503184,0.1375,0.2790178571428571,160,2.4636256700276165,18.829404321996645,0.8578125,2.200927319369865,3.693095060745983,5.4170763395091,3.4714556067878464,,3840,737280,0.7199999999999999,0.0,0.0,0.0,0.0,0,2.7375,0.98125,3.78125,0.4962276785714286,0.37174107142857143,0.0,0.0,0.275,2.5701968893372595,170.9773934580954,0.7409082921221852,multimodal_unequal,16.829404321996645,0.09218749999999998,1.3485310308332408,1.3485310308332408,1.3485310308332408,1.3485310308332408
flocking_robust_multiflock,3,3.9896486257927144,0.5133108446894622,0.36982142857142863,2.794952696940874,2.794952696940874,1.0,0.0,0.0,0.0,0.3836477987421384,0.38125,0.25526785714285716,160,3.9888336596308083,46.97125549553648,0.5984375,2.016712020901267,3.6774327081779306,5.503627416231088,3.584268561265277,,3840,737280,0.7199999999999999,0.0,0.0,0.0,0.0,0,2.78125,0.99375,3.725,0.4854464285714285,0.37861607142857145,0.0,0.0,0.25625,2.577823299971607,150.26778159179904,0.737709749955684,multimodal_unequal,44.97125549553648,0.3515625,2.794952696940874,2.794952696940874,2.794952696940874,2.794952696940874
flocking_robust_multiflock,4,4.274954137721173,0.5820750915108626,0.4482142857142857,3.1305820113067204,3.1305820113067204,1.0,0.0,0.0,0.0,0.44654088050314467,0.44375,0.22924107142857145,160,4.279618934391797,53.358358990017926,0.54625,1.9068222131327004,3.6617811337937125,5.453537191933897,3.52696600754507,,3840,737280,0.7199999999999999,0.0,0.0,0.0,0.0,0,2.6125,0.99375,3.73125,0.4950892857142857,0.3916294642857143,0.00625,0.00625,0.40625,2.5485638074652175,159.06201223646312,0.745757166063413,multimodal_unequal,51.358358990017926,0.40374999999999994,3.1305820113067204,3.1305820113067204,3.1305820113067204,3.1305820113067204
flocking_robust_multiflock,5,3.965822924286384,0.5202119717999735,0.4221205357142857,2.7671521082116057,2.7671521082116057,1.0,0.0,0.0,0.0,0.39622641509433965,0.39375,0.26517857142857143,160,3.9596914391148292,49.845156134535536,0.6015625,2.1941730744129964,3.700523396537489,5.4645594696278845,3.4492386081350106,,3840,737280,0.7199999999999999,0.0,0.0,0.0,0.0,0,2.65625,0.99375,3.775,0.4982142857142858,0.37912946428571426,0.0,0.0,0.33125,2.5631462161518397,140.4336771675452,0.7362466249614954,multimodal_unequal,47.845156134535536,0.34843749999999996,2.7671521082116057,2.7671521082116057,2.7671521082116057,2.7671521082116057
flocking_robust_multiflock,6,1.2942132507918773,0.5074485201965436,0.3782142857142857,0.7501499470556027,0.7501499470556027,1.0,0.0,0.0,0.0,0.03896103896103896,0.0375,0.28939732142857144,159,1.3088586208958375,5.1645151101824585,0.946875,2.420452390276282,3.6844863460771804,5.415715363209506,3.5251836671576653,,3840,737280,0.7199999999999999,0.0,0.0,0.0,0.0,0,2.79375,0.9625,3.625,0.48227678571428567,0.3661607142857143,0.0,0.0,0.3125,2.5968928589816542,150.54029944477597,0.7226059578824788,multimodal_unequal,3.1645151101824585,0.0031249999999999334,0.7501499470556027,0.7501499470556027,0.7501499470556027,0.7501499470556027
flocking_robust_multiflock,7,1.0438379683337837,0.49856608915400813,0.4363392857142857,0.6195851750158624,0.6195851750158624,1.0,0.0,0.0,0.0,0.025157232704402517,0.025,0.23928571428571427,160,1.0493167555294756,3.64625009351023,0.9682291666666666,1.8562656066610248,3.6878617067740462,5.530853399597898,3.574551601800303,,3840,737280,0.7199999999999999,0.0,0.0,0.0,0.0,0,2.6625,0.99375,3.8625,0.5021875,0.3828571428571429,0.00625,0.00625,0.2625,2.6130499520080837,107.66447442638946,0.7737003748770803,multimodal_unequal,1.64625009351023,0.01822916666666663,0.6195851750158624,0.6195851750158624,0.6195851750158624,0.6195851750158624
flocking_robust_multiflock,8,3.7953225544957108,0.5793286365957334,0.42151785714285717,2.5436526398915347,2.5436526398915347,1.0,0.0,0.0,0.0,0.34177215189873417,0.3375,0.2830357142857143,160,3.800228463051538,43.15335151801071,0.6512499999999999,2.5386761503801774,3.68940171754362,5.4778912581073635,3.4968634043297984,,3840,737280,0.7199999999999999,0.0,0.0,0.0,0.0,0,2.64375,0.9875,3.8625,0.5112053571428572,0.37395089285714284,0.0,0.0,0.34375,2.5995547392712965,151.63680300420074,0.7518116249702871,multimodal_unequal,41.15335151801071,0.29875000000000007,2.5436526398915347,2.5436526398915347,2.5436526398915347,2.5436526398915347
flocking_robust_multiflock,9,1.187240658066207,0.6432483659861102,0.4510491071428572,0.7375711581711778,0.7375711581711778,1.0,0.0,0.0,0.0,0.02631578947368421,0.025,0.31272321428571426,117,1.1644013960969053,4.135705025450894,0.9281101190476191,2.605471380710219,3.672903485924138,5.46415786701106,3.415583079000677,,3840,737280,0.7199999999999999,0.0,0.0,0.0,0.0,0,2.54375,0.95,4.0875,0.5444866071428571,0.35629464285714285,0.0,0.0,0.3375,2.5942336553019616,150.2204288921722,0.7743827910162508,multimodal_unequal,2.1357050254508936,0.02188988095238087,0.7375711581711778,0.7375711581711778,0.7375711581711778,0.7375711581711778
flocking_robust_multiflock,10,1.0064065199733132,0.506518242450833,0.4589508928571428,0.6267845419508877,0.6267845419508877,1.0,0.0,0.0,0.0,0.02564102564102564,0.025,0.27477678571428565,160,1.0083055523507827,3.533296956117593,0.96875,2.3199803552619676,3.704321385404183,5.396053798510746,3.385488789024586,,3840,737280,0.7199999999999999,0.0,0.0,0.0,0.0,0,2.55,0.975,3.80625,0.5147321428571429,0.3743303571428571,0.0375,0.03125,0.45,2.580222375216572,120.13089595221466,0.7469131671823561,multimodal_unequal,1.533296956117593,0.018750000000000044,0.6267845419508877,0.6267845419508877,0.6267845419508877,0.6267845419508877
flocking_robust_multiflock,11,0.859900040324146,0.5250560655702466,0.4276339285714286,0.5905230648987944,0.5905230648987944,1.0,0.0,0.0,0.0,0.012738853503184714,0.0125,0.24386160714285712,160,0.8664654769475725,2.738731404405371,0.9875,2.05251166878381,3.688027624438844,5.416730742751858,3.450487942459646,,3840,737280,0.7199999999999999,0.0,0.0,0.0,0.0,0,2.6625,0.98125,3.74375,0.5009151785714285,0.3818973214285714,0.04375,0.025,0.40625,2.5580750929192724,169.37801269519,0.7354258329141885,multimodal_unequal,0.738731404405371,0.03750000000000009,0.5905230648987944,0.5905230648987944,0.5905230648987944,0.5905230648987944
flocking_robust_multiflock,12,3.5280353110298264,0.5659880168470776,0.42419642857142853,2.313070128477027,2.313070128477027,1.0,0.0,0.0,0.0,0.3037974683544304,0.3,0.2594866071428571,160,3.5331119931758743,37.21298749713121,0.683125,1.966489868351535,3.681195619377276,5.472782263456092,3.5033021686851966,,3840,737280,0.7199999999999999,0.0,0.0,0.0,0.0,0,2.725,0.9875,3.86875,0.5012276785714286,0.37611607142857145,0.0,0.0,0.2125,2.5575529367538046,162.3313720731588,0.7588204999919981,multimodal_unequal,35.21298749713121,0.266875,2.313070128477027,2.313070128477027,2.313070128477027,2.313070128477027
flocking_robust_multiflock,13,2.1172282177627237,0.539906201886324,0.4189955357142857,1.2049234799224275,1.2049234799224275,1.0,0.0,0.0,0.0,0.13836477987421383,0.1375,0.25580357142857146,160,2.1423392992360535,14.522764084321903,0.8633333333333333,2.062336254210247,3.6669638209345456,5.6274621686572806,3.595393186197488,,3840,737280,0.7199999999999999,0.0,0.0,0.0,0.0,0,2.64375,0.99375,3.95,0.5038392857142856,0.3758482142857143,0.0,0.0,0.125,2.604825245571501,178.95400482478124,0.7866726249922067,multimodal_unequal,12.522764084321903,0.08666666666666667,1.2049234799224275,1.2049234799224275,1.2049234799224275,1.2049234799224275
flocking_robust_multiflock,14,0.9907705181427925,0.5508463502442099,0.41165178571428573,0.6679492066193362,0.6679492066193362,1.0,0.0,0.0,0.0,0.019230769230769232,0.01875,0.29017857142857145,159,0.9887362226416023,3.3319445190661385,0.9707738095238095,2.1900169537637515,3.6880964386674577,5.5016870273970095,3.477532267523395,,3840,737280,0.7199999999999999,0.0,0.0,0.0,0.0,0,2.68125,0.975,3.925,0.5182142857142857,0.3645982142857143,0.0,0.0,0.2875,2.581543506458625,166.79453218708116,0.7581379590556026,multimodal_unequal,1.3319445190661385,0.020773809523809583,0.6679492066193362,0.6679492066193362,0.6679492066193362,0.6679492066193362
flocking_robust_multiflock,15,1.0952084288074697,0.48225772861662436,0.42796874999999995,0.6016535268542602,0.6016535268542602,1.0,0.0,0.0,0.0,0.01910828025477707,0.01875,0.27578125,158,1.1252055571057944,3.994845493407523,0.9704166666666666,1.838869143317515,3.667445218306085,5.622886770534502,3.625020108829335,,3840,737280,0.7199999999999999,0.0,0.0,0.0,0.0,0,2.7875,0.98125,3.8625,0.49609375,0.36796875,0.0,0.0,0.13125,2.5913429511489214,180.8934798130957,0.7741676250007004,multimodal_unequal,1.994845493407523,0.02041666666666664,0.6016535268542602,0.6016535268542602,0.6016535268542602,0.6016535268542602
flocking_robust_multiflock,16,3.0067580882408063,0.5361667478226538,0.42437500000000006,1.8315061829783417,1.8315061829783417,1.0,0.0,0.0,0.0,0.23076923076923078,0.225,0.2875,160,3.0123073593336605,27.87716085240344,0.7675,2.328041825773218,3.6817724122665503,5.534176124775025,3.4743641265224268,,3840,737280,0.7199999999999999,0.0,0.0,0.0,0.0,0,2.7125,0.975,3.94375,0.5157812500000001,0.36625,0.0,0.0,0.23125,2.572832574729318,163.5937202194786,0.7670817079488188,multimodal_unequal,25.87716085240344,0.1825,1.8315061829783417,1.8315061829783417,1.8315061829783417,1.8315061829783417
flocking_robust_multiflock,17,4.120301605745729,0.5759996967315586,0.40339285714285716,2.9016989992951494,2.9016989992951494,1.0,0.0,0.0,0.0,0.4050632911392405,0.4,0.2516741071428571,159,4.12180744387456,49.0692738919796,0.57125,2.065811137178687,3.6848369269016032,5.5392060690846066,3.57494064606814,,3840,737280,0.7199999999999999,0.0,0.0,0.0,0.0,0,2.73125,0.9875,3.7625,0.48861607142857144,0.37845982142857143,0.0,0.0,0.2375,2.591726985542985,107.71724145614193,0.759429374942556,multimodal_unequal,47.0692738919796,0.3787499999999999,2.9016989992951494,2.9016989992951494,2.9016989992951494,2.9016989992951494
flocking_robust_multiflock,18,2.2796136515320384,0.5336367048324836,0.4367857142857143,1.2174288363655745,1.2174288363655745,1.0,0.0,0.0,0.0,0.12179487179487179,0.11875,0.23794642857142856,160,2.2831560148859205,15.485322183460642,0.8720833333333333,2.1216787235468697,3.683076748492418,5.501732943298258,3.49739528053685,,3840,737280,0.7199999999999999,0.0,0.0,0.0,0.0,0,2.55,0.975,3.91875,0.5235044642857142,0.3819642857142857,0.0,0.0,0.425,2.577600250580293,150.023899073008,0.772829000139609,multimodal_unequal,13.485322183460642,0.07791666666666663,1.2174288363655745,1.2174288363655745,1.2174288363655745,1.2174288363655745
flocking_robust_multiflock,19,1.2518108837352975,0.5421586600294402,0.38962053571428573,0.7380980506291343,0.7380980506291343,1.0,0.0,0.0,0.0,0.03125,0.03125,0.24877232142857145,160,1.2558775293586717,4.997909402533486,0.94375,2.0351372224195523,3.6799727269403517,5.520191221226538,3.5903627299038474,,3840,737280,0.7199999999999999,0.0,0.0,0.0,0.0,0,2.8,1.0,3.6625,0.47821428571428565,0.3819419642857143,0.0,0.0,0.275,2.5907775578320447,139.01626452188438,0.7343976250849664,multimodal_unequal,2.9979094025334856,0.006249999999999978,0.7380980506291343,0.7380980506291343,0.7380980506291343,0.7380980506291343
flocking_robust_multiflock,20,4.082933941735073,0.5335919709742236,0.44100446428571427,2.8387064227653385,2.8387064227653385,1.0,0.0,0.0,0.0,0.3924050632911392,0.3875,0.24107142857142855,159,4.081145879581234,53.3188601810222,0.5880208333333334,1.9795548100673135,3.689580471721353,5.562100092256166,3.5379797686449534,,3840,737280,0.7199999999999999,0.0,0.0,0.0,0.0,0,2.6,0.9875,3.83125,0.5041294642857143,0.38571428571428573,0.04375,0.04375,0.34375,2.5791270915712774,125.62137158628335,0.7623265001457185,multimodal_unequal,51.3188601810222,0.3619791666666665,2.8387064227653385,2.8387064227653385,2.8387064227653385,2.8387064227653385
flocking_robust_multiflock,21,0.6981710382800123,0.5668358408136978,0.38966517857142857,0.6165328976283411,0.6165328976283411,1.0,0.0,0.0,0.0,0.0,0.0,0.2524553571428571,159,0.6885710228116524,1.7229086360497867,0.9804166666666667,1.9559080174312005,3.684649212424951,5.4946037109377475,3.5041192139874555,,3840,737280,0.7199999999999999,0.0,0.0,0.0,0.0,0,2.7125,0.99375,3.81875,0.4982589285714285,0.3822098214285714,0.0,0.0,0.2875,2.5631093679776895,122.26604510203825,0.752538583939895,multimodal_unequal,0.2770913639502133,0.03041666666666676,0.6165328976283411,0.6165328976283411,0.6165328976283411,0.6165328976283411
flocking_robust_multiflock,22,1.0247650501506294,0.5705536427434758,0.4308928571428572,0.6517380151638402,0.6517380151638402,1.0,0.0,0.0,0.0,0.012578616352201259,0.0125,0.2603794642857143,159,1.026261452350247,3.421022201761093,0.9732291666666667,1.9925458932134021,3.665414335113475,5.543512785391824,3.59396658051822,,3840,737280,0.7199999999999999,0.0,0.0,0.0,0.0,0,2.75,0.99375,3.85625,0.49573660714285717,0.37613839285714284,0.0,0.0,0.175,2.5718225676002247,168.06123847303635,0.7717671249993145,multimodal_unequal,1.421022201761093,0.023229166666666745,0.6517380151638402,0.6517380151638402,0.6517380151638402,0.6517380151638402
flocking_robust_multiflock,23,3.2210928446420577,0.5908142303980936,0.42374999999999996,2.0014609485743353,2.0014609485743353,1.0,0.0,0.0,0.0,0.24528301886792453,0.24375,0.26484375,160,3.2234412842024924,33.38375102610756,0.7296875,2.116750980707871,3.6901738692823614,5.564348681693128,3.524428643519093,,3840,737280,0.7199999999999999,0.0,0.0,0.0,0.0,0,2.6625,0.99375,4.0375,0.51796875,0.3734375,0.0,0.0,0.15625,2.5651347122305768,144.20764601951288,0.7765542918350548,multimodal_unequal,31.38375102610756,0.2203124999999999,2.0014609485743353,2.0014609485743353,2.0014609485743353,2.0014609485743353
flocking_robust_multiflock,24,0.6325531056022531,0.5066057013261916,0.39116071428571425,0.556299289372641,0.556299289372641,1.0,0.0,0.0,0.0,0.006369426751592357,0.00625,0.2629464285714286,160,0.6286215333788727,1.4838815110797012,0.9854166666666666,2.218783164751927,3.7053102536691576,5.300738056631394,3.3253906572236063,,3840,737280,0.7199999999999999,0.0,0.0,0.0,0.0,0,2.66875,0.98125,3.6,0.4895982142857143,0.38227678571428575,0.0,0.0,0.49375,2.5668058410097685,114.16083383067844,0.7100501670502126,multimodal_unequal,0.5161184889202988,0.03541666666666665,0.556299289372641,0.556299289372641,0.556299289372641,0.556299289372641
flocking_robust_multiflock,25,2.123570416124939,0.6134702536089067,0.4130803571428571,1.207737549900458,1.207737549900458,1.0,0.0,0.0,0.0,0.11392405063291139,0.1125,0.2712053571428571,159,2.114026984200066,13.401553306286157,0.853482142857143,2.2843796107928354,3.6757416694546885,5.552249198460503,3.5831394005867403,,3840,737280,0.7199999999999999,0.0,0.0,0.0,0.0,0,2.7,0.9875,3.925,0.5080803571428572,0.37473214285714285,0.0,0.0,0.21875,2.5860789059261946,168.15628095646184,0.7666705418378115,multimodal_unequal,11.401553306286157,0.09651785714285699,1.207737549900458,1.207737549900458,1.207737549900458,1.207737549900458
flocking_robust_multiflock,26,3.1047786601898,0.5798647774698034,0.39107142857142857,1.8632997057316332,1.8632997057316332,1.0,0.0,0.0,0.0,0.22641509433962265,0.225,0.24017857142857144,159,3.098741948337183,29.502075332463676,0.7380208333333333,1.7234164948542952,3.676260857277826,5.491459949379158,3.570787141973702,,3840,737280,0.7199999999999999,0.0,0.0,0.0,0.0,0,2.81875,0.99375,3.59375,0.46419642857142857,0.3833482142857143,0.0,0.0,0.21875,2.536016037729601,189.51313952811785,0.7264255839399993,multimodal_unequal,27.502075332463676,0.2119791666666666,1.8632997057316332,1.8632997057316332,1.8632997057316332,1.8632997057316332
flocking_robust_multiflock,27,0.9079130864733288,0.5316094023124545,0.39901785714285715,0.6392892214444756,0.6392892214444756,1.0,0.0,0.0,0.0,0.02531645569620253,0.025,0.26272321428571427,160,0.8989500671190445,2.7038740793639633,0.9734375,2.121069324411458,3.696564575398908,5.348647187395654,3.4649908684776336,,3840,737280,0.7199999999999999,0.0,0.0,0.0,0.0,0,2.71875,0.9875,3.6625,0.4882366071428571,0.37973214285714285,0.0,0.0,0.3875,2.5765966613385043,144.74191937477795,0.7148314169608057,multimodal_unequal,0.7038740793639633,0.0234375,0.6392892214444756,0.6392892214444756,0.6392892214444756,0.6392892214444756
flocking_robust_multiflock,28,3.418406716848308,0.5454398632537067,0.4205580357142857,2.21581819410064,2.21581819410064,1.0,0.0,0.0,0.0,0.29936305732484075,0.29375,0.24955357142857143,160,3.41753886662869,36.69790050807431,0.68125,2.0585376894227325,3.6821259737762277,5.512059370019318,3.519870144105583,,3840,737280,0.7199999999999999,0.0,0.0,0.0,0.0,0,2.65625,0.98125,3.94375,0.5125892857142857,0.3756919642857143,0.00625,0.00625,0.23125,2.5741410340404145,147.39200118662987,0.7603098328690976,multimodal_unequal,34.69790050807431,0.26874999999999993,2.21581819410064,2.21581819410064,2.21581819410064,2.21581819410064
flocking_robust_multiflock,29,0.6023852899819883,0.5391172912451206,0.4150669642857142,0.5345470922707624,0.5345470922707624,1.0,0.0,0.0,0.0,0.0,0.0,0.23392857142857143,160,0.6193139880304025,1.4398428724281909,0.971875,1.8040151235825603,3.6659139975741666,5.63224143244313,3.637961768060669,,3840,737280,0.7199999999999999,0.0,0.0,0.0,0.0,0,2.7,0.99375,3.8625,0.49575892857142856,0.3830357142857143,0.0,0.0,0.1875,2.6108705755380646,164.5882860263876,0.7670454171020538,multimodal_unequal,0.5601571275718091,0.02187500000000009,0.5345470922707624,0.5345470922707624,0.5345470922707624,0.5345470922707624
flocking_robust_temporal,0,0.661402715316925,0.562064313333513,0.42825892857142855,0.5781186906178781,0.5781186906178781,1.0,0.0,0.0,0.0,0.01935483870967742,0.01875,0.2833928571428571,160,0.6698932496016073,1.6210157258485935,0.9703125,2.3652647041748764,3.681094722019104,5.409748458906521,3.380857595957785,,3840,737280,0.7199999999999999,0.0,0.0,0.0,0.0,0,2.60625,0.96875,3.85625,0.5160714285714286,0.36830357142857145,0.0125,0.00625,0.38125,2.562637567529117,141.59006198107124,0.7586615830659866,multimodal_unequal,0.37898427415140645,0.020312500000000067,0.5781186906178781,0.5781186906178781,0.5781186906178781,0.5781186906178781
flocking_robust_temporal,1,0.6801871065794511,0.582753298057978,0.4201339285714285,0.5975045177380043,0.5975045177380043,1.0,0.0,0.0,0.0,0.01282051282051282,0.0125,0.3001116071428571,159,0.683004054463305,1.672549604086727,0.9613541666666666,2.386482409666447,3.7026189921805304,5.387654459634457,3.3776521182693715,,3840,737280,0.7199999999999999,0.0,0.0,0.0,0.0,0,2.68125,0.975,3.8125,0.5073214285714286,0.3676785714285714,0.0,0.0,0.3375,2.57750847089724,131.39571744552924,0.7432602909393609,multimodal_unequal,0.3274503959132731,0.011354166666666665,0.5975045177380043,0.5975045177380043,0.5975045177380043,0.5975045177380043
flocking_robust_temporal,2,0.6971755840543894,0.5211046968074539,0.41263392857142855,0.6095578781497395,0.6095578781497395,1.0,0.0,0.0,0.0,0.03184713375796178,0.03125,0.2790178571428571,160,0.7125304840367299,1.756453609791825,0.96875,2.200927319369865,3.693095060745983,5.4170763395091,3.4714556067878464,,3840,737280,0.7199999999999999,0.0,0.0,0.0,0.0,0,2.7375,0.98125,3.78125,0.4962276785714286,0.37174107142857143,0.0,0.0,0.275,2.5701968893372595,170.9773934580954,0.7427995409816504,multimodal_unequal,0.24354639020817492,0.018750000000000044,0.6095578781497395,0.6095578781497395,0.6095578781497395,0.6095578781497395
flocking_robust_temporal,3,0.6386934542360111,0.5133108446894622,0.36982142857142863,0.550026529393922,0.550026529393922,1.0,0.0,0.0,0.0,0.018867924528301886,0.01875,0.25526785714285716,160,0.6573328728261126,1.5371310825965139,0.9630208333333332,2.016712020901267,3.6774327081779306,5.503627416231088,3.584268561265277,,3840,737280,0.7199999999999999,0.0,0.0,0.0,0.0,0,2.78125,0.99375,3.725,0.4854464285714285,0.37861607142857145,0.0,0.0,0.25625,2.577823299971607,150.26778159179904,0.7414693341124803,multimodal_unequal,0.4628689174034861,0.01302083333333326,0.550026529393922,0.550026529393922,0.550026529393922,0.550026529393922
flocking_robust_temporal,4,0.7485977975477194,0.5820750915108626,0.4482142857142857,0.6733852298555858,0.6733852298555858,1.0,0.0,0.0,0.0,0.018867924528301886,0.01875,0.22924107142857145,160,0.7502402041409173,2.0328496329591372,0.9629166666666666,1.9068222131327004,3.6617811337937125,5.453537191933897,3.52696600754507,,3840,737280,0.7199999999999999,0.0,0.0,0.0,0.0,0,2.6125,0.99375,3.73125,0.4950892857142857,0.3916294642857143,0.00625,0.00625,0.40625,2.5485638074652175,159.06201223646312,0.7533150420058519,multimodal_unequal,0.03284963295913723,0.012916666666666687,0.6733852298555858,0.6733852298555858,0.6733852298555858,0.6733852298555858
flocking_robust_temporal,5,0.6001524663108956,0.5202119717999735,0.4221205357142857,0.5364268333710427,0.5364268333710427,1.0,0.0,0.0,0.0,0.0,0.0,0.26517857142857143,160,0.6070424571211487,1.3895927233216974,0.9848958333333332,2.1941730744129964,3.700523396537489,5.4645594696278845,3.4492386081350106,,3840,737280,0.7199999999999999,0.0,0.0,0.0,0.0,0,2.65625,0.99375,3.775,0.4982142857142858,0.37912946428571426,0.0,0.0,0.33125,2.5631462161518397,140.4336771675452,0.7456922500859946,multimodal_unequal,0.6104072766783026,0.03489583333333324,0.5364268333710427,0.5364268333710427,0.5364268333710427,0.5364268333710427
flocking_robust_temporal,6,0.6735098368974635,0.5074485201965436,0.3782142857142857,0.5943358575416239,0.5943358575416239,1.0,0.0,0.0,0.0,0.01948051948051948,0.01875,0.28939732142857144,159,0.7043882621757669,1.6990772316466107,0.975,2.420452390276282,3.6844863460771804,5.415715363209506,3.5251836671576653,,3840,737280,0.7199999999999999,0.0,0.0,0.0,0.0,0,2.79375,0.9625,3.625,0.48227678571428567,0.3661607142857143,0.0,0.0,0.3125,2.5968928589816542,150.54029944477597,0.7134177500847727,multimodal_unequal,0.30092276835338927,0.025000000000000022,0.5943358575416239,0.5943358575416239,0.5943358575416239,0.5943358575416239
flocking_robust_temporal,7,0.6141525897719252,0.49856608915400813,0.4363392857142857,0.5580403138779927,0.5580403138779927,1.0,0.0,0.0,0.0,0.0,0.0,0.23928571428571427,160,0.6184640008999078,1.430234336238427,0.9979166666666666,1.8562656066610248,3.6878617067740462,5.530853399597898,3.574551601800303,,3840,737280,0.7199999999999999,0.0,0.0,0.0,0.0,0,2.6625,0.99375,3.8625,0.5021875,0.3828571428571429,0.00625,0.00625,0.2625,2.6130499520080837,107.66447442638946,0.768696750048548,multimodal_unequal,0.5697656637615729,0.04791666666666661,0.5580403138779927,0.5580403138779927,0.5580403138779927,0.5580403138779927
flocking_robust_temporal,8,0.6804916568054236,0.5793286365957334,0.42151785714285717,0.5940310365120285,0.5940310365120285,1.0,0.0,0.0,0.0,0.006329113924050633,0.00625,0.2830357142857143,160,0.6902201792308995,1.7829942096643592,0.97625,2.5386761503801774,3.68940171754362,5.4778912581073635,3.4968634043297984,,3840,737280,0.7199999999999999,0.0,0.0,0.0,0.0,0,2.64375,0.9875,3.8625,0.5112053571428572,0.37395089285714284,0.0,0.0,0.34375,2.5995547392712965,151.63680300420074,0.7586155000608414,multimodal_unequal,0.21700579033564082,0.026249999999999996,0.5940310365120285,0.5940310365120285,0.5940310365120285,0.5940310365120285
flocking_robust_temporal,9,0.7091850169549925,0.6432483659861102,0.4510491071428572,0.6108688186738337,0.6108688186738337,1.0,0.0,0.0,0.0,0.006578947368421052,0.00625,0.31272321428571426,117,0.7148909812738011,1.7958255698020058,0.9447767857142857,2.605471380710219,3.672903485924138,5.46415786701106,3.415583079000677,,3840,737280,0.7199999999999999,0.0,0.0,0.0,0.0,0,2.54375,0.95,4.0875,0.5444866071428571,0.35629464285714285,0.0,0.0,0.3375,2.5942336553019616,150.2204288921722,0.7749964168760926,multimodal_unequal,0.2041744301979942,0.005223214285714262,0.6108688186738337,0.6108688186738337,0.6108688186738337,0.6108688186738337
flocking_robust_temporal,10,0.5912411344144234,0.506518242450833,0.4589508928571428,0.5271427512969004,0.5271427512969004,1.0,0.0,0.0,0.0,0.01282051282051282,0.0125,0.27477678571428565,160,0.5964087575743716,1.34572769139348,0.975,2.3199803552619676,3.704321385404183,5.396053798510746,3.385488789024586,,3840,737280,0.7199999999999999,0.0,0.0,0.0,0.0,0,2.55,0.975,3.80625,0.5147321428571429,0.3743303571428571,0.0375,0.03125,0.45,2.580222375216572,120.13089595221466,0.7560300421901047,multimodal_unequal,0.6542723086065201,0.025000000000000022,0.5271427512969004,0.5271427512969004,0.5271427512969004,0.5271427512969004
flocking_robust_temporal,11,0.6638783551702218,0.5250560655702466,0.4276339285714286,0.5917723121559197,0.5917723121559197,1.0,0.0,0.0,0.0,0.03821656050955414,0.0375,0.24386160714285712,160,0.6743556096891885,1.6682967615811122,0.96875,2.05251166878381,3.688027624438844,5.416730742751858,3.450487942459646,,3840,737280,0.7199999999999999,0.0,0.0,0.0,0.0,0,2.6625,0.98125,3.74375,0.5009151785714285,0.3818973214285714,0.04375,0.025,0.40625,2.5580750929192724,169.37801269519,0.7330400419887155,multimodal_unequal,0.3317032384188878,0.018750000000000044,0.5917723121559197,0.5917723121559197,0.5917723121559197,0.5917723121559197
flocking_robust_temporal,12,0.7173280491556318,0.5659880168470776,0.42419642857142853,0.6471721557552023,0.6471721557552023,1.0,0.0,0.0,0.0,0.006329113924050633,0.00625,0.2594866071428571,160,0.7136419738685674,1.8515467469171192,0.9596875,1.966489868351535,3.681195619377276,5.472782263456092,3.5033021686851966,,3840,737280,0.7199999999999999,0.0,0.0,0.0,0.0,0,2.725,0.9875,3.86875,0.5012276785714286,0.37611607142857145,0.0,0.0,0.2125,2.5575529367538046,162.3313720731588,0.7664024159312248,multimodal_unequal,0.14845325308288082,0.009687500000000071,0.6471721557552023,0.6471721557552023,0.6471721557552023,0.6471721557552023
flocking_robust_temporal,13,0.6353173755393342,0.539906201886324,0.4189955357142857,0.5708197782092894,0.5708197782092894,1.0,0.0,0.0,0.0,0.006289308176100629,0.00625,0.25580357142857146,160,0.641743876966829,1.5088791428581272,0.9925,2.062336254210247,3.6669638209345456,5.6274621686572806,3.595393186197488,,3840,737280,0.7199999999999999,0.0,0.0,0.0,0.0,0,2.64375,0.99375,3.95,0.5038392857142856,0.3758482142857143,0.0,0.0,0.125,2.604825245571501,178.95400482478124,0.7947680000215769,multimodal_unequal,0.4911208571418728,0.04250000000000009,0.5708197782092894,0.5708197782092894,0.5708197782092894,0.5708197782092894
flocking_robust_temporal,14,0.6838321665449636,0.5508463502442099,0.41165178571428573,0.6004478382187022,0.6004478382187022,1.0,0.0,0.0,0.0,0.01282051282051282,0.0125,0.29017857142857145,159,0.6786899516061898,1.6586627220310888,0.9791071428571427,2.1900169537637515,3.6880964386674577,5.5016870273970095,3.477532267523395,,3840,737280,0.7199999999999999,0.0,0.0,0.0,0.0,0,2.68125,0.975,3.925,0.5182142857142857,0.3645982142857143,0.0,0.0,0.2875,2.581543506458625,166.79453218708116,0.7550417499151081,multimodal_unequal,0.3413372779689112,0.029107142857142776,0.6004478382187022,0.6004478382187022,0.6004478382187022,0.6004478382187022
flocking_robust_temporal,15,0.6415734836148725,0.48225772861662436,0.42796874999999995,0.5724701549855586,0.5724701549855586,1.0,0.0,0.0,0.0,0.006369426751592357,0.00625,0.27578125,158,0.6840028565933967,1.6529921739088735,0.9860416666666666,1.838869143317515,3.667445218306085,5.622886770534502,3.625020108829335,,3840,737280,0.7199999999999999,0.0,0.0,0.0,0.0,0,2.7875,0.98125,3.8625,0.49609375,0.36796875,0.0,0.0,0.13125,2.5913429511489214,180.8934798130957,0.7683844999410212,multimodal_unequal,0.34700782609112646,0.03604166666666664,0.5724701549855586,0.5724701549855586,0.5724701549855586,0.5724701549855586
flocking_robust_temporal,16,0.6882573713917605,0.5361667478226538,0.42437500000000006,0.6092260146145072,0.6092260146145072,1.0,0.0,0.0,0.0,0.01282051282051282,0.0125,0.2875,160,0.6985413998387975,1.7935940108380102,0.9763541666666666,2.328041825773218,3.6817724122665503,5.534176124775025,3.4743641265224268,,3840,737280,0.7199999999999999,0.0,0.0,0.0,0.0,0,2.7125,0.975,3.94375,0.5157812500000001,0.36625,0.0,0.0,0.23125,2.572832574729318,163.5937202194786,0.764074708102271,multimodal_unequal,0.20640598916198982,0.02635416666666668,0.6092260146145072,0.6092260146145072,0.6092260146145072,0.6092260146145072
flocking_robust_temporal,17,0.657873300914928,0.5759996967315586,0.40339285714285716,0.5660324857379055,0.5660324857379055,1.0,0.0,0.0,0.0,0.0,0.0,0.2516741071428571,159,0.6627447645562778,1.6028983647822048,0.9634375000000001,2.065811137178687,3.6848369269016032,5.5392060690846066,3.57494064606814,,3840,737280,0.7199999999999999,0.0,0.0,0.0,0.0,0,2.73125,0.9875,3.7625,0.48861607142857144,0.37845982142857143,0.0,0.0,0.2375,2.591726985542985,107.71724145614193,0.7643881659023464,multimodal_unequal,0.3971016352177952,0.013437500000000102,0.5660324857379055,0.5660324857379055,0.5660324857379055,0.5660324857379055
flocking_robust_temporal,18,0.6214281103934408,0.5336367048324836,0.4367857142857143,0.5442763932061411,0.5442763932061411,1.0,0.0,0.0,0.0,0.01282051282051282,0.0125,0.23794642857142856,160,0.6355872616979692,1.446239373388832,0.9903124999999999,2.1216787235468697,3.683076748492418,5.501732943298258,3.49739528053685,,3840,737280,0.7199999999999999,0.0,0.0,0.0,0.0,0,2.55,0.975,3.91875,0.5235044642857142,0.3819642857142857,0.0,0.0,0.425,2.577600250580293,150.023899073008,0.7735569581855088,multimodal_unequal,0.5537606266111681,0.04031249999999997,0.5442763932061411,0.5442763932061411,0.5442763932061411,0.5442763932061411
flocking_robust_temporal,19,0.6457470094318174,0.5421586600294402,0.38962053571428573,0.5752831765592787,0.5752831765592787,1.0,0.0,0.0,0.0,0.0125,0.0125,0.24877232142857145,160,0.6588624025426678,1.5765046588426028,0.9875,2.0351372224195523,3.6799727269403517,5.520191221226538,3.5903627299038474,,3840,737280,0.7199999999999999,0.0,0.0,0.0,0.0,0,2.8,1.0,3.6625,0.47821428571428565,0.3819419642857143,0.0,0.0,0.275,2.5907775578320447,139.01626452188438,0.7506703331600875,multimodal_unequal,0.4234953411573972,0.03750000000000009,0.5752831765592787,0.5752831765592787,0.5752831765592787,0.5752831765592787
flocking_robust_temporal,20,0.6286172943038301,0.5335919709742236,0.44100446428571427,0.5493579873531116,0.5493579873531116,1.0,0.0,0.0,0.0,0.012658227848101266,0.0125,0.24107142857142855,159,0.6544369226995107,1.568988968497114,0.9645833333333333,1.9795548100673135,3.689580471721353,5.562100092256166,3.5379797686449534,,3840,737280,0.7199999999999999,0.0,0.0,0.0,0.0,0,2.6,0.9875,3.83125,0.5041294642857143,0.38571428571428573,0.04375,0.04375,0.34375,2.5791270915712774,125.62137158628335,0.7690878750290722,multimodal_unequal,0.4310110315028861,0.014583333333333393,0.5493579873531116,0.5493579873531116,0.5493579873531116,0.5493579873531116
flocking_robust_temporal,21,0.7162643716154456,0.5668358408136978,0.38966517857142857,0.6258274181254604,0.6258274181254604,1.0,0.0,0.0,0.0,0.006289308176100629,0.00625,0.2524553571428571,159,0.7050599400184342,1.7728420851284745,0.9632291666666667,1.9559080174312005,3.684649212424951,5.4946037109377475,3.5041192139874555,,3840,737280,0.7199999999999999,0.0,0.0,0.0,0.0,0,2.7125,0.99375,3.81875,0.4982589285714285,0.3822098214285714,0.0,0.0,0.2875,2.5631093679776895,122.26604510203825,0.7506942499894649,multimodal_unequal,0.22715791487152548,0.013229166666666736,0.6258274181254604,0.6258274181254604,0.6258274181254604,0.6258274181254604
flocking_robust_temporal,22,0.6882446760770964,0.5705536427434758,0.4308928571428572,0.6058396372339704,0.6058396372339704,1.0,0.0,0.0,0.0,0.018867924528301886,0.01875,0.2603794642857143,159,0.702450768732192,1.7552881937141822,0.9581250000000001,1.9925458932134021,3.665414335113475,5.543512785391824,3.59396658051822,,3840,737280,0.7199999999999999,0.0,0.0,0.0,0.0,0,2.75,0.99375,3.85625,0.49573660714285717,0.37613839285714284,0.0,0.0,0.175,2.5718225676002247,168.06123847303635,0.7755095830652863,multimodal_unequal,0.2447118062858178,0.00812500000000016,0.6058396372339704,0.6058396372339704,0.6058396372339704,0.6058396372339704
flocking_robust_temporal,23,0.7077563926484876,0.5908142303980936,0.42374999999999996,0.6185196205895197,0.6185196205895197,1.0,0.0,0.0,0.0,0.018867924528301886,0.01875,0.26484375,160,0.7073453650169055,1.8719449856846313,0.9614583333333332,2.116750980707871,3.6901738692823614,5.564348681693128,3.524428643519093,,3840,737280,0.7199999999999999,0.0,0.0,0.0,0.0,0,2.6625,0.99375,4.0375,0.51796875,0.3734375,0.0,0.0,0.15625,2.5651347122305768,144.20764601951288,0.7833735002204776,multimodal_unequal,0.1280550143153687,0.011458333333333237,0.6185196205895197,0.6185196205895197,0.6185196205895197,0.6185196205895197
flocking_robust_temporal,24,0.5943500287979196,0.5066057013261916,0.39116071428571425,0.5212472961421832,0.5212472961421832,1.0,0.0,0.0,0.0,0.006369426751592357,0.00625,0.2629464285714286,160,0.5958349600697546,1.3201646136227436,0.9895833333333333,2.218783164751927,3.7053102536691576,5.300738056631394,3.3253906572236063,,3840,737280,0.7199999999999999,0.0,0.0,0.0,0.0,0,2.66875,0.98125,3.6,0.4895982142857143,0.38227678571428575,0.0,0.0,0.49375,2.5668058410097685,114.16083383067844,0.7101629169192165,multimodal_unequal,0.6798353863772564,0.039583333333333304,0.5212472961421832,0.5212472961421832,0.5212472961421832,0.5212472961421832
flocking_robust_temporal,25,0.7224701706472269,0.6134702536089067,0.4130803571428571,0.63663387989419,0.63663387989419,1.0,0.0,0.0,0.0,0.02531645569620253,0.025,0.2712053571428571,159,0.7381839463806905,1.9769260332348786,0.955044642857143,2.2843796107928354,3.6757416694546885,5.552249198460503,3.5831394005867403,,3840,737280,0.7199999999999999,0.0,0.0,0.0,0.0,0,2.7,0.9875,3.925,0.5080803571428572,0.37473214285714285,0.0,0.0,0.21875,2.5860789059261946,168.15628095646184,0.7703533750027418,multimodal_unequal,0.023073966765121412,0.005044642857143011,0.63663387989419,0.63663387989419,0.63663387989419,0.63663387989419
flocking_robust_temporal,26,0.7366963752540111,0.5798647774698034,0.39107142857142857,0.6137967110148479,0.6137967110148479,1.0,0.0,0.0,0.0,0.018867924528301886,0.01875,0.24017857142857144,159,0.7386782255244235,1.7560463067795111,0.9286458333333332,1.7234164948542952,3.676260857277826,5.491459949379158,3.570787141973702,,3840,737280,0.7199999999999999,0.0,0.0,0.0,0.0,0,2.81875,0.99375,3.59375,0.46419642857142857,0.3833482142857143,0.0,0.0,0.21875,2.536016037729601,189.51313952811785,0.7365583749487996,multimodal_unequal,0.24395369322048888,0.021354166666666785,0.6137967110148479,0.6137967110148479,0.6137967110148479,0.6137967110148479
flocking_robust_temporal,27,0.6487211555329002,0.5316094023124545,0.39901785714285715,0.5782847333174266,0.5782847333174266,1.0,0.0,0.0,0.0,0.0189873417721519,0.01875,0.26272321428571427,160,0.63937968505434,1.5170327626115365,0.99375,2.121069324411458,3.696564575398908,5.348647187395654,3.4649908684776336,,3840,737280,0.7199999999999999,0.0,0.0,0.0,0.0,0,2.71875,0.9875,3.6625,0.4882366071428571,0.37973214285714285,0.0,0.0,0.3875,2.5765966613385043,144.74191937477795,0.7183415000326931,multimodal_unequal,0.4829672373884635,0.04375000000000007,0.5782847333174266,0.5782847333174266,0.5782847333174266,0.5782847333174266
flocking_robust_temporal,28,0.7196258287094757,0.5454398632537067,0.4205580357142857,0.610683877184205,0.610683877184205,1.0,0.0,0.0,0.0,0.025477707006369428,0.025,0.24955357142857143,160,0.7263959212271082,1.981863205351664,0.940625,2.0585376894227325,3.6821259737762277,5.512059370019318,3.519870144105583,,3840,737280,0.7199999999999999,0.0,0.0,0.0,0.0,0,2.65625,0.98125,3.94375,0.5125892857142857,0.3756919642857143,0.00625,0.00625,0.23125,2.5741410340404145,147.39200118662987,0.764071999816224,multimodal_unequal,0.018136794648335952,0.009374999999999911,0.610683877184205,0.610683877184205,0.610683877184205,0.610683877184205
flocking_robust_temporal,29,0.681729317422443,0.5391172912451206,0.4150669642857142,0.6087293629397722,0.6087293629397722,1.0,0.0,0.0,0.0,0.025157232704402517,0.025,0.23392857142857143,160,0.6872344320350909,1.7227629083893583,0.959375,1.8040151235825603,3.6659139975741666,5.63224143244313,3.637961768060669,,3840,737280,0.7199999999999999,0.0,0.0,0.0,0.0,0,2.7,0.99375,3.8625,0.49575892857142856,0.3830357142857143,0.0,0.0,0.1875,2.6108705755380646,164.5882860263876,0.7759861249942333,multimodal_unequal,0.2772370916106417,0.009375000000000022,0.6087293629397722,0.6087293629397722,0.6087293629397722,0.6087293629397722
flocking_robust_mixture,0,2.4302670270508693,0.562064313333513,0.42825892857142855,2.3416544417272265,2.3416544417272265,0.0,1.0,0.0,0.0,0.0,0.0,0.2833928571428571,160,0.5823810415349472,1.210578581534838,0.984375,2.3652647041748764,3.681094722019104,5.409748458906521,3.380857595957785,,3840,737280,0.7199999999999999,0.0,0.0,0.0,0.0,0,2.60625,0.96875,3.85625,0.5160714285714286,0.36830357142857145,0.0125,0.00625,0.38125,2.562637567529117,141.59006198107124,0.7540976249147207,multimodal_unequal,0.789421418465162,0.034375000000000044,2.3416544417272265,2.3416544417272265,2.3416544417272265,2.3416544417272265
flocking_robust_mixture,1,2.381743983165965,0.582753298057978,0.4201339285714285,2.294654644943665,2.294654644943665,0.0,1.0,0.0,0.0,0.0,0.0,0.3001116071428571,159,0.601748530084353,1.2684040085118955,0.9670833333333333,2.386482409666447,3.7026189921805304,5.387654459634457,3.3776521182693715,,3840,737280,0.7199999999999999,0.0,0.0,0.0,0.0,0,2.68125,0.975,3.8125,0.5073214285714286,0.3676785714285714,0.0,0.0,0.3375,2.57750847089724,131.39571744552924,0.7287790409754962,multimodal_unequal,0.7315959914881045,0.01708333333333334,2.294654644943665,2.294654644943665,2.294654644943665,2.294654644943665
flocking_robust_mixture,2,2.4226544242528303,0.5211046968074539,0.41263392857142855,2.3460841767952223,2.3460841767952223,0.0,1.0,0.0,0.0,0.0,0.0,0.2790178571428571,160,0.5530462150614398,1.0732690468461776,0.99375,2.200927319369865,3.693095060745983,5.4170763395091,3.4714556067878464,,3840,737280,0.7199999999999999,0.0,0.0,0.0,0.0,0,2.7375,0.98125,3.78125,0.4962276785714286,0.37174107142857143,0.0,0.0,0.275,2.5701968893372595,170.9773934580954,0.742815291043371,multimodal_unequal,0.9267309531538224,0.04375000000000007,2.3460841767952223,2.3460841767952223,2.3460841767952223,2.3460841767952223
flocking_robust_mixture,3,2.4327530755373044,0.5133108446894622,0.36982142857142863,2.3841989124611858,2.3841989124611858,0.0,1.0,0.0,0.0,0.0,0.0,0.25526785714285716,160,0.5468606444960271,1.067906050879407,0.9875,2.016712020901267,3.6774327081779306,5.503627416231088,3.584268561265277,,3840,737280,0.7199999999999999,0.0,0.0,0.0,0.0,0,2.78125,0.99375,3.725,0.4854464285714285,0.37861607142857145,0.0,0.0,0.25625,2.577823299971607,150.26778159179904,0.737946999957785,multimodal_unequal,0.9320939491205931,0.03750000000000009,2.3841989124611858,2.3841989124611858,2.3841989124611858,2.3841989124611858
flocking_robust_mixture,4,2.5855557052009557,0.5820750915108626,0.4482142857142857,2.529133103709974,2.529133103709974,0.0,1.0,0.0,0.0,0.0,0.0,0.22924107142857145,160,0.6001232456225617,1.3240683325459222,0.9879166666666667,1.9068222131327004,3.6617811337937125,5.453537191933897,3.52696600754507,,3840,737280,0.7199999999999999,0.0,0.0,0.0,0.0,0,2.6125,0.99375,3.73125,0.4950892857142857,0.3916294642857143,0.00625,0.00625,0.40625,2.5485638074652175,159.06201223646312,0.7548623329494148,multimodal_unequal,0.6759316674540778,0.03791666666666671,2.529133103709974,2.529133103709974,2.529133103709974,2.529133103709974
flocking_robust_mixture,5,2.434866331247388,0.5202119717999735,0.4221205357142857,2.3552690338316586,2.3552690338316586,0.0,1.0,0.0,0.0,0.0,0.0,0.26517857142857143,160,0.5331686790964283,1.0540787519074484,0.9864583333333332,2.1941730744129964,3.700523396537489,5.4645594696278845,3.4492386081350106,,3840,737280,0.7199999999999999,0.0,0.0,0.0,0.0,0,2.65625,0.99375,3.775,0.4982142857142858,0.37912946428571426,0.0,0.0,0.33125,2.5631462161518397,140.4336771675452,0.747650875011459,multimodal_unequal,0.9459212480925516,0.03645833333333326,2.3552690338316586,2.3552690338316586,2.3552690338316586,2.3552690338316586
flocking_robust_mixture,6,2.374880732923946,0.5074485201965436,0.3782142857142857,2.282903422100405,2.282903422100405,0.0,1.0,0.0,0.0,0.0,0.0,0.28939732142857144,159,0.5568517867493175,0.9920312086288359,0.99375,2.420452390276282,3.6844863460771804,5.415715363209506,3.5251836671576653,,3840,737280,0.7199999999999999,0.0,0.0,0.0,0.0,0,2.79375,0.9625,3.625,0.48227678571428567,0.3661607142857143,0.0,0.0,0.3125,2.5968928589816542,150.54029944477597,0.7224877909757197,multimodal_unequal,1.0079687913711641,0.04375000000000007,2.282903422100405,2.282903422100405,2.282903422100405,2.282903422100405
flocking_robust_mixture,7,2.5539279248503766,0.49856608915400813,0.4363392857142857,2.499410121138564,2.499410121138564,0.0,1.0,0.0,0.0,0.0,0.0,0.23928571428571427,160,0.522497142984934,1.0100891272122061,1.0,1.8562656066610248,3.6878617067740462,5.530853399597898,3.574551601800303,,3840,737280,0.7199999999999999,0.0,0.0,0.0,0.0,0,2.6625,0.99375,3.8625,0.5021875,0.3828571428571429,0.00625,0.00625,0.2625,2.6130499520080837,107.66447442638946,0.7773374579846859,multimodal_unequal,0.9899108727877939,0.050000000000000044,2.499410121138564,2.499410121138564,2.499410121138564,2.499410121138564
flocking_robust_mixture,8,2.425289539125468,0.5793286365957334,0.42151785714285717,2.327787240032328,2.327787240032328,0.0,1.0,0.0,0.0,0.0,0.0,0.2830357142857143,160,0.6030820335905083,1.337338012570255,0.9824999999999999,2.5386761503801774,3.68940171754362,5.4778912581073635,3.4968634043297984,,3840,737280,0.7199999999999999,0.0,0.0,0.0,0.0,0,2.64375,0.9875,3.8625,0.5112053571428572,0.37395089285714284,0.0,0.0,0.34375,2.5995547392712965,151.63680300420074,0.759089499944821,multimodal_unequal,0.662661987429745,0.03249999999999997,2.327787240032328,2.327787240032328,2.327787240032328,2.327787240032328
flocking_robust_mixture,9,2.3055651869721934,0.6432483659861102,0.4510491071428572,2.2038904661116585,2.2038904661116585,0.0,1.0,0.0,0.0,0.0,0.0,0.31272321428571426,117,0.655338839822445,1.4786719753301614,0.9619642857142857,2.605471380710219,3.672903485924138,5.46415786701106,3.415583079000677,,3840,737280,0.7199999999999999,0.0,0.0,0.0,0.0,0,2.54375,0.95,4.0875,0.5444866071428571,0.35629464285714285,0.0,0.0,0.3375,2.5942336553019616,150.2204288921722,0.783143833046779,multimodal_unequal,0.5213280246698386,0.01196428571428576,2.2038904661116585,2.2038904661116585,2.2038904661116585,2.2038904661116585
flocking_robust_mixture,10,2.3659793429157077,0.506518242450833,0.4589508928571428,2.2817170495194796,2.2817170495194796,0.0,1.0,0.0,0.0,0.0,0.0,0.27477678571428565,160,0.5143428782124688,0.9969491418937494,0.99375,2.3199803552619676,3.704321385404183,5.396053798510746,3.385488789024586,,3840,737280,0.7199999999999999,0.0,0.0,0.0,0.0,0,2.55,0.975,3.80625,0.5147321428571429,0.3743303571428571,0.0375,0.03125,0.45,2.580222375216572,120.13089595221466,0.7535517090000212,multimodal_unequal,1.0030508581062505,0.04375000000000007,2.2817170495194796,2.2817170495194796,2.2817170495194796,2.2817170495194796
flocking_robust_mixture,11,2.475888942992983,0.5250560655702466,0.4276339285714286,2.420251413349863,2.420251413349863,0.0,1.0,0.0,0.0,0.0,0.0,0.24386160714285712,160,0.5407240951300548,1.078712786830169,1.0,2.05251166878381,3.688027624438844,5.416730742751858,3.450487942459646,,3840,737280,0.7199999999999999,0.0,0.0,0.0,0.0,0,2.6625,0.98125,3.74375,0.5009151785714285,0.3818973214285714,0.04375,0.025,0.40625,2.5580750929192724,169.37801269519,0.7464828328229487,multimodal_unequal,0.9212872131698311,0.050000000000000044,2.420251413349863,2.420251413349863,2.420251413349863,2.420251413349863
flocking_robust_mixture,12,2.4660465653069945,0.5659880168470776,0.42419642857142853,2.4147602359503018,2.4147602359503018,0.0,1.0,0.0,0.0,0.0,0.0,0.2594866071428571,160,0.5692497375526759,1.1835385532906764,0.9862500000000001,1.966489868351535,3.681195619377276,5.472782263456092,3.5033021686851966,,3840,737280,0.7199999999999999,0.0,0.0,0.0,0.0,0,2.725,0.9875,3.86875,0.5012276785714286,0.37611607142857145,0.0,0.0,0.2125,2.5575529367538046,162.3313720731588,0.7682209589984268,multimodal_unequal,0.8164614467093236,0.036250000000000115,2.4147602359503018,2.4147602359503018,2.4147602359503018,2.4147602359503018
flocking_robust_mixture,13,2.4444677231885814,0.539906201886324,0.4189955357142857,2.404315669640254,2.404315669640254,0.0,1.0,0.0,0.0,0.0,0.0,0.25580357142857146,160,0.5539280850189062,1.1160888863561644,0.99875,2.062336254210247,3.6669638209345456,5.6274621686572806,3.595393186197488,,3840,737280,0.7199999999999999,0.0,0.0,0.0,0.0,0,2.64375,0.99375,3.95,0.5038392857142856,0.3758482142857143,0.0,0.0,0.125,2.604825245571501,178.95400482478124,0.7984977089799941,multimodal_unequal,0.8839111136438356,0.04875000000000007,2.404315669640254,2.404315669640254,2.404315669640254,2.404315669640254
flocking_robust_mixture,14,2.3730718521602574,0.5508463502442099,0.41165178571428573,2.300666403644945,2.300666403644945,0.0,1.0,0.0,0.0,0.0,0.0,0.29017857142857145,159,0.5680933894961396,1.127959727947791,0.9931696428571428,2.1900169537637515,3.6880964386674577,5.5016870273970095,3.477532267523395,,3840,737280,0.7199999999999999,0.0,0.0,0.0,0.0,0,2.68125,0.975,3.925,0.5182142857142857,0.3645982142857143,0.0,0.0,0.2875,2.581543506458625,166.79453218708116,0.7465898331720382,multimodal_unequal,0.8720402720522089,0.043169642857142865,2.300666403644945,2.300666403644945,2.300666403644945,2.300666403644945
flocking_robust_mixture,15,2.4376678192076997,0.48225772861662436,0.42796874999999995,2.3879964631535424,2.3879964631535424,0.0,1.0,0.0,0.0,0.0,0.0,0.27578125,158,0.5563965199656103,1.0645946717723507,0.9922916666666666,1.838869143317515,3.667445218306085,5.622886770534502,3.625020108829335,,3840,737280,0.7199999999999999,0.0,0.0,0.0,0.0,0,2.7875,0.98125,3.8625,0.49609375,0.36796875,0.0,0.0,0.13125,2.5913429511489214,180.8934798130957,0.7716610000934452,multimodal_unequal,0.9354053282276493,0.042291666666666616,2.3879964631535424,2.3879964631535424,2.3879964631535424,2.3879964631535424
flocking_robust_mixture,16,2.3833212759177718,0.5361667478226538,0.42437500000000006,2.3149565008185515,2.3149565008185515,0.0,1.0,0.0,0.0,0.0,0.0,0.2875,160,0.5497592551960861,1.1026276545413238,0.99875,2.328041825773218,3.6817724122665503,5.534176124775025,3.4743641265224268,,3840,737280,0.7199999999999999,0.0,0.0,0.0,0.0,0,2.7125,0.975,3.94375,0.5157812500000001,0.36625,0.0,0.0,0.23125,2.572832574729318,163.5937202194786,0.7591540419962257,multimodal_unequal,0.8973723454586762,0.04875000000000007,2.3149565008185515,2.3149565008185515,2.3149565008185515,2.3149565008185515
flocking_robust_mixture,17,2.467910445043868,0.5759996967315586,0.40339285714285716,2.4113102729927554,2.4113102729927554,0.0,1.0,0.0,0.0,0.0,0.0,0.2516741071428571,159,0.5884413644786097,1.2412693239346844,0.9712500000000001,2.065811137178687,3.6848369269016032,5.5392060690846066,3.57494064606814,,3840,737280,0.7199999999999999,0.0,0.0,0.0,0.0,0,2.73125,0.9875,3.7625,0.48861607142857144,0.37845982142857143,0.0,0.0,0.2375,2.591726985542985,107.71724145614193,0.753331083105877,multimodal_unequal,0.7587306760653156,0.021250000000000102,2.4113102729927554,2.4113102729927554,2.4113102729927554,2.4113102729927554
flocking_robust_mixture,18,2.515358870705583,0.5336367048324836,0.4367857142857143,2.4358871329645586,2.4358871329645586,0.0,1.0,0.0,0.0,0.0,0.0,0.23794642857142856,160,0.5532409054139393,1.0808042629219814,0.9887499999999999,2.1216787235468697,3.683076748492418,5.501732943298258,3.49739528053685,,3840,737280,0.7199999999999999,0.0,0.0,0.0,0.0,0,2.55,0.975,3.91875,0.5235044642857142,0.3819642857142857,0.0,0.0,0.425,2.577600250580293,150.023899073008,0.7792258749250323,multimodal_unequal,0.9191957370780186,0.03874999999999995,2.4358871329645586,2.4358871329645586,2.4358871329645586,2.4358871329645586
flocking_robust_mixture,19,2.489367505888599,0.5421586600294402,0.38962053571428573,2.426493983565529,2.426493983565529,0.0,1.0,0.0,0.0,0.0,0.0,0.24877232142857145,160,0.5580366550102368,1.126090116723343,1.0,2.0351372224195523,3.6799727269403517,5.520191221226538,3.5903627299038474,,3840,737280,0.7199999999999999,0.0,0.0,0.0,0.0,0,2.8,1.0,3.6625,0.47821428571428565,0.3819419642857143,0.0,0.0,0.275,2.5907775578320447,139.01626452188438,0.7479589581489563,multimodal_unequal,0.873909883276657,0.050000000000000044,2.426493983565529,2.426493983565529,2.426493983565529,2.426493983565529
flocking_robust_mixture,20,2.5296454806387723,0.5335919709742236,0.44100446428571427,2.4676639386972887,2.4676639386972887,0.0,1.0,0.0,0.0,0.0,0.0,0.24107142857142855,159,0.5786380286117806,1.216773793688842,0.9880208333333333,1.9795548100673135,3.689580471721353,5.562100092256166,3.5379797686449534,,3840,737280,0.7199999999999999,0.0,0.0,0.0,0.0,0,2.6,0.9875,3.83125,0.5041294642857143,0.38571428571428573,0.04375,0.04375,0.34375,2.5791270915712774,125.62137158628335,0.7733800420537591,multimodal_unequal,0.7832262063111579,0.03802083333333339,2.4676639386972887,2.4676639386972887,2.4676639386972887,2.4676639386972887
flocking_robust_mixture,21,2.4567556552532683,0.5668358408136978,0.38966517857142857,2.4017447708629094,2.4017447708629094,0.0,1.0,0.0,0.0,0.0,0.0,0.2524553571428571,159,0.5815722201143921,1.1959649788420896,0.9882291666666667,1.9559080174312005,3.684649212424951,5.4946037109377475,3.5041192139874555,,3840,737280,0.7199999999999999,0.0,0.0,0.0,0.0,0,2.7125,0.99375,3.81875,0.4982589285714285,0.3822098214285714,0.0,0.0,0.2875,2.5631093679776895,122.26604510203825,0.7573542499449104,multimodal_unequal,0.8040350211579104,0.03822916666666676,2.4017447708629094,2.4017447708629094,2.4017447708629094,2.4017447708629094
flocking_robust_mixture,22,2.5131333742860686,0.5705536427434758,0.4308928571428572,2.463737976489252,2.463737976489252,0.0,1.0,0.0,0.0,0.0,0.0,0.2603794642857143,159,0.5952621142956697,1.2501059024608843,0.9925,1.9925458932134021,3.665414335113475,5.543512785391824,3.59396658051822,,3840,737280,0.7199999999999999,0.0,0.0,0.0,0.0,0,2.75,0.99375,3.85625,0.49573660714285717,0.37613839285714284,0.0,0.0,0.175,2.5718225676002247,168.06123847303635,0.7778710830025375,multimodal_unequal,0.7498940975391157,0.04250000000000009,2.463737976489252,2.463737976489252,2.463737976489252,2.463737976489252
flocking_robust_mixture,23,2.404476566800889,0.5908142303980936,0.42374999999999996,2.3451454588357934,2.3451454588357934,0.0,1.0,0.0,0.0,0.0,0.0,0.26484375,160,0.6081847411054974,1.3903499011407388,0.975,2.116750980707871,3.6901738692823614,5.564348681693128,3.524428643519093,,3840,737280,0.7199999999999999,0.0,0.0,0.0,0.0,0,2.6625,0.99375,4.0375,0.51796875,0.3734375,0.0,0.0,0.15625,2.5651347122305768,144.20764601951288,0.7839152498636395,multimodal_unequal,0.6096500988592612,0.025000000000000022,2.3451454588357934,2.3451454588357934,2.3451454588357934,2.3451454588357934
flocking_robust_mixture,24,2.465946896170589,0.5066057013261916,0.39116071428571425,2.3659165093290215,2.3659165093290215,0.0,1.0,0.0,0.0,0.0,0.0,0.2629464285714286,160,0.5138599010709191,0.9774065820351139,0.99375,2.218783164751927,3.7053102536691576,5.300738056631394,3.3253906572236063,,3840,737280,0.7199999999999999,0.0,0.0,0.0,0.0,0,2.66875,0.98125,3.6,0.4895982142857143,0.38227678571428575,0.0,0.0,0.49375,2.5668058410097685,114.16083383067844,0.7061213748529553,multimodal_unequal,1.0225934179648861,0.04375000000000007,2.3659165093290215,2.3659165093290215,2.3659165093290215,2.3659165093290215
flocking_robust_mixture,25,2.479796733238361,0.6134702536089067,0.4130803571428571,2.4115321439121162,2.4115321439121162,0.0,1.0,0.0,0.0,0.0,0.0,0.2712053571428571,159,0.642763105184283,1.4665212193376025,0.973794642857143,2.2843796107928354,3.6757416694546885,5.552249198460503,3.5831394005867403,,3840,737280,0.7199999999999999,0.0,0.0,0.0,0.0,0,2.7,0.9875,3.925,0.5080803571428572,0.37473214285714285,0.0,0.0,0.21875,2.5860789059261946,168.15628095646184,0.7705610829871148,multimodal_unequal,0.5334787806623975,0.023794642857143056,2.4115321439121162,2.4115321439121162,2.4115321439121162,2.4115321439121162
flocking_robust_mixture,26,2.5451942742118354,0.5798647774698034,0.39107142857142857,2.4967008151202195,2.4967008151202195,0.0,1.0,0.0,0.0,0.0,0.0,0.24017857142857144,159,0.595451212396816,1.0559049199166153,0.9822916666666668,1.7234164948542952,3.676260857277826,5.491459949379158,3.570787141973702,,3840,737280,0.7199999999999999,0.0,0.0,0.0,0.0,0,2.81875,0.99375,3.59375,0.46419642857142857,0.3833482142857143,0.0,0.0,0.21875,2.536016037729601,189.51313952811785,0.7426949159707874,multimodal_unequal,0.9440950800833847,0.03229166666666683,2.4967008151202195,2.4967008151202195,2.4967008151202195,2.4967008151202195
flocking_robust_mixture,27,2.5291573810544676,0.5316094023124545,0.39901785714285715,2.456857461441847,2.456857461441847,0.0,1.0,0.0,0.0,0.0,0.0,0.26272321428571427,160,0.5443408300679257,1.0816027470698821,1.0,2.121069324411458,3.696564575398908,5.348647187395654,3.4649908684776336,,3840,737280,0.7199999999999999,0.0,0.0,0.0,0.0,0,2.71875,0.9875,3.6625,0.4882366071428571,0.37973214285714285,0.0,0.0,0.3875,2.5765966613385043,144.74191937477795,0.7144925829488784,multimodal_unequal,0.9183972529301179,0.050000000000000044,2.456857461441847,2.456857461441847,2.456857461441847,2.456857461441847
flocking_robust_mixture,28,2.4162821833044354,0.5454398632537067,0.4205580357142857,2.3654601321512922,2.3654601321512922,0.0,1.0,0.0,0.0,0.0,0.0,0.24955357142857143,160,0.5824153582314513,1.26751088735835,0.9916666666666668,2.0585376894227325,3.6821259737762277,5.512059370019318,3.519870144105583,,3840,737280,0.7199999999999999,0.0,0.0,0.0,0.0,0,2.65625,0.98125,3.94375,0.5125892857142857,0.3756919642857143,0.00625,0.00625,0.23125,2.5741410340404145,147.39200118662987,0.7726899997796863,multimodal_unequal,0.73248911264165,0.04166666666666685,2.3654601321512922,2.3654601321512922,2.3654601321512922,2.3654601321512922
flocking_robust_mixture,29,2.539361648837068,0.5391172912451206,0.4150669642857142,2.505109700570446,2.505109700570446,0.0,1.0,0.0,0.0,0.0,0.0,0.23392857142857143,160,0.5592724963573711,1.1521393784130762,0.978125,1.8040151235825603,3.6659139975741666,5.63224143244313,3.637961768060669,,3840,737280,0.7199999999999999,0.0,0.0,0.0,0.0,0,2.7,0.99375,3.8625,0.49575892857142856,0.3830357142857143,0.0,0.0,0.1875,2.6108705755380646,164.5882860263876,0.7732500419951975,multimodal_unequal,0.8478606215869238,0.028125000000000067,2.505109700570446,2.505109700570446,2.505109700570446,2.505109700570446
flocking_robust_defer,0,2.4302670270508693,0.562064313333513,0.42825892857142855,1.2273574659733097,0.47735746597330986,0.0,0.0,1.0,0.0,0.0,0.0,0.2833928571428571,160,0.5823810415349472,1.210578581534838,0.984375,2.3652647041748764,3.681094722019104,5.409748458906521,3.380857595957785,,3840,737280,0.7199999999999999,0.0,0.0,0.0,0.0,0,2.60625,0.96875,3.85625,0.5160714285714286,0.36830357142857145,0.0125,0.00625,0.38125,2.562637567529117,141.59006198107124,0.7660486670210958,multimodal_unequal,0.789421418465162,0.034375000000000044,0.7273574659733099,0.9773574659733099,1.4773574659733097,1.9773574659733097
flocking_robust_defer,1,2.381743983165965,0.582753298057978,0.4201339285714285,1.2463239642853143,0.49632396428531445,0.0,0.0,1.0,0.0,0.0,0.0,0.3001116071428571,159,0.601748530084353,1.2684040085118955,0.9670833333333333,2.386482409666447,3.7026189921805304,5.387654459634457,3.3776521182693715,,3840,737280,0.7199999999999999,0.0,0.0,0.0,0.0,0,2.68125,0.975,3.8125,0.5073214285714286,0.3676785714285714,0.0,0.0,0.3375,2.57750847089724,131.39571744552924,0.7458697909023613,multimodal_unequal,0.7315959914881045,0.01708333333333334,0.7463239642853144,0.9963239642853144,1.4963239642853146,1.9963239642853146
flocking_robust_defer,2,2.4226544242528303,0.5211046968074539,0.41263392857142855,1.1982357215110233,0.4482357215110232,0.0,0.0,1.0,0.0,0.0,0.0,0.2790178571428571,160,0.5530462150614398,1.0732690468461776,0.99375,2.200927319369865,3.693095060745983,5.4170763395091,3.4714556067878464,,3840,737280,0.7199999999999999,0.0,0.0,0.0,0.0,0,2.7375,0.98125,3.78125,0.4962276785714286,0.37174107142857143,0.0,0.0,0.275,2.5701968893372595,170.9773934580954,0.7458732088562101,multimodal_unequal,0.9267309531538224,0.04375000000000007,0.6982357215110232,0.9482357215110232,1.4482357215110233,1.9482357215110233
flocking_robust_defer,3,2.4327530755373044,0.5133108446894622,0.36982142857142863,1.1938014826342898,0.44380148263428953,0.0,0.0,1.0,0.0,0.0,0.0,0.25526785714285716,160,0.5468606444960271,1.067906050879407,0.9875,2.016712020901267,3.6774327081779306,5.503627416231088,3.584268561265277,,3840,737280,0.7199999999999999,0.0,0.0,0.0,0.0,0,2.78125,0.99375,3.725,0.4854464285714285,0.37861607142857145,0.0,0.0,0.25625,2.577823299971607,150.26778159179904,0.7471533748321235,multimodal_unequal,0.9320939491205931,0.03750000000000009,0.6938014826342895,0.9438014826342895,1.4438014826342895,1.9438014826342895
flocking_robust_defer,4,2.5855557052009557,0.5820750915108626,0.4482142857142857,1.2660688622187233,0.5160688622187232,0.0,0.0,1.0,0.0,0.0,0.0,0.22924107142857145,160,0.6001232456225617,1.3240683325459222,0.9879166666666667,1.9068222131327004,3.6617811337937125,5.453537191933897,3.52696600754507,,3840,737280,0.7199999999999999,0.0,0.0,0.0,0.0,0,2.6125,0.99375,3.73125,0.4950892857142857,0.3916294642857143,0.00625,0.00625,0.40625,2.5485638074652175,159.06201223646312,0.7517502498812973,multimodal_unequal,0.6759316674540778,0.03791666666666671,0.7660688622187232,1.0160688622187233,1.5160688622187233,2.0160688622187233
flocking_robust_defer,5,2.434866331247388,0.5202119717999735,0.4221205357142857,1.2113593161640455,0.46135931616404535,0.0,0.0,1.0,0.0,0.0,0.0,0.26517857142857143,160,0.5331686790964283,1.0540787519074484,0.9864583333333332,2.1941730744129964,3.700523396537489,5.4645594696278845,3.4492386081350106,,3840,737280,0.7199999999999999,0.0,0.0,0.0,0.0,0,2.65625,0.99375,3.775,0.4982142857142858,0.37912946428571426,0.0,0.0,0.33125,2.5631462161518397,140.4336771675452,0.7372507499530911,multimodal_unequal,0.9459212480925516,0.03645833333333326,0.7113593161640454,0.9613593161640454,1.4613593161640455,1.9613593161640455
flocking_robust_defer,6,2.374880732923946,0.5074485201965436,0.3782142857142857,1.1888523671168678,0.4388523671168678,0.0,0.0,1.0,0.0,0.0,0.0,0.28939732142857144,159,0.5568517867493175,0.9920312086288359,0.99375,2.420452390276282,3.6844863460771804,5.415715363209506,3.5251836671576653,,3840,737280,0.7199999999999999,0.0,0.0,0.0,0.0,0,2.79375,0.9625,3.625,0.48227678571428567,0.3661607142857143,0.0,0.0,0.3125,2.5968928589816542,150.54029944477597,0.7019845000468194,multimodal_unequal,1.0079687913711641,0.04375000000000007,0.6888523671168678,0.9388523671168678,1.4388523671168678,1.9388523671168678
flocking_robust_defer,7,2.5539279248503766,0.49856608915400813,0.4363392857142857,1.1924309733192497,0.44243097331924996,0.0,0.0,1.0,0.0,0.0,0.0,0.23928571428571427,160,0.522497142984934,1.0100891272122061,1.0,1.8562656066610248,3.6878617067740462,5.530853399597898,3.574551601800303,,3840,737280,0.7199999999999999,0.0,0.0,0.0,0.0,0,2.6625,0.99375,3.8625,0.5021875,0.3828571428571429,0.00625,0.00625,0.2625,2.6130499520080837,107.66447442638946,0.755693000042811,multimodal_unequal,0.9899108727877939,0.050000000000000044,0.69243097331925,0.94243097331925,1.44243097331925,1.94243097331925
flocking_robust_defer,8,2.425289539125468,0.5793286365957334,0.42151785714285717,1.23529881745363,0.4852988174536298,0.0,0.0,1.0,0.0,0.0,0.0,0.2830357142857143,160,0.6030820335905083,1.337338012570255,0.9824999999999999,2.5386761503801774,3.68940171754362,5.4778912581073635,3.4968634043297984,,3840,737280,0.7199999999999999,0.0,0.0,0.0,0.0,0,2.64375,0.9875,3.8625,0.5112053571428572,0.37395089285714284,0.0,0.0,0.34375,2.5995547392712965,151.63680300420074,0.7607027080375701,multimodal_unequal,0.662661987429745,0.03249999999999997,0.7352988174536298,0.9852988174536298,1.48529881745363,1.98529881745363
flocking_robust_defer,9,2.3055651869721934,0.6432483659861102,0.4510491071428572,1.289577774863946,0.5395777748639461,0.0,0.0,1.0,0.0,0.0,0.0,0.31272321428571426,117,0.655338839822445,1.4786719753301614,0.9619642857142857,2.605471380710219,3.672903485924138,5.46415786701106,3.415583079000677,,3840,737280,0.7199999999999999,0.0,0.0,0.0,0.0,0,2.54375,0.95,4.0875,0.5444866071428571,0.35629464285714285,0.0,0.0,0.3375,2.5942336553019616,150.2204288921722,0.7809668330010027,multimodal_unequal,0.5213280246698386,0.01196428571428576,0.7895777748639461,1.039577774863946,1.539577774863946,2.039577774863946
flocking_robust_defer,10,2.3659793429157077,0.506518242450833,0.4589508928571428,1.1947426114819986,0.44474261148199845,0.0,0.0,1.0,0.0,0.0,0.0,0.27477678571428565,160,0.5143428782124688,0.9969491418937494,0.99375,2.3199803552619676,3.704321385404183,5.396053798510746,3.385488789024586,,3840,737280,0.7199999999999999,0.0,0.0,0.0,0.0,0,2.55,0.975,3.80625,0.5147321428571429,0.3743303571428571,0.0375,0.03125,0.45,2.580222375216572,120.13089595221466,0.7491452919784933,multimodal_unequal,1.0030508581062505,0.04375000000000007,0.6947426114819985,0.9447426114819985,1.4447426114819986,1.9447426114819986
flocking_robust_defer,11,2.475888942992983,0.5250560655702466,0.4276339285714286,1.212607405581101,0.462607405581101,0.0,0.0,1.0,0.0,0.0,0.0,0.24386160714285712,160,0.5407240951300548,1.078712786830169,1.0,2.05251166878381,3.688027624438844,5.416730742751858,3.450487942459646,,3840,737280,0.7199999999999999,0.0,0.0,0.0,0.0,0,2.6625,0.98125,3.74375,0.5009151785714285,0.3818973214285714,0.04375,0.025,0.40625,2.5580750929192724,169.37801269519,0.7385559589602053,multimodal_unequal,0.9212872131698311,0.050000000000000044,0.712607405581101,0.962607405581101,1.462607405581101,1.962607405581101
flocking_robust_defer,12,2.4660465653069945,0.5659880168470776,0.42419642857142853,1.2425295184412923,0.4925295184412926,0.0,0.0,1.0,0.0,0.0,0.0,0.2594866071428571,160,0.5692497375526759,1.1835385532906764,0.9862500000000001,1.966489868351535,3.681195619377276,5.472782263456092,3.5033021686851966,,3840,737280,0.7199999999999999,0.0,0.0,0.0,0.0,0,2.725,0.9875,3.86875,0.5012276785714286,0.37611607142857145,0.0,0.0,0.2125,2.5575529367538046,162.3313720731588,0.7715010000392795,multimodal_unequal,0.8164614467093236,0.036250000000000115,0.7425295184412926,0.9925295184412926,1.4925295184412926,1.9925295184412926
flocking_robust_defer,13,2.4444677231885814,0.539906201886324,0.4189955357142857,1.2308048910823919,0.480804891082392,0.0,0.0,1.0,0.0,0.0,0.0,0.25580357142857146,160,0.5539280850189062,1.1160888863561644,0.99875,2.062336254210247,3.6669638209345456,5.6274621686572806,3.595393186197488,,3840,737280,0.7199999999999999,0.0,0.0,0.0,0.0,0,2.64375,0.99375,3.95,0.5038392857142856,0.3758482142857143,0.0,0.0,0.125,2.604825245571501,178.95400482478124,0.7975690830498934,multimodal_unequal,0.8839111136438356,0.04875000000000007,0.730804891082392,0.980804891082392,1.4808048910823919,1.9808048910823919
flocking_robust_defer,14,2.3730718521602574,0.5508463502442099,0.41165178571428573,1.2284365852608796,0.4784365852608795,0.0,0.0,1.0,0.0,0.0,0.0,0.29017857142857145,159,0.5680933894961396,1.127959727947791,0.9931696428571428,2.1900169537637515,3.6880964386674577,5.5016870273970095,3.477532267523395,,3840,737280,0.7199999999999999,0.0,0.0,0.0,0.0,0,2.68125,0.975,3.925,0.5182142857142857,0.3645982142857143,0.0,0.0,0.2875,2.581543506458625,166.79453218708116,0.7568463750649244,multimodal_unequal,0.8720402720522089,0.043169642857142865,0.7284365852608795,0.9784365852608795,1.4784365852608796,1.9784365852608796
flocking_robust_defer,15,2.4376678192076997,0.48225772861662436,0.42796874999999995,1.165785378405504,0.4157853784055039,0.0,0.0,1.0,0.0,0.0,0.0,0.27578125,158,0.5563965199656103,1.0645946717723507,0.9922916666666666,1.838869143317515,3.667445218306085,5.622886770534502,3.625020108829335,,3840,737280,0.7199999999999999,0.0,0.0,0.0,0.0,0,2.7875,0.98125,3.8625,0.49609375,0.36796875,0.0,0.0,0.13125,2.5913429511489214,180.8934798130957,0.7649610829539597,multimodal_unequal,0.9354053282276493,0.042291666666666616,0.6657853784055039,0.9157853784055039,1.415785378405504,1.915785378405504
flocking_robust_defer,16,2.3833212759177718,0.5361667478226538,0.42437500000000006,1.2233512069349142,0.47335120693491445,0.0,0.0,1.0,0.0,0.0,0.0,0.2875,160,0.5497592551960861,1.1026276545413238,0.99875,2.328041825773218,3.6817724122665503,5.534176124775025,3.4743641265224268,,3840,737280,0.7199999999999999,0.0,0.0,0.0,0.0,0,2.7125,0.975,3.94375,0.5157812500000001,0.36625,0.0,0.0,0.23125,2.572832574729318,163.5937202194786,0.7649635830894113,multimodal_unequal,0.8973723454586762,0.04875000000000007,0.7233512069349144,0.9733512069349144,1.4733512069349144,1.9733512069349144
flocking_robust_defer,17,2.467910445043868,0.5759996967315586,0.40339285714285716,1.2339296825207744,0.4839296825207745,0.0,0.0,1.0,0.0,0.0,0.0,0.2516741071428571,159,0.5884413644786097,1.2412693239346844,0.9712500000000001,2.065811137178687,3.6848369269016032,5.5392060690846066,3.57494064606814,,3840,737280,0.7199999999999999,0.0,0.0,0.0,0.0,0,2.73125,0.9875,3.7625,0.48861607142857144,0.37845982142857143,0.0,0.0,0.2375,2.591726985542985,107.71724145614193,0.7556538751814514,multimodal_unequal,0.7587306760653156,0.021250000000000102,0.7339296825207745,0.9839296825207745,1.4839296825207744,1.9839296825207744
flocking_robust_defer,18,2.515358870705583,0.5336367048324836,0.4367857142857143,1.2091995015067953,0.4591995015067954,0.0,0.0,1.0,0.0,0.0,0.0,0.23794642857142856,160,0.5532409054139393,1.0808042629219814,0.9887499999999999,2.1216787235468697,3.683076748492418,5.501732943298258,3.49739528053685,,3840,737280,0.7199999999999999,0.0,0.0,0.0,0.0,0,2.55,0.975,3.91875,0.5235044642857142,0.3819642857142857,0.0,0.0,0.425,2.577600250580293,150.023899073008,0.7755013750866055,multimodal_unequal,0.9191957370780186,0.03874999999999995,0.7091995015067953,0.9591995015067953,1.4591995015067953,1.9591995015067953
flocking_robust_defer,19,2.489367505888599,0.5421586600294402,0.38962053571428573,1.231931446255499,0.481931446255499,0.0,0.0,1.0,0.0,0.0,0.0,0.24877232142857145,160,0.5580366550102368,1.126090116723343,1.0,2.0351372224195523,3.6799727269403517,5.520191221226538,3.5903627299038474,,3840,737280,0.7199999999999999,0.0,0.0,0.0,0.0,0,2.8,1.0,3.6625,0.47821428571428565,0.3819419642857143,0.0,0.0,0.275,2.5907775578320447,139.01626452188438,0.7359980421606451,multimodal_unequal,0.873909883276657,0.050000000000000044,0.731931446255499,0.981931446255499,1.481931446255499,1.981931446255499
flocking_robust_defer,20,2.5296454806387723,0.5335919709742236,0.44100446428571427,1.213398136426667,0.4633981364266672,0.0,0.0,1.0,0.0,0.0,0.0,0.24107142857142855,159,0.5786380286117806,1.216773793688842,0.9880208333333333,1.9795548100673135,3.689580471721353,5.562100092256166,3.5379797686449534,,3840,737280,0.7199999999999999,0.0,0.0,0.0,0.0,0,2.6,0.9875,3.83125,0.5041294642857143,0.38571428571428573,0.04375,0.04375,0.34375,2.5791270915712774,125.62137158628335,0.7745427079498768,multimodal_unequal,0.7832262063111579,0.03802083333333339,0.7133981364266673,0.9633981364266673,1.4633981364266673,1.9633981364266673
flocking_robust_defer,21,2.4567556552532683,0.5668358408136978,0.38966517857142857,1.2412235120256319,0.491223512025632,0.0,0.0,1.0,0.0,0.0,0.0,0.2524553571428571,159,0.5815722201143921,1.1959649788420896,0.9882291666666667,1.9559080174312005,3.684649212424951,5.4946037109377475,3.5041192139874555,,3840,737280,0.7199999999999999,0.0,0.0,0.0,0.0,0,2.7125,0.99375,3.81875,0.4982589285714285,0.3822098214285714,0.0,0.0,0.2875,2.5631093679776895,122.26604510203825,0.7599263750016689,multimodal_unequal,0.8040350211579104,0.03822916666666676,0.7412235120256321,0.9912235120256321,1.491223512025632,1.991223512025632
flocking_robust_defer,22,2.5131333742860686,0.5705536427434758,0.4308928571428572,1.2517802182392201,0.50178021823922,0.0,0.0,1.0,0.0,0.0,0.0,0.2603794642857143,159,0.5952621142956697,1.2501059024608843,0.9925,1.9925458932134021,3.665414335113475,5.543512785391824,3.59396658051822,,3840,737280,0.7199999999999999,0.0,0.0,0.0,0.0,0,2.75,0.99375,3.85625,0.49573660714285717,0.37613839285714284,0.0,0.0,0.175,2.5718225676002247,168.06123847303635,0.7714303750544786,multimodal_unequal,0.7498940975391157,0.04250000000000009,0.75178021823922,1.0017802182392201,1.5017802182392201,2.00178021823922
flocking_robust_defer,23,2.404476566800889,0.5908142303980936,0.42374999999999996,1.260143860177606,0.510143860177606,0.0,0.0,1.0,0.0,0.0,0.0,0.26484375,160,0.6081847411054974,1.3903499011407388,0.975,2.116750980707871,3.6901738692823614,5.564348681693128,3.524428643519093,,3840,737280,0.7199999999999999,0.0,0.0,0.0,0.0,0,2.6625,0.99375,4.0375,0.51796875,0.3734375,0.0,0.0,0.15625,2.5651347122305768,144.20764601951288,0.7944796660449356,multimodal_unequal,0.6096500988592612,0.025000000000000022,0.760143860177606,1.010143860177606,1.510143860177606,2.010143860177606
flocking_robust_defer,24,2.465946896170589,0.5066057013261916,0.39116071428571425,1.1890489896907144,0.43904898969071454,0.0,0.0,1.0,0.0,0.0,0.0,0.2629464285714286,160,0.5138599010709191,0.9774065820351139,0.99375,2.218783164751927,3.7053102536691576,5.300738056631394,3.3253906572236063,,3840,737280,0.7199999999999999,0.0,0.0,0.0,0.0,0,2.66875,0.98125,3.6,0.4895982142857143,0.38227678571428575,0.0,0.0,0.49375,2.5668058410097685,114.16083383067844,0.7168229578528553,multimodal_unequal,1.0225934179648861,0.04375000000000007,0.6890489896907146,0.9390489896907146,1.4390489896907146,1.9390489896907146
flocking_robust_defer,25,2.479796733238361,0.6134702536089067,0.4130803571428571,1.2788094975671687,0.5288094975671686,0.0,0.0,1.0,0.0,0.0,0.0,0.2712053571428571,159,0.642763105184283,1.4665212193376025,0.973794642857143,2.2843796107928354,3.6757416694546885,5.552249198460503,3.5831394005867403,,3840,737280,0.7199999999999999,0.0,0.0,0.0,0.0,0,2.7,0.9875,3.925,0.5080803571428572,0.37473214285714285,0.0,0.0,0.21875,2.5860789059261946,168.15628095646184,0.770771874813363,multimodal_unequal,0.5334787806623975,0.023794642857143056,0.7788094975671686,1.0288094975671687,1.5288094975671687,2.0288094975671687
flocking_robust_defer,26,2.5451942742118354,0.5798647774698034,0.39107142857142857,1.214252913667906,0.46425291366790605,0.0,0.0,1.0,0.0,0.0,0.0,0.24017857142857144,159,0.595451212396816,1.0559049199166153,0.9822916666666668,1.7234164948542952,3.676260857277826,5.491459949379158,3.570787141973702,,3840,737280,0.7199999999999999,0.0,0.0,0.0,0.0,0,2.81875,0.99375,3.59375,0.46419642857142857,0.3833482142857143,0.0,0.0,0.21875,2.536016037729601,189.51313952811785,0.7268974999897182,multimodal_unequal,0.9440950800833847,0.03229166666666683,0.7142529136679061,0.9642529136679061,1.464252913667906,1.964252913667906
flocking_robust_defer,27,2.5291573810544676,0.5316094023124545,0.39901785714285715,1.2171145001202812,0.4671145001202815,0.0,0.0,1.0,0.0,0.0,0.0,0.26272321428571427,160,0.5443408300679257,1.0816027470698821,1.0,2.121069324411458,3.696564575398908,5.348647187395654,3.4649908684776336,,3840,737280,0.7199999999999999,0.0,0.0,0.0,0.0,0,2.71875,0.9875,3.6625,0.4882366071428571,0.37973214285714285,0.0,0.0,0.3875,2.5765966613385043,144.74191937477795,0.7277008329983801,multimodal_unequal,0.9183972529301179,0.050000000000000044,0.7171145001202814,0.9671145001202814,1.4671145001202814,1.9671145001202814
flocking_robust_defer,28,2.4162821833044354,0.5454398632537067,0.4205580357142857,1.2215362876647906,0.4715362876647906,0.0,0.0,1.0,0.0,0.0,0.0,0.24955357142857143,160,0.5824153582314513,1.26751088735835,0.9916666666666668,2.0585376894227325,3.6821259737762277,5.512059370019318,3.519870144105583,,3840,737280,0.7199999999999999,0.0,0.0,0.0,0.0,0,2.65625,0.98125,3.94375,0.5125892857142857,0.3756919642857143,0.00625,0.00625,0.23125,2.5741410340404145,147.39200118662987,0.775858375011012,multimodal_unequal,0.73248911264165,0.04166666666666685,0.7215362876647906,0.9715362876647906,1.4715362876647906,1.9715362876647906
flocking_robust_defer,29,2.539361648837068,0.5391172912451206,0.4150669642857142,1.217627457478705,0.4676274574787048,0.0,0.0,1.0,0.0,0.0,0.0,0.23392857142857143,160,0.5592724963573711,1.1521393784130762,0.978125,1.8040151235825603,3.6659139975741666,5.63224143244313,3.637961768060669,,3840,737280,0.7199999999999999,0.0,0.0,0.0,0.0,0,2.7,0.99375,3.8625,0.49575892857142856,0.3830357142857143,0.0,0.0,0.1875,2.6108705755380646,164.5882860263876,0.7771737079601735,multimodal_unequal,0.8478606215869238,0.028125000000000067,0.7176274574787048,0.9676274574787048,1.467627457478705,1.967627457478705
flocking_robust_active,0,1.0632734040345007,0.562064313333513,0.42825892857142855,0.6622989244124213,0.6622989244124213,1.0,0.0,0.0,0.0,0.03225806451612903,0.03125,0.2833928571428571,160,1.0685755685773075,3.590660302411378,0.9578125,2.3652647041748764,3.681094722019104,5.409748458906521,3.380857595957785,,3840,737280,0.7199999999999999,0.0,0.0,0.0,0.0,0,2.60625,0.96875,3.85625,0.5160714285714286,0.36830357142857145,0.0125,0.00625,0.38125,2.562637567529117,141.59006198107124,0.7515025830361992,multimodal_unequal,1.590660302411378,0.0078125,0.6622989244124213,0.6622989244124213,0.6622989244124213,0.6622989244124213
flocking_robust_active,1,0.6801871065794511,0.582753298057978,0.4201339285714285,0.5975045177380043,0.5975045177380043,1.0,0.0,0.0,0.0,0.01282051282051282,0.0125,0.3001116071428571,159,0.683004054463305,1.672549604086727,0.9613541666666666,2.386482409666447,3.7026189921805304,5.387654459634457,3.3776521182693715,,3840,737280,0.7199999999999999,0.0,0.0,0.0,0.0,0,2.68125,0.975,3.8125,0.5073214285714286,0.3676785714285714,0.0,0.0,0.3375,2.57750847089724,131.39571744552924,0.7572925419081002,multimodal_unequal,0.3274503959132731,0.011354166666666665,0.5975045177380043,0.5975045177380043,0.5975045177380043,0.5975045177380043
flocking_robust_active,2,0.6971755840543894,0.5211046968074539,0.41263392857142855,0.6095578781497395,0.6095578781497395,1.0,0.0,0.0,0.0,0.03184713375796178,0.03125,0.2790178571428571,160,0.7125304840367299,1.756453609791825,0.96875,2.200927319369865,3.693095060745983,5.4170763395091,3.4714556067878464,,3840,737280,0.7199999999999999,0.0,0.0,0.0,0.0,0,2.7375,0.98125,3.78125,0.4962276785714286,0.37174107142857143,0.0,0.0,0.275,2.5701968893372595,170.9773934580954,0.7366909589618444,multimodal_unequal,0.24354639020817492,0.018750000000000044,0.6095578781497395,0.6095578781497395,0.6095578781497395,0.6095578781497395
flocking_robust_active,3,0.8082548454773829,0.5133108446894622,0.36982142857142863,0.5940481190124014,0.5940481190124014,1.0,0.0,0.0,0.0,0.025157232704402517,0.025,0.25526785714285716,160,0.8215548117761405,2.238830482047041,0.9583333333333333,2.016712020901267,3.6774327081779306,5.503627416231088,3.584268561265277,,3840,737280,0.7199999999999999,0.0,0.0,0.0,0.0,0,2.78125,0.99375,3.725,0.4854464285714285,0.37861607142857145,0.0,0.0,0.25625,2.577823299971607,150.26778159179904,0.732260457938537,multimodal_unequal,0.23883048204704105,0.008333333333333304,0.5940481190124014,0.5940481190124014,0.5940481190124014,0.5940481190124014
flocking_robust_active,4,1.0268252362759285,0.5080163704913703,0.4427232142857143,0.6182195136974423,0.5597820136974423,0.93125,0.0,0.06875,0.06875,0.006711409395973154,0.00625,0.22622767857142856,160,0.6455417339450384,1.5186254763189264,0.99375,1.761240771369725,3.6665205733057817,5.3969128068377845,3.500061361556571,,3840,737280,0.7199999999999999,0.0,0.0,0.0,0.0,0,2.61875,0.99375,3.75625,0.49569196428571427,0.3902455357142857,0.00625,0.00625,0.36875,2.549782524675748,161.18546901155102,0.7440860420465469,multimodal_unequal,0.4813745236810736,0.04375000000000007,0.5838445136974423,0.6010320136974423,0.6354070136974422,0.6697820136974423
flocking_robust_active,5,0.677069148845748,0.49646584461236887,0.43712053571428566,0.5251806229241037,0.5092431229241037,0.98125,0.0,0.01875,0.01875,0.0,0.0,0.26205357142857144,160,0.5772535703025865,1.2492871470198534,0.98125,2.185565712272367,3.701731016350905,5.391885562824199,3.429995852766132,,3840,737280,0.7199999999999999,0.0,0.0,0.0,0.0,0,2.65,0.99375,3.79375,0.5013392857142858,0.37991071428571427,0.0,0.0,0.34375,2.5630295468373867,140.357988620124,0.7436383748427033,multimodal_unequal,0.7507128529801466,0.03125,0.5158056229241036,0.5204931229241037,0.5298681229241037,0.5392431229241036
flocking_robust_active,6,0.6921351487667983,0.49315870898230585,0.3733705357142857,0.5930549191209663,0.5558674191209663,0.95625,0.0,0.04375,0.04375,0.019736842105263157,0.01875,0.29642857142857143,159,0.6756232611969675,1.5546736152304892,0.9571875000000001,2.378923099709758,3.68601959722164,5.407836145835345,3.5478977155257865,,3840,737280,0.7199999999999999,0.0,0.0,0.0,0.0,0,2.78125,0.95625,3.63125,0.48477678571428573,0.3628794642857143,0.01875,0.00625,0.3125,2.5967626872117466,155.51138246406535,0.7213034171145409,multimodal_unequal,0.4453263847695108,0.007187500000000124,0.5711799191209663,0.5821174191209663,0.6039924191209662,0.6258674191209663
flocking_robust_active,7,0.8191144353557757,0.49156565200565805,0.4250669642857143,0.5543157611893571,0.5330657611893572,0.975,0.0,0.025,0.025,0.0,0.0,0.23392857142857143,160,0.5963409666790693,1.3259899046272985,0.9979166666666666,1.7245536073661742,3.6844371093770034,5.525144439792889,3.604546752035499,,3840,737280,0.7199999999999999,0.0,0.0,0.0,0.0,0,2.66875,1.0,3.875,0.5010714285714286,0.38553571428571426,0.0,0.0,0.24375,2.6139567696675408,110.41624669948003,0.7656586670782417,multimodal_unequal,0.6740100953727015,0.04791666666666661,0.5418157611893571,0.5480657611893571,0.5605657611893572,0.5730657611893571
flocking_robust_active,8,0.7877550118407388,0.5352369869825053,0.45165178571428566,0.6046344621920573,0.5780719621920574,0.96875,0.0,0.03125,0.03125,0.012903225806451613,0.0125,0.28861607142857143,160,0.6638282448903219,1.6252085383538752,0.9720833333333333,2.466972589126491,3.6925131245806155,5.4174198099801245,3.465000545353521,,3840,737280,0.7199999999999999,0.0,0.0,0.0,0.0,0,2.6125,0.9875,3.90625,0.5171205357142857,0.3742857142857143,0.0,0.0,0.35,2.6003864909021095,153.70334664485387,0.7509250000584871,multimodal_unequal,0.37479146164612476,0.022083333333333344,0.5890094621920574,0.5968219621920574,0.6124469621920574,0.6280719621920574
flocking_robust_active,9,0.8782986539626102,0.6717075661090034,0.4452678571428571,0.7026901668534637,0.6548776668534637,0.94375,0.0,0.05625,0.05625,0.013513513513513514,0.0125,0.30491071428571426,117,0.7592422819636518,2.0762281669590807,0.9438392857142859,2.5111738209111447,3.675062216691097,5.385802930190268,3.3856574534104453,,3840,737280,0.7199999999999999,0.0,0.0,0.0,0.0,0,2.54375,0.95,4.09375,0.5449553571428571,0.3589508928571429,0.0,0.0,0.34375,2.594072395634531,151.41254588435544,0.7760528340004385,multimodal_unequal,0.07622816695908075,0.006160714285714075,0.6745651668534637,0.6886276668534637,0.7167526668534637,0.7448776668534637
flocking_robust_active,10,0.8829450892628486,0.5406695882145075,0.4333035714285714,0.6373374517260034,0.5842124517260034,0.9375,0.0,0.0625,0.0625,0.013333333333333334,0.0125,0.28035714285714286,160,0.6513623903013032,1.600582552715014,0.9734375,2.35038678738575,3.706994273594514,5.287649529552797,3.4251202530049705,,3840,737280,0.7199999999999999,0.0,0.0,0.0,0.0,0,2.58125,0.98125,3.85,0.5151785714285715,0.37544642857142857,0.0375,0.03125,0.4,2.578655856742722,125.29129809025723,0.748788874829188,multimodal_unequal,0.39941744728498607,0.0234375,0.6060874517260034,0.6217124517260034,0.6529624517260034,0.6842124517260034
flocking_robust_active,11,0.8233860830876669,0.48349993418426807,0.42151785714285717,0.5595527390283179,0.5276777390283179,0.9625,0.0,0.0375,0.0375,0.01948051948051948,0.01875,0.24006696428571428,160,0.6181946704137331,1.4086584645279894,0.975,2.026379827442208,3.6881637837840087,5.4197038075240815,3.487068134796233,,3840,737280,0.7199999999999999,0.0,0.0,0.0,0.0,0,2.68125,0.99375,3.76875,0.4960491071428571,0.38754464285714285,0.025,0.01875,0.35,2.558489141073287,169.29742778181694,0.7452080000657588,multimodal_unequal,0.5913415354720106,0.025000000000000022,0.540802739028318,0.550177739028318,0.568927739028318,0.587677739028318
flocking_robust_active,12,0.7173280491556318,0.5659880168470776,0.42419642857142853,0.6471721557552023,0.6471721557552023,1.0,0.0,0.0,0.0,0.006329113924050633,0.00625,0.2594866071428571,160,0.7136419738685674,1.8515467469171192,0.9596875,1.966489868351535,3.681195619377276,5.472782263456092,3.5033021686851966,,3840,737280,0.7199999999999999,0.0,0.0,0.0,0.0,0,2.725,0.9875,3.86875,0.5012276785714286,0.37611607142857145,0.0,0.0,0.2125,2.5575529367538046,162.3313720731588,0.772348124999553,multimodal_unequal,0.14845325308288082,0.009687500000000071,0.6471721557552023,0.6471721557552023,0.6471721557552023,0.6471721557552023
flocking_robust_active,13,0.7683081174600613,0.5792962179370982,0.43274553571428565,0.6213893942101709,0.6054518942101709,0.98125,0.0,0.01875,0.01875,0.01910828025477707,0.01875,0.25424107142857144,160,0.6734183504382717,1.664655631437642,0.9901041666666666,2.0428430080854545,3.66677085995712,5.584501830164204,3.59807763757147,,3840,737280,0.7199999999999999,0.0,0.0,0.0,0.0,0,2.63125,0.99375,3.95,0.5046205357142857,0.3766294642857143,0.0,0.0,0.1375,2.604088010866359,180.05322437796752,0.8086016660090536,multimodal_unequal,0.33534436856235805,0.04010416666666661,0.6120143942101708,0.6167018942101709,0.6260768942101709,0.6354518942101708
flocking_robust_active,14,0.6838321665449636,0.5508463502442099,0.41165178571428573,0.6004478382187022,0.6004478382187022,1.0,0.0,0.0,0.0,0.01282051282051282,0.0125,0.29017857142857145,159,0.6786899516061898,1.6586627220310888,0.9791071428571427,2.1900169537637515,3.6880964386674577,5.5016870273970095,3.477532267523395,,3840,737280,0.7199999999999999,0.0,0.0,0.0,0.0,0,2.68125,0.975,3.925,0.5182142857142857,0.3645982142857143,0.0,0.0,0.2875,2.581543506458625,166.79453218708116,0.757914416026324,multimodal_unequal,0.3413372779689112,0.029107142857142776,0.6004478382187022,0.6004478382187022,0.6004478382187022,0.6004478382187022
flocking_robust_active,15,0.6415734836148725,0.48225772861662436,0.42796874999999995,0.5724701549855586,0.5724701549855586,1.0,0.0,0.0,0.0,0.006369426751592357,0.00625,0.27578125,158,0.6840028565933967,1.6529921739088735,0.9860416666666666,1.838869143317515,3.667445218306085,5.622886770534502,3.625020108829335,,3840,737280,0.7199999999999999,0.0,0.0,0.0,0.0,0,2.7875,0.98125,3.8625,0.49609375,0.36796875,0.0,0.0,0.13125,2.5913429511489214,180.8934798130957,0.7728668749332428,multimodal_unequal,0.34700782609112646,0.03604166666666664,0.5724701549855586,0.5724701549855586,0.5724701549855586,0.5724701549855586
flocking_robust_active,16,0.6882573713917605,0.5361667478226538,0.42437500000000006,0.6092260146145072,0.6092260146145072,1.0,0.0,0.0,0.0,0.01282051282051282,0.0125,0.2875,160,0.6985413998387975,1.7935940108380102,0.9763541666666666,2.328041825773218,3.6817724122665503,5.534176124775025,3.4743641265224268,,3840,737280,0.7199999999999999,0.0,0.0,0.0,0.0,0,2.7125,0.975,3.94375,0.5157812500000001,0.36625,0.0,0.0,0.23125,2.572832574729318,163.5937202194786,0.7781775840558112,multimodal_unequal,0.20640598916198982,0.02635416666666668,0.6092260146145072,0.6092260146145072,0.6092260146145072,0.6092260146145072
flocking_robust_active,17,0.6964018043074216,0.517835205707268,0.3885491071428572,0.561754395161945,0.551129395161945,0.9875,0.0,0.0125,0.0125,0.01910828025477707,0.01875,0.2524553571428571,159,0.6510536361487964,1.526328726854431,0.9756250000000002,1.944806242762229,3.6833382097973213,5.554961677526133,3.59258048545139,,3840,737280,0.7199999999999999,0.0,0.0,0.0,0.0,0,2.76875,0.9875,3.75625,0.48486607142857147,0.37674107142857144,0.0,0.0,0.19375,2.593332879466658,106.84347039205244,0.7652391248848289,multimodal_unequal,0.473671273145569,0.02562500000000023,0.555504395161945,0.558629395161945,0.564879395161945,0.571129395161945
flocking_robust_active,18,1.0067758853541817,0.5788281773555954,0.44270089285714287,0.6800238719688586,0.6109613719688586,0.91875,0.0,0.08125,0.08125,0.027210884353741496,0.025,0.23883928571428567,160,0.6857148143500451,1.7367417289819014,0.978125,2.141326755176297,3.6901807467719934,5.338074517959527,3.49613149708879,,3840,737280,0.7199999999999999,0.0,0.0,0.0,0.0,0,2.5625,0.975,3.90625,0.5223883928571429,0.38229910714285714,0.0,0.0,0.43125,2.577366145790479,154.71805362658816,0.7552062079776078,multimodal_unequal,0.2632582710180986,0.028125000000000067,0.6393988719688586,0.6597113719688587,0.7003363719688587,0.7409613719688587
flocking_robust_active,19,0.7084909586839758,0.5317533402868314,0.3799330357142857,0.5892171563484139,0.5732796563484138,0.98125,0.0,0.01875,0.01875,0.012738853503184714,0.0125,0.25033482142857144,160,0.6607310619370458,1.6002307610258655,0.9796875,2.0395119887771624,3.687717447819515,5.434132021092279,3.570282903220229,,3840,737280,0.7199999999999999,0.0,0.0,0.0,0.0,0,2.80625,0.99375,3.65,0.47790178571428565,0.3799107142857143,0.0,0.0,0.275,2.589723582358572,140.68583735481857,0.7402706670109183,multimodal_unequal,0.3997692389741345,0.02968750000000009,0.5798421563484137,0.5845296563484138,0.5939046563484138,0.6032796563484137
flocking_robust_active,20,0.9375851142974255,0.5600403624805248,0.4362946428571428,0.6224343012126916,0.5852468012126916,0.95625,0.0,0.04375,0.04375,0.006578947368421052,0.00625,0.2419642857142857,159,0.6654190566072404,1.6238302677810421,0.9733333333333334,2.0273024971949622,3.695400042009284,5.452962650242993,3.5004826625451826,,3840,737280,0.7199999999999999,0.0,0.0,0.0,0.0,0,2.6125,0.9875,3.81875,0.5014508928571428,0.3844866071428571,0.04375,0.04375,0.325,2.579395788620731,128.01099961523664,0.7669743329752237,multimodal_unequal,0.3761697322189579,0.023333333333333428,0.6005593012126916,0.6114968012126916,0.6333718012126915,0.6552468012126915
flocking_robust_active,21,0.7162643716154456,0.5668358408136978,0.38966517857142857,0.6258274181254604,0.6258274181254604,1.0,0.0,0.0,0.0,0.006289308176100629,0.00625,0.2524553571428571,159,0.7050599400184342,1.7728420851284745,0.9632291666666667,1.9559080174312005,3.684649212424951,5.4946037109377475,3.5041192139874555,,3840,737280,0.7199999999999999,0.0,0.0,0.0,0.0,0,2.7125,0.99375,3.81875,0.4982589285714285,0.3822098214285714,0.0,0.0,0.2875,2.5631093679776895,122.26604510203825,0.7532670409418643,multimodal_unequal,0.22715791487152548,0.013229166666666736,0.6258274181254604,0.6258274181254604,0.6258274181254604,0.6258274181254604
flocking_robust_active,22,0.6460932623906722,0.5009214226078328,0.42136160714285714,0.5428849748115152,0.5375724748115152,0.99375,0.0,0.00625,0.00625,0.012658227848101266,0.0125,0.2642857142857143,159,0.6488966815281743,1.4908420110264666,0.9810416666666667,2.04998040665148,3.6698035393786723,5.480053202126707,3.553668199496832,,3840,737280,0.7199999999999999,0.0,0.0,0.0,0.0,0,2.75,0.99375,3.8375,0.49636160714285715,0.37785714285714284,0.0,0.0,0.21875,2.5713276955925375,166.22736921501078,0.7857184580061585,multimodal_unequal,0.5091579889735334,0.031041666666666745,0.5397599748115152,0.5413224748115152,0.5444474748115151,0.5475724748115152
flocking_robust_active,23,0.7077563926484876,0.5908142303980936,0.42374999999999996,0.6185196205895197,0.6185196205895197,1.0,0.0,0.0,0.0,0.018867924528301886,0.01875,0.26484375,160,0.7073453650169055,1.8719449856846313,0.9614583333333332,2.116750980707871,3.6901738692823614,5.564348681693128,3.524428643519093,,3840,737280,0.7199999999999999,0.0,0.0,0.0,0.0,0,2.6625,0.99375,4.0375,0.51796875,0.3734375,0.0,0.0,0.15625,2.5651347122305768,144.20764601951288,0.7923718749079853,multimodal_unequal,0.1280550143153687,0.011458333333333237,0.6185196205895197,0.6185196205895197,0.6185196205895197,0.6185196205895197
flocking_robust_active,24,0.8362133742623452,0.49480003599844913,0.41553571428571434,0.5713567437440092,0.5235442437440092,0.94375,0.0,0.05625,0.05625,0.0,0.0,0.27700892857142856,160,0.6011888700341705,1.3542149870803146,0.9984375,2.48083966148991,3.711019879672706,5.304606271298134,3.402014431679895,,3840,737280,0.7199999999999999,0.0,0.0,0.0,0.0,0,2.6375,0.98125,3.64375,0.4974107142857143,0.3814955357142857,0.0,0.0,0.53125,2.5638926472436614,115.44295803291905,0.7151966250967234,multimodal_unequal,0.6457850129196854,0.04843750000000002,0.5432317437440092,0.5572942437440092,0.5854192437440092,0.6135442437440092
flocking_robust_active,25,0.7639221208579721,0.5926611105336265,0.4196651785714286,0.6342810699734036,0.6183435699734036,0.98125,0.0,0.01875,0.01875,0.01282051282051282,0.0125,0.2767857142857143,159,0.7218066200091929,1.8748678810909098,0.9756696428571429,2.261255854772704,3.6768100464989053,5.482994416949841,3.5455782353426892,,3840,737280,0.7199999999999999,0.0,0.0,0.0,0.0,0,2.6875,0.98125,3.95,0.5137276785714285,0.3705357142857143,0.0,0.0,0.225,2.587645129125561,169.5754487890547,0.7746558329090476,multimodal_unequal,0.12513211890909015,0.025669642857142905,0.6249060699734035,0.6295935699734035,0.6389685699734036,0.6483435699734035
flocking_robust_active,26,0.8368343522264814,0.5952872987931211,0.38950892857142855,0.6292627670302178,0.6186377670302178,0.9875,0.0,0.0125,0.0125,0.025477707006369428,0.025,0.24017857142857144,159,0.7408319923544012,1.7591010136354641,0.9442708333333332,1.744237792630257,3.6717265183620333,5.509017535199861,3.607813195883785,,3840,737280,0.7199999999999999,0.0,0.0,0.0,0.0,0,2.81875,0.99375,3.625,0.46810267857142857,0.3833482142857143,0.0,0.0,0.21875,2.5362694979516824,190.9800095296622,0.7328910001087934,multimodal_unequal,0.24089898636453588,0.005729166666666785,0.6230127670302178,0.6261377670302177,0.6323877670302177,0.6386377670302178
flocking_robust_active,27,0.7493583311929799,0.5090460775408551,0.3999553571428571,0.5957964444848,0.5745464444848,0.975,0.0,0.025,0.025,0.01282051282051282,0.0125,0.25803571428571426,160,0.6413058868699371,1.5162408304445663,0.9854166666666666,2.1347020274230584,3.700725013227789,5.300086075836676,3.4539720960665634,,3840,737280,0.7199999999999999,0.0,0.0,0.0,0.0,0,2.71875,0.9875,3.65625,0.4862053571428572,0.38020089285714287,0.0,0.0,0.375,2.5767463937920367,146.03275245206692,0.7209918750450015,multimodal_unequal,0.48375916955543374,0.03541666666666665,0.5832964444847999,0.5895464444847999,0.6020464444847999,0.6145464444847999
flocking_robust_active,28,0.7984386040784954,0.514285659890968,0.4330580357142857,0.5846924939986262,0.5475049939986262,0.95625,0.0,0.04375,0.04375,0.006535947712418301,0.00625,0.25111607142857145,160,0.6563572813754017,1.6244240135321224,0.975625,2.0145697165312044,3.68673523512757,5.468927779142219,3.5237387858425038,,3840,737280,0.7199999999999999,0.0,0.0,0.0,0.0,0,2.6625,0.98125,3.96875,0.5149330357142857,0.3749107142857143,0.00625,0.00625,0.21875,2.5748170490019335,151.87906321708928,0.7703863750211895,multimodal_unequal,0.3755759864678776,0.02562500000000001,0.5628174939986262,0.5737549939986262,0.5956299939986262,0.6175049939986261
flocking_robust_active,29,0.7759102338595711,0.5599553928907592,0.4340178571428572,0.5852680039902426,0.5587055039902425,0.96875,0.0,0.03125,0.03125,0.0,0.0,0.24162946428571427,160,0.6412760822187282,1.4862310239637715,0.98125,1.9377934326115103,3.66748268556317,5.615590241264277,3.641402665156241,,3840,737280,0.7199999999999999,0.0,0.0,0.0,0.0,0,2.64375,0.9875,3.8875,0.5035491071428572,0.3800446428571429,0.0,0.0,0.23125,2.6110652019781035,166.03504971493862,0.7742035000119358,multimodal_unequal,0.5137689760362285,0.03125,0.5696430039902426,0.5774555039902426,0.5930805039902426,0.6087055039902426
flocking_robust_multiflock,0,1.0986056423320827,0.7205669171242312,0.5068080357142858,0.7277300180419978,0.7277300180419978,1.0,0.0,0.0,0.0,0.0189873417721519,0.01875,0.020312499999999997,160,1.089355935783748,3.51106648410799,0.9484375,1.8008661515641475,3.6154208106248737,5.772859979334369,3.6784384514056407,,3840,737280,0.7199999999999999,0.0,0.0,0.0,0.0,0,1.9875,0.9875,4.00625,0.51015625,0.48984375,0.0,0.0,0.09375,3.075425549532116,131.83831149828146,0.9649072920437902,multimodal_equal,1.5110664841079902,0.0015624999999999112,0.7277300180419978,0.7277300180419978,0.7277300180419978,0.7277300180419978
flocking_robust_multiflock,1,0.672280041140491,0.672280041140491,0.5049107142857142,0.5956699328934109,0.5956699328934109,1.0,0.0,0.0,0.0,0.0,0.0,0.009821428571428571,159,0.6727698874535316,1.5655841249589533,0.9859375,1.7089969343253926,3.6352780486365375,5.857550754434389,3.701685419528283,,3840,737280,0.7199999999999999,0.0,0.0,0.0,0.0,0,2.0,0.99375,4.0125,0.5049107142857142,0.4943080357142858,0.0,0.0,0.0375,3.149601853091478,112.68645313217566,0.9765028338879347,multimodal_equal,0.43441587504104673,0.03593750000000007,0.5956699328934109,0.5956699328934109,0.5956699328934109,0.5956699328934109
flocking_robust_multiflock,2,0.866618054493562,0.7401537588356261,0.5005580357142857,0.6933183376767525,0.6933183376767525,1.0,0.0,0.0,0.0,0.00625,0.00625,0.004241071428571429,160,0.8525874071950286,2.240859832440427,0.95,1.77107692436371,3.640658068633795,5.883438845686393,3.7246343640006727,,3840,737280,0.7199999999999999,0.0,0.0,0.0,0.0,0,2.00625,1.0,4.00625,0.5021205357142857,0.4970982142857143,0.0,0.0,0.01875,3.1255838539897063,162.64587932333453,0.9811582500115037,multimodal_equal,0.2408598324404272,0.0,0.6933183376767525,0.6933183376767525,0.6933183376767525,0.6933183376767525
flocking_robust_multiflock,3,6.441799933279257,0.8448731276168852,0.5032738095238095,6.405932532224737,6.405932532224737,1.0,0.0,0.0,0.0,0.9937106918238994,0.9875,0.01011904761904762,160,6.412939934104871,126.66179228192672,0.00625,1.7931340920120866,3.623841258923895,5.798036622684373,3.721390999901722,,3840,737280,0.7199999999999999,0.0,0.0,0.0,0.0,0,1.99375,0.99375,4.0,0.5050595238095238,0.4949404761904762,0.0,0.0,0.05,3.1384441879227887,140.34401712847983,0.9887011251412332,multimodal_equal,124.66179228192672,0.94375,6.405932532224737,6.405932532224737,6.405932532224737,6.405932532224737
flocking_robust_multiflock,4,6.447895170539092,0.7379592277386826,0.5020089285714285,6.40717402275318,6.40717402275318,1.0,0.0,0.0,0.0,0.9937106918238994,0.9875,0.008705357142857143,159,6.45873624395849,125.78836467022424,0.007142857142857143,1.6812198121750832,3.6095500649779266,5.851857662100874,3.688946816698491,,3840,737280,0.7199999999999999,0.0,0.0,0.0,0.0,0,2.00625,0.99375,4.0125,0.5027901785714286,0.4948660714285714,0.0,0.0,0.0125,3.0983961632094137,150.78977499175787,0.978640666930005,multimodal_equal,123.78836467022424,0.9428571428571428,6.40717402275318,6.40717402275318,6.40717402275318,6.40717402275318
flocking_robust_multiflock,5,6.346538189487487,0.6726506100762522,0.5040178571428571,6.285616198380444,6.285616198380444,1.0,0.0,0.0,0.0,0.9874213836477987,0.98125,0.008035714285714285,159,6.332640461097836,129.62401348380715,0.015625,1.7771082906118956,3.644754365604716,5.807591121731469,3.6544994857675723,,3840,737280,0.7199999999999999,0.0,0.0,0.0,0.0,0,1.99375,0.99375,4.0125,0.5040178571428571,0.49598214285714287,0.0,0.0,0.025,3.117814261289303,127.97040866299027,0.9505090001039207,multimodal_equal,127.62401348380715,0.934375,6.285616198380444,6.285616198380444,6.285616198380444,6.285616198380444
flocking_robust_multiflock,6,0.7489219449347443,0.6448925903812054,0.5032366071428571,0.6048495519071578,0.6048495519071578,1.0,0.0,0.0,0.0,0.006289308176100629,0.00625,0.008816964285714286,160,0.7632688780555273,1.7494973576346875,0.9734375,1.7647897565536705,3.6066532441411523,5.882753683196256,3.76381527398818,,3840,737280,0.7199999999999999,0.0,0.0,0.0,0.0,0,2.00625,0.99375,4.0,0.5040178571428571,0.4944196428571429,0.0,0.0,0.0375,3.1495955305505356,140.01354168080226,0.9634213750250638,multimodal_equal,0.2505026423653125,0.0234375,0.6048495519071578,0.6048495519071578,0.6048495519071578,0.6048495519071578
flocking_robust_multiflock,7,0.690887778041024,0.690887778041024,0.5044642857142857,0.5831275593728524,0.5831275593728524,1.0,0.0,0.0,0.0,0.0,0.0,0.008928571428571428,159,0.6900071761310498,1.601830703497638,0.97890625,1.7387321026224836,3.6332046360918993,5.863240475556764,3.7582684381406373,,3840,737280,0.7199999999999999,0.0,0.0,0.0,0.0,0,1.99375,0.99375,4.025,0.5044642857142857,0.4955357142857143,0.0,0.0,0.01875,3.1406334493731096,94.52725575858928,0.9722431250847876,multimodal_equal,0.398169296502362,0.028906250000000022,0.5831275593728524,0.5831275593728524,0.5831275593728524,0.5831275593728524
flocking_robust_multiflock,8,6.349473356155966,0.7233274965531705,0.5037946428571429,6.229030703038501,6.229030703038501,1.0,0.0,0.0,0.0,0.9685534591194969,0.9625,0.013058035714285715,159,6.3603089312867835,126.10512731818235,0.0328125,1.8530144181484762,3.631430044815633,5.793107035928619,3.6993076637664606,,3840,737280,0.7199999999999999,0.0,0.0,0.0,0.0,0,2.00625,0.99375,4.01875,0.5045758928571429,0.49308035714285714,0.0,0.0,0.03125,3.136905132288889,140.61989850442464,0.9766142088919878,multimodal_equal,124.10512731818235,0.9171874999999999,6.229030703038501,6.229030703038501,6.229030703038501,6.229030703038501
flocking_robust_multiflock,9,0.6782511874213782,0.6782511874213782,0.5071428571428571,0.5895881449899457,0.5895881449899457,1.0,0.0,0.0,0.0,0.0,0.0,0.015066964285714284,159,0.7133534092823792,1.7350180022399098,0.9677083333333332,1.858968141101067,3.605567754975941,5.807674713408135,3.7081792808482406,,3840,737280,0.7199999999999999,0.0,0.0,0.0,0.0,0,2.0,0.99375,4.00625,0.5071428571428571,0.49207589285714287,0.0,0.0,0.08125,3.136265753343502,134.6369387291788,0.9682786248158664,multimodal_equal,0.26498199776009024,0.017708333333333215,0.5895881449899457,0.5895881449899457,0.5895881449899457,0.5895881449899457
flocking_robust_multiflock,10,0.6452959477720784,0.6452959477720784,0.5055059523809524,0.5698132493743978,0.5698132493743978,1.0,0.0,0.0,0.0,0.0,0.0,0.011011904761904761,160,0.6474833817684228,1.6111880577677389,0.975,1.7613517281611604,3.641767253869692,5.799771694886855,3.637772561969367,,3840,737280,0.7199999999999999,0.0,0.0,0.0,0.0,0,1.99375,0.99375,4.0,0.5055059523809524,0.49449404761904764,0.0,0.0,0.05625,3.1320655476277577,105.96277055175102,0.9749762499704957,multimodal_equal,0.3888119422322611,0.025000000000000022,0.5698132493743978,0.5698132493743978,0.5698132493743978,0.5698132493743978
flocking_robust_multiflock,11,0.8339523033153662,0.6346135200277787,0.5001116071428571,0.6002003989197935,0.6002003989197935,1.0,0.0,0.0,0.0,0.0125,0.0125,0.006919642857142858,160,0.860729214860826,2.3026866481576844,0.9671875,1.7175007775220892,3.6424721278869385,5.8315706826932,3.712207530948683,,3840,737280,0.7199999999999999,0.0,0.0,0.0,0.0,0,2.00625,1.0,4.0,0.5025669642857142,0.4965401785714286,0.0,0.0,0.0375,3.0903529558987124,162.36418096627457,0.9755596660543233,multimodal_equal,0.3026866481576844,0.017187500000000022,0.6002003989197935,0.6002003989197935,0.6002003989197935,0.6002003989197935
flocking_robust_multiflock,12,6.414187065003585,0.6812008896065053,0.5008928571428571,6.355056104249938,6.355056104249938,1.0,0.0,0.0,0.0,0.9875,0.9875,0.0017857142857142857,160,6.413536148530793,130.56449713664688,0.0125,1.795800268533703,3.634434659318342,5.760472165876704,3.65404975652739,,3840,737280,0.7199999999999999,0.0,0.0,0.0,0.0,0,2.0,1.0,3.9875,0.5008928571428571,0.49910714285714286,0.0,0.0,0.0375,3.099586360176245,153.79096574035185,0.9690729170106351,multimodal_equal,128.56449713664688,0.9375,6.355056104249938,6.355056104249938,6.355056104249938,6.355056104249938
flocking_robust_multiflock,13,0.7225934799530748,0.7225934799530748,0.5044642857142857,0.6249013260947998,0.6249013260947998,1.0,0.0,0.0,0.0,0.0,0.0,0.009709821428571427,159,0.7123142700263577,1.781230012273685,0.9653124999999999,1.8688900590445994,3.6243980233693165,5.891209599415103,3.742040641179525,,3840,737280,0.7199999999999999,0.0,0.0,0.0,0.0,0,2.0,0.99375,4.00625,0.5044642857142857,0.49475446428571435,0.0,0.0,0.0375,3.135750210859561,174.06535797297877,0.9664009578991681,multimodal_equal,0.21876998772631495,0.015312499999999951,0.6249013260947998,0.6249013260947998,0.6249013260947998,0.6249013260947998
flocking_robust_multiflock,14,0.7031095287194634,0.7031095287194634,0.5075892857142856,0.5929120842138811,0.5929120842138811,1.0,0.0,0.0,0.0,0.0,0.0,0.015178571428571427,159,0.716771394074127,1.793935106121155,0.92890625,1.8275989249916749,3.634611268115205,5.8512259738563,3.69832070809115,,3840,737280,0.7199999999999999,0.0,0.0,0.0,0.0,0,1.9875,0.9875,4.025,0.5075892857142856,0.4924107142857143,0.0,0.0,0.04375,3.1325104187062283,155.7117637821849,0.9850239160005003,multimodal_equal,0.20606489387884497,0.02109374999999991,0.5929120842138811,0.5929120842138811,0.5929120842138811,0.5929120842138811
flocking_robust_multiflock,15,1.0721537852022607,0.7246561133698962,0.5011160714285714,0.706392196985863,0.706392196985863,1.0,0.0,0.0,0.0,0.012578616352201259,0.0125,0.007924107142857142,159,1.0314523164569653,3.1970602227501077,0.9550000000000001,1.8152256321139,3.6211644099095124,5.876412269865053,3.746920775922233,,3840,737280,0.7199999999999999,0.0,0.0,0.0,0.0,0,2.00625,0.99375,4.0,0.5027901785714286,0.4948660714285714,0.0,0.0,0.025,3.1048608337420145,173.97592112554872,0.9890147498808801,multimodal_equal,1.1970602227501077,0.0050000000000001155,0.706392196985863,0.706392196985863,0.706392196985863,0.706392196985863
flocking_robust_multiflock,16,6.474080353184297,0.7615883397064562,0.5026785714285714,6.442689682931336,6.442689682931336,1.0,0.0,0.0,0.0,1.0,0.99375,0.007142857142857143,159,6.477977149768447,132.01770359713066,0.00125,1.7930353187075898,3.6237507112725282,5.875584727286642,3.7487058353337233,,3840,737280,0.7199999999999999,0.0,0.0,0.0,0.0,0,1.99375,0.99375,4.00625,0.5035714285714286,0.49642857142857144,0.0,0.0,0.025,3.1065298021031196,151.9668723868324,0.9822801249101758,multimodal_equal,130.01770359713066,0.94875,6.442689682931336,6.442689682931336,6.442689682931336,6.442689682931336
flocking_robust_multiflock,17,6.495958889713696,0.7322309222911252,0.5016741071428571,6.432034926895196,6.432034926895196,1.0,0.0,0.0,0.0,0.9874213836477987,0.98125,0.008035714285714285,159,6.485362657331176,130.905888365473,0.01450892857142857,1.7912440019374025,3.6255195116995225,5.795939033612098,3.734866559624551,,3840,737280,0.7199999999999999,0.0,0.0,0.0,0.0,0,2.0,0.99375,4.01875,0.5040178571428571,0.49520089285714286,0.0,0.0,0.01875,3.1609773853579384,94.11173485039745,0.9856090829707682,multimodal_equal,128.905888365473,0.9354910714285714,6.432034926895196,6.432034926895196,6.432034926895196,6.432034926895196
flocking_robust_multiflock,18,6.3988499785154,0.6920675861448443,0.5008928571428571,6.3507334897094925,6.3507334897094925,1.0,0.0,0.0,0.0,0.9875,0.9875,0.0017857142857142857,160,6.397072703851498,125.02639604084122,0.0125,1.8246693823923938,3.636715480846231,5.886978893092374,3.738005405607301,,3840,737280,0.7199999999999999,0.0,0.0,0.0,0.0,0,2.0,1.0,3.9875,0.5008928571428571,0.49910714285714286,0.0,0.0,0.0375,3.144487274098718,140.40336568327575,0.964974083006382,multimodal_equal,123.02639604084122,0.9375,6.3507334897094925,6.3507334897094925,6.3507334897094925,6.3507334897094925
flocking_robust_multiflock,19,6.387104170875463,0.7066010398275827,0.5049107142857142,6.282318780627972,6.282318780627972,1.0,0.0,0.0,0.0,0.9748427672955975,0.96875,0.00982142857142857,159,6.394102662507702,121.92585092045894,0.028437499999999998,1.7756104501750252,3.623762232670906,5.8812374522944015,3.774885394357878,,3840,737280,0.7199999999999999,0.0,0.0,0.0,0.0,0,1.99375,0.99375,4.00625,0.5049107142857142,0.4950892857142858,0.0,0.0,0.04375,3.1512157871225837,128.59971196013262,0.976157708093524,multimodal_equal,119.92585092045894,0.9215625,6.282318780627972,6.282318780627972,6.282318780627972,6.282318780627972
flocking_robust_multiflock,20,6.444049981159836,0.790938073071975,0.5059151785714285,6.398701279448895,6.398701279448895,1.0,0.0,0.0,0.0,0.9936708860759493,0.98125,0.013392857142857142,159,6.447900578358375,138.16856193472125,0.011458333333333334,1.702277926930836,3.647531899515414,5.8316817720129865,3.708945462624402,,3840,737280,0.7199999999999999,0.0,0.0,0.0,0.0,0,1.99375,0.9875,4.0125,0.5066964285714286,0.49252232142857144,0.0,0.0,0.04375,3.1039661936326053,116.56027208400194,0.9835424169432372,multimodal_equal,136.16856193472125,0.9385416666666666,6.398701279448895,6.398701279448895,6.398701279448895,6.398701279448895
flocking_robust_multiflock,21,1.0270318361429216,0.6819346588179813,0.5120535714285714,0.6532225460991131,0.6532225460991131,1.0,0.0,0.0,0.0,0.01282051282051282,0.0125,0.02767857142857143,159,1.0244706097123675,3.410482799447834,0.9767857142857143,1.8007176842947121,3.6340948801393225,5.751162212344651,3.5892855256871257,,3840,737280,0.7199999999999999,0.0,0.0,0.0,0.0,0,1.98125,0.975,4.0125,0.5138392857142857,0.4853794642857143,0.0,0.0,0.1125,3.1323782410446475,111.92788444111133,0.9546151249669492,multimodal_equal,1.4104827994478342,0.0267857142857143,0.6532225460991131,0.6532225460991131,0.6532225460991131,0.6532225460991131
flocking_robust_multiflock,22,0.9614627329355123,0.6747742477358036,0.50390625,0.6427237470970644,0.6427237470970644,1.0,0.0,0.0,0.0,0.012658227848101266,0.0125,0.014285714285714285,159,0.9838598273815938,2.703456074715617,0.9588541666666668,1.7583325790689763,3.615101025169505,5.863492632952339,3.776972842699716,,3840,737280,0.7199999999999999,0.0,0.0,0.0,0.0,0,1.99375,0.9875,4.0125,0.5071428571428571,0.49207589285714287,0.0,0.0,0.05,3.145947703573708,160.68833760987255,0.978555291891098,multimodal_equal,0.7034560747156169,0.00885416666666683,0.6427237470970644,0.6427237470970644,0.6427237470970644,0.6427237470970644
flocking_robust_multiflock,23,6.335669823457752,0.6996899437264534,0.5050595238095237,6.247810502288954,6.247810502288954,1.0,0.0,0.0,0.0,0.9811320754716981,0.975,0.010119047619047618,160,6.326209175793527,129.10885902567975,0.025,1.8418486483116965,3.6428978177599305,5.7780304160926,3.6733568210758833,,3840,737280,0.7199999999999999,0.0,0.0,0.0,0.0,0,1.99375,0.99375,4.0,0.5050595238095237,0.4949404761904762,0.0,0.0,0.05,3.1031302756357753,133.61660997349873,0.9682490420527756,multimodal_equal,127.10885902567975,0.9249999999999999,6.247810502288954,6.247810502288954,6.247810502288954,6.247810502288954
flocking_robust_multiflock,24,6.258744299269287,0.7434508437912087,0.5049107142857142,6.168075690031801,6.168075690031801,1.0,0.0,0.0,0.0,0.9748427672955975,0.96875,0.00982142857142857,159,6.257759572908973,122.55895836355619,0.028125,1.7387817035920663,3.642679946233483,5.761083147051847,3.645351331995711,,3840,737280,0.7199999999999999,0.0,0.0,0.0,0.0,0,1.99375,0.99375,4.0125,0.5049107142857142,0.4950892857142858,0.0,0.0,0.0375,3.1372389921010795,90.62791866652475,0.9861958750989288,multimodal_equal,120.55895836355619,0.921875,6.168075690031801,6.168075690031801,6.168075690031801,6.168075690031801
flocking_robust_multiflock,25,1.1267787224723829,0.7616562647360225,0.5069196428571429,0.7578137298433758,0.7578137298433758,1.0,0.0,0.0,0.0,0.0189873417721519,0.01875,0.020535714285714286,159,1.1410581391417458,4.083297092567939,0.9352678571428571,1.8620350243121344,3.6216634111533574,5.823207788287922,3.7325684202062774,,3840,737280,0.7199999999999999,0.0,0.0,0.0,0.0,0,2.0,0.9875,4.0125,0.5094866071428571,0.48816964285714287,0.0,0.0,0.0875,3.1228695413658967,159.82283998161296,0.9721407499164343,multimodal_equal,2.083297092567939,0.01473214285714286,0.7578137298433758,0.7578137298433758,0.7578137298433758,0.7578137298433758
flocking_robust_multiflock,26,0.7351763968224263,0.7351763968224263,0.50234375,0.6230374826427533,0.6230374826427533,1.0,0.0,0.0,0.0,0.0,0.0,0.00625,159,0.7489671048635665,1.9409340200015741,0.9578125,1.6334819200641753,3.636252549278751,5.837401536223728,3.6569819914446122,,3840,737280,0.7199999999999999,0.0,0.0,0.0,0.0,0,2.0,0.99375,4.00625,0.50234375,0.49609375,0.0,0.0,0.0125,3.084415314080382,183.14780264915612,0.9939157499466091,multimodal_equal,0.05906597999842589,0.0078125,0.6230374826427533,0.6230374826427533,0.6230374826427533,0.6230374826427533
flocking_robust_multiflock,27,0.6437870071045488,0.6328223576645985,0.5001488095238095,0.563788503968893,0.563788503968893,1.0,0.0,0.0,0.0,0.00625,0.00625,0.0055059523809523805,160,0.6537804199940117,1.6101064958579312,0.984375,1.7440697841220967,3.6396854679771122,5.861365912081044,3.7766396230312482,,3840,737280,0.7199999999999999,0.0,0.0,0.0,0.0,0,2.00625,1.0,3.99375,0.5022321428571428,0.4967261904761905,0.0,0.0,0.04375,3.160183703803711,136.6303965176135,0.980534290894866,multimodal_equal,0.3898935041420688,0.034375000000000044,0.563788503968893,0.563788503968893,0.563788503968893,0.563788503968893
flocking_robust_multiflock,28,6.286434867251208,0.7192884744473094,0.5022321428571429,6.231527497374227,6.231527497374227,1.0,0.0,0.0,0.0,0.9874213836477987,0.98125,0.011607142857142856,159,6.28497747859658,122.56764464816419,0.014583333333333334,1.738234093882945,3.6319512121890454,5.768948670258067,3.585156691016107,,3840,737280,0.7199999999999999,0.0,0.0,0.0,0.0,0,1.99375,0.99375,4.0125,0.5058035714285715,0.49419642857142854,0.0,0.0,0.05,3.108566878447305,140.90707248233437,0.9567717500030994,multimodal_equal,120.56764464816419,0.9354166666666667,6.231527497374227,6.231527497374227,6.231527497374227,6.231527497374227
flocking_robust_multiflock,29,6.536764169129789,0.6345752334469393,0.49921875,6.51689066545372,6.51689066545372,1.0,0.0,0.0,0.0,1.0,1.0,0.0,160,6.537160043241153,130.98129949693723,0.0,1.7528667546565344,3.6241719507735817,5.858437497411155,3.7034917695191254,,3840,737280,0.7199999999999999,0.0,0.0,0.0,0.0,0,2.00625,1.0,3.9875,0.5,0.49921875,0.0,0.0,0.025,3.147582511918577,155.91573951464468,0.9662669999524951,multimodal_equal,128.98129949693723,0.95,6.51689066545372,6.51689066545372,6.51689066545372,6.51689066545372
flocking_robust_temporal,0,2.9626055702391736,0.7205669171242312,0.5068080357142858,1.7648736011625303,1.7648736011625303,1.0,0.0,0.0,0.0,0.20253164556962025,0.2,0.020312499999999997,160,2.9546249465719283,25.463453992088265,0.7703125,1.8008661515641475,3.6154208106248737,5.772859979334369,3.6784384514056407,,3840,737280,0.7199999999999999,0.0,0.0,0.0,0.0,0,1.9875,0.9875,4.00625,0.51015625,0.48984375,0.0,0.0,0.09375,3.075425549532116,131.83831149828146,0.9577508750371635,multimodal_equal,23.463453992088265,0.1796875,1.7648736011625303,1.7648736011625303,1.7648736011625303,1.7648736011625303
flocking_robust_temporal,1,0.672280041140491,0.672280041140491,0.5049107142857142,0.5956699328934109,0.5956699328934109,1.0,0.0,0.0,0.0,0.0,0.0,0.009821428571428571,159,0.6727698874535316,1.5655841249589533,0.9859375,1.7089969343253926,3.6352780486365375,5.857550754434389,3.701685419528283,,3840,737280,0.7199999999999999,0.0,0.0,0.0,0.0,0,2.0,0.99375,4.0125,0.5049107142857142,0.4943080357142858,0.0,0.0,0.0375,3.149601853091478,112.68645313217566,0.9942199580837041,multimodal_equal,0.43441587504104673,0.03593750000000007,0.5956699328934109,0.5956699328934109,0.5956699328934109,0.5956699328934109
flocking_robust_temporal,2,6.518087062595498,0.7401537588356261,0.5005580357142857,6.493476586603114,6.493476586603114,1.0,0.0,0.0,0.0,1.0,1.0,0.004241071428571429,160,6.514652070917263,136.92684933109453,0.0,1.77107692436371,3.640658068633795,5.883438845686393,3.7246343640006727,,3840,737280,0.7199999999999999,0.0,0.0,0.0,0.0,0,2.00625,1.0,4.00625,0.5021205357142857,0.4970982142857143,0.0,0.0,0.01875,3.1255838539897063,162.64587932333453,0.9752551249694079,multimodal_equal,134.92684933109453,0.95,6.493476586603114,6.493476586603114,6.493476586603114,6.493476586603114
flocking_robust_temporal,3,4.253745517591661,0.8448731276168852,0.5032738095238095,3.105660542092237,3.105660542092237,1.0,0.0,0.0,0.0,0.4276729559748428,0.425,0.01011904761904762,160,4.255860143669871,55.51320599702581,0.5421875,1.7931340920120866,3.623841258923895,5.798036622684373,3.721390999901722,,3840,737280,0.7199999999999999,0.0,0.0,0.0,0.0,0,1.99375,0.99375,4.0,0.5050595238095238,0.4949404761904762,0.0,0.0,0.05,3.1384441879227887,140.34401712847983,0.966091041918844,multimodal_equal,53.51320599702581,0.4078124999999999,3.105660542092237,3.105660542092237,3.105660542092237,3.105660542092237
flocking_robust_temporal,4,6.459398883499159,0.7379592277386826,0.5020089285714285,6.434146718522531,6.434146718522531,1.0,0.0,0.0,0.0,1.0,0.99375,0.008705357142857143,159,6.47142254173586,126.41883837777394,0.0008928571428571428,1.6812198121750832,3.6095500649779266,5.851857662100874,3.688946816698491,,3840,737280,0.7199999999999999,0.0,0.0,0.0,0.0,0,2.00625,0.99375,4.0125,0.5027901785714286,0.4948660714285714,0.0,0.0,0.0125,3.0983961632094137,150.78977499175787,0.9704070000443608,multimodal_equal,124.41883837777394,0.9491071428571428,6.434146718522531,6.434146718522531,6.434146718522531,6.434146718522531
flocking_robust_temporal,5,0.6726506100762522,0.6726506100762522,0.5040178571428571,0.585175370811319,0.585175370811319,1.0,0.0,0.0,0.0,0.0,0.0,0.008035714285714285,159,0.6698831424315661,1.6076822815058567,0.9875,1.7771082906118956,3.644754365604716,5.807591121731469,3.6544994857675723,,3840,737280,0.7199999999999999,0.0,0.0,0.0,0.0,0,1.99375,0.99375,4.0125,0.5040178571428571,0.49598214285714287,0.0,0.0,0.025,3.117814261289303,127.97040866299027,0.955991666065529,multimodal_equal,0.3923177184941433,0.03750000000000009,0.585175370811319,0.585175370811319,0.585175370811319,0.585175370811319
flocking_robust_temporal,6,4.663650155057455,0.6448925903812054,0.5032366071428571,3.5051044676912766,3.5051044676912766,1.0,0.0,0.0,0.0,0.49056603773584906,0.4875,0.008816964285714286,160,4.66062090575662,64.58468029256086,0.5046875,1.7647897565536705,3.6066532441411523,5.882753683196256,3.76381527398818,,3840,737280,0.7199999999999999,0.0,0.0,0.0,0.0,0,2.00625,0.99375,4.0,0.5040178571428571,0.4944196428571429,0.0,0.0,0.0375,3.1495955305505356,140.01354168080226,0.9747522079851478,multimodal_equal,62.58468029256086,0.4453125,3.5051044676912766,3.5051044676912766,3.5051044676912766,3.5051044676912766
flocking_robust_temporal,7,6.53152153581691,0.690887778041024,0.5044642857142857,6.500351019314342,6.500351019314342,1.0,0.0,0.0,0.0,1.0,0.99375,0.008928571428571428,159,6.540566511168024,133.38338868981492,0.00234375,1.7387321026224836,3.6332046360918993,5.863240475556764,3.7582684381406373,,3840,737280,0.7199999999999999,0.0,0.0,0.0,0.0,0,1.99375,0.99375,4.025,0.5044642857142857,0.4955357142857143,0.0,0.0,0.01875,3.1406334493731096,94.52725575858928,0.9826130839064717,multimodal_equal,131.38338868981492,0.94765625,6.500351019314342,6.500351019314342,6.500351019314342,6.500351019314342
flocking_robust_temporal,8,0.7310845110866327,0.7233274965531705,0.5037946428571429,0.6410823687136697,0.6410823687136697,1.0,0.0,0.0,0.0,0.0,0.0,0.013058035714285715,159,0.7512450016878612,1.8950418671604752,0.9453125,1.8530144181484762,3.631430044815633,5.793107035928619,3.6993076637664606,,3840,737280,0.7199999999999999,0.0,0.0,0.0,0.0,0,2.00625,0.99375,4.01875,0.5045758928571429,0.49308035714285714,0.0,0.0,0.03125,3.136905132288889,140.61989850442464,0.9716047090478241,multimodal_equal,0.10495813283952482,0.004687499999999956,0.6410823687136697,0.6410823687136697,0.6410823687136697,0.6410823687136697
flocking_robust_temporal,9,0.6782511874213782,0.6782511874213782,0.5071428571428571,0.5895881449899457,0.5895881449899457,1.0,0.0,0.0,0.0,0.0,0.0,0.015066964285714284,159,0.7133534092823792,1.7350180022399098,0.9677083333333332,1.858968141101067,3.605567754975941,5.807674713408135,3.7081792808482406,,3840,737280,0.7199999999999999,0.0,0.0,0.0,0.0,0,2.0,0.99375,4.00625,0.5071428571428571,0.49207589285714287,0.0,0.0,0.08125,3.136265753343502,134.6369387291788,0.977951250039041,multimodal_equal,0.26498199776009024,0.017708333333333215,0.5895881449899457,0.5895881449899457,0.5895881449899457,0.5895881449899457
flocking_robust_temporal,10,0.6452959477720784,0.6452959477720784,0.5055059523809524,0.5698132493743978,0.5698132493743978,1.0,0.0,0.0,0.0,0.0,0.0,0.011011904761904761,160,0.6474833817684228,1.6111880577677389,0.975,1.7613517281611604,3.641767253869692,5.799771694886855,3.637772561969367,,3840,737280,0.7199999999999999,0.0,0.0,0.0,0.0,0,1.99375,0.99375,4.0,0.5055059523809524,0.49449404761904764,0.0,0.0,0.05625,3.1320655476277577,105.96277055175102,0.9817336658015847,multimodal_equal,0.3888119422322611,0.025000000000000022,0.5698132493743978,0.5698132493743978,0.5698132493743978,0.5698132493743978
flocking_robust_temporal,11,6.439897071616299,0.6346135200277787,0.5001116071428571,6.418407522092545,6.418407522092545,1.0,0.0,0.0,0.0,1.0,1.0,0.006919642857142858,160,6.444078198973284,131.13474978050849,0.0,1.7175007775220892,3.6424721278869385,5.8315706826932,3.712207530948683,,3840,737280,0.7199999999999999,0.0,0.0,0.0,0.0,0,2.00625,1.0,4.0,0.5025669642857142,0.4965401785714286,0.0,0.0,0.0375,3.0903529558987124,162.36418096627457,0.9761503748595715,multimodal_equal,129.13474978050849,0.95,6.418407522092545,6.418407522092545,6.418407522092545,6.418407522092545
flocking_robust_temporal,12,6.459624862898388,0.6812008896065053,0.5008928571428571,6.436533377864325,6.436533377864325,1.0,0.0,0.0,0.0,1.0,1.0,0.0017857142857142857,160,6.458978525512134,132.38395325434394,0.0,1.795800268533703,3.634434659318342,5.760472165876704,3.65404975652739,,3840,737280,0.7199999999999999,0.0,0.0,0.0,0.0,0,2.0,1.0,3.9875,0.5008928571428571,0.49910714285714286,0.0,0.0,0.0375,3.099586360176245,153.79096574035185,0.9690826670266688,multimodal_equal,130.38395325434394,0.95,6.436533377864325,6.436533377864325,6.436533377864325,6.436533377864325
flocking_robust_temporal,13,6.487902145022461,0.7225934799530748,0.5044642857142857,6.4506040061882475,6.4506040061882475,1.0,0.0,0.0,0.0,1.0,0.99375,0.009709821428571427,159,6.489410198236316,131.0900535429385,0.00125,1.8688900590445994,3.6243980233693165,5.891209599415103,3.742040641179525,,3840,737280,0.7199999999999999,0.0,0.0,0.0,0.0,0,2.0,0.99375,4.00625,0.5044642857142857,0.49475446428571435,0.0,0.0,0.0375,3.135750210859561,174.06535797297877,0.9664456248283386,multimodal_equal,129.0900535429385,0.94875,6.4506040061882475,6.4506040061882475,6.4506040061882475,6.4506040061882475
flocking_robust_temporal,14,1.7935417121014665,0.7031095287194634,0.5075892857142856,0.9616592893989051,0.9616592893989051,1.0,0.0,0.0,0.0,0.06962025316455696,0.06875,0.015178571428571427,159,1.8299147466403787,9.729923269840967,0.87734375,1.8275989249916749,3.634611268115205,5.8512259738563,3.69832070809115,,3840,737280,0.7199999999999999,0.0,0.0,0.0,0.0,0,1.9875,0.9875,4.025,0.5075892857142856,0.4924107142857143,0.0,0.0,0.04375,3.1325104187062283,155.7117637821849,0.9907569580245763,multimodal_equal,7.729923269840967,0.07265624999999998,0.9616592893989051,0.9616592893989051,0.9616592893989051,0.9616592893989051
flocking_robust_temporal,15,0.7627678468180641,0.7246561133698962,0.5011160714285714,0.6482986821081349,0.6482986821081349,1.0,0.0,0.0,0.0,0.012578616352201259,0.0125,0.007924107142857142,159,0.7573005972797867,1.9965864900543047,0.9550000000000001,1.8152256321139,3.6211644099095124,5.876412269865053,3.746920775922233,,3840,737280,0.7199999999999999,0.0,0.0,0.0,0.0,0,2.00625,0.99375,4.0,0.5027901785714286,0.4948660714285714,0.0,0.0,0.025,3.1048608337420145,173.97592112554872,0.985255666077137,multimodal_equal,0.0034135099456953366,0.0050000000000001155,0.6482986821081349,0.6482986821081349,0.6482986821081349,0.6482986821081349
flocking_robust_temporal,16,6.474080353184297,0.7615883397064562,0.5026785714285714,6.442689682931336,6.442689682931336,1.0,0.0,0.0,0.0,1.0,0.99375,0.007142857142857143,159,6.477977149768447,132.01770359713066,0.00125,1.7930353187075898,3.6237507112725282,5.875584727286642,3.7487058353337233,,3840,737280,0.7199999999999999,0.0,0.0,0.0,0.0,0,1.99375,0.99375,4.00625,0.5035714285714286,0.49642857142857144,0.0,0.0,0.025,3.1065298021031196,151.9668723868324,0.9959061669651419,multimodal_equal,130.01770359713066,0.94875,6.442689682931336,6.442689682931336,6.442689682931336,6.442689682931336
flocking_robust_temporal,17,0.7324203752358182,0.7322309222911252,0.5016741071428571,0.6345404648886985,0.6345404648886985,1.0,0.0,0.0,0.0,0.0,0.0,0.008035714285714285,159,0.719320236589267,1.8222546299895022,0.9520089285714285,1.7912440019374025,3.6255195116995225,5.795939033612098,3.734866559624551,,3840,737280,0.7199999999999999,0.0,0.0,0.0,0.0,0,2.0,0.99375,4.01875,0.5040178571428571,0.49520089285714286,0.0,0.0,0.01875,3.1609773853579384,94.11173485039745,1.0003900420852005,multimodal_equal,0.17774537001049784,0.0020089285714285365,0.6345404648886985,0.6345404648886985,0.6345404648886985,0.6345404648886985
flocking_robust_temporal,18,6.445286362987253,0.6920675861448443,0.5008928571428571,6.425965744962992,6.425965744962992,1.0,0.0,0.0,0.0,1.0,1.0,0.0017857142857142857,160,6.443521896581467,126.8760504854475,0.0,1.8246693823923938,3.636715480846231,5.886978893092374,3.738005405607301,,3840,737280,0.7199999999999999,0.0,0.0,0.0,0.0,0,2.0,1.0,3.9875,0.5008928571428571,0.49910714285714286,0.0,0.0,0.0375,3.144487274098718,140.40336568327575,0.9787592079956084,multimodal_equal,124.8760504854475,0.95,6.425965744962992,6.425965744962992,6.425965744962992,6.425965744962992
flocking_robust_temporal,19,0.7066010398275827,0.7066010398275827,0.5049107142857142,0.5948021137757726,0.5948021137757726,1.0,0.0,0.0,0.0,0.0,0.0,0.00982142857142857,159,0.7046733820336801,1.7652932091601834,0.9487500000000001,1.7756104501750252,3.623762232670906,5.8812374522944015,3.774885394357878,,3840,737280,0.7199999999999999,0.0,0.0,0.0,0.0,0,1.99375,0.99375,4.00625,0.5049107142857142,0.4950892857142858,0.0,0.0,0.04375,3.1512157871225837,128.59971196013262,0.9839532501064241,multimodal_equal,0.2347067908398166,0.0012499999999998623,0.5948021137757726,0.5948021137757726,0.5948021137757726,0.5948021137757726
flocking_robust_temporal,20,5.253451554777228,0.790938073071975,0.5059151785714285,4.42083923123216,4.42083923123216,1.0,0.0,0.0,0.0,0.6582278481012658,0.65,0.013392857142857142,159,5.255018271161698,93.4745747326381,0.34270833333333334,1.702277926930836,3.647531899515414,5.8316817720129865,3.708945462624402,,3840,737280,0.7199999999999999,0.0,0.0,0.0,0.0,0,1.99375,0.9875,4.0125,0.5066964285714286,0.49252232142857144,0.0,0.0,0.04375,3.1039661936326053,116.56027208400194,0.9849969169590622,multimodal_equal,91.4745747326381,0.6072916666666666,4.42083923123216,4.42083923123216,4.42083923123216,4.42083923123216
flocking_robust_temporal,21,2.7790172001926834,0.6819346588179813,0.5120535714285714,1.6182403838031285,1.6182403838031285,1.0,0.0,0.0,0.0,0.1858974358974359,0.18125,0.02767857142857143,159,2.7916921224142337,22.429370775273334,0.8080357142857142,1.8007176842947121,3.6340948801393225,5.751162212344651,3.5892855256871257,,3840,737280,0.7199999999999999,0.0,0.0,0.0,0.0,0,1.98125,0.975,4.0125,0.5138392857142857,0.4853794642857143,0.0,0.0,0.1125,3.1323782410446475,111.92788444111133,0.9680763750802726,multimodal_equal,20.429370775273334,0.14196428571428577,1.6182403838031285,1.6182403838031285,1.6182403838031285,1.6182403838031285
flocking_robust_temporal,22,2.918419229646202,0.6747742477358036,0.50390625,1.7245745685038467,1.7245745685038467,1.0,0.0,0.0,0.0,0.1962025316455696,0.19375,0.014285714285714285,159,2.9266569745874436,26.120064663688034,0.7776041666666667,1.7583325790689763,3.615101025169505,5.863492632952339,3.776972842699716,,3840,737280,0.7199999999999999,0.0,0.0,0.0,0.0,0,1.99375,0.9875,4.0125,0.5071428571428571,0.49207589285714287,0.0,0.0,0.05,3.145947703573708,160.68833760987255,0.9811965827830136,multimodal_equal,24.120064663688034,0.1723958333333333,1.7245745685038467,1.7245745685038467,1.7245745685038467,1.7245745685038467
flocking_robust_temporal,23,0.6996899437264534,0.6996899437264534,0.5050595238095237,0.618197244791428,0.618197244791428,1.0,0.0,0.0,0.0,0.0,0.0,0.010119047619047618,160,0.70598133195908,1.8572744426276628,0.9640625,1.8418486483116965,3.6428978177599305,5.7780304160926,3.6733568210758833,,3840,737280,0.7199999999999999,0.0,0.0,0.0,0.0,0,1.99375,0.99375,4.0,0.5050595238095237,0.4949404761904762,0.0,0.0,0.05,3.1031302756357753,133.61660997349873,0.9696236250456423,multimodal_equal,0.14272555737233716,0.014062500000000089,0.618197244791428,0.618197244791428,0.618197244791428,0.618197244791428
flocking_robust_temporal,24,6.3324399713208015,0.7434508437912087,0.5049107142857142,6.304083776959446,6.304083776959446,1.0,0.0,0.0,0.0,1.0,0.99375,0.00982142857142857,159,6.331466706781256,125.44849517637621,0.003125,1.7387817035920663,3.642679946233483,5.761083147051847,3.645351331995711,,3840,737280,0.7199999999999999,0.0,0.0,0.0,0.0,0,1.99375,0.99375,4.0125,0.5049107142857142,0.4950892857142858,0.0,0.0,0.0375,3.1372389921010795,90.62791866652475,0.9818060421384871,multimodal_equal,123.44849517637621,0.9468749999999999,6.304083776959446,6.304083776959446,6.304083776959446,6.304083776959446
flocking_robust_temporal,25,3.2593096103052406,0.7616562647360225,0.5069196428571429,2.0316292724607257,2.0316292724607257,1.0,0.0,0.0,0.0,0.24050632911392406,0.2375,0.020535714285714286,159,3.2588110671799204,32.80173047470264,0.7290178571428572,1.8620350243121344,3.6216634111533574,5.823207788287922,3.7325684202062774,,3840,737280,0.7199999999999999,0.0,0.0,0.0,0.0,0,2.0,0.9875,4.0125,0.5094866071428571,0.48816964285714287,0.0,0.0,0.0875,3.1228695413658967,159.82283998161296,0.9673685000743717,multimodal_equal,30.801730474702637,0.2209821428571428,2.0316292724607257,2.0316292724607257,2.0316292724607257,2.0316292724607257
flocking_robust_temporal,26,0.749143110078034,0.7351763968224263,0.50234375,0.6311097558230696,0.6311097558230696,1.0,0.0,0.0,0.0,0.006289308176100629,0.00625,0.00625,159,0.7888199951952878,2.0285638284015914,0.9546875,1.6334819200641753,3.636252549278751,5.837401536223728,3.6569819914446122,,3840,737280,0.7199999999999999,0.0,0.0,0.0,0.0,0,2.0,0.99375,4.00625,0.50234375,0.49609375,0.0,0.0,0.0125,3.084415314080382,183.14780264915612,0.9984292909502983,multimodal_equal,0.02856382840159144,0.004687500000000067,0.6311097558230696,0.6311097558230696,0.6311097558230696,0.6311097558230696
flocking_robust_temporal,27,0.6437870071045488,0.6328223576645985,0.5001488095238095,0.563788503968893,0.563788503968893,1.0,0.0,0.0,0.0,0.00625,0.00625,0.0055059523809523805,160,0.6537804199940117,1.6101064958579312,0.984375,1.7440697841220967,3.6396854679771122,5.861365912081044,3.7766396230312482,,3840,737280,0.7199999999999999,0.0,0.0,0.0,0.0,0,2.00625,1.0,3.99375,0.5022321428571428,0.4967261904761905,0.0,0.0,0.04375,3.160183703803711,136.6303965176135,0.9861870419699699,multimodal_equal,0.3898935041420688,0.034375000000000044,0.563788503968893,0.563788503968893,0.563788503968893,0.563788503968893
flocking_robust_temporal,28,0.7192884744473094,0.7192884744473094,0.5022321428571429,0.6062421273629129,0.6062421273629129,1.0,0.0,0.0,0.0,0.0,0.0,0.011607142857142856,159,0.7311755890995378,1.8781215511334282,0.9552083333333332,1.738234093882945,3.6319512121890454,5.768948670258067,3.585156691016107,,3840,737280,0.7199999999999999,0.0,0.0,0.0,0.0,0,1.99375,0.99375,4.0125,0.5058035714285715,0.49419642857142854,0.0,0.0,0.05,3.108566878447305,140.90707248233437,0.9660498751327395,multimodal_equal,0.12187844886657184,0.005208333333333259,0.6062421273629129,0.6062421273629129,0.6062421273629129,0.6062421273629129
flocking_robust_temporal,29,6.536764169129789,0.6345752334469393,0.49921875,6.51689066545372,6.51689066545372,1.0,0.0,0.0,0.0,1.0,1.0,0.0,160,6.537160043241153,130.98129949693723,0.0,1.7528667546565344,3.6241719507735817,5.858437497411155,3.7034917695191254,,3840,737280,0.7199999999999999,0.0,0.0,0.0,0.0,0,2.00625,1.0,3.9875,0.5,0.49921875,0.0,0.0,0.025,3.147582511918577,155.91573951464468,0.9679684999864548,multimodal_equal,128.98129949693723,0.95,6.51689066545372,6.51689066545372,6.51689066545372,6.51689066545372
flocking_robust_mixture,0,3.156770745240453,0.7205669171242312,0.5068080357142858,3.120116675203504,3.120116675203504,0.0,1.0,0.0,0.0,0.0,0.0,0.020312499999999997,160,0.7081362371003187,1.8397379700872396,0.9609375,1.8008661515641475,3.6154208106248737,5.772859979334369,3.6784384514056407,,3840,737280,0.7199999999999999,0.0,0.0,0.0,0.0,0,1.9875,0.9875,4.00625,0.51015625,0.48984375,0.0,0.0,0.09375,3.075425549532116,131.83831149828146,0.961113124853,multimodal_equal,0.1602620299127604,0.010937500000000044,3.120116675203504,3.120116675203504,3.120116675203504,3.120116675203504
flocking_robust_mixture,1,3.230221040822694,0.672280041140491,0.5049107142857142,3.2109975183684476,3.2109975183684476,0.0,1.0,0.0,0.0,0.0,0.0,0.009821428571428571,159,0.6727698874535316,1.5655841249589533,0.9859375,1.7089969343253926,3.6352780486365375,5.857550754434389,3.701685419528283,,3840,737280,0.7199999999999999,0.0,0.0,0.0,0.0,0,2.0,0.99375,4.0125,0.5049107142857142,0.4943080357142858,0.0,0.0,0.0375,3.149601853091478,112.68645313217566,0.9875027080997825,multimodal_equal,0.43441587504104673,0.03593750000000007,3.2109975183684476,3.2109975183684476,3.2109975183684476,3.2109975183684476
flocking_robust_mixture,2,3.2819912220456606,0.7401537588356261,0.5005580357142857,3.259936776363945,3.259936776363945,0.0,1.0,0.0,0.0,0.0,0.0,0.004241071428571429,160,0.7569889629013947,2.099138323284097,0.9541666666666666,1.77107692436371,3.640658068633795,5.883438845686393,3.7246343640006727,,3840,737280,0.7199999999999999,0.0,0.0,0.0,0.0,0,2.00625,1.0,4.00625,0.5021205357142857,0.4970982142857143,0.0,0.0,0.01875,3.1255838539897063,162.64587932333453,0.9691148749552667,multimodal_equal,0.09913832328409722,0.004166666666666652,3.259936776363945,3.259936776363945,3.259936776363945,3.259936776363945
flocking_robust_mixture,3,3.257193351604624,0.8448731276168852,0.5032738095238095,3.2245810062240707,3.2245810062240707,0.0,1.0,0.0,0.0,0.0,0.0,0.01011904761904762,160,0.8555587017947678,2.5558979973487856,0.959375,1.7931340920120866,3.623841258923895,5.798036622684373,3.721390999901722,,3840,737280,0.7199999999999999,0.0,0.0,0.0,0.0,0,1.99375,0.99375,4.0,0.5050595238095238,0.4949404761904762,0.0,0.0,0.05,3.1384441879227887,140.34401712847983,0.9751443329732865,multimodal_equal,0.5558979973487856,0.009375000000000022,3.2245810062240707,3.2245810062240707,3.2245810062240707,3.2245810062240707
flocking_robust_mixture,4,3.290420182949975,0.7379592277386826,0.5020089285714285,3.2706743482595173,3.2706743482595173,0.0,1.0,0.0,0.0,0.0,0.0,0.008705357142857143,159,0.7544719972746137,1.8793150368027471,0.9508928571428571,1.6812198121750832,3.6095500649779266,5.851857662100874,3.688946816698491,,3840,737280,0.7199999999999999,0.0,0.0,0.0,0.0,0,2.00625,0.99375,4.0125,0.5027901785714286,0.4948660714285714,0.0,0.0,0.0125,3.0983961632094137,150.78977499175787,0.9706216249614954,multimodal_equal,0.12068496319725286,0.0008928571428571397,3.2706743482595173,3.2706743482595173,3.2706743482595173,3.2706743482595173
flocking_robust_mixture,5,3.227783949914474,0.6726506100762522,0.5040178571428571,3.208694809861,3.208694809861,0.0,1.0,0.0,0.0,0.0,0.0,0.008035714285714285,159,0.6698831424315661,1.6076822815058567,0.9875,1.7771082906118956,3.644754365604716,5.807591121731469,3.6544994857675723,,3840,737280,0.7199999999999999,0.0,0.0,0.0,0.0,0,1.99375,0.99375,4.0125,0.5040178571428571,0.49598214285714287,0.0,0.0,0.025,3.117814261289303,127.97040866299027,0.9666236250195652,multimodal_equal,0.3923177184941433,0.03750000000000009,3.208694809861,3.208694809861,3.208694809861,3.208694809861
flocking_robust_mixture,6,3.263289563429198,0.6448925903812054,0.5032366071428571,3.228448519236179,3.228448519236179,0.0,1.0,0.0,0.0,0.0,0.0,0.008816964285714286,160,0.6541879397093382,1.6070901213133983,0.9796875,1.7647897565536705,3.6066532441411523,5.882753683196256,3.76381527398818,,3840,737280,0.7199999999999999,0.0,0.0,0.0,0.0,0,2.00625,0.99375,4.0,0.5040178571428571,0.4944196428571429,0.0,0.0,0.0375,3.1495955305505356,140.01354168080226,0.9691615421324968,multimodal_equal,0.39290987868660165,0.02968750000000009,3.228448519236179,3.228448519236179,3.228448519236179,3.228448519236179
flocking_robust_mixture,7,3.281578673770759,0.690887778041024,0.5044642857142857,3.2615647155073852,3.2615647155073852,0.0,1.0,0.0,0.0,0.0,0.0,0.008928571428571428,159,0.6900071761310498,1.601830703497638,0.97890625,1.7387321026224836,3.6332046360918993,5.863240475556764,3.7582684381406373,,3840,737280,0.7199999999999999,0.0,0.0,0.0,0.0,0,1.99375,0.99375,4.025,0.5044642857142857,0.4955357142857143,0.0,0.0,0.01875,3.1406334493731096,94.52725575858928,0.9719729169737548,multimodal_equal,0.398169296502362,0.028906250000000022,3.2615647155073852,3.2615647155073852,3.2615647155073852,3.2615647155073852
flocking_robust_mixture,8,3.257194557456529,0.7233274965531705,0.5037946428571429,3.232176040937513,3.232176040937513,0.0,1.0,0.0,0.0,0.0,0.0,0.013058035714285715,159,0.7436982973491942,1.8567408567906054,0.9515625,1.8530144181484762,3.631430044815633,5.793107035928619,3.6993076637664606,,3840,737280,0.7199999999999999,0.0,0.0,0.0,0.0,0,2.00625,0.99375,4.01875,0.5045758928571429,0.49308035714285714,0.0,0.0,0.03125,3.136905132288889,140.61989850442464,0.9765206249430776,multimodal_equal,0.1432591432093946,0.0015625000000000222,3.232176040937513,3.232176040937513,3.232176040937513,3.232176040937513
flocking_robust_mixture,9,3.1767923821455084,0.6782511874213782,0.5071428571428571,3.1537214503606528,3.1537214503606528,0.0,1.0,0.0,0.0,0.0,0.0,0.015066964285714284,159,0.7133534092823792,1.7350180022399098,0.9677083333333332,1.858968141101067,3.605567754975941,5.807674713408135,3.7081792808482406,,3840,737280,0.7199999999999999,0.0,0.0,0.0,0.0,0,2.0,0.99375,4.00625,0.5071428571428571,0.49207589285714287,0.0,0.0,0.08125,3.136265753343502,134.6369387291788,0.9688812498934567,multimodal_equal,0.26498199776009024,0.017708333333333215,3.1537214503606528,3.1537214503606528,3.1537214503606528,3.1537214503606528
flocking_robust_mixture,10,3.165994607848115,0.6452959477720784,0.5055059523809524,3.138023701301362,3.138023701301362,0.0,1.0,0.0,0.0,0.0,0.0,0.011011904761904761,160,0.6474833817684228,1.6111880577677389,0.975,1.7613517281611604,3.641767253869692,5.799771694886855,3.637772561969367,,3840,737280,0.7199999999999999,0.0,0.0,0.0,0.0,0,1.99375,0.99375,4.0,0.5055059523809524,0.49449404761904764,0.0,0.0,0.05625,3.1320655476277577,105.96277055175102,0.9674027499277145,multimodal_equal,0.3888119422322611,0.025000000000000022,3.138023701301362,3.138023701301362,3.138023701301362,3.138023701301362
flocking_robust_mixture,11,3.2345007725437394,0.6346135200277787,0.5001116071428571,3.217052508531016,3.217052508531016,0.0,1.0,0.0,0.0,0.0,0.0,0.006919642857142858,160,0.6357857589556689,1.4562997491236689,0.9796875,1.7175007775220892,3.6424721278869385,5.8315706826932,3.712207530948683,,3840,737280,0.7199999999999999,0.0,0.0,0.0,0.0,0,2.00625,1.0,4.0,0.5025669642857142,0.4965401785714286,0.0,0.0,0.0375,3.0903529558987124,162.36418096627457,0.9720241250470281,multimodal_equal,0.5437002508763311,0.02968750000000009,3.217052508531016,3.217052508531016,3.217052508531016,3.217052508531016
flocking_robust_mixture,12,3.296416284172278,0.6812008896065053,0.5008928571428571,3.277017289534615,3.277017289534615,0.0,1.0,0.0,0.0,0.0,0.0,0.0017857142857142857,160,0.6649408744500186,1.6022369826600547,0.9765625,1.795800268533703,3.634434659318342,5.760472165876704,3.65404975652739,,3840,737280,0.7199999999999999,0.0,0.0,0.0,0.0,0,2.0,1.0,3.9875,0.5008928571428571,0.49910714285714286,0.0,0.0,0.0375,3.099586360176245,153.79096574035185,0.9692225409671664,multimodal_equal,0.39776301733994535,0.026562500000000044,3.277017289534615,3.277017289534615,3.277017289534615,3.277017289534615
flocking_robust_mixture,13,3.2707485643590837,0.7225934799530748,0.5044642857142857,3.248459255224683,3.248459255224683,0.0,1.0,0.0,0.0,0.0,0.0,0.009709821428571427,159,0.7123142700263577,1.781230012273685,0.9653124999999999,1.8688900590445994,3.6243980233693165,5.891209599415103,3.742040641179525,,3840,737280,0.7199999999999999,0.0,0.0,0.0,0.0,0,2.0,0.99375,4.00625,0.5044642857142857,0.49475446428571435,0.0,0.0,0.0375,3.135750210859561,174.06535797297877,0.9736080418806523,multimodal_equal,0.21876998772631495,0.015312499999999951,3.248459255224683,3.248459255224683,3.248459255224683,3.248459255224683
flocking_robust_mixture,14,3.204211118641848,0.7031095287194634,0.5075892857142856,3.1757335675092024,3.1757335675092024,0.0,1.0,0.0,0.0,0.0,0.0,0.015178571428571427,159,0.716771394074127,1.793935106121155,0.92890625,1.8275989249916749,3.634611268115205,5.8512259738563,3.69832070809115,,3840,737280,0.7199999999999999,0.0,0.0,0.0,0.0,0,1.9875,0.9875,4.025,0.5075892857142856,0.4924107142857143,0.0,0.0,0.04375,3.1325104187062283,155.7117637821849,0.9768475410528481,multimodal_equal,0.20606489387884497,0.02109374999999991,3.1757335675092024,3.1757335675092024,3.1757335675092024,3.1757335675092024
flocking_robust_mixture,15,3.322271616352613,0.7246561133698962,0.5011160714285714,3.3018044430281748,3.3018044430281748,0.0,1.0,0.0,0.0,0.0,0.0,0.007924107142857142,159,0.7219251338558028,1.9177751436964434,0.9675,1.8152256321139,3.6211644099095124,5.876412269865053,3.746920775922233,,3840,737280,0.7199999999999999,0.0,0.0,0.0,0.0,0,2.00625,0.99375,4.0,0.5027901785714286,0.4948660714285714,0.0,0.0,0.025,3.1048608337420145,173.97592112554872,0.9686868749558926,multimodal_equal,0.08222485630355658,0.01750000000000007,3.3018044430281748,3.3018044430281748,3.3018044430281748,3.3018044430281748
flocking_robust_mixture,16,3.2405468879755452,0.7615883397064562,0.5026785714285714,3.218657496782331,3.218657496782331,0.0,1.0,0.0,0.0,0.0,0.0,0.007142857142857143,159,0.720594004324068,1.7791251498352925,0.9668749999999999,1.7930353187075898,3.6237507112725282,5.875584727286642,3.7487058353337233,,3840,737280,0.7199999999999999,0.0,0.0,0.0,0.0,0,1.99375,0.99375,4.00625,0.5035714285714286,0.49642857142857144,0.0,0.0,0.025,3.1065298021031196,151.9668723868324,0.9928125410806388,multimodal_equal,0.22087485016470754,0.016874999999999973,3.218657496782331,3.218657496782331,3.218657496782331,3.218657496782331
flocking_robust_mixture,17,3.305471024865927,0.7322309222911252,0.5016741071428571,3.2803761754582674,3.2803761754582674,0.0,1.0,0.0,0.0,0.0,0.0,0.008035714285714285,159,0.7227098639165271,1.8300824506015556,0.9520089285714285,1.7912440019374025,3.6255195116995225,5.795939033612098,3.734866559624551,,3840,737280,0.7199999999999999,0.0,0.0,0.0,0.0,0,2.0,0.99375,4.01875,0.5040178571428571,0.49520089285714286,0.0,0.0,0.01875,3.1609773853579384,94.11173485039745,0.9861448749434203,multimodal_equal,0.1699175493984444,0.0020089285714285365,3.2803761754582674,3.2803761754582674,3.2803761754582674,3.2803761754582674
flocking_robust_mixture,18,3.2103162497650146,0.6920675861448443,0.5008928571428571,3.1910174717839843,3.1910174717839843,0.0,1.0,0.0,0.0,0.0,0.0,0.0017857142857142857,160,0.6900592209468104,1.8303008295319418,0.959375,1.8246693823923938,3.636715480846231,5.886978893092374,3.738005405607301,,3840,737280,0.7199999999999999,0.0,0.0,0.0,0.0,0,2.0,1.0,3.9875,0.5008928571428571,0.49910714285714286,0.0,0.0,0.0375,3.144487274098718,140.40336568327575,0.9806995000690222,multimodal_equal,0.16969917046805816,0.009375000000000022,3.1910174717839843,3.1910174717839843,3.1910174717839843,3.1910174717839843
flocking_robust_mixture,19,3.196910218720042,0.7066010398275827,0.5049107142857142,3.1672689549001314,3.1672689549001314,0.0,1.0,0.0,0.0,0.0,0.0,0.00982142857142857,159,0.7046733820336801,1.7652932091601834,0.9487500000000001,1.7756104501750252,3.623762232670906,5.8812374522944015,3.774885394357878,,3840,737280,0.7199999999999999,0.0,0.0,0.0,0.0,0,1.99375,0.99375,4.00625,0.5049107142857142,0.4950892857142858,0.0,0.0,0.04375,3.1512157871225837,128.59971196013262,0.9831209168769419,multimodal_equal,0.2347067908398166,0.0012499999999998623,3.1672689549001314,3.1672689549001314,3.1672689549001314,3.1672689549001314
flocking_robust_mixture,20,3.268883997427149,0.790938073071975,0.5059151785714285,3.2412071142525862,3.2412071142525862,0.0,1.0,0.0,0.0,0.0,0.0,0.013392857142857142,159,0.8012782458589177,2.3076299855088296,0.9864583333333334,1.702277926930836,3.647531899515414,5.8316817720129865,3.708945462624402,,3840,737280,0.7199999999999999,0.0,0.0,0.0,0.0,0,1.99375,0.9875,4.0125,0.5066964285714286,0.49252232142857144,0.0,0.0,0.04375,3.1039661936326053,116.56027208400194,0.9928721250034869,multimodal_equal,0.3076299855088296,0.03645833333333348,3.2412071142525862,3.2412071142525862,3.2412071142525862,3.2412071142525862
flocking_robust_mixture,21,3.2089290305638594,0.6819346588179813,0.5120535714285714,3.172062027187127,3.172062027187127,0.0,1.0,0.0,0.0,0.0,0.0,0.02767857142857143,159,0.6753747029695738,1.5428417196957005,0.9892857142857142,1.8007176842947121,3.6340948801393225,5.751162212344651,3.5892855256871257,,3840,737280,0.7199999999999999,0.0,0.0,0.0,0.0,0,1.98125,0.975,4.0125,0.5138392857142857,0.4853794642857143,0.0,0.0,0.1125,3.1323782410446475,111.92788444111133,0.9648628339637071,multimodal_equal,0.4571582803042995,0.03928571428571426,3.172062027187127,3.172062027187127,3.172062027187127,3.172062027187127
flocking_robust_mixture,22,3.269974484480241,0.6747742477358036,0.50390625,3.2451411022890966,3.2451411022890966,0.0,1.0,0.0,0.0,0.0,0.0,0.014285714285714285,159,0.7069430289814914,1.6398643348571174,0.9713541666666667,1.7583325790689763,3.615101025169505,5.863492632952339,3.776972842699716,,3840,737280,0.7199999999999999,0.0,0.0,0.0,0.0,0,1.99375,0.9875,4.0125,0.5071428571428571,0.49207589285714287,0.0,0.0,0.05,3.145947703573708,160.68833760987255,0.9798176661133766,multimodal_equal,0.36013566514288264,0.021354166666666785,3.2451411022890966,3.2451411022890966,3.2451411022890966,3.2451411022890966
flocking_robust_mixture,23,3.204766469498322,0.6996899437264534,0.5050595238095237,3.1722969467373976,3.1722969467373976,0.0,1.0,0.0,0.0,0.0,0.0,0.010119047619047618,160,0.70598133195908,1.8572744426276628,0.9640625,1.8418486483116965,3.6428978177599305,5.7780304160926,3.6733568210758833,,3840,737280,0.7199999999999999,0.0,0.0,0.0,0.0,0,1.99375,0.99375,4.0,0.5050595238095237,0.4949404761904762,0.0,0.0,0.05,3.1031302756357753,133.61660997349873,0.9670548329595476,multimodal_equal,0.14272555737233716,0.014062500000000089,3.1722969467373976,3.1722969467373976,3.1722969467373976,3.1722969467373976
flocking_robust_mixture,24,3.1755870202839254,0.7434508437912087,0.5049107142857142,3.1519854917154824,3.1519854917154824,0.0,1.0,0.0,0.0,0.0,0.0,0.00982142857142857,159,0.7067106534058178,1.627553395245259,0.971875,1.7387817035920663,3.642679946233483,5.761083147051847,3.645351331995711,,3840,737280,0.7199999999999999,0.0,0.0,0.0,0.0,0,1.99375,0.99375,4.0125,0.5049107142857142,0.4950892857142858,0.0,0.0,0.0375,3.1372389921010795,90.62791866652475,0.9853988750837743,multimodal_equal,0.372446604754741,0.02187500000000009,3.1519854917154824,3.1519854917154824,3.1519854917154824,3.1519854917154824
flocking_robust_mixture,25,3.306861882180346,0.7616562647360225,0.5069196428571429,3.279416020047472,3.279416020047472,0.0,1.0,0.0,0.0,0.0,0.0,0.020535714285714286,159,0.7601921092349988,2.014240002055849,0.9540178571428571,1.8620350243121344,3.6216634111533574,5.823207788287922,3.7325684202062774,,3840,737280,0.7199999999999999,0.0,0.0,0.0,0.0,0,2.0,0.9875,4.0125,0.5094866071428571,0.48816964285714287,0.0,0.0,0.0875,3.1228695413658967,159.82283998161296,0.9699745839461684,multimodal_equal,0.014240002055848855,0.004017857142857184,3.279416020047472,3.279416020047472,3.279416020047472,3.279416020047472
flocking_robust_mixture,26,3.2748697505757596,0.7351763968224263,0.50234375,3.256647008924232,3.256647008924232,0.0,1.0,0.0,0.0,0.0,0.0,0.00625,159,0.7489671048635665,1.9409340200015741,0.9578125,1.6334819200641753,3.636252549278751,5.837401536223728,3.6569819914446122,,3840,737280,0.7199999999999999,0.0,0.0,0.0,0.0,0,2.0,0.99375,4.00625,0.50234375,0.49609375,0.0,0.0,0.0125,3.084415314080382,183.14780264915612,0.9834704170934856,multimodal_equal,0.05906597999842589,0.0078125,3.256647008924232,3.256647008924232,3.256647008924232,3.256647008924232
flocking_robust_mixture,27,3.166143748814275,0.6328223576645985,0.5001488095238095,3.1380414415624673,3.1380414415624673,0.0,1.0,0.0,0.0,0.0,0.0,0.0055059523809523805,160,0.639988345404338,1.5936718778143777,0.984375,1.7440697841220967,3.6396854679771122,5.861365912081044,3.7766396230312482,,3840,737280,0.7199999999999999,0.0,0.0,0.0,0.0,0,2.00625,1.0,3.99375,0.5022321428571428,0.4967261904761905,0.0,0.0,0.04375,3.160183703803711,136.6303965176135,0.9803127921186388,multimodal_equal,0.4063281221856223,0.034375000000000044,3.1380414415624673,3.1380414415624673,3.1380414415624673,3.1380414415624673
flocking_robust_mixture,28,3.230482127061516,0.7192884744473094,0.5022321428571429,3.21147193872728,3.21147193872728,0.0,1.0,0.0,0.0,0.0,0.0,0.011607142857142856,159,0.7311755890995378,1.8781215511334282,0.9552083333333332,1.738234093882945,3.6319512121890454,5.768948670258067,3.585156691016107,,3840,737280,0.7199999999999999,0.0,0.0,0.0,0.0,0,1.99375,0.99375,4.0125,0.5058035714285715,0.49419642857142854,0.0,0.0,0.05,3.108566878447305,140.90707248233437,0.9812209999654442,multimodal_equal,0.12187844886657184,0.005208333333333259,3.21147193872728,3.21147193872728,3.21147193872728,3.21147193872728
flocking_robust_mixture,29,3.3244775375025464,0.6345752334469393,0.49921875,3.30664040731575,3.30664040731575,0.0,1.0,0.0,0.0,0.0,0.0,0.0,160,0.6370358300610689,1.5857303344106708,0.978125,1.7528667546565344,3.6241719507735817,5.858437497411155,3.7034917695191254,,3840,737280,0.7199999999999999,0.0,0.0,0.0,0.0,0,2.00625,1.0,3.9875,0.5,0.49921875,0.0,0.0,0.025,3.147582511918577,155.91573951464468,0.9793939159717411,multimodal_equal,0.4142696655893292,0.028125000000000067,3.30664040731575,3.30664040731575,3.30664040731575,3.30664040731575
flocking_robust_defer,0,3.156770745240453,0.7205669171242312,0.5068080357142858,1.3836365379623499,0.6336365379623498,0.0,0.0,1.0,0.0,0.0,0.0,0.020312499999999997,160,0.7081362371003187,1.8397379700872396,0.9609375,1.8008661515641475,3.6154208106248737,5.772859979334369,3.6784384514056407,,3840,737280,0.7199999999999999,0.0,0.0,0.0,0.0,0,1.9875,0.9875,4.00625,0.51015625,0.48984375,0.0,0.0,0.09375,3.075425549532116,131.83831149828146,0.9677745420485735,multimodal_equal,0.1602620299127604,0.010937500000000044,0.8836365379623498,1.1336365379623499,1.6336365379623499,2.13363653796235
flocking_robust_defer,1,3.230221040822694,0.672280041140491,0.5049107142857142,1.345669932893411,0.5956699328934109,0.0,0.0,1.0,0.0,0.0,0.0,0.009821428571428571,159,0.6727698874535316,1.5655841249589533,0.9859375,1.7089969343253926,3.6352780486365375,5.857550754434389,3.701685419528283,,3840,737280,0.7199999999999999,0.0,0.0,0.0,0.0,0,2.0,0.99375,4.0125,0.5049107142857142,0.4943080357142858,0.0,0.0,0.0375,3.149601853091478,112.68645313217566,0.9826055420562625,multimodal_equal,0.43441587504104673,0.03593750000000007,0.8456699328934109,1.095669932893411,1.595669932893411,2.095669932893411
flocking_robust_defer,2,3.2819912220456606,0.7401537588356261,0.5005580357142857,1.4145777875515062,0.6645777875515062,0.0,0.0,1.0,0.0,0.0,0.0,0.004241071428571429,160,0.7569889629013947,2.099138323284097,0.9541666666666666,1.77107692436371,3.640658068633795,5.883438845686393,3.7246343640006727,,3840,737280,0.7199999999999999,0.0,0.0,0.0,0.0,0,2.00625,1.0,4.00625,0.5021205357142857,0.4970982142857143,0.0,0.0,0.01875,3.1255838539897063,162.64587932333453,0.9828291670419276,multimodal_equal,0.09913832328409722,0.004166666666666652,0.9145777875515062,1.1645777875515062,1.6645777875515062,2.164577787551506
flocking_robust_defer,3,3.257193351604624,0.8448731276168852,0.5032738095238095,1.3774380278299303,0.6274380278299302,0.0,0.0,1.0,0.0,0.0,0.0,0.01011904761904762,160,0.8555587017947678,2.5558979973487856,0.959375,1.7931340920120866,3.623841258923895,5.798036622684373,3.721390999901722,,3840,737280,0.7199999999999999,0.0,0.0,0.0,0.0,0,1.99375,0.99375,4.0,0.5050595238095238,0.4949404761904762,0.0,0.0,0.05,3.1384441879227887,140.34401712847983,0.9741452080197632,multimodal_equal,0.5558979973487856,0.009375000000000022,0.8774380278299302,1.12743802782993,1.62743802782993,2.12743802782993
flocking_robust_defer,4,3.290420182949975,0.7379592277386826,0.5020089285714285,1.3703912280706851,0.620391228070685,0.0,0.0,1.0,0.0,0.0,0.0,0.008705357142857143,159,0.7544719972746137,1.8793150368027471,0.9508928571428571,1.6812198121750832,3.6095500649779266,5.851857662100874,3.688946816698491,,3840,737280,0.7199999999999999,0.0,0.0,0.0,0.0,0,2.00625,0.99375,4.0125,0.5027901785714286,0.4948660714285714,0.0,0.0,0.0125,3.0983961632094137,150.78977499175787,0.9783180828671902,multimodal_equal,0.12068496319725286,0.0008928571428571397,0.870391228070685,1.1203912280706851,1.6203912280706851,2.120391228070685
flocking_robust_defer,5,3.227783949914474,0.6726506100762522,0.5040178571428571,1.335175370811319,0.585175370811319,0.0,0.0,1.0,0.0,0.0,0.0,0.008035714285714285,159,0.6698831424315661,1.6076822815058567,0.9875,1.7771082906118956,3.644754365604716,5.807591121731469,3.6544994857675723,,3840,737280,0.7199999999999999,0.0,0.0,0.0,0.0,0,1.99375,0.99375,4.0125,0.5040178571428571,0.49598214285714287,0.0,0.0,0.025,3.117814261289303,127.97040866299027,0.9746289581526071,multimodal_equal,0.3923177184941433,0.03750000000000009,0.835175370811319,1.085175370811319,1.585175370811319,2.085175370811319
flocking_robust_defer,6,3.263289563429198,0.6448925903812054,0.5032366071428571,1.3292519327250008,0.5792519327250006,0.0,0.0,1.0,0.0,0.0,0.0,0.008816964285714286,160,0.6541879397093382,1.6070901213133983,0.9796875,1.7647897565536705,3.6066532441411523,5.882753683196256,3.76381527398818,,3840,737280,0.7199999999999999,0.0,0.0,0.0,0.0,0,2.00625,0.99375,4.0,0.5040178571428571,0.4944196428571429,0.0,0.0,0.0375,3.1495955305505356,140.01354168080226,0.9651867500506341,multimodal_equal,0.39290987868660165,0.02968750000000009,0.8292519327250006,1.0792519327250005,1.5792519327250005,2.0792519327250005
flocking_robust_defer,7,3.281578673770759,0.690887778041024,0.5044642857142857,1.3331275593728524,0.5831275593728524,0.0,0.0,1.0,0.0,0.0,0.0,0.008928571428571428,159,0.6900071761310498,1.601830703497638,0.97890625,1.7387321026224836,3.6332046360918993,5.863240475556764,3.7582684381406373,,3840,737280,0.7199999999999999,0.0,0.0,0.0,0.0,0,1.99375,0.99375,4.025,0.5044642857142857,0.4955357142857143,0.0,0.0,0.01875,3.1406334493731096,94.52725575858928,0.9738497908692807,multimodal_equal,0.398169296502362,0.028906250000000022,0.8331275593728524,1.0831275593728524,1.5831275593728524,2.083127559372852
flocking_robust_defer,8,3.257194557456529,0.7233274965531705,0.5037946428571429,1.3866615838268765,0.6366615838268765,0.0,0.0,1.0,0.0,0.0,0.0,0.013058035714285715,159,0.7436982973491942,1.8567408567906054,0.9515625,1.8530144181484762,3.631430044815633,5.793107035928619,3.6993076637664606,,3840,737280,0.7199999999999999,0.0,0.0,0.0,0.0,0,2.00625,0.99375,4.01875,0.5045758928571429,0.49308035714285714,0.0,0.0,0.03125,3.136905132288889,140.61989850442464,0.9589070410002023,multimodal_equal,0.1432591432093946,0.0015625000000000222,0.8866615838268765,1.1366615838268765,1.6366615838268765,2.1366615838268768
flocking_robust_defer,9,3.1767923821455084,0.6782511874213782,0.5071428571428571,1.3395881449899458,0.5895881449899457,0.0,0.0,1.0,0.0,0.0,0.0,0.015066964285714284,159,0.7133534092823792,1.7350180022399098,0.9677083333333332,1.858968141101067,3.605567754975941,5.807674713408135,3.7081792808482406,,3840,737280,0.7199999999999999,0.0,0.0,0.0,0.0,0,2.0,0.99375,4.00625,0.5071428571428571,0.49207589285714287,0.0,0.0,0.08125,3.136265753343502,134.6369387291788,0.970140540972352,multimodal_equal,0.26498199776009024,0.017708333333333215,0.8395881449899457,1.0895881449899458,1.5895881449899458,2.089588144989946
flocking_robust_defer,10,3.165994607848115,0.6452959477720784,0.5055059523809524,1.319813249374398,0.5698132493743978,0.0,0.0,1.0,0.0,0.0,0.0,0.011011904761904761,160,0.6474833817684228,1.6111880577677389,0.975,1.7613517281611604,3.641767253869692,5.799771694886855,3.637772561969367,,3840,737280,0.7199999999999999,0.0,0.0,0.0,0.0,0,1.99375,0.99375,4.0,0.5055059523809524,0.49449404761904764,0.0,0.0,0.05625,3.1320655476277577,105.96277055175102,0.9798910000827163,multimodal_equal,0.3888119422322611,0.025000000000000022,0.8198132493743978,1.069813249374398,1.569813249374398,2.069813249374398
flocking_robust_defer,11,3.2345007725437394,0.6346135200277787,0.5001116071428571,1.3028243627552099,0.5528243627552099,0.0,0.0,1.0,0.0,0.0,0.0,0.006919642857142858,160,0.6357857589556689,1.4562997491236689,0.9796875,1.7175007775220892,3.6424721278869385,5.8315706826932,3.712207530948683,,3840,737280,0.7199999999999999,0.0,0.0,0.0,0.0,0,2.00625,1.0,4.0,0.5025669642857142,0.4965401785714286,0.0,0.0,0.0375,3.0903529558987124,162.36418096627457,0.9728352089878172,multimodal_equal,0.5437002508763311,0.02968750000000009,0.8028243627552099,1.0528243627552099,1.5528243627552099,2.05282436275521
flocking_robust_defer,12,3.296416284172278,0.6812008896065053,0.5008928571428571,1.3473246366867686,0.5973246366867686,0.0,0.0,1.0,0.0,0.0,0.0,0.0017857142857142857,160,0.6649408744500186,1.6022369826600547,0.9765625,1.795800268533703,3.634434659318342,5.760472165876704,3.65404975652739,,3840,737280,0.7199999999999999,0.0,0.0,0.0,0.0,0,2.0,1.0,3.9875,0.5008928571428571,0.49910714285714286,0.0,0.0,0.0375,3.099586360176245,153.79096574035185,0.96132045914419,multimodal_equal,0.39776301733994535,0.026562500000000044,0.8473246366867686,1.0973246366867686,1.5973246366867686,2.0973246366867686
flocking_robust_defer,13,3.2707485643590837,0.7225934799530748,0.5044642857142857,1.3749013260947998,0.6249013260947998,0.0,0.0,1.0,0.0,0.0,0.0,0.009709821428571427,159,0.7123142700263577,1.781230012273685,0.9653124999999999,1.8688900590445994,3.6243980233693165,5.891209599415103,3.742040641179525,,3840,737280,0.7199999999999999,0.0,0.0,0.0,0.0,0,2.0,0.99375,4.00625,0.5044642857142857,0.49475446428571435,0.0,0.0,0.0375,3.135750210859561,174.06535797297877,0.9640696670394391,multimodal_equal,0.21876998772631495,0.015312499999999951,0.8749013260947998,1.1249013260947998,1.6249013260947998,2.1249013260947995
flocking_robust_defer,14,3.204211118641848,0.7031095287194634,0.5075892857142856,1.342912084213881,0.5929120842138811,0.0,0.0,1.0,0.0,0.0,0.0,0.015178571428571427,159,0.716771394074127,1.793935106121155,0.92890625,1.8275989249916749,3.634611268115205,5.8512259738563,3.69832070809115,,3840,737280,0.7199999999999999,0.0,0.0,0.0,0.0,0,1.9875,0.9875,4.025,0.5075892857142856,0.4924107142857143,0.0,0.0,0.04375,3.1325104187062283,155.7117637821849,0.9728706669993699,multimodal_equal,0.20606489387884497,0.02109374999999991,0.8429120842138811,1.092912084213881,1.592912084213881,2.0929120842138813
flocking_robust_defer,15,3.322271616352613,0.7246561133698962,0.5011160714285714,1.3800573336577175,0.6300573336577175,0.0,0.0,1.0,0.0,0.0,0.0,0.007924107142857142,159,0.7219251338558028,1.9177751436964434,0.9675,1.8152256321139,3.6211644099095124,5.876412269865053,3.746920775922233,,3840,737280,0.7199999999999999,0.0,0.0,0.0,0.0,0,2.00625,0.99375,4.0,0.5027901785714286,0.4948660714285714,0.0,0.0,0.025,3.1048608337420145,173.97592112554872,0.9847632499877363,multimodal_equal,0.08222485630355658,0.01750000000000007,0.8800573336577175,1.1300573336577175,1.6300573336577175,2.1300573336577173
flocking_robust_defer,16,3.2405468879755452,0.7615883397064562,0.5026785714285714,1.392511269066895,0.642511269066895,0.0,0.0,1.0,0.0,0.0,0.0,0.007142857142857143,159,0.720594004324068,1.7791251498352925,0.9668749999999999,1.7930353187075898,3.6237507112725282,5.875584727286642,3.7487058353337233,,3840,737280,0.7199999999999999,0.0,0.0,0.0,0.0,0,1.99375,0.99375,4.00625,0.5035714285714286,0.49642857142857144,0.0,0.0,0.025,3.1065298021031196,151.9668723868324,0.9811571659520268,multimodal_equal,0.22087485016470754,0.016874999999999973,0.892511269066895,1.142511269066895,1.642511269066895,2.142511269066895
flocking_robust_defer,17,3.305471024865927,0.7322309222911252,0.5016741071428571,1.3844661254598463,0.6344661254598462,0.0,0.0,1.0,0.0,0.0,0.0,0.008035714285714285,159,0.7227098639165271,1.8300824506015556,0.9520089285714285,1.7912440019374025,3.6255195116995225,5.795939033612098,3.734866559624551,,3840,737280,0.7199999999999999,0.0,0.0,0.0,0.0,0,2.0,0.99375,4.01875,0.5040178571428571,0.49520089285714286,0.0,0.0,0.01875,3.1609773853579384,94.11173485039745,0.9820190828759223,multimodal_equal,0.1699175493984444,0.0020089285714285365,0.8844661254598462,1.1344661254598463,1.6344661254598463,2.1344661254598463
flocking_robust_defer,18,3.2103162497650146,0.6920675861448443,0.5008928571428571,1.3663910816240012,0.6163910816240012,0.0,0.0,1.0,0.0,0.0,0.0,0.0017857142857142857,160,0.6900592209468104,1.8303008295319418,0.959375,1.8246693823923938,3.636715480846231,5.886978893092374,3.738005405607301,,3840,737280,0.7199999999999999,0.0,0.0,0.0,0.0,0,2.0,1.0,3.9875,0.5008928571428571,0.49910714285714286,0.0,0.0,0.0375,3.144487274098718,140.40336568327575,0.9839515830390155,multimodal_equal,0.16969917046805816,0.009375000000000022,0.8663910816240012,1.1163910816240012,1.6163910816240012,2.116391081624001
flocking_robust_defer,19,3.196910218720042,0.7066010398275827,0.5049107142857142,1.3448021137757726,0.5948021137757726,0.0,0.0,1.0,0.0,0.0,0.0,0.00982142857142857,159,0.7046733820336801,1.7652932091601834,0.9487500000000001,1.7756104501750252,3.623762232670906,5.8812374522944015,3.774885394357878,,3840,737280,0.7199999999999999,0.0,0.0,0.0,0.0,0,1.99375,0.99375,4.00625,0.5049107142857142,0.4950892857142858,0.0,0.0,0.04375,3.1512157871225837,128.59971196013262,0.9893762918654829,multimodal_equal,0.2347067908398166,0.0012499999999998623,0.8448021137757726,1.0948021137757726,1.5948021137757726,2.0948021137757724
flocking_robust_defer,20,3.268883997427149,0.790938073071975,0.5059151785714285,1.3430592703076492,0.5930592703076493,0.0,0.0,1.0,0.0,0.0,0.0,0.013392857142857142,159,0.8012782458589177,2.3076299855088296,0.9864583333333334,1.702277926930836,3.647531899515414,5.8316817720129865,3.708945462624402,,3840,737280,0.7199999999999999,0.0,0.0,0.0,0.0,0,1.99375,0.9875,4.0125,0.5066964285714286,0.49252232142857144,0.0,0.0,0.04375,3.1039661936326053,116.56027208400194,0.9994152500294149,multimodal_equal,0.3076299855088296,0.03645833333333348,0.8430592703076493,1.0930592703076494,1.5930592703076494,2.0930592703076494
flocking_robust_defer,21,3.2089290305638594,0.6819346588179813,0.5120535714285714,1.3241958515126702,0.5741958515126702,0.0,0.0,1.0,0.0,0.0,0.0,0.02767857142857143,159,0.6753747029695738,1.5428417196957005,0.9892857142857142,1.8007176842947121,3.6340948801393225,5.751162212344651,3.5892855256871257,,3840,737280,0.7199999999999999,0.0,0.0,0.0,0.0,0,1.98125,0.975,4.0125,0.5138392857142857,0.4853794642857143,0.0,0.0,0.1125,3.1323782410446475,111.92788444111133,0.9600351660046726,multimodal_equal,0.4571582803042995,0.03928571428571426,0.8241958515126702,1.0741958515126702,1.5741958515126702,2.07419585151267
flocking_robust_defer,22,3.269974484480241,0.6747742477358036,0.50390625,1.322512161650732,0.5725121616507322,0.0,0.0,1.0,0.0,0.0,0.0,0.014285714285714285,159,0.7069430289814914,1.6398643348571174,0.9713541666666667,1.7583325790689763,3.615101025169505,5.863492632952339,3.776972842699716,,3840,737280,0.7199999999999999,0.0,0.0,0.0,0.0,0,1.99375,0.9875,4.0125,0.5071428571428571,0.49207589285714287,0.0,0.0,0.05,3.145947703573708,160.68833760987255,0.9884119590278715,multimodal_equal,0.36013566514288264,0.021354166666666785,0.8225121616507322,1.072512161650732,1.572512161650732,2.072512161650732
flocking_robust_defer,23,3.204766469498322,0.6996899437264534,0.5050595238095237,1.368197244791428,0.618197244791428,0.0,0.0,1.0,0.0,0.0,0.0,0.010119047619047618,160,0.70598133195908,1.8572744426276628,0.9640625,1.8418486483116965,3.6428978177599305,5.7780304160926,3.6733568210758833,,3840,737280,0.7199999999999999,0.0,0.0,0.0,0.0,0,1.99375,0.99375,4.0,0.5050595238095237,0.4949404761904762,0.0,0.0,0.05,3.1031302756357753,133.61660997349873,0.9805306659545749,multimodal_equal,0.14272555737233716,0.014062500000000089,0.868197244791428,1.118197244791428,1.618197244791428,2.118197244791428
flocking_robust_defer,24,3.1755870202839254,0.7434508437912087,0.5049107142857142,1.3332292719851548,0.5832292719851546,0.0,0.0,1.0,0.0,0.0,0.0,0.00982142857142857,159,0.7067106534058178,1.627553395245259,0.971875,1.7387817035920663,3.642679946233483,5.761083147051847,3.645351331995711,,3840,737280,0.7199999999999999,0.0,0.0,0.0,0.0,0,1.99375,0.99375,4.0125,0.5049107142857142,0.4950892857142858,0.0,0.0,0.0375,3.1372389921010795,90.62791866652475,0.9855393748730421,multimodal_equal,0.372446604754741,0.02187500000000009,0.8332292719851546,1.0832292719851546,1.5832292719851546,2.0832292719851546
flocking_robust_defer,25,3.306861882180346,0.7616562647360225,0.5069196428571429,1.4036727975732224,0.6536727975732225,0.0,0.0,1.0,0.0,0.0,0.0,0.020535714285714286,159,0.7601921092349988,2.014240002055849,0.9540178571428571,1.8620350243121344,3.6216634111533574,5.823207788287922,3.7325684202062774,,3840,737280,0.7199999999999999,0.0,0.0,0.0,0.0,0,2.0,0.9875,4.0125,0.5094866071428571,0.48816964285714287,0.0,0.0,0.0875,3.1228695413658967,159.82283998161296,0.9708499999251217,multimodal_equal,0.014240002055848855,0.004017857142857184,0.9036727975732225,1.1536727975732224,1.6536727975732224,2.1536727975732224
flocking_robust_defer,26,3.2748697505757596,0.7351763968224263,0.50234375,1.3730374826427532,0.6230374826427533,0.0,0.0,1.0,0.0,0.0,0.0,0.00625,159,0.7489671048635665,1.9409340200015741,0.9578125,1.6334819200641753,3.636252549278751,5.837401536223728,3.6569819914446122,,3840,737280,0.7199999999999999,0.0,0.0,0.0,0.0,0,2.0,0.99375,4.00625,0.50234375,0.49609375,0.0,0.0,0.0125,3.084415314080382,183.14780264915612,0.9863086671102792,multimodal_equal,0.05906597999842589,0.0078125,0.8730374826427533,1.1230374826427534,1.6230374826427534,2.1230374826427534
flocking_robust_defer,27,3.166143748814275,0.6328223576645985,0.5001488095238095,1.3074330124059004,0.5574330124059004,0.0,0.0,1.0,0.0,0.0,0.0,0.0055059523809523805,160,0.639988345404338,1.5936718778143777,0.984375,1.7440697841220967,3.6396854679771122,5.861365912081044,3.7766396230312482,,3840,737280,0.7199999999999999,0.0,0.0,0.0,0.0,0,2.00625,1.0,3.99375,0.5022321428571428,0.4967261904761905,0.0,0.0,0.04375,3.160183703803711,136.6303965176135,0.9945694159250706,multimodal_equal,0.4063281221856223,0.034375000000000044,0.8074330124059004,1.0574330124059004,1.5574330124059004,2.0574330124059004
flocking_robust_defer,28,3.230482127061516,0.7192884744473094,0.5022321428571429,1.356242127362913,0.6062421273629129,0.0,0.0,1.0,0.0,0.0,0.0,0.011607142857142856,159,0.7311755890995378,1.8781215511334282,0.9552083333333332,1.738234093882945,3.6319512121890454,5.768948670258067,3.585156691016107,,3840,737280,0.7199999999999999,0.0,0.0,0.0,0.0,0,1.99375,0.99375,4.0125,0.5058035714285715,0.49419642857142854,0.0,0.0,0.05,3.108566878447305,140.90707248233437,0.9545770830009133,multimodal_equal,0.12187844886657184,0.005208333333333259,0.8562421273629129,1.106242127362913,1.606242127362913,2.106242127362913
flocking_robust_defer,29,3.3244775375025464,0.6345752334469393,0.49921875,1.306644880196283,0.5566448801962831,0.0,0.0,1.0,0.0,0.0,0.0,0.0,160,0.6370358300610689,1.5857303344106708,0.978125,1.7528667546565344,3.6241719507735817,5.858437497411155,3.7034917695191254,,3840,737280,0.7199999999999999,0.0,0.0,0.0,0.0,0,2.00625,1.0,3.9875,0.5,0.49921875,0.0,0.0,0.025,3.147582511918577,155.91573951464468,0.9678127919323742,multimodal_equal,0.4142696655893292,0.028125000000000067,0.8066448801962831,1.056644880196283,1.556644880196283,2.0566448801962833
flocking_robust_active,0,3.204397162693322,0.6853201976515424,0.5108258928571429,1.4071262916278826,0.6924387916278827,0.05625,0.0,0.94375,0.06875,0.3333333333333333,0.01875,0.0265625,160,1.0485365984683628,2.5964635906708287,0.959375,1.79908525472177,3.6252474823264875,5.6840436297730905,3.6543442875149283,,3840,737280,0.7199999999999999,0.0,0.0,0.0,0.0,0,1.98125,0.98125,4.00625,0.51328125,0.48671875,0.0,0.0,0.11875,3.076315056532915,135.47519949487742,0.9623993330169469,multimodal_equal,0.5964635906708287,0.009375000000000022,0.9352512916278827,1.1711887916278827,1.6430637916278825,2.114938791627883
flocking_robust_active,1,3.225700847806545,0.7233681110909723,0.5049107142857142,1.377304904525706,0.6363674045257063,0.01875,0.0,0.98125,0.05,0.0,0.0,0.009821428571428571,159,0.7205498804782478,1.8239423286748284,0.9796875,1.7176807628061272,3.637608151582575,5.747938264572041,3.668922343348714,,3840,737280,0.7199999999999999,0.0,0.0,0.0,0.0,0,2.0,0.99375,4.0125,0.5049107142857142,0.4943080357142858,0.0,0.0,0.0375,3.1520488223957814,116.22785747187461,0.9720625411719084,multimodal_equal,0.17605767132517158,0.02968750000000009,0.8866799045257062,1.1319924045257062,1.6226174045257062,2.113242404525706
flocking_robust_active,2,3.3565101701744418,0.6359749538854987,0.5005580357142857,1.408935500792445,0.6679980007924449,0.01875,0.0,0.98125,0.05,1.0,0.01875,0.004241071428571429,160,1.0743690122049125,2.6053638797704104,0.9765625,1.6813633449997483,3.6487853597667566,5.796459301472993,3.7479935204921935,,3840,737280,0.7199999999999999,0.0,0.0,0.0,0.0,0,2.00625,1.0,4.00625,0.5021205357142857,0.4970982142857143,0.0,0.0,0.01875,3.124399277011578,162.68939372622006,0.989381916821003,multimodal_equal,0.6053638797704104,0.026562500000000044,0.9183105007924449,1.1636230007924446,1.6542480007924447,2.144873000792445
flocking_robust_active,3,3.167512659630016,0.6505226802730277,0.5001488095238095,1.308103784649575,0.5671662846495751,0.01875,0.0,0.98125,0.05,0.0,0.0,0.003869047619047619,160,0.6695565962333299,1.6414889543214912,0.959375,1.7893540571062476,3.6310293004138643,5.746642987355489,3.7090281740142252,,3840,737280,0.7199999999999999,0.0,0.0,0.0,0.0,0,2.0,1.0,4.0,0.5019345238095239,0.4980654761904762,0.0,0.0,0.025,3.139573797700945,141.61978515606424,0.9761511250399053,multimodal_equal,0.3585110456785088,0.009375000000000022,0.8174787846495751,1.0627912846495748,1.553416284649575,2.044041284649575
flocking_robust_active,4,3.3312141369814685,0.7147595836750488,0.5020089285714285,1.4371350729382761,0.7008850729382761,0.025,0.0,0.975,0.05,1.0,0.01875,0.008705357142857143,159,1.0949261388600993,3.0011730856143983,0.9321428571428572,1.7011463239013314,3.6160844631567266,5.811448393167298,3.7132449213028287,,3840,737280,0.7199999999999999,0.0,0.0,0.0,0.0,0,2.00625,0.99375,4.0125,0.5027901785714286,0.4948660714285714,0.0,0.0,0.0125,3.0994700538042315,150.99454496075694,0.9644903750158846,multimodal_equal,1.0011730856143983,0.017857142857142794,0.9496350729382761,1.193385072938276,1.6808850729382758,2.1683850729382756
flocking_robust_active,5,3.2296551853491775,0.6867580380122132,0.5040178571428571,1.3345718198975376,0.5936343198975377,0.01875,0.0,0.98125,0.05,0.0,0.0,0.008035714285714285,159,0.6876458222823099,1.6434443050356067,0.9671875,1.7324394641554755,3.644228566934504,5.756878151663011,3.6446782640549658,,3840,737280,0.7199999999999999,0.0,0.0,0.0,0.0,0,1.99375,0.99375,4.0125,0.5040178571428571,0.49598214285714287,0.0,0.0,0.025,3.1184175674076395,129.54495543870715,0.9551911670714617,multimodal_equal,0.3565556949643933,0.017187500000000022,0.8439468198975376,1.0892593198975375,1.5798843198975376,2.0705093198975373
flocking_robust_active,6,3.350827413648806,0.6884702569544207,0.5032366071428571,1.4079409295539898,0.6710659295539898,0.025,0.0,0.975,0.05625,0.5,0.0125,0.008816964285714286,160,0.8944348287292397,2.1600840969729056,0.965625,1.7976771497707404,3.616468350039946,5.764795936558451,3.7177850363796976,,3840,737280,0.7199999999999999,0.0,0.0,0.0,0.0,0,2.00625,0.99375,4.0,0.5040178571428571,0.4944196428571429,0.0,0.0,0.0375,3.151506681154573,142.97777274351117,0.9647805001586676,multimodal_equal,0.1600840969729056,0.015625,0.9204409295539898,1.1641909295539898,1.6516909295539899,2.13919092955399
flocking_robust_active,7,3.3245278362493615,0.7069463093613194,0.5040178571428571,1.3830094162108248,0.6420719162108247,0.01875,0.0,0.98125,0.05,1.0,0.0125,0.008035714285714285,159,0.9108095407024209,2.2085768321542494,0.95859375,1.692712797457117,3.63632058943181,5.812274105967189,3.763126629580853,,3840,737280,0.7199999999999999,0.0,0.0,0.0,0.0,0,1.99375,0.99375,4.025,0.5040178571428571,0.49598214285714287,0.0,0.0,0.0125,3.138893926843155,94.7081025366121,0.9844062500633299,multimodal_equal,0.20857683215424938,0.008593750000000067,0.8923844162108246,1.1376969162108246,1.6283219162108247,2.1189469162108243
flocking_robust_active,8,3.3429577726474915,0.6983859413903591,0.5045758928571429,1.4299209326789444,0.6936709326789445,0.025,0.0,0.975,0.05,1.0,0.01875,0.012276785714285714,159,1.0475088598471214,2.803880105643203,0.953125,1.8175012985032573,3.626993668159055,5.786156561547608,3.663572155129714,,3840,737280,0.7199999999999999,0.0,0.0,0.0,0.0,0,2.0,0.99375,4.01875,0.5045758928571429,0.4938616071428571,0.0,0.0,0.03125,3.137113333872745,145.7298328196235,0.9479102920740843,multimodal_equal,0.803880105643203,0.0031250000000000444,0.9424209326789446,1.1861709326789445,1.6736709326789443,2.161170932678944
flocking_robust_active,9,3.1538230089786046,0.6684346263414116,0.5098214285714285,1.340640693430995,0.5997031934309949,0.01875,0.0,0.98125,0.05,0.0,0.0,0.02042410714285714,159,0.712395123901892,1.7319568433392305,0.9864583333333332,1.8723314162146736,3.6046909844030433,5.810319532234898,3.828956509818247,,3840,737280,0.7199999999999999,0.0,0.0,0.0,0.0,0,2.0,0.99375,4.00625,0.5098214285714285,0.48939732142857145,0.0,0.0,0.11875,3.1345980749509628,136.655087849409,0.9574307079892606,multimodal_equal,0.2680431566607695,0.03645833333333326,0.8500156934309949,1.0953281934309946,1.5859531934309947,2.0765781934309944
flocking_robust_active,10,3.2648199779263,0.6930148885718839,0.5055059523809524,1.352340703056037,0.6201532030560372,0.03125,0.0,0.96875,0.05625,0.0,0.0,0.011011904761904761,160,0.6970767684456383,1.8199078793112669,0.9640625,1.7262374068077002,3.639797851750965,5.733256400466842,3.690537252050043,,3840,737280,0.7199999999999999,0.0,0.0,0.0,0.0,0,1.99375,0.99375,4.0,0.5055059523809524,0.49449404761904764,0.0,0.0,0.05625,3.132539845742617,110.83938975181889,0.9554037500638515,multimodal_equal,0.18009212068873315,0.014062500000000089,0.8679657030560372,1.110153203056037,1.594528203056037,2.0789032030560373
flocking_robust_active,11,3.253686345168441,0.6343551502354045,0.49921875,1.3699128418777278,0.6289753418777277,0.01875,0.0,0.98125,0.05,1.0,0.01875,0.005133928571428571,160,0.9629619310179186,2.28069346997019,0.9703125,1.690007143674908,3.652220368157264,5.708442536534292,3.675903724114197,,3840,737280,0.7199999999999999,0.0,0.0,0.0,0.0,0,2.00625,1.0,4.0,0.5016741071428571,0.49743303571428577,0.0,0.0,0.025,3.0915433799814167,161.40556264597902,0.9663652090821415,multimodal_equal,0.2806934699701902,0.020312500000000067,0.8792878418777278,1.1246003418777275,1.6152253418777276,2.1058503418777272
flocking_robust_active,12,3.30007819683816,0.6771324207211301,0.5013392857142857,1.394353823368505,0.6487288233685049,0.0125,0.0,0.9875,0.05,1.0,0.0125,0.0026785714285714286,160,0.8997651618905136,2.1106250562263216,0.9640625,1.816701882239947,3.635672908925206,5.745909626425063,3.7269848754309898,,3840,737280,0.7199999999999999,0.0,0.0,0.0,0.0,0,2.0,1.0,3.9875,0.5013392857142857,0.49866071428571435,0.0,0.0,0.04375,3.0989793573755464,157.88876116759369,0.95577104203403,multimodal_equal,0.11062505622632157,0.014062500000000089,0.9006038233685049,1.147478823368505,1.6412288233685048,2.134978823368505
flocking_robust_active,13,3.3343998695715293,0.7313414217591465,0.5035714285714286,1.4205826384851563,0.6796451384851562,0.01875,0.0,0.98125,0.05,1.0,0.0125,0.009709821428571427,159,0.9493386289570186,2.4955860171623234,0.9340624999999999,1.9023597038830768,3.6206496840738067,5.839565562519701,3.718552828409355,,3840,737280,0.7199999999999999,0.0,0.0,0.0,0.0,0,2.0,0.99375,4.00625,0.5044642857142857,0.49475446428571435,0.0,0.0,0.0375,3.1345012799632244,178.53266766944196,0.9647331249434501,multimodal_equal,0.4955860171623234,0.01593750000000005,0.9299576384851561,1.175270138485156,1.6658951384851561,2.156520138485156
flocking_robust_active,14,3.2162816348126713,0.6924967212298836,0.5071428571428571,1.3743798480300295,0.6421923480300297,0.03125,0.0,0.96875,0.05625,0.5,0.0125,0.014285714285714285,159,0.9602489734107097,2.392830387973247,0.93984375,1.826350579555168,3.636637233678633,5.768007461608346,3.742656409465268,,3840,737280,0.7199999999999999,0.0,0.0,0.0,0.0,0,1.9875,0.9875,4.025,0.5071428571428571,0.4928571428571429,0.0,0.0,0.0375,3.1330104232380727,157.14257754745356,0.9684164579957724,multimodal_equal,0.3928303879732469,0.010156249999999978,0.8900048480300297,1.1321923480300298,1.6165673480300298,2.10094234803003
flocking_robust_active,15,3.263642588151355,0.631802268531675,0.5015625,1.304576399350344,0.5636388993503442,0.01875,0.0,0.98125,0.05,1.0,0.0125,0.00703125,159,0.6740630723852606,1.5706475079645854,0.9784375000000001,1.7156025206358798,3.626918293965127,5.807421368791386,3.784918429382725,,3840,737280,0.7199999999999999,0.0,0.0,0.0,0.0,0,2.00625,0.99375,4.0,0.50234375,0.4953125,0.0,0.0,0.01875,3.1058448259617286,178.12437235438762,0.9792914169374853,multimodal_equal,0.4293524920354146,0.028437500000000115,0.8139513993503441,1.059263899350344,1.5498888993503441,2.0405138993503438
flocking_robust_active,16,3.2750417428195044,0.7181288993541227,0.5026785714285714,1.384174202704098,0.6432367027040977,0.01875,0.0,0.98125,0.05,1.0,0.0125,0.007142857142857143,159,0.9276043421959413,2.2099394221874524,0.9668749999999999,1.7567344852137463,3.628984543815025,5.779426340015261,3.7161783203002443,,3840,737280,0.7199999999999999,0.0,0.0,0.0,0.0,0,1.99375,0.99375,4.00625,0.5035714285714286,0.49642857142857144,0.0,0.0,0.025,3.1067982909308425,153.23917390098654,0.9790496248751879,multimodal_equal,0.20993942218745243,0.016874999999999973,0.8935492027040978,1.1388617027040975,1.6294867027040976,2.120111702704097
flocking_robust_active,17,3.2516271190368844,0.7014783776020822,0.50078125,1.3304331071912046,0.5894956071912046,0.01875,0.0,0.98125,0.05,0.0,0.0,0.00625,159,0.6940007004450258,1.663869261867783,0.9582589285714285,1.808466998524039,3.621749139253731,5.824788032593736,3.748769177578771,,3840,737280,0.7199999999999999,0.0,0.0,0.0,0.0,0,2.0,0.99375,4.01875,0.503125,0.49609375,0.0,0.0,0.00625,3.1595494073854224,96.92188611681628,0.975686457939446,multimodal_equal,0.33613073813221694,0.008258928571428514,0.8398081071912046,1.0851206071912045,1.5757456071912044,2.0663706071912045
flocking_robust_active,18,3.3160856493906627,0.6340644829064631,0.5008928571428571,1.3763042372320036,0.6306792372320038,0.0125,0.0,0.9875,0.05,1.0,0.0125,0.0017857142857142857,160,0.9383014319381078,2.1261472539865798,0.959375,1.6986325266950046,3.6383166883863454,5.707286353577716,3.699352895506131,,3840,737280,0.7199999999999999,0.0,0.0,0.0,0.0,0,2.0,1.0,3.9875,0.5008928571428571,0.49910714285714286,0.0,0.0,0.0375,3.14513446088072,139.90467974942203,0.9745649581309408,multimodal_equal,0.12614725398657978,0.009375000000000022,0.8825542372320038,1.1294292372320038,1.6231792372320037,2.1169292372320037
flocking_robust_active,19,3.2055537827065046,0.6956998757234598,0.5049107142857142,1.3641467173285362,0.6232092173285363,0.01875,0.0,0.98125,0.05,0.0,0.0,0.00982142857142857,159,0.7038046646648691,1.7416590569198784,0.9784375000000001,1.7713541089223128,3.627189103334144,5.811438735576679,3.8096778886551563,,3840,737280,0.7199999999999999,0.0,0.0,0.0,0.0,0,1.99375,0.99375,4.00625,0.5049107142857142,0.4950892857142858,0.0,0.0,0.04375,3.1494432710201714,129.29188127100923,0.9766763329971582,multimodal_equal,0.25834094308012157,0.028437500000000115,0.8735217173285362,1.1188342173285362,1.6094592173285363,2.100084217328536
flocking_robust_active,20,3.2244422537864175,0.8475285813080488,0.5090401785714286,1.3663538733008482,0.6429163733008484,0.04375,0.0,0.95625,0.0625,0.0,0.0,0.019642857142857142,159,0.855091174565402,2.625323203899606,0.9458333333333334,1.7080856111816387,3.6520644377068527,5.69032503103963,3.6870656243254656,,3840,737280,0.7199999999999999,0.0,0.0,0.0,0.0,0,1.9875,0.98125,4.0125,0.5098214285714285,0.48939732142857145,0.0,0.0,0.06875,3.1063719528886926,121.3540791469406,0.9697179161012173,multimodal_equal,0.6253232038996059,0.004166666666666541,0.8882288733008484,1.1272913733008485,1.6054163733008484,2.0835413733008488
flocking_robust_active,21,3.2175139361230056,0.755276672962654,0.5102678571428572,1.437094124505716,0.7042816245057161,0.03125,0.0,0.96875,0.0625,0.5,0.0125,0.02232142857142857,159,1.0000106372037045,2.598400164382892,0.9580357142857142,1.825293163939957,3.6387774154373176,5.703459438159878,3.6580816582402975,,3840,737280,0.7199999999999999,0.0,0.0,0.0,0.0,0,1.9875,0.98125,4.01875,0.5111607142857142,0.48805803571428574,0.0,0.0,0.08125,3.1313708513099283,115.04209879451369,0.9662714579608291,multimodal_equal,0.598400164382892,0.008035714285714257,0.952719124505716,1.194906624505716,1.679281624505716,2.163656624505716
flocking_robust_active,22,3.2430634301153103,0.7039245667828021,0.50390625,1.389594853071749,0.657407353071749,0.03125,0.0,0.96875,0.05625,0.5,0.0125,0.014285714285714285,159,0.974460637827329,2.4665722694440055,0.9541666666666668,1.7898541932695486,3.618111836405812,5.81944609615555,3.7500241690638196,,3840,737280,0.7199999999999999,0.0,0.0,0.0,0.0,0,1.99375,0.9875,4.0125,0.5071428571428571,0.49207589285714287,0.0,0.0,0.05,3.1488020367060243,162.8637959787242,0.9769079999532551,multimodal_equal,0.46657226944400554,0.004166666666666874,0.905219853071749,1.147407353071749,1.631782353071749,2.116157353071749
flocking_robust_active,23,3.1946716990539548,0.6740477727420491,0.5010416666666666,1.3520935601882815,0.6111560601882816,0.01875,0.0,0.98125,0.05,0.0,0.0,0.0020833333333333333,160,0.672285814588931,1.7081203746211515,0.975,1.7414550515501381,3.64396656120417,5.797610010874054,3.7401783031003695,,3840,737280,0.7199999999999999,0.0,0.0,0.0,0.0,0,2.0,1.0,4.0,0.5010416666666666,0.4989583333333333,0.0,0.0,0.0125,3.1019034923586046,136.67572664535993,0.9739841250702739,multimodal_equal,0.2918796253788485,0.025000000000000022,0.8614685601882816,1.1067810601882815,1.5974060601882814,2.0880310601882814
flocking_robust_active,24,3.2397268472614025,0.779870630401634,0.5049107142857142,1.4389352699752318,0.6979977699752318,0.01875,0.0,0.98125,0.05,1.0,0.0125,0.009821428571428571,159,1.0343687787918423,2.6827999093188684,0.95625,1.6975211051052796,3.645302771312024,5.673570235084627,3.6238014249948023,,3840,737280,0.7199999999999999,0.0,0.0,0.0,0.0,0,1.99375,0.99375,4.0125,0.5049107142857142,0.4950892857142858,0.0,0.0,0.0375,3.13900527174034,96.02660983037755,0.9907226250506938,multimodal_equal,0.6827999093188684,0.006250000000000089,0.9483102699752318,1.1936227699752315,1.6842477699752316,2.1748727699752317
flocking_robust_active,25,3.308557879531714,0.7473880277413144,0.5064732142857142,1.4205852790650912,0.6883977790650914,0.03125,0.0,0.96875,0.05625,0.5,0.0125,0.02142857142857143,159,0.9379416597420828,2.4554016657992,0.9696428571428571,1.856608078533777,3.62455118960814,5.745570581630412,3.751094238600892,,3840,737280,0.7199999999999999,0.0,0.0,0.0,0.0,0,2.0,0.9875,4.0125,0.5099330357142857,0.4877232142857143,0.0,0.0,0.09375,3.1236461664374526,160.81572698720902,0.9649039588402957,multimodal_equal,0.45540166579919994,0.019642857142857184,0.9362102790650914,1.1783977790650912,1.6627727790650912,2.1471477790650915
flocking_robust_active,26,3.2652412781505697,0.7154326543663992,0.5027901785714286,1.3542077402137012,0.613270240213701,0.01875,0.0,0.98125,0.05,0.5,0.00625,0.007142857142857143,159,0.7669101039812578,1.8251314842967805,0.9640625,1.5849712123463775,3.6367396618890298,5.7159254434601605,3.7003653524542246,,3840,737280,0.7199999999999999,0.0,0.0,0.0,0.0,0,2.0,0.99375,4.00625,0.5027901785714286,0.49564732142857143,0.0,0.0,0.01875,3.0862919016246972,185.35141208105054,0.9660934589337558,multimodal_equal,0.17486851570321948,0.014062500000000089,0.863582740213701,1.108895240213701,1.599520240213701,2.0901452402137006
flocking_robust_active,27,3.110856015165632,0.6240794106834632,0.4988095238095237,1.2976135976235994,0.5566760976235994,0.01875,0.0,0.98125,0.05,0.3333333333333333,0.00625,0.0028273809523809523,160,0.6393538444049847,1.548124291840476,0.9875,1.727117355977318,3.650213378176214,5.718044164521347,3.728217330044746,,3840,737280,0.7199999999999999,0.0,0.0,0.0,0.0,0,2.00625,1.0,3.99375,0.5008928571428571,0.4980654761904762,0.0,0.0,0.025,3.1629644669290378,136.8082410999301,0.9638000410050154,multimodal_equal,0.45187570815952394,0.03750000000000009,0.8069885976235994,1.0523010976235994,1.5429260976235992,2.033551097623599
flocking_robust_active,28,3.2105093969806884,0.7140832394903317,0.5026785714285714,1.3382828108600666,0.5973453108600667,0.01875,0.0,0.98125,0.05,0.0,0.0,0.010714285714285714,159,0.7297610571558812,1.847058354860009,0.9552083333333332,1.726571381750513,3.642799996510969,5.642614498881149,3.5862495730721875,,3840,737280,0.7199999999999999,0.0,0.0,0.0,0.0,0,1.99375,0.99375,4.0125,0.5053571428571428,0.4946428571428571,0.0,0.0,0.04375,3.1080950769758027,143.5486440422144,0.9672522919718176,multimodal_equal,0.15294164513999098,0.005208333333333259,0.8476578108600666,1.0929703108600666,1.5835953108600664,2.0742203108600665
flocking_robust_active,29,3.318651037653056,0.7016859924957028,0.49921875,1.4155000040484293,0.6698750040484294,0.0125,0.0,0.9875,0.05,1.0,0.0125,0.0,160,0.946917553279535,2.3780020099058095,0.9421875,1.7928790402700165,3.6275730471732905,5.780766186777166,3.770828726309476,,3840,737280,0.7199999999999999,0.0,0.0,0.0,0.0,0,2.00625,1.0,3.9875,0.5,0.49921875,0.0,0.0,0.025,3.1427928617950527,161.01422764873507,0.9872707079630345,multimodal_equal,0.37800200990580946,0.0078125,0.9217500040484293,1.1686250040484292,1.6623750040484293,2.1561250040484294
flocking_robust_multiflock,0,0.8813056939147085,0.6706368887541356,0.7699776785714285,0.637380169994998,0.637380169994998,1.0,0.0,0.0,0.0,0.04054054054054054,0.01875,0.5784598214285713,76,0.8757411467581879,2.702766844459458,0.9553125,2.2034266301910366,3.6963340179780237,5.0232168161711614,1.7984207019471437,,3840,737280,0.7199999999999999,0.0,0.0,0.0,0.0,0,1.4875,0.4625,5.94375,0.7716517857142857,0.22444196428571428,0.00625,0.00625,0.24375,1.5185371779905434,140.21842658082625,1.021650959039107,multimodal_transient,0.7027668444594579,0.005312500000000053,0.637380169994998,0.637380169994998,0.637380169994998,0.637380169994998
flocking_robust_multiflock,1,0.6605689264391531,0.6601015577732819,0.7621651785714285,0.5842558734495643,0.5842558734495643,1.0,0.0,0.0,0.0,0.0,0.0,0.5571428571428572,76,0.6569942094625345,1.6598479558577766,0.96796875,1.9978803426184126,3.697941685349979,5.148129032334261,1.849118947071112,,3840,737280,0.7199999999999999,0.0,0.0,0.0,0.0,0,1.4875,0.475,6.01875,0.7621651785714285,0.23549107142857145,0.0,0.0,0.0875,1.5683152470738935,118.44839229497978,1.0571340410970151,multimodal_transient,0.34015204414222344,0.01796875000000009,0.5842558734495643,0.5842558734495643,0.5842558734495643,0.5842558734495643
flocking_robust_multiflock,2,0.8269815335963913,0.7094114892561378,0.7637276785714285,0.6472903005511262,0.6472903005511262,1.0,0.0,0.0,0.0,0.013333333333333334,0.00625,0.5641741071428571,75,0.8374720930240023,2.6643537603708123,0.9732142857142858,2.011634160907046,3.687400506623586,5.080011370900057,1.8654183770409793,,3840,737280,0.7199999999999999,0.0,0.0,0.0,0.0,0,1.475,0.46875,5.98125,0.7660714285714285,0.23314732142857145,0.03125,0.03125,0.14375,1.5298049671538254,167.6377992319819,1.0526639169547707,multimodal_transient,0.6643537603708123,0.023214285714285854,0.6472903005511262,0.6472903005511262,0.6472903005511262,0.6472903005511262
flocking_robust_multiflock,3,4.2745239084546975,0.7226097142007776,0.7621279761904762,3.1382974631329597,3.1382974631329597,1.0,0.0,0.0,0.0,0.9342105263157895,0.44375,0.5629836309523809,77,4.270792172845136,59.50528022004589,0.5552083333333333,2.1050626989881307,3.6836169701221637,5.131464209721123,1.8620958711457654,,3840,737280,0.7199999999999999,0.0,0.0,0.0,0.0,0,1.5,0.475,6.04375,0.7646949404761905,0.23218005952380955,0.0,0.0,0.0875,1.551636277092574,149.34993699951525,1.053793666884303,multimodal_transient,57.50528022004589,0.39479166666666665,3.1382974631329597,3.1382974631329597,3.1382974631329597,3.1382974631329597
flocking_robust_multiflock,4,4.219397131888043,0.6249412945222045,0.7609375,3.0829762346137892,3.0829762346137892,1.0,0.0,0.0,0.0,0.9210526315789473,0.4375,0.5580357142857142,76,4.222884498979786,55.11464116905042,0.5272767857142857,1.9326098987525655,3.6734932764215307,5.179255224262706,1.8970071994875841,,3840,737280,0.7199999999999999,0.0,0.0,0.0,0.0,0,1.4875,0.475,6.06875,0.7633928571428571,0.23504464285714288,0.0,0.0,0.04375,1.5250843436223938,155.99735577183176,1.068821124965325,multimodal_transient,53.11464116905042,0.42272321428571424,3.0829762346137892,3.0829762346137892,3.0829762346137892,3.0829762346137892
flocking_robust_multiflock,5,4.286273266285067,0.6275867243319886,0.7556547619047619,3.105477998878355,3.105477998878355,1.0,0.0,0.0,0.0,0.922077922077922,0.44375,0.5545386904761905,79,4.278002920844888,58.22757180315982,0.53828125,2.1370016568253596,3.700373123844811,5.122186701698254,1.793953987868223,,3840,737280,0.7199999999999999,0.0,0.0,0.0,0.0,0,1.49375,0.48125,5.9875,0.7616443452380952,0.23679315476190474,0.0,0.0,0.1125,1.532324524167285,137.20093505172102,1.0573719169478863,multimodal_transient,56.22757180315982,0.4117187499999999,3.105477998878355,3.105477998878355,3.105477998878355,3.105477998878355
flocking_robust_multiflock,6,0.8407258551421124,0.7001238003407669,0.7582589285714285,0.6269621341736595,0.6269621341736595,1.0,0.0,0.0,0.0,0.013157894736842105,0.00625,0.5704241071428571,78,0.8552069558127342,2.808134775659871,0.9609375,2.1019604478444176,3.6725494761784128,5.179533338203365,1.9143032349350837,,3840,737280,0.7199999999999999,0.0,0.0,0.0,0.0,0,1.4875,0.475,5.975,0.7629464285714286,0.23549107142857145,0.0,0.0,0.14375,1.5788727194392267,144.1246726689879,1.058201041072607,multimodal_transient,0.8081347756598709,0.010937500000000044,0.6269621341736595,0.6269621341736595,0.6269621341736595,0.6269621341736595
flocking_robust_multiflock,7,0.6439164283861062,0.6406747066545245,0.7629464285714286,0.5725739469794163,0.5725739469794163,1.0,0.0,0.0,0.0,0.0,0.0,0.5696428571428571,76,0.6401720693655628,1.5616278949233704,0.96875,1.989102509672464,3.693226051006205,5.180968463809469,1.9002112456888054,,3840,737280,0.7199999999999999,0.0,0.0,0.0,0.0,0,1.48125,0.475,6.03125,0.7629464285714286,0.23627232142857144,0.00625,0.00625,0.075,1.554213187706185,101.65798662785963,1.0722272091079503,multimodal_transient,0.4383721050766296,0.018750000000000044,0.5725739469794163,0.5725739469794163,0.5725739469794163,0.5725739469794163
flocking_robust_multiflock,8,4.261408846848831,0.6550471684082481,0.7552083333333334,3.093470461065048,3.093470461065048,1.0,0.0,0.0,0.0,0.8974358974358975,0.4375,0.5592261904761905,78,4.255072209217958,57.22010040588873,0.54921875,1.984435446590863,3.6865094266747094,5.159617858574833,1.8538324098709942,,3840,737280,0.7199999999999999,0.0,0.0,0.0,0.0,0,1.49375,0.4875,5.98125,0.7571428571428571,0.2418154761904762,0.00625,0.00625,0.09375,1.5566335759379837,146.88133500968868,1.053603291977197,multimodal_transient,55.22010040588873,0.40078125,3.093470461065048,3.093470461065048,3.093470461065048,3.093470461065048
flocking_robust_multiflock,9,0.7109916815443036,0.6485651707785727,0.7585044642857143,0.6043490764120825,0.6043490764120825,1.0,0.0,0.0,0.0,0.012987012987012988,0.00625,0.5616071428571427,77,0.712045892627541,1.890278976464924,0.9890625,2.0119065944144667,3.6788509106450404,5.0898380991778005,1.8527929170883346,,3840,737280,0.7199999999999999,0.0,0.0,0.0,0.0,0,1.4875,0.48125,5.925,0.7639285714285714,0.2352901785714286,0.0,0.0,0.20625,1.5579413578393821,138.56940330338165,1.0308214998804033,multimodal_transient,0.10972102353507607,0.0390625,0.6043490764120825,0.6043490764120825,0.6043490764120825,0.6043490764120825
flocking_robust_multiflock,10,0.6930745825325983,0.6428065560150926,0.7646428571428572,0.5837651947583572,0.5837651947583572,1.0,0.0,0.0,0.0,0.013333333333333334,0.00625,0.5680357142857142,76,0.7099367131885536,1.9620494861045379,0.9634821428571427,2.0292634022341547,3.702207577954077,5.154140897205168,1.812490407531897,,3840,737280,0.7199999999999999,0.0,0.0,0.0,0.0,0,1.475,0.46875,6.06875,0.7683928571428572,0.23082589285714286,0.0,0.0,0.0875,1.5260310695539838,111.20567634055611,1.0547024591360241,multimodal_transient,0.03795051389546211,0.013482142857142776,0.5837651947583572,0.5837651947583572,0.5837651947583572,0.5837651947583572
flocking_robust_multiflock,11,0.7302931100648877,0.6681134984317417,0.7587797619047618,0.6133961912900718,0.6133961912900718,1.0,0.0,0.0,0.0,0.012987012987012988,0.00625,0.5529761904761905,77,0.7231863530602582,1.9477710404140247,0.9672247023809526,2.0349506457979833,3.6912220998083085,5.148026273711875,1.885311528538105,,3840,737280,0.7199999999999999,0.0,0.0,0.0,0.0,0,1.48125,0.48125,6.0125,0.7608630952380953,0.23913690476190474,0.0,0.0,0.0875,1.5329077541632898,166.5153240179269,1.054561415920034,multimodal_transient,0.05222895958597529,0.01722470238095264,0.6133961912900718,0.6133961912900718,0.6133961912900718,0.6133961912900718
flocking_robust_multiflock,12,4.352467069944035,0.6433737990372911,0.76171875,3.202612482413636,3.202612482413636,1.0,0.0,0.0,0.0,0.9605263157894737,0.45625,0.55625,76,4.336124618297386,59.79510456763644,0.5292931547619047,1.925864121086193,3.6874014627967937,5.151217534166308,1.8458876965601203,,3840,737280,0.7199999999999999,0.0,0.0,0.0,0.0,0,1.48125,0.475,6.03125,0.76171875,0.23671875,0.0,0.0,0.06875,1.5297746755423576,157.90868828435717,1.0419385419227183,multimodal_transient,57.79510456763644,0.4207068452380952,3.202612482413636,3.202612482413636,3.202612482413636,3.202612482413636
flocking_robust_multiflock,13,0.6973559089777733,0.6888010554128651,0.7609151785714285,0.6192171643169806,0.6192171643169806,1.0,0.0,0.0,0.0,0.012987012987012988,0.00625,0.561674107142857,77,0.6916996510356802,1.820274064477836,0.9532366071428571,2.0435659118475926,3.6781039651948335,5.122551699513548,1.8929096659919051,,3840,737280,0.7199999999999999,0.0,0.0,0.0,0.0,0,1.49375,0.48125,5.99375,0.7616964285714285,0.23674107142857143,0.0,0.0,0.1125,1.573220454451294,177.6841922056832,1.0523067079484463,multimodal_transient,0.1797259355221641,0.0032366071428571175,0.6192171643169806,0.6192171643169806,0.6192171643169806,0.6192171643169806
flocking_robust_multiflock,14,0.8648002600511173,0.6714277287898329,0.7528645833333334,0.6600032425119429,0.6600032425119429,1.0,0.0,0.0,0.0,0.02564102564102564,0.0125,0.5583333333333333,78,0.8505308012078182,2.651541160770561,0.9640625,1.9503274842045677,3.6866687659964965,5.162150835920441,1.9073973588604154,,3840,737280,0.7199999999999999,0.0,0.0,0.0,0.0,0,1.5125,0.4875,5.99375,0.75546875,0.2403645833333333,0.00625,0.00625,0.05625,1.5602322222045228,156.11148926563976,1.052725458983332,multimodal_transient,0.6515411607705608,0.014062500000000089,0.6600032425119429,0.6600032425119429,0.6600032425119429,0.6600032425119429
flocking_robust_multiflock,15,0.7600243874174518,0.6342158444140363,0.753125,0.5909446619157827,0.5909446619157827,1.0,0.0,0.0,0.0,0.01282051282051282,0.00625,0.5625,78,0.8024138953821629,2.4402737184578234,0.9675223214285715,2.043822944670363,3.6753213341271738,5.15873235941266,1.8905964897711176,,3840,737280,0.7199999999999999,0.0,0.0,0.0,0.0,0,1.50625,0.4875,5.9625,0.75546875,0.24140625,0.0,0.0,0.1,1.5525672532040993,179.3243024923146,1.0475614580791444,multimodal_transient,0.44027371845782337,0.017522321428571574,0.5909446619157827,0.5909446619157827,0.5909446619157827,0.5909446619157827
flocking_robust_multiflock,16,4.289296971647806,0.698786781032021,0.7631249999999999,3.1427701144175915,3.1427701144175915,1.0,0.0,0.0,0.0,0.9342105263157895,0.44375,0.5575,76,4.286070369794711,59.19770016744219,0.5330729166666666,2.150951401363346,3.674720036412976,5.223930499383866,1.776699801975327,,3840,737280,0.7199999999999999,0.0,0.0,0.0,0.0,0,1.475,0.475,5.9625,0.7631249999999999,0.236875,0.0125,0.00625,0.15625,1.5392218315133968,159.52463910056375,1.0408069170080125,multimodal_transient,57.19770016744219,0.4169270833333334,3.1427701144175915,3.1427701144175915,3.1427701144175915,3.1427701144175915
flocking_robust_multiflock,17,4.41965353525304,0.6209421475770434,0.7640625,3.19870001081904,3.19870001081904,1.0,0.0,0.0,0.0,0.9466666666666667,0.44375,0.5640625,75,4.424846342097574,58.81522306664631,0.5254464285714285,2.0120235911340165,3.691342125294958,5.206997704750622,1.8471975952265105,,3840,737280,0.7199999999999999,0.0,0.0,0.0,0.0,0,1.48125,0.46875,6.025,0.76484375,0.2328125,0.0,0.0,0.09375,1.557815364605107,100.77700268196952,1.065120124956593,multimodal_transient,56.81522306664631,0.4245535714285714,3.19870001081904,3.19870001081904,3.19870001081904,3.19870001081904
flocking_robust_multiflock,18,4.314224941746543,0.6776516467784846,0.76171875,3.1662164452430184,3.1662164452430184,1.0,0.0,0.0,0.0,0.9342105263157895,0.44375,0.54375,76,4.313606175294378,61.569097212991586,0.5364583333333333,1.9603450569618406,3.6904903198484,5.126367968593053,1.8486616234132907,,3840,737280,0.7199999999999999,0.0,0.0,0.0,0.0,0,1.4875,0.475,6.03125,0.76171875,0.23671875,0.0,0.0,0.075,1.558159694546702,144.82534811480028,1.058800415834412,multimodal_transient,59.569097212991586,0.4135416666666667,3.1662164452430184,3.1662164452430184,3.1662164452430184,3.1662164452430184
flocking_robust_multiflock,19,4.235492574308273,0.7099502169309843,0.7613839285714286,3.099146463032887,3.099146463032887,1.0,0.0,0.0,0.0,0.9078947368421053,0.43125,0.5696428571428571,76,4.234084278767,55.814243710555935,0.5494791666666666,2.0067721514942023,3.6933030546488226,5.114369510628277,1.8576100265451196,,3840,737280,0.7199999999999999,0.0,0.0,0.0,0.0,0,1.4875,0.475,5.96875,0.7629464285714286,0.23549107142857145,0.00625,0.00625,0.14375,1.5651652553599416,135.35601824095045,1.0476754170376807,multimodal_transient,53.814243710555935,0.4005208333333333,3.099146463032887,3.099146463032887,3.099146463032887,3.099146463032887
flocking_robust_multiflock,20,4.284161764065545,0.859748597481836,0.765625,3.140700106159152,3.140700106159152,1.0,0.0,0.0,0.0,0.9066666666666666,0.425,0.56875,76,4.278597103841299,59.819561787918474,0.54421875,1.9995543912943687,3.7038552115479804,5.1243139269604825,1.8334642173401712,,3840,737280,0.7199999999999999,0.0,0.0,0.0,0.0,0,1.475,0.46875,6.00625,0.765625,0.23359375,0.0,0.0,0.125,1.5331778762005452,122.66495481012966,1.0542241670191288,multimodal_transient,57.819561787918474,0.40578125,3.140700106159152,3.140700106159152,3.140700106159152,3.140700106159152
flocking_robust_multiflock,21,0.61062066918707,0.6084519532170348,0.7723958333333334,0.545558506846853,0.545558506846853,1.0,0.0,0.0,0.0,0.0,0.0,0.5799479166666667,76,0.6448764446764675,1.5991649818759757,0.9859375,1.9691539086672942,3.7005928536627986,5.125950796464958,1.8142987503554147,,3840,737280,0.7199999999999999,0.0,0.0,0.0,0.0,0,1.475,0.45625,6.025,0.7731770833333333,0.22369791666666666,0.0,0.0,0.1625,1.5651012056683202,116.23416458719122,1.0547885419800878,multimodal_transient,0.40083501812402433,0.03593750000000007,0.545558506846853,0.545558506846853,0.545558506846853,0.545558506846853
flocking_robust_multiflock,22,0.6732508543114457,0.606315644061286,0.7684151785714286,0.5530504333620914,0.5530504333620914,1.0,0.0,0.0,0.0,0.013513513513513514,0.00625,0.5571428571428572,75,0.7017659958716954,1.8290585674418367,0.9756696428571429,2.0088218827000963,3.6772799516728143,5.17271335521354,1.9165830275913875,,3840,737280,0.7199999999999999,0.0,0.0,0.0,0.0,0,1.46875,0.4625,6.0125,0.7691964285714286,0.23002232142857143,0.0,0.0,0.15,1.5573576732800718,166.6225573175383,1.071504375198856,multimodal_transient,0.1709414325581633,0.025669642857142905,0.5530504333620914,0.5530504333620914,0.5530504333620914,0.5530504333620914
flocking_robust_multiflock,23,4.274058579957882,0.6607048060143716,0.765625,3.110295157880421,3.110295157880421,1.0,0.0,0.0,0.0,0.92,0.43125,0.575,76,4.26661556501086,60.39305623414215,0.5505580357142857,2.0767646025560054,3.693895347224033,5.14689050175681,1.7933864885994317,,3840,737280,0.7199999999999999,0.0,0.0,0.0,0.0,0,1.475,0.46875,6.05,0.765625,0.23359375,0.0,0.0,0.075,1.5311108211820073,139.10599395470868,1.0622930829413235,multimodal_transient,58.39305623414215,0.3994419642857142,3.110295157880421,3.110295157880421,3.110295157880421,3.110295157880421
flocking_robust_multiflock,24,4.279859889518663,0.5957610592154345,0.7599330357142857,3.0816782643139513,3.0816782643139513,1.0,0.0,0.0,0.0,0.922077922077922,0.44375,0.5526785714285715,77,4.282116892307842,57.62654442129099,0.5484375,1.947569444252969,3.696793214877912,5.177090829971442,1.8711702827264916,,3840,737280,0.7199999999999999,0.0,0.0,0.0,0.0,0,1.49375,0.48125,6.00625,0.7599330357142857,0.23772321428571427,0.0,0.0,0.075,1.55791045617047,100.05975026547216,1.0772041659802198,multimodal_transient,55.62654442129099,0.40156249999999993,3.0816782643139513,3.0816782643139513,3.0816782643139513,3.0816782643139513
flocking_robust_multiflock,25,0.6759902828995916,0.6725363086494237,0.7709821428571428,0.6018572709799358,0.6018572709799358,1.0,0.0,0.0,0.0,0.0,0.0,0.5732142857142858,75,0.6829364962985627,1.7735001888776416,0.9625,2.2759341904985035,3.671988653957257,5.19027675496307,1.9604436322901653,,3840,737280,0.7199999999999999,0.0,0.0,0.0,0.0,0,1.48125,0.4625,6.0125,0.7709821428571428,0.2264136904761905,0.0,0.0,0.175,1.564116061620083,167.21146572187158,1.0584914579521865,multimodal_transient,0.2264998111223584,0.012500000000000067,0.6018572709799358,0.6018572709799358,0.6018572709799358,0.6018572709799358
flocking_robust_multiflock,26,0.7494863836507512,0.7007021195826147,0.7625,0.6444326362618125,0.6444326362618125,1.0,0.0,0.0,0.0,0.013157894736842105,0.00625,0.55,76,0.760064614249787,2.129471942256431,0.9453125,1.9401518048230517,3.682329841200148,5.080067667772804,1.8540196349996863,,3840,737280,0.7199999999999999,0.0,0.0,0.0,0.0,0,1.475,0.475,5.925,0.7625,0.2375,0.01875,0.01875,0.18125,1.5308678783793663,186.94900328617862,1.0372292092069983,multimodal_transient,0.12947194225643122,0.004687499999999956,0.6444326362618125,0.6444326362618125,0.6444326362618125,0.6444326362618125
flocking_robust_multiflock,27,0.6090169717909079,0.6020618088137232,0.7592187499999999,0.541870469475679,0.541870469475679,1.0,0.0,0.0,0.0,0.0,0.0,0.55125,77,0.6166474950498818,1.4414130919897945,0.99296875,1.920327977430727,3.696232079551353,5.090630126808314,1.8023317312439886,,3840,737280,0.7199999999999999,0.0,0.0,0.0,0.0,0,1.4875,0.48125,5.98125,0.76,0.23921874999999998,0.0,0.0,0.1125,1.575681348617645,139.52213079967456,1.0516636660322547,multimodal_transient,0.5585869080102055,0.04296875,0.541870469475679,0.541870469475679,0.541870469475679,0.541870469475679
flocking_robust_multiflock,28,4.26012537913495,0.7267956605760562,0.759077380952381,3.129488658654615,3.129488658654615,1.0,0.0,0.0,0.0,0.935064935064935,0.45,0.5592261904761905,77,4.2621437251187215,58.74469973126766,0.5362351190476191,1.9192425947321219,3.6857790300387423,5.107388207580398,1.841561103393889,,3840,737280,0.7199999999999999,0.0,0.0,0.0,0.0,0,1.49375,0.48125,6.00625,0.7617559523809524,0.23668154761904764,0.0,0.0,0.10625,1.5313518036503697,150.06327493669974,1.0584020409733057,multimodal_transient,56.74469973126766,0.41376488095238084,3.129488658654615,3.129488658654615,3.129488658654615,3.129488658654615
flocking_robust_multiflock,29,4.384421225892209,0.6757289031313144,0.7559895833333333,3.222982705782536,3.222982705782536,1.0,0.0,0.0,0.0,0.948051948051948,0.45625,0.55,77,4.381713957639166,62.43113882260989,0.5220312500000001,1.9852679103821642,3.682854271121085,5.117944968488748,1.8997364161499042,,3840,737280,0.7199999999999999,0.0,0.0,0.0,0.0,0,1.49375,0.48125,5.9375,0.7596354166666666,0.2388020833333333,0.0,0.0,0.15,1.5580766596855158,162.3351748341133,1.053599791135639,multimodal_transient,60.43113882260989,0.4279687499999999,3.222982705782536,3.222982705782536,3.222982705782536,3.222982705782536
flocking_robust_temporal,0,0.6870539955073489,0.6706368887541356,0.7699776785714285,0.5950662391585171,0.5950662391585171,1.0,0.0,0.0,0.0,0.013513513513513514,0.00625,0.5784598214285713,76,0.6796627812856616,1.728104026049889,0.9615625,2.2034266301910366,3.6963340179780237,5.0232168161711614,1.7984207019471437,,3840,737280,0.7199999999999999,0.0,0.0,0.0,0.0,0,1.4875,0.4625,5.94375,0.7716517857142857,0.22444196428571428,0.00625,0.00625,0.24375,1.5185371779905434,140.21842658082625,1.0237751249223948,multimodal_transient,0.271895973950111,0.011562500000000031,0.5950662391585171,0.5950662391585171,0.5950662391585171,0.5950662391585171
flocking_robust_temporal,1,0.6955167430147341,0.6601015577732819,0.7621651785714285,0.6055540413927647,0.6055540413927647,1.0,0.0,0.0,0.0,0.02631578947368421,0.0125,0.5571428571428572,76,0.6941477050077748,1.8087636520238193,0.96171875,1.9978803426184126,3.697941685349979,5.148129032334261,1.849118947071112,,3840,737280,0.7199999999999999,0.0,0.0,0.0,0.0,0,1.4875,0.475,6.01875,0.7621651785714285,0.23549107142857145,0.0,0.0,0.0875,1.5683152470738935,118.44839229497978,1.0585436660330743,multimodal_transient,0.19123634797618072,0.01171875,0.6055540413927647,0.6055540413927647,0.6055540413927647,0.6055540413927647
flocking_robust_temporal,2,4.279830213904514,0.7094114892561378,0.7637276785714285,3.151211510452107,3.151211510452107,1.0,0.0,0.0,0.0,0.96,0.45,0.5641741071428571,75,4.293585099013816,58.51990840683959,0.5450892857142857,2.011634160907046,3.687400506623586,5.080011370900057,1.8654183770409793,,3840,737280,0.7199999999999999,0.0,0.0,0.0,0.0,0,1.475,0.46875,5.98125,0.7660714285714285,0.23314732142857145,0.03125,0.03125,0.14375,1.5298049671538254,167.6377992319819,1.0383008331991732,multimodal_transient,56.51990840683959,0.40491071428571423,3.151211510452107,3.151211510452107,3.151211510452107,3.151211510452107
flocking_robust_temporal,3,0.7607587892829164,0.7226097142007776,0.7621279761904762,0.667928547213615,0.667928547213615,1.0,0.0,0.0,0.0,0.039473684210526314,0.01875,0.5629836309523809,77,0.7601851596325806,2.169059492312064,0.9463541666666666,2.1050626989881307,3.6836169701221637,5.131464209721123,1.8620958711457654,,3840,737280,0.7199999999999999,0.0,0.0,0.0,0.0,0,1.5,0.475,6.04375,0.7646949404761905,0.23218005952380955,0.0,0.0,0.0875,1.551636277092574,149.34993699951525,1.067443709122017,multimodal_transient,0.16905949231206385,0.003645833333333348,0.667928547213615,0.667928547213615,0.667928547213615,0.667928547213615
flocking_robust_temporal,4,0.6397228697781769,0.6249412945222045,0.7609375,0.5673439812525102,0.5673439812525102,1.0,0.0,0.0,0.0,0.0,0.0,0.5580357142857142,76,0.6768010195968274,1.693099962398612,0.9710267857142856,1.9326098987525655,3.6734932764215307,5.179255224262706,1.8970071994875841,,3840,737280,0.7199999999999999,0.0,0.0,0.0,0.0,0,1.4875,0.475,6.06875,0.7633928571428571,0.23504464285714288,0.0,0.0,0.04375,1.5250843436223938,155.99735577183176,1.0797020411118865,multimodal_transient,0.30690003760138795,0.021026785714285623,0.5673439812525102,0.5673439812525102,0.5673439812525102,0.5673439812525102
flocking_robust_temporal,5,0.6342467475670628,0.6275867243319886,0.7556547619047619,0.5596974589186254,0.5596974589186254,1.0,0.0,0.0,0.0,0.0,0.0,0.5545386904761905,79,0.6549446391187289,1.6615125770617092,0.97578125,2.1370016568253596,3.700373123844811,5.122186701698254,1.793953987868223,,3840,737280,0.7199999999999999,0.0,0.0,0.0,0.0,0,1.49375,0.48125,5.9875,0.7616443452380952,0.23679315476190474,0.0,0.0,0.1125,1.532324524167285,137.20093505172102,1.0619490838143975,multimodal_transient,0.3384874229382908,0.02578125000000009,0.5596974589186254,0.5596974589186254,0.5596974589186254,0.5596974589186254
flocking_robust_temporal,6,4.196735001961523,0.7001238003407669,0.7582589285714285,2.846222090851664,2.846222090851664,1.0,0.0,0.0,0.0,0.75,0.35625,0.5704241071428571,78,4.197284126148522,51.09802311850271,0.6234375,2.1019604478444176,3.6725494761784128,5.179533338203365,1.9143032349350837,,3840,737280,0.7199999999999999,0.0,0.0,0.0,0.0,0,1.4875,0.475,5.975,0.7629464285714286,0.23549107142857145,0.0,0.0,0.14375,1.5788727194392267,144.1246726689879,1.062877207994461,multimodal_transient,49.09802311850271,0.3265625,2.846222090851664,2.846222090851664,2.846222090851664,2.846222090851664
flocking_robust_temporal,7,0.6436000304021383,0.6406747066545245,0.7629464285714286,0.5720806108459179,0.5720806108459179,1.0,0.0,0.0,0.0,0.0,0.0,0.5696428571428571,76,0.6410914507190819,1.566124339163606,0.96875,1.989102509672464,3.693226051006205,5.180968463809469,1.9002112456888054,,3840,737280,0.7199999999999999,0.0,0.0,0.0,0.0,0,1.48125,0.475,6.03125,0.7629464285714286,0.23627232142857144,0.00625,0.00625,0.075,1.554213187706185,101.65798662785963,1.0964669999666512,multimodal_transient,0.43387566083639406,0.018750000000000044,0.5720806108459179,0.5720806108459179,0.5720806108459179,0.5720806108459179
flocking_robust_temporal,8,0.6606785517545766,0.6550471684082481,0.7552083333333334,0.585259730890237,0.585259730890237,1.0,0.0,0.0,0.0,0.0,0.0,0.5592261904761905,78,0.6618087475247608,1.6674027087429657,0.96484375,1.984435446590863,3.6865094266747094,5.159617858574833,1.8538324098709942,,3840,737280,0.7199999999999999,0.0,0.0,0.0,0.0,0,1.49375,0.4875,5.98125,0.7571428571428571,0.2418154761904762,0.00625,0.00625,0.09375,1.5566335759379837,146.88133500968868,1.0683478750288486,multimodal_transient,0.3325972912570343,0.014843750000000044,0.585259730890237,0.585259730890237,0.585259730890237,0.585259730890237
flocking_robust_temporal,9,0.6591463075312376,0.6485651707785727,0.7585044642857143,0.589469362068529,0.589469362068529,1.0,0.0,0.0,0.0,0.012987012987012988,0.00625,0.5616071428571427,77,0.6619724985644759,1.6304275017476897,0.99375,2.0119065944144667,3.6788509106450404,5.0898380991778005,1.8527929170883346,,3840,737280,0.7199999999999999,0.0,0.0,0.0,0.0,0,1.4875,0.48125,5.925,0.7639285714285714,0.2352901785714286,0.0,0.0,0.20625,1.5579413578393821,138.56940330338165,1.0367208749521524,multimodal_transient,0.3695724982523103,0.04375000000000007,0.589469362068529,0.589469362068529,0.589469362068529,0.589469362068529
flocking_robust_temporal,10,0.6773981471715247,0.6428065560150926,0.7646428571428572,0.5860880283438972,0.5860880283438972,1.0,0.0,0.0,0.0,0.013333333333333334,0.00625,0.5680357142857142,76,0.6968165836680704,1.883797993483101,0.9572321428571428,2.0292634022341547,3.702207577954077,5.154140897205168,1.812490407531897,,3840,737280,0.7199999999999999,0.0,0.0,0.0,0.0,0,1.475,0.46875,6.06875,0.7683928571428572,0.23082589285714286,0.0,0.0,0.0875,1.5260310695539838,111.20567634055611,1.0660315831191838,multimodal_transient,0.11620200651689894,0.007232142857142798,0.5860880283438972,0.5860880283438972,0.5860880283438972,0.5860880283438972
flocking_robust_temporal,11,0.6699273115395281,0.6681134984317417,0.7587797619047618,0.5896957168458176,0.5896957168458176,1.0,0.0,0.0,0.0,0.0,0.0,0.5529761904761905,77,0.6703322238710636,1.6767038148388793,0.9776413690476191,2.0349506457979833,3.6912220998083085,5.148026273711875,1.885311528538105,,3840,737280,0.7199999999999999,0.0,0.0,0.0,0.0,0,1.48125,0.48125,6.0125,0.7608630952380953,0.23913690476190474,0.0,0.0,0.0875,1.5329077541632898,166.5153240179269,1.087289083050564,multimodal_transient,0.3232961851611207,0.027641369047619158,0.5896957168458176,0.5896957168458176,0.5896957168458176,0.5896957168458176
flocking_robust_temporal,12,0.6433737990372911,0.6433737990372911,0.76171875,0.5696278902083463,0.5696278902083463,1.0,0.0,0.0,0.0,0.0,0.0,0.55625,76,0.6638460970551299,1.6483423599762232,0.9756473214285715,1.925864121086193,3.6874014627967937,5.151217534166308,1.8458876965601203,,3840,737280,0.7199999999999999,0.0,0.0,0.0,0.0,0,1.48125,0.475,6.03125,0.76171875,0.23671875,0.0,0.0,0.06875,1.5297746755423576,157.90868828435717,1.0511496670078486,multimodal_transient,0.35165764002377675,0.025647321428571512,0.5696278902083463,0.5696278902083463,0.5696278902083463,0.5696278902083463
flocking_robust_temporal,13,0.7217775508529822,0.6888010554128651,0.7609151785714285,0.6386985668428433,0.6386985668428433,1.0,0.0,0.0,0.0,0.03896103896103896,0.01875,0.561674107142857,77,0.7147133710691622,1.9374232421609396,0.9422991071428571,2.0435659118475926,3.6781039651948335,5.122551699513548,1.8929096659919051,,3840,737280,0.7199999999999999,0.0,0.0,0.0,0.0,0,1.49375,0.48125,5.99375,0.7616964285714285,0.23674107142857143,0.0,0.0,0.1125,1.573220454451294,177.6841922056832,1.0438709589652717,multimodal_transient,0.06257675783906036,0.007700892857142816,0.6386985668428433,0.6386985668428433,0.6386985668428433,0.6386985668428433
flocking_robust_temporal,14,0.6852647459174049,0.6714277287898329,0.7528645833333334,0.6114035115893532,0.6114035115893532,1.0,0.0,0.0,0.0,0.0,0.0,0.5583333333333333,78,0.6894312885378214,1.8286476348583818,0.9703125,1.9503274842045677,3.6866687659964965,5.162150835920441,1.9073973588604154,,3840,737280,0.7199999999999999,0.0,0.0,0.0,0.0,0,1.5125,0.4875,5.99375,0.75546875,0.2403645833333333,0.00625,0.00625,0.05625,1.5602322222045228,156.11148926563976,1.061346499947831,multimodal_transient,0.17135236514161822,0.020312500000000067,0.6114035115893532,0.6114035115893532,0.6114035115893532,0.6114035115893532
flocking_robust_temporal,15,0.6463265891233676,0.6342158444140363,0.753125,0.5686773776396825,0.5686773776396825,1.0,0.0,0.0,0.0,0.0,0.0,0.5625,78,0.6780705174113499,1.7380268883680983,0.9737723214285715,2.043822944670363,3.6753213341271738,5.15873235941266,1.8905964897711176,,3840,737280,0.7199999999999999,0.0,0.0,0.0,0.0,0,1.50625,0.4875,5.9625,0.75546875,0.24140625,0.0,0.0,0.1,1.5525672532040993,179.3243024923146,1.0350256669335067,multimodal_transient,0.26197311163190173,0.023772321428571552,0.5686773776396825,0.5686773776396825,0.5686773776396825,0.5686773776396825
flocking_robust_temporal,16,0.7000314267566559,0.698786781032021,0.7631249999999999,0.6012287274937819,0.6012287274937819,1.0,0.0,0.0,0.0,0.0,0.0,0.5575,76,0.7083215105098488,1.9133311572466751,0.9518229166666666,2.150951401363346,3.674720036412976,5.223930499383866,1.776699801975327,,3840,737280,0.7199999999999999,0.0,0.0,0.0,0.0,0,1.475,0.475,5.9625,0.7631249999999999,0.236875,0.0125,0.00625,0.15625,1.5392218315133968,159.52463910056375,1.0381785000208765,multimodal_transient,0.08666884275332487,0.001822916666666674,0.6012287274937819,0.6012287274937819,0.6012287274937819,0.6012287274937819
flocking_robust_temporal,17,4.415568463873731,0.6209421475770434,0.7640625,3.1961927551188585,3.1961927551188585,1.0,0.0,0.0,0.0,0.9466666666666667,0.44375,0.5640625,75,4.420777720456983,58.63623921198274,0.5191964285714286,2.0120235911340165,3.691342125294958,5.206997704750622,1.8471975952265105,,3840,737280,0.7199999999999999,0.0,0.0,0.0,0.0,0,1.48125,0.46875,6.025,0.76484375,0.2328125,0.0,0.0,0.09375,1.557815364605107,100.77700268196952,1.0702804159373045,multimodal_transient,56.63623921198274,0.4308035714285714,3.1961927551188585,3.1961927551188585,3.1961927551188585,3.1961927551188585
flocking_robust_temporal,18,0.6888176098762371,0.6776516467784846,0.76171875,0.5974581626163876,0.5974581626163876,1.0,0.0,0.0,0.0,0.0,0.0,0.54375,76,0.6902119451073542,1.8071892132756582,0.965625,1.9603450569618406,3.6904903198484,5.126367968593053,1.8486616234132907,,3840,737280,0.7199999999999999,0.0,0.0,0.0,0.0,0,1.4875,0.475,6.03125,0.76171875,0.23671875,0.0,0.0,0.075,1.558159694546702,144.82534811480028,1.0889970001298934,multimodal_transient,0.19281078672434182,0.015625,0.5974581626163876,0.5974581626163876,0.5974581626163876,0.5974581626163876
flocking_robust_temporal,19,0.7323635278055641,0.7099502169309843,0.7613839285714286,0.6566941304010743,0.6566941304010743,1.0,0.0,0.0,0.0,0.013157894736842105,0.00625,0.5696428571428571,76,0.7251772846273978,2.0014089045444954,0.9401041666666666,2.0067721514942023,3.6933030546488226,5.114369510628277,1.8576100265451196,,3840,737280,0.7199999999999999,0.0,0.0,0.0,0.0,0,1.4875,0.475,5.96875,0.7629464285714286,0.23549107142857145,0.00625,0.00625,0.14375,1.5651652553599416,135.35601824095045,1.0407587920781225,multimodal_transient,0.0014089045444953818,0.009895833333333326,0.6566941304010743,0.6566941304010743,0.6566941304010743,0.6566941304010743
flocking_robust_temporal,20,4.3057806920454516,0.859748597481836,0.765625,3.171988305048624,3.171988305048624,1.0,0.0,0.0,0.0,0.92,0.43125,0.56875,76,4.298598702142158,60.46763477798716,0.54109375,1.9995543912943687,3.7038552115479804,5.1243139269604825,1.8334642173401712,,3840,737280,0.7199999999999999,0.0,0.0,0.0,0.0,0,1.475,0.46875,6.00625,0.765625,0.23359375,0.0,0.0,0.125,1.5331778762005452,122.66495481012966,1.054789250018075,multimodal_transient,58.46763477798716,0.4089062499999999,3.171988305048624,3.171988305048624,3.171988305048624,3.171988305048624
flocking_robust_temporal,21,0.6105626680200029,0.6084519532170348,0.7723958333333334,0.5454917099597073,0.5454917099597073,1.0,0.0,0.0,0.0,0.0,0.0,0.5799479166666667,76,0.6503626381699785,1.6242634153693931,0.9828125,1.9691539086672942,3.7005928536627986,5.125950796464958,1.8142987503554147,,3840,737280,0.7199999999999999,0.0,0.0,0.0,0.0,0,1.475,0.45625,6.025,0.7731770833333333,0.22369791666666666,0.0,0.0,0.1625,1.5651012056683202,116.23416458719122,1.055739790899679,multimodal_transient,0.3757365846306069,0.03281250000000002,0.5454917099597073,0.5454917099597073,0.5454917099597073,0.5454917099597073
flocking_robust_temporal,22,0.6092115358798978,0.606315644061286,0.7684151785714286,0.5326754725047861,0.5326754725047861,1.0,0.0,0.0,0.0,0.0,0.0,0.5571428571428572,75,0.6413696927699659,1.5347233814302577,0.9850446428571429,2.0088218827000963,3.6772799516728143,5.17271335521354,1.9165830275913875,,3840,737280,0.7199999999999999,0.0,0.0,0.0,0.0,0,1.46875,0.4625,6.0125,0.7691964285714286,0.23002232142857143,0.0,0.0,0.15,1.5573576732800718,166.6225573175383,1.0776529170107096,multimodal_transient,0.46527661856974234,0.03504464285714293,0.5326754725047861,0.5326754725047861,0.5326754725047861,0.5326754725047861
flocking_robust_temporal,23,0.6780584488570146,0.6607048060143716,0.765625,0.6007129082253152,0.6007129082253152,1.0,0.0,0.0,0.0,0.013333333333333334,0.00625,0.575,76,0.6742466450594128,1.7686034218658684,0.9755580357142858,2.0767646025560054,3.693895347224033,5.14689050175681,1.7933864885994317,,3840,737280,0.7199999999999999,0.0,0.0,0.0,0.0,0,1.475,0.46875,6.05,0.765625,0.23359375,0.0,0.0,0.075,1.5311108211820073,139.10599395470868,1.060098874848336,multimodal_transient,0.23139657813413161,0.02555803571428583,0.6007129082253152,0.6007129082253152,0.6007129082253152,0.6007129082253152
flocking_robust_temporal,24,0.6074730074470931,0.5957610592154345,0.7599330357142857,0.5377428562801597,0.5377428562801597,1.0,0.0,0.0,0.0,0.0,0.0,0.5526785714285715,77,0.6296661771439911,1.4907489028178138,0.9859375,1.947569444252969,3.696793214877912,5.177090829971442,1.8711702827264916,,3840,737280,0.7199999999999999,0.0,0.0,0.0,0.0,0,1.49375,0.48125,6.00625,0.7599330357142857,0.23772321428571427,0.0,0.0,0.075,1.55791045617047,100.05975026547216,1.0714148338884115,multimodal_transient,0.5092510971821862,0.03593750000000007,0.5377428562801597,0.5377428562801597,0.5377428562801597,0.5377428562801597
flocking_robust_temporal,25,0.7264389061000861,0.6725363086494237,0.7709821428571428,0.6280641963381196,0.6280641963381196,1.0,0.0,0.0,0.0,0.04054054054054054,0.01875,0.5732142857142858,75,0.73281610953862,1.9690738497383156,0.9375,2.2759341904985035,3.671988653957257,5.19027675496307,1.9604436322901653,,3840,737280,0.7199999999999999,0.0,0.0,0.0,0.0,0,1.48125,0.4625,6.0125,0.7709821428571428,0.2264136904761905,0.0,0.0,0.175,1.564116061620083,167.21146572187158,1.077305374899879,multimodal_transient,0.030926150261684437,0.012499999999999956,0.6280641963381196,0.6280641963381196,0.6280641963381196,0.6280641963381196
flocking_robust_temporal,26,0.7267198898490461,0.7007021195826147,0.7625,0.6441148877833796,0.6441148877833796,1.0,0.0,0.0,0.0,0.013157894736842105,0.00625,0.55,76,0.7413295443370839,2.029074008542554,0.94375,1.9401518048230517,3.682329841200148,5.080067667772804,1.8540196349996863,,3840,737280,0.7199999999999999,0.0,0.0,0.0,0.0,0,1.475,0.475,5.925,0.7625,0.2375,0.01875,0.01875,0.18125,1.5308678783793663,186.94900328617862,1.024455958046019,multimodal_transient,0.02907400854255382,0.006249999999999978,0.6441148877833796,0.6441148877833796,0.6441148877833796,0.6441148877833796
flocking_robust_temporal,27,0.6065177346980636,0.6020618088137232,0.7592187499999999,0.5400161504402489,0.5400161504402489,1.0,0.0,0.0,0.0,0.0,0.0,0.55125,77,0.6143087033197098,1.4301206226551428,0.99296875,1.920327977430727,3.696232079551353,5.090630126808314,1.8023317312439886,,3840,737280,0.7199999999999999,0.0,0.0,0.0,0.0,0,1.4875,0.48125,5.98125,0.76,0.23921874999999998,0.0,0.0,0.1125,1.575681348617645,139.52213079967456,1.0565053750760853,multimodal_transient,0.5698793773448572,0.04296875,0.5400161504402489,0.5400161504402489,0.5400161504402489,0.5400161504402489
flocking_robust_temporal,28,0.7267956605760562,0.7267956605760562,0.759077380952381,0.6474220980306469,0.6474220980306469,1.0,0.0,0.0,0.0,0.0,0.0,0.5592261904761905,77,0.731268269703699,2.027218694033677,0.9555059523809524,1.9192425947321219,3.6857790300387423,5.107388207580398,1.841561103393889,,3840,737280,0.7199999999999999,0.0,0.0,0.0,0.0,0,1.49375,0.48125,6.00625,0.7617559523809524,0.23668154761904764,0.0,0.0,0.10625,1.5313518036503697,150.06327493669974,1.0739330002106726,multimodal_transient,0.02721869403367716,0.005505952380952417,0.6474220980306469,0.6474220980306469,0.6474220980306469,0.6474220980306469
flocking_robust_temporal,29,0.679442967276528,0.6757289031313144,0.7559895833333333,0.5864605402808271,0.5864605402808271,1.0,0.0,0.0,0.0,0.0,0.0,0.55,77,0.6764566966888912,1.7162605960445596,0.9610937500000001,1.9852679103821642,3.682854271121085,5.117944968488748,1.8997364161499042,,3840,737280,0.7199999999999999,0.0,0.0,0.0,0.0,0,1.49375,0.48125,5.9375,0.7596354166666666,0.2388020833333333,0.0,0.0,0.15,1.5580766596855158,162.3351748341133,1.0758607920724899,multimodal_transient,0.2837394039554404,0.011093750000000124,0.5864605402808271,0.5864605402808271,0.5864605402808271,0.5864605402808271
flocking_robust_mixture,0,2.142246256114246,0.6706368887541356,0.7699776785714285,1.6659034735173435,1.6659034735173435,0.0,1.0,0.0,0.0,0.0,0.0,0.5784598214285713,76,0.6679756240028937,1.6665512354998966,0.963125,2.2034266301910366,3.6963340179780237,5.0232168161711614,1.7984207019471437,,3840,737280,0.7199999999999999,0.0,0.0,0.0,0.0,0,1.4875,0.4625,5.94375,0.7716517857142857,0.22444196428571428,0.00625,0.00625,0.24375,1.5185371779905434,140.21842658082625,1.03636341704987,multimodal_transient,0.3334487645001034,0.013125000000000053,1.6659034735173435,1.6659034735173435,1.6659034735173435,1.6659034735173435
flocking_robust_mixture,1,2.241591902819905,0.6601015577732819,0.7621651785714285,1.7676914111479853,1.7676914111479853,0.0,1.0,0.0,0.0,0.0,0.0,0.5571428571428572,76,0.6571514148690296,1.6596284277963023,0.96796875,1.9978803426184126,3.697941685349979,5.148129032334261,1.849118947071112,,3840,737280,0.7199999999999999,0.0,0.0,0.0,0.0,0,1.4875,0.475,6.01875,0.7621651785714285,0.23549107142857145,0.0,0.0,0.0875,1.5683152470738935,118.44839229497978,1.0664616248104721,multimodal_transient,0.34037157220369774,0.01796875000000009,1.7676914111479853,1.7676914111479853,1.7676914111479853,1.7676914111479853
flocking_robust_mixture,2,2.2139953211820127,0.7094114892561378,0.7637276785714285,1.7524511034836017,1.7524511034836017,0.0,1.0,0.0,0.0,0.0,0.0,0.5641741071428571,75,0.7216132695378978,1.9713392945465251,0.9732142857142858,2.011634160907046,3.687400506623586,5.080011370900057,1.8654183770409793,,3840,737280,0.7199999999999999,0.0,0.0,0.0,0.0,0,1.475,0.46875,5.98125,0.7660714285714285,0.23314732142857145,0.03125,0.03125,0.14375,1.5298049671538254,167.6377992319819,1.061606208095327,multimodal_transient,0.028660705453474877,0.023214285714285854,1.7524511034836017,1.7524511034836017,1.7524511034836017,1.7524511034836017
flocking_robust_mixture,3,2.256054825946149,0.7226097142007776,0.7621279761904762,1.7901877550306746,1.7901877550306746,0.0,1.0,0.0,0.0,0.0,0.0,0.5629836309523809,77,0.7358478961756909,2.030506563974318,0.9557291666666666,2.1050626989881307,3.6836169701221637,5.131464209721123,1.8620958711457654,,3840,737280,0.7199999999999999,0.0,0.0,0.0,0.0,0,1.5,0.475,6.04375,0.7646949404761905,0.23218005952380955,0.0,0.0,0.0875,1.551636277092574,149.34993699951525,1.0653573330491781,multimodal_transient,0.030506563974317835,0.005729166666666674,1.7901877550306746,1.7901877550306746,1.7901877550306746,1.7901877550306746
flocking_robust_mixture,4,2.1819292323504382,0.6249412945222045,0.7609375,1.7188921079500026,1.7188921079500026,0.0,1.0,0.0,0.0,0.0,0.0,0.5580357142857142,76,0.6668745168561687,1.6420379678305417,0.9741517857142856,1.9326098987525655,3.6734932764215307,5.179255224262706,1.8970071994875841,,3840,737280,0.7199999999999999,0.0,0.0,0.0,0.0,0,1.4875,0.475,6.06875,0.7633928571428571,0.23504464285714288,0.0,0.0,0.04375,1.5250843436223938,155.99735577183176,1.0568877498153597,multimodal_transient,0.3579620321694583,0.024151785714285667,1.7188921079500026,1.7188921079500026,1.7188921079500026,1.7188921079500026
flocking_robust_mixture,5,2.2706501019361225,0.6275867243319886,0.7556547619047619,1.7560860273281507,1.7560860273281507,0.0,1.0,0.0,0.0,0.0,0.0,0.5545386904761905,79,0.6498168140094865,1.6388617386062478,0.97578125,2.1370016568253596,3.700373123844811,5.122186701698254,1.793953987868223,,3840,737280,0.7199999999999999,0.0,0.0,0.0,0.0,0,1.49375,0.48125,5.9875,0.7616443452380952,0.23679315476190474,0.0,0.0,0.1125,1.532324524167285,137.20093505172102,1.0510722498875111,multimodal_transient,0.36113826139375216,0.02578125000000009,1.7560860273281507,1.7560860273281507,1.7560860273281507,1.7560860273281507
flocking_robust_mixture,6,2.3457379627348516,0.7001238003407669,0.7582589285714285,1.8031542211264022,1.8031542211264022,0.0,1.0,0.0,0.0,0.0,0.0,0.5704241071428571,78,0.7188119505233822,1.9499869076724938,0.96875,2.1019604478444176,3.6725494761784128,5.179533338203365,1.9143032349350837,,3840,737280,0.7199999999999999,0.0,0.0,0.0,0.0,0,1.4875,0.475,5.975,0.7629464285714286,0.23549107142857145,0.0,0.0,0.14375,1.5788727194392267,144.1246726689879,1.0708088751416653,multimodal_transient,0.05001309232750617,0.018750000000000044,1.8031542211264022,1.8031542211264022,1.8031542211264022,1.8031542211264022
flocking_robust_mixture,7,2.2238845508358756,0.6406747066545245,0.7629464285714286,1.7381294375287202,1.7381294375287202,0.0,1.0,0.0,0.0,0.0,0.0,0.5696428571428571,76,0.6414310408204735,1.5655890382856774,0.96875,1.989102509672464,3.693226051006205,5.180968463809469,1.9002112456888054,,3840,737280,0.7199999999999999,0.0,0.0,0.0,0.0,0,1.48125,0.475,6.03125,0.7629464285714286,0.23627232142857144,0.00625,0.00625,0.075,1.554213187706185,101.65798662785963,1.081480042077601,multimodal_transient,0.4344109617143226,0.018750000000000044,1.7381294375287202,1.7381294375287202,1.7381294375287202,1.7381294375287202
flocking_robust_mixture,8,2.1884639099574463,0.6550471684082481,0.7552083333333334,1.7141291327147534,1.7141291327147534,0.0,1.0,0.0,0.0,0.0,0.0,0.5592261904761905,78,0.6568816828707768,1.6430849274476897,0.96484375,1.984435446590863,3.6865094266747094,5.159617858574833,1.8538324098709942,,3840,737280,0.7199999999999999,0.0,0.0,0.0,0.0,0,1.49375,0.4875,5.98125,0.7571428571428571,0.2418154761904762,0.00625,0.00625,0.09375,1.5566335759379837,146.88133500968868,1.0777685830835253,multimodal_transient,0.35691507255231025,0.014843750000000044,1.7141291327147534,1.7141291327147534,1.7141291327147534,1.7141291327147534
flocking_robust_mixture,9,2.166461206166377,0.6485651707785727,0.7585044642857143,1.7155759594084343,1.7155759594084343,0.0,1.0,0.0,0.0,0.0,0.0,0.5616071428571427,77,0.6512263012294707,1.5803312881165525,0.9953125,2.0119065944144667,3.6788509106450404,5.0898380991778005,1.8527929170883346,,3840,737280,0.7199999999999999,0.0,0.0,0.0,0.0,0,1.4875,0.48125,5.925,0.7639285714285714,0.2352901785714286,0.0,0.0,0.20625,1.5579413578393821,138.56940330338165,1.0314353751018643,multimodal_transient,0.41966871188344745,0.04531250000000009,1.7155759594084343,1.7155759594084343,1.7155759594084343,1.7155759594084343
flocking_robust_mixture,10,2.166622325352473,0.6428065560150926,0.7646428571428572,1.6951531204499155,1.6951531204499155,0.0,1.0,0.0,0.0,0.0,0.0,0.5680357142857142,76,0.664167853402658,1.7167046517926607,0.9697321428571428,2.0292634022341547,3.702207577954077,5.154140897205168,1.812490407531897,,3840,737280,0.7199999999999999,0.0,0.0,0.0,0.0,0,1.475,0.46875,6.06875,0.7683928571428572,0.23082589285714286,0.0,0.0,0.0875,1.5260310695539838,111.20567634055611,1.0525965839624405,multimodal_transient,0.28329534820733926,0.019732142857142865,1.6951531204499155,1.6951531204499155,1.6951531204499155,1.6951531204499155
flocking_robust_mixture,11,2.1476237214247256,0.6681134984317417,0.7587797619047618,1.7047534224733858,1.7047534224733858,0.0,1.0,0.0,0.0,0.0,0.0,0.5529761904761905,77,0.6690905798683958,1.6701431987053925,0.9776413690476191,2.0349506457979833,3.6912220998083085,5.148026273711875,1.885311528538105,,3840,737280,0.7199999999999999,0.0,0.0,0.0,0.0,0,1.48125,0.48125,6.0125,0.7608630952380953,0.23913690476190474,0.0,0.0,0.0875,1.5329077541632898,166.5153240179269,1.0691090829204768,multimodal_transient,0.3298568012946075,0.027641369047619158,1.7047534224733858,1.7047534224733858,1.7047534224733858,1.7047534224733858
flocking_robust_mixture,12,2.2694809215340888,0.6433737990372911,0.76171875,1.7925274041525785,1.7925274041525785,0.0,1.0,0.0,0.0,0.0,0.0,0.55625,76,0.6638460970551299,1.6483423599762232,0.9756473214285715,1.925864121086193,3.6874014627967937,5.151217534166308,1.8458876965601203,,3840,737280,0.7199999999999999,0.0,0.0,0.0,0.0,0,1.48125,0.475,6.03125,0.76171875,0.23671875,0.0,0.0,0.06875,1.5297746755423576,157.90868828435717,1.0640807920135558,multimodal_transient,0.35165764002377675,0.025647321428571512,1.7925274041525785,1.7925274041525785,1.7925274041525785,1.7925274041525785
flocking_robust_mixture,13,2.224341356392434,0.6888010554128651,0.7609151785714285,1.7727672308369038,1.7727672308369038,0.0,1.0,0.0,0.0,0.0,0.0,0.561674107142857,77,0.6865098259407904,1.7931036741720825,0.9563616071428571,2.0435659118475926,3.6781039651948335,5.122551699513548,1.8929096659919051,,3840,737280,0.7199999999999999,0.0,0.0,0.0,0.0,0,1.49375,0.48125,5.99375,0.7616964285714285,0.23674107142857143,0.0,0.0,0.1125,1.573220454451294,177.6841922056832,1.0602040409576148,multimodal_transient,0.2068963258279175,0.006361607142857162,1.7727672308369038,1.7727672308369038,1.7727672308369038,1.7727672308369038
flocking_robust_mixture,14,2.1722377158393518,0.6714277287898329,0.7528645833333334,1.7282028692478633,1.7282028692478633,0.0,1.0,0.0,0.0,0.0,0.0,0.5583333333333333,78,0.6764148246312595,1.7535000638058915,0.9765625,1.9503274842045677,3.6866687659964965,5.162150835920441,1.9073973588604154,,3840,737280,0.7199999999999999,0.0,0.0,0.0,0.0,0,1.5125,0.4875,5.99375,0.75546875,0.2403645833333333,0.00625,0.00625,0.05625,1.5602322222045228,156.11148926563976,1.0609912080690265,multimodal_transient,0.24649993619410848,0.026562500000000044,1.7282028692478633,1.7282028692478633,1.7282028692478633,1.7282028692478633
flocking_robust_mixture,15,2.225805298032595,0.6342158444140363,0.753125,1.7572116173160564,1.7572116173160564,0.0,1.0,0.0,0.0,0.0,0.0,0.5625,78,0.6698856054297931,1.7013605216725078,0.9737723214285715,2.043822944670363,3.6753213341271738,5.15873235941266,1.8905964897711176,,3840,737280,0.7199999999999999,0.0,0.0,0.0,0.0,0,1.50625,0.4875,5.9625,0.75546875,0.24140625,0.0,0.0,0.1,1.5525672532040993,179.3243024923146,1.0467684590257704,multimodal_transient,0.29863947832749216,0.023772321428571552,1.7572116173160564,1.7572116173160564,1.7572116173160564,1.7572116173160564
flocking_robust_mixture,16,2.213386450131129,0.698786781032021,0.7631249999999999,1.7514621720075638,1.7514621720075638,0.0,1.0,0.0,0.0,0.0,0.0,0.5575,76,0.7072182873070181,1.908545184559431,0.95390625,2.150951401363346,3.674720036412976,5.223930499383866,1.776699801975327,,3840,737280,0.7199999999999999,0.0,0.0,0.0,0.0,0,1.475,0.475,5.9625,0.7631249999999999,0.236875,0.0125,0.00625,0.15625,1.5392218315133968,159.52463910056375,1.0318355839699507,multimodal_transient,0.09145481544056899,0.00390625,1.7514621720075638,1.7514621720075638,1.7514621720075638,1.7514621720075638
flocking_robust_mixture,17,2.2839923332700853,0.6209421475770434,0.7640625,1.7652247846683018,1.7652247846683018,0.0,1.0,0.0,0.0,0.0,0.0,0.5640625,75,0.6483862621875467,1.6037594096168548,0.9650297619047619,2.0120235911340165,3.691342125294958,5.206997704750622,1.8471975952265105,,3840,737280,0.7199999999999999,0.0,0.0,0.0,0.0,0,1.48125,0.46875,6.025,0.76484375,0.2328125,0.0,0.0,0.09375,1.557815364605107,100.77700268196952,1.0593540000263602,multimodal_transient,0.3962405903831452,0.015029761904761907,1.7652247846683018,1.7652247846683018,1.7652247846683018,1.7652247846683018
flocking_robust_mixture,18,2.210124879179826,0.6776516467784846,0.76171875,1.7420142977900284,1.7420142977900284,0.0,1.0,0.0,0.0,0.0,0.0,0.54375,76,0.6812492697871072,1.7622514790117276,0.971875,1.9603450569618406,3.6904903198484,5.126367968593053,1.8486616234132907,,3840,737280,0.7199999999999999,0.0,0.0,0.0,0.0,0,1.4875,0.475,6.03125,0.76171875,0.23671875,0.0,0.0,0.075,1.558159694546702,144.82534811480028,1.057529958896339,multimodal_transient,0.23774852098827237,0.02187500000000009,1.7420142977900284,1.7420142977900284,1.7420142977900284,1.7420142977900284
flocking_robust_mixture,19,2.190528351923323,0.7099502169309843,0.7613839285714286,1.751302163501601,1.751302163501601,0.0,1.0,0.0,0.0,0.0,0.0,0.5696428571428571,76,0.7060930501912304,1.8898343884120758,0.9510416666666666,2.0067721514942023,3.6933030546488226,5.114369510628277,1.8576100265451196,,3840,737280,0.7199999999999999,0.0,0.0,0.0,0.0,0,1.4875,0.475,5.96875,0.7629464285714286,0.23549107142857145,0.00625,0.00625,0.14375,1.5651652553599416,135.35601824095045,1.0464776249136776,multimodal_transient,0.11016561158792415,0.0010416666666666075,1.751302163501601,1.751302163501601,1.751302163501601,1.751302163501601
flocking_robust_mixture,20,2.2592078037240277,0.859748597481836,0.765625,1.7786651943344232,1.7786651943344232,0.0,1.0,0.0,0.0,0.0,0.0,0.56875,76,0.8626645826764979,2.7412254861797507,0.9692187499999999,1.9995543912943687,3.7038552115479804,5.1243139269604825,1.8334642173401712,,3840,737280,0.7199999999999999,0.0,0.0,0.0,0.0,0,1.475,0.46875,6.00625,0.765625,0.23359375,0.0,0.0,0.125,1.5331778762005452,122.66495481012966,1.0561155839823186,multimodal_transient,0.7412254861797507,0.01921874999999995,1.7786651943344232,1.7786651943344232,1.7786651943344232,1.7786651943344232
flocking_robust_mixture,21,2.0726562266359814,0.6084519532170348,0.7723958333333334,1.596736210684051,1.596736210684051,0.0,1.0,0.0,0.0,0.0,0.0,0.5799479166666667,76,0.6406874393421024,1.578521651378428,0.9859375,1.9691539086672942,3.7005928536627986,5.125950796464958,1.8142987503554147,,3840,737280,0.7199999999999999,0.0,0.0,0.0,0.0,0,1.475,0.45625,6.025,0.7731770833333333,0.22369791666666666,0.0,0.0,0.1625,1.5651012056683202,116.23416458719122,1.060356916859746,multimodal_transient,0.4214783486215721,0.03593750000000007,1.596736210684051,1.596736210684051,1.596736210684051,1.596736210684051
flocking_robust_mixture,22,2.284843314084072,0.606315644061286,0.7684151785714286,1.7641728422894751,1.7641728422894751,0.0,1.0,0.0,0.0,0.0,0.0,0.5571428571428572,75,0.6395895591738782,1.5240168105113316,0.9850446428571429,2.0088218827000963,3.6772799516728143,5.17271335521354,1.9165830275913875,,3840,737280,0.7199999999999999,0.0,0.0,0.0,0.0,0,1.46875,0.4625,6.0125,0.7691964285714286,0.23002232142857143,0.0,0.0,0.15,1.5573576732800718,166.6225573175383,1.054712082957849,multimodal_transient,0.47598318948866836,0.03504464285714293,1.7641728422894751,1.7641728422894751,1.7641728422894751,1.7641728422894751
flocking_robust_mixture,23,2.1842478404848147,0.6607048060143716,0.765625,1.7264474317962346,1.7264474317962346,0.0,1.0,0.0,0.0,0.0,0.0,0.575,76,0.6608774296694031,1.7019671462192427,0.9818080357142858,2.0767646025560054,3.693895347224033,5.14689050175681,1.7933864885994317,,3840,737280,0.7199999999999999,0.0,0.0,0.0,0.0,0,1.475,0.46875,6.05,0.765625,0.23359375,0.0,0.0,0.075,1.5311108211820073,139.10599395470868,1.0595917501486838,multimodal_transient,0.2980328537807573,0.03180803571428581,1.7264474317962346,1.7264474317962346,1.7264474317962346,1.7264474317962346
flocking_robust_mixture,24,2.1094678907298383,0.5957610592154345,0.7599330357142857,1.630185768302611,1.630185768302611,0.0,1.0,0.0,0.0,0.0,0.0,0.5526785714285715,77,0.6205816834754123,1.4479257333720608,0.9859375,1.947569444252969,3.696793214877912,5.177090829971442,1.8711702827264916,,3840,737280,0.7199999999999999,0.0,0.0,0.0,0.0,0,1.49375,0.48125,6.00625,0.7599330357142857,0.23772321428571427,0.0,0.0,0.075,1.55791045617047,100.05975026547216,1.0713565000332892,multimodal_transient,0.5520742666279392,0.03593750000000007,1.630185768302611,1.630185768302611,1.630185768302611,1.630185768302611
flocking_robust_mixture,25,2.2230203327710325,0.6725363086494237,0.7709821428571428,1.7574389172030709,1.7574389172030709,0.0,1.0,0.0,0.0,0.0,0.0,0.5732142857142858,75,0.6795178304163033,1.7543482443273484,0.9625,2.2759341904985035,3.671988653957257,5.19027675496307,1.9604436322901653,,3840,737280,0.7199999999999999,0.0,0.0,0.0,0.0,0,1.48125,0.4625,6.0125,0.7709821428571428,0.2264136904761905,0.0,0.0,0.175,1.564116061620083,167.21146572187158,1.0583245418965816,multimodal_transient,0.24565175567265163,0.012500000000000067,1.7574389172030709,1.7574389172030709,1.7574389172030709,1.7574389172030709
flocking_robust_mixture,26,2.1986298213151816,0.7007021195826147,0.7625,1.7547470460337515,1.7547470460337515,0.0,1.0,0.0,0.0,0.0,0.0,0.55,76,0.7198805973409321,1.9112516356578282,0.95625,1.9401518048230517,3.682329841200148,5.080067667772804,1.8540196349996863,,3840,737280,0.7199999999999999,0.0,0.0,0.0,0.0,0,1.475,0.475,5.925,0.7625,0.2375,0.01875,0.01875,0.18125,1.5308678783793663,186.94900328617862,1.0438086669892073,multimodal_transient,0.08874836434217181,0.006250000000000089,1.7547470460337515,1.7547470460337515,1.7547470460337515,1.7547470460337515
flocking_robust_mixture,27,2.1217533446097465,0.6020618088137232,0.7592187499999999,1.6801932051906223,1.6801932051906223,0.0,1.0,0.0,0.0,0.0,0.0,0.55125,77,0.6099096999582191,1.4095470477287246,0.99296875,1.920327977430727,3.696232079551353,5.090630126808314,1.8023317312439886,,3840,737280,0.7199999999999999,0.0,0.0,0.0,0.0,0,1.4875,0.48125,5.98125,0.76,0.23921874999999998,0.0,0.0,0.1125,1.575681348617645,139.52213079967456,1.0574014999438077,multimodal_transient,0.5904529522712754,0.04296875,1.6801932051906223,1.6801932051906223,1.6801932051906223,1.6801932051906223
flocking_robust_mixture,28,2.255998472685141,0.7267956605760562,0.759077380952381,1.7885536021330872,1.7885536021330872,0.0,1.0,0.0,0.0,0.0,0.0,0.5592261904761905,77,0.731268269703699,2.027218694033677,0.9555059523809524,1.9192425947321219,3.6857790300387423,5.107388207580398,1.841561103393889,,3840,737280,0.7199999999999999,0.0,0.0,0.0,0.0,0,1.49375,0.48125,6.00625,0.7617559523809524,0.23668154761904764,0.0,0.0,0.10625,1.5313518036503697,150.06327493669974,1.0640042091254145,multimodal_transient,0.02721869403367716,0.005505952380952417,1.7885536021330872,1.7885536021330872,1.7885536021330872,1.7885536021330872
flocking_robust_mixture,29,2.2687413275654067,0.6757289031313144,0.7559895833333333,1.7991718500516611,1.7991718500516611,0.0,1.0,0.0,0.0,0.0,0.0,0.55,77,0.6755338810770244,1.7082674263069066,0.9610937500000001,1.9852679103821642,3.682854271121085,5.117944968488748,1.8997364161499042,,3840,737280,0.7199999999999999,0.0,0.0,0.0,0.0,0,1.49375,0.48125,5.9375,0.7596354166666666,0.2388020833333333,0.0,0.0,0.15,1.5580766596855158,162.3351748341133,1.0606004579458386,multimodal_transient,0.29173257369309336,0.011093750000000124,1.7991718500516611,1.7991718500516611,1.7991718500516611,1.7991718500516611
flocking_robust_defer,0,2.142246256114246,0.6706368887541356,0.7699776785714285,1.332709358021138,0.582709358021138,0.0,0.0,1.0,0.0,0.0,0.0,0.5784598214285713,76,0.6679756240028937,1.6665512354998966,0.963125,2.2034266301910366,3.6963340179780237,5.0232168161711614,1.7984207019471437,,3840,737280,0.7199999999999999,0.0,0.0,0.0,0.0,0,1.4875,0.4625,5.94375,0.7716517857142857,0.22444196428571428,0.00625,0.00625,0.24375,1.5185371779905434,140.21842658082625,1.0503035420551896,multimodal_transient,0.3334487645001034,0.013125000000000053,0.832709358021138,1.082709358021138,1.582709358021138,2.082709358021138
flocking_robust_defer,1,2.241591902819905,0.6601015577732819,0.7621651785714285,1.3337179333745803,0.5837179333745803,0.0,0.0,1.0,0.0,0.0,0.0,0.5571428571428572,76,0.6571514148690296,1.6596284277963023,0.96796875,1.9978803426184126,3.697941685349979,5.148129032334261,1.849118947071112,,3840,737280,0.7199999999999999,0.0,0.0,0.0,0.0,0,1.4875,0.475,6.01875,0.7621651785714285,0.23549107142857145,0.0,0.0,0.0875,1.5683152470738935,118.44839229497978,1.0584932919591665,multimodal_transient,0.34037157220369774,0.01796875000000009,0.8337179333745803,1.0837179333745803,1.5837179333745803,2.0837179333745803
flocking_robust_defer,2,2.2139953211820127,0.7094114892561378,0.7637276785714285,1.3707477847906246,0.6207477847906249,0.0,0.0,1.0,0.0,0.0,0.0,0.5641741071428571,75,0.7216132695378978,1.9713392945465251,0.9732142857142858,2.011634160907046,3.687400506623586,5.080011370900057,1.8654183770409793,,3840,737280,0.7199999999999999,0.0,0.0,0.0,0.0,0,1.475,0.46875,5.98125,0.7660714285714285,0.23314732142857145,0.03125,0.03125,0.14375,1.5298049671538254,167.6377992319819,1.0534230410121381,multimodal_transient,0.028660705453474877,0.023214285714285854,0.8707477847906249,1.1207477847906249,1.6207477847906249,2.120747784790625
flocking_robust_defer,3,2.256054825946149,0.7226097142007776,0.7621279761904762,1.391411702254746,0.641411702254746,0.0,0.0,1.0,0.0,0.0,0.0,0.5629836309523809,77,0.7358478961756909,2.030506563974318,0.9557291666666666,2.1050626989881307,3.6836169701221637,5.131464209721123,1.8620958711457654,,3840,737280,0.7199999999999999,0.0,0.0,0.0,0.0,0,1.5,0.475,6.04375,0.7646949404761905,0.23218005952380955,0.0,0.0,0.0875,1.551636277092574,149.34993699951525,1.0710045001469553,multimodal_transient,0.030506563974317835,0.005729166666666674,0.891411702254746,1.141411702254746,1.641411702254746,2.141411702254746
flocking_robust_defer,4,2.1819292323504382,0.6249412945222045,0.7609375,1.3070579922103158,0.5570579922103158,0.0,0.0,1.0,0.0,0.0,0.0,0.5580357142857142,76,0.6668745168561687,1.6420379678305417,0.9741517857142856,1.9326098987525655,3.6734932764215307,5.179255224262706,1.8970071994875841,,3840,737280,0.7199999999999999,0.0,0.0,0.0,0.0,0,1.4875,0.475,6.06875,0.7633928571428571,0.23504464285714288,0.0,0.0,0.04375,1.5250843436223938,155.99735577183176,1.0733715000096709,multimodal_transient,0.3579620321694583,0.024151785714285667,0.8070579922103158,1.0570579922103158,1.5570579922103158,2.057057992210316
flocking_robust_defer,5,2.2706501019361225,0.6275867243319886,0.7556547619047619,1.3001545147718363,0.5501545147718362,0.0,0.0,1.0,0.0,0.0,0.0,0.5545386904761905,79,0.6498168140094865,1.6388617386062478,0.97578125,2.1370016568253596,3.700373123844811,5.122186701698254,1.793953987868223,,3840,737280,0.7199999999999999,0.0,0.0,0.0,0.0,0,1.49375,0.48125,5.9875,0.7616443452380952,0.23679315476190474,0.0,0.0,0.1125,1.532324524167285,137.20093505172102,1.0490521248430014,multimodal_transient,0.36113826139375216,0.02578125000000009,0.8001545147718362,1.0501545147718363,1.5501545147718363,2.0501545147718363
flocking_robust_defer,6,2.3457379627348516,0.7001238003407669,0.7582589285714285,1.3413507437507861,0.591350743750786,0.0,0.0,1.0,0.0,0.0,0.0,0.5704241071428571,78,0.7188119505233822,1.9499869076724938,0.96875,2.1019604478444176,3.6725494761784128,5.179533338203365,1.9143032349350837,,3840,737280,0.7199999999999999,0.0,0.0,0.0,0.0,0,1.4875,0.475,5.975,0.7629464285714286,0.23549107142857145,0.0,0.0,0.14375,1.5788727194392267,144.1246726689879,1.0561525830999017,multimodal_transient,0.05001309232750617,0.018750000000000044,0.841350743750786,1.0913507437507861,1.5913507437507861,2.091350743750786
flocking_robust_defer,7,2.2238845508358756,0.6406747066545245,0.7629464285714286,1.3191926803815464,0.5691926803815464,0.0,0.0,1.0,0.0,0.0,0.0,0.5696428571428571,76,0.6414310408204735,1.5655890382856774,0.96875,1.989102509672464,3.693226051006205,5.180968463809469,1.9002112456888054,,3840,737280,0.7199999999999999,0.0,0.0,0.0,0.0,0,1.48125,0.475,6.03125,0.7629464285714286,0.23627232142857144,0.00625,0.00625,0.075,1.554213187706185,101.65798662785963,1.0690462500788271,multimodal_transient,0.4344109617143226,0.018750000000000044,0.8191926803815464,1.0691926803815464,1.5691926803815464,2.0691926803815464
flocking_robust_defer,8,2.1884639099574463,0.6550471684082481,0.7552083333333334,1.3284868777591035,0.5784868777591035,0.0,0.0,1.0,0.0,0.0,0.0,0.5592261904761905,78,0.6568816828707768,1.6430849274476897,0.96484375,1.984435446590863,3.6865094266747094,5.159617858574833,1.8538324098709942,,3840,737280,0.7199999999999999,0.0,0.0,0.0,0.0,0,1.49375,0.4875,5.98125,0.7571428571428571,0.2418154761904762,0.00625,0.00625,0.09375,1.5566335759379837,146.88133500968868,1.0701920420397073,multimodal_transient,0.35691507255231025,0.014843750000000044,0.8284868777591035,1.0784868777591035,1.5784868777591035,2.0784868777591035
flocking_robust_defer,9,2.166461206166377,0.6485651707785727,0.7585044642857143,1.3301107498909133,0.5801107498909135,0.0,0.0,1.0,0.0,0.0,0.0,0.5616071428571427,77,0.6512263012294707,1.5803312881165525,0.9953125,2.0119065944144667,3.6788509106450404,5.0898380991778005,1.8527929170883346,,3840,737280,0.7199999999999999,0.0,0.0,0.0,0.0,0,1.4875,0.48125,5.925,0.7639285714285714,0.2352901785714286,0.0,0.0,0.20625,1.5579413578393821,138.56940330338165,1.0374595830217004,multimodal_transient,0.41966871188344745,0.04531250000000009,0.8301107498909135,1.0801107498909135,1.5801107498909135,2.0801107498909133
flocking_robust_defer,10,2.166622325352473,0.6428065560150926,0.7646428571428572,1.3126509616858395,0.5626509616858396,0.0,0.0,1.0,0.0,0.0,0.0,0.5680357142857142,76,0.664167853402658,1.7167046517926607,0.9697321428571428,2.0292634022341547,3.702207577954077,5.154140897205168,1.812490407531897,,3840,737280,0.7199999999999999,0.0,0.0,0.0,0.0,0,1.475,0.46875,6.06875,0.7683928571428572,0.23082589285714286,0.0,0.0,0.0875,1.5260310695539838,111.20567634055611,1.0715684581082314,multimodal_transient,0.28329534820733926,0.019732142857142865,0.8126509616858396,1.0626509616858395,1.5626509616858395,2.0626509616858395
flocking_robust_defer,11,2.1476237214247256,0.6681134984317417,0.7587797619047618,1.3373421262638128,0.5873421262638129,0.0,0.0,1.0,0.0,0.0,0.0,0.5529761904761905,77,0.6690905798683958,1.6701431987053925,0.9776413690476191,2.0349506457979833,3.6912220998083085,5.148026273711875,1.885311528538105,,3840,737280,0.7199999999999999,0.0,0.0,0.0,0.0,0,1.48125,0.48125,6.0125,0.7608630952380953,0.23913690476190474,0.0,0.0,0.0875,1.5329077541632898,166.5153240179269,1.0773181249387562,multimodal_transient,0.3298568012946075,0.027641369047619158,0.8373421262638129,1.0873421262638128,1.5873421262638128,2.0873421262638128
flocking_robust_defer,12,2.2694809215340888,0.6433737990372911,0.76171875,1.3196278902083463,0.5696278902083463,0.0,0.0,1.0,0.0,0.0,0.0,0.55625,76,0.6638460970551299,1.6483423599762232,0.9756473214285715,1.925864121086193,3.6874014627967937,5.151217534166308,1.8458876965601203,,3840,737280,0.7199999999999999,0.0,0.0,0.0,0.0,0,1.48125,0.475,6.03125,0.76171875,0.23671875,0.0,0.0,0.06875,1.5297746755423576,157.90868828435717,1.0644493750296533,multimodal_transient,0.35165764002377675,0.025647321428571512,0.8196278902083463,1.0696278902083463,1.5696278902083463,2.0696278902083463
flocking_robust_defer,13,2.224341356392434,0.6888010554128651,0.7609151785714285,1.361146313516509,0.6111463135165088,0.0,0.0,1.0,0.0,0.0,0.0,0.561674107142857,77,0.6865098259407904,1.7931036741720825,0.9563616071428571,2.0435659118475926,3.6781039651948335,5.122551699513548,1.8929096659919051,,3840,737280,0.7199999999999999,0.0,0.0,0.0,0.0,0,1.49375,0.48125,5.99375,0.7616964285714285,0.23674107142857143,0.0,0.0,0.1125,1.573220454451294,177.6841922056832,1.0550707920920104,multimodal_transient,0.2068963258279175,0.006361607142857162,0.8611463135165088,1.111146313516509,1.611146313516509,2.111146313516509
flocking_robust_defer,14,2.1722377158393518,0.6714277287898329,0.7528645833333334,1.3482211916220848,0.5982211916220849,0.0,0.0,1.0,0.0,0.0,0.0,0.5583333333333333,78,0.6764148246312595,1.7535000638058915,0.9765625,1.9503274842045677,3.6866687659964965,5.162150835920441,1.9073973588604154,,3840,737280,0.7199999999999999,0.0,0.0,0.0,0.0,0,1.5125,0.4875,5.99375,0.75546875,0.2403645833333333,0.00625,0.00625,0.05625,1.5602322222045228,156.11148926563976,1.0552740001585335,multimodal_transient,0.24649993619410848,0.026562500000000044,0.8482211916220849,1.098221191622085,1.598221191622085,2.098221191622085
flocking_robust_defer,15,2.225805298032595,0.6342158444140363,0.753125,1.3072558508271768,0.5572558508271769,0.0,0.0,1.0,0.0,0.0,0.0,0.5625,78,0.6698856054297931,1.7013605216725078,0.9737723214285715,2.043822944670363,3.6753213341271738,5.15873235941266,1.8905964897711176,,3840,737280,0.7199999999999999,0.0,0.0,0.0,0.0,0,1.50625,0.4875,5.9625,0.75546875,0.24140625,0.0,0.0,0.1,1.5525672532040993,179.3243024923146,1.0595564160030335,multimodal_transient,0.29863947832749216,0.023772321428571552,0.8072558508271769,1.0572558508271768,1.5572558508271768,2.0572558508271768
flocking_robust_defer,16,2.213386450131129,0.698786781032021,0.7631249999999999,1.3491161842999755,0.5991161842999755,0.0,0.0,1.0,0.0,0.0,0.0,0.5575,76,0.7072182873070181,1.908545184559431,0.95390625,2.150951401363346,3.674720036412976,5.223930499383866,1.776699801975327,,3840,737280,0.7199999999999999,0.0,0.0,0.0,0.0,0,1.475,0.475,5.9625,0.7631249999999999,0.236875,0.0125,0.00625,0.15625,1.5392218315133968,159.52463910056375,1.0348857501521707,multimodal_transient,0.09145481544056899,0.00390625,0.8491161842999755,1.0991161842999755,1.5991161842999755,2.0991161842999757
flocking_robust_defer,17,2.2839923332700853,0.6209421475770434,0.7640625,1.2773540859522865,0.5273540859522866,0.0,0.0,1.0,0.0,0.0,0.0,0.5640625,75,0.6483862621875467,1.6037594096168548,0.9650297619047619,2.0120235911340165,3.691342125294958,5.206997704750622,1.8471975952265105,,3840,737280,0.7199999999999999,0.0,0.0,0.0,0.0,0,1.48125,0.46875,6.025,0.76484375,0.2328125,0.0,0.0,0.09375,1.557815364605107,100.77700268196952,1.047011542133987,multimodal_transient,0.3962405903831452,0.015029761904761907,0.7773540859522866,1.0273540859522865,1.5273540859522865,2.0273540859522865
flocking_robust_defer,18,2.210124879179826,0.6776516467784846,0.76171875,1.3379728647570204,0.5879728647570205,0.0,0.0,1.0,0.0,0.0,0.0,0.54375,76,0.6812492697871072,1.7622514790117276,0.971875,1.9603450569618406,3.6904903198484,5.126367968593053,1.8486616234132907,,3840,737280,0.7199999999999999,0.0,0.0,0.0,0.0,0,1.4875,0.475,6.03125,0.76171875,0.23671875,0.0,0.0,0.075,1.558159694546702,144.82534811480028,1.0539405411109328,multimodal_transient,0.23774852098827237,0.02187500000000009,0.8379728647570205,1.0879728647570204,1.5879728647570204,2.0879728647570204
flocking_robust_defer,19,2.190528351923323,0.7099502169309843,0.7613839285714286,1.3844833616878613,0.6344833616878615,0.0,0.0,1.0,0.0,0.0,0.0,0.5696428571428571,76,0.7060930501912304,1.8898343884120758,0.9510416666666666,2.0067721514942023,3.6933030546488226,5.114369510628277,1.8576100265451196,,3840,737280,0.7199999999999999,0.0,0.0,0.0,0.0,0,1.4875,0.475,5.96875,0.7629464285714286,0.23549107142857145,0.00625,0.00625,0.14375,1.5651652553599416,135.35601824095045,1.035824083024636,multimodal_transient,0.11016561158792415,0.0010416666666666075,0.8844833616878615,1.1344833616878613,1.6344833616878613,2.1344833616878613
flocking_robust_defer,20,2.2592078037240277,0.859748597481836,0.765625,1.3927144107068568,0.642714410706857,0.0,0.0,1.0,0.0,0.0,0.0,0.56875,76,0.8626645826764979,2.7412254861797507,0.9692187499999999,1.9995543912943687,3.7038552115479804,5.1243139269604825,1.8334642173401712,,3840,737280,0.7199999999999999,0.0,0.0,0.0,0.0,0,1.475,0.46875,6.00625,0.765625,0.23359375,0.0,0.0,0.125,1.5331778762005452,122.66495481012966,1.0591523330658674,multimodal_transient,0.7412254861797507,0.01921874999999995,0.892714410706857,1.142714410706857,1.642714410706857,2.1427144107068568
flocking_robust_defer,21,2.0726562266359814,0.6084519532170348,0.7723958333333334,1.2921456743026531,0.5421456743026531,0.0,0.0,1.0,0.0,0.0,0.0,0.5799479166666667,76,0.6406874393421024,1.578521651378428,0.9859375,1.9691539086672942,3.7005928536627986,5.125950796464958,1.8142987503554147,,3840,737280,0.7199999999999999,0.0,0.0,0.0,0.0,0,1.475,0.45625,6.025,0.7731770833333333,0.22369791666666666,0.0,0.0,0.1625,1.5651012056683202,116.23416458719122,1.0514331660233438,multimodal_transient,0.4214783486215721,0.03593750000000007,0.7921456743026531,1.0421456743026531,1.5421456743026531,2.0421456743026534
flocking_robust_defer,22,2.284843314084072,0.606315644061286,0.7684151785714286,1.2803390887307498,0.5303390887307499,0.0,0.0,1.0,0.0,0.0,0.0,0.5571428571428572,75,0.6395895591738782,1.5240168105113316,0.9850446428571429,2.0088218827000963,3.6772799516728143,5.17271335521354,1.9165830275913875,,3840,737280,0.7199999999999999,0.0,0.0,0.0,0.0,0,1.46875,0.4625,6.0125,0.7691964285714286,0.23002232142857143,0.0,0.0,0.15,1.5573576732800718,166.6225573175383,1.0704485001042485,multimodal_transient,0.47598318948866836,0.03504464285714293,0.7803390887307499,1.03033908873075,1.53033908873075,2.03033908873075
flocking_robust_defer,23,2.1842478404848147,0.6607048060143716,0.765625,1.3357722444725206,0.5857722444725207,0.0,0.0,1.0,0.0,0.0,0.0,0.575,76,0.6608774296694031,1.7019671462192427,0.9818080357142858,2.0767646025560054,3.693895347224033,5.14689050175681,1.7933864885994317,,3840,737280,0.7199999999999999,0.0,0.0,0.0,0.0,0,1.475,0.46875,6.05,0.765625,0.23359375,0.0,0.0,0.075,1.5311108211820073,139.10599395470868,1.0574088329449296,multimodal_transient,0.2980328537807573,0.03180803571428581,0.8357722444725207,1.0857722444725209,1.5857722444725209,2.085772244472521
flocking_robust_defer,24,2.1094678907298383,0.5957610592154345,0.7599330357142857,1.277450598994027,0.527450598994027,0.0,0.0,1.0,0.0,0.0,0.0,0.5526785714285715,77,0.6205816834754123,1.4479257333720608,0.9859375,1.947569444252969,3.696793214877912,5.177090829971442,1.8711702827264916,,3840,737280,0.7199999999999999,0.0,0.0,0.0,0.0,0,1.49375,0.48125,6.00625,0.7599330357142857,0.23772321428571427,0.0,0.0,0.075,1.55791045617047,100.05975026547216,1.07323845801875,multimodal_transient,0.5520742666279392,0.03593750000000007,0.777450598994027,1.027450598994027,1.527450598994027,2.027450598994027
flocking_robust_defer,25,2.2230203327710325,0.6725363086494237,0.7709821428571428,1.3486979919128934,0.5986979919128934,0.0,0.0,1.0,0.0,0.0,0.0,0.5732142857142858,75,0.6795178304163033,1.7543482443273484,0.9625,2.2759341904985035,3.671988653957257,5.19027675496307,1.9604436322901653,,3840,737280,0.7199999999999999,0.0,0.0,0.0,0.0,0,1.48125,0.4625,6.0125,0.7709821428571428,0.2264136904761905,0.0,0.0,0.175,1.564116061620083,167.21146572187158,1.046800000127405,multimodal_transient,0.24565175567265163,0.012500000000000067,0.8486979919128934,1.0986979919128934,1.5986979919128934,2.0986979919128936
flocking_robust_defer,26,2.1986298213151816,0.7007021195826147,0.7625,1.375619189611287,0.625619189611287,0.0,0.0,1.0,0.0,0.0,0.0,0.55,76,0.7198805973409321,1.9112516356578282,0.95625,1.9401518048230517,3.682329841200148,5.080067667772804,1.8540196349996863,,3840,737280,0.7199999999999999,0.0,0.0,0.0,0.0,0,1.475,0.475,5.925,0.7625,0.2375,0.01875,0.01875,0.18125,1.5308678783793663,186.94900328617862,1.029750999994576,multimodal_transient,0.08874836434217181,0.006250000000000089,0.875619189611287,1.125619189611287,1.625619189611287,2.125619189611287
flocking_robust_defer,27,2.1217533446097465,0.6020618088137232,0.7592187499999999,1.2853394313800384,0.5353394313800381,0.0,0.0,1.0,0.0,0.0,0.0,0.55125,77,0.6099096999582191,1.4095470477287246,0.99296875,1.920327977430727,3.696232079551353,5.090630126808314,1.8023317312439886,,3840,737280,0.7199999999999999,0.0,0.0,0.0,0.0,0,1.4875,0.48125,5.98125,0.76,0.23921874999999998,0.0,0.0,0.1125,1.575681348617645,139.52213079967456,1.0497906249947846,multimodal_transient,0.5904529522712754,0.04296875,0.7853394313800381,1.0353394313800381,1.5353394313800381,2.035339431380038
flocking_robust_defer,28,2.255998472685141,0.7267956605760562,0.759077380952381,1.3974220980306469,0.6474220980306469,0.0,0.0,1.0,0.0,0.0,0.0,0.5592261904761905,77,0.731268269703699,2.027218694033677,0.9555059523809524,1.9192425947321219,3.6857790300387423,5.107388207580398,1.841561103393889,,3840,737280,0.7199999999999999,0.0,0.0,0.0,0.0,0,1.49375,0.48125,6.00625,0.7617559523809524,0.23668154761904764,0.0,0.0,0.10625,1.5313518036503697,150.06327493669974,1.0583465408999473,multimodal_transient,0.02721869403367716,0.005505952380952417,0.8974220980306469,1.1474220980306469,1.6474220980306469,2.147422098030647
flocking_robust_defer,29,2.2687413275654067,0.6757289031313144,0.7559895833333333,1.3323355119689486,0.5823355119689487,0.0,0.0,1.0,0.0,0.0,0.0,0.55,77,0.6755338810770244,1.7082674263069066,0.9610937500000001,1.9852679103821642,3.682854271121085,5.117944968488748,1.8997364161499042,,3840,737280,0.7199999999999999,0.0,0.0,0.0,0.0,0,1.49375,0.48125,5.9375,0.7596354166666666,0.2388020833333333,0.0,0.0,0.15,1.5580766596855158,162.3351748341133,1.0464410830754787,multimodal_transient,0.29173257369309336,0.011093750000000124,0.8323355119689487,1.0823355119689486,1.5823355119689486,2.0823355119689486
flocking_robust_active,0,2.1147094742565176,0.7395676512057584,0.76640625,0.9777843579745188,0.6521593579745188,0.575,0.0,0.425,0.06875,0.0,0.0,0.56953125,76,0.7305647726283396,2.017096254063751,0.94234375,2.1227480144287325,3.693028386854916,4.9862716030368714,1.7811406151500406,,3840,737280,0.7199999999999999,0.0,0.0,0.0,0.0,0,1.49375,0.46875,5.96875,0.7671875,0.22890625,0.00625,0.00625,0.175,1.5176220881685505,139.83262877859758,1.0343033750541508,multimodal_transient,0.017096254063750926,0.00765624999999992,0.7652843579745188,0.8715343579745188,1.0840343579745189,1.2965343579745188
flocking_robust_active,1,2.20660976623985,0.6599243776013893,0.76484375,0.9475352257119812,0.6172227257119812,0.56875,0.0,0.43125,0.06875,0.1111111111111111,0.00625,0.5625,76,0.6922054258284159,1.8124822568783354,0.9745312500000001,2.087337481142544,3.7064185620313013,5.017900597256377,1.849427037831506,,3840,737280,0.7199999999999999,0.0,0.0,0.0,0.0,0,1.48125,0.46875,6.0,0.76484375,0.2328125,0.0,0.0,0.125,1.568495570251138,123.42407524969225,1.0521555407904088,multimodal_transient,0.18751774312166458,0.024531250000000115,0.7319102257119812,0.8397227257119813,1.0553477257119812,1.2709727257119812
flocking_robust_active,2,2.291719767729366,0.7018503903217377,0.7641741071428572,1.0141341441199365,0.6797591441199364,0.5625,0.0,0.4375,0.0625,0.42857142857142855,0.01875,0.5650669642857142,75,0.9808959949329324,3.682143428356519,0.9530877976190476,1.9634420118650318,3.691741029443346,5.036575032252729,1.8723387175396442,,3840,737280,0.7199999999999999,0.0,0.0,0.0,0.0,0,1.475,0.46875,6.0,0.7665178571428571,0.23270089285714288,0.00625,0.00625,0.14375,1.5314654744374274,168.22807082430026,1.0522756250575185,multimodal_transient,1.682143428356519,0.0030877976190476497,0.7953841441199364,0.9047591441199364,1.1235091441199365,1.3422591441199365
flocking_robust_active,3,2.176955521906699,0.6738130490258722,0.7656994047619048,0.9473977959951391,0.602397795995139,0.55,0.0,0.45,0.075,0.14285714285714285,0.00625,0.5620907738095238,77,0.7201563960273148,1.9389961051408857,0.9453125,2.0581941723451957,3.687521985885966,5.032291233623204,1.8764975034178726,,3840,737280,0.7199999999999999,0.0,0.0,0.0,0.0,0,1.49375,0.46875,6.04375,0.7673735119047619,0.2295014880952381,0.0,0.0,0.10625,1.5505376070147852,148.355955029632,1.0552507501561195,multimodal_transient,0.06100389485911428,0.004687499999999956,0.722397795995139,0.8348977959951389,1.059897795995139,1.284897795995139
flocking_robust_active,4,2.145767973347597,0.6500364346448386,0.7609375,0.9233842333517996,0.5843217333517996,0.55625,0.0,0.44375,0.0625,0.0,0.0,0.5517857142857142,76,0.6670448156730658,1.6676558276198157,0.9772321428571429,1.9109404486982757,3.6740236991679582,5.124087909462981,1.9245209348045524,,3840,737280,0.7199999999999999,0.0,0.0,0.0,0.0,0,1.4875,0.475,6.06875,0.7633928571428571,0.23504464285714288,0.0,0.0,0.04375,1.5235367008076397,156.84211357885997,1.0678648340981454,multimodal_transient,0.3323441723801843,0.027232142857142927,0.7015092333517996,0.8124467333517996,1.0343217333517996,1.2561967333517996
flocking_robust_active,5,2.3991501088679064,0.6424392347113377,0.7552083333333334,1.0302903732515931,0.685290373251593,0.55,0.0,0.45,0.075,0.4444444444444444,0.025,0.5536458333333334,79,1.0927872349155971,4.621111615730649,0.9484375,2.070670922917866,3.702420293367202,5.033406824883284,1.877580895695163,,3840,737280,0.7199999999999999,0.0,0.0,0.0,0.0,0,1.49375,0.48125,5.99375,0.7611979166666666,0.2372395833333333,0.0,0.0,0.1,1.5314596279403738,136.91069762861807,1.061386999906972,multimodal_transient,2.6211116157306487,0.0015624999999999112,0.805290373251593,0.917790373251593,1.1427903732515932,1.3677903732515933
flocking_robust_active,6,2.3807121161481306,0.6966731074342852,0.7520089285714285,1.0153477981393029,0.6809727981393028,0.5625,0.0,0.4375,0.0625,0.2,0.0125,0.5641741071428571,78,1.0274068919593304,4.0277716373713,0.93984375,2.0277976586077577,3.6812276994524638,5.034247297861412,1.8712640971057901,,3840,737280,0.7199999999999999,0.0,0.0,0.0,0.0,0,1.5,0.4875,5.96875,0.7566964285714286,0.24174107142857143,0.0,0.0,0.10625,1.582096252713642,145.79974717521532,1.0360782910138369,multimodal_transient,2.0277716373713,0.010156249999999978,0.7965977981393028,0.9059727981393028,1.1247227981393029,1.3434727981393029
flocking_robust_active,7,2.2411857290632016,0.5978998827197451,0.7626116071428571,0.8687825348832142,0.5344075348832142,0.5625,0.0,0.4375,0.0625,0.0,0.0,0.5642857142857143,76,0.6087086712951882,1.4113709278565771,0.99375,1.9419980078094397,3.6960628603887526,5.089202622382594,1.8403982635286478,,3840,737280,0.7199999999999999,0.0,0.0,0.0,0.0,0,1.48125,0.475,6.03125,0.7626116071428571,0.2358258928571429,0.00625,0.00625,0.075,1.5537106913505956,104.26335258421497,1.0599967918824404,multimodal_transient,0.5886290721434229,0.04375000000000007,0.6500325348832142,0.7594075348832142,0.9781575348832142,1.1969075348832143
flocking_robust_active,8,2.2634865675817837,0.601399623788768,0.7561011904761905,0.9661377299477485,0.6317627299477484,0.5625,0.0,0.4375,0.0625,0.3,0.01875,0.5592261904761905,78,0.9533664150119354,3.3840376033536343,0.96953125,1.9234040321838441,3.691845646185471,5.081383476478335,1.8653631836752194,,3840,737280,0.7199999999999999,0.0,0.0,0.0,0.0,0,1.49375,0.4875,5.98125,0.7571428571428571,0.2418154761904762,0.00625,0.00625,0.09375,1.5566957829091492,150.92274665176998,1.0255358750000596,multimodal_transient,1.3840376033536343,0.01953125,0.7473877299477484,0.8567627299477484,1.0755127299477485,1.2942627299477485
flocking_robust_active,9,2.138440199385554,0.6932263368466914,0.7583705357142857,0.9717270357103256,0.6326645357103258,0.55625,0.0,0.44375,0.0625,0.25,0.0125,0.5544642857142856,77,0.7245100373612278,1.9610128534180284,0.965625,2.0350334242676262,3.686868390071816,4.989244078288497,1.9042731848361107,,3840,737280,0.7199999999999999,0.0,0.0,0.0,0.0,0,1.49375,0.48125,5.91875,0.7616071428571428,0.2368303571428571,0.0,0.0,0.1875,1.5569834342480409,143.4638814624952,0.9234311250038445,multimodal_transient,0.038987146581971555,0.015625,0.7498520357103258,0.8607895357103258,1.0826645357103257,1.3045395357103258
flocking_robust_active,10,2.267309193634409,0.6684818878916805,0.7646428571428572,1.022279160112602,0.6966541601126022,0.575,0.0,0.425,0.06875,0.6,0.0375,0.5680357142857142,76,1.0516872792075367,4.342937423990855,0.9289732142857143,2.0425241971754966,3.7084486937078984,5.022386734864139,1.8355870793317215,,3840,737280,0.7199999999999999,0.0,0.0,0.0,0.0,0,1.475,0.46875,6.0625,0.7683928571428572,0.23082589285714286,0.0,0.0,0.09375,1.5277950149248025,117.2212838355715,1.053522082976997,multimodal_transient,2.342937423990855,0.021026785714285623,0.8097791601126021,0.9160291601126022,1.1285291601126022,1.341029160112602
flocking_robust_active,11,2.251250039263342,0.6983049457896074,0.7587797619047618,1.0556005544068594,0.7165380544068591,0.55625,0.0,0.44375,0.0625,0.375,0.01875,0.5467261904761905,77,1.0355747792699492,4.021590236280337,0.9377976190476192,2.047011291578822,3.6916585639316937,5.106362689259326,1.8993843003745035,,3840,737280,0.7199999999999999,0.0,0.0,0.0,0.0,0,1.48125,0.48125,6.0125,0.7608630952380953,0.23913690476190474,0.0,0.0,0.0875,1.5335653273455143,168.7664932296805,1.0612759590148926,multimodal_transient,2.0215902362803373,0.012202380952380798,0.8337255544068591,0.9446630544068592,1.166538054406859,1.3884130544068591
flocking_robust_active,12,2.2216205815654173,0.6648104351208792,0.76171875,0.9423406328185162,0.6032781328185164,0.55625,0.0,0.44375,0.0625,0.0,0.0,0.55625,76,0.7009505483787479,1.8522030611511204,0.96796875,1.9259459352384092,3.69126633321643,5.041135165809527,1.8465401352917727,,3840,737280,0.7199999999999999,0.0,0.0,0.0,0.0,0,1.4875,0.475,6.025,0.76171875,0.23671875,0.0,0.0,0.075,1.5298022342729545,160.66125016657494,0.9497028340119869,multimodal_transient,0.14779693884887957,0.01796875000000009,0.7204656328185164,0.8314031328185164,1.0532781328185163,1.2751531328185164
flocking_robust_active,13,2.179416987089118,0.6378062291470407,0.7616964285714285,0.9078753366278791,0.5735003366278791,0.5625,0.0,0.4375,0.0625,0.0,0.0,0.561674107142857,77,0.6764348556781532,1.7029734304615858,0.9681919642857142,2.074089120291357,3.6835492221848596,5.034476576259412,1.8505566193190233,,3840,737280,0.7199999999999999,0.0,0.0,0.0,0.0,0,1.4875,0.48125,5.9875,0.7616964285714285,0.2375223214285714,0.0,0.0,0.11875,1.5727623580069094,183.00319031574344,0.9391044590156525,multimodal_transient,0.2970265695384142,0.018191964285714235,0.6891253366278791,0.7985003366278791,1.0172503366278791,1.2360003366278791
flocking_robust_active,14,2.2888975105542904,0.6919724435909156,0.7531994047619047,1.017078917153419,0.6827039171534188,0.5625,0.0,0.4375,0.0625,0.3,0.01875,0.5583333333333333,78,1.0127099361186322,3.653390171160697,0.9203125,1.9953767212654925,3.6920715877056103,5.021858870461937,1.9219659432088025,,3840,737280,0.7199999999999999,0.0,0.0,0.0,0.0,0,1.5125,0.4875,6.0,0.7559151785714285,0.23991815476190476,0.00625,0.00625,0.05625,1.5595816476427913,158.6173940486852,1.046987125184387,multimodal_transient,1.653390171160697,0.029687499999999978,0.7983289171534188,0.9077039171534188,1.126453917153419,1.345203917153419
flocking_robust_active,15,2.154993524754629,0.5796779280390717,0.75390625,0.8689840185810407,0.5346090185810407,0.5625,0.0,0.4375,0.0625,0.0,0.0,0.5625,78,0.6492268360553752,1.573762771284155,0.99609375,2.024167556429404,3.6831120861151327,5.0574313205493695,1.8911418336088892,,3840,737280,0.7199999999999999,0.0,0.0,0.0,0.0,0,1.50625,0.4875,5.975,0.75546875,0.24140625,0.0,0.0,0.0875,1.5521067526098773,181.5328268723809,1.0248478329740465,multimodal_transient,0.4262372287158449,0.046093750000000044,0.6502340185810407,0.7596090185810407,0.9783590185810407,1.197109018581041
flocking_robust_active,16,2.204184953798084,0.6791247668590771,0.7631249999999999,0.9364036302388126,0.6020286302388127,0.5625,0.0,0.4375,0.0625,0.0,0.0,0.5575,76,0.7077129363189194,1.8751282532720197,0.971875,2.136042900529536,3.683963428448776,5.112717503039531,1.8382714291156277,,3840,737280,0.7199999999999999,0.0,0.0,0.0,0.0,0,1.475,0.475,5.9625,0.7631249999999999,0.236875,0.0125,0.00625,0.15625,1.5401893807827052,160.04138947850834,0.9370289170183241,multimodal_transient,0.12487174672798029,0.02187500000000009,0.7176536302388127,0.8270286302388127,1.0457786302388128,1.2645286302388128
flocking_robust_active,17,2.403920369142525,0.6335217522242327,0.76484375,0.9798789670148492,0.6455039670148494,0.5625,0.0,0.4375,0.0625,0.5714285714285714,0.025,0.5578125,75,1.0490204969216945,4.270995672640543,0.947232142857143,2.0290078466711687,3.6947691435431596,5.107486015410835,1.882184989274452,,3840,737280,0.7199999999999999,0.0,0.0,0.0,0.0,0,1.48125,0.46875,6.0125,0.76484375,0.2328125,0.0,0.0,0.10625,1.5561607103536388,101.89272127840893,0.9420773340389132,multimodal_transient,2.2709956726405434,0.0027678571428569887,0.7611289670148493,0.8705039670148493,1.0892539670148493,1.3080039670148493
flocking_robust_active,18,2.2058412906848903,0.6682313378741529,0.7621651785714285,0.9412795311944091,0.6022170311944091,0.55625,0.0,0.44375,0.0625,0.14285714285714285,0.00625,0.5571428571428572,76,0.6808627337519243,1.7608562774207486,0.96875,2.0772831898752635,3.6888219343193938,5.0909198181439965,1.9599404609692475,,3840,737280,0.7199999999999999,0.0,0.0,0.0,0.0,0,1.4875,0.475,6.03125,0.7621651785714285,0.23627232142857144,0.0,0.0,0.08125,1.55651951561959,145.84180161864805,1.0421835000161082,multimodal_transient,0.23914372257925143,0.018750000000000044,0.7194045311944091,0.8303420311944091,1.052217031194409,1.274092031194409
flocking_robust_active,19,2.172211512559367,0.6734325111593369,0.7594866071428571,0.9473623185578541,0.612987318557854,0.5625,0.0,0.4375,0.0625,0.0,0.0,0.5633928571428571,77,0.6766505729875503,1.7371963373618464,0.98125,1.9999491817097788,3.6927234249205285,5.090141015164821,1.865323583493381,,3840,737280,0.7199999999999999,0.0,0.0,0.0,0.0,0,1.5,0.48125,5.96875,0.7602678571428572,0.2373883928571429,0.0,0.0,0.125,1.5645200451699117,133.76433567918173,0.9443725841119885,multimodal_transient,0.2628036626381536,0.03125,0.728612318557854,0.837987318557854,1.0567373185578541,1.2754873185578541
flocking_robust_active,20,2.292137888385132,0.7075757994642575,0.7625,1.0151301678643598,0.6807551678643599,0.5625,0.0,0.4375,0.0625,0.375,0.01875,0.5625,76,0.9778986610307996,3.636816034239222,0.9447395833333335,1.9723041111369723,3.7116917046140685,5.023218709785965,1.822992623936501,,3840,737280,0.7199999999999999,0.0,0.0,0.0,0.0,0,1.48125,0.475,6.00625,0.7625,0.23671875,0.0,0.0,0.1,1.5333629640981838,126.36715827372036,0.91901412489824,multimodal_transient,1.6368160342392222,0.005260416666666434,0.7963801678643598,0.9057551678643598,1.1245051678643598,1.3432551678643598
flocking_robust_active,21,2.119954773499163,0.6962977194117875,0.7661458333333334,0.9383675330156833,0.6127425330156833,0.575,0.0,0.425,0.06875,0.1,0.00625,0.5674479166666667,76,0.7324551514030683,2.0465778858238357,0.9366071428571429,2.0113227622041188,3.6984128127044946,5.04352785803687,1.880622371521208,,3840,737280,0.7199999999999999,0.0,0.0,0.0,0.0,0,1.4875,0.46875,6.025,0.7669270833333334,0.22994791666666664,0.0,0.0,0.1125,1.565105273194236,119.84783782721954,0.9069209168665111,multimodal_transient,0.04657788582383571,0.013392857142857095,0.7258675330156832,0.8321175330156833,1.0446175330156833,1.2571175330156832
flocking_robust_active,22,2.2038353598964306,0.642324185383061,0.76171875,0.9106006763186947,0.5662256763186947,0.55,0.0,0.45,0.06875,0.0,0.0,0.5571428571428572,77,0.666688477731748,1.6615955121353445,0.9875,1.891523918925025,3.681623400384285,5.074611302007466,1.9043739332450482,,3840,737280,0.7199999999999999,0.0,0.0,0.0,0.0,0,1.48125,0.475,5.99375,0.7633928571428571,0.2358258928571429,0.0,0.0,0.125,1.5609942206440284,168.28232313014746,1.0165212501306087,multimodal_transient,0.3384044878646555,0.03750000000000009,0.6856006763186947,0.7981006763186946,1.0231006763186947,1.2481006763186948
flocking_robust_active,23,2.1675247974027254,0.6547855568356097,0.7625,0.923856561754708,0.589481561754708,0.5625,0.0,0.4375,0.0625,0.125,0.00625,0.5625,76,0.6672396573778882,1.6836516413966742,0.9779017857142858,2.068906650540927,3.6970033304368934,5.03562530903538,1.9079042502630963,,3840,737280,0.7199999999999999,0.0,0.0,0.0,0.0,0,1.48125,0.475,6.0,0.7625,0.23671875,0.00625,0.00625,0.1,1.5329776673329192,143.46622285767495,0.9410012499429286,multimodal_transient,0.3163483586033258,0.02790178571428581,0.705106561754708,0.814481561754708,1.033231561754708,1.251981561754708
flocking_robust_active,24,2.342464816091032,0.5951771538392635,0.7564732142857142,0.9940855734646513,0.6640855734646512,0.575,0.0,0.425,0.1125,0.5454545454545454,0.0375,0.5551339285714285,77,1.0846559300584495,4.306761586450059,0.9458333333333334,2.0010988211209253,3.706359598664959,5.026135211352009,1.8537825786041622,,3840,737280,0.7199999999999999,0.0,0.0,0.0,0.0,0,1.5,0.48125,5.99375,0.7603794642857142,0.2357142857142857,0.0,0.0,0.09375,1.5608770607200388,105.15476960005424,0.9202446660492569,multimodal_transient,2.306761586450059,0.004166666666666541,0.7815855734646512,0.8878355734646513,1.1003355734646512,1.312835573464651
flocking_robust_active,25,2.193850586380185,0.6830793057528735,0.7709821428571428,0.9530984686372962,0.6274734686372961,0.575,0.0,0.425,0.06875,0.2222222222222222,0.0125,0.5732142857142858,75,0.7277714863218384,1.9643494627635945,0.9370535714285715,2.239411684421526,3.673398735096331,5.176916765671534,1.954498248164579,,3840,737280,0.7199999999999999,0.0,0.0,0.0,0.0,0,1.475,0.4625,6.00625,0.7709821428571428,0.22745535714285717,0.0,0.0,0.18125,1.564857739781266,167.25538100011664,0.9352207500487566,multimodal_transient,0.035650537236405544,0.01294642857142847,0.7405984686372961,0.8468484686372961,1.059348468637296,1.271848468637296
flocking_robust_active,26,2.132847931570857,0.6847070893462929,0.7625,0.9625358784707745,0.6234733784707744,0.55625,0.0,0.44375,0.0625,0.14285714285714285,0.00625,0.55625,76,0.7177776993752679,1.959428646365751,0.953125,1.8676088837126794,3.690176533161966,5.02430017787792,1.8742908270728134,,3840,737280,0.7199999999999999,0.0,0.0,0.0,0.0,0,1.475,0.475,5.925,0.7625,0.2375,0.01875,0.01875,0.18125,1.5292358235001233,188.73456447692956,0.9897818749304861,multimodal_transient,0.04057135363424891,0.0031250000000000444,0.7406608784707744,0.8515983784707745,1.0734733784707746,1.2953483784707744
flocking_robust_active,27,2.133463648854277,0.6884574532767307,0.7592187499999999,0.9582774397725415,0.6239024397725418,0.5625,0.0,0.4375,0.0625,0.0,0.0,0.5575,77,0.6876915177266422,1.8239041051028324,0.95703125,1.9731815104695278,3.7025253065279933,5.024360926269638,1.8135642220430142,,3840,737280,0.7199999999999999,0.0,0.0,0.0,0.0,0,1.4875,0.48125,5.975,0.76,0.23921874999999998,0.0,0.0,0.11875,1.57523717832876,142.56901928984655,0.9308221670798957,multimodal_transient,0.1760958948971676,0.007031250000000044,0.7395274397725418,0.8489024397725418,1.0676524397725418,1.2864024397725418
flocking_robust_active,28,2.2413964470359407,0.6868935002020334,0.7599702380952381,0.9718365993671181,0.6327740993671181,0.55625,0.0,0.44375,0.0625,0.25,0.0125,0.5538690476190476,77,0.7215989099269529,1.956455211463107,0.9518229166666666,1.902550734259569,3.692356788961432,5.000655383933781,1.8129608825322454,,3840,737280,0.7199999999999999,0.0,0.0,0.0,0.0,0,1.49375,0.48125,6.00625,0.7617559523809524,0.23668154761904764,0.0,0.0,0.10625,1.5316136417993265,152.680880051555,0.9196909999009222,multimodal_transient,0.04354478853689292,0.001822916666666674,0.7499615993671181,0.8608990993671181,1.0827740993671182,1.304649099367118
flocking_robust_active,29,2.2415680702024217,0.6578051415131548,0.7565848214285714,0.928990076111444,0.589927576111444,0.55625,0.0,0.44375,0.0625,0.25,0.0125,0.5571428571428572,77,0.6752251951787529,1.679451869131747,0.97734375,2.0006321790843,3.6838733205689715,5.026825713065293,1.8527734573459085,,3840,737280,0.7199999999999999,0.0,0.0,0.0,0.0,0,1.49375,0.48125,5.95,0.7590401785714286,0.23939732142857145,0.0,0.0,0.1375,1.5575560419273902,165.62956059427566,0.9124739579856396,multimodal_transient,0.32054813086825296,0.02734375,0.707115076111444,0.818052576111444,1.039927576111444,1.261802576111444
