algorithm,seed,position_rmse,best_hypothesis_rmse,mean_truth_consistent_flock_weight,decision_loss,mean_decision_base_error,selection_rate,mixture_rate,abstention_rate,investigation_rate,wrong_mode_rate,wrong_mode_action_rate,mean_output_confidence,ambiguity_resolution_steps,agent_position_rmse,mean_nees,p95_nees,max_nees,coverage95_rate,rejoin_window_nees,mean_nis,information_gain,spatial_diversity,estimate_disagreement,mean_operational_agents,mean_delivery_ratio,mean_message_age,partition_active_rate,partition_selection_rate,mean_topology_components,mean_observer_component_size,mean_topology_visibility_fraction,mean_topology_live_support,mean_topology_retained_support,mean_topology_unknown_support,mean_topology_probation_agents,topology_rejoin_events,topology_merge_grace_rate,topology_epoch_changes,mean_duplicate_support_suppressed,topology_selection_blocked_rate,max_primary_support_jump,recovery_steps,messages,bytes_sent,mean_momentum,mean_momentum_change_score,mean_momentum_corroborating_agents,mean_momentum_biased_agents,momentum_fallback_rate,momentum_change_events,mean_hypothesis_flocks,multiflock_rate,mean_primary_flock_size,mean_primary_flock_weight,mean_alternative_flock_weight,mean_quarantined_agents,quarantine_rate,mean_suspected_bias_agents,mean_bias_estimate_norm,movement_distance,runtime_seconds,scenario,nees_calibration_error,coverage_calibration_error
flocking_robust_active,11000,2.158083986991552,0.6393470615829254,0.7622023809523808,0.895147958569865,0.551397958569865,0.55,0.0,0.45,0.0625,0.0,0.0,0.5535714285714286,77,0.6531683423262865,1.6410522597292456,4.0303923219547855,7.106227062575578,0.9862723214285714,0.0,2.134759039306826,3.6954697735231874,5.006256488866637,1.9043468722834098,8.0,1.0,0.0,0.0,0.0,1.0,8.0,1.0,7.86875,0.0,0.0,0.0,0,0.0,0,0.0,0.0,0.0,,3840,737280,0.7199999999999999,0.0,0.0,0.0,0.0,0,1.5,0.48125,5.98125,0.7622023809523808,0.23545386904761906,0.0,0.0,0.13125,1.5500316323075034,165.135389163698,0.857770332833752,stable_control,0.3589477402707544,0.0362723214285714
flocking_robust_active,11001,2.2917260648315225,0.6522338960896416,0.7609821428571429,1.0112017290510116,0.6768267290510115,0.5625,0.0,0.4375,0.0625,0.625,0.03125,0.5575,76,0.9411937436553994,3.365195313538801,5.1924254173127,143.21746583837304,0.953125,0.0,1.9212008984493942,3.6919036642598244,5.044982895475578,1.850838723838035,8.0,1.0,0.0,0.0,0.0,1.0,8.0,1.0,7.85,0.0,0.0,0.0,0,0.0,0,0.0,0.0,0.0,,3840,737280,0.7199999999999999,0.0,0.0,0.0,0.0,0,1.475,0.475,5.975,0.7640178571428571,0.23598214285714283,0.03125,0.03125,0.14375,1.5332995076987166,125.50251766436956,0.8431548750959337,stable_control,1.365195313538801,0.0031250000000000444
flocking_robust_active,11002,2.2019208844956535,0.6064883695366854,0.7597619047619047,0.8860711821441452,0.5516961821441451,0.5625,0.0,0.4375,0.0625,0.0,0.0,0.55375,77,0.6156618783882549,1.404947470445079,3.3285748536280466,7.521099593639503,0.9890625,0.0,1.8949407135846148,3.680118764705943,5.069411655848631,1.893759948837139,8.0,1.0,0.0,0.0,0.0,1.0,8.0,1.0,7.94375,0.0,0.0,0.0,0,0.0,0,0.0,0.0,0.0,,3840,737280,0.7199999999999999,0.0,0.0,0.0,0.0,0,1.48125,0.48125,6.05625,0.7627380952380952,0.23726190476190476,0.0,0.0,0.05625,1.528995563143828,172.88600390520386,0.8706532090436667,stable_control,0.5950525295549209,0.0390625
flocking_robust_active,11003,2.1530723127391154,0.6652381443576975,0.7551339285714286,0.9624769762149349,0.6174769762149348,0.55,0.0,0.45,0.075,0.1,0.00625,0.5633928571428571,80,0.7205053826054854,1.9859440902499585,5.045685069477261,12.706515982580857,0.9659375000000001,0.0,2.111967066232796,3.700730719403448,5.057543616577073,1.878732322350401,8.0,1.0,0.0,0.0,0.0,1.0,8.0,1.0,7.8875,0.0,0.0,0.0,0,0.0,0,0.0,0.0,0.0,,3840,737280,0.7199999999999999,0.0,0.0,0.0,0.0,0,1.5,0.4875,5.95,0.7559151785714285,0.24174107142857143,0.0,0.0,0.1125,1.5819194029044457,124.76156533876966,0.859582083998248,stable_control,0.014055909750041451,0.01593750000000016
flocking_robust_active,11004,2.2258799192428667,0.6584405715266475,0.7542410714285714,0.9388772591910435,0.5998147591910434,0.55625,0.0,0.44375,0.0625,0.1111111111111111,0.00625,0.5589285714285713,78,0.6726814598758203,1.7238607901189773,4.201541043778208,10.227730988722065,0.9610863095238095,0.0,2.05668525387077,3.684590079439051,4.960217646835138,1.8622867859539092,8.0,1.0,0.0,0.0,0.0,1.0,8.0,1.0,7.8375,0.0,0.0,0.0,0,0.0,0,0.0,0.0,0.0,,3840,737280,0.7199999999999999,0.0,0.0,0.0,0.0,0,1.50625,0.4875,5.9125,0.7568080357142857,0.23980654761904763,0.025,0.01875,0.15625,1.5528909295103255,156.08543486566674,0.8410997078754008,stable_control,0.2761392098810227,0.011086309523809512
flocking_topology_support,11000,2.1330563847004846,0.6092719765371206,0.74765625,0.9225389940657485,0.5734764940657483,0.54375,0.0,0.45625,0.06875,0.42857142857142855,0.01875,0.5234375,77,0.6715217274180163,1.7564979286577227,5.123549245780417,22.15503989961681,0.96875,0.0,2.1334615846051,3.690306559349149,5.123494621424488,1.8272853461183793,8.0,1.0,0.0,0.0,0.0,1.0125,8.0,1.0,7.86875,0.0,0.01640625,0.0,0,0.0,2,50.68125,0.0,0.0,,3840,737280,0.7199999999999999,0.0,0.0,0.0,0.0,0,1.5,0.48125,5.98125,0.74765625,0.23359375,0.0,0.0,0.13125,1.549778876457197,165.18351509767714,0.8599743749946356,stable_control,0.2435020713422773,0.018750000000000044
flocking_topology_support,11001,2.1968247206547447,0.6770282516537562,0.7421875,0.9520030743844231,0.6029405743844233,0.54375,0.0,0.45625,0.06875,0.0,0.0,0.515625,76,0.6793533378907802,1.776146530915618,5.189634592449057,8.511253941033432,0.975,0.0,1.862439676252287,3.6880069998051335,5.156700005556564,1.7716572262942432,8.0,1.0,0.0,0.0,0.0,1.0125,8.0,1.0,7.825,0.0,0.021875,0.0,0,0.0,2,50.5375,0.0,0.0,,3840,737280,0.7199999999999999,0.0,0.0,0.0,0.0,0,1.475,0.475,5.9625,0.7453125,0.2328125,0.03125,0.03125,0.16875,1.5341753536466212,123.06715911358968,0.8613901669159532,stable_control,0.22385346908438208,0.025000000000000022
flocking_topology_support,11002,2.241020595377915,0.5976139808074842,0.75546875,0.8863727512625654,0.5426227512625654,0.55,0.0,0.45,0.0625,0.14285714285714285,0.00625,0.5390625,77,0.6074876258384261,1.3816658727605744,3.908275518814075,7.7499791972675744,0.9875,0.0,2.0009632399363615,3.675191448104266,5.1507034772848295,1.8881650919359907,8.0,1.0,0.0,0.0,0.0,1.0,8.0,1.0,7.93125,0.0,0.00859375,0.0,0,0.0,0,51.33125,0.0,0.0,,3840,737280,0.7199999999999999,0.0,0.0,0.0,0.0,0,1.48125,0.48125,6.05,0.75625,0.23515625,0.0,0.0,0.06875,1.5303590681245427,173.6230050559219,0.883689041947946,stable_control,0.6183341272394256,0.03750000000000009
flocking_topology_support,11003,2.1527454195463442,0.6430885419851943,0.7375,0.9371912832929418,0.5821912832929417,0.5375,0.0,0.4625,0.08125,0.0,0.0,0.525,80,0.6559218188454891,1.7189684917027257,5.09219555479055,9.346542339739663,0.975,0.0,2.0818207986333364,3.6992896706583,5.175222506243275,1.8797917698345128,8.0,1.0,0.0,0.0,0.0,1.025,8.0,1.0,7.86875,0.0,0.01640625,0.0,0,0.0,2,50.58125,0.0,0.0,,3840,737280,0.7199999999999999,0.0,0.0,0.0,0.0,0,1.5125,0.4875,5.91875,0.73984375,0.2390625,0.0,0.0,0.13125,1.5822636973586406,121.21898055342886,0.8713697500061244,stable_control,0.2810315082972743,0.025000000000000022
flocking_topology_support,11004,2.2564009814478436,0.737184282927725,0.73671875,1.0105654802297603,0.6621279802297604,0.54375,0.0,0.45625,0.0625,0.125,0.00625,0.521875,79,0.7564991489617506,2.196163332461707,6.621069476116398,10.597116466430087,0.925,0.0,2.1192313973155334,3.678208733421748,5.108655757211204,1.887231160170098,8.0,1.0,0.0,0.0,0.0,1.0,8.0,1.0,7.8625,0.0,0.0171875,0.0,0,0.0,0,50.5875,0.0,0.0,,3840,737280,0.7199999999999999,0.0,0.0,0.0,0.0,0,1.50625,0.49375,5.91875,0.73984375,0.240625,0.0,0.0,0.1375,1.552657259079863,156.50395521054705,0.8625777498818934,stable_control,0.19616333246170692,0.02499999999999991
flocking_topology_rejoin,11000,2.1330563847004846,0.6092719765371206,0.74765625,0.9225389940657485,0.5734764940657483,0.54375,0.0,0.45625,0.06875,0.42857142857142855,0.01875,0.5234375,77,0.6715217274180163,1.7564979286577227,5.123549245780417,22.15503989961681,0.96875,0.0,2.1334615846051,3.690306559349149,5.123494621424488,1.8272853461183793,8.0,1.0,0.0,0.0,0.0,1.0125,8.0,1.0,7.86875,0.0,0.01640625,0.0,0,0.0,2,50.68125,0.0,0.0,,3840,737280,0.7199999999999999,0.0,0.0,0.0,0.0,0,1.5,0.48125,5.98125,0.74765625,0.23359375,0.0,0.0,0.13125,1.549778876457197,165.18351509767714,0.8665375409182161,stable_control,0.2435020713422773,0.018750000000000044
flocking_topology_rejoin,11001,2.1968247206547447,0.6770282516537562,0.7421875,0.9520030743844231,0.6029405743844233,0.54375,0.0,0.45625,0.06875,0.0,0.0,0.515625,76,0.6793533378907802,1.776146530915618,5.189634592449057,8.511253941033432,0.975,0.0,1.862439676252287,3.6880069998051335,5.156700005556564,1.7716572262942432,8.0,1.0,0.0,0.0,0.0,1.0125,8.0,1.0,7.825,0.0,0.021875,0.0,0,0.0,2,50.5375,0.0,0.0,,3840,737280,0.7199999999999999,0.0,0.0,0.0,0.0,0,1.475,0.475,5.9625,0.7453125,0.2328125,0.03125,0.03125,0.16875,1.5341753536466212,123.06715911358968,0.8638699580915272,stable_control,0.22385346908438208,0.025000000000000022
flocking_topology_rejoin,11002,2.241020595377915,0.5976139808074842,0.75546875,0.8863727512625654,0.5426227512625654,0.55,0.0,0.45,0.0625,0.14285714285714285,0.00625,0.5390625,77,0.6074876258384261,1.3816658727605744,3.908275518814075,7.7499791972675744,0.9875,0.0,2.0009632399363615,3.675191448104266,5.1507034772848295,1.8881650919359907,8.0,1.0,0.0,0.0,0.0,1.0,8.0,1.0,7.93125,0.0,0.00859375,0.0,0,0.0,0,51.33125,0.0,0.0,,3840,737280,0.7199999999999999,0.0,0.0,0.0,0.0,0,1.48125,0.48125,6.05,0.75625,0.23515625,0.0,0.0,0.06875,1.5303590681245427,173.6230050559219,0.896856791805476,stable_control,0.6183341272394256,0.03750000000000009
flocking_topology_rejoin,11003,2.1527454195463442,0.6430885419851943,0.7375,0.9371912832929418,0.5821912832929417,0.5375,0.0,0.4625,0.08125,0.0,0.0,0.525,80,0.6559218188454891,1.7189684917027257,5.09219555479055,9.346542339739663,0.975,0.0,2.0818207986333364,3.6992896706583,5.175222506243275,1.8797917698345128,8.0,1.0,0.0,0.0,0.0,1.025,8.0,1.0,7.86875,0.0,0.01640625,0.0,0,0.0,2,50.58125,0.0,0.0,,3840,737280,0.7199999999999999,0.0,0.0,0.0,0.0,0,1.5125,0.4875,5.91875,0.73984375,0.2390625,0.0,0.0,0.13125,1.5822636973586406,121.21898055342886,0.8758010000456125,stable_control,0.2810315082972743,0.025000000000000022
flocking_topology_rejoin,11004,2.2564009814478436,0.737184282927725,0.73671875,1.0105654802297603,0.6621279802297604,0.54375,0.0,0.45625,0.0625,0.125,0.00625,0.521875,79,0.7564991489617506,2.196163332461707,6.621069476116398,10.597116466430087,0.925,0.0,2.1192313973155334,3.678208733421748,5.108655757211204,1.887231160170098,8.0,1.0,0.0,0.0,0.0,1.0,8.0,1.0,7.8625,0.0,0.0171875,0.0,0,0.0,0,50.5875,0.0,0.0,,3840,737280,0.7199999999999999,0.0,0.0,0.0,0.0,0,1.50625,0.49375,5.91875,0.73984375,0.240625,0.0,0.0,0.1375,1.552657259079863,156.50395521054705,0.8662793750409037,stable_control,0.19616333246170692,0.02499999999999991
flocking_topology_partition,11000,2.198137158414966,0.872591647893033,0.74765625,0.9879136487920135,0.6388511487920134,0.54375,0.0,0.45625,0.06875,0.42857142857142855,0.01875,0.5234375,77,0.9171397238009625,2.8565213979936237,5.809834546473842,96.55084063202372,0.95625,0.0,2.1334615846051,3.690306559349149,5.123494621424488,1.8272853461183793,8.0,1.0,0.0,0.0,0.0,1.0125,7.95,0.99375,7.81875,0.0,0.02265625,0.0,0,0.0,2,50.38125,0.0,0.0,,3840,737280,0.7199999999999999,0.0,0.0,0.0,0.0,0,1.4875,0.46875,5.98125,0.74765625,0.22734375,0.0,0.0,0.13125,1.549778876457197,165.18351509767714,0.8653615829534829,stable_control,0.8565213979936237,0.006250000000000089
flocking_topology_partition,11001,2.301918489525447,1.0339380023431628,0.7421875,1.031772998824287,0.6827104988242869,0.54375,0.0,0.45625,0.06875,0.0,0.0,0.515625,76,1.035461972674696,3.449343856083769,5.493061946614537,137.9311876330113,0.9625,0.0,1.862439676252287,3.6880069998051335,5.156700005556564,1.7716572262942432,8.0,1.0,0.0,0.0,0.0,1.0125,7.95,0.99375,7.775,0.0,0.028125,0.0,0,0.0,2,50.2375,0.0,0.0,,3840,737280,0.7199999999999999,0.0,0.0,0.0,0.0,0,1.4625,0.4625,5.9625,0.7453125,0.2265625,0.03125,0.03125,0.16875,1.5341753536466212,123.06715911358968,0.8793323750142008,stable_control,1.449343856083769,0.012500000000000067
flocking_topology_partition,11002,2.241020595377915,0.5976139808074842,0.75546875,0.8863727512625654,0.5426227512625654,0.55,0.0,0.45,0.0625,0.14285714285714285,0.00625,0.5390625,77,0.6074876258384261,1.3816658727605744,3.908275518814075,7.7499791972675744,0.9875,0.0,2.0009632399363615,3.675191448104266,5.1507034772848295,1.8881650919359907,8.0,1.0,0.0,0.0,0.0,1.0,8.0,1.0,7.93125,0.0,0.00859375,0.0,0,0.0,0,51.33125,0.0,0.0,,3840,737280,0.7199999999999999,0.0,0.0,0.0,0.0,0,1.48125,0.48125,6.05,0.75625,0.23515625,0.0,0.0,0.06875,1.5303590681245427,173.6230050559219,0.8910818751901388,stable_control,0.6183341272394256,0.03750000000000009
flocking_topology_partition,11003,2.080342806351396,0.6430885419851943,0.7375,0.9371912832929418,0.5821912832929417,0.5375,0.0,0.4625,0.08125,0.0,0.0,0.525,7,0.6559218188454891,1.7189684917027257,5.09219555479055,9.346542339739663,0.975,0.0,2.0818207986333364,3.6992896706583,5.175222506243275,1.8797917698345128,8.0,1.0,0.0,0.0,0.0,1.025,7.9,0.9875,7.76875,0.0,0.02890625,0.0,0,0.0,2,49.98125,0.0,0.0,,3840,737280,0.7199999999999999,0.0,0.0,0.0,0.0,0,1.4875,0.4625,5.91875,0.73984375,0.2265625,0.0,0.0,0.13125,1.5822636973586406,121.21898055342886,0.8729429170489311,stable_control,0.2810315082972743,0.025000000000000022
flocking_topology_partition,11004,2.2564009814478436,0.737184282927725,0.73671875,1.0105654802297603,0.6621279802297604,0.54375,0.0,0.45625,0.0625,0.125,0.00625,0.521875,79,0.7564991489617506,2.196163332461707,6.621069476116398,10.597116466430087,0.925,0.0,2.1192313973155334,3.678208733421748,5.108655757211204,1.887231160170098,8.0,1.0,0.0,0.0,0.0,1.0,8.0,1.0,7.8625,0.0,0.0171875,0.0,0,0.0,0,50.5875,0.0,0.0,,3840,737280,0.7199999999999999,0.0,0.0,0.0,0.0,0,1.50625,0.49375,5.91875,0.73984375,0.240625,0.0,0.0,0.1375,1.552657259079863,156.50395521054705,0.8760870830155909,stable_control,0.19616333246170692,0.02499999999999991
flocking_topology_resilient,11000,2.2294768279001165,0.6576538486402349,0.73671875,0.946228091274001,0.6077905912740009,0.55625,0.0,0.44375,0.05625,0.043478260869565216,0.01875,0.5265625,140,0.714020877491424,1.833302618835797,4.695786916748943,22.10773211626573,0.975,0.0,2.1326029362903194,3.689566460736181,5.04269992814989,1.8743420900939867,8.0,1.0,0.0,0.0,0.0,1.01875,7.925,0.990625,7.7875,0.14619626157181478,0.0265625,0.0,0,0.025,2,50.18125,0.025,0.0,,3840,737280,0.7199999999999999,0.0,0.0,0.0,0.0,0,1.9125,0.875,5.96875,0.74609375,0.225,0.0,0.0,0.1375,1.5495396994287922,169.32811820024708,0.8539503749925643,stable_control,0.16669738116420296,0.025000000000000022
flocking_topology_resilient,11001,2.3892098796887993,0.70298670255383,0.73515625,0.989287345144651,0.6402248451446511,0.54375,0.0,0.45625,0.06875,0.0,0.0,0.5203125,76,0.7087335121561882,1.9269887457382153,5.195948801429557,7.758874752571309,0.975,0.0,2.0459551779475533,3.6874606108086425,5.092303811430914,1.8772804503226361,8.0,1.0,0.0,0.0,0.0,1.01875,7.925,0.990625,7.7625,0.12725440000000002,0.0296875,0.0,0,0.025,2,50.1875,0.025,0.0,,3840,737280,0.7199999999999999,0.0,0.0,0.0,0.0,0,1.49375,0.475,5.96875,0.74609375,0.22421875,0.03125,0.03125,0.15625,1.5297535682147612,128.03982120298673,0.8659195001237094,stable_control,0.07301125426178467,0.025000000000000022
flocking_topology_resilient,11002,2.2185375643906298,0.6349417251388206,0.75390625,0.9151762166329428,0.5714262166329428,0.55,0.0,0.45,0.0625,0.0,0.0,0.5390625,77,0.6415209849031236,1.56168002352821,4.715097872686809,7.912738693746908,0.975,0.0,1.9168097233938326,3.678617861286841,5.088357131456638,1.8891556868409078,8.0,1.0,0.0,0.0,0.0,1.00625,7.975,0.996875,7.91875,0.0,0.01015625,0.0,0,0.025,2,51.23125,0.025,0.125,,3840,737280,0.7199999999999999,0.0,0.0,0.0,0.0,0,1.48125,0.48125,6.05,0.75625,0.23359375,0.0,0.0,0.05625,1.529435568470941,172.88375216479875,0.8862732499837875,stable_control,0.43831997647179,0.025000000000000022
flocking_topology_resilient,11003,2.1755933220848216,0.6639026133216279,0.74140625,0.9634856979166366,0.6184856979166368,0.55,0.0,0.45,0.075,0.08333333333333333,0.00625,0.534375,82,0.6878966224572866,1.8354524485944406,4.86635764370763,9.376513260640323,0.98125,0.0,2.075567389660544,3.704943631781127,5.047271806715967,1.8671790127987833,8.0,1.0,0.0,0.0,0.0,1.0,8.0,1.0,7.88125,0.0967472,0.01484375,0.0,0,0.0,0,50.78125,0.0,0.0,,3840,737280,0.7199999999999999,0.0,0.0,0.0,0.0,0,1.53125,0.5,5.94375,0.74296875,0.23984375,0.0,0.0,0.11875,1.5809950746250307,123.25876503871444,0.8574241250753403,stable_control,0.16454755140555943,0.03125
flocking_topology_resilient,11004,2.222098494293954,0.655489349762913,0.7375,0.9213747603451482,0.5776247603451484,0.55,0.0,0.45,0.0625,0.07142857142857142,0.00625,0.5234375,84,0.6630208873886486,1.688412658250116,5.575430908266952,10.227730988722046,0.95625,0.0,2.057951912208252,3.682883452530395,4.975888329966966,1.8748554429053486,8.0,1.0,0.0,0.0,0.0,1.0,8.0,1.0,7.8375,0.08944600227840002,0.0203125,0.0,0,0.0,0,50.3875,0.0,0.0,,3840,737280,0.7199999999999999,0.0,0.0,0.0,0.0,0,1.56875,0.525,5.91875,0.73984375,0.23671875,0.025,0.01875,0.15625,1.5533256578456878,157.18460592526299,0.8443765421397984,stable_control,0.311587341749884,0.006250000000000089
flocking_robust_active,11000,3.530502484118761,3.2242209220647924,0.8446428571428571,2.244414889550648,2.120977389550648,0.84375,0.0,0.15625,0.0625,0.25,0.03125,0.8424107142857142,25,3.3244377064493285,32.97371273816769,131.31402874082428,150.10737361491292,0.6908854166666666,0.0,2.132753093441715,3.667095343018888,14.359698211423517,4.76905411664788,7.125,1.0,0.0,0.0,0.0,1.0,7.125,1.0,4.90625,0.0,0.0,0.0,0,0.0,0,0.0,0.0,0.0,,3414,655488,0.7199999999999999,0.0,0.0,0.0,0.0,0,1.275,0.26875,4.18125,0.8946428571428571,0.10457589285714286,1.9625,0.69375,1.34375,1.5244620255746608,164.7073483965936,0.4499729999806732,failure_only,30.97371273816769,0.25911458333333337
flocking_robust_active,11001,2.2894763509547515,0.6768482698591899,0.765,1.0055730008123587,0.6711980008123585,0.5625,0.0,0.4375,0.0625,0.42857142857142855,0.01875,0.545,75,0.9323425912321087,3.3032620834490656,5.364952482017983,143.21746583837304,0.9488095238095238,0.0,1.9044161148692225,3.68165346522078,9.263785546895443,3.4226800028950835,7.125,1.0,0.0,0.0,0.0,1.0,7.125,1.0,6.9,0.0,0.0,0.0,0,0.0,0,0.0,0.0,0.0,,3366,646272,0.7199999999999999,0.0,0.0,0.0,0.0,0,1.46875,0.46875,5.35,0.76625,0.23374999999999999,0.08125,0.05,0.19375,1.6827935528688394,122.839637082714,0.7380503329914063,failure_only,1.3032620834490656,0.0011904761904761862
flocking_robust_active,11002,2.2258678266037237,0.8146498093456593,0.7628125,0.92922093395571,0.6035959339557102,0.575,0.0,0.425,0.06875,0.0,0.0,0.5599999999999999,76,0.8194000110422156,2.3269899141022172,3.936733348369857,134.48431779320998,0.9614955357142858,0.0,1.9204634428525273,3.6607970133268166,15.258393871616624,3.222602735199799,7.125,1.0,0.0,0.0,0.0,1.0,7.125,1.0,6.5875,0.0,0.0,0.0,0,0.0,0,0.0,0.0,0.0,,3377,648384,0.7199999999999999,0.0,0.0,0.0,0.0,0,1.475,0.475,5.0375,0.7659374999999999,0.2340625,0.375,0.24375,0.35625,1.6704205921001474,168.58549931794678,0.6981430831365287,failure_only,0.3269899141022172,0.011495535714285854
flocking_robust_active,11003,2.130599613998334,0.6849682579491086,0.76953125,0.9410578854682182,0.6148078854682183,0.575,0.0,0.425,0.075,0.0,0.0,0.575,76,0.7038128725242381,1.8852897657873602,5.623505389836109,8.124394734294837,0.9582738095238096,0.0,2.1866628082362807,3.6981168525754784,9.650316468768043,3.0640422908082994,7.125,1.0,0.0,0.0,0.0,1.0,7.125,1.0,6.8125,0.0,0.0,0.0,0,0.0,0,0.0,0.0,0.0,,3364,645888,0.7199999999999999,0.0,0.0,0.0,0.0,0,1.46875,0.4625,5.2875,0.7703125,0.22890625,0.075,0.06875,0.28125,1.6803680762556337,124.34096175380978,0.717830125009641,failure_only,0.11471023421263982,0.008273809523809628
flocking_robust_active,11004,2.3927572195189017,1.0965217992804297,0.771875,1.0908744302959128,0.7549369302959129,0.56875,0.0,0.43125,0.125,0.25,0.0125,0.56875,47,1.2841764799834974,5.455973757023908,7.060521824719051,138.64435046042541,0.9160342261904763,0.0,2.08303437997808,3.6680973960386547,12.626682258067941,2.465168341297267,7.125,1.0,0.0,0.0,0.0,1.0,7.125,1.0,6.56875,0.0,0.0,0.0,0,0.0,0,0.0,0.0,0.0,,3368,646656,0.7199999999999999,0.0,0.0,0.0,0.0,0,1.45625,0.45625,5.05,0.771875,0.228125,0.28125,0.2,0.43125,1.6649876880006054,159.50063307393077,0.6755027498584241,failure_only,3.4559737570239077,0.0339657738095237
flocking_topology_support,11000,3.5629922588776197,3.2174588742783805,0.5,2.7066780709056495,2.0838655709056497,0.18125,0.0,0.81875,0.0875,0.0,0.0,0.084375,25,3.2174588742783805,31.353617113590424,133.2792010602443,154.56000307209172,0.7,0.0,2.1430979783956414,3.6700893039529783,14.456931736089143,4.183178932259869,7.125,1.0,0.0,0.0,0.0,1.0125,7.125,0.890625,4.95,0.0,0.38125,0.0,0,0.0,4,29.03125,0.0,0.0,,3406,653952,0.7199999999999999,0.0,0.0,0.0,0.0,0,1.2875,0.28125,4.2125,0.5265625,0.09140625,1.925,0.69375,1.31875,1.5236611365390738,163.07817392134442,0.48045841604471207,failure_only,29.353617113590424,0.25
flocking_topology_support,11001,2.18715510137794,0.7203162398602534,0.6671875,1.0059161076700327,0.6515411076700327,0.5375,0.0,0.4625,0.075,0.0,0.0,0.3546875,75,0.7210356325514418,2.01093337150177,5.189634592449057,7.838639470492648,0.96875,0.0,1.9684807418434402,3.6777963132275375,9.568896776772382,3.90229109620104,7.125,1.0,0.0,0.0,0.0,1.0125,7.125,0.890625,6.89375,0.0,0.13828125,0.0,0,0.0,4,43.1375,0.0,0.0,,3372,647424,0.7199999999999999,0.0,0.0,0.0,0.0,0,1.46875,0.46875,5.34375,0.66796875,0.19375,0.08125,0.05,0.2,1.6828108308801952,121.65055426440462,0.7525752920191735,failure_only,0.010933371501769873,0.018750000000000044
flocking_topology_support,11002,2.2992650296690313,0.8462087362540934,0.63046875,0.9753198279503845,0.6209448279503846,0.5375,0.0,0.4625,0.075,0.0,0.0,0.284375,76,0.8495408781400836,2.4060976816362554,5.071610300425205,130.0801959684215,0.96875,0.0,2.040298229845617,3.6563057736221096,15.576679185690622,4.227727867031869,7.125,1.0,0.0,0.0,0.0,1.0,7.125,0.890625,6.56875,0.0,0.17890625,0.0,0,0.0,2,40.58125,0.0,0.0,,3377,648384,0.7199999999999999,0.0,0.0,0.0,0.0,0,1.4625,0.4625,5.05625,0.63203125,0.1890625,0.375,0.24375,0.375,1.6734917436958596,167.65548459898835,0.7142736669629812,failure_only,0.40609768163625537,0.018750000000000044
flocking_topology_support,11003,2.0944354406777723,0.6642660068157639,0.66015625,0.9506680169263685,0.5850430169263685,0.525,0.0,0.475,0.09375,0.0,0.0,0.3453125,76,0.6645605692158858,1.7673323843850532,5.300548390876373,10.354917968023635,0.95,0.0,2.1378848673735833,3.6917235535861095,10.364275121929035,2.761878696312022,7.125,1.0,0.0,0.0,0.0,1.025,7.125,0.890625,6.825,0.0,0.146875,0.0,0,0.0,4,42.58125,0.0,0.0,,3380,648960,0.7199999999999999,0.0,0.0,0.0,0.0,0,1.46875,0.4625,5.3,0.6625,0.18984375,0.075,0.06875,0.26875,1.6817315864384668,120.28979542985934,0.7461280000861734,failure_only,0.23266761561494675,0.0
flocking_topology_support,11004,2.2419829978387567,0.9786313307067066,0.63203125,1.0600718236248057,0.6691343236248055,0.49375,0.0,0.50625,0.1125,0.25,0.00625,0.278125,76,0.9861728302086908,3.2817840009332615,7.017382473745395,127.80677148536894,0.91875,0.0,2.1615154427645757,3.6642905765380838,13.115923442234259,3.725017450276938,7.125,1.0,0.0,0.0,0.0,1.025,7.125,0.890625,6.575,0.0,0.178125,0.0,0,0.0,4,40.6875,0.0,0.0,,3368,646656,0.7199999999999999,0.0,0.0,0.0,0.0,0,1.45625,0.45625,5.05625,0.63203125,0.18984375,0.2875,0.20625,0.425,1.6654800088378359,155.08615725003818,0.7189113749191165,failure_only,1.2817840009332615,0.03125
flocking_topology_rejoin,11000,3.562992258996441,3.2174588744099624,0.4990885416666667,2.7054280718378854,2.083865571837886,0.18125,0.0,0.81875,0.075,0.0,0.0,0.08255208333333333,25,3.2174588744099624,31.35361711393844,133.2792010602443,154.56000307209172,0.7,1.2965667197510453,2.1390566719657977,3.66146678202941,14.456929234853197,4.15685128454449,7.125,1.0,0.0,0.0,0.0,1.0125,7.125,0.890625,4.942708333333334,0.0,0.3821614583333333,0.05,2,0.0,4,29.03125,0.0,0.0,,3406,653952,0.7199999999999999,0.0,0.0,0.0,0.0,0,1.2875,0.28125,4.2125,0.5256510416666667,0.09140625,1.9,0.69375,1.30625,1.514210490698711,163.07817421988318,0.475839874939993,failure_only,29.35361711393844,0.25
flocking_topology_rejoin,11001,2.1900783053282304,0.7291440402226715,0.6694010416666667,1.0154360528217432,0.6610610528217432,0.5375,0.0,0.4625,0.075,0.0,0.0,0.3591145833333333,75,0.7298547317067174,2.0563730361244956,5.352497251561017,7.838639470492648,0.96875,3.6231526129327922,1.9717688362233379,3.65659383765403,9.569274015815202,3.8810222024246706,7.125,1.0,0.0,0.0,0.0,1.0125,7.125,0.890625,6.911458333333333,0.0,0.13606770833333331,0.05,2,0.0,4,43.4875,0.0,0.0,,3372,647424,0.7199999999999999,0.0,0.0,0.0,0.0,0,1.46875,0.46875,5.3875,0.6701822916666667,0.19375,0.01875,0.01875,0.14375,1.6683397291593498,122.22076901213472,0.7594252089038491,failure_only,0.056373036124495624,0.018750000000000044
flocking_topology_rejoin,11002,2.299265029669031,0.8462087362540931,0.6368489583333334,0.9753198279503842,0.6209448279503842,0.5375,0.0,0.4625,0.075,0.0,0.0,0.2971354166666667,76,0.8495408781400833,2.406097681636253,5.071610300425205,130.0801959684215,0.96875,0.918579353796095,2.0441135152643906,3.6241146660353083,15.576943045358632,4.184272633288657,7.125,1.0,0.0,0.0,0.0,1.0,7.125,0.890625,6.619791666666667,0.0,0.17252604166666666,0.05,2,0.0,2,41.08125,0.0,0.0,,3377,648384,0.7199999999999999,0.0,0.0,0.0,0.0,0,1.4625,0.4625,5.11875,0.6384114583333333,0.1890625,0.225,0.2,0.3625,1.6693684564785947,167.65548459898835,0.7294552919920534,failure_only,0.40609768163625315,0.018750000000000044
flocking_topology_rejoin,11003,2.09465137628643,0.6649465398229403,0.664453125,0.9515593922436398,0.5859343922436399,0.525,0.0,0.475,0.09375,0.0,0.0,0.35390625,76,0.6652408008894847,1.7691147486944658,5.300548390876498,10.418649821448765,0.95,2.679604881878861,2.141831164687641,3.672121479029818,10.365217818597253,2.7350424494914365,7.125,1.0,0.0,0.0,0.0,1.025,7.125,0.890625,6.859375,0.0,0.142578125,0.05,2,0.0,4,43.03125,0.0,0.0,,3380,648960,0.7199999999999999,0.0,0.0,0.0,0.0,0,1.46875,0.4625,5.35625,0.666796875,0.18984375,0.00625,0.00625,0.2125,1.672463199858603,120.40733543973384,0.7584754170384258,failure_only,0.23088525130553417,0.0
flocking_topology_rejoin,11004,2.24165328792442,0.9778757498297446,0.61953125,1.0583867077284173,0.6674492077284171,0.49375,0.0,0.50625,0.1125,0.25,0.00625,0.253125,76,0.9854230318528815,3.27624279148988,7.017382473745395,127.80677148536894,0.91875,1.2731112991224298,2.163662513129193,3.669085617280769,13.077692037294295,3.7173379925717085,7.125,1.0,0.0,0.0,0.0,1.025,7.125,0.890625,6.475,0.0,0.190625,0.05,2,0.0,4,39.8875,0.0,0.0,,3368,646656,0.7199999999999999,0.0,0.0,0.0,0.0,0,1.45625,0.45625,4.95625,0.61953125,0.18984375,0.39375,0.2875,0.45,1.6626992996946506,155.0920652899226,0.6903898750897497,failure_only,1.2762427914898802,0.03125
flocking_topology_partition,11000,3.602331365180288,3.2775364911925315,0.4990885416666667,2.770802726564151,2.149240226564151,0.18125,0.0,0.81875,0.075,0.0,0.0,0.08255208333333333,25,3.2775364911925315,32.45364058327434,133.2792010602443,154.56000307209172,0.6875,1.2965667197510453,2.1390566719657977,3.66146678202941,14.456929234853197,4.15685128454449,7.125,1.0,0.0,0.0,0.0,1.0125,7.075,0.884375,4.892708333333333,0.0,0.3884114583333333,0.05,2,0.0,4,28.73125,0.0,0.0,,3406,653952,0.7199999999999999,0.0,0.0,0.0,0.0,0,1.275,0.26875,4.2125,0.5256510416666667,0.08515625,1.9,0.69375,1.30625,1.514210490698711,163.07817421988318,0.4761820000130683,failure_only,30.453640583274343,0.26249999999999996
flocking_topology_partition,11001,2.2954809654206882,1.068789769105351,0.6694010416666667,1.0952059772616067,0.7408309772616068,0.5375,0.0,0.4625,0.075,0.0,0.0,0.3591145833333333,75,1.069274739506509,3.729570361292646,5.737203049722258,137.9311876330113,0.95625,3.6231526129327922,1.9717688362233379,3.65659383765403,9.569274015815202,3.8810222024246706,7.125,1.0,0.0,0.0,0.0,1.0125,7.075,0.884375,6.861458333333333,0.0,0.14231770833333332,0.05,2,0.0,4,43.1875,0.0,0.0,,3372,647424,0.7199999999999999,0.0,0.0,0.0,0.0,0,1.45625,0.45625,5.3875,0.6701822916666667,0.1875,0.01875,0.01875,0.14375,1.6683397291593498,122.22076901213472,0.7579244580119848,failure_only,1.7295703612926459,0.006250000000000089
flocking_topology_partition,11002,2.299265029669031,0.8462087362540931,0.6368489583333334,0.9753198279503842,0.6209448279503842,0.5375,0.0,0.4625,0.075,0.0,0.0,0.2971354166666667,76,0.8495408781400833,2.406097681636253,5.071610300425205,130.0801959684215,0.96875,0.918579353796095,2.0441135152643906,3.6241146660353083,15.576943045358632,4.184272633288657,7.125,1.0,0.0,0.0,0.0,1.0,7.125,0.890625,6.619791666666667,0.0,0.17252604166666666,0.05,2,0.0,2,41.08125,0.0,0.0,,3377,648384,0.7199999999999999,0.0,0.0,0.0,0.0,0,1.4625,0.4625,5.11875,0.6384114583333333,0.1890625,0.225,0.2,0.3625,1.6693684564785947,167.65548459898835,0.7192629158962518,failure_only,0.40609768163625315,0.018750000000000044
flocking_topology_partition,11003,2.0201677501482074,0.6649465398229403,0.664453125,0.9515593922436398,0.5859343922436399,0.525,0.0,0.475,0.09375,0.0,0.0,0.35390625,7,0.6652408008894847,1.7691147486944658,5.300548390876498,10.418649821448765,0.95,2.679604881878861,2.141831164687641,3.672121479029818,10.365217818597253,2.7350424494914365,7.125,1.0,0.0,0.0,0.0,1.025,7.025,0.878125,6.759375,0.0,0.155078125,0.05,2,0.0,4,42.43125,0.0,0.0,,3380,648960,0.7199999999999999,0.0,0.0,0.0,0.0,0,1.44375,0.4375,5.35625,0.666796875,0.17734375,0.00625,0.00625,0.2125,1.672463199858603,120.40733543973384,0.7511147500481457,failure_only,0.23088525130553417,0.0
flocking_topology_partition,11004,2.1807296034168564,0.9778757498297446,0.61953125,1.0583867077284173,0.6674492077284171,0.49375,0.0,0.50625,0.1125,0.25,0.00625,0.253125,26,0.9854230318528815,3.27624279148988,7.017382473745395,127.80677148536894,0.91875,1.2731112991224298,2.163662513129193,3.669085617280769,13.077692037294295,3.7173379925717085,7.125,1.0,0.0,0.0,0.0,1.025,7.05,0.88125,6.4,0.0,0.2,0.05,2,0.0,4,39.4875,0.0,0.0,,3368,646656,0.7199999999999999,0.0,0.0,0.0,0.0,0,1.43125,0.43125,4.95625,0.61953125,0.18046875,0.39375,0.2875,0.45,1.6626992996946506,155.0920652899226,0.6876001670025289,failure_only,1.2762427914898802,0.03125
flocking_topology_resilient,11000,3.6304701002274213,2.773987660073836,0.4389322916666667,2.421798542857767,1.8046110428577666,0.19375,0.0,0.80625,0.125,0.0,0.0,0.06067708333333334,124,2.773987660073836,19.237241053210486,115.22846283053252,147.27675714402648,0.80625,2.0510798377386914,2.133210380189731,3.6402960316287674,14.858371725737516,3.754219818703503,7.125,1.0,0.0,0.0,0.0,1.01875,7.05,0.88125,4.805208333333334,0.3735924462891699,0.3993489583333333,0.05,2,0.025,4,28.13125,0.025,0.0,,3406,653952,0.7199999999999999,0.0,0.0,0.0,0.0,0,1.925,0.775,4.15,0.5178385416666667,0.08203125,1.975,0.69375,1.35625,1.5191684659585847,174.68863941812822,0.46864754194393754,failure_only,17.237241053210486,0.14374999999999993
flocking_topology_resilient,11001,2.523054647437806,0.7134715941465262,0.6537760416666667,0.9777049323144006,0.6233299323144006,0.5375,0.0,0.4625,0.075,0.0,0.0,0.3606770833333333,75,0.7164523751457145,1.8124626580834526,5.187882648626246,7.318009989024486,0.98125,1.2031927902855604,1.9670347057449749,3.6543441238944028,9.34122968863063,3.2877798275344525,7.125,1.0,0.0,0.0,0.0,1.0375,6.99375,0.87421875,6.786458333333333,0.12725440000000002,0.15169270833333331,0.05,2,0.05,5,42.7875,0.05,0.125,,3367,646464,0.7199999999999999,0.0,0.0,0.0,0.0,0,1.46875,0.46875,5.39375,0.6709635416666667,0.17734375,0.01875,0.01875,0.14375,1.6590274285331426,124.91023625108491,0.7483927498105913,failure_only,0.18753734191654736,0.03125
flocking_topology_resilient,11002,2.2901614722549275,0.6896399418519681,0.6352864583333334,0.9604518188685558,0.6060768188685559,0.5375,0.0,0.4625,0.075,0.0,0.0,0.2986979166666667,76,0.6985463736372244,1.8119482667590454,6.6279215145429315,15.354357354909453,0.94375,1.0275269092531611,2.0104320557521596,3.6207150803648958,15.424316246404038,3.2165288411334076,7.125,1.0,0.0,0.0,0.0,1.00625,7.1,0.8875,6.6260416666666675,0.01725,0.17174479166666665,0.05,2,0.025,4,41.08125,0.025,0.125,,3391,651072,0.7199999999999999,0.0,0.0,0.0,0.0,0,1.475,0.475,5.125,0.6391927083333334,0.1890625,0.2,0.19375,0.3375,1.6669397310844147,168.30409006344203,0.7255018341820687,failure_only,0.1880517332409546,0.006249999999999978
flocking_topology_resilient,11003,2.1160225041721152,0.6582385935631411,0.6641927083333333,0.9438594875795916,0.5829219875795917,0.53125,0.0,0.46875,0.09375,0.0,0.0,0.3580729166666667,76,0.6590258214907605,1.7259954706471543,5.095023548793697,8.9270885690358,0.9625,2.7097436101766146,2.1174215380884744,3.6774910919410515,9.919524977140188,2.617652089793233,7.125,1.0,0.0,0.0,0.0,1.00625,7.10625,0.88828125,6.857291666666667,0.0967472,0.14283854166666668,0.05,2,0.025,4,43.03125,0.025,0.0,,3358,644736,0.7199999999999999,0.0,0.0,0.0,0.0,0,1.5,0.475,5.35625,0.6665364583333333,0.18984375,0.00625,0.00625,0.2125,1.6711576724188824,121.97258937989972,0.7336649161297828,failure_only,0.2740045293528457,0.012500000000000067
flocking_topology_resilient,11004,2.2351298464239546,0.7438299961013561,0.61875,1.0432993448506682,0.6576743448506683,0.5,0.0,0.5,0.10625,0.0,0.0,0.265625,76,0.7501494319103289,2.1457278263859814,6.746569576899534,10.574608921781794,0.9125,2.05933034503801,2.1717260784406167,3.663884167529615,12.70669934635033,2.478371612746539,7.125,1.0,0.0,0.0,0.0,1.01875,7.06875,0.88359375,6.44375,0.15924316800000002,0.19453125,0.05,2,0.025,4,39.7875,0.025,0.125,,3363,645696,0.7199999999999999,0.0,0.0,0.0,0.0,0,1.5,0.475,4.9875,0.6234375,0.18203125,0.33125,0.25,0.45,1.662712796380345,156.65145883078216,0.6782487500458956,failure_only,0.14572782638598136,0.03749999999999998
flocking_robust_active,11000,2.1352721193319115,0.6382412438309741,0.7601190476190476,0.9058440177289055,0.5620940177289055,0.55,0.0,0.45,0.0625,0.0,0.0,0.5473214285714285,77,0.6525758264717969,1.6015334594941582,3.6560442780051563,6.468601450065776,0.984375,0.0,2.1300848625847015,3.710322900037235,4.662492601063183,2.000526782518493,8.0,1.0,0.0,0.4375,0.15714285714285714,1.0,8.0,1.0,7.8625,0.0,0.0,0.0,0,0.0,0,0.0,0.0,0.0,,2748,527616,0.7199999999999999,0.0,0.0,0.0,0.0,0,1.5,0.48125,5.975,0.7622023809523808,0.23545386904761906,0.0,0.0,0.1375,1.5491212848449734,167.1608004905054,0.7385787921957672,partition_only,0.39846654050584185,0.034375000000000044
flocking_robust_active,11001,2.259671344794623,0.661956244958709,0.7609821428571429,1.0218216426886244,0.6874466426886243,0.5625,0.0,0.4375,0.0625,0.625,0.03125,0.5582812500000001,76,0.9508082508485702,3.419169201513781,5.208637011186182,143.21746583837304,0.9550000000000001,0.0,1.895395903278088,3.7042628635875063,4.826761617784763,1.896810234874979,8.0,1.0,0.0,0.4375,0.17142857142857143,1.0,8.0,1.0,7.84375,0.0,0.0,0.0,0,0.0,0,0.0,0.0,0.0,,2883,553536,0.7199999999999999,0.0,0.0,0.0,0.0,0,1.48125,0.475,5.96875,0.7640178571428571,0.23520089285714282,0.03125,0.03125,0.15,1.5328501848641416,127.62273671748045,0.7579514589160681,partition_only,1.419169201513781,0.0050000000000001155
flocking_robust_active,11002,2.2528026918580735,0.656787199850127,0.7654166666666666,0.9200673888994866,0.5856923888994865,0.5625,0.0,0.4375,0.0625,0.0,0.0,0.5599999999999999,76,0.6452885956919605,1.5622392619627654,3.7641978385207233,5.9580630219742154,0.97421875,0.0,2.015556158759799,3.6973327487343965,4.754895267019229,1.9732350348863015,8.0,1.0,0.0,0.4375,0.17142857142857143,1.0,8.0,1.0,7.9375,0.0,0.0,0.0,0,0.0,0,0.0,0.0,0.0,,2744,526848,0.7199999999999999,0.0,0.0,0.0,0.0,0,1.475,0.475,6.06875,0.7654166666666666,0.2345833333333333,0.0,0.0,0.0625,1.5288938165994155,176.53035621626725,0.7527480409480631,partition_only,0.4377607380372346,0.024218750000000067
flocking_robust_active,11003,2.161390835228959,0.6501010776890467,0.7574776785714286,0.9353429475354114,0.5903429475354113,0.55,0.0,0.45,0.075,0.0,0.0,0.5641741071428571,79,0.7114251504158322,1.9556056757962186,4.96127377387462,7.975596939121759,0.9721875000000001,0.0,2.1366629712688825,3.7134060282556183,4.82247606558468,1.950234702158475,8.0,1.0,0.0,0.4375,0.14285714285714285,1.0,8.0,1.0,7.85,0.0,0.0,0.0,0,0.0,0,0.0,0.0,0.0,,2920,560640,0.7199999999999999,0.0,0.0,0.0,0.0,0,1.5,0.48125,5.93125,0.7590401785714286,0.23783482142857143,0.00625,0.00625,0.15,1.58153858277471,126.94024728584185,0.7696172089781612,partition_only,0.04439432420378142,0.022187500000000138
flocking_robust_active,11004,2.333403983953802,0.6996003733409842,0.7588169642857142,1.067944936046907,0.7332574360469073,0.56875,0.0,0.43125,0.1125,0.3,0.01875,0.5551339285714285,77,1.1190394042595269,3.9707212632461006,4.77285177877021,125.17461067678649,0.94296875,0.0,2.141994906173791,3.694896124580724,4.660030025821528,1.9857420126325471,8.0,1.0,0.0,0.4375,0.2,1.0,8.0,1.0,7.8125,0.0,0.0,0.0,0,0.0,0,0.0,0.0,0.0,,2738,525696,0.7199999999999999,0.0,0.0,0.0,0.0,0,1.49375,0.48125,5.9125,0.7603794642857142,0.23649553571428572,0.0375,0.01875,0.175,1.553873053206986,162.52567908870196,0.7218997089657933,partition_only,1.9707212632461006,0.007031249999999933
flocking_topology_support,11000,2.149701438804708,0.6429643937395699,0.746875,0.9615918730710702,0.6125293730710701,0.54375,0.0,0.45625,0.06875,0.42857142857142855,0.01875,0.528125,77,0.7003012304554591,1.9401140230172018,5.229960766008974,21.717784327626063,0.96875,0.0,2.130294925133758,3.712747552112668,4.760648949594996,1.957886738696886,8.0,1.0,0.0,0.4375,0.15714285714285714,2.08125,8.0,1.0,7.8625,0.0,0.0171875,0.0,0,0.0,26,50.63125,0.0,0.125,,2743,526656,0.7199999999999999,0.0,0.0,0.0,0.0,0,1.5,0.48125,5.975,0.746875,0.23359375,0.0,0.0,0.1375,1.5479421159514544,167.0330181267113,0.7580036669969559,partition_only,0.059885976982798184,0.018750000000000044
flocking_topology_support,11001,2.19182535812589,0.6948560974441625,0.74140625,0.9695052490792524,0.6204427490792523,0.54375,0.0,0.45625,0.06875,0.0,0.0,0.51640625,76,0.6953010734093014,1.8845927918195415,4.799551804858755,7.671132125433647,0.975,0.0,1.9462980041582174,3.704506137003329,4.886734516363143,1.9209719928927442,8.0,1.0,0.0,0.4375,0.15714285714285714,2.23125,8.0,1.0,7.825,0.0,0.021875,0.0,0,0.0,21,50.4875,0.0,0.125,,2917,560064,0.7199999999999999,0.0,0.0,0.0,0.0,0,1.48125,0.475,5.9625,0.7453125,0.23203125,0.03125,0.03125,0.16875,1.532526794578082,126.33658209319431,0.7795348749496043,partition_only,0.11540720818045846,0.025000000000000022
flocking_topology_support,11002,2.2347001906435118,0.6171568544002584,0.75859375,0.9022090086106385,0.5584590086106386,0.55,0.0,0.45,0.0625,0.0,0.0,0.5453125,76,0.6270913716929,1.5068487655347336,4.310935698372036,7.828584223004842,0.98125,0.0,1.9737706378208848,3.69369299059953,4.815701347513915,1.945452593126569,8.0,1.0,0.0,0.4375,0.17142857142857143,2.0375,8.0,1.0,7.9375,0.0,0.0078125,0.0,0,0.0,26,51.43125,0.0,0.0,,2750,528000,0.7199999999999999,0.0,0.0,0.0,0.0,0,1.475,0.475,6.06875,0.75859375,0.23359375,0.0,0.0,0.0625,1.5295689647857476,175.53706060425716,0.7693162909708917,partition_only,0.49315123446526643,0.03125
flocking_topology_support,11003,2.1801210761196606,0.6820423795832187,0.73984375,0.9569641088737999,0.6119641088737998,0.55,0.0,0.45,0.075,0.0,0.0,0.534375,80,0.6882140488603611,1.8653176478557718,5.333889591128518,7.753276392998885,0.96875,0.0,2.105958009646105,3.7093677383229933,4.982367176012573,1.9308693923936118,8.0,1.0,0.0,0.4375,0.14285714285714285,2.16875,8.0,1.0,7.875,0.0,0.015625,0.0,0,0.0,15,50.53125,0.0,0.25,,2897,556224,0.7199999999999999,0.0,0.0,0.0,0.0,0,1.525,0.4875,5.9375,0.7421875,0.2375,0.0,0.0,0.125,1.5815913282899248,123.19939573051961,0.7778987921774387,partition_only,0.1346823521442282,0.018750000000000044
flocking_topology_support,11004,2.30193619376364,0.6807721865996059,0.73828125,1.0461290416224318,0.7067540416224316,0.5625,0.0,0.4375,0.1125,0.3,0.01875,0.51875,78,1.0919240483838795,3.932274843713441,6.332191377473124,130.25117016430494,0.94375,0.0,2.0746531204758454,3.6938291112926622,4.7424108077724565,1.9786136640189027,8.0,1.0,0.0,0.4375,0.2,2.00625,8.0,1.0,7.85625,0.0,0.01796875,0.0,0,0.0,29,50.5875,0.0,0.125,,2777,533184,0.7199999999999999,0.0,0.0,0.0,0.0,0,1.5,0.4875,5.91875,0.73984375,0.2390625,0.025,0.01875,0.1375,1.55217829869199,156.57189197250463,0.7551275419536978,partition_only,1.932274843713441,0.006249999999999978
flocking_topology_rejoin,11000,2.149701438804708,0.6429643937395699,0.746875,0.9615918730710702,0.6125293730710701,0.54375,0.0,0.45625,0.06875,0.42857142857142855,0.01875,0.528125,77,0.7003012304554591,1.9401140230172018,5.229960766008974,21.717784327626063,0.96875,0.0,2.130294925133758,3.712747552112668,4.760648949594996,1.957886738696886,8.0,1.0,0.0,0.4375,0.15714285714285714,2.08125,8.0,1.0,7.8625,0.0,0.0171875,0.0,0,0.0,26,50.63125,0.0,0.125,,2743,526656,0.7199999999999999,0.0,0.0,0.0,0.0,0,1.5,0.48125,5.975,0.746875,0.23359375,0.0,0.0,0.1375,1.5479421159514544,167.0330181267113,0.7636448747944087,partition_only,0.059885976982798184,0.018750000000000044
flocking_topology_rejoin,11001,2.19182535812589,0.6948560974441625,0.74140625,0.9695052490792524,0.6204427490792523,0.54375,0.0,0.45625,0.06875,0.0,0.0,0.51640625,76,0.6953010734093014,1.8845927918195415,4.799551804858755,7.671132125433647,0.975,0.0,1.9462980041582174,3.704506137003329,4.886734516363143,1.9209719928927442,8.0,1.0,0.0,0.4375,0.15714285714285714,2.23125,8.0,1.0,7.825,0.0,0.021875,0.0,0,0.0,21,50.4875,0.0,0.125,,2917,560064,0.7199999999999999,0.0,0.0,0.0,0.0,0,1.48125,0.475,5.9625,0.7453125,0.23203125,0.03125,0.03125,0.16875,1.532526794578082,126.33658209319431,0.7901805839501321,partition_only,0.11540720818045846,0.025000000000000022
flocking_topology_rejoin,11002,2.2347001906435118,0.6171568544002584,0.75859375,0.9022090086106385,0.5584590086106386,0.55,0.0,0.45,0.0625,0.0,0.0,0.5453125,76,0.6270913716929,1.5068487655347336,4.310935698372036,7.828584223004842,0.98125,0.0,1.9737706378208848,3.69369299059953,4.815701347513915,1.945452593126569,8.0,1.0,0.0,0.4375,0.17142857142857143,2.0375,8.0,1.0,7.9375,0.0,0.0078125,0.0,0,0.0,26,51.43125,0.0,0.0,,2750,528000,0.7199999999999999,0.0,0.0,0.0,0.0,0,1.475,0.475,6.06875,0.75859375,0.23359375,0.0,0.0,0.0625,1.5295689647857476,175.53706060425716,0.771348875015974,partition_only,0.49315123446526643,0.03125
flocking_topology_rejoin,11003,2.1801210761196606,0.6820423795832187,0.73984375,0.9569641088737999,0.6119641088737998,0.55,0.0,0.45,0.075,0.0,0.0,0.534375,80,0.6882140488603611,1.8653176478557718,5.333889591128518,7.753276392998885,0.96875,0.0,2.105958009646105,3.7093677383229933,4.982367176012573,1.9308693923936118,8.0,1.0,0.0,0.4375,0.14285714285714285,2.16875,8.0,1.0,7.875,0.0,0.015625,0.0,0,0.0,15,50.53125,0.0,0.25,,2897,556224,0.7199999999999999,0.0,0.0,0.0,0.0,0,1.525,0.4875,5.9375,0.7421875,0.2375,0.0,0.0,0.125,1.5815913282899248,123.19939573051961,0.7926212919410318,partition_only,0.1346823521442282,0.018750000000000044
flocking_topology_rejoin,11004,2.30193619376364,0.6807721865996059,0.73828125,1.0461290416224318,0.7067540416224316,0.5625,0.0,0.4375,0.1125,0.3,0.01875,0.51875,78,1.0919240483838795,3.932274843713441,6.332191377473124,130.25117016430494,0.94375,0.0,2.0746531204758454,3.6938291112926622,4.7424108077724565,1.9786136640189027,8.0,1.0,0.0,0.4375,0.2,2.00625,8.0,1.0,7.85625,0.0,0.01796875,0.0,0,0.0,29,50.5875,0.0,0.125,,2777,533184,0.7199999999999999,0.0,0.0,0.0,0.0,0,1.5,0.4875,5.91875,0.73984375,0.2390625,0.025,0.01875,0.1375,1.55217829869199,156.57189197250463,0.7601381668355316,partition_only,1.932274843713441,0.006249999999999978
flocking_topology_partition,11000,3.446548482479239,3.16748436510684,0.6234375,2.401465901539991,1.9920909015399908,0.4625,0.0,0.5375,0.0625,0.0,0.0,0.2515625,17,3.16748436510684,31.623829947189876,141.74662666472724,152.52798089710987,0.725,0.0,2.130294925133758,3.712747552112668,4.760648949594996,1.957886738696886,8.0,1.0,0.0,0.4375,0.0,2.08125,5.64375,0.70546875,5.54375,0.0,0.30703125,0.0,0,0.0,26,34.38125,0.0,0.5,,2743,526656,0.7199999999999999,0.0,0.0,0.0,0.0,0,1.2125,0.20625,4.9875,0.6234375,0.06875,0.0,0.0,0.1375,1.5479421159514544,167.0330181267113,0.7122736659366637,partition_only,29.623829947189876,0.22499999999999998
flocking_topology_partition,11001,3.9991641417892523,3.8978202059928977,0.66484375,3.126766271899549,2.7173912718995488,0.4625,0.0,0.5375,0.0625,0.0,0.0,0.3390625,15,3.8978202059928977,43.9592555273823,137.93850893813644,159.2427245968701,0.63125,0.0,1.9462980041582174,3.704506137003329,4.886734516363143,1.9209719928927442,8.0,1.0,0.0,0.4375,0.0,2.23125,5.775,0.721875,5.66875,0.0,0.29140625,0.0,0,0.0,21,36.2875,0.0,0.5,,2917,560064,0.7199999999999999,0.0,0.0,0.0,0.0,0,1.1,0.1,5.3375,0.6671875,0.04140625,0.03125,0.03125,0.16875,1.532526794578082,126.33658209319431,0.7408177081961185,partition_only,41.9592555273823,0.31875
flocking_topology_partition,11002,1.509022641642938,0.6136948580074834,0.63515625,0.9573510482461657,0.5479760482461657,0.4625,0.0,0.5375,0.0625,0.0,0.0,0.275,26,0.6136948580074834,1.4415860770853761,3.886656260362289,6.595001011749934,0.9875,0.0,1.9737706378208848,3.69369299059953,4.815701347513915,1.945452593126569,8.0,1.0,0.0,0.4375,0.0,2.0375,5.69375,0.71171875,5.65625,0.0,0.29296875,0.0,0,0.0,26,35.33125,0.0,0.5,,2750,528000,0.7199999999999999,0.0,0.0,0.0,0.0,0,1.20625,0.20625,5.08125,0.63515625,0.071875,0.0,0.0,0.0625,1.5295689647857476,175.53706060425716,0.7303104170132428,partition_only,0.5584139229146239,0.03750000000000009
flocking_topology_partition,11003,0.9995578762972303,0.6624703549326972,0.66875,0.9967119571888905,0.5967119571888905,0.475,0.0,0.525,0.0625,0.0,0.0,0.359375,7,0.6624703549326972,1.7099755039010263,5.134471581412704,7.753276392998885,0.98125,0.0,2.105958009646105,3.7093677383229933,4.982367176012573,1.9308693923936118,8.0,1.0,0.0,0.4375,0.0,2.16875,5.8,0.725,5.70625,0.0,0.28671875,0.0,0,0.0,15,36.33125,0.0,0.5,,2897,556224,0.7199999999999999,0.0,0.0,0.0,0.0,0,1.13125,0.11875,5.3875,0.6734375,0.03828125,0.0,0.0,0.125,1.5815913282899248,123.19939573051961,0.7457581670023501,partition_only,0.29002449609897374,0.03125
flocking_topology_partition,11004,1.4700004070723822,0.7078237183689087,0.62109375,1.0374545080720519,0.6280795080720519,0.4625,0.0,0.5375,0.0625,0.0,0.0,0.25625,18,0.7078237183689087,1.8755422549124954,5.656327475635086,10.8042721207118,0.95625,0.0,2.0746531204758454,3.6938291112926622,4.7424108077724565,1.9786136640189027,8.0,1.0,0.0,0.4375,0.0,2.00625,5.625,0.703125,5.5375,0.0,0.3078125,0.0,0,0.0,29,34.4375,0.0,0.5,,2777,533184,0.7199999999999999,0.0,0.0,0.0,0.0,0,1.2,0.2,4.96875,0.62109375,0.07109375,0.025,0.01875,0.1375,1.55217829869199,156.57189197250463,0.7102831248193979,partition_only,0.12445774508750462,0.006250000000000089
flocking_topology_resilient,11000,3.850912079556715,3.3406212738068954,0.58984375,2.709296960765736,2.281171960765736,0.4375,0.0,0.5625,0.0625,0.0,0.0,0.2484375,114,3.3406212738068954,26.62515857871596,131.26059357897768,142.68135237595757,0.7625,0.0,2.1961729730153494,3.7118149364684285,4.72344187106028,1.9818198211672287,8.0,1.0,0.0,0.4375,0.0,2.1625,5.4375,0.6796875,5.3625,0.29846524628916987,0.3296875,0.0,0,0.15625,14,33.73125,0.15625,0.5,,2736,525312,0.7199999999999999,0.0,0.0,0.0,0.0,0,1.74375,0.7125,4.98125,0.62265625,0.046875,0.0,0.0,0.11875,1.545829021964766,170.16507986974017,0.7071869589854032,partition_only,24.62515857871596,0.1875
flocking_topology_resilient,11001,3.987101134275428,2.9605716463948397,0.59609375,2.3005850083938144,1.8724600083938143,0.4375,0.0,0.5625,0.0625,0.0,0.0,0.34375,106,2.9605716463948393,20.327153701945658,127.67346590672918,153.3472080995509,0.8,0.0,1.9895056768659933,3.7066865870823804,4.842781215213702,1.9732012578079519,8.0,1.0,0.0,0.4375,0.0,2.2125,5.85,0.73125,5.74375,0.21174745172141565,0.28203125,0.0,0,0.125,15,36.7375,0.125,0.5,,2922,561024,0.7199999999999999,0.0,0.0,0.0,0.0,0,1.68125,0.6625,5.35,0.66875,0.04921875,0.03125,0.03125,0.15625,1.5294776747150725,128.8173339748861,0.7396033750846982,partition_only,18.327153701945658,0.1499999999999999
flocking_topology_resilient,11002,1.5195061216057462,0.5987357952963289,0.6296875,0.9635050028712815,0.5353800028712813,0.4375,0.0,0.5625,0.0625,0.0,0.0,0.2640625,76,0.5987357952963289,1.3555944605238204,3.7951963597170972,6.595001011749934,0.99375,0.0,1.932799501664973,3.697023301794549,4.762709552958979,1.9824548222006542,8.0,1.0,0.0,0.4375,0.0,2.04375,5.65625,0.70703125,5.61875,0.364037265188042,0.29765625,0.0,0,0.275,26,34.93125,0.275,0.75,,2760,529920,0.7199999999999999,0.0,0.0,0.0,0.0,0,1.46875,0.46875,5.0375,0.6296875,0.07265625,0.0,0.0,0.0625,1.5292575848289904,174.32623593366188,0.7226490420289338,partition_only,0.6444055394761796,0.04375000000000007
flocking_topology_resilient,11003,1.1413427601911312,0.6751076939208323,0.671875,1.0222453380213037,0.6034953380213037,0.45,0.0,0.55,0.0625,0.0,0.0,0.3625,24,0.6751076939208323,1.7835231260499618,5.045685069477264,12.083403061962938,0.98125,0.0,2.1054615078082928,3.7114325912426964,4.865795448848028,1.9595357520724654,8.0,1.0,0.0,0.4375,0.0,2.1875,5.88125,0.73515625,5.80625,0.10156560201377876,0.27421875,0.0,0,0.10625,13,37.03125,0.10625,0.5,,2898,556416,0.7199999999999999,0.0,0.0,0.0,0.0,0,1.21875,0.1875,5.4,0.675,0.04921875,0.0,0.0,0.11875,1.5810136957105423,124.16263459182031,0.7463705830741674,partition_only,0.21647687395003823,0.03125
flocking_topology_resilient,11004,1.2228940837751157,0.7036919492419127,0.61953125,1.0431480052274678,0.6150230052274678,0.4375,0.0,0.5625,0.0625,0.0,0.0,0.25,114,0.7036919492419127,1.8797518047070234,6.556928342271407,10.544420228540947,0.9375,0.0,2.051975797223676,3.692439233442356,4.677753037273473,1.9659281156105677,8.0,1.0,0.0,0.4375,0.0,2.1125,5.45625,0.68203125,5.36875,0.37308152980916987,0.32890625,0.0,0,0.175,17,33.7375,0.175,0.5,,2728,523776,0.7199999999999999,0.0,0.0,0.0,0.0,0,1.79375,0.7125,4.9625,0.6203125,0.05,0.025,0.01875,0.14375,1.553127658386567,158.43239994234887,0.6981613747775555,partition_only,0.12024819529297659,0.012499999999999956
flocking_robust_active,11000,2.0991124336767157,0.6584869008759575,0.7622023809523808,0.9142198542999553,0.5704698542999553,0.55,0.0,0.45,0.0625,0.0,0.0,0.5535714285714286,77,0.6732119733770866,1.7115527368222434,3.8433051240015925,9.231754224815914,0.9688616071428571,0.0,2.157855961976821,3.705699071258021,4.766545691563424,1.9630527469286605,8.0,1.0,0.0,0.4375,0.15714285714285714,1.0,8.0,1.0,7.8875,0.0,0.0,0.0,0,0.0,0,0.0,0.0,0.0,,2825,542400,0.7199999999999999,0.0,0.0,0.0,0.0,0,1.5,0.48125,6.0,0.7622023809523808,0.23545386904761906,0.0,0.0,0.1125,1.5481827694193415,166.49855235256254,0.75286720902659,asymmetric_partition,0.2884472631777566,0.018861607142857117
flocking_robust_active,11001,2.270215596297982,0.6838596947110445,0.7609821428571429,1.0231321518232626,0.6887571518232626,0.5625,0.0,0.4375,0.0625,0.375,0.01875,0.5575,76,0.9338004391162359,3.3370731361982964,4.833937482158564,143.21746583837304,0.9584374999999999,0.0,1.917024869647782,3.7097281719262845,4.737850762784892,1.908813399533886,8.0,1.0,0.0,0.4375,0.17142857142857143,1.0,8.0,1.0,7.8375,0.0,0.0,0.0,0,0.0,0,0.0,0.0,0.0,,2849,547008,0.7199999999999999,0.0,0.0,0.0,0.0,0,1.475,0.475,5.9625,0.7640178571428571,0.23598214285714283,0.03125,0.03125,0.15625,1.5326497649029893,127.16414439406371,0.7447339170612395,asymmetric_partition,1.3370731361982964,0.008437499999999987
flocking_robust_active,11002,2.207161456258048,0.6147571947974388,0.7658630952380951,0.8882651180980158,0.5538901180980158,0.5625,0.0,0.4375,0.0625,0.0,0.0,0.5608928571428571,76,0.6320920797030893,1.51107264200227,3.452765909360045,5.210269145563598,0.984375,0.0,1.9480760537002972,3.693241004543219,4.83648633797566,1.9344003835593817,8.0,1.0,0.0,0.4375,0.17142857142857143,1.0,8.0,1.0,7.93125,0.0,0.0,0.0,0,0.0,0,0.0,0.0,0.0,,2844,546048,0.7199999999999999,0.0,0.0,0.0,0.0,0,1.475,0.475,6.06875,0.7658630952380951,0.23413690476190477,0.0,0.0,0.06875,1.5301265061446077,176.44888593848148,0.7648615001235157,asymmetric_partition,0.48892735799773,0.034375000000000044
flocking_robust_active,11003,2.1586158554790313,0.6604994481899118,0.7574776785714286,0.9327340897839532,0.5877340897839533,0.55,0.0,0.45,0.075,0.0,0.0,0.5641741071428571,79,0.694682892285164,1.8825066115912938,4.832560708882968,7.975596939121759,0.96359375,0.0,2.104938520521144,3.714384393339576,4.940567590488252,1.90155566988226,8.0,1.0,0.0,0.4375,0.14285714285714285,1.0,8.0,1.0,7.8625,0.0,0.0,0.0,0,0.0,0,0.0,0.0,0.0,,3218,617856,0.7199999999999999,0.0,0.0,0.0,0.0,0,1.5,0.48125,5.94375,0.7590401785714286,0.23783482142857143,0.00625,0.00625,0.1375,1.5809049765561987,124.38498457837993,0.8063547920901328,asymmetric_partition,0.11749338840870616,0.013593750000000071
flocking_robust_active,11004,2.3387962382100724,0.6608574237399818,0.7547991071428571,1.0230406182384386,0.6883531182384385,0.56875,0.0,0.43125,0.1125,0.2727272727272727,0.01875,0.5533482142857142,78,1.1033066517483994,3.9067831383042972,4.884576896878587,126.17291161027543,0.9443080357142858,0.0,2.096193076726889,3.694421069089801,4.710074720793332,1.9358579428148572,8.0,1.0,0.0,0.4375,0.2,1.0,8.0,1.0,7.85625,0.0,0.0,0.0,0,0.0,0,0.0,0.0,0.0,,2839,545088,0.7199999999999999,0.0,0.0,0.0,0.0,0,1.5,0.4875,5.925,0.7563616071428572,0.24051339285714288,0.025,0.01875,0.1375,1.5525439018534057,161.76545739413785,0.7276941249147058,asymmetric_partition,1.9067831383042972,0.005691964285714168
flocking_topology_support,11000,2.1449678183677587,0.6763559902019476,0.7484375,0.9806383928627316,0.6315758928627314,0.54375,0.0,0.45625,0.06875,0.42857142857142855,0.01875,0.53125,77,0.7288698158424171,2.093024351318258,5.768692230250135,21.025984259280182,0.95,0.0,2.164303432142957,3.7060245546684625,4.82111590406843,1.9248640782780693,8.0,1.0,0.0,0.4375,0.15714285714285714,2.1875,8.0,1.0,7.875,0.0,0.015625,0.0,0,0.0,20,50.73125,0.0,0.25,,2852,547584,0.7199999999999999,0.0,0.0,0.0,0.0,0,1.5,0.48125,5.9875,0.7484375,0.23359375,0.0,0.0,0.125,1.5475247013616629,167.1179029186957,0.7788624581880867,asymmetric_partition,0.09302435131825781,0.0
flocking_topology_support,11001,2.163751228982054,0.6987183687489493,0.73984375,0.9838104890283097,0.6294354890283097,0.5375,0.0,0.4625,0.075,0.0,0.0,0.5171875,78,0.6991107912153747,1.9110695438568488,4.7965547314384525,6.904423392186993,0.98125,0.0,1.98222288629036,3.70561498200369,4.844360176684478,1.931653629062438,8.0,1.0,0.0,0.4375,0.14285714285714285,2.11875,8.0,1.0,7.8375,0.0,0.0203125,0.0,0,0.0,22,50.5875,0.0,0.375,,2861,549312,0.7199999999999999,0.0,0.0,0.0,0.0,0,1.48125,0.48125,5.96875,0.74609375,0.23359375,0.03125,0.03125,0.15625,1.5334418363155606,125.36396095451272,0.7917076249141246,asymmetric_partition,0.0889304561431512,0.03125
flocking_topology_support,11002,2.194267842746731,0.6032344182576898,0.75546875,0.8967856118145814,0.5530356118145815,0.55,0.0,0.45,0.0625,0.0,0.0,0.5359375,77,0.6142901219095044,1.4503389903246338,4.307858119489496,7.845152297020004,0.9875,0.0,1.9154096752473428,3.6959335519253322,4.855879649722513,1.926880453576878,8.0,1.0,0.0,0.4375,0.17142857142857143,2.03125,8.0,1.0,7.94375,0.0,0.00703125,0.0,0,0.0,35,51.43125,0.0,0.375,,2854,547968,0.7199999999999999,0.0,0.0,0.0,0.0,0,1.48125,0.48125,6.0625,0.7578125,0.23515625,0.0,0.0,0.05625,1.5300112559570556,173.99439892503466,0.7911414159461856,asymmetric_partition,0.5496610096753662,0.03750000000000009
flocking_topology_support,11003,2.1648929532777923,0.6527160975870915,0.7375,0.9357587235844391,0.5854462235844392,0.54375,0.0,0.45625,0.08125,0.0,0.0,0.528125,79,0.6584724152237746,1.7297148508265932,5.045685069477264,7.753276392998885,0.975,0.0,2.0390065610878088,3.709211217362724,5.081656162612907,1.9066680771197704,8.0,1.0,0.0,0.4375,0.12857142857142856,1.8125,8.0,1.0,7.85,0.0,0.01875,0.0,0,0.0,11,50.43125,0.0,0.125,,3212,616704,0.7199999999999999,0.0,0.0,0.0,0.0,0,1.5125,0.48125,5.93125,0.74140625,0.23515625,0.00625,0.00625,0.15,1.5812845647324807,123.00661898642876,0.8438262918498367,asymmetric_partition,0.27028514917340685,0.025000000000000022
flocking_topology_support,11004,2.37228241476712,0.6840051358794941,0.73515625,1.0634304928716485,0.7287429928716485,0.56875,0.0,0.43125,0.1125,0.3333333333333333,0.025,0.5265625,79,1.180878201689978,4.547962916828614,6.740630213836469,150.67623974880212,0.93125,0.0,2.093591751054724,3.6862429183857714,4.863669047663132,1.9947782812194341,8.0,1.0,0.0,0.4375,0.21428571428571427,2.13125,8.0,1.0,7.85625,0.0,0.01796875,0.0,0,0.0,20,50.5375,0.0,0.125,,2856,548352,0.7199999999999999,0.0,0.0,0.0,0.0,0,1.50625,0.49375,5.90625,0.73828125,0.240625,0.01875,0.01875,0.1375,1.5518828156028817,157.74237652985815,0.7724203339312226,asymmetric_partition,2.547962916828614,0.018749999999999933
flocking_topology_rejoin,11000,2.1449678183677587,0.6763559902019476,0.7484375,0.9806383928627316,0.6315758928627314,0.54375,0.0,0.45625,0.06875,0.42857142857142855,0.01875,0.53125,77,0.7288698158424171,2.093024351318258,5.768692230250135,21.025984259280182,0.95,0.0,2.164303432142957,3.7060245546684625,4.82111590406843,1.9248640782780693,8.0,1.0,0.0,0.4375,0.15714285714285714,2.1875,8.0,1.0,7.875,0.0,0.015625,0.0,0,0.0,20,50.73125,0.0,0.25,,2852,547584,0.7199999999999999,0.0,0.0,0.0,0.0,0,1.5,0.48125,5.9875,0.7484375,0.23359375,0.0,0.0,0.125,1.5475247013616629,167.1179029186957,0.8021040419116616,asymmetric_partition,0.09302435131825781,0.0
flocking_topology_rejoin,11001,2.163751228982054,0.6987183687489493,0.73984375,0.9838104890283097,0.6294354890283097,0.5375,0.0,0.4625,0.075,0.0,0.0,0.5171875,78,0.6991107912153747,1.9110695438568488,4.7965547314384525,6.904423392186993,0.98125,0.0,1.98222288629036,3.70561498200369,4.844360176684478,1.931653629062438,8.0,1.0,0.0,0.4375,0.14285714285714285,2.11875,8.0,1.0,7.8375,0.0,0.0203125,0.0,0,0.0,22,50.5875,0.0,0.375,,2861,549312,0.7199999999999999,0.0,0.0,0.0,0.0,0,1.48125,0.48125,5.96875,0.74609375,0.23359375,0.03125,0.03125,0.15625,1.5334418363155606,125.36396095451272,0.7850503330118954,asymmetric_partition,0.0889304561431512,0.03125
flocking_topology_rejoin,11002,2.194267842746731,0.6032344182576898,0.75546875,0.8967856118145814,0.5530356118145815,0.55,0.0,0.45,0.0625,0.0,0.0,0.5359375,77,0.6142901219095044,1.4503389903246338,4.307858119489496,7.845152297020004,0.9875,0.0,1.9154096752473428,3.6959335519253322,4.855879649722513,1.926880453576878,8.0,1.0,0.0,0.4375,0.17142857142857143,2.03125,8.0,1.0,7.94375,0.0,0.00703125,0.0,0,0.0,35,51.43125,0.0,0.375,,2854,547968,0.7199999999999999,0.0,0.0,0.0,0.0,0,1.48125,0.48125,6.0625,0.7578125,0.23515625,0.0,0.0,0.05625,1.5300112559570556,173.99439892503466,0.8009324169252068,asymmetric_partition,0.5496610096753662,0.03750000000000009
flocking_topology_rejoin,11003,2.1648929532777923,0.6527160975870915,0.7375,0.9357587235844391,0.5854462235844392,0.54375,0.0,0.45625,0.08125,0.0,0.0,0.528125,79,0.6584724152237746,1.7297148508265932,5.045685069477264,7.753276392998885,0.975,0.0,2.0390065610878088,3.709211217362724,5.081656162612907,1.9066680771197704,8.0,1.0,0.0,0.4375,0.12857142857142856,1.8125,8.0,1.0,7.85,0.0,0.01875,0.0,0,0.0,11,50.43125,0.0,0.125,,3212,616704,0.7199999999999999,0.0,0.0,0.0,0.0,0,1.5125,0.48125,5.93125,0.74140625,0.23515625,0.00625,0.00625,0.15,1.5812845647324807,123.00661898642876,0.8284685830585659,asymmetric_partition,0.27028514917340685,0.025000000000000022
flocking_topology_rejoin,11004,2.37228241476712,0.6840051358794941,0.73515625,1.0634304928716485,0.7287429928716485,0.56875,0.0,0.43125,0.1125,0.3333333333333333,0.025,0.5265625,79,1.180878201689978,4.547962916828614,6.740630213836469,150.67623974880212,0.93125,0.0,2.093591751054724,3.6862429183857714,4.863669047663132,1.9947782812194341,8.0,1.0,0.0,0.4375,0.21428571428571427,2.13125,8.0,1.0,7.85625,0.0,0.01796875,0.0,0,0.0,20,50.5375,0.0,0.125,,2856,548352,0.7199999999999999,0.0,0.0,0.0,0.0,0,1.50625,0.49375,5.90625,0.73828125,0.240625,0.01875,0.01875,0.1375,1.5518828156028817,157.74237652985815,0.7852917921263725,asymmetric_partition,2.547962916828614,0.018749999999999933
flocking_topology_partition,11000,3.9956137156295664,3.8935718143246745,0.5734375000000187,3.1223892512169225,2.713014251216922,0.4625,0.0,0.5375,0.0625,0.0,0.0,0.15000000000001873,15,3.893571814324674,42.87286083599135,131.93399705418602,195.89005416508573,0.60625,0.0,2.164303432142957,3.7060245546684625,4.82111590406843,1.9248640782780693,8.0,1.0,0.0,0.4375,0.0,2.1875,4.975,0.621875,4.9125,0.0,0.3859375,0.0,0,0.0,20,30.38125,0.01875,0.75,,2852,547584,0.7199999999999999,0.0,0.0,0.0,0.0,0,1.1,0.09375,4.60625,0.5734375000000187,0.03984375,0.0,0.0,0.125,1.5475247013616629,167.1179029186957,0.7218250001315027,asymmetric_partition,40.87286083599135,0.34375
flocking_topology_partition,11001,3.9595431726795827,3.8568546337373557,0.6125,3.126564395773133,2.717189395773133,0.4625,0.0,0.5375,0.0625,0.0,0.0,0.2296875,15,3.856854633737356,44.13117127016872,134.92301915855504,149.79961260545647,0.61875,0.0,1.98222288629036,3.70561498200369,4.844360176684478,1.931653629062438,8.0,1.0,0.0,0.4375,0.0,2.11875,5.325,0.665625,5.23125,0.0,0.34609375,0.0,0,0.0,22,32.8875,0.0,0.625,,2861,549312,0.7199999999999999,0.0,0.0,0.0,0.0,0,1.0875,0.0875,4.9125,0.6140625,0.03984375,0.03125,0.03125,0.15625,1.5334418363155606,125.36396095451272,0.7216920841019601,asymmetric_partition,42.13117127016872,0.33124999999999993
flocking_topology_partition,11002,1.1528523975803109,0.6092198673523621,0.6265625,0.9578237613695286,0.5484487613695286,0.4625,0.0,0.5375,0.0625,0.0,0.0,0.2578125,15,0.6092198673523621,1.4247805793860604,3.896977544275482,7.845152297019821,0.9875,0.0,1.9154096752473428,3.6959335519253322,4.855879649722513,1.926880453576878,8.0,1.0,0.0,0.4375,0.0,2.03125,5.4375,0.6796875,5.40625,0.0,0.32421875,0.0,0,0.0,35,33.98125,0.0,0.625,,2854,547968,0.7199999999999999,0.0,0.0,0.0,0.0,0,1.125,0.125,5.01875,0.62734375,0.0484375,0.0,0.0,0.05625,1.5300112559570556,173.99439892503466,0.7340917498804629,asymmetric_partition,0.5752194206139396,0.03750000000000009
flocking_topology_partition,11003,0.9763053303299902,0.6565328333316882,0.66484375,0.9902405339717871,0.5902405339717871,0.475,0.0,0.525,0.0625,0.0,0.0,0.33125,7,0.6565328333316882,1.69216861114908,4.906662917753717,7.753276392998885,0.9875,0.0,2.0390065610878088,3.709211217362724,5.081656162612907,1.9066680771197704,8.0,1.0,0.0,0.4375,0.0,1.8125,5.675,0.709375,5.575,0.0,0.303125,0.0,0,0.0,11,35.78125,0.0,0.75,,3212,616704,0.7199999999999999,0.0,0.0,0.0,0.0,0,1.06875,0.0625,5.325,0.665625,0.03046875,0.00625,0.00625,0.15,1.5812845647324807,123.00661898642876,0.8072967499028891,asymmetric_partition,0.3078313888509201,0.03750000000000009
flocking_topology_partition,11004,1.234185632596471,0.7200334990651951,0.6171875,1.0455541035924885,0.6361791035924884,0.4625,0.0,0.5375,0.0625,0.0,0.0,0.2421875,17,0.7200334990651951,1.929873587340257,5.655168948355704,10.8042721207118,0.95625,0.0,2.093591751054724,3.6862429183857714,4.863669047663132,1.9947782812194341,8.0,1.0,0.0,0.4375,0.0,2.13125,5.45,0.68125,5.35625,0.0,0.33046875,0.0,0,0.0,20,33.4375,0.0,0.625,,2856,548352,0.7199999999999999,0.0,0.0,0.0,0.0,0,1.14375,0.14375,4.9375,0.6171875,0.05234375,0.01875,0.01875,0.1375,1.5518828156028817,157.74237652985815,0.7388938330113888,asymmetric_partition,0.07012641265974295,0.006250000000000089
flocking_topology_resilient,11000,3.947365167669363,3.399612980492895,0.5562500000000126,2.7075603407231883,2.279435340723188,0.4375,0.0,0.5625,0.0625,0.0,0.0,0.14687500000001252,114,3.399612980492895,26.731912238123392,130.52618229355392,195.88910502366488,0.75625,0.0,2.154447189649546,3.706197681100277,4.795836865367855,2.0061653408356497,8.0,1.0,0.0,0.4375,0.0,2.18125,5.01875,0.62734375,4.95625,0.31884950228916986,0.38046875,0.0,0,0.15,14,30.63125,0.15,0.75,,2839,545088,0.7199999999999999,0.0,0.0,0.0,0.0,0,1.7625,0.7125,4.58125,0.57265625,0.0460937500000125,0.0,0.0,0.1125,1.5464146972334207,169.60318233262447,0.724729249952361,asymmetric_partition,24.731912238123392,0.19374999999999998
flocking_topology_resilient,11001,4.002342375422741,3.4406472358413818,0.5976562500000062,2.643532254850288,2.2154072548502874,0.4375,0.0,0.5625,0.0625,0.0,0.0,0.23906250000000626,26,3.4406472358413818,35.700971236497345,143.3268491474832,164.36096802970934,0.70625,0.0,1.949887813272292,3.708988546197014,4.806547053484813,1.9776040152968606,8.0,1.0,0.0,0.4375,0.0,2.1375,5.4125,0.6765625,5.31875,0.17260425385784933,0.33515625,0.0,0,0.20625,20,33.4375,0.20625,0.625,,2836,544512,0.7199999999999999,0.0,0.0,0.0,0.0,0,1.18125,0.18125,4.94375,0.6171875000000062,0.04765625,0.03125,0.03125,0.14375,1.529074523410571,128.19764730943845,0.7266017920337617,asymmetric_partition,33.700971236497345,0.2437499999999999
flocking_topology_resilient,11002,1.1689141829473166,0.6205578863975069,0.621875,0.9702907079733656,0.5527907079733654,0.45,0.0,0.55,0.05,0.0,0.0,0.2453125,140,0.6205578863975069,1.4619264309328683,4.304428040688377,7.830363283176803,0.98125,0.0,1.9769465419392709,3.6936865704039987,4.8091812030938454,1.9304741015393276,8.0,1.0,0.0,0.4375,0.0,2.0375,5.39375,0.67421875,5.35625,0.25652755150813417,0.33046875,0.0,0,0.2875,24,33.48125,0.2875,0.625,,2844,546048,0.7199999999999999,0.0,0.0,0.0,0.0,0,2.09375,0.875,4.975,0.621875,0.04765625,0.0,0.0,0.075,1.53095362835881,173.49672240195522,0.73665616591461,asymmetric_partition,0.5380735690671317,0.03125
flocking_topology_resilient,11003,1.1284891126844263,0.6653593972600169,0.66796875,1.0186207263262221,0.5998707263262221,0.45,0.0,0.55,0.0625,0.0,0.0,0.340625,26,0.6653593972600169,1.7417082736350031,4.784379212151096,9.438572957199522,0.98125,0.0,2.0690315448819883,3.7148324262340844,4.938139530775169,1.9123360429625254,8.0,1.0,0.0,0.4375,0.0,1.79375,5.8,0.725,5.7125,0.2454231135492214,0.2859375,0.0,0,0.125,12,36.63125,0.125,0.5,,3183,611136,0.7199999999999999,0.0,0.0,0.0,0.0,0,1.19375,0.16875,5.35625,0.66953125,0.04375,0.0,0.0,0.14375,1.5803073554749363,123.14142205033939,0.7809063750319183,asymmetric_partition,0.25829172636499687,0.03125
flocking_topology_resilient,11004,1.196342593683302,0.6601091495531733,0.61640625,1.0132232032067274,0.5850982032067275,0.4375,0.0,0.5625,0.0625,0.0,0.0,0.2375,114,0.6601091495531733,1.6409777387686624,4.847752134900957,10.227730988722046,0.9625,0.0,2.038353231357466,3.6916920035387824,4.734772165695963,1.9525501767852145,8.0,1.0,0.0,0.4375,0.0,2.05625,5.40625,0.67578125,5.31875,0.34857801428916985,0.33515625,0.0,0,0.2375,20,33.3875,0.2375,0.625,,2860,549120,0.7199999999999999,0.0,0.0,0.0,0.0,0,1.75625,0.7125,4.93125,0.61640625,0.0484375,0.025,0.01875,0.14375,1.5529499105423128,158.5445588444704,0.7172842919826508,asymmetric_partition,0.3590222612313376,0.012500000000000067
flocking_robust_active,11000,3.5386225066786006,3.2612350227487448,0.8321428571428571,2.284892696728982,2.1614551967289826,0.84375,0.0,0.15625,0.0625,0.18181818181818182,0.025,0.8424107142857142,25,3.328722120193684,32.30888822366781,121.41695850759854,139.79435695689145,0.69296875,0.0,2.127170555126503,3.677366389427713,15.45437746029335,3.426545445236317,7.0625,1.0,0.0,0.4375,0.8285714285714286,1.0,7.0625,1.0,4.95625,0.0,0.0,0.0,0,0.0,0,0.0,0.0,0.0,,2646,508032,0.7199999999999999,0.0,0.0,0.0,0.0,0,1.2875,0.28125,4.21875,0.8915178571428571,0.10770089285714286,1.83125,0.69375,1.3,1.5473594115507896,161.06878608581917,0.4272670829668641,failure_partition,30.308888223667807,0.25703124999999993
flocking_robust_active,11001,2.274657680059658,0.6727131720093737,0.76,1.0164220326377393,0.6804845326377394,0.56875,0.0,0.43125,0.125,0.2727272727272727,0.01875,0.5560416666666667,78,0.9313927884468906,3.2943611849078933,4.6831523916045175,143.21746583837304,0.9619791666666668,0.0,1.923555912232366,3.6901702800863836,9.619952203243914,2.9212932755356134,7.0625,1.0,0.0,0.4375,0.18571428571428572,1.0,7.0625,1.0,6.85,0.0,0.0,0.0,0,0.0,0,0.0,0.0,0.0,,2562,491904,0.7199999999999999,0.0,0.0,0.0,0.0,0,1.48125,0.475,5.29375,0.765,0.23395833333333335,0.0625,0.0625,0.1875,1.7070353324431988,131.04544044143853,0.648603874957189,failure_partition,1.2943611849078933,0.011979166666666874
flocking_robust_active,11002,2.2493567145058675,0.8126763258102014,0.7690625,0.9230896493313768,0.5974646493313769,0.575,0.0,0.425,0.06875,0.0,0.0,0.5662499999999999,76,0.8325567423430312,2.3160054187521313,3.893936973436195,127.14843713201014,0.9672991071428572,0.0,1.9668855886516454,3.683993963245991,16.512925322115052,4.691640942680472,7.0625,1.0,0.0,0.4375,0.2,1.0,7.0625,1.0,6.5375,0.0,0.0,0.0,0,0.0,0,0.0,0.0,0.0,,2593,497856,0.7199999999999999,0.0,0.0,0.0,0.0,0,1.46875,0.46875,5.00625,0.7690625,0.23093750000000002,0.35625,0.20625,0.38125,1.697900780821189,166.03677435166048,0.6140587090048939,failure_partition,0.3160054187521313,0.017299107142857206
flocking_robust_active,11003,2.264733510547951,0.6709973761073775,0.7677083333333333,1.0091199485125142,0.691932448512514,0.59375,0.0,0.40625,0.125,0.23076923076923078,0.01875,0.5768229166666666,76,1.1170774295601709,3.9776541064112374,5.722273726648711,128.79524717146163,0.9432812500000001,0.0,2.1908451582204065,3.7092493381723246,10.19683200724953,3.3309927521773814,7.0625,1.0,0.0,0.4375,0.24285714285714285,1.0,7.0625,1.0,6.74375,0.0,0.0,0.0,0,0.0,0,0.0,0.0,0.0,,2530,485760,0.7199999999999999,0.0,0.0,0.0,0.0,0,1.48125,0.4625,5.21875,0.7703125,0.22708333333333336,0.1,0.09375,0.275,1.7092124367101735,128.3070524445251,0.6380482499953359,failure_partition,1.9776541064112374,0.0067187499999998845
flocking_robust_active,11004,2.1581781458344227,0.6923252066625462,0.7669642857142857,0.9400231979604727,0.6050231979604727,0.5625,0.0,0.4375,0.06875,0.0,0.0,0.5589285714285714,76,0.7170739775528515,1.8910243080010651,4.827174955375932,10.227730988722065,0.94609375,0.0,2.1556710898566074,3.679447404093094,14.097778961696253,4.8989385678238015,7.0625,1.0,0.0,0.4375,0.18571428571428572,1.0,7.0625,1.0,6.48125,0.0,0.0,0.0,0,0.0,0,0.0,0.0,0.0,,2590,497280,0.7199999999999999,0.0,0.0,0.0,0.0,0,1.46875,0.46875,4.94375,0.7669642857142857,0.2330357142857143,0.33125,0.25625,0.44375,1.6869211446139363,154.10539813516647,0.6077983749564737,failure_partition,0.10897569199893486,0.00390625
flocking_topology_support,11000,3.60122386572357,3.2751870964579974,0.496875,2.7877845952487426,2.1655970952487427,0.18125,0.0,0.81875,0.08125,0.0,0.0,0.08125,25,3.2751870964579974,32.5322230481396,128.55819490844678,153.48226713847765,0.66875,0.0,2.149955059596989,3.6782592565943846,15.621498750786461,3.4044438430451067,7.0625,1.0,0.0,0.4375,0.0,1.6,7.0625,0.8828125,4.9375,0.0,0.3828125,0.0,0,0.0,16,28.93125,0.0,0.125,,2636,506112,0.7199999999999999,0.0,0.0,0.0,0.0,0,1.2875,0.28125,4.2,0.525,0.09140625,1.8625,0.69375,1.30625,1.545772324523924,161.0260872649558,0.4268276668153703,failure_partition,30.5322230481396,0.28125
flocking_topology_support,11001,2.188603875514373,0.6852147467404607,0.66171875,0.9710304100146081,0.6166554100146081,0.5375,0.0,0.4625,0.075,0.0,0.0,0.34453125,75,0.6857622397529773,1.8504974843623934,5.188299783613075,7.591187569639236,0.975,0.0,1.9152776612871478,3.6902109373955,10.055156481513539,4.3352068810394115,7.0625,1.0,0.0,0.4375,0.14285714285714285,1.8125,7.0625,0.8828125,6.85,0.0,0.14375,0.0,0,0.0,20,42.7375,0.0,0.125,,2537,487104,0.7199999999999999,0.0,0.0,0.0,0.0,0,1.475,0.46875,5.3,0.6625,0.19296875,0.0625,0.0625,0.1875,1.7079869153437333,122.52593286399832,0.6604922499973327,failure_partition,0.14950251563760664,0.025000000000000022
flocking_topology_support,11002,2.2596060608770268,0.6608299147585207,0.62578125,0.9475839588299376,0.5932089588299375,0.5375,0.0,0.4625,0.075,0.0,0.0,0.271875,76,0.6628276834311168,1.6426628557849519,5.067282080804194,7.844832952743124,0.98125,0.0,1.9503084372215362,3.6823367611351863,16.70343024316709,4.73719055697202,7.0625,1.0,0.0,0.4375,0.14285714285714285,1.81875,7.0625,0.8828125,6.55625,0.0,0.18046875,0.0,0,0.0,12,40.38125,0.0,0.125,,2620,503040,0.7199999999999999,0.0,0.0,0.0,0.0,0,1.475,0.475,5.00625,0.62578125,0.19375,0.35625,0.20625,0.3625,1.7004038022359205,165.52871963291315,0.6295190840028226,failure_partition,0.35733714421504814,0.03125
flocking_topology_support,11003,2.127301832603295,0.6721513106998395,0.65,0.9642357794548623,0.5986107794548623,0.525,0.0,0.475,0.09375,0.16666666666666666,0.00625,0.3265625,76,0.6797294797748238,1.8500000181205345,5.200701946673172,10.640978910878339,0.96875,0.0,2.1752146982454192,3.704372724819539,10.728025974462064,3.063836473622353,7.0625,1.0,0.0,0.4375,0.08571428571428572,1.63125,7.0625,0.8828125,6.74375,0.0,0.15703125,0.0,0,0.0,10,41.83125,0.0,0.125,,2539,487488,0.7199999999999999,0.0,0.0,0.0,0.0,0,1.48125,0.4625,5.21875,0.65234375,0.18828125,0.1,0.09375,0.275,1.710619082039671,122.16985863739134,0.6766998749226332,failure_partition,0.1499999818794655,0.018750000000000044
flocking_topology_support,11004,2.162219405733558,0.6745822037124913,0.615625,0.9946208088556204,0.5989958088556204,0.4875,0.0,0.5125,0.1125,0.0,0.0,0.25,76,0.6814783749407292,1.7400998766887876,5.141572633112605,10.514281473046367,0.9625,0.0,2.081611751134491,3.6769678263702597,14.505549827608892,4.288797851856889,7.0625,1.0,0.0,0.4375,0.05714285714285714,1.85625,7.0625,0.8828125,6.48125,0.0,0.18984375,0.0,0,0.0,10,39.8375,0.0,0.25,,2617,502464,0.7199999999999999,0.0,0.0,0.0,0.0,0,1.46875,0.46875,4.925,0.615625,0.19453125,0.34375,0.25625,0.4375,1.6871754192105375,152.08784076880738,0.6228548330254853,failure_partition,0.25990012331121237,0.012500000000000067
flocking_topology_rejoin,11000,3.60122386128242,3.2751870915747427,0.4946614583333334,2.7859095779348655,2.1655970779348657,0.18125,0.0,0.81875,0.0625,0.0,0.0,0.07682291666666667,25,3.275187091574743,32.53222305557702,128.55819490844678,153.48226713847765,0.66875,2.731965705408946,2.150645356435235,3.684979242120881,15.62418208941782,3.4475415098976874,7.0625,1.0,0.0,0.4375,0.0,1.6,7.0625,0.8828125,4.919791666666667,0.0,0.38502604166666665,0.05,2,0.0,16,28.83125,0.0,0.125,,2636,506112,0.7199999999999999,0.0,0.0,0.0,0.0,0,1.2875,0.28125,4.1875,0.5227864583333334,0.09140625,1.88125,0.69375,1.31875,1.5423665129399275,161.02608405086852,0.4471559578087181,failure_partition,30.53222305557702,0.28125
flocking_topology_rejoin,11001,2.1884301442467464,0.684659639150648,0.6618489583333333,0.9705298467560339,0.6161548467560338,0.5375,0.0,0.4625,0.075,0.0,0.0,0.3447916666666667,75,0.6852075757041233,1.8507391753153637,5.189539495005824,7.591187569639236,0.975,1.8555341380209711,1.9147525375877599,3.67945103104496,10.058180255803972,4.309200409909195,7.0625,1.0,0.0,0.4375,0.14285714285714285,1.8125,7.0625,0.8828125,6.851041666666667,0.0,0.14361979166666666,0.05,2,0.0,20,42.8375,0.0,0.125,,2537,487104,0.7199999999999999,0.0,0.0,0.0,0.0,0,1.475,0.46875,5.3125,0.6626302083333333,0.19296875,0.025,0.025,0.15625,1.6979349769998595,122.47989844840372,0.6794642498716712,failure_partition,0.1492608246846363,0.025000000000000022
flocking_topology_rejoin,11002,2.2596060608770268,0.6608299147585206,0.6272135416666667,0.9475839588299373,0.5932089588299373,0.5375,0.0,0.4625,0.075,0.0,0.0,0.27473958333333337,76,0.6628276834311166,1.6426628557849512,5.067282080804194,7.844832952743124,0.98125,1.282033490364006,1.9514273257453645,3.663531048555219,16.70519529794837,4.710290993296608,7.0625,1.0,0.0,0.4375,0.14285714285714285,1.81875,7.0625,0.8828125,6.567708333333333,0.0,0.17903645833333331,0.05,2,0.0,12,40.58125,0.0,0.125,,2620,503040,0.7199999999999999,0.0,0.0,0.0,0.0,0,1.475,0.475,5.03125,0.6272135416666667,0.19375,0.28125,0.18125,0.33125,1.6953979411831086,165.52871963291315,0.6433403340633959,failure_partition,0.3573371442150488,0.03125
flocking_topology_rejoin,11003,2.128163718932191,0.6748741453467204,0.6510416666666667,0.967568120759568,0.6019431207595681,0.525,0.0,0.475,0.09375,0.16666666666666666,0.00625,0.32864583333333336,76,0.6824220785239196,1.8650424709783084,5.200701946673172,10.567128468850255,0.96875,0.6322025025092648,2.1793450154674594,3.698649027984126,10.731585762914214,3.0451469311034365,7.0625,1.0,0.0,0.4375,0.08571428571428572,1.63125,7.0625,0.8828125,6.752083333333334,0.0,0.15598958333333332,0.05,2,0.0,10,41.98125,0.0,0.125,,2539,487488,0.7199999999999999,0.0,0.0,0.0,0.0,0,1.48125,0.4625,5.2375,0.6533854166666667,0.18828125,0.0625,0.0625,0.2625,1.6992300764591242,122.14652504619515,0.6677917919587344,failure_partition,0.13495752902169156,0.018750000000000044
flocking_topology_rejoin,11004,2.1622194056375794,0.6745822034048523,0.6162760416666667,0.9946208085525317,0.5989958085525318,0.4875,0.0,0.5125,0.1125,0.0,0.0,0.25130208333333337,76,0.6814783746362033,1.7400998767461484,5.141572636442971,10.514281473046367,0.9625,1.8541347752823383,2.081506606393211,3.6589612693403217,14.507297808328389,4.263661113883031,7.0625,1.0,0.0,0.4375,0.05714285714285714,1.85625,7.0625,0.8828125,6.486458333333334,0.0,0.18919270833333332,0.05,2,0.0,10,39.9875,0.0,0.25,,2617,502464,0.7199999999999999,0.0,0.0,0.0,0.0,0,1.46875,0.46875,4.94375,0.6162760416666667,0.19453125,0.26875,0.2,0.4125,1.681848017329046,152.08784075291473,0.6271658341865987,failure_partition,0.2599001232538516,0.012500000000000067
flocking_topology_partition,11000,3.7415158960332247,3.556401246676601,0.4368489583333396,3.0433423409174813,2.4230298409174815,0.18125,0.0,0.81875,0.0625,0.0,0.0,-0.11536458333332708,17,3.556401246676601,38.30177661970902,136.06325196844983,152.55371624435492,0.625,2.731965705408946,2.150645356435235,3.684979242120881,15.62418208941782,3.4475415098976874,7.0625,1.0,0.0,0.4375,0.0,1.6,5.9125,0.7390625,3.913541666666667,0.0,0.5108072916666667,0.05,2,0.0,16,21.83125,0.00625,0.25,,2636,506112,0.7199999999999999,0.0,0.0,0.0,0.0,0,1.1625,0.15625,3.50625,0.4368489583333396,0.0515625,1.88125,0.69375,1.31875,1.5423665129399275,161.02608405086852,0.4205594169907272,failure_partition,36.30177661970902,0.32499999999999996
flocking_topology_partition,11001,3.41864416412251,2.74803242706311,0.5696614583333333,2.019238987201266,1.6098639872012661,0.4625,0.0,0.5375,0.0625,0.0,0.0,0.1986979166666667,15,2.74803242706311,21.442001737740277,121.59409422404018,147.24457613571246,0.80625,1.8555341380209711,1.9147525375877599,3.67945103104496,10.058180255803972,4.309200409909195,7.0625,1.0,0.0,0.4375,0.0,1.8125,5.475,0.684375,5.294791666666667,0.0,0.33815104166666665,0.05,2,0.0,20,31.8375,0.0,0.375,,2537,487104,0.7199999999999999,0.0,0.0,0.0,0.0,0,1.29375,0.29375,4.78125,0.5962239583333333,0.065625,0.025,0.025,0.15625,1.6979349769998595,122.47989844840372,0.6323159579187632,failure_partition,19.442001737740277,0.14374999999999993
flocking_topology_partition,11002,1.4320048479575618,0.6744061250252884,0.5037760416666791,1.0082685995619955,0.5988935995619956,0.4625,0.0,0.5375,0.0625,0.0,0.0,0.007552083333345827,26,0.6744061250252884,1.688962301438148,5.536238286298504,7.855052806329203,0.975,1.282033490364006,1.9514273257453645,3.663531048555219,16.70519529794837,4.710290993296608,7.0625,1.0,0.0,0.4375,0.0,1.81875,4.9875,0.6234375,4.511458333333333,0.0,0.4360677083333333,0.05,2,0.0,12,26.73125,0.0125,0.5,,2620,503040,0.7199999999999999,0.0,0.0,0.0,0.0,0,1.1625,0.1625,4.05625,0.5037760416666791,0.06015625,0.28125,0.18125,0.33125,1.6953979411831086,165.52871963291315,0.5895885000936687,failure_partition,0.3110376985618519,0.025000000000000022
flocking_topology_partition,11003,1.4166854187213955,0.6689408467119008,0.5901041666666667,0.9942011724524848,0.5942011724524848,0.475,0.0,0.525,0.0625,0.0,0.0,0.19427083333333334,7,0.6689408467119008,1.7937493895943504,5.098932402352719,10.567128468850255,0.96875,0.6322025025092648,2.1793450154674594,3.698649027984126,10.731585762914214,3.0451469311034365,7.0625,1.0,0.0,0.4375,0.0,1.63125,5.50625,0.68828125,5.295833333333333,0.0,0.3380208333333333,0.05,2,0.0,10,31.23125,0.0,0.375,,2539,487488,0.7199999999999999,0.0,0.0,0.0,0.0,0,1.36875,0.3625,4.75625,0.5932291666666667,0.06796875,0.0625,0.0625,0.2625,1.6992300764591242,122.14652504619515,0.6300293751992285,failure_partition,0.20625061040564963,0.018750000000000044
flocking_topology_partition,11004,1.2717352780687767,0.6842684892344656,0.49986979166668544,1.0129752048063376,0.6036002048063376,0.4625,0.0,0.5375,0.0625,0.0,0.0,0.0013020833333520887,18,0.6842684892344656,1.741838384748857,5.315216807616175,10.514281473046594,0.95625,1.8541347752823383,2.081506606393211,3.6589612693403217,14.507297808328389,4.263661113883031,7.0625,1.0,0.0,0.4375,0.0,1.85625,4.89375,0.61171875,4.411458333333334,0.0,0.4485677083333333,0.05,2,0.0,10,26.3375,0.01875,0.625,,2617,502464,0.7199999999999999,0.0,0.0,0.0,0.0,0,1.11875,0.11875,4.03125,0.49986979166668544,0.0515625,0.26875,0.2,0.4125,1.681848017329046,152.08784075291473,0.5802448750473559,failure_partition,0.258161615251143,0.006250000000000089
flocking_topology_resilient,11000,3.823290728692436,3.27597743129211,0.4040364583333396,2.873613134909219,2.253300634909219,0.18125,0.0,0.81875,0.0625,0.0,0.0,-0.11692708333332709,114,3.27597743129211,25.292930217277245,125.58409703054627,142.72720794171207,0.75,2.7276592002330684,2.139041907760324,3.679475252516373,15.542562967650323,3.469062668432231,7.0625,1.0,0.0,0.4375,0.0,1.64375,5.875,0.734375,3.901041666666667,0.29846524628916987,0.5123697916666667,0.05,2,0.13125,13,21.88125,0.1375,0.25,,2639,506688,0.7199999999999999,0.0,0.0,0.0,0.0,0,1.775,0.7125,3.49375,0.4360677083333334,0.05078125000000625,1.85,0.69375,1.3,1.5430745651485227,164.75708343471553,0.40945320785976946,failure_partition,23.292930217277245,0.19999999999999996
flocking_topology_resilient,11001,3.416784982572755,0.8568393604075565,0.5180989583333333,1.1020016888566624,0.6738766888566621,0.4375,0.0,0.5625,0.0625,0.0,0.0,0.1908854166666667,75,0.8568393604075565,1.459182936655863,4.8370742677530165,7.290869633621435,0.975,2.0900042121430635,1.93156031764356,3.677028845952146,9.676099065808415,3.614922468772414,7.0625,1.0,0.0,0.4375,0.0,1.725,5.50625,0.68828125,5.319791666666666,0.2115328083602564,0.33502604166666666,0.05,2,0.175,16,31.8875,0.175,0.375,,2537,487104,0.7199999999999999,0.0,0.0,0.0,0.0,0,1.46875,0.46875,4.75,0.5923177083333333,0.07265625,0.025,0.025,0.1625,1.6876934520965001,125.51781897306974,0.6312871659174562,failure_partition,0.5408170633441369,0.025000000000000022
flocking_topology_resilient,11002,1.3720431080873645,0.6969844249558306,0.5014322916666855,1.0437237722860304,0.6155987722860304,0.4375,0.0,0.5625,0.0625,0.0,0.0,0.0028645833333520777,108,0.6969844249558306,1.8256515268106164,5.592878104793809,12.389110972189712,0.95625,3.21841107370382,1.9815668767002408,3.664904045746875,16.562686882454265,4.686278294098865,7.0625,1.0,0.0,0.4375,0.0,1.8375,4.93125,0.61640625,4.448958333333333,0.15133187774846457,0.4438802083333333,0.05,2,0.15,12,26.38125,0.15625,0.5,,2621,503232,0.7199999999999999,0.0,0.0,0.0,0.0,0,1.7,0.675,4.025,0.5014322916666666,0.05468750000001875,0.28125,0.18125,0.35,1.6936828990038801,165.47169281452997,0.600863124942407,failure_partition,0.17434847318938362,0.006250000000000089
flocking_topology_resilient,11003,1.472658362949285,0.6643540715526125,0.5908854166666667,1.0079621019664153,0.5892121019664153,0.45,0.0,0.55,0.0625,0.0,0.0,0.19583333333333336,24,0.6643540715526125,1.7635727896944644,5.1874123314370575,9.43105248029606,0.96875,0.6498706729646715,2.1593243948797167,3.701054660023199,10.484598874733342,3.5173148898446387,7.0625,1.0,0.0,0.4375,0.0,1.7,5.575,0.696875,5.377083333333333,0.11835560201377875,0.3278645833333333,0.05,2,0.2125,20,31.88125,0.2125,0.5,,2559,491328,0.7199999999999999,0.0,0.0,0.0,0.0,0,1.4625,0.4375,4.7625,0.5940104166666667,0.07734375,0.05,0.05,0.25625,1.6981377770887789,122.4621365272373,0.6338996659033,failure_partition,0.2364272103055356,0.018750000000000044
flocking_topology_resilient,11004,1.228120890200952,0.711970752537784,0.49908854166669164,1.0662076100742035,0.6380826100742032,0.4375,0.0,0.5625,0.0625,0.0,0.0,-0.00026041666664166073,114,0.711970752537784,1.8950210785660873,5.7575473149132765,10.510094711417032,0.95625,1.490850672365489,2.08523648747123,3.6617029141177824,13.985393050517493,3.1494942978371463,7.0625,1.0,0.0,0.4375,0.0,1.93125,4.85,0.60625,4.367708333333334,0.34857801428916985,0.4540364583333333,0.05,2,0.1,9,26.1875,0.1125,0.625,,2590,497280,0.7199999999999999,0.0,0.0,0.0,0.0,0,1.74375,0.7125,4.00625,0.4990885416666667,0.046875000000025,0.26875,0.2,0.41875,1.6814739822073643,153.26829794983166,0.5630678329616785,failure_partition,0.10497892143391274,0.006250000000000089
flocking_robust_active,11000,3.702545337278449,0.5967295391429364,0.7200595238095239,2.435093147694749,2.3350931476947485,0.875,0.0,0.125,0.0625,0.8524590163934426,0.325,0.6051190476190477,79,3.5521668941892357,38.45232393059437,138.87582951039738,170.58033169068452,0.64796875,0.0,2.071426153081773,3.7122163247807123,18.046831558251746,4.7058643757516565,6.66875,1.0,0.0,0.0,0.0,1.0,6.66875,1.0,5.7,0.0,0.0,0.0,0,0.0,0,0.0,0.0,0.0,,3140,602880,0.7199999999999999,0.0,0.0,0.0,0.0,0,1.64375,0.49375,4.3375,0.7600595238095238,0.21040922619047614,0.83125,0.31875,0.66875,1.6690402786524785,161.61524348668047,0.5584950000047684,staggered_rejoin,36.45232393059437,0.30203125
flocking_robust_active,11001,1.4575129374870337,0.6604871659436788,0.7649999999999999,0.7769496731530839,0.676324673153084,0.875,0.0,0.125,0.06875,0.05,0.01875,0.6175,78,0.9372621279591238,3.3458976252986488,5.493943621972699,143.21746583837304,0.9513020833333332,0.0,1.9467835861438374,3.7100073302764285,10.26519264174498,3.6464635171247024,6.66875,1.0,0.0,0.0,0.0,1.0,6.66875,1.0,6.29375,0.0,0.0,0.0,0,0.0,0,0.0,0.0,0.0,,3089,593088,0.7199999999999999,0.0,0.0,0.0,0.0,0,1.56875,0.48125,5.00625,0.7762499999999999,0.20624999999999996,0.175,0.1375,0.3,1.6190177692985077,121.5173481558416,0.6391756669618189,staggered_rejoin,1.3458976252986488,0.0013020833333332593
flocking_robust_active,11002,1.3156695818067825,0.6518724308971924,0.7787499999999999,0.6903369338733597,0.5897119338733596,0.875,0.0,0.125,0.06875,0.016666666666666666,0.00625,0.62875,78,0.6781870572597665,1.6753048807000908,5.744713032940736,11.15534842438189,0.9615550595238094,0.0,1.9473075147924597,3.6613358437366452,18.66819466406286,4.412983344595685,6.66875,1.0,0.0,0.0,0.0,1.0,6.66875,1.0,5.95,0.0,0.0,0.0,0,0.0,0,0.0,0.0,0.0,,3136,602112,0.7199999999999999,0.0,0.0,0.0,0.0,0,1.5375,0.48125,4.7,0.7849999999999999,0.20374999999999996,0.5,0.275,0.55625,1.655349672741489,165.81095203722322,0.6112359170801938,staggered_rejoin,0.32469511929990924,0.011555059523809419
flocking_robust_active,11003,1.2208961919561783,0.6472929858621598,0.78296875,0.6592703223960064,0.5639578223960064,0.88125,0.0,0.11875,0.0625,0.0,0.0,0.665,25,0.6786804687519254,1.755498659503727,5.6054149256586,12.659123645436397,0.96125,0.0,2.750204421777159,3.7415911430484514,10.847815653038374,4.5928386882855765,6.66875,1.0,0.0,0.0,0.0,1.0,6.66875,1.0,6.0625,0.0,0.0,0.0,0,0.0,0,0.0,0.0,0.0,,3095,594240,0.7199999999999999,0.0,0.0,0.0,0.0,0,1.51875,0.44375,4.88125,0.7945833333333333,0.19088541666666664,0.3375,0.2625,0.4625,1.6321031247734283,122.60266047286133,0.6097334581427276,staggered_rejoin,0.24450134049627303,0.011250000000000093
flocking_robust_active,11004,1.3602764293110146,0.6452692668013418,0.7643749999999999,0.6899823780095656,0.5793573780095655,0.8625,0.0,0.1375,0.075,0.0,0.0,0.61875,79,0.6604598337801387,1.654759988309602,4.77285177877021,10.551288352953701,0.9596354166666667,0.0,2.0753365682160454,3.683229418793199,15.360451975468958,2.9364356550250412,6.66875,1.0,0.0,0.0,0.0,1.0,6.66875,1.0,5.96875,0.0,0.0,0.0,0,0.0,0,0.0,0.0,0.0,,3112,597504,0.7199999999999999,0.0,0.0,0.0,0.0,0,1.575,0.4875,4.6625,0.7706249999999999,0.21187499999999998,0.46875,0.2875,0.5125,1.6393871407553244,152.76360843556083,0.6077731249388307,staggered_rejoin,0.345240011690398,0.009635416666666785
flocking_topology_support,11000,2.4188621431461494,0.6729962728322172,0.5171875,0.9884881679507739,0.6075506679507738,0.50625,0.0,0.49375,0.10625,0.2,0.00625,0.1421875,79,0.6840907717895224,1.857698010000125,5.302844725005885,7.973670035020506,0.975,0.0,2.171447490813585,3.7128785796117265,18.179511461443486,5.360273145006614,6.66875,1.0,0.0,0.0,0.0,1.0125,6.66875,0.83359375,5.7,0.0,0.2875,0.0,0,0.0,6,32.23125,0.0,0.0,,3145,603840,0.7199999999999999,0.0,0.0,0.0,0.0,0,1.6375,0.49375,4.34375,0.54296875,0.1515625,0.83125,0.31875,0.6625,1.6661981852583696,161.71562983659697,0.57558958302252,staggered_rejoin,0.14230198999987498,0.025000000000000022
flocking_topology_support,11001,1.9215989723646105,0.7086361632952689,0.61875,0.9993369360314646,0.6449619360314646,0.5375,0.0,0.4625,0.075,0.0,0.0,0.2953125,78,0.7197830513001465,1.9963616479489024,5.387472941739048,7.852132145072933,0.96875,0.0,2.0055510237804257,3.7029509174433954,10.577233608699952,6.033776386430377,6.66875,1.0,0.0,0.0,0.0,1.04375,6.66875,0.83359375,6.29375,0.0,0.21328125,0.0,0,0.0,8,37.4375,0.0,0.0,,3098,594816,0.7199999999999999,0.0,0.0,0.0,0.0,0,1.58125,0.48125,4.99375,0.62421875,0.15,0.175,0.1375,0.3,1.618145125666948,119.1584994239119,0.6649098340421915,staggered_rejoin,0.0036383520510976375,0.018750000000000044
flocking_topology_support,11002,1.9260486974054276,0.6172309550724372,0.5828125,0.9213943498420267,0.5517068498420268,0.51875,0.0,0.48125,0.0875,0.0,0.0,0.2046875,78,0.618201748250022,1.455452471820673,4.2671443075420035,7.919143335579097,0.975,0.0,1.9822201982314354,3.6568865493401885,18.959016047588108,3.7369681219176245,6.66875,1.0,0.0,0.0,0.0,1.0,6.66875,0.83359375,5.95,0.0,0.25625,0.0,0,0.0,4,34.98125,0.0,0.0,,3127,600384,0.7199999999999999,0.0,0.0,0.0,0.0,0,1.54375,0.48125,4.69375,0.58671875,0.14921875,0.5,0.275,0.55625,1.6602974747931847,164.41084795382224,0.6219440000131726,staggered_rejoin,0.5445475281793271,0.025000000000000022
flocking_topology_support,11003,1.714333248677066,0.615946168412031,0.5984375,0.8910418692723592,0.5354168692723592,0.5375,0.0,0.4625,0.0875,0.0,0.0,0.2578125,25,0.6177304855008873,1.5164832854916672,4.828587430124893,7.753276392998885,0.98125,0.0,2.691432840782796,3.737113483686918,11.53621912317279,5.1423415186677905,6.66875,1.0,0.0,0.0,0.0,1.05625,6.66875,0.83359375,6.03125,0.0,0.24609375,0.0,0,0.0,8,35.68125,0.0,0.0,,3104,595968,0.7199999999999999,0.0,0.0,0.0,0.0,0,1.5375,0.44375,4.83125,0.60390625,0.13828125,0.36875,0.2875,0.48125,1.635501349075652,119.34374540503552,0.632304749917239,staggered_rejoin,0.4835167145083328,0.03125
flocking_topology_support,11004,1.9403321554172923,0.6904669378930766,0.57265625,0.9923466805646963,0.6167216805646965,0.5125,0.0,0.4875,0.1,0.0,0.0,0.2078125,79,0.6997839349378159,1.873197463910051,6.25856383605469,11.041957281525642,0.9375,0.0,2.0997077924632714,3.6760069895079552,15.258535030959228,2.98595509237662,6.66875,1.0,0.0,0.0,0.0,1.025,6.66875,0.83359375,5.95,0.0,0.25625,0.0,0,0.0,6,34.5875,0.0,0.0,,3112,597504,0.7199999999999999,0.0,0.0,0.0,0.0,0,1.59375,0.49375,4.6125,0.5765625,0.1546875,0.475,0.28125,0.5125,1.6366174782437106,151.89414682218657,0.6143747090827674,staggered_rejoin,0.12680253608994896,0.012499999999999956
flocking_topology_rejoin,11000,2.420774138564474,0.6798362638481743,0.51875,0.9944790114772954,0.6135415114772955,0.50625,0.0,0.49375,0.10625,0.2,0.00625,0.1453125,79,0.690820922124231,1.8940802230950216,5.35401920921631,7.973670035020506,0.96875,1.91374605713289,2.1675876555789473,3.710047495610513,18.183991271537067,5.349864603006161,6.66875,1.0,0.0,0.0,0.0,1.0125,6.66875,0.83359375,5.7125,0.0,0.2859375,0.075,3,0.0,6,32.33125,0.0,0.0,,3145,603840,0.7199999999999999,0.0,0.0,0.0,0.0,0,1.6375,0.49375,4.35625,0.54453125,0.1515625,0.80625,0.31875,0.64375,1.6522485477333224,161.60765328809825,0.5856486249249429,staggered_rejoin,0.10591977690497845,0.018750000000000044
flocking_topology_rejoin,11001,1.923178181988647,0.7129073719735751,0.63125,1.0059571663446085,0.6515821663446084,0.5375,0.0,0.4625,0.075,0.0,0.0,0.3203125,78,0.7239885013060496,2.0277852594396744,5.387472941739048,7.852132145072933,0.96875,2.2189268007585814,2.024399760304032,3.660311454135834,10.568944514635913,6.006083271169961,6.66875,1.0,0.0,0.0,0.0,1.04375,6.66875,0.83359375,6.39375,0.0,0.20078125,0.075,3,0.0,8,38.5375,0.0,0.10416666666666674,,3098,594816,0.7199999999999999,0.0,0.0,0.0,0.0,0,1.58125,0.48125,5.13125,0.63671875,0.15,0.01875,0.01875,0.18125,1.5954819862060734,119.28894234242507,0.6726229579653591,staggered_rejoin,0.02778525943967436,0.018750000000000044
flocking_topology_rejoin,11002,1.927104813010005,0.6205186761482808,0.5625,0.9238034030178494,0.5541159030178494,0.51875,0.0,0.48125,0.0875,0.0,0.0,0.1640625,78,0.6214843337434707,1.4709131974961853,4.782578502041823,7.919143335579097,0.975,1.3637217716924306,1.9829471743779805,3.690618877469599,18.957326816692124,3.768136235292759,6.66875,1.0,0.0,0.0,0.0,1.0,6.66875,0.83359375,5.7875,0.0,0.2765625,0.075,3,0.0,4,33.78125,0.0,0.0625,,3127,600384,0.7199999999999999,0.0,0.0,0.0,0.0,0,1.54375,0.48125,4.54375,0.56640625,0.14921875,0.7,0.275,0.575,1.6518653235054017,164.19414661260433,0.607016917085275,staggered_rejoin,0.5290868025038147,0.025000000000000022
flocking_topology_rejoin,11003,1.7152672868067946,0.6185410738595634,0.6108072916666667,0.8911520892074296,0.5355270892074296,0.5375,0.0,0.4625,0.0875,0.0,0.0,0.28255208333333337,25,0.6203179268625417,1.5312723274877726,4.875662516942286,7.753276392998885,0.98125,0.8890568340226664,2.704112768480406,3.7096998229285334,11.566296489470787,5.1250166817511555,6.66875,1.0,0.0,0.0,0.0,1.05625,6.66875,0.83359375,6.130208333333334,0.0,0.23372395833333331,0.075,3,0.0,8,36.58125,0.0,0.20833333333333326,,3104,595968,0.7199999999999999,0.0,0.0,0.0,0.0,0,1.5375,0.44375,4.94375,0.6162760416666667,0.13828125,0.18125,0.175,0.40625,1.6145134541714703,118.86836994599108,0.6360899591818452,staggered_rejoin,0.46872767251222736,0.03125
flocking_topology_rejoin,11004,1.9395843061407896,0.6924412300593915,0.5649739583333334,0.9895181717485977,0.6138931717485977,0.5125,0.0,0.4875,0.1,0.0,0.0,0.18776041666666668,79,0.6977076485738029,1.8821189069770572,6.25856383605469,11.041957281525642,0.9375,2.9674768823335533,2.1074351532127085,3.6835875245986025,15.255615879892938,3.017723319701335,6.66875,1.0,0.0,0.0,0.0,1.025,6.66875,0.83359375,5.869791666666667,0.0,0.26627604166666663,0.075,3,0.0,6,34.0375,0.0,0.0,,3112,597504,0.7199999999999999,0.0,0.0,0.0,0.0,0,1.5875,0.4875,4.55625,0.5688802083333334,0.15234375,0.55,0.3125,0.5125,1.630535044265312,151.753500876255,0.6145036248490214,staggered_rejoin,0.1178810930229428,0.012499999999999956
flocking_topology_partition,11000,2.478310887849967,0.9232449232041701,0.51875,1.0598536662035607,0.6789161662035609,0.50625,0.0,0.49375,0.10625,0.2,0.00625,0.1453125,79,0.9313631885702817,2.9941036924309223,5.693078101108202,96.55084063202372,0.95625,1.91374605713289,2.1675876555789473,3.710047495610513,18.183991271537067,5.349864603006161,6.66875,1.0,0.0,0.0,0.0,1.0125,6.61875,0.82734375,5.6625,0.0,0.2921875,0.075,3,0.0,6,32.03125,0.0,0.0,,3145,603840,0.7199999999999999,0.0,0.0,0.0,0.0,0,1.625,0.48125,4.35625,0.54453125,0.1453125,0.80625,0.31875,0.64375,1.6522485477333224,161.60765328809825,0.5794590830337256,staggered_rejoin,0.9941036924309223,0.006250000000000089
flocking_topology_partition,11001,1.990307969262715,1.057779495058539,0.63125,1.0857270907844723,0.7313520907844722,0.5375,0.0,0.4625,0.075,0.0,0.0,0.3203125,22,1.065279254081017,3.700982584607824,5.697107526013708,137.9311876330113,0.95625,2.2189268007585814,2.024399760304032,3.660311454135834,10.568944514635913,6.006083271169961,6.66875,1.0,0.0,0.0,0.0,1.04375,6.55625,0.81953125,6.28125,0.0,0.21484375,0.075,3,0.0,8,37.9875,0.0,0.10416666666666674,,3098,594816,0.7199999999999999,0.0,0.0,0.0,0.0,0,1.5375,0.4375,5.13125,0.63671875,0.1359375,0.01875,0.01875,0.18125,1.5954819862060734,119.28894234242507,0.682678165845573,staggered_rejoin,1.7009825846078241,0.006250000000000089
flocking_topology_partition,11002,1.927104813010005,0.6205186761482808,0.5625,0.9238034030178494,0.5541159030178494,0.51875,0.0,0.48125,0.0875,0.0,0.0,0.1640625,78,0.6214843337434707,1.4709131974961853,4.782578502041823,7.919143335579097,0.975,1.3637217716924306,1.9829471743779805,3.690618877469599,18.957326816692124,3.768136235292759,6.66875,1.0,0.0,0.0,0.0,1.0,6.66875,0.83359375,5.7875,0.0,0.2765625,0.075,3,0.0,4,33.78125,0.0,0.0625,,3127,600384,0.7199999999999999,0.0,0.0,0.0,0.0,0,1.54375,0.48125,4.54375,0.56640625,0.14921875,0.7,0.275,0.575,1.6518653235054017,164.19414661260433,0.6169208749197423,staggered_rejoin,0.5290868025038147,0.025000000000000022
flocking_topology_partition,11003,1.5747366915053003,0.6185410738595634,0.6108072916666667,0.8911520892074296,0.5355270892074296,0.5375,0.0,0.4625,0.0875,0.0,0.0,0.28255208333333337,7,0.6203179268625417,1.5312723274877726,4.875662516942286,7.753276392998885,0.98125,0.8890568340226664,2.704112768480406,3.7096998229285334,11.566296489470787,5.1250166817511555,6.66875,1.0,0.0,0.0,0.0,1.05625,6.50625,0.81328125,5.967708333333333,0.0,0.2540364583333333,0.075,3,0.0,8,35.73125,0.0,0.20833333333333326,,3104,595968,0.7199999999999999,0.0,0.0,0.0,0.0,0,1.48125,0.3875,4.94375,0.6162760416666667,0.11796875,0.18125,0.175,0.40625,1.6145134541714703,118.86836994599108,0.6378121247980744,staggered_rejoin,0.46872767251222736,0.03125
flocking_topology_partition,11004,1.8868783901976278,0.6924412300593915,0.5649739583333334,0.9895181717485977,0.6138931717485977,0.5125,0.0,0.4875,0.1,0.0,0.0,0.18776041666666668,21,0.6977076485738029,1.8821189069770572,6.25856383605469,11.041957281525642,0.9375,2.9674768823335533,2.1074351532127085,3.6835875245986025,15.255615879892938,3.017723319701335,6.66875,1.0,0.0,0.0,0.0,1.025,6.61875,0.82734375,5.819791666666667,0.0,0.27252604166666666,0.075,3,0.0,6,33.8375,0.0,0.0,,3112,597504,0.7199999999999999,0.0,0.0,0.0,0.0,0,1.5625,0.4625,4.55625,0.5688802083333334,0.14609375,0.55,0.3125,0.5125,1.630535044265312,151.753500876255,0.6028244581539184,staggered_rejoin,0.1178810930229428,0.012499999999999956
flocking_topology_resilient,11000,2.523455391691161,0.6446818833344253,0.5078125,0.9586110409479772,0.5723610409479774,0.5,0.0,0.5,0.1125,0.0,0.0,0.1453125,79,0.6545551113067694,1.5342656673159507,4.615853477730562,5.343082689976206,1.0,1.6373969865295892,2.068129261877531,3.708781133085458,18.04101119554381,5.400532286753318,6.66875,1.0,0.0,0.0,0.0,1.025,6.58125,0.82265625,5.63125,0.0976672,0.29609375,0.075,3,0.04375,7,31.83125,0.04375,0.0,,3145,603840,0.7199999999999999,0.0,0.0,0.0,0.0,0,1.65625,0.49375,4.35,0.54375,0.14140625,0.80625,0.31875,0.6375,1.6532887607509064,164.3583251383343,0.5765767500270158,staggered_rejoin,0.4657343326840493,0.050000000000000044
flocking_topology_resilient,11001,2.054998839700361,0.6782683698822257,0.6203125,0.9630198154636395,0.6086448154636392,0.5375,0.0,0.4625,0.075,0.0,0.0,0.31875,78,0.6851322549487567,1.827008389803569,5.196354867147608,7.76756124729707,0.9625,2.358425107353978,2.0634017233337625,3.6566620301189827,10.546729572374952,4.387639044089626,6.66875,1.0,0.0,0.0,0.0,1.04375,6.54375,0.81796875,6.2625,0.156664224,0.2171875,0.075,3,0.05,7,37.8375,0.05,0.10416666666666674,,3094,594048,0.7199999999999999,0.0,0.0,0.0,0.0,0,1.5875,0.4875,5.125,0.6359375,0.134375,0.01875,0.01875,0.1875,1.590689743362279,121.15515033378425,0.6659419578500092,staggered_rejoin,0.17299161019643106,0.012500000000000067
flocking_topology_resilient,11002,1.9241863301684348,0.619203157795684,0.56328125,0.9094520826606924,0.5503895826606924,0.53125,0.0,0.46875,0.075,0.0,0.0,0.16875,78,0.6210351685614443,1.419591986171769,4.701982555746057,7.300392145187139,0.98125,1.488882426899009,1.905468919395623,3.688115489523007,18.63253705533088,4.47940528514696,6.66875,1.0,0.0,0.0,0.0,1.00625,6.64375,0.83046875,5.7625,0.0115,0.2796875,0.075,3,0.025,6,33.63125,0.025,0.125,,3140,602880,0.7199999999999999,0.0,0.0,0.0,0.0,0,1.54375,0.4875,4.54375,0.56640625,0.146875,0.7,0.275,0.575,1.6478217303578497,166.82870833978694,0.604464374948293,staggered_rejoin,0.580408013828231,0.03125
flocking_topology_resilient,11003,1.681134905319069,0.602349650407612,0.6108072916666667,0.8779094526990494,0.5222844526990492,0.5375,0.0,0.4625,0.0875,0.0,0.0,0.28255208333333337,26,0.604193923260204,1.4411660077743438,4.790225853674897,7.747038031205417,0.9875,0.739897670145698,2.579248294960027,3.7100580016806886,11.273862706413542,2.2929331065692993,6.66875,1.0,0.0,0.0,0.0,1.04375,6.58125,0.82265625,6.067708333333334,0.302992770701312,0.24153645833333331,0.075,3,0.025,5,36.38125,0.025,0.08333333333333326,,3097,594624,0.7199999999999999,0.0,0.0,0.0,0.0,0,1.63125,0.5125,4.95,0.6170572916666667,0.13046875,0.18125,0.175,0.39375,1.6145967450526661,120.54969062081761,0.6429768751841038,staggered_rejoin,0.5588339922256562,0.03750000000000009
flocking_topology_resilient,11004,1.9345118639531886,0.6619858343512492,0.5704427083333334,0.9538724388316238,0.5782474388316237,0.5125,0.0,0.4875,0.1,0.0,0.0,0.19713541666666667,80,0.6641239524589402,1.6965242803267677,5.738414020474665,10.553563541448224,0.95625,2.4212233724729217,2.0310631979758176,3.6828265568586125,15.466207730478924,2.4891689763872256,6.66875,1.0,0.0,0.0,0.0,1.00625,6.65625,0.83203125,5.894791666666667,0.101402768,0.26315104166666664,0.075,3,0.025,6,34.3375,0.025,0.0,,3112,597504,0.7199999999999999,0.0,0.0,0.0,0.0,0,1.61875,0.5,4.6,0.5743489583333334,0.15078125,0.5125,0.3125,0.5,1.6368140157523734,152.85670575758232,0.606228250078857,staggered_rejoin,0.3034757196732323,0.006250000000000089
flocking_robust_active,11000,2.100963325883773,0.6157436874092528,0.7622023809523808,0.9182838069094729,0.5882838069094729,0.575,0.0,0.425,0.1125,0.2727272727272727,0.01875,0.5613839285714286,77,0.7051732166640547,1.8414882651477842,4.481703474880204,18.430546274307492,0.97734375,0.0,2.1155037063465105,3.6962323867346116,4.941272428695855,1.955492299231966,8.0,1.0,0.0,0.1875,0.13333333333333333,1.0,8.0,1.0,7.88125,0.0,0.0,0.0,0,0.0,0,0.0,0.0,0.0,,3376,648192,0.7199999999999999,0.0,0.0,0.0,0.0,0,1.50625,0.48125,5.99375,0.7622023809523808,0.23389136904761906,0.00625,0.00625,0.11875,1.5479325416913992,170.87090745250376,0.8168834170792252,flapping_reconnect,0.1585117348522158,0.02734375
flocking_robust_active,11001,2.2779477232036367,0.7021581456780791,0.7646428571428571,1.0246925461949499,0.6903175461949497,0.5625,0.0,0.4375,0.0625,0.375,0.01875,0.5583928571428571,76,0.9421728990763086,3.3893917664367867,5.606990968200488,143.21746583837304,0.9473437499999999,0.0,1.9532803404951422,3.7002190597850593,4.963998656254813,1.8390391276438236,8.0,1.0,0.0,0.1875,0.03333333333333333,1.0,8.0,1.0,7.83125,0.0,0.0,0.0,0,0.0,0,0.0,0.0,0.0,,3437,659904,0.7199999999999999,0.0,0.0,0.0,0.0,0,1.475,0.475,5.975,0.7658928571428572,0.23410714285714285,0.03125,0.03125,0.1625,1.5341766113688304,128.5878919044587,0.8310872078873217,flapping_reconnect,1.3893917664367867,0.0026562500000000266
flocking_robust_active,11002,2.2322067206598395,0.6193501988627859,0.7597619047619047,0.886112015729163,0.5517370157291629,0.5625,0.0,0.4375,0.0625,0.0,0.0,0.5599999999999999,77,0.6151390583139291,1.407640478247906,3.5270632663220285,5.578241165417568,0.9814732142857142,0.0,1.969667069225278,3.68224881753475,4.987378332392019,1.8754665142895,8.0,1.0,0.0,0.1875,0.03333333333333333,1.0,8.0,1.0,7.94375,0.0,0.0,0.0,0,0.0,0,0.0,0.0,0.0,,3365,646080,0.7199999999999999,0.0,0.0,0.0,0.0,0,1.48125,0.48125,6.05625,0.7627380952380952,0.23726190476190476,0.0,0.0,0.05625,1.5295595666096127,177.23292741455725,0.8401848329231143,flapping_reconnect,0.592359521752094,0.03147321428571426
flocking_robust_active,11003,2.175487341862077,0.6591036562782852,0.7551339285714286,0.9270212680589207,0.5820212680589207,0.55,0.0,0.45,0.075,0.0,0.0,0.5633928571428571,80,0.6969118806523871,1.857290167458585,5.192065662203855,11.842470567872779,0.9604687500000001,0.0,2.127326576616099,3.7056332299104824,5.020682472507551,1.896729588220002,8.0,1.0,0.0,0.1875,0.03333333333333333,1.0,8.0,1.0,7.86875,0.0,0.0,0.0,0,0.0,0,0.0,0.0,0.0,,3453,662976,0.7199999999999999,0.0,0.0,0.0,0.0,0,1.50625,0.4875,5.93125,0.7559151785714285,0.24095982142857145,0.0,0.0,0.13125,1.582380794068202,127.71181651570991,0.841014375211671,flapping_reconnect,0.1427098325414149,0.010468750000000138
flocking_robust_active,11004,2.2728311219462007,0.6526948428997588,0.7542410714285714,0.9274959721600882,0.5831209721600881,0.55,0.0,0.45,0.06875,0.0,0.0,0.5580357142857142,79,0.658006880774939,1.6579351884495004,4.086285035079392,10.227730988722065,0.975,0.0,2.069633545296331,3.6870820469141647,4.913522882098908,1.8966790552567137,8.0,1.0,0.0,0.1875,0.03333333333333333,1.0,8.0,1.0,7.84375,0.0,0.0,0.0,0,0.0,0,0.0,0.0,0.0,,3369,646848,0.7199999999999999,0.0,0.0,0.0,0.0,0,1.49375,0.4875,5.9125,0.7568080357142857,0.24162946428571427,0.01875,0.01875,0.15,1.5531385454781936,159.88525686293556,0.801551166921854,flapping_reconnect,0.3420648115504996,0.025000000000000022
flocking_topology_support,11000,2.1338109710545003,0.6372977331602968,0.746875,0.9467509714215024,0.6020634714215024,0.55625,0.0,0.44375,0.11875,0.3333333333333333,0.01875,0.5296875,77,0.6940484046917124,1.8977552214589906,5.553458991117385,21.90715904632726,0.96875,0.0,2.1639626193958232,3.6922188232283304,5.06572212225803,1.9575831554919283,8.0,1.0,0.0,0.1875,0.1,1.46875,8.0,1.0,7.8625,0.0,0.0171875,0.0,0,0.0,17,50.58125,0.0,0.0,,3385,649920,0.7199999999999999,0.0,0.0,0.0,0.0,0,1.50625,0.48125,5.975,0.746875,0.23203125,0.0,0.0,0.1375,1.5492004005204645,170.27524787880182,0.8298004579264671,flapping_reconnect,0.10224477854100944,0.018750000000000044
flocking_topology_support,11001,2.1846566473381595,0.6392839743984533,0.74140625,0.9163692934468883,0.5673067934468883,0.54375,0.0,0.45625,0.06875,0.0,0.0,0.5140625,76,0.6397220971927351,1.588251402031447,4.681527087025406,7.841694749420558,0.975,0.0,1.8861810061145234,3.6993051142127116,4.997687757124862,1.8659480853615897,8.0,1.0,0.0,0.1875,0.03333333333333333,1.5375,8.0,1.0,7.81875,0.0,0.02265625,0.0,0,0.0,19,50.4875,0.0,0.0,,3453,662976,0.7199999999999999,0.0,0.0,0.0,0.0,0,1.475,0.475,5.95625,0.74453125,0.2328125,0.03125,0.03125,0.175,1.5344481869492292,125.0814467766204,0.8467716248705983,flapping_reconnect,0.4117485979685529,0.025000000000000022
flocking_topology_support,11002,2.2118539240177464,0.5972192808636457,0.75625,0.882414734609528,0.538664734609528,0.55,0.0,0.45,0.0625,0.0,0.0,0.546875,77,0.6072613306628841,1.3985114452736291,4.211522824760956,7.83949332351856,0.9875,0.0,1.9059589372197003,3.683038464088405,5.067509348197497,1.9073224742830235,8.0,1.0,0.0,0.1875,0.03333333333333333,1.51875,8.0,1.0,7.94375,0.0,0.00703125,0.0,0,0.0,15,51.43125,0.0,0.0,,3354,643968,0.7199999999999999,0.0,0.0,0.0,0.0,0,1.48125,0.48125,6.05625,0.75703125,0.2359375,0.0,0.0,0.05625,1.5305726673840532,174.226836440431,0.8468601668719202,flapping_reconnect,0.6014885547263709,0.03750000000000009
flocking_topology_support,11003,2.1667616701660717,0.64999543656216,0.74140625,0.9276856029396636,0.5773731029396636,0.54375,0.0,0.45625,0.08125,0.0,0.0,0.528125,79,0.6518028920956082,1.7085957367023716,5.049237343808541,11.582223149323315,0.98125,0.0,2.0912736083495296,3.704284878504108,5.078809282698775,1.8942744087591112,8.0,1.0,0.0,0.1875,0.03333333333333333,1.525,8.0,1.0,7.85625,0.0,0.01796875,0.0,0,0.0,15,50.58125,0.0,0.0,,3442,660864,0.7199999999999999,0.0,0.0,0.0,0.0,0,1.5,0.48125,5.9375,0.7421875,0.23671875,0.00625,0.00625,0.14375,1.583072825630521,124.1201115923698,0.8530361249577254,flapping_reconnect,0.29140426329762836,0.03125
flocking_topology_support,11004,2.2193519307640712,0.6833174030072839,0.73984375,0.9713230194388889,0.6228855194388889,0.54375,0.0,0.45625,0.0625,0.14285714285714285,0.00625,0.51875,78,0.7021712148575264,1.9002892510695097,5.1875202090996595,10.227730988722046,0.9625,0.0,2.069931000639971,3.6858937640235694,4.999440338807136,1.9292573129027624,8.0,1.0,0.0,0.1875,0.0,1.48125,8.0,1.0,7.84375,0.0,0.01953125,0.0,0,0.0,18,50.4375,0.0,0.0,,3368,646656,0.7199999999999999,0.0,0.0,0.0,0.0,0,1.50625,0.4875,5.925,0.740625,0.23671875,0.00625,0.00625,0.15625,1.5529955758335787,159.00717400415127,0.8200222081504762,flapping_reconnect,0.09971074893049026,0.012500000000000067
flocking_topology_rejoin,11000,2.1338109710545003,0.6372977331602968,0.746875,0.9467509714215024,0.6020634714215024,0.55625,0.0,0.44375,0.11875,0.3333333333333333,0.01875,0.5296875,77,0.6940484046917124,1.8977552214589906,5.553458991117385,21.90715904632726,0.96875,0.0,2.1639626193958232,3.6922188232283304,5.06572212225803,1.9575831554919283,8.0,1.0,0.0,0.1875,0.1,1.46875,8.0,1.0,7.8625,0.0,0.0171875,0.0,0,0.0,17,50.58125,0.0,0.0,,3385,649920,0.7199999999999999,0.0,0.0,0.0,0.0,0,1.50625,0.48125,5.975,0.746875,0.23203125,0.0,0.0,0.1375,1.5492004005204645,170.27524787880182,0.8359592501074076,flapping_reconnect,0.10224477854100944,0.018750000000000044
flocking_topology_rejoin,11001,2.1846566473381595,0.6392839743984533,0.74140625,0.9163692934468883,0.5673067934468883,0.54375,0.0,0.45625,0.06875,0.0,0.0,0.5140625,76,0.6397220971927351,1.588251402031447,4.681527087025406,7.841694749420558,0.975,0.0,1.8861810061145234,3.6993051142127116,4.997687757124862,1.8659480853615897,8.0,1.0,0.0,0.1875,0.03333333333333333,1.5375,8.0,1.0,7.81875,0.0,0.02265625,0.0,0,0.0,19,50.4875,0.0,0.0,,3453,662976,0.7199999999999999,0.0,0.0,0.0,0.0,0,1.475,0.475,5.95625,0.74453125,0.2328125,0.03125,0.03125,0.175,1.5344481869492292,125.0814467766204,0.8503384168725461,flapping_reconnect,0.4117485979685529,0.025000000000000022
flocking_topology_rejoin,11002,2.2118539240177464,0.5972192808636457,0.75625,0.882414734609528,0.538664734609528,0.55,0.0,0.45,0.0625,0.0,0.0,0.546875,77,0.6072613306628841,1.3985114452736291,4.211522824760956,7.83949332351856,0.9875,0.0,1.9059589372197003,3.683038464088405,5.067509348197497,1.9073224742830235,8.0,1.0,0.0,0.1875,0.03333333333333333,1.51875,8.0,1.0,7.94375,0.0,0.00703125,0.0,0,0.0,15,51.43125,0.0,0.0,,3354,643968,0.7199999999999999,0.0,0.0,0.0,0.0,0,1.48125,0.48125,6.05625,0.75703125,0.2359375,0.0,0.0,0.05625,1.5305726673840532,174.226836440431,0.857537625124678,flapping_reconnect,0.6014885547263709,0.03750000000000009
flocking_topology_rejoin,11003,2.1667616701660717,0.64999543656216,0.74140625,0.9276856029396636,0.5773731029396636,0.54375,0.0,0.45625,0.08125,0.0,0.0,0.528125,79,0.6518028920956082,1.7085957367023716,5.049237343808541,11.582223149323315,0.98125,0.0,2.0912736083495296,3.704284878504108,5.078809282698775,1.8942744087591112,8.0,1.0,0.0,0.1875,0.03333333333333333,1.525,8.0,1.0,7.85625,0.0,0.01796875,0.0,0,0.0,15,50.58125,0.0,0.0,,3442,660864,0.7199999999999999,0.0,0.0,0.0,0.0,0,1.5,0.48125,5.9375,0.7421875,0.23671875,0.00625,0.00625,0.14375,1.583072825630521,124.1201115923698,0.8593994160182774,flapping_reconnect,0.29140426329762836,0.03125
flocking_topology_rejoin,11004,2.2193519307640712,0.6833174030072839,0.73984375,0.9713230194388889,0.6228855194388889,0.54375,0.0,0.45625,0.0625,0.14285714285714285,0.00625,0.51875,78,0.7021712148575264,1.9002892510695097,5.1875202090996595,10.227730988722046,0.9625,0.0,2.069931000639971,3.6858937640235694,4.999440338807136,1.9292573129027624,8.0,1.0,0.0,0.1875,0.0,1.48125,8.0,1.0,7.84375,0.0,0.01953125,0.0,0,0.0,18,50.4375,0.0,0.0,,3368,646656,0.7199999999999999,0.0,0.0,0.0,0.0,0,1.50625,0.4875,5.925,0.740625,0.23671875,0.00625,0.00625,0.15625,1.5529955758335787,159.00717400415127,0.8220500000752509,flapping_reconnect,0.09971074893049026,0.012500000000000067
flocking_topology_partition,11000,2.8850544802855773,2.3233139139526253,0.7,1.6687452673719807,1.3149952673719807,0.5375,0.0,0.4625,0.06875,0.0,0.0,0.428125,8,2.323454119834628,16.784481611371984,122.26595836192213,152.8009502115925,0.85,0.0,2.1639626193958232,3.6922188232283304,5.06572212225803,1.9575831554919283,8.0,1.0,0.0,0.1875,0.0,1.46875,6.925,0.865625,6.8,0.0,0.15,0.0,0,0.0,17,43.23125,0.0,0.25,,3385,649920,0.7199999999999999,0.0,0.0,0.0,0.0,0,1.3625,0.34375,5.6,0.7,0.14765625,0.0,0.0,0.1375,1.5492004005204645,170.27524787880182,0.8126972920726985,flapping_reconnect,14.784481611371984,0.09999999999999998
flocking_topology_partition,11001,3.31878781648671,2.9409564714098524,0.71796875,2.115374386946518,1.761624386946518,0.5375,0.0,0.4625,0.06875,0.0,0.0,0.4609375,10,2.9415119904873746,25.021502449530455,133.87873764990823,165.4228734247112,0.775,0.0,1.8861810061145234,3.6993051142127116,4.997687757124862,1.8659480853615897,8.0,1.0,0.0,0.1875,0.0,1.5375,6.9625,0.8703125,6.78125,0.0,0.15234375,0.0,0,0.0,19,43.8875,0.0,0.125,,3453,662976,0.7199999999999999,0.0,0.0,0.0,0.0,0,1.2625,0.2625,5.76875,0.72109375,0.1265625,0.03125,0.03125,0.175,1.5344481869492292,125.0814467766204,0.8233042079955339,flapping_reconnect,23.021502449530455,0.17499999999999993
flocking_topology_partition,11002,1.7616354510093548,0.5972192808636458,0.709375,0.8871022346095282,0.5386647346095282,0.54375,0.0,0.45625,0.0625,0.0,0.0,0.446875,11,0.6072613306628841,1.3985114452736291,4.211522824760956,7.83949332351856,0.9875,0.0,1.9059589372197003,3.683038464088405,5.067509348197497,1.9073224742830235,8.0,1.0,0.0,0.1875,0.0,1.51875,6.8625,0.8578125,6.80625,0.0,0.14921875,0.0,0,0.0,15,43.83125,0.0,0.25,,3354,643968,0.7199999999999999,0.0,0.0,0.0,0.0,0,1.29375,0.29375,5.68125,0.71015625,0.140625,0.0,0.0,0.05625,1.5305726673840532,174.226836440431,0.8366447500884533,flapping_reconnect,0.6014885547263709,0.03750000000000009
flocking_topology_partition,11003,1.6783985018213998,0.6698628228738573,0.71796875,0.9728064683519306,0.6178064683519308,0.5375,0.0,0.4625,0.08125,0.125,0.00625,0.475,7,0.6987032298782977,1.9216182855934405,5.092199270462,15.344125809028554,0.96875,0.0,2.0912736083495296,3.704284878504108,5.078809282698775,1.8942744087591112,8.0,1.0,0.0,0.1875,0.0,1.525,7.025,0.878125,6.8875,0.0,0.1390625,0.0,0,0.0,15,44.33125,0.0,0.125,,3442,660864,0.7199999999999999,0.0,0.0,0.0,0.0,0,1.3125,0.29375,5.75,0.71875,0.1390625,0.00625,0.00625,0.14375,1.583072825630521,124.1201115923698,0.835116125177592,flapping_reconnect,0.0783817144065595,0.018750000000000044
flocking_topology_partition,11004,1.9886041374281804,0.7060911852285536,0.69296875,0.9897626484347433,0.6413251484347433,0.54375,0.0,0.45625,0.0625,0.14285714285714285,0.00625,0.425,27,0.7243524719218809,2.0126555939733164,5.705696903071372,10.382566324024321,0.95625,0.0,2.069931000639971,3.6858937640235694,4.999440338807136,1.9292573129027624,8.0,1.0,0.0,0.1875,0.0,1.48125,6.9875,0.8734375,6.83125,0.0,0.14609375,0.0,0,0.0,18,43.2875,0.0,0.25,,3368,646656,0.7199999999999999,0.0,0.0,0.0,0.0,0,1.3875,0.36875,5.55,0.69375,0.15703125,0.00625,0.00625,0.15625,1.5529955758335787,159.00717400415127,0.8042480829171836,flapping_reconnect,0.012655593973316392,0.006250000000000089
flocking_topology_resilient,11000,3.1368172049294465,0.8482232613305865,0.65,1.0630274865015652,0.6970899865015652,0.51875,0.0,0.48125,0.05,0.0,0.0,0.4203125,140,0.8482232613305865,1.502256890689429,4.426064521883636,7.9369122727898604,0.98125,0.0,2.1342039940652917,3.693010758909915,5.008432470331837,1.9875292225085233,8.0,1.0,0.0,0.1875,0.0,1.48125,6.80625,0.85078125,6.6875,0.6889548481589508,0.1640625,0.0,0,0.175,20,42.78125,0.175,0.25,,3377,648384,0.7199999999999999,0.0,0.0,0.0,0.0,0,1.95625,0.875,5.59375,0.69921875,0.134375,0.0,0.0,0.13125,1.5461212467035264,172.28577150875896,0.8209358749445528,flapping_reconnect,0.4977431093105711,0.03125
flocking_topology_resilient,11001,3.2678091137173673,0.8265921438609727,0.6515625,1.080405834481979,0.708530834481979,0.5125,0.0,0.4875,0.0625,0.0,0.0,0.46875,76,0.8265921438609727,1.7661033083000555,5.500278227470034,7.883126402426708,0.9625,0.0,2.0230180389406938,3.6962332714761326,5.015918422227586,1.9252648065554687,8.0,1.0,0.0,0.1875,0.0,1.49375,7.04375,0.88046875,6.89375,0.318819260289024,0.13828125,0.0,0,0.14375,17,44.2875,0.14375,0.125,,3446,661632,0.7199999999999999,0.0,0.0,0.0,0.0,0,1.475,0.475,5.7875,0.7234375,0.13828125,0.03125,0.03125,0.14375,1.5310303923368254,126.27640413167124,0.8397300830110908,flapping_reconnect,0.23389669169994454,0.012500000000000067
flocking_topology_resilient,11002,1.829362477235991,0.6011999509257331,0.71015625,0.8937894313678619,0.5266019313678617,0.51875,0.0,0.48125,0.0625,0.0,0.0,0.45,77,0.601199950925733,1.3459252668643202,4.172562762973192,6.934576025216428,0.98125,0.0,1.8871450544087196,3.6809488178153145,5.044046961028421,1.9245660952052994,8.0,1.0,0.0,0.1875,0.0,1.4625,6.8875,0.8609375,6.8375,0.39002169231360007,0.1453125,0.0,0,0.1875,22,43.83125,0.1875,0.25,,3389,650688,0.7199999999999999,0.0,0.0,0.0,0.0,0,1.475,0.475,5.68125,0.71015625,0.14453125,0.0,0.0,0.05,1.5296780693093814,176.9574211439543,0.8365430838894099,flapping_reconnect,0.6540747331356798,0.03125
flocking_topology_resilient,11003,1.6842200202413011,0.648999306808048,0.71484375,0.9275655472802644,0.5697530472802643,0.53125,0.0,0.46875,0.0625,0.0,0.0,0.4734375,139,0.6509043349609231,1.6835770154938623,5.045685069477264,9.437118264724234,0.975,0.0,2.0876683355531185,3.706849302701724,5.037344552435499,1.916665941307063,8.0,1.0,0.0,0.1875,0.0,1.5125,7.00625,0.87578125,6.875,0.6312284681418083,0.140625,0.0,0,0.175,19,44.08125,0.175,0.125,,3449,662208,0.7199999999999999,0.0,0.0,0.0,0.0,0,1.94375,0.8625,5.725,0.715625,0.140625,0.0,0.0,0.1375,1.581147735483034,125.93897030208086,0.841241457965225,flapping_reconnect,0.3164229845061377,0.025000000000000022
flocking_topology_resilient,11004,1.8230239707221936,0.6555960991917105,0.68828125,0.9527456206529499,0.5802456206529497,0.5125,0.0,0.4875,0.06875,0.0,0.0,0.4171875,78,0.6561852741306242,1.6260148233974996,4.3256489936018605,10.227730988722046,0.96875,0.0,2.07095925161097,3.6846216322828527,4.908016833335393,1.92328153322992,8.0,1.0,0.0,0.1875,0.0,1.49375,6.875,0.859375,6.6875,0.33101736071680005,0.1640625,0.0,0,0.175,22,42.5875,0.175,0.25,,3354,643968,0.7199999999999999,0.0,0.0,0.0,0.0,0,1.525,0.4875,5.5375,0.6921875,0.14140625,0.0375,0.01875,0.175,1.552922105158439,159.3715751107543,0.8008526670746505,flapping_reconnect,0.3739851766025004,0.018750000000000044
flocking_robust_active,11000,2.1235503217729077,0.623757619103662,0.7614211309523808,0.8978245678830501,0.5540745678830501,0.55,0.0,0.45,0.0625,0.14285714285714285,0.00625,0.5535714285714286,77,0.6609513556656961,1.5991473618835375,3.960459067192989,12.36172025683733,0.9764880952380952,0.0,2.0851964236572615,3.7103380415730554,4.666552153314667,2.036889143329111,8.0,0.6455729166666666,0.0,0.0,0.0,1.0,8.0,1.0,7.89375,0.0,0.0,0.0,0,0.0,0,0.0,0.0,0.0,,2479,475968,0.7199999999999999,0.0,0.0,0.0,0.0,0,1.5,0.48125,6.00625,0.7622023809523808,0.23545386904761906,0.0,0.0,0.10625,1.5466037856210706,176.74424492092828,0.7279001669958234,false_split_dropout,0.40085263811646255,0.026488095238095255
flocking_robust_active,11001,2.366729142494125,0.6909376106506837,0.7640625,1.047972529366217,0.7182850293662171,0.56875,0.0,0.43125,0.0625,0.375,0.01875,0.56484375,75,1.1348872635419864,4.701256056933819,4.5746461591141365,199.96137909690572,0.95859375,0.0,1.8484193508585285,3.704065989326935,4.606642404312263,1.9793511255794822,8.0,0.6497395833333333,0.0,0.0,0.0,1.0,8.0,1.0,7.84375,0.0,0.0,0.0,0,0.0,0,0.0,0.0,0.0,,2495,479040,0.7199999999999999,0.0,0.0,0.0,0.0,0,1.48125,0.46875,5.98125,0.7665178571428571,0.23113839285714288,0.03125,0.03125,0.15,1.5324174823222179,141.07306949054242,0.6986678331159055,false_split_dropout,2.7012560569338193,0.008593750000000067
flocking_robust_active,11002,2.3509200483545936,0.6497425358647474,0.7570089285714285,1.00457016977249,0.6701951697724899,0.5625,0.0,0.4375,0.0625,0.3333333333333333,0.01875,0.5608482142857143,77,0.9337576157623249,3.2283004187785465,4.60089894636341,141.5269134135452,0.95234375,0.0,2.0784615395908994,3.6908519419600188,4.817159731654783,1.9767795990675936,8.0,0.6606770833333334,0.0,0.0,0.0,1.0,8.0,1.0,7.925,0.0,0.0,0.0,0,0.0,0,0.0,0.0,0.0,,2537,487104,0.7199999999999999,0.0,0.0,0.0,0.0,0,1.49375,0.48125,6.04375,0.7619642857142858,0.2364732142857143,0.0,0.0,0.075,1.5311611185614595,182.3162395234914,0.7452384170610458,false_split_dropout,1.2283004187785465,0.002343750000000089
flocking_robust_active,11003,2.1401907697746623,0.6677628198284287,0.750625,0.9569187711435653,0.6072312711435652,0.54375,0.0,0.45625,0.075,0.0,0.0,0.55125,81,0.7257817042703459,1.958819808202379,4.636718518660717,9.462876372705693,0.9566145833333334,0.0,2.0189631071434997,3.719694616273105,4.69878515274456,2.0436718736704393,8.0,0.6484375,0.0,0.0,0.0,1.0,8.0,1.0,7.86875,0.0,0.0,0.0,0,0.0,0,0.0,0.0,0.0,,2490,478080,0.7199999999999999,0.0,0.0,0.0,0.0,0,1.5125,0.49375,5.9125,0.75296875,0.2446875,0.0,0.0,0.13125,1.5811309653656322,141.2659454055678,0.7134107078891248,false_split_dropout,0.04118019179762089,0.006614583333333424
flocking_robust_active,11004,2.1898468976624534,0.6503059612040042,0.7527901785714286,0.9044393822306948,0.5653768822306947,0.55625,0.0,0.44375,0.0625,0.0,0.0,0.5579241071428571,78,0.688015097879126,1.7607173162725913,4.009866660901175,7.83428092107202,0.9617708333333332,0.0,2.0253275845977052,3.6973051018541567,4.706138648227447,2.046279099123049,8.0,0.6333333333333334,0.0,0.0,0.0,1.0,8.0,1.0,7.85,0.0,0.0,0.0,0,0.0,0,0.0,0.0,0.0,,2432,466944,0.7199999999999999,0.0,0.0,0.0,0.0,0,1.50625,0.4875,5.9125,0.7559151785714285,0.24095982142857145,0.025,0.01875,0.14375,1.5497851510407645,166.17579692631685,0.7019868330098689,false_split_dropout,0.23928268372740868,0.011770833333333286
flocking_topology_support,11000,2.2111904054187552,0.6362820652951892,0.746875,0.9043407067648882,0.555278206764888,0.54375,0.0,0.45625,0.06875,0.0,0.0,0.528125,77,0.6362820652951892,1.5671941933635312,4.5520524624227345,8.450908905731954,0.975,0.0,2.1028077838697645,3.7013181293409643,4.720939742925201,2.037969202689807,8.0,0.6367187499999999,0.0,0.0,0.0,1.08125,8.0,1.0,7.8625,0.0,0.0171875,0.0,0,0.0,22,50.4875,0.0,0.0,,2445,469440,0.7199999999999999,0.0,0.0,0.0,0.0,0,1.5,0.48125,5.975,0.746875,0.23359375,0.00625,0.00625,0.1375,1.5478754941444506,175.41576825714873,0.7198597500100732,false_split_dropout,0.43280580663646884,0.025000000000000022
flocking_topology_support,11001,2.3240318328607836,0.7190543230009602,0.74765625,1.0736145462477702,0.7386145462477701,0.5625,0.0,0.4375,0.06875,0.375,0.01875,0.53203125,75,1.1611929248487438,5.2940070831623505,6.085940957626565,222.85236859863997,0.94375,0.0,1.8899466789264352,3.70438718325273,4.712938773116394,1.9627863056842778,8.0,0.63984375,0.0,0.0,0.0,1.0875,8.0,1.0,7.86875,0.0,0.01640625,0.0,0,0.0,14,50.7875,0.0,0.0,,2457,471744,0.7199999999999999,0.0,0.0,0.0,0.0,0,1.48125,0.46875,6.0,0.75,0.23125,0.01875,0.01875,0.125,1.5304316547983303,137.23172175336492,0.7217328750994056,false_split_dropout,3.2940070831623505,0.006249999999999978
flocking_topology_support,11002,2.232798019727358,0.6091702112588312,0.75234375,0.8877606628863497,0.5440106628863497,0.55,0.0,0.45,0.0625,0.0,0.0,0.5375,77,0.6191722287729032,1.4665704150560301,4.305177406558529,7.968307550970847,0.98125,0.0,1.972974057469275,3.6856920754470153,4.871549942215189,1.9729939838666166,8.0,0.65546875,0.0,0.0,0.0,1.11875,8.0,1.0,7.94375,0.0,0.00703125,0.0,0,0.0,18,51.1875,0.0,0.0,,2517,483264,0.7199999999999999,0.0,0.0,0.0,0.0,0,1.5,0.48125,6.05,0.75625,0.234375,0.0,0.0,0.05625,1.5312784404980069,186.28747597283063,0.745571665931493,false_split_dropout,0.5334295849439699,0.03125
flocking_topology_support,11003,2.205914541693566,0.6917656011707317,0.7375,0.9780754578558014,0.6237004578558014,0.5375,0.0,0.4625,0.075,0.0,0.0,0.53046875,81,0.7004880573726334,1.9351376306544914,5.827403244517539,10.721201642638526,0.95,0.0,2.0132867710886098,3.713341942417364,4.822868453640817,2.0396639930364797,8.0,0.6661458333333333,0.0,0.0,0.0,1.15625,8.0,1.0,7.875,0.0,0.015625,0.0,0,0.0,18,50.51875,0.0,0.25,,2558,491136,0.7199999999999999,0.0,0.0,0.0,0.0,0,1.5125,0.49375,5.925,0.740625,0.240625,0.0,0.0,0.125,1.5820850795681392,137.2728742218777,0.7479388751089573,false_split_dropout,0.0648623693455086,0.0
flocking_topology_support,11004,2.196463841803649,0.616694913118573,0.73671875,0.9008112045469865,0.5570612045469865,0.55,0.0,0.45,0.0625,0.0,0.0,0.525,79,0.6296444576247138,1.5618259086578514,5.066582998651265,10.557341547158199,0.975,0.0,1.9298592072021166,3.694993475588295,4.809463208639572,2.0231026273554145,8.0,0.6161458333333333,0.0,0.0,0.0,1.1375,8.0,1.0,7.85,0.0,0.01875,0.0,0,0.0,26,50.2625,0.0,0.125,,2366,454272,0.7199999999999999,0.0,0.0,0.0,0.0,0,1.50625,0.49375,5.90625,0.73828125,0.240625,0.01875,0.01875,0.14375,1.5527049447151025,166.62422124282006,0.7040585831273347,false_split_dropout,0.4381740913421486,0.025000000000000022
flocking_topology_rejoin,11000,2.2111904054187552,0.6362820652951892,0.746875,0.9043407067648882,0.555278206764888,0.54375,0.0,0.45625,0.06875,0.0,0.0,0.528125,77,0.6362820652951892,1.5671941933635312,4.5520524624227345,8.450908905731954,0.975,0.0,2.1028077838697645,3.7013181293409643,4.720939742925201,2.037969202689807,8.0,0.6367187499999999,0.0,0.0,0.0,1.08125,8.0,1.0,7.8625,0.0,0.0171875,0.0,0,0.0,22,50.4875,0.0,0.0,,2445,469440,0.7199999999999999,0.0,0.0,0.0,0.0,0,1.5,0.48125,5.975,0.746875,0.23359375,0.00625,0.00625,0.1375,1.5478754941444506,175.41576825714873,0.7121108330320567,false_split_dropout,0.43280580663646884,0.025000000000000022
flocking_topology_rejoin,11001,2.3240318328607836,0.7190543230009602,0.74765625,1.0736145462477702,0.7386145462477701,0.5625,0.0,0.4375,0.06875,0.375,0.01875,0.53203125,75,1.1611929248487438,5.2940070831623505,6.085940957626565,222.85236859863997,0.94375,0.0,1.8899466789264352,3.70438718325273,4.712938773116394,1.9627863056842778,8.0,0.63984375,0.0,0.0,0.0,1.0875,8.0,1.0,7.86875,0.0,0.01640625,0.0,0,0.0,14,50.7875,0.0,0.0,,2457,471744,0.7199999999999999,0.0,0.0,0.0,0.0,0,1.48125,0.46875,6.0,0.75,0.23125,0.01875,0.01875,0.125,1.5304316547983303,137.23172175336492,0.718356000026688,false_split_dropout,3.2940070831623505,0.006249999999999978
flocking_topology_rejoin,11002,2.232798019727358,0.6091702112588312,0.75234375,0.8877606628863497,0.5440106628863497,0.55,0.0,0.45,0.0625,0.0,0.0,0.5375,77,0.6191722287729032,1.4665704150560301,4.305177406558529,7.968307550970847,0.98125,0.0,1.972974057469275,3.6856920754470153,4.871549942215189,1.9729939838666166,8.0,0.65546875,0.0,0.0,0.0,1.11875,8.0,1.0,7.94375,0.0,0.00703125,0.0,0,0.0,18,51.1875,0.0,0.0,,2517,483264,0.7199999999999999,0.0,0.0,0.0,0.0,0,1.5,0.48125,6.05,0.75625,0.234375,0.0,0.0,0.05625,1.5312784404980069,186.28747597283063,0.7481810001190752,false_split_dropout,0.5334295849439699,0.03125
flocking_topology_rejoin,11003,2.205914541693566,0.6917656011707317,0.7375,0.9780754578558014,0.6237004578558014,0.5375,0.0,0.4625,0.075,0.0,0.0,0.53046875,81,0.7004880573726334,1.9351376306544914,5.827403244517539,10.721201642638526,0.95,0.0,2.0132867710886098,3.713341942417364,4.822868453640817,2.0396639930364797,8.0,0.6661458333333333,0.0,0.0,0.0,1.15625,8.0,1.0,7.875,0.0,0.015625,0.0,0,0.0,18,50.51875,0.0,0.25,,2558,491136,0.7199999999999999,0.0,0.0,0.0,0.0,0,1.5125,0.49375,5.925,0.740625,0.240625,0.0,0.0,0.125,1.5820850795681392,137.2728742218777,0.747716624988243,false_split_dropout,0.0648623693455086,0.0
flocking_topology_rejoin,11004,2.196463841803649,0.616694913118573,0.73671875,0.9008112045469865,0.5570612045469865,0.55,0.0,0.45,0.0625,0.0,0.0,0.525,79,0.6296444576247138,1.5618259086578514,5.066582998651265,10.557341547158199,0.975,0.0,1.9298592072021166,3.694993475588295,4.809463208639572,2.0231026273554145,8.0,0.6161458333333333,0.0,0.0,0.0,1.1375,8.0,1.0,7.85,0.0,0.01875,0.0,0,0.0,26,50.2625,0.0,0.125,,2366,454272,0.7199999999999999,0.0,0.0,0.0,0.0,0,1.50625,0.49375,5.90625,0.73828125,0.240625,0.01875,0.01875,0.14375,1.5527049447151025,166.62422124282006,0.7256692911032587,false_split_dropout,0.4381740913421486,0.025000000000000022
flocking_topology_partition,11000,2.5596237634107437,1.5460849578761426,0.73125,1.209885667830346,0.8401981678303463,0.51875,0.0,0.48125,0.0875,0.0,0.0,0.5,6,1.5460849578761429,7.568956508474903,8.601649455379654,158.82123609608206,0.925,0.0,2.1028077838697645,3.7013181293409643,4.720939742925201,2.037969202689807,8.0,0.6367187499999999,0.0,0.0,0.0,1.08125,7.68125,0.96015625,7.54375,0.0,0.05703125,0.0,0,0.0,22,48.3375,0.0,0.875,,2445,469440,0.7199999999999999,0.0,0.0,0.0,0.0,0,1.45,0.43125,5.8875,0.7359375,0.2046875,0.00625,0.00625,0.1375,1.5478754941444506,175.41576825714873,0.7266269579995424,false_split_dropout,5.568956508474903,0.02499999999999991
flocking_topology_partition,11001,2.728248817142455,1.8128873971675579,0.74609375,1.462904000625498,1.1279040006254981,0.5625,0.0,0.4375,0.06875,0.375,0.01875,0.53046875,8,2.029258634107879,13.00737427639966,110.57803669070191,222.85236859863997,0.875,0.0,1.8899466789264352,3.70438718325273,4.712938773116394,1.9627863056842778,8.0,0.63984375,0.0,0.0,0.0,1.0875,7.7125,0.9640625,7.58125,0.0,0.05234375,0.0,0,0.0,14,49.0375,0.0,0.125,,2457,471744,0.7199999999999999,0.0,0.0,0.0,0.0,0,1.4125,0.4,5.99375,0.74921875,0.19609375,0.01875,0.01875,0.125,1.5304316547983303,137.23172175336492,0.699977292213589,false_split_dropout,11.00737427639966,0.07499999999999996
flocking_topology_partition,11002,1.9914632032373163,0.6097444367672549,0.7453125,0.9049354395460909,0.5452479395460911,0.53125,0.0,0.46875,0.08125,0.0,0.0,0.5234375,8,0.6197371868518882,1.4689226102672872,4.305177406558529,7.968307550970847,0.98125,0.0,1.972974057469275,3.6856920754470153,4.871549942215189,1.9729939838666166,8.0,0.65546875,0.0,0.0,0.0,1.11875,7.54375,0.94296875,7.49375,0.0,0.06328125,0.0,0,0.0,18,48.3875,0.0,0.875,,2517,483264,0.7199999999999999,0.0,0.0,0.0,0.0,0,1.4,0.38125,5.99375,0.74921875,0.18515625,0.0,0.0,0.05625,1.5312784404980069,186.28747597283063,0.7454173332080245,false_split_dropout,0.5310773897327128,0.03125
flocking_topology_partition,11003,1.8589237605900903,0.6922078215998557,0.73515625,0.9785796341253734,0.6242046341253735,0.5375,0.0,0.4625,0.075,0.0,0.0,0.52578125,6,0.7009247747387729,1.9372922256026812,5.827403244517539,10.721201642638526,0.95,0.0,2.0132867710886098,3.713341942417364,4.822868453640817,2.0396639930364797,8.0,0.6661458333333333,0.0,0.0,0.0,1.15625,7.45,0.93125,7.33125,0.0,0.08359375,0.0,0,0.0,18,47.21875,0.0,0.375,,2558,491136,0.7199999999999999,0.0,0.0,0.0,0.0,0,1.38125,0.3625,5.90625,0.73828125,0.175,0.0,0.0,0.125,1.5820850795681392,137.2728742218777,0.7353529168758541,false_split_dropout,0.06270777439731878,0.0
flocking_topology_partition,11004,1.9733158180278112,0.6121279935000352,0.73046875,0.9092610264271723,0.5448860264271724,0.525,0.0,0.475,0.08125,0.0,0.0,0.509375,6,0.6170760316402424,1.5035525891274477,5.066582998651265,10.557341547158199,0.975,0.0,1.9298592072021166,3.694993475588295,4.809463208639572,2.0231026273554145,8.0,0.6161458333333333,0.0,0.0,0.0,1.1375,7.55,0.94375,7.4,0.0,0.075,0.0,0,0.0,26,47.4625,0.0,0.5,,2366,454272,0.7199999999999999,0.0,0.0,0.0,0.0,0,1.40625,0.39375,5.86875,0.73359375,0.1890625,0.01875,0.01875,0.14375,1.5527049447151025,166.62422124282006,0.6928489170968533,false_split_dropout,0.4964474108725523,0.025000000000000022
flocking_topology_resilient,11000,2.5728486382510822,0.710216165339291,0.69765625,1.062884839348642,0.6288223393486421,0.43125,0.0,0.56875,0.075,0.0,0.0,0.503125,140,0.7102296754251961,1.7390431534377018,4.964514252313833,8.462535064333414,0.98125,0.0,2.0758871813411135,3.699534880110704,4.732011207579973,2.0533399542590574,8.0,0.6416666666666667,0.0,0.0,0.0,1.11875,7.55625,0.94453125,7.45625,0.3430801476518148,0.06796875,0.0,0,0.28125,24,47.8875,0.28125,0.875,,2464,473088,0.7199999999999999,0.0,0.0,0.0,0.0,0,1.9,0.875,5.90625,0.73828125,0.19140625,0.0,0.0,0.1,1.5467912490309683,177.7185276981828,0.7015737921465188,false_split_dropout,0.26095684656229823,0.03125
flocking_topology_resilient,11001,2.7166613729605085,0.6859943735147722,0.709375,1.1145979714608534,0.7420979714608533,0.5125,0.0,0.4875,0.06875,0.8,0.025,0.528125,76,1.1621845575906042,5.11628661082712,4.8693869149186195,222.85236859863997,0.95625,0.0,1.8590720987435858,3.7116116296847226,4.617726156270467,1.980960392848523,8.0,0.6403645833333333,0.0,0.0,0.0,1.075,7.73125,0.96640625,7.59375,0.34451765504000004,0.05078125,0.0,0,0.2,16,49.0875,0.2,0.25,,2459,472128,0.7199999999999999,0.0,0.0,0.0,0.0,0,1.5375,0.475,5.9875,0.7484375,0.19765625,0.03125,0.03125,0.13125,1.5317558173932464,139.23800941933365,0.7255600839853287,false_split_dropout,3.11628661082712,0.006250000000000089
flocking_topology_resilient,11002,2.181111429561373,0.6176987308453549,0.753125,0.8873488106586741,0.5542238106586741,0.5625,0.0,0.4375,0.05,0.0,0.0,0.53828125,140,0.6299674072109143,1.4942659830165579,5.0708774525697775,8.01054728208361,0.98125,0.0,2.0047978941509577,3.6979219833471064,4.66297284704307,2.0079565557631547,8.0,0.6690104166666666,0.0,0.0,0.0,1.03125,7.9,0.9875,7.8375,0.39649121229405127,0.0203125,0.0,0,0.04375,3,50.6375,0.04375,0.0,,2569,493248,0.7199999999999999,0.0,0.0,0.0,0.0,0,1.9625,0.875,6.04375,0.75546875,0.2234375,0.0,0.0,0.0625,1.530745940744541,184.81409452950717,0.74110975000076,false_split_dropout,0.5057340169834421,0.03125
flocking_topology_resilient,11003,1.9759409400155372,0.6671382919280918,0.73125,1.0413858633966715,0.6126358633966713,0.4375,0.0,0.5625,0.06875,0.1,0.00625,0.5140625,81,0.6778088541280541,1.8056320534692791,4.723757361114724,8.839326499187866,0.99375,0.0,2.0572074197904744,3.7229374870250447,4.747315759266299,2.08140245757188,8.0,0.6463541666666666,0.0,0.0,0.0,1.11875,7.60625,0.95078125,7.48125,0.42302207013511495,0.06484375,0.0,0,0.275,22,48.06875,0.275,0.25,,2482,476544,0.7199999999999999,0.0,0.0,0.0,0.0,0,1.5625,0.50625,5.8625,0.7328125,0.2,0.0,0.0,0.125,1.5807910462374295,142.8114204441257,0.6916347909718752,false_split_dropout,0.19436794653072087,0.04375000000000007
flocking_topology_resilient,11004,2.049968949444905,0.6739568326010171,0.734375,0.9493303206035797,0.5921428206035797,0.53125,0.0,0.46875,0.05625,0.0,0.0,0.5078125,140,0.6761687115396696,1.7793487864100732,5.561958363081657,10.751452987344027,0.95,0.0,2.005847625362507,3.6967217910318624,4.670441399541993,1.9970225148784675,8.0,0.6421875,0.0,0.0,0.0,1.06875,7.74375,0.96796875,7.56875,0.5341685540156513,0.05390625,0.0,0,0.18125,15,48.6125,0.18125,0.375,,2466,473472,0.7199999999999999,0.0,0.0,0.0,0.0,0,1.94375,0.875,5.875,0.734375,0.21015625,0.0375,0.01875,0.1625,1.5501167397848001,166.42748936473603,0.6840714171994478,false_split_dropout,0.2206512135899268,0.0
