algorithm,seed,position_rmse,best_hypothesis_rmse,mean_truth_consistent_flock_weight,decision_loss,mean_decision_base_error,selection_rate,mixture_rate,abstention_rate,investigation_rate,wrong_mode_rate,wrong_mode_action_rate,mean_output_confidence,ambiguity_resolution_steps,agent_position_rmse,mean_nees,p95_nees,max_nees,coverage95_rate,rejoin_window_nees,mean_nis,information_gain,spatial_diversity,estimate_disagreement,mean_operational_agents,mean_delivery_ratio,mean_message_age,partition_active_rate,partition_selection_rate,mean_topology_components,mean_observer_component_size,mean_topology_visibility_fraction,mean_topology_live_support,mean_topology_retained_support,mean_topology_unknown_support,mean_topology_probation_agents,topology_rejoin_events,topology_merge_grace_rate,topology_epoch_changes,mean_duplicate_support_suppressed,topology_selection_blocked_rate,max_primary_support_jump,recovery_steps,messages,bytes_sent,mean_momentum,mean_momentum_change_score,mean_momentum_corroborating_agents,mean_momentum_biased_agents,momentum_fallback_rate,momentum_change_events,mean_hypothesis_flocks,multiflock_rate,mean_primary_flock_size,mean_primary_flock_weight,mean_alternative_flock_weight,mean_quarantined_agents,quarantine_rate,mean_suspected_bias_agents,mean_bias_estimate_norm,movement_distance,runtime_seconds,scenario,nees_calibration_error,coverage_calibration_error
flocking_robust_active,11000,2.158083986991552,0.6393470615829254,0.7622023809523808,0.895147958569865,0.551397958569865,0.55,0.0,0.45,0.0625,0.0,0.0,0.5535714285714286,77,0.6531683423262865,1.6410522597292456,4.0303923219547855,7.106227062575578,0.9862723214285714,0.0,2.134759039306826,3.6954697735231874,5.006256488866637,1.9043468722834098,8.0,1.0,0.0,0.0,0.0,1.0,8.0,1.0,7.86875,0.0,0.0,0.0,0,0.0,0,0.0,0.0,0.0,,3840,737280,0.7199999999999999,0.0,0.0,0.0,0.0,0,1.5,0.48125,5.98125,0.7622023809523808,0.23545386904761906,0.0,0.0,0.13125,1.5500316323075034,165.135389163698,0.9486987080890685,stable_control,0.3589477402707544,0.0362723214285714
flocking_robust_active,11001,2.2917260648315225,0.6522338960896416,0.7609821428571429,1.0112017290510116,0.6768267290510115,0.5625,0.0,0.4375,0.0625,0.625,0.03125,0.5575,76,0.9411937436553994,3.365195313538801,5.1924254173127,143.21746583837304,0.953125,0.0,1.9212008984493942,3.6919036642598244,5.044982895475578,1.850838723838035,8.0,1.0,0.0,0.0,0.0,1.0,8.0,1.0,7.85,0.0,0.0,0.0,0,0.0,0,0.0,0.0,0.0,,3840,737280,0.7199999999999999,0.0,0.0,0.0,0.0,0,1.475,0.475,5.975,0.7640178571428571,0.23598214285714283,0.03125,0.03125,0.14375,1.5332995076987166,125.50251766436956,0.9327927918639034,stable_control,1.365195313538801,0.0031250000000000444
flocking_robust_active,11002,2.2019208844956535,0.6064883695366854,0.7597619047619047,0.8860711821441452,0.5516961821441451,0.5625,0.0,0.4375,0.0625,0.0,0.0,0.55375,77,0.6156618783882549,1.404947470445079,3.3285748536280466,7.521099593639503,0.9890625,0.0,1.8949407135846148,3.680118764705943,5.069411655848631,1.893759948837139,8.0,1.0,0.0,0.0,0.0,1.0,8.0,1.0,7.94375,0.0,0.0,0.0,0,0.0,0,0.0,0.0,0.0,,3840,737280,0.7199999999999999,0.0,0.0,0.0,0.0,0,1.48125,0.48125,6.05625,0.7627380952380952,0.23726190476190476,0.0,0.0,0.05625,1.528995563143828,172.88600390520386,0.9645749172195792,stable_control,0.5950525295549209,0.0390625
flocking_robust_active,11003,2.1530723127391154,0.6652381443576975,0.7551339285714286,0.9624769762149349,0.6174769762149348,0.55,0.0,0.45,0.075,0.1,0.00625,0.5633928571428571,80,0.7205053826054854,1.9859440902499585,5.045685069477261,12.706515982580857,0.9659375000000001,0.0,2.111967066232796,3.700730719403448,5.057543616577073,1.878732322350401,8.0,1.0,0.0,0.0,0.0,1.0,8.0,1.0,7.8875,0.0,0.0,0.0,0,0.0,0,0.0,0.0,0.0,,3840,737280,0.7199999999999999,0.0,0.0,0.0,0.0,0,1.5,0.4875,5.95,0.7559151785714285,0.24174107142857143,0.0,0.0,0.1125,1.5819194029044457,124.76156533876966,0.9539009579457343,stable_control,0.014055909750041451,0.01593750000000016
flocking_robust_active,11004,2.2258799192428667,0.6584405715266475,0.7542410714285714,0.9388772591910435,0.5998147591910434,0.55625,0.0,0.44375,0.0625,0.1111111111111111,0.00625,0.5589285714285713,78,0.6726814598758203,1.7238607901189773,4.201541043778208,10.227730988722065,0.9610863095238095,0.0,2.05668525387077,3.684590079439051,4.960217646835138,1.8622867859539092,8.0,1.0,0.0,0.0,0.0,1.0,8.0,1.0,7.8375,0.0,0.0,0.0,0,0.0,0,0.0,0.0,0.0,,3840,737280,0.7199999999999999,0.0,0.0,0.0,0.0,0,1.50625,0.4875,5.9125,0.7568080357142857,0.23980654761904763,0.025,0.01875,0.15625,1.5528909295103255,156.08543486566674,0.9427819999400526,stable_control,0.2761392098810227,0.011086309523809512
flocking_robust_active,11005,2.153020120595024,0.6311873614469857,0.7578125,0.9100929961396382,0.5804054961396383,0.56875,0.0,0.43125,0.0625,0.2727272727272727,0.01875,0.5546875,77,0.667788059723033,1.705483003925595,4.421234920163776,8.811744324559095,0.96875,0.0,1.9475330448746753,3.6890421388807555,5.0581927796669195,1.8438447289090427,8.0,1.0,0.0,0.0,0.0,1.0,8.0,1.0,7.86875,0.0,0.0,0.0,0,0.0,0,0.0,0.0,0.0,,3840,737280,0.7199999999999999,0.0,0.0,0.0,0.0,0,1.49375,0.4875,5.94375,0.7578125,0.24140625,0.0,0.0,0.13125,1.5397596608977209,127.44427966598673,0.9470642500091344,stable_control,0.29451699607440496,0.018750000000000044
flocking_robust_active,11006,2.204601605853244,0.6294415127533747,0.7579241071428571,0.9143134361931212,0.5752509361931212,0.55625,0.0,0.44375,0.0625,0.0,0.0,0.5571428571428572,77,0.6578162576319178,1.5997850901668333,4.160030271869073,6.749108070774869,0.9783854166666666,0.0,1.9480313739194508,3.680907420919703,5.064476567009001,1.8716868774960862,8.0,1.0,0.0,0.0,0.0,1.0,8.0,1.0,7.9125,0.0,0.0,0.0,0,0.0,0,0.0,0.0,0.0,,3840,737280,0.7199999999999999,0.0,0.0,0.0,0.0,0,1.4875,0.48125,6.00625,0.7602678571428572,0.23895089285714288,0.0,0.0,0.0875,1.533166370124689,167.35589486840607,0.9547907910309732,stable_control,0.40021490983316665,0.028385416666666607
flocking_robust_active,11007,2.2028730307983597,0.583576704541157,0.75546875,0.8566212487766982,0.5175587487766984,0.55625,0.0,0.44375,0.0625,0.0,0.0,0.55625,78,0.6015914836745134,1.3413663177048585,3.1910403566263144,7.081521650897972,0.98765625,0.0,1.8329050945097678,3.6904974090045854,5.007686238212328,1.8655978554643753,8.0,1.0,0.0,0.0,0.0,1.0,8.0,1.0,7.88125,0.0,0.0,0.0,0,0.0,0,0.0,0.0,0.0,,3840,737280,0.7199999999999999,0.0,0.0,0.0,0.0,0,1.49375,0.4875,5.9375,0.75546875,0.24296875,0.0,0.0,0.11875,1.5516677510787062,158.39589825977478,0.9494604170322418,stable_control,0.6586336822951415,0.03765625000000006
flocking_robust_active,11008,2.202880848218839,0.6397005111182662,0.7527901785714286,0.9253947109061663,0.5863322109061665,0.55625,0.0,0.44375,0.0625,0.1111111111111111,0.00625,0.5571428571428572,78,0.6649008963512832,1.6566282900382832,4.302011546171924,6.164341711197321,0.9799479166666666,0.0,1.9601442163821101,3.696885542997882,5.091793476765969,1.879818134126991,8.0,1.0,0.0,0.0,0.0,1.0,8.0,1.0,7.95,0.0,0.0,0.0,0,0.0,0,0.0,0.0,0.0,,3840,737280,0.7199999999999999,0.0,0.0,0.0,0.0,0,1.5125,0.4875,5.99375,0.7551339285714286,0.24017857142857144,0.0,0.0,0.05,1.5398691166932057,131.55961981996035,0.9619426249992102,stable_control,0.34337170996171684,0.02994791666666663
flocking_robust_active,11009,2.270317411322487,0.6618881249883939,0.7658258928571428,0.9659905820080036,0.6403655820080036,0.575,0.0,0.425,0.06875,0.3,0.01875,0.5713169642857142,76,0.984314396248124,3.6891681374635494,5.102682030449005,180.9553282294365,0.9458705357142858,0.0,1.8352503070751083,3.6727134883176147,5.0069077946172005,1.8694979918957664,8.0,1.0,0.0,0.0,0.0,1.0,8.0,1.0,7.69375,0.0,0.0,0.0,0,0.0,0,0.0,0.0,0.0,,3840,737280,0.7199999999999999,0.0,0.0,0.0,0.0,0,1.48125,0.46875,5.88125,0.770357142857143,0.22761160714285716,0.09375,0.06875,0.26875,1.5653971712926205,179.69416250044753,0.9028190828394145,stable_control,1.6891681374635494,0.004129464285714146
flocking_robust_active,11010,2.2762854460223987,0.6601117145740024,0.7582366071428571,0.9095396484041217,0.5704771484041217,0.55625,0.0,0.44375,0.0625,0.1111111111111111,0.00625,0.5580357142857142,78,0.667331716547598,1.632438536658838,4.770798013258753,7.493403031690217,0.9602306547619047,0.0,2.0235903994761726,3.6993070789661573,4.981560575543891,1.8561871921531548,8.0,1.0,0.0,0.0,0.0,1.0,8.0,1.0,7.83125,0.0,0.0,0.0,0,0.0,0,0.0,0.0,0.0,,3840,737280,0.7199999999999999,0.0,0.0,0.0,0.0,0,1.50625,0.4875,5.9125,0.7582366071428571,0.23941964285714284,0.01875,0.01875,0.1625,1.5663702936302033,125.83032215063025,0.9287433749996126,stable_control,0.3675614633411619,0.010230654761904767
flocking_robust_active,11011,2.161753511887894,0.6955740262468985,0.7665178571428571,0.9571736948929852,0.6268611948929852,0.56875,0.0,0.43125,0.06875,0.0,0.0,0.5642857142857143,76,0.6883792800218742,1.7955137942538641,4.663296311582098,6.773058773378857,0.95703125,0.0,2.0347370192759096,3.686955121008755,5.0503835611399515,1.8453648502285602,8.0,1.0,0.0,0.0,0.0,1.0,8.0,1.0,7.85625,0.0,0.0,0.0,0,0.0,0,0.0,0.0,0.0,,3840,737280,0.7199999999999999,0.0,0.0,0.0,0.0,0,1.48125,0.46875,6.0125,0.7665178571428571,0.2319196428571429,0.0,0.0,0.14375,1.5412628905199537,122.25120409721737,0.9511609580367804,stable_control,0.20448620574613585,0.007031250000000044
flocking_robust_active,11012,2.185402823012489,0.6487848179302819,0.7602678571428572,0.9117213634564865,0.5726588634564864,0.55625,0.0,0.44375,0.0625,0.125,0.00625,0.5588169642857143,77,0.672510300208837,1.6765779462014432,4.290599913372224,8.655889662533564,0.97578125,0.0,2.0995677319078516,3.6806162166720098,5.0410080195216995,1.9262131487851542,8.0,1.0,0.0,0.0,0.0,1.0,8.0,1.0,7.875,0.0,0.0,0.0,0,0.0,0,0.0,0.0,0.0,,3840,737280,0.7199999999999999,0.0,0.0,0.0,0.0,0,1.4875,0.48125,5.975,0.7602678571428572,0.23895089285714288,0.01875,0.01875,0.11875,1.5649346172452416,174.2716685446352,0.9497076668776572,stable_control,0.3234220537985568,0.02578125000000009
flocking_robust_active,11013,2.17617380978921,0.630423446743914,0.76171875,0.9009400211683442,0.557190021168344,0.55,0.0,0.45,0.0625,0.0,0.0,0.55,76,0.6495956109299384,1.6356609917177831,4.54443751664298,9.585449754183937,0.97109375,0.0,1.91562140631529,3.688312443398425,5.078519252339754,1.869424656873471,8.0,1.0,0.0,0.0,0.0,1.0,8.0,1.0,7.9375,0.0,0.0,0.0,0,0.0,0,0.0,0.0,0.0,,3840,737280,0.7199999999999999,0.0,0.0,0.0,0.0,0,1.48125,0.475,6.04375,0.7625,0.23671875,0.0,0.0,0.0625,1.5481442733037656,151.62088373691773,0.959181624930352,stable_control,0.3643390082822169,0.021093750000000022
flocking_robust_active,11014,2.155228390057472,0.6574666203320038,0.7572544642857142,0.9291083317140195,0.5947333317140195,0.5625,0.0,0.4375,0.0625,0.0,0.0,0.5677455357142858,77,0.6646927188516942,1.647006123392184,4.228382170146018,6.763529164298922,0.978125,0.0,2.099675045742384,3.6962579727633718,4.957849633975743,1.8536266608168837,8.0,1.0,0.0,0.0,0.0,1.0,8.0,1.0,7.875,0.0,0.0,0.0,0,0.0,0,0.0,0.0,0.0,,3840,737280,0.7199999999999999,0.0,0.0,0.0,0.0,0,1.5,0.48125,5.9875,0.7616071428571429,0.23604910714285712,0.0,0.0,0.125,1.5423674424016556,151.37934980901397,0.9303722500335425,stable_control,0.352993876607816,0.028125000000000067
flocking_robust_active,11015,2.153072281037337,0.634526191310678,0.75875,0.9142047226099723,0.5704547226099724,0.55,0.0,0.45,0.0625,0.0,0.0,0.5562499999999999,77,0.6456831882499477,1.5757298834583904,4.035080959504004,9.377660877816478,0.9834821428571429,0.0,2.0374715948480424,3.702562587401508,4.900749914109081,1.818689192437985,8.0,1.0,0.0,0.0,0.0,1.0,8.0,1.0,7.79375,0.0,0.0,0.0,0,0.0,0,0.0,0.0,0.0,,3840,737280,0.7199999999999999,0.0,0.0,0.0,0.0,0,1.5,0.48125,5.925,0.76234375,0.23531250000000004,0.025,0.025,0.2,1.5347451193988086,148.08483512826524,0.9281521248631179,stable_control,0.4242701165416096,0.033482142857142905
flocking_robust_active,11016,2.2445611402005805,0.7099147669613587,0.7600818452380953,0.961681732215187,0.6319942322151871,0.56875,0.0,0.43125,0.0625,0.0,0.0,0.5645833333333334,76,0.7063925299151455,1.884826735022705,5.4274074688916665,9.023715710388501,0.946875,0.0,2.0605354222138885,3.697500963125612,5.087879189515855,1.8594496326081793,8.0,1.0,0.0,0.0,0.0,1.0,8.0,1.0,7.90625,0.0,0.0,0.0,0,0.0,0,0.0,0.0,0.0,,3840,737280,0.7199999999999999,0.0,0.0,0.0,0.0,0,1.4875,0.475,6.01875,0.7632068452380952,0.23444940476190473,0.0,0.0,0.09375,1.540101803382473,111.74489457863538,0.9649124168790877,stable_control,0.11517326497729496,0.0031249999999999334
flocking_robust_active,11017,2.198632302395698,0.6330658973116432,0.7571056547619047,0.8997888465984134,0.5654138465984134,0.5625,0.0,0.4375,0.0625,0.0,0.0,0.5535714285714286,77,0.6589065491469401,1.611738044285632,3.992023676630388,7.123681054756099,0.9796875,0.0,1.9123063721065647,3.6769579805411396,5.068705600922696,1.9339446111299452,8.0,1.0,0.0,0.0,0.0,1.0,8.0,1.0,7.93125,0.0,0.0,0.0,0,0.0,0,0.0,0.0,0.0,,3840,737280,0.7199999999999999,0.0,0.0,0.0,0.0,0,1.49375,0.48125,6.03125,0.7608630952380953,0.2365699404761905,0.0,0.0,0.06875,1.568273326919409,163.61747239615016,0.9506805408746004,stable_control,0.38826195571436806,0.02968750000000009
flocking_robust_active,11018,2.158633834704205,0.6850351562765482,0.7543526785714285,0.9691161849955895,0.6300536849955896,0.55625,0.0,0.44375,0.0625,0.1111111111111111,0.00625,0.5589285714285714,78,0.7094910271753511,1.8586795625478338,4.62336505398678,11.693934186994017,0.9589285714285716,0.0,2.077909129484607,3.692077564395215,4.972491314815352,1.8513653115205913,8.0,1.0,0.0,0.0,0.0,1.0,8.0,1.0,7.8,0.0,0.0,0.0,0,0.0,0,0.0,0.0,0.0,,3840,737280,0.7199999999999999,0.0,0.0,0.0,0.0,0,1.50625,0.4875,5.86875,0.7568080357142857,0.24006696428571428,0.05625,0.05625,0.175,1.5650196075097567,156.55789685165314,0.9205044591799378,stable_control,0.14132043745216616,0.008928571428571619
flocking_robust_active,11019,2.2943573051417174,0.65709468542681,0.7660714285714285,0.9850144048742356,0.6506394048742357,0.5625,0.0,0.4375,0.0625,0.42857142857142855,0.01875,0.5633928571428571,75,0.9923053301704551,3.681436278192444,4.47553863339134,216.0006336316434,0.9638020833333334,0.0,1.9620325475670604,3.677377631991289,5.020370417157177,1.8345379754780473,8.0,1.0,0.0,0.0,0.0,1.0,8.0,1.0,7.8625,0.0,0.0,0.0,0,0.0,0,0.0,0.0,0.0,,3840,737280,0.7199999999999999,0.0,0.0,0.0,0.0,0,1.475,0.46875,5.99375,0.7660714285714285,0.23314732142857145,0.0375,0.0375,0.125,1.5370027258966164,187.7800869155334,0.937386583071202,stable_control,1.681436278192444,0.013802083333333437
flocking_robust_active,11020,2.281413984423953,0.6107319346214687,0.7587425595238095,0.9816947173730164,0.6520072173730164,0.56875,0.0,0.43125,0.0625,0.4,0.025,0.5607886904761905,77,0.966443117481556,3.50576756551673,5.179935698143453,165.16030063915832,0.9463541666666666,0.0,1.9892363114602105,3.6874525188932283,5.053843036922403,1.9066503604549467,8.0,1.0,0.0,0.0,0.0,1.0,8.0,1.0,7.86875,0.0,0.0,0.0,0,0.0,0,0.0,0.0,0.0,,3840,737280,0.7199999999999999,0.0,0.0,0.0,0.0,0,1.5,0.48125,5.96875,0.7605282738095238,0.23712797619047618,0.00625,0.00625,0.13125,1.5601141021943714,168.03370060861135,0.9500487078912556,stable_control,1.50576756551673,0.003645833333333348
flocking_robust_active,11021,2.237400702555805,0.6416095856948861,0.7565104166666666,0.9127827372962904,0.5830952372962905,0.56875,0.0,0.43125,0.0625,0.09090909090909091,0.00625,0.5578125,78,0.6626782547674723,1.6074232166503584,4.206261397573355,6.027750791615045,0.98125,0.0,2.0200265947119194,3.6765697400992194,5.062195307506014,1.881931567858589,8.0,1.0,0.0,0.0,0.0,1.0,8.0,1.0,7.8875,0.0,0.0,0.0,0,0.0,0,0.0,0.0,0.0,,3840,737280,0.7199999999999999,0.0,0.0,0.0,0.0,0,1.5,0.4875,5.9625,0.7572916666666666,0.2403645833333333,0.0,0.0,0.1125,1.5895056622846138,163.39509770871118,0.9394445409998298,stable_control,0.39257678334964163,0.03125
flocking_robust_active,11022,2.2604185987251304,0.6513124418471913,0.7613839285714286,0.9779761932797996,0.6436011932797996,0.5625,0.0,0.4375,0.0625,0.42857142857142855,0.01875,0.5633928571428571,75,0.9712369345325657,3.5663842056425303,4.761684100802509,203.36969320992628,0.9596205357142857,0.0,1.9892988850859439,3.668663774377827,5.010604332522448,1.9403996924397817,8.0,1.0,0.0,0.0,0.0,1.0,8.0,1.0,7.75,0.0,0.0,0.0,0,0.0,0,0.0,0.0,0.0,,3840,737280,0.7199999999999999,0.0,0.0,0.0,0.0,0,1.49375,0.46875,5.875,0.7652901785714286,0.23158482142857145,0.0125,0.0125,0.25,1.5604440176220842,201.81961794695422,0.9097118750214577,stable_control,1.5663842056425303,0.009620535714285783
flocking_robust_active,11023,2.17407823237311,0.5868207141764171,0.7589285714285714,0.8754215514257769,0.5363590514257769,0.55625,0.0,0.44375,0.0625,0.0,0.0,0.5571428571428572,77,0.6188140864992354,1.4518044973402833,3.8385251058842362,5.775060444291823,0.98828125,0.0,1.9377185440241333,3.695878720819188,4.947922815812808,1.8310260124224136,8.0,1.0,0.0,0.0,0.0,1.0,8.0,1.0,7.9125,0.0,0.0,0.0,0,0.0,0,0.0,0.0,0.0,,3840,737280,0.7199999999999999,0.0,0.0,0.0,0.0,0,1.49375,0.48125,5.99375,0.7589285714285714,0.23939732142857145,0.0,0.0,0.0875,1.5329271417996613,163.87793146128865,0.9382943750824779,stable_control,0.5481955026597167,0.038281250000000044
flocking_robust_active,11024,2.3272200510726875,0.7259883936064798,0.7621651785714285,0.9645737762518308,0.630198776251831,0.5625,0.0,0.4375,0.0625,0.25,0.0125,0.5633928571428571,76,0.9744096030975105,3.6377097982088635,4.128940480115757,165.25197790177765,0.94453125,0.0,2.0656258249201103,3.683479222977938,5.085816395655325,1.7939589698977478,8.0,1.0,0.0,0.0,0.0,1.0,8.0,1.0,7.9125,0.0,0.0,0.0,0,0.0,0,0.0,0.0,0.0,,3840,737280,0.7199999999999999,0.0,0.0,0.0,0.0,0,1.4875,0.475,6.025,0.7629464285714286,0.23549107142857145,0.0,0.0,0.0875,1.5354682523741663,158.5103086534354,0.9491270419675857,stable_control,1.6377097982088635,0.005468749999999911
flocking_robust_active,11025,2.2769602173136336,0.6097924393255939,0.7615699404761905,0.952077656861448,0.6177026568614481,0.5625,0.0,0.4375,0.0625,0.5,0.025,0.5601190476190476,76,0.9580063699761235,3.317013241468932,4.872444569453652,158.66071748991772,0.9542187500000001,0.0,1.8950862814525529,3.6845936864756665,5.078734955850491,1.8770602851077367,8.0,1.0,0.0,0.0,0.0,1.0,8.0,1.0,7.85625,0.0,0.0,0.0,0,0.0,0,0.0,0.0,0.0,,3840,737280,0.7199999999999999,0.0,0.0,0.0,0.0,0,1.4875,0.475,5.975,0.7633928571428571,0.23478422619047618,0.0,0.0,0.14375,1.5330296082987298,166.3978407574645,0.9427648331038654,stable_control,1.3170132414689322,0.00421875000000016
flocking_robust_active,11026,2.3173604127541934,0.680014471039784,0.75875,1.026004636030387,0.691629636030387,0.5625,0.0,0.4375,0.0625,0.3333333333333333,0.01875,0.5592857142857143,77,1.0147584191028978,3.8650591273600723,5.404880484884147,179.36116143762945,0.9377232142857143,0.0,1.941494885990209,3.6841733722125882,5.059311201849501,1.9012076135873102,8.0,1.0,0.0,0.0,0.0,1.0,8.0,1.0,7.8875,0.0,0.0,0.0,0,0.0,0,0.0,0.0,0.0,,3840,737280,0.7199999999999999,0.0,0.0,0.0,0.0,0,1.48125,0.48125,5.99375,0.760892857142857,0.23910714285714288,0.0,0.0,0.1125,1.5650183900892976,165.04212996926196,0.9257140830159187,stable_control,1.8650591273600723,0.012276785714285698
flocking_robust_active,11027,2.4126976714903092,1.063878436666844,0.7622767857142857,1.0617981833212653,0.7258606833212653,0.56875,0.0,0.43125,0.125,0.2727272727272727,0.01875,0.5714285714285714,49,1.2769804720888398,5.466724810152816,5.208452470080488,135.4296717295588,0.95,0.0,1.9901622972304183,3.68669991750062,4.904380083215122,1.8705561812789735,8.0,1.0,0.0,0.0,0.0,1.0,8.0,1.0,7.78125,0.0,0.0,0.0,0,0.0,0,0.0,0.0,0.0,,3840,737280,0.7199999999999999,0.0,0.0,0.0,0.0,0,1.4875,0.475,5.90625,0.7630580357142857,0.23459821428571428,0.0,0.0,0.21875,1.5572251149100143,198.9513671781566,0.8952330411411822,stable_control,3.466724810152816,0.0
flocking_robust_active,11028,2.183757608098489,0.6472766364756027,0.7598214285714285,0.9104493907865301,0.5760743907865302,0.5625,0.0,0.4375,0.0625,0.0,0.0,0.5641741071428571,77,0.6529487680105703,1.5967932818978066,4.890546894775364,6.891692282180523,0.96484375,0.0,1.920017070046594,3.69193505031802,5.029756915301054,1.8575866905502205,8.0,1.0,0.0,0.0,0.0,1.0,8.0,1.0,7.91875,0.0,0.0,0.0,0,0.0,0,0.0,0.0,0.0,,3840,737280,0.7199999999999999,0.0,0.0,0.0,0.0,0,1.5,0.48125,6.00625,0.7598214285714285,0.23783482142857143,0.00625,0.00625,0.08125,1.5326006702256543,149.06308916741764,0.9425821250770241,stable_control,0.40320671810219344,0.014843750000000044
flocking_robust_active,11029,2.235580408282494,0.6667508312884363,0.7579241071428571,0.9329174914583532,0.5938549914583533,0.55625,0.0,0.44375,0.0625,0.0,0.0,0.5580357142857142,76,0.6746240106100577,1.721352066215987,5.0106687590346555,6.676289543943687,0.9689732142857143,0.0,1.9459144242454678,3.691523857587059,5.044987633503718,1.8416186488701611,8.0,1.0,0.0,0.0,0.0,1.0,8.0,1.0,7.9125,0.0,0.0,0.0,0,0.0,0,0.0,0.0,0.0,,3840,737280,0.7199999999999999,0.0,0.0,0.0,0.0,0,1.49375,0.475,6.01875,0.7626116071428571,0.23426339285714287,0.0,0.0,0.0875,1.5343767844208327,152.15556692898596,0.9254909579176456,stable_control,0.2786479337840131,0.0189732142857143
flocking_topology_support,11000,2.1330563847004846,0.6092719765371206,0.74765625,0.9225389940657485,0.5734764940657483,0.54375,0.0,0.45625,0.06875,0.42857142857142855,0.01875,0.5234375,77,0.6937403608831338,1.8309669950416239,5.034483449841728,22.15503989961681,0.96953125,0.0,2.1334615846051,3.690306559349149,5.123494621424488,1.8272853461183793,8.0,1.0,0.0,0.0,0.0,1.0125,8.0,1.0,7.86875,0.0,0.01640625,0.0,0,0.0,2,50.68125,0.0,0.0,,3840,737280,0.7199999999999999,0.0,0.0,0.0,0.0,0,1.5,0.48125,5.98125,0.74765625,0.23359375,0.0,0.0,0.13125,1.549778876457197,165.18351509767714,0.9487982080318034,stable_control,0.16903300495837614,0.01953125
flocking_topology_support,11001,2.1968247206547447,0.6770282516537562,0.7421875,0.9520030743844231,0.6029405743844233,0.54375,0.0,0.45625,0.06875,0.0,0.0,0.515625,76,0.6742569366871081,1.729162746595629,4.897269092166421,7.838639470492648,0.9822098214285715,0.0,1.862439676252287,3.6880069998051335,5.156700005556564,1.7716572262942432,8.0,1.0,0.0,0.0,0.0,1.0125,8.0,1.0,7.825,0.0,0.021875,0.0,0,0.0,2,50.5375,0.0,0.0,,3840,737280,0.7199999999999999,0.0,0.0,0.0,0.0,0,1.475,0.475,5.9625,0.7453125,0.2328125,0.03125,0.03125,0.16875,1.5341753536466212,123.06715911358968,0.9581922499928623,stable_control,0.27083725340437104,0.03220982142857154
flocking_topology_support,11002,2.241020595377915,0.5976139808074842,0.75546875,0.8863727512625654,0.5426227512625654,0.55,0.0,0.45,0.0625,0.14285714285714285,0.00625,0.5390625,77,0.6146218999128894,1.408265745828103,3.5088772771948054,7.749979197267582,0.98515625,0.0,2.0009632399363615,3.675191448104266,5.1507034772848295,1.8881650919359907,8.0,1.0,0.0,0.0,0.0,1.0,8.0,1.0,7.93125,0.0,0.00859375,0.0,0,0.0,0,51.33125,0.0,0.0,,3840,737280,0.7199999999999999,0.0,0.0,0.0,0.0,0,1.48125,0.48125,6.05,0.75625,0.23515625,0.0,0.0,0.06875,1.5303590681245427,173.6230050559219,0.9582812080625445,stable_control,0.5917342541718971,0.03515625
flocking_topology_support,11003,2.1527454195463442,0.6430885419851943,0.7375,0.9371912832929418,0.5821912832929417,0.5375,0.0,0.4625,0.08125,0.0,0.0,0.525,80,0.6765020270140417,1.7783055688176845,5.086461468080473,9.346542339739663,0.9685416666666665,0.0,2.0818207986333364,3.6992896706583,5.175222506243275,1.8797917698345128,8.0,1.0,0.0,0.0,0.0,1.025,8.0,1.0,7.86875,0.0,0.01640625,0.0,0,0.0,2,50.58125,0.0,0.0,,3840,737280,0.7199999999999999,0.0,0.0,0.0,0.0,0,1.5125,0.4875,5.91875,0.73984375,0.2390625,0.0,0.0,0.13125,1.5822636973586406,121.21898055342886,0.9552464580629021,stable_control,0.22169443118231547,0.018541666666666567
flocking_topology_support,11004,2.2564009814478436,0.737184282927725,0.73671875,1.0105654802297603,0.6621279802297604,0.54375,0.0,0.45625,0.0625,0.125,0.00625,0.521875,79,0.7299148769812095,2.0194116898676135,5.87461200344201,10.597116466429899,0.9337053571428571,0.0,2.1192313973155334,3.678208733421748,5.108655757211204,1.887231160170098,8.0,1.0,0.0,0.0,0.0,1.0,8.0,1.0,7.8625,0.0,0.0171875,0.0,0,0.0,0,50.5875,0.0,0.0,,3840,737280,0.7199999999999999,0.0,0.0,0.0,0.0,0,1.50625,0.49375,5.91875,0.73984375,0.240625,0.0,0.0,0.1375,1.552657259079863,156.50395521054705,0.9603587079327554,stable_control,0.019411689867613546,0.016294642857142883
flocking_topology_support,11005,2.1275322547527065,0.5763822631266646,0.74609375,0.8659634362459471,0.5256509362459472,0.55625,0.0,0.44375,0.075,0.1111111111111111,0.00625,0.5296875,77,0.6185018234887688,1.4532023069252358,3.747417196900662,5.5340840317756115,0.9921875,0.0,1.9278239424253463,3.6897585584743124,5.154992059741124,1.8543110470688617,8.0,1.0,0.0,0.0,0.0,1.0,8.0,1.0,7.88125,0.0,0.01484375,0.0,0,0.0,0,50.88125,0.0,0.0,,3840,737280,0.7199999999999999,0.0,0.0,0.0,0.0,0,1.4875,0.48125,5.96875,0.74609375,0.23828125,0.0,0.0,0.11875,1.5379298121297666,123.46613420511436,0.9747044579125941,stable_control,0.5467976930747642,0.042187500000000044
flocking_topology_support,11006,2.2375073092694246,0.646787837660421,0.746875,0.9342413083216883,0.5904913083216883,0.55,0.0,0.45,0.0625,0.0,0.0,0.534375,77,0.6616154246850594,1.6432503920799646,3.930870610577122,5.526910206806636,0.9859375,0.0,1.9451861978400302,3.6839713263257705,5.1393516206609275,1.8420674653832272,8.0,1.0,0.0,0.0,0.0,1.0,8.0,1.0,7.9,0.0,0.0125,0.0,0,0.0,0,51.0375,0.0,0.0,,3840,737280,0.7199999999999999,0.0,0.0,0.0,0.0,0,1.4875,0.48125,5.99375,0.74921875,0.2375,0.0,0.0,0.1,1.5307694093034674,166.7111974323042,0.9683109589386731,stable_control,0.3567496079200354,0.03593750000000007
flocking_topology_support,11007,2.1555601658124126,0.5775451654227631,0.74453125,0.8624175126314609,0.5186675126314609,0.55,0.0,0.45,0.0625,0.0,0.0,0.534375,78,0.6132477516150939,1.4311928234859486,3.6608577055782283,10.715438312801263,0.9682291666666666,0.0,1.8666643969455072,3.6847227411854595,5.150705198536558,1.879726468100405,8.0,1.0,0.0,0.0,0.0,1.0,8.0,1.0,7.9,0.0,0.0125,0.0,0,0.0,0,50.9875,0.0,0.0,,3840,737280,0.7199999999999999,0.0,0.0,0.0,0.0,0,1.49375,0.4875,5.95625,0.74453125,0.24140625,0.0,0.0,0.1,1.5515179626789948,155.95145482693874,0.9681740421801805,stable_control,0.5688071765140514,0.01822916666666663
flocking_topology_support,11008,2.221003209185906,0.6178499490292926,0.746875,0.8772219523331477,0.5381594523331478,0.55625,0.0,0.44375,0.0625,0.1111111111111111,0.00625,0.5453125,78,0.6401677820621038,1.5517766622072695,4.473060718668681,13.830904268536857,0.9643229166666666,0.0,1.9680410180717154,3.6962674225102345,5.18938368422153,1.8559044250522014,8.0,1.0,0.0,0.0,0.0,1.0,8.0,1.0,7.93125,0.0,0.00859375,0.0,0,0.0,0,51.13125,0.0,0.0,,3840,737280,0.7199999999999999,0.0,0.0,0.0,0.0,0,1.50625,0.48125,5.99375,0.74921875,0.2375,0.0,0.0,0.06875,1.5416383538808283,130.2774268547155,0.9690970839001238,stable_control,0.4482233377927305,0.01432291666666663
flocking_topology_support,11009,2.202087081654662,0.6523466092006925,0.73203125,0.9037015032606515,0.5646390032606514,0.55625,0.0,0.44375,0.0625,0.0,0.0,0.51015625,77,0.6739360112896278,1.696841133329923,3.4479244504299578,42.188297647003424,0.9864583333333334,0.0,1.8718281725646748,3.671550519559949,5.0865618820579614,1.883337850018536,8.0,1.0,0.0,0.0,0.0,1.0,8.0,1.0,7.725,0.0,0.034375,0.0,0,0.0,0,49.66875,0.0,0.0,,3840,737280,0.7199999999999999,0.0,0.0,0.0,0.0,0,1.48125,0.475,5.89375,0.73671875,0.228125,0.05625,0.05,0.25625,1.5642541334491624,172.74877305606492,0.9483020410407335,stable_control,0.3031588666700771,0.03645833333333348
flocking_topology_support,11010,2.2829047662022073,0.685906910040464,0.73984375,0.9509546240090287,0.6025171240090286,0.54375,0.0,0.45625,0.0625,0.14285714285714285,0.00625,0.5125,78,0.688504384708654,1.7799263950580992,4.897353982731977,8.061663285855968,0.9597098214285715,0.0,2.017983874701611,3.6909486705771335,5.15300763586108,1.8827930659943775,8.0,1.0,0.0,0.0,0.0,1.025,8.0,1.0,7.8375,0.0,0.0203125,0.0,0,0.0,2,50.3875,0.0,0.0,,3840,737280,0.7199999999999999,0.0,0.0,0.0,0.0,0,1.50625,0.4875,5.91875,0.73984375,0.2375,0.01875,0.01875,0.15625,1.566231581532302,121.17996940587763,0.9606300420127809,stable_control,0.22007360494190076,0.009709821428571574
flocking_topology_support,11011,2.164381621002717,0.6566545671271717,0.74921875,0.9353548245026314,0.5916048245026315,0.55,0.0,0.45,0.0625,0.0,0.0,0.5328125,76,0.6557931977170636,1.617806648417138,4.068140100471407,6.993831261759432,0.9770758928571428,0.0,2.0145365106135946,3.685740895597158,5.159205622371224,1.8309749144930005,8.0,1.0,0.0,0.0,0.0,1.01875,8.0,1.0,7.8625,0.0,0.0171875,0.0,0,0.0,2,50.7875,0.0,0.0,,3840,737280,0.7199999999999999,0.0,0.0,0.0,0.0,0,1.48125,0.46875,6.0125,0.7515625,0.2296875,0.0,0.0,0.1375,1.5416501368457927,121.3366495282433,0.9599211669992656,stable_control,0.38219335158286194,0.027075892857142847
flocking_topology_support,11012,2.14725512026589,0.6304111232604709,0.74765625,0.8807249306029572,0.5369749306029572,0.55,0.0,0.45,0.0625,0.0,0.0,0.53359375,77,0.6612077626272638,1.6001291012177603,4.191853015660236,9.03807371244223,0.9668526785714284,0.0,2.0882865177974046,3.679572575651359,5.140505237123733,1.9086119713167444,8.0,1.0,0.0,0.0,0.0,1.0125,8.0,1.0,7.8875,0.0,0.0140625,0.0,0,0.0,2,50.85,0.0,0.0,,3840,737280,0.7199999999999999,0.0,0.0,0.0,0.0,0,1.49375,0.48125,5.9875,0.7484375,0.2359375,0.01875,0.01875,0.10625,1.5654381233503618,173.3099398394488,0.9799641659483314,stable_control,0.3998708987822397,0.01685267857142847
flocking_topology_support,11013,2.165575494166388,0.606136370275998,0.75234375,0.9118194778474296,0.5627569778474296,0.54375,0.0,0.45625,0.06875,0.16666666666666666,0.00625,0.525,76,0.6406301964402183,1.5597126601652938,3.4843430065985608,6.678713135682862,0.978125,0.0,1.8238774275352383,3.688198524090307,5.181789362163353,1.879787422618125,8.0,1.0,0.0,0.0,0.0,1.0,8.0,1.0,7.91875,0.0,0.01015625,0.0,0,0.0,0,51.24375,0.0,0.0,,3840,737280,0.7199999999999999,0.0,0.0,0.0,0.0,0,1.48125,0.475,6.025,0.753125,0.2359375,0.0,0.0,0.08125,1.549334487952132,152.25068596807606,0.9909443750511855,stable_control,0.44028733983470625,0.028125000000000067
flocking_topology_support,11014,2.1596658018927153,0.6109398675858084,0.746875,0.8859138310981336,0.5515388310981336,0.5625,0.0,0.4375,0.0625,0.1111111111111111,0.00625,0.54296875,77,0.6331774048861628,1.5181883918202979,4.008355946737011,6.592176864613111,0.9859375,0.0,2.0894863987470886,3.6940347998302405,5.0708490947487475,1.815310227329573,8.0,1.0,0.0,0.0,0.0,1.00625,8.0,1.0,7.8875,0.0,0.0140625,0.0,0,0.0,2,50.8375,0.0,0.0,,3840,737280,0.7199999999999999,0.0,0.0,0.0,0.0,0,1.5,0.48125,6.0,0.75,0.23359375,0.0,0.0,0.1125,1.5423164051359035,148.1101366676639,0.9636654159985483,stable_control,0.48181160817970214,0.03593750000000007
flocking_topology_support,11015,2.2074724235020255,0.6655085416586225,0.73828125,0.9713946093777661,0.6176446093777661,0.5375,0.0,0.4625,0.06875,0.0,0.0,0.5109375,77,0.6975472971896843,1.8274283415339583,4.677578412298197,7.738710899359035,0.9767113095238095,0.0,2.0296686616009825,3.6964510160881554,5.021254711097816,1.8105105708999922,8.0,1.0,0.0,0.0,0.0,1.0,8.0,1.0,7.8,0.0,0.025,0.0,0,0.0,0,50.18125,0.0,0.0,,3840,737280,0.7199999999999999,0.0,0.0,0.0,0.0,0,1.49375,0.48125,5.93125,0.74140625,0.23125,0.025,0.025,0.19375,1.534600074787697,145.39260881859056,0.9482365830335766,stable_control,0.17257165846604172,0.026711309523809512
flocking_topology_support,11016,2.2239304174112338,0.6703459194850143,0.7484375,0.9272363460474911,0.5881738460474911,0.55625,0.0,0.44375,0.0625,0.0,0.0,0.534375,76,0.6769921886172066,1.711872412062975,4.22330254302456,6.900037717404173,0.97109375,0.0,2.148852926027934,3.6956781747317735,5.1373534713667635,1.8786004980196438,8.0,1.0,0.0,0.0,0.0,1.0125,8.0,1.0,7.90625,0.0,0.01171875,0.0,0,0.0,2,51.0375,0.0,0.0,,3840,737280,0.7199999999999999,0.0,0.0,0.0,0.0,0,1.49375,0.475,6.01875,0.75234375,0.23359375,0.0,0.0,0.09375,1.5428779577993537,109.65415633587715,0.9730644158553332,stable_control,0.2881275879370251,0.021093750000000022
flocking_topology_support,11017,2.197466811065714,0.5864085096357313,0.746875,0.8714869412629959,0.5264869412629959,0.55,0.0,0.45,0.075,0.1,0.00625,0.5390625,80,0.6451885968596043,1.5369998943853758,3.942891151075945,13.411095320575834,0.9776041666666666,0.0,1.7649562777449244,3.670432201145398,5.180781453882327,1.8910536445707073,8.0,1.0,0.0,0.0,0.0,1.0,8.0,1.0,7.93125,0.0,0.00859375,0.0,0,0.0,0,51.1875,0.0,0.0,,3840,737280,0.7199999999999999,0.0,0.0,0.0,0.0,0,1.5,0.4875,6.00625,0.75078125,0.23828125,0.0,0.0,0.06875,1.569368614141732,160.4000336190098,0.9847997499164194,stable_control,0.46300010561462424,0.027604166666666652
flocking_topology_support,11018,2.125488877279049,0.6902786346954153,0.73203125,0.9736120322010319,0.6298620322010319,0.55,0.0,0.45,0.0625,0.0,0.0,0.5109375,78,0.7032586191139756,1.840366410574458,4.120922854030594,8.101875276621769,0.9671875,0.0,2.0366767206256076,3.6892637586639623,5.033938890655393,1.8582532949595383,8.0,1.0,0.0,0.0,0.0,1.0,8.0,1.0,7.8,0.0,0.025,0.0,0,0.0,0,50.13125,0.0,0.0,,3840,737280,0.7199999999999999,0.0,0.0,0.0,0.0,0,1.5,0.4875,5.86875,0.73359375,0.2390625,0.04375,0.04375,0.18125,1.5645935167724327,155.70151560847876,0.9490662501193583,stable_control,0.15963358942554207,0.017187500000000022
flocking_topology_support,11019,2.336734723042088,0.6637574686639182,0.74765625,0.9912751736050804,0.6569001736050804,0.5625,0.0,0.4375,0.0625,0.42857142857142855,0.01875,0.5265625,75,1.0056325067873946,3.77195158502544,4.439175547540628,216.0006336316434,0.9633928571428572,0.0,1.9182693132393283,3.673973440582594,5.051742687603585,1.8585627080094649,8.0,1.0,0.0,0.0,0.0,1.025,8.0,1.0,7.85625,0.0,0.01796875,0.0,0,0.0,2,50.78125,0.0,0.0,,3840,737280,0.7199999999999999,0.0,0.0,0.0,0.0,0,1.475,0.46875,5.98125,0.74765625,0.23359375,0.0375,0.0375,0.13125,1.5383491454452702,185.5313734116719,0.9615590840112418,stable_control,1.7719515850254401,0.013392857142857206
flocking_topology_support,11020,2.380919685037872,0.6507845561473454,0.740625,1.0069414044872156,0.6672539044872154,0.55625,0.0,0.44375,0.06875,0.375,0.01875,0.5140625,77,0.9846187763864513,3.639990665265315,5.500837766858583,165.16030063915832,0.9483705357142856,0.0,2.0824386491631066,3.6763495804177424,5.142820062785972,1.9165617276512676,8.0,1.0,0.0,0.0,0.0,1.0,8.0,1.0,7.83125,0.0,0.02109375,0.0,0,0.0,0,50.38125,0.0,0.0,,3840,737280,0.7199999999999999,0.0,0.0,0.0,0.0,0,1.5,0.48125,5.93125,0.74140625,0.23515625,0.00625,0.00625,0.16875,1.561713227300411,165.9870888164094,0.9699483748991042,stable_control,1.639990665265315,0.0016294642857143105
flocking_topology_support,11021,2.1975595224299247,0.6858032047210127,0.7453125,0.9591797996339564,0.6141797996339563,0.55,0.0,0.45,0.075,0.0,0.0,0.5296875,78,0.6876605130219211,1.7657035264047138,4.633208744859436,9.435673011904772,0.9658482142857142,0.0,1.9973960003742264,3.6739270988231305,5.18865896946474,1.926941243739607,8.0,1.0,0.0,0.0,0.0,1.01875,8.0,1.0,7.88125,0.0,0.01484375,0.0,0,0.0,2,50.8375,0.0,0.0,,3840,737280,0.7199999999999999,0.0,0.0,0.0,0.0,0,1.49375,0.4875,5.96875,0.74609375,0.2375,0.0,0.0,0.11875,1.589812964892424,160.38436818011525,0.9850680001545697,stable_control,0.23429647359528616,0.015848214285714257
flocking_topology_support,11022,2.1908153693310117,0.647592892645172,0.73359375,0.9287365361890497,0.5843615361890497,0.55,0.0,0.45,0.06875,0.16666666666666666,0.00625,0.5046875,75,0.7779965197677705,2.288212027632218,4.114649851922625,86.96191505367122,0.97109375,0.0,2.016110825513904,3.664151808494843,5.140835365011238,1.9837902471121631,8.0,1.0,0.0,0.0,0.0,1.0,8.0,1.0,7.7625,0.0,0.0296875,0.0,0,0.0,0,49.8875,0.0,0.0,,3840,737280,0.7199999999999999,0.0,0.0,0.0,0.0,0,1.49375,0.46875,5.8875,0.7359375,0.23125,0.0,0.0,0.2375,1.5589961542037238,199.10339936727678,0.9381119159515947,stable_control,0.288212027632218,0.021093750000000022
flocking_topology_support,11023,2.1912487707836834,0.6655948895352101,0.7484375,0.9317235984053631,0.5779735984053633,0.5375,0.0,0.4625,0.06875,0.0,0.0,0.528125,77,0.6960950846031682,1.819077974822226,4.930639632274062,11.037527921660201,0.9453125,0.0,1.9258363946518429,3.6892135200245044,5.030531229982349,1.8603992732466197,8.0,1.0,0.0,0.0,0.0,1.0,8.0,1.0,7.90625,0.0,0.01171875,0.0,0,0.0,0,51.03125,0.0,0.0,,3840,737280,0.7199999999999999,0.0,0.0,0.0,0.0,0,1.49375,0.48125,5.9875,0.7484375,0.23828125,0.0,0.0,0.09375,1.5351377369759116,160.12270087987173,0.9610252918209881,stable_control,0.1809220251777739,0.004687499999999956
flocking_topology_support,11024,2.2955778956637425,0.7728121399783668,0.75234375,1.006608576867014,0.6722335768670141,0.5625,0.0,0.4375,0.0625,0.25,0.0125,0.540625,76,0.9979684313953514,3.8238449800964163,6.514281581947219,165.25197790177765,0.9208482142857143,0.0,2.0682085927523297,3.6806548021137653,5.160374195775009,1.8455152998040922,8.0,1.0,0.0,0.0,0.0,1.0,8.0,1.0,7.9,0.0,0.0125,0.0,0,0.0,0,51.04375,0.0,0.0,,3840,737280,0.7199999999999999,0.0,0.0,0.0,0.0,0,1.4875,0.475,6.01875,0.75234375,0.23359375,0.0,0.0,0.1,1.5344609313528026,157.65474284497333,0.9731843750923872,stable_control,1.8238449800964163,0.029151785714285672
flocking_topology_support,11025,2.1966362640809534,0.6143353088961065,0.746875,0.9090943379270339,0.5494068379270338,0.53125,0.0,0.46875,0.08125,0.16666666666666666,0.00625,0.528125,76,0.652390644316412,1.592294920946196,4.170222956012557,13.19364812331024,0.97890625,0.0,1.9422187362153571,3.6813664769147145,5.132141962566544,1.8505737785399596,8.0,1.0,0.0,0.0,0.0,1.0,8.0,1.0,7.875,0.0,0.015625,0.0,0,0.0,0,50.8375,0.0,0.0,,3840,737280,0.7199999999999999,0.0,0.0,0.0,0.0,0,1.4875,0.475,5.98125,0.74765625,0.23515625,0.0,0.0,0.125,1.5318398207002637,166.0114898436472,0.9776449589990079,stable_control,0.40770507905380393,0.028906250000000022
flocking_topology_support,11026,2.132466664182373,0.6585818744368831,0.7515625,0.918621850326813,0.5748718503268129,0.55,0.0,0.45,0.0625,0.0,0.0,0.540625,77,0.653995788400512,1.5886608847457828,3.9840764267274156,7.451001537936361,0.98203125,0.0,1.920159689952485,3.677205393379674,5.09723000948539,1.8697213375909443,8.0,1.0,0.0,0.0,0.0,1.025,8.0,1.0,7.9125,0.0,0.0109375,0.0,0,0.0,2,51.1875,0.0,0.0,,3840,737280,0.7199999999999999,0.0,0.0,0.0,0.0,0,1.48125,0.48125,6.025,0.753125,0.2359375,0.0,0.0,0.0875,1.5639309209576733,163.5050006847492,0.9831819159444422,stable_control,0.4113391152542172,0.03203125000000007
flocking_topology_support,11027,2.3392162341550975,1.0836150987428925,0.73828125,1.0412260088087626,0.6921635088087624,0.54375,0.0,0.45625,0.06875,0.0,0.0,0.528125,49,1.09754276100741,4.239421639656356,5.232582553093988,137.62766830304707,0.9486979166666666,0.0,2.0026126774057063,3.6734019266072067,5.091315915915826,1.8928774433377131,8.0,1.0,0.0,0.0,0.0,1.0,8.0,1.0,7.7875,0.0,0.0265625,0.0,0,0.0,0,50.1375,0.0,0.0,,3840,737280,0.7199999999999999,0.0,0.0,0.0,0.0,0,1.4875,0.475,5.91875,0.73984375,0.23203125,0.0,0.0,0.2125,1.5578715476480696,193.43570295100233,0.9597571671474725,stable_control,2.2394216396563564,0.0013020833333333703
flocking_topology_support,11028,2.187856001510648,0.6490008007637413,0.75,0.9105537250638072,0.5761787250638072,0.5625,0.0,0.4375,0.0625,0.0,0.0,0.54453125,77,0.662981948699557,1.6206596106864262,4.524451429264358,6.82788730947148,0.9582589285714285,0.0,1.9130930967153332,3.683910950195572,5.1235726752699575,1.8565220280282886,8.0,1.0,0.0,0.0,0.0,1.01875,8.0,1.0,7.91875,0.0,0.01015625,0.0,0,0.0,2,51.08125,0.0,0.0,,3840,737280,0.7199999999999999,0.0,0.0,0.0,0.0,0,1.5,0.48125,6.00625,0.75078125,0.23671875,0.00625,0.00625,0.08125,1.5323453135236988,147.39794224067495,0.9961107920389622,stable_control,0.37934038931357383,0.008258928571428514
flocking_topology_support,11029,2.234910643022939,0.6657639661784879,0.7484375,0.9432479633028672,0.5988729633028672,0.55,0.0,0.45,0.06875,0.0,0.0,0.5390625,76,0.6692302140985953,1.7009157780257873,4.017226882997872,4.55280923625274,0.9984375,0.0,1.977307131540196,3.6870792274524917,5.096624773450839,1.8329447000104202,8.0,1.0,0.0,0.0,0.0,1.0,8.0,1.0,7.9125,0.0,0.0109375,0.0,0,0.0,0,51.0875,0.0,0.0,,3840,737280,0.7199999999999999,0.0,0.0,0.0,0.0,0,1.49375,0.475,6.025,0.753125,0.2328125,0.0,0.0,0.0875,1.5360386776481705,152.84354992682236,0.984715374885127,stable_control,0.2990842219742127,0.04843750000000002
flocking_topology_rejoin,11000,2.1330563847004846,0.6092719765371206,0.74765625,0.9225389940657485,0.5734764940657483,0.54375,0.0,0.45625,0.06875,0.42857142857142855,0.01875,0.5234375,77,0.6937403608831338,1.8309669950416239,5.034483449841728,22.15503989961681,0.96953125,0.0,2.1334615846051,3.690306559349149,5.123494621424488,1.8272853461183793,8.0,1.0,0.0,0.0,0.0,1.0125,8.0,1.0,7.86875,0.0,0.01640625,0.0,0,0.0,2,50.68125,0.0,0.0,,3840,737280,0.7199999999999999,0.0,0.0,0.0,0.0,0,1.5,0.48125,5.98125,0.74765625,0.23359375,0.0,0.0,0.13125,1.549778876457197,165.18351509767714,0.9580971251707524,stable_control,0.16903300495837614,0.01953125
flocking_topology_rejoin,11001,2.1968247206547447,0.6770282516537562,0.7421875,0.9520030743844231,0.6029405743844233,0.54375,0.0,0.45625,0.06875,0.0,0.0,0.515625,76,0.6742569366871081,1.729162746595629,4.897269092166421,7.838639470492648,0.9822098214285715,0.0,1.862439676252287,3.6880069998051335,5.156700005556564,1.7716572262942432,8.0,1.0,0.0,0.0,0.0,1.0125,8.0,1.0,7.825,0.0,0.021875,0.0,0,0.0,2,50.5375,0.0,0.0,,3840,737280,0.7199999999999999,0.0,0.0,0.0,0.0,0,1.475,0.475,5.9625,0.7453125,0.2328125,0.03125,0.03125,0.16875,1.5341753536466212,123.06715911358968,0.9745505000464618,stable_control,0.27083725340437104,0.03220982142857154
flocking_topology_rejoin,11002,2.241020595377915,0.5976139808074842,0.75546875,0.8863727512625654,0.5426227512625654,0.55,0.0,0.45,0.0625,0.14285714285714285,0.00625,0.5390625,77,0.6146218999128894,1.408265745828103,3.5088772771948054,7.749979197267582,0.98515625,0.0,2.0009632399363615,3.675191448104266,5.1507034772848295,1.8881650919359907,8.0,1.0,0.0,0.0,0.0,1.0,8.0,1.0,7.93125,0.0,0.00859375,0.0,0,0.0,0,51.33125,0.0,0.0,,3840,737280,0.7199999999999999,0.0,0.0,0.0,0.0,0,1.48125,0.48125,6.05,0.75625,0.23515625,0.0,0.0,0.06875,1.5303590681245427,173.6230050559219,0.9934789161197841,stable_control,0.5917342541718971,0.03515625
flocking_topology_rejoin,11003,2.1527454195463442,0.6430885419851943,0.7375,0.9371912832929418,0.5821912832929417,0.5375,0.0,0.4625,0.08125,0.0,0.0,0.525,80,0.6765020270140417,1.7783055688176845,5.086461468080473,9.346542339739663,0.9685416666666665,0.0,2.0818207986333364,3.6992896706583,5.175222506243275,1.8797917698345128,8.0,1.0,0.0,0.0,0.0,1.025,8.0,1.0,7.86875,0.0,0.01640625,0.0,0,0.0,2,50.58125,0.0,0.0,,3840,737280,0.7199999999999999,0.0,0.0,0.0,0.0,0,1.5125,0.4875,5.91875,0.73984375,0.2390625,0.0,0.0,0.13125,1.5822636973586406,121.21898055342886,0.9815143328160048,stable_control,0.22169443118231547,0.018541666666666567
flocking_topology_rejoin,11004,2.2564009814478436,0.737184282927725,0.73671875,1.0105654802297603,0.6621279802297604,0.54375,0.0,0.45625,0.0625,0.125,0.00625,0.521875,79,0.7299148769812095,2.0194116898676135,5.87461200344201,10.597116466429899,0.9337053571428571,0.0,2.1192313973155334,3.678208733421748,5.108655757211204,1.887231160170098,8.0,1.0,0.0,0.0,0.0,1.0,8.0,1.0,7.8625,0.0,0.0171875,0.0,0,0.0,0,50.5875,0.0,0.0,,3840,737280,0.7199999999999999,0.0,0.0,0.0,0.0,0,1.50625,0.49375,5.91875,0.73984375,0.240625,0.0,0.0,0.1375,1.552657259079863,156.50395521054705,0.987030333140865,stable_control,0.019411689867613546,0.016294642857142883
flocking_topology_rejoin,11005,2.1275322547527065,0.5763822631266646,0.74609375,0.8659634362459471,0.5256509362459472,0.55625,0.0,0.44375,0.075,0.1111111111111111,0.00625,0.5296875,77,0.6185018234887688,1.4532023069252358,3.747417196900662,5.5340840317756115,0.9921875,0.0,1.9278239424253463,3.6897585584743124,5.154992059741124,1.8543110470688617,8.0,1.0,0.0,0.0,0.0,1.0,8.0,1.0,7.88125,0.0,0.01484375,0.0,0,0.0,0,50.88125,0.0,0.0,,3840,737280,0.7199999999999999,0.0,0.0,0.0,0.0,0,1.4875,0.48125,5.96875,0.74609375,0.23828125,0.0,0.0,0.11875,1.5379298121297666,123.46613420511436,0.9938271250575781,stable_control,0.5467976930747642,0.042187500000000044
flocking_topology_rejoin,11006,2.2375073092694246,0.646787837660421,0.746875,0.9342413083216883,0.5904913083216883,0.55,0.0,0.45,0.0625,0.0,0.0,0.534375,77,0.6616154246850594,1.6432503920799646,3.930870610577122,5.526910206806636,0.9859375,0.0,1.9451861978400302,3.6839713263257705,5.1393516206609275,1.8420674653832272,8.0,1.0,0.0,0.0,0.0,1.0,8.0,1.0,7.9,0.0,0.0125,0.0,0,0.0,0,51.0375,0.0,0.0,,3840,737280,0.7199999999999999,0.0,0.0,0.0,0.0,0,1.4875,0.48125,5.99375,0.74921875,0.2375,0.0,0.0,0.1,1.5307694093034674,166.7111974323042,1.002220000140369,stable_control,0.3567496079200354,0.03593750000000007
flocking_topology_rejoin,11007,2.1555601658124126,0.5775451654227631,0.74453125,0.8624175126314609,0.5186675126314609,0.55,0.0,0.45,0.0625,0.0,0.0,0.534375,78,0.6132477516150939,1.4311928234859486,3.6608577055782283,10.715438312801263,0.9682291666666666,0.0,1.8666643969455072,3.6847227411854595,5.150705198536558,1.879726468100405,8.0,1.0,0.0,0.0,0.0,1.0,8.0,1.0,7.9,0.0,0.0125,0.0,0,0.0,0,50.9875,0.0,0.0,,3840,737280,0.7199999999999999,0.0,0.0,0.0,0.0,0,1.49375,0.4875,5.95625,0.74453125,0.24140625,0.0,0.0,0.1,1.5515179626789948,155.95145482693874,0.9920789999887347,stable_control,0.5688071765140514,0.01822916666666663
flocking_topology_rejoin,11008,2.221003209185906,0.6178499490292926,0.746875,0.8772219523331477,0.5381594523331478,0.55625,0.0,0.44375,0.0625,0.1111111111111111,0.00625,0.5453125,78,0.6401677820621038,1.5517766622072695,4.473060718668681,13.830904268536857,0.9643229166666666,0.0,1.9680410180717154,3.6962674225102345,5.18938368422153,1.8559044250522014,8.0,1.0,0.0,0.0,0.0,1.0,8.0,1.0,7.93125,0.0,0.00859375,0.0,0,0.0,0,51.13125,0.0,0.0,,3840,737280,0.7199999999999999,0.0,0.0,0.0,0.0,0,1.50625,0.48125,5.99375,0.74921875,0.2375,0.0,0.0,0.06875,1.5416383538808283,130.2774268547155,0.9927090830169618,stable_control,0.4482233377927305,0.01432291666666663
flocking_topology_rejoin,11009,2.202087081654662,0.6523466092006925,0.73203125,0.9037015032606515,0.5646390032606514,0.55625,0.0,0.44375,0.0625,0.0,0.0,0.51015625,77,0.6739360112896278,1.696841133329923,3.4479244504299578,42.188297647003424,0.9864583333333334,0.0,1.8718281725646748,3.671550519559949,5.0865618820579614,1.883337850018536,8.0,1.0,0.0,0.0,0.0,1.0,8.0,1.0,7.725,0.0,0.034375,0.0,0,0.0,0,49.66875,0.0,0.0,,3840,737280,0.7199999999999999,0.0,0.0,0.0,0.0,0,1.48125,0.475,5.89375,0.73671875,0.228125,0.05625,0.05,0.25625,1.5642541334491624,172.74877305606492,0.9670662910211831,stable_control,0.3031588666700771,0.03645833333333348
flocking_topology_rejoin,11010,2.2829047662022073,0.685906910040464,0.73984375,0.9509546240090287,0.6025171240090286,0.54375,0.0,0.45625,0.0625,0.14285714285714285,0.00625,0.5125,78,0.688504384708654,1.7799263950580992,4.897353982731977,8.061663285855968,0.9597098214285715,0.0,2.017983874701611,3.6909486705771335,5.15300763586108,1.8827930659943775,8.0,1.0,0.0,0.0,0.0,1.025,8.0,1.0,7.8375,0.0,0.0203125,0.0,0,0.0,2,50.3875,0.0,0.0,,3840,737280,0.7199999999999999,0.0,0.0,0.0,0.0,0,1.50625,0.4875,5.91875,0.73984375,0.2375,0.01875,0.01875,0.15625,1.566231581532302,121.17996940587763,0.987256791908294,stable_control,0.22007360494190076,0.009709821428571574
flocking_topology_rejoin,11011,2.164381621002717,0.6566545671271717,0.74921875,0.9353548245026314,0.5916048245026315,0.55,0.0,0.45,0.0625,0.0,0.0,0.5328125,76,0.6557931977170636,1.617806648417138,4.068140100471407,6.993831261759432,0.9770758928571428,0.0,2.0145365106135946,3.685740895597158,5.159205622371224,1.8309749144930005,8.0,1.0,0.0,0.0,0.0,1.01875,8.0,1.0,7.8625,0.0,0.0171875,0.0,0,0.0,2,50.7875,0.0,0.0,,3840,737280,0.7199999999999999,0.0,0.0,0.0,0.0,0,1.48125,0.46875,6.0125,0.7515625,0.2296875,0.0,0.0,0.1375,1.5416501368457927,121.3366495282433,0.9911384168080986,stable_control,0.38219335158286194,0.027075892857142847
flocking_topology_rejoin,11012,2.14725512026589,0.6304111232604709,0.74765625,0.8807249306029572,0.5369749306029572,0.55,0.0,0.45,0.0625,0.0,0.0,0.53359375,77,0.6612077626272638,1.6001291012177603,4.191853015660236,9.03807371244223,0.9668526785714284,0.0,2.0882865177974046,3.679572575651359,5.140505237123733,1.9086119713167444,8.0,1.0,0.0,0.0,0.0,1.0125,8.0,1.0,7.8875,0.0,0.0140625,0.0,0,0.0,2,50.85,0.0,0.0,,3840,737280,0.7199999999999999,0.0,0.0,0.0,0.0,0,1.49375,0.48125,5.9875,0.7484375,0.2359375,0.01875,0.01875,0.10625,1.5654381233503618,173.3099398394488,0.9901379169896245,stable_control,0.3998708987822397,0.01685267857142847
flocking_topology_rejoin,11013,2.165575494166388,0.606136370275998,0.75234375,0.9118194778474296,0.5627569778474296,0.54375,0.0,0.45625,0.06875,0.16666666666666666,0.00625,0.525,76,0.6406301964402183,1.5597126601652938,3.4843430065985608,6.678713135682862,0.978125,0.0,1.8238774275352383,3.688198524090307,5.181789362163353,1.879787422618125,8.0,1.0,0.0,0.0,0.0,1.0,8.0,1.0,7.91875,0.0,0.01015625,0.0,0,0.0,0,51.24375,0.0,0.0,,3840,737280,0.7199999999999999,0.0,0.0,0.0,0.0,0,1.48125,0.475,6.025,0.753125,0.2359375,0.0,0.0,0.08125,1.549334487952132,152.25068596807606,1.0061638329643756,stable_control,0.44028733983470625,0.028125000000000067
flocking_topology_rejoin,11014,2.1596658018927153,0.6109398675858084,0.746875,0.8859138310981336,0.5515388310981336,0.5625,0.0,0.4375,0.0625,0.1111111111111111,0.00625,0.54296875,77,0.6331774048861628,1.5181883918202979,4.008355946737011,6.592176864613111,0.9859375,0.0,2.0894863987470886,3.6940347998302405,5.0708490947487475,1.815310227329573,8.0,1.0,0.0,0.0,0.0,1.00625,8.0,1.0,7.8875,0.0,0.0140625,0.0,0,0.0,2,50.8375,0.0,0.0,,3840,737280,0.7199999999999999,0.0,0.0,0.0,0.0,0,1.5,0.48125,6.0,0.75,0.23359375,0.0,0.0,0.1125,1.5423164051359035,148.1101366676639,0.9960954999551177,stable_control,0.48181160817970214,0.03593750000000007
flocking_topology_rejoin,11015,2.2074724235020255,0.6655085416586225,0.73828125,0.9713946093777661,0.6176446093777661,0.5375,0.0,0.4625,0.06875,0.0,0.0,0.5109375,77,0.6975472971896843,1.8274283415339583,4.677578412298197,7.738710899359035,0.9767113095238095,0.0,2.0296686616009825,3.6964510160881554,5.021254711097816,1.8105105708999922,8.0,1.0,0.0,0.0,0.0,1.0,8.0,1.0,7.8,0.0,0.025,0.0,0,0.0,0,50.18125,0.0,0.0,,3840,737280,0.7199999999999999,0.0,0.0,0.0,0.0,0,1.49375,0.48125,5.93125,0.74140625,0.23125,0.025,0.025,0.19375,1.534600074787697,145.39260881859056,1.0008010410238057,stable_control,0.17257165846604172,0.026711309523809512
flocking_topology_rejoin,11016,2.2239304174112338,0.6703459194850143,0.7484375,0.9272363460474911,0.5881738460474911,0.55625,0.0,0.44375,0.0625,0.0,0.0,0.534375,76,0.6769921886172066,1.711872412062975,4.22330254302456,6.900037717404173,0.97109375,0.0,2.148852926027934,3.6956781747317735,5.1373534713667635,1.8786004980196438,8.0,1.0,0.0,0.0,0.0,1.0125,8.0,1.0,7.90625,0.0,0.01171875,0.0,0,0.0,2,51.0375,0.0,0.0,,3840,737280,0.7199999999999999,0.0,0.0,0.0,0.0,0,1.49375,0.475,6.01875,0.75234375,0.23359375,0.0,0.0,0.09375,1.5428779577993537,109.65415633587715,1.0090390830300748,stable_control,0.2881275879370251,0.021093750000000022
flocking_topology_rejoin,11017,2.197466811065714,0.5864085096357313,0.746875,0.8714869412629959,0.5264869412629959,0.55,0.0,0.45,0.075,0.1,0.00625,0.5390625,80,0.6451885968596043,1.5369998943853758,3.942891151075945,13.411095320575834,0.9776041666666666,0.0,1.7649562777449244,3.670432201145398,5.180781453882327,1.8910536445707073,8.0,1.0,0.0,0.0,0.0,1.0,8.0,1.0,7.93125,0.0,0.00859375,0.0,0,0.0,0,51.1875,0.0,0.0,,3840,737280,0.7199999999999999,0.0,0.0,0.0,0.0,0,1.5,0.4875,6.00625,0.75078125,0.23828125,0.0,0.0,0.06875,1.569368614141732,160.4000336190098,1.000412082998082,stable_control,0.46300010561462424,0.027604166666666652
flocking_topology_rejoin,11018,2.125488877279049,0.6902786346954153,0.73203125,0.9736120322010319,0.6298620322010319,0.55,0.0,0.45,0.0625,0.0,0.0,0.5109375,78,0.7032586191139756,1.840366410574458,4.120922854030594,8.101875276621769,0.9671875,0.0,2.0366767206256076,3.6892637586639623,5.033938890655393,1.8582532949595383,8.0,1.0,0.0,0.0,0.0,1.0,8.0,1.0,7.8,0.0,0.025,0.0,0,0.0,0,50.13125,0.0,0.0,,3840,737280,0.7199999999999999,0.0,0.0,0.0,0.0,0,1.5,0.4875,5.86875,0.73359375,0.2390625,0.04375,0.04375,0.18125,1.5645935167724327,155.70151560847876,0.9737537091132253,stable_control,0.15963358942554207,0.017187500000000022
flocking_topology_rejoin,11019,2.336734723042088,0.6637574686639182,0.74765625,0.9912751736050804,0.6569001736050804,0.5625,0.0,0.4375,0.0625,0.42857142857142855,0.01875,0.5265625,75,1.0056325067873946,3.77195158502544,4.439175547540628,216.0006336316434,0.9633928571428572,0.0,1.9182693132393283,3.673973440582594,5.051742687603585,1.8585627080094649,8.0,1.0,0.0,0.0,0.0,1.025,8.0,1.0,7.85625,0.0,0.01796875,0.0,0,0.0,2,50.78125,0.0,0.0,,3840,737280,0.7199999999999999,0.0,0.0,0.0,0.0,0,1.475,0.46875,5.98125,0.74765625,0.23359375,0.0375,0.0375,0.13125,1.5383491454452702,185.5313734116719,0.9877117918804288,stable_control,1.7719515850254401,0.013392857142857206
flocking_topology_rejoin,11020,2.380919685037872,0.6507845561473454,0.740625,1.0069414044872156,0.6672539044872154,0.55625,0.0,0.44375,0.06875,0.375,0.01875,0.5140625,77,0.9846187763864513,3.639990665265315,5.500837766858583,165.16030063915832,0.9483705357142856,0.0,2.0824386491631066,3.6763495804177424,5.142820062785972,1.9165617276512676,8.0,1.0,0.0,0.0,0.0,1.0,8.0,1.0,7.83125,0.0,0.02109375,0.0,0,0.0,0,50.38125,0.0,0.0,,3840,737280,0.7199999999999999,0.0,0.0,0.0,0.0,0,1.5,0.48125,5.93125,0.74140625,0.23515625,0.00625,0.00625,0.16875,1.561713227300411,165.9870888164094,0.9880822498816997,stable_control,1.639990665265315,0.0016294642857143105
flocking_topology_rejoin,11021,2.1975595224299247,0.6858032047210127,0.7453125,0.9591797996339564,0.6141797996339563,0.55,0.0,0.45,0.075,0.0,0.0,0.5296875,78,0.6876605130219211,1.7657035264047138,4.633208744859436,9.435673011904772,0.9658482142857142,0.0,1.9973960003742264,3.6739270988231305,5.18865896946474,1.926941243739607,8.0,1.0,0.0,0.0,0.0,1.01875,8.0,1.0,7.88125,0.0,0.01484375,0.0,0,0.0,2,50.8375,0.0,0.0,,3840,737280,0.7199999999999999,0.0,0.0,0.0,0.0,0,1.49375,0.4875,5.96875,0.74609375,0.2375,0.0,0.0,0.11875,1.589812964892424,160.38436818011525,0.9904401667881757,stable_control,0.23429647359528616,0.015848214285714257
flocking_topology_rejoin,11022,2.1908153693310117,0.647592892645172,0.73359375,0.9287365361890497,0.5843615361890497,0.55,0.0,0.45,0.06875,0.16666666666666666,0.00625,0.5046875,75,0.7779965197677705,2.288212027632218,4.114649851922625,86.96191505367122,0.97109375,0.0,2.016110825513904,3.664151808494843,5.140835365011238,1.9837902471121631,8.0,1.0,0.0,0.0,0.0,1.0,8.0,1.0,7.7625,0.0,0.0296875,0.0,0,0.0,0,49.8875,0.0,0.0,,3840,737280,0.7199999999999999,0.0,0.0,0.0,0.0,0,1.49375,0.46875,5.8875,0.7359375,0.23125,0.0,0.0,0.2375,1.5589961542037238,199.10339936727678,0.9743217921350151,stable_control,0.288212027632218,0.021093750000000022
flocking_topology_rejoin,11023,2.1912487707836834,0.6655948895352101,0.7484375,0.9317235984053631,0.5779735984053633,0.5375,0.0,0.4625,0.06875,0.0,0.0,0.528125,77,0.6960950846031682,1.819077974822226,4.930639632274062,11.037527921660201,0.9453125,0.0,1.9258363946518429,3.6892135200245044,5.030531229982349,1.8603992732466197,8.0,1.0,0.0,0.0,0.0,1.0,8.0,1.0,7.90625,0.0,0.01171875,0.0,0,0.0,0,51.03125,0.0,0.0,,3840,737280,0.7199999999999999,0.0,0.0,0.0,0.0,0,1.49375,0.48125,5.9875,0.7484375,0.23828125,0.0,0.0,0.09375,1.5351377369759116,160.12270087987173,1.006944291992113,stable_control,0.1809220251777739,0.004687499999999956
flocking_topology_rejoin,11024,2.2955778956637425,0.7728121399783668,0.75234375,1.006608576867014,0.6722335768670141,0.5625,0.0,0.4375,0.0625,0.25,0.0125,0.540625,76,0.9979684313953514,3.8238449800964163,6.514281581947219,165.25197790177765,0.9208482142857143,0.0,2.0682085927523297,3.6806548021137653,5.160374195775009,1.8455152998040922,8.0,1.0,0.0,0.0,0.0,1.0,8.0,1.0,7.9,0.0,0.0125,0.0,0,0.0,0,51.04375,0.0,0.0,,3840,737280,0.7199999999999999,0.0,0.0,0.0,0.0,0,1.4875,0.475,6.01875,0.75234375,0.23359375,0.0,0.0,0.1,1.5344609313528026,157.65474284497333,1.0107358749955893,stable_control,1.8238449800964163,0.029151785714285672
flocking_topology_rejoin,11025,2.1966362640809534,0.6143353088961065,0.746875,0.9090943379270339,0.5494068379270338,0.53125,0.0,0.46875,0.08125,0.16666666666666666,0.00625,0.528125,76,0.652390644316412,1.592294920946196,4.170222956012557,13.19364812331024,0.97890625,0.0,1.9422187362153571,3.6813664769147145,5.132141962566544,1.8505737785399596,8.0,1.0,0.0,0.0,0.0,1.0,8.0,1.0,7.875,0.0,0.015625,0.0,0,0.0,0,50.8375,0.0,0.0,,3840,737280,0.7199999999999999,0.0,0.0,0.0,0.0,0,1.4875,0.475,5.98125,0.74765625,0.23515625,0.0,0.0,0.125,1.5318398207002637,166.0114898436472,0.9963271250016987,stable_control,0.40770507905380393,0.028906250000000022
flocking_topology_rejoin,11026,2.132466664182373,0.6585818744368831,0.7515625,0.918621850326813,0.5748718503268129,0.55,0.0,0.45,0.0625,0.0,0.0,0.540625,77,0.653995788400512,1.5886608847457828,3.9840764267274156,7.451001537936361,0.98203125,0.0,1.920159689952485,3.677205393379674,5.09723000948539,1.8697213375909443,8.0,1.0,0.0,0.0,0.0,1.025,8.0,1.0,7.9125,0.0,0.0109375,0.0,0,0.0,2,51.1875,0.0,0.0,,3840,737280,0.7199999999999999,0.0,0.0,0.0,0.0,0,1.48125,0.48125,6.025,0.753125,0.2359375,0.0,0.0,0.0875,1.5639309209576733,163.5050006847492,1.0140302500221878,stable_control,0.4113391152542172,0.03203125000000007
flocking_topology_rejoin,11027,2.3392162341550975,1.0836150987428925,0.73828125,1.0412260088087626,0.6921635088087624,0.54375,0.0,0.45625,0.06875,0.0,0.0,0.528125,49,1.09754276100741,4.239421639656356,5.232582553093988,137.62766830304707,0.9486979166666666,0.0,2.0026126774057063,3.6734019266072067,5.091315915915826,1.8928774433377131,8.0,1.0,0.0,0.0,0.0,1.0,8.0,1.0,7.7875,0.0,0.0265625,0.0,0,0.0,0,50.1375,0.0,0.0,,3840,737280,0.7199999999999999,0.0,0.0,0.0,0.0,0,1.4875,0.475,5.91875,0.73984375,0.23203125,0.0,0.0,0.2125,1.5578715476480696,193.43570295100233,0.9880990828387439,stable_control,2.2394216396563564,0.0013020833333333703
flocking_topology_rejoin,11028,2.187856001510648,0.6490008007637413,0.75,0.9105537250638072,0.5761787250638072,0.5625,0.0,0.4375,0.0625,0.0,0.0,0.54453125,77,0.662981948699557,1.6206596106864262,4.524451429264358,6.82788730947148,0.9582589285714285,0.0,1.9130930967153332,3.683910950195572,5.1235726752699575,1.8565220280282886,8.0,1.0,0.0,0.0,0.0,1.01875,8.0,1.0,7.91875,0.0,0.01015625,0.0,0,0.0,2,51.08125,0.0,0.0,,3840,737280,0.7199999999999999,0.0,0.0,0.0,0.0,0,1.5,0.48125,6.00625,0.75078125,0.23671875,0.00625,0.00625,0.08125,1.5323453135236988,147.39794224067495,1.0119802909903228,stable_control,0.37934038931357383,0.008258928571428514
flocking_topology_rejoin,11029,2.234910643022939,0.6657639661784879,0.7484375,0.9432479633028672,0.5988729633028672,0.55,0.0,0.45,0.06875,0.0,0.0,0.5390625,76,0.6692302140985953,1.7009157780257873,4.017226882997872,4.55280923625274,0.9984375,0.0,1.977307131540196,3.6870792274524917,5.096624773450839,1.8329447000104202,8.0,1.0,0.0,0.0,0.0,1.0,8.0,1.0,7.9125,0.0,0.0109375,0.0,0,0.0,0,51.0875,0.0,0.0,,3840,737280,0.7199999999999999,0.0,0.0,0.0,0.0,0,1.49375,0.475,6.025,0.753125,0.2328125,0.0,0.0,0.0875,1.5360386776481705,152.84354992682236,0.9933945829980075,stable_control,0.2990842219742127,0.04843750000000002
flocking_topology_partition,11000,2.198137158414966,0.872591647893033,0.74765625,0.9879136487920135,0.6388511487920134,0.54375,0.0,0.45625,0.06875,0.42857142857142855,0.01875,0.5234375,77,0.9335306802122197,2.9309904643775235,5.575643752453065,96.55084063202376,0.95703125,0.0,2.1334615846051,3.690306559349149,5.123494621424488,1.8272853461183793,8.0,1.0,0.0,0.0,0.0,1.0125,7.95,0.99375,7.81875,0.0,0.02265625,0.0,0,0.0,2,50.38125,0.0,0.0,,3840,737280,0.7199999999999999,0.0,0.0,0.0,0.0,0,1.4875,0.46875,5.98125,0.74765625,0.22734375,0.0,0.0,0.13125,1.549778876457197,165.18351509767714,0.9908636249601841,stable_control,0.9309904643775235,0.007031250000000044
flocking_topology_partition,11001,2.301918489525447,1.0339380023431628,0.7421875,1.031772998824287,0.6827104988242869,0.54375,0.0,0.45625,0.06875,0.0,0.0,0.515625,76,1.0321254554668788,3.402360071763782,5.308706663015225,137.93118763301158,0.9697098214285715,0.0,1.862439676252287,3.6880069998051335,5.156700005556564,1.7716572262942432,8.0,1.0,0.0,0.0,0.0,1.0125,7.95,0.99375,7.775,0.0,0.028125,0.0,0,0.0,2,50.2375,0.0,0.0,,3840,737280,0.7199999999999999,0.0,0.0,0.0,0.0,0,1.4625,0.4625,5.9625,0.7453125,0.2265625,0.03125,0.03125,0.16875,1.5341753536466212,123.06715911358968,1.0050288329366595,stable_control,1.4023600717637819,0.019709821428571583
flocking_topology_partition,11002,2.241020595377915,0.5976139808074842,0.75546875,0.8863727512625654,0.5426227512625654,0.55,0.0,0.45,0.0625,0.14285714285714285,0.00625,0.5390625,77,0.6146218999128894,1.408265745828103,3.5088772771948054,7.749979197267582,0.98515625,0.0,2.0009632399363615,3.675191448104266,5.1507034772848295,1.8881650919359907,8.0,1.0,0.0,0.0,0.0,1.0,8.0,1.0,7.93125,0.0,0.00859375,0.0,0,0.0,0,51.33125,0.0,0.0,,3840,737280,0.7199999999999999,0.0,0.0,0.0,0.0,0,1.48125,0.48125,6.05,0.75625,0.23515625,0.0,0.0,0.06875,1.5303590681245427,173.6230050559219,1.0305690839886665,stable_control,0.5917342541718971,0.03515625
flocking_topology_partition,11003,2.080342806351396,0.6430885419851943,0.7375,0.9371912832929418,0.5821912832929417,0.5375,0.0,0.4625,0.08125,0.0,0.0,0.525,7,0.6765020270140417,1.7783055688176845,5.086461468080473,9.346542339739663,0.9685416666666665,0.0,2.0818207986333364,3.6992896706583,5.175222506243275,1.8797917698345128,8.0,1.0,0.0,0.0,0.0,1.025,7.9,0.9875,7.76875,0.0,0.02890625,0.0,0,0.0,2,49.98125,0.0,0.0,,3840,737280,0.7199999999999999,0.0,0.0,0.0,0.0,0,1.4875,0.4625,5.91875,0.73984375,0.2265625,0.0,0.0,0.13125,1.5822636973586406,121.21898055342886,1.0055481251329184,stable_control,0.22169443118231547,0.018541666666666567
flocking_topology_partition,11004,2.2564009814478436,0.737184282927725,0.73671875,1.0105654802297603,0.6621279802297604,0.54375,0.0,0.45625,0.0625,0.125,0.00625,0.521875,79,0.7299148769812095,2.0194116898676135,5.87461200344201,10.597116466429899,0.9337053571428571,0.0,2.1192313973155334,3.678208733421748,5.108655757211204,1.887231160170098,8.0,1.0,0.0,0.0,0.0,1.0,8.0,1.0,7.8625,0.0,0.0171875,0.0,0,0.0,0,50.5875,0.0,0.0,,3840,737280,0.7199999999999999,0.0,0.0,0.0,0.0,0,1.50625,0.49375,5.91875,0.73984375,0.240625,0.0,0.0,0.1375,1.552657259079863,156.50395521054705,0.9999912499915808,stable_control,0.019411689867613546,0.016294642857142883
flocking_topology_partition,11005,2.1275322547527065,0.5763822631266646,0.74609375,0.8659634362459471,0.5256509362459472,0.55625,0.0,0.44375,0.075,0.1111111111111111,0.00625,0.5296875,77,0.6185018234887688,1.4532023069252358,3.747417196900662,5.5340840317756115,0.9921875,0.0,1.9278239424253463,3.6897585584743124,5.154992059741124,1.8543110470688617,8.0,1.0,0.0,0.0,0.0,1.0,8.0,1.0,7.88125,0.0,0.01484375,0.0,0,0.0,0,50.88125,0.0,0.0,,3840,737280,0.7199999999999999,0.0,0.0,0.0,0.0,0,1.4875,0.48125,5.96875,0.74609375,0.23828125,0.0,0.0,0.11875,1.5379298121297666,123.46613420511436,1.0255521670915186,stable_control,0.5467976930747642,0.042187500000000044
flocking_topology_partition,11006,2.2375073092694246,0.646787837660421,0.746875,0.9342413083216883,0.5904913083216883,0.55,0.0,0.45,0.0625,0.0,0.0,0.534375,77,0.6616154246850594,1.6432503920799646,3.930870610577122,5.526910206806636,0.9859375,0.0,1.9451861978400302,3.6839713263257705,5.1393516206609275,1.8420674653832272,8.0,1.0,0.0,0.0,0.0,1.0,8.0,1.0,7.9,0.0,0.0125,0.0,0,0.0,0,51.0375,0.0,0.0,,3840,737280,0.7199999999999999,0.0,0.0,0.0,0.0,0,1.4875,0.48125,5.99375,0.74921875,0.2375,0.0,0.0,0.1,1.5307694093034674,166.7111974323042,0.9969624590594321,stable_control,0.3567496079200354,0.03593750000000007
flocking_topology_partition,11007,2.1555601658124126,0.5775451654227631,0.74453125,0.8624175126314609,0.5186675126314609,0.55,0.0,0.45,0.0625,0.0,0.0,0.534375,78,0.6132477516150939,1.4311928234859486,3.6608577055782283,10.715438312801263,0.9682291666666666,0.0,1.8666643969455072,3.6847227411854595,5.150705198536558,1.879726468100405,8.0,1.0,0.0,0.0,0.0,1.0,8.0,1.0,7.9,0.0,0.0125,0.0,0,0.0,0,50.9875,0.0,0.0,,3840,737280,0.7199999999999999,0.0,0.0,0.0,0.0,0,1.49375,0.4875,5.95625,0.74453125,0.24140625,0.0,0.0,0.1,1.5515179626789948,155.95145482693874,0.9996511659119278,stable_control,0.5688071765140514,0.01822916666666663
flocking_topology_partition,11008,2.221003209185906,0.6178499490292926,0.746875,0.8772219523331477,0.5381594523331478,0.55625,0.0,0.44375,0.0625,0.1111111111111111,0.00625,0.5453125,78,0.6401677820621038,1.5517766622072695,4.473060718668681,13.830904268536857,0.9643229166666666,0.0,1.9680410180717154,3.6962674225102345,5.18938368422153,1.8559044250522014,8.0,1.0,0.0,0.0,0.0,1.0,8.0,1.0,7.93125,0.0,0.00859375,0.0,0,0.0,0,51.13125,0.0,0.0,,3840,737280,0.7199999999999999,0.0,0.0,0.0,0.0,0,1.50625,0.48125,5.99375,0.74921875,0.2375,0.0,0.0,0.06875,1.5416383538808283,130.2774268547155,1.0202526249922812,stable_control,0.4482233377927305,0.01432291666666663
flocking_topology_partition,11009,2.202087081654662,0.6523466092006925,0.73203125,0.9037015032606515,0.5646390032606514,0.55625,0.0,0.44375,0.0625,0.0,0.0,0.51015625,77,0.6739360112896278,1.696841133329923,3.4479244504299578,42.188297647003424,0.9864583333333334,0.0,1.8718281725646748,3.671550519559949,5.0865618820579614,1.883337850018536,8.0,1.0,0.0,0.0,0.0,1.0,8.0,1.0,7.725,0.0,0.034375,0.0,0,0.0,0,49.66875,0.0,0.0,,3840,737280,0.7199999999999999,0.0,0.0,0.0,0.0,0,1.48125,0.475,5.89375,0.73671875,0.228125,0.05625,0.05,0.25625,1.5642541334491624,172.74877305606492,0.9914318330120295,stable_control,0.3031588666700771,0.03645833333333348
flocking_topology_partition,11010,2.4927638249888853,1.3432587794566626,0.73984375,1.1254013722112344,0.7769638722112344,0.54375,0.0,0.45625,0.0625,0.14285714285714285,0.00625,0.5125,7,1.3445869801203603,5.290423053928238,5.6156972890736485,153.64729310897607,0.9347098214285715,0.0,2.017983874701611,3.6909486705771335,5.15300763586108,1.8827930659943775,8.0,1.0,0.0,0.0,0.0,1.025,7.9,0.9875,7.7375,0.0,0.0328125,0.0,0,0.0,2,49.7875,0.0,0.0,,3840,737280,0.7199999999999999,0.0,0.0,0.0,0.0,0,1.48125,0.4625,5.91875,0.73984375,0.225,0.01875,0.01875,0.15625,1.566231581532302,121.17996940587763,0.9788303328678012,stable_control,3.2904230539282384,0.015290178571428448
flocking_topology_partition,11011,2.3213475432791233,1.1874561919857236,0.74921875,1.0614547925593005,0.7177047925593006,0.55,0.0,0.45,0.0625,0.0,0.0,0.5328125,7,1.186980077982876,4.35593003657374,4.611608688464767,167.6258107608619,0.9583258928571429,0.0,2.0145365106135946,3.685740895597158,5.159205622371224,1.8309749144930005,8.0,1.0,0.0,0.0,0.0,1.01875,7.925,0.990625,7.7875,0.0,0.0265625,0.0,0,0.0,2,50.3375,0.0,0.0,,3840,737280,0.7199999999999999,0.0,0.0,0.0,0.0,0,1.4625,0.45,6.0125,0.7515625,0.2203125,0.0,0.0,0.1375,1.5416501368457927,121.3366495282433,0.9930674999486655,stable_control,2.3559300365737403,0.008325892857142914
flocking_topology_partition,11012,2.2357376946371486,0.9260218141598121,0.74765625,0.9441819258636681,0.600431925863668,0.55,0.0,0.45,0.0625,0.0,0.0,0.53359375,77,0.947255995667409,2.8753154779913226,4.392062450862186,132.6860047711064,0.9543526785714285,0.0,2.0882865177974046,3.679572575651359,5.140505237123733,1.9086119713167444,8.0,1.0,0.0,0.0,0.0,1.0125,7.95,0.99375,7.8375,0.0,0.0203125,0.0,0,0.0,2,50.55,0.0,0.0,,3840,737280,0.7199999999999999,0.0,0.0,0.0,0.0,0,1.48125,0.46875,5.9875,0.7484375,0.2296875,0.01875,0.01875,0.10625,1.5654381233503618,173.3099398394488,0.9914243330713362,stable_control,0.8753154779913226,0.004352678571428514
flocking_topology_partition,11013,2.165575494166388,0.606136370275998,0.75234375,0.9118194778474296,0.5627569778474296,0.54375,0.0,0.45625,0.06875,0.16666666666666666,0.00625,0.525,76,0.6406301964402183,1.5597126601652938,3.4843430065985608,6.678713135682862,0.978125,0.0,1.8238774275352383,3.688198524090307,5.181789362163353,1.879787422618125,8.0,1.0,0.0,0.0,0.0,1.0,8.0,1.0,7.91875,0.0,0.01015625,0.0,0,0.0,0,51.24375,0.0,0.0,,3840,737280,0.7199999999999999,0.0,0.0,0.0,0.0,0,1.48125,0.475,6.025,0.753125,0.2359375,0.0,0.0,0.08125,1.549334487952132,152.25068596807606,1.0170456250198185,stable_control,0.44028733983470625,0.028125000000000067
flocking_topology_partition,11014,2.1423636654654543,0.6109398675858084,0.746875,0.8859138310981336,0.5515388310981336,0.5625,0.0,0.4375,0.0625,0.1111111111111111,0.00625,0.54140625,77,0.6331774048861628,1.5181883918202979,4.008355946737011,6.592176864613111,0.9859375,0.0,2.0894863987470886,3.6940347998302405,5.0708490947487475,1.815310227329573,8.0,1.0,0.0,0.0,0.0,1.00625,7.975,0.996875,7.8625,0.0,0.0171875,0.0,0,0.0,2,50.6875,0.0,0.125,,3840,737280,0.7199999999999999,0.0,0.0,0.0,0.0,0,1.49375,0.475,5.99375,0.74921875,0.23125,0.0,0.0,0.1125,1.5423164051359035,148.1101366676639,1.0053744579199702,stable_control,0.48181160817970214,0.03593750000000007
flocking_topology_partition,11015,2.2074724235020255,0.6655085416586225,0.73828125,0.9713946093777661,0.6176446093777661,0.5375,0.0,0.4625,0.06875,0.0,0.0,0.5109375,77,0.6975472971896843,1.8274283415339583,4.677578412298197,7.738710899359035,0.9767113095238095,0.0,2.0296686616009825,3.6964510160881554,5.021254711097816,1.8105105708999922,8.0,1.0,0.0,0.0,0.0,1.0,8.0,1.0,7.8,0.0,0.025,0.0,0,0.0,0,50.18125,0.0,0.0,,3840,737280,0.7199999999999999,0.0,0.0,0.0,0.0,0,1.49375,0.48125,5.93125,0.74140625,0.23125,0.025,0.025,0.19375,1.534600074787697,145.39260881859056,0.9826791249215603,stable_control,0.17257165846604172,0.026711309523809512
flocking_topology_partition,11016,2.3430634816379547,1.0839585884136143,0.7484375,1.0166839529337799,0.6776214529337798,0.55625,0.0,0.44375,0.0625,0.0,0.0,0.534375,76,1.0880813356887165,3.6757727367823847,4.611282764510976,181.38643699948523,0.95859375,0.0,2.148852926027934,3.6956781747317735,5.1373534713667635,1.8786004980196438,8.0,1.0,0.0,0.0,0.0,1.0125,7.95,0.99375,7.85625,0.0,0.01796875,0.0,0,0.0,2,50.7375,0.0,0.0,,3840,737280,0.7199999999999999,0.0,0.0,0.0,0.0,0,1.48125,0.4625,6.01875,0.75234375,0.22734375,0.0,0.0,0.09375,1.5428779577993537,109.65415633587715,1.018410125048831,stable_control,1.6757727367823847,0.008593750000000067
flocking_topology_partition,11017,2.197466811065714,0.5864085096357313,0.746875,0.8714869412629959,0.5264869412629959,0.55,0.0,0.45,0.075,0.1,0.00625,0.5390625,80,0.6451885968596043,1.5369998943853758,3.942891151075945,13.411095320575834,0.9776041666666666,0.0,1.7649562777449244,3.670432201145398,5.180781453882327,1.8910536445707073,8.0,1.0,0.0,0.0,0.0,1.0,8.0,1.0,7.93125,0.0,0.00859375,0.0,0,0.0,0,51.1875,0.0,0.0,,3840,737280,0.7199999999999999,0.0,0.0,0.0,0.0,0,1.5,0.4875,6.00625,0.75078125,0.23828125,0.0,0.0,0.06875,1.569368614141732,160.4000336190098,1.0236869170330465,stable_control,0.46300010561462424,0.027604166666666652
flocking_topology_partition,11018,2.125488877279049,0.6902786346954153,0.73203125,0.9736120322010319,0.6298620322010319,0.55,0.0,0.45,0.0625,0.0,0.0,0.5109375,78,0.7032586191139756,1.840366410574458,4.120922854030594,8.101875276621769,0.9671875,0.0,2.0366767206256076,3.6892637586639623,5.033938890655393,1.8582532949595383,8.0,1.0,0.0,0.0,0.0,1.0,8.0,1.0,7.8,0.0,0.025,0.0,0,0.0,0,50.13125,0.0,0.0,,3840,737280,0.7199999999999999,0.0,0.0,0.0,0.0,0,1.5,0.4875,5.86875,0.73359375,0.2390625,0.04375,0.04375,0.18125,1.5645935167724327,155.70151560847876,0.9797050410415977,stable_control,0.15963358942554207,0.017187500000000022
flocking_topology_partition,11019,2.27124461928134,0.6637574686639182,0.74765625,0.9912751736050804,0.6569001736050804,0.5625,0.0,0.4375,0.0625,0.42857142857142855,0.01875,0.5265625,6,1.0056325067873946,3.77195158502544,4.439175547540628,216.0006336316434,0.9633928571428572,0.0,1.9182693132393283,3.673973440582594,5.051742687603585,1.8585627080094649,8.0,1.0,0.0,0.0,0.0,1.025,7.9,0.9875,7.75625,0.0,0.03046875,0.0,0,0.0,2,50.18125,0.0,0.0,,3840,737280,0.7199999999999999,0.0,0.0,0.0,0.0,0,1.45,0.44375,5.98125,0.74765625,0.22109375,0.0375,0.0375,0.13125,1.5383491454452702,185.5313734116719,0.9925257908180356,stable_control,1.7719515850254401,0.013392857142857206
flocking_topology_partition,11020,2.380919685037872,0.6507845561473454,0.740625,1.0069414044872156,0.6672539044872154,0.55625,0.0,0.44375,0.06875,0.375,0.01875,0.5140625,77,0.9846187763864513,3.639990665265315,5.500837766858583,165.16030063915832,0.9483705357142856,0.0,2.0824386491631066,3.6763495804177424,5.142820062785972,1.9165617276512676,8.0,1.0,0.0,0.0,0.0,1.0,8.0,1.0,7.83125,0.0,0.02109375,0.0,0,0.0,0,50.38125,0.0,0.0,,3840,737280,0.7199999999999999,0.0,0.0,0.0,0.0,0,1.5,0.48125,5.93125,0.74140625,0.23515625,0.00625,0.00625,0.16875,1.561713227300411,165.9870888164094,1.0080969999544322,stable_control,1.639990665265315,0.0016294642857143105
flocking_topology_partition,11021,2.3393335041857872,1.138854402465509,0.74453125,1.0797462185275346,0.7347462185275347,0.55,0.0,0.45,0.075,0.0,0.0,0.528125,9,1.1399738135496944,4.074280768446085,5.070458156085047,145.39995727292563,0.9470982142857143,0.0,1.9973960003742264,3.6739270988231305,5.18865896946474,1.926941243739607,8.0,1.0,0.0,0.0,0.0,1.01875,7.925,0.990625,7.80625,0.0,0.02421875,0.0,0,0.0,2,50.3875,0.0,0.0,,3840,737280,0.7199999999999999,0.0,0.0,0.0,0.0,0,1.475,0.46875,5.9625,0.7453125,0.22890625,0.0,0.0,0.11875,1.589812964892424,160.38436818011525,1.0130398750770837,stable_control,2.0742807684460853,0.0029017857142856762
flocking_topology_partition,11022,2.1908153693310117,0.647592892645172,0.73359375,0.9287365361890497,0.5843615361890497,0.55,0.0,0.45,0.06875,0.16666666666666666,0.00625,0.5046875,75,0.7779965197677705,2.288212027632218,4.114649851922625,86.96191505367122,0.97109375,0.0,2.016110825513904,3.664151808494843,5.140835365011238,1.9837902471121631,8.0,1.0,0.0,0.0,0.0,1.0,8.0,1.0,7.7625,0.0,0.0296875,0.0,0,0.0,0,49.8875,0.0,0.0,,3840,737280,0.7199999999999999,0.0,0.0,0.0,0.0,0,1.49375,0.46875,5.8875,0.7359375,0.23125,0.0,0.0,0.2375,1.5589961542037238,199.10339936727678,0.9819985420908779,stable_control,0.288212027632218,0.021093750000000022
flocking_topology_partition,11023,2.1912487707836834,0.6655948895352101,0.7484375,0.9317235984053631,0.5779735984053633,0.5375,0.0,0.4625,0.06875,0.0,0.0,0.528125,77,0.6960950846031682,1.819077974822226,4.930639632274062,11.037527921660201,0.9453125,0.0,1.9258363946518429,3.6892135200245044,5.030531229982349,1.8603992732466197,8.0,1.0,0.0,0.0,0.0,1.0,8.0,1.0,7.90625,0.0,0.01171875,0.0,0,0.0,0,51.03125,0.0,0.0,,3840,737280,0.7199999999999999,0.0,0.0,0.0,0.0,0,1.49375,0.48125,5.9875,0.7484375,0.23828125,0.0,0.0,0.09375,1.5351377369759116,160.12270087987173,0.9975268330890685,stable_control,0.1809220251777739,0.004687499999999956
flocking_topology_partition,11024,2.2955778956637425,0.7728121399783668,0.75234375,1.006608576867014,0.6722335768670141,0.5625,0.0,0.4375,0.0625,0.25,0.0125,0.540625,76,0.9979684313953514,3.8238449800964163,6.514281581947219,165.25197790177765,0.9208482142857143,0.0,2.0682085927523297,3.6806548021137653,5.160374195775009,1.8455152998040922,8.0,1.0,0.0,0.0,0.0,1.0,8.0,1.0,7.9,0.0,0.0125,0.0,0,0.0,0,51.04375,0.0,0.0,,3840,737280,0.7199999999999999,0.0,0.0,0.0,0.0,0,1.4875,0.475,6.01875,0.75234375,0.23359375,0.0,0.0,0.1,1.5344609313528026,157.65474284497333,1.0261357920244336,stable_control,1.8238449800964163,0.029151785714285672
flocking_topology_partition,11025,2.1966362640809534,0.6143353088961065,0.746875,0.9090943379270339,0.5494068379270338,0.53125,0.0,0.46875,0.08125,0.16666666666666666,0.00625,0.528125,76,0.652390644316412,1.592294920946196,4.170222956012557,13.19364812331024,0.97890625,0.0,1.9422187362153571,3.6813664769147145,5.132141962566544,1.8505737785399596,8.0,1.0,0.0,0.0,0.0,1.0,8.0,1.0,7.875,0.0,0.015625,0.0,0,0.0,0,50.8375,0.0,0.0,,3840,737280,0.7199999999999999,0.0,0.0,0.0,0.0,0,1.4875,0.475,5.98125,0.74765625,0.23515625,0.0,0.0,0.125,1.5318398207002637,166.0114898436472,1.0188165830913931,stable_control,0.40770507905380393,0.028906250000000022
flocking_topology_partition,11026,2.0851523815526365,0.6585818744368831,0.7515625,0.918621850326813,0.5748718503268129,0.55,0.0,0.45,0.0625,0.0,0.0,0.540625,7,0.653995788400512,1.5886608847457828,3.9840764267274156,7.451001537936361,0.98203125,0.0,1.920159689952485,3.677205393379674,5.09723000948539,1.8697213375909443,8.0,1.0,0.0,0.0,0.0,1.025,7.9,0.9875,7.8125,0.0,0.0234375,0.0,0,0.0,2,50.5875,0.0,0.0,,3840,737280,0.7199999999999999,0.0,0.0,0.0,0.0,0,1.45625,0.45625,6.025,0.753125,0.2234375,0.0,0.0,0.0875,1.5639309209576733,163.5050006847492,1.0095230829901993,stable_control,0.4113391152542172,0.03203125000000007
flocking_topology_partition,11027,2.3392162341550975,1.0836150987428925,0.73828125,1.0412260088087626,0.6921635088087624,0.54375,0.0,0.45625,0.06875,0.0,0.0,0.528125,49,1.09754276100741,4.239421639656356,5.232582553093988,137.62766830304707,0.9486979166666666,0.0,2.0026126774057063,3.6734019266072067,5.091315915915826,1.8928774433377131,8.0,1.0,0.0,0.0,0.0,1.0,8.0,1.0,7.7875,0.0,0.0265625,0.0,0,0.0,0,50.1375,0.0,0.0,,3840,737280,0.7199999999999999,0.0,0.0,0.0,0.0,0,1.4875,0.475,5.91875,0.73984375,0.23203125,0.0,0.0,0.2125,1.5578715476480696,193.43570295100233,0.9914952500257641,stable_control,2.2394216396563564,0.0013020833333333703
flocking_topology_partition,11028,2.3377116806572737,1.147552343448738,0.75,1.0322622992171102,0.6978872992171101,0.5625,0.0,0.4375,0.0625,0.0,0.0,0.54453125,7,1.155516943131591,4.00815562181333,5.012767679861247,135.26081298864938,0.9395089285714284,0.0,1.9130930967153332,3.683910950195572,5.1235726752699575,1.8565220280282886,8.0,1.0,0.0,0.0,0.0,1.01875,7.925,0.990625,7.84375,0.0,0.01953125,0.0,0,0.0,2,50.63125,0.0,0.0,,3840,737280,0.7199999999999999,0.0,0.0,0.0,0.0,0,1.48125,0.4625,6.00625,0.75078125,0.22734375,0.00625,0.00625,0.08125,1.5323453135236988,147.39794224067495,1.02504637488164,stable_control,2.00815562181333,0.01049107142857153
flocking_topology_partition,11029,2.234910643022939,0.6657639661784879,0.7484375,0.9432479633028672,0.5988729633028672,0.55,0.0,0.45,0.06875,0.0,0.0,0.5390625,76,0.6692302140985953,1.7009157780257873,4.017226882997872,4.55280923625274,0.9984375,0.0,1.977307131540196,3.6870792274524917,5.096624773450839,1.8329447000104202,8.0,1.0,0.0,0.0,0.0,1.0,8.0,1.0,7.9125,0.0,0.0109375,0.0,0,0.0,0,51.0875,0.0,0.0,,3840,737280,0.7199999999999999,0.0,0.0,0.0,0.0,0,1.49375,0.475,6.025,0.753125,0.2328125,0.0,0.0,0.0875,1.5360386776481705,152.84354992682236,1.0277843750081956,stable_control,0.2990842219742127,0.04843750000000002
flocking_topology_resilient,11000,2.2954088390513014,0.6550801205597804,0.7296875,1.0204404886132419,0.6713779886132418,0.54375,0.0,0.45625,0.06875,0.7272727272727273,0.05,0.521875,82,0.7126973829433101,1.9042135952245764,4.3829864421948495,22.386508317880203,0.97265625,0.0,2.1711581087435707,3.6915357740204984,5.019777099867849,1.8682693814830316,8.0,1.0,0.0,0.0,0.0,1.0125,7.95,0.99375,7.75625,0.19501600227840002,0.03046875,0.0,0,0.025,2,50.38125,0.025,0.0,,3840,737280,0.7199999999999999,0.0,0.0,0.0,0.0,0,1.58125,0.5125,5.975,0.746875,0.2203125,0.0,0.0,0.13125,1.548877285453435,169.96248550058604,0.995164540829137,stable_control,0.09578640477542355,0.022656250000000044
flocking_topology_resilient,11001,2.4795348924231013,0.6948883684095242,0.7078125,0.9648439626354847,0.6157814626354845,0.54375,0.0,0.45625,0.06875,0.0,0.0,0.521875,2,0.6996794589148819,1.7282711669467443,4.727123031395569,7.380853659215386,0.9573214285714287,0.0,1.9487390628307275,3.6880354044120516,5.081367483869885,1.8662090529477322,8.0,1.0,0.0,0.0,0.0,1.03125,7.875,0.984375,7.6625,0.4223964040529511,0.0421875,0.0,0,0.025,2,49.9875,0.025,0.0,,3840,737280,0.7199999999999999,0.0,0.0,0.0,0.0,0,1.575,0.5,5.975,0.746875,0.2109375,0.03125,0.03125,0.14375,1.5292391719449465,127.17513947370563,0.9904871669132262,stable_control,0.2717288330532557,0.007321428571428701
flocking_topology_resilient,11002,2.1867770236790425,0.6129875286795944,0.7546875,0.8923974113671272,0.5486474113671272,0.55,0.0,0.45,0.0625,0.058823529411764705,0.00625,0.534375,87,0.6200648096086404,1.4286070786555298,3.662774789874129,7.614242520166147,0.978125,0.0,1.9884293969407385,3.677519047316172,5.107059184535761,1.895849104654691,8.0,1.0,0.0,0.0,0.0,1.0,8.0,1.0,7.94375,0.2993694136935564,0.00703125,0.0,0,0.0,0,51.43125,0.0,0.0,,3840,737280,0.7199999999999999,0.0,0.0,0.0,0.0,0,1.6125,0.54375,6.05625,0.75703125,0.2359375,0.0,0.0,0.05625,1.5286628937332765,174.48575656934247,1.0328453751280904,stable_control,0.5713929213444702,0.028125000000000067
flocking_topology_resilient,11003,2.1513433514741043,0.6608796704358945,0.7375,0.9458180128404621,0.6008180128404621,0.55,0.0,0.45,0.075,0.0,0.0,0.5234375,80,0.6810291040889613,1.8278163052256655,4.7844257817284825,9.456019610193664,0.9800000000000001,0.0,2.078403586505524,3.707470933539041,5.038220332483361,1.8707901344766789,8.0,1.0,0.0,0.0,0.0,1.0,8.0,1.0,7.84375,0.2606273814907058,0.01953125,0.0,0,0.0,0,50.48125,0.0,0.0,,3840,737280,0.7199999999999999,0.0,0.0,0.0,0.0,0,1.59375,0.5,5.9125,0.7390625,0.23984375,0.0,0.0,0.15625,1.5814485850163802,125.3122564106648,1.0059938339982182,stable_control,0.17218369477433448,0.030000000000000138
flocking_topology_resilient,11004,2.230067717784792,0.6555045020369041,0.73671875,0.9373233880386505,0.5935733880386505,0.55,0.0,0.45,0.0625,0.0,0.0,0.521875,80,0.6765827407826889,1.759677699398481,4.5522447070635765,10.227730988722065,0.9697916666666666,0.0,2.0448812312025586,3.6860358010022596,4.963772474897759,1.8487077030172436,8.0,1.0,0.0,0.0,0.0,1.0,8.0,1.0,7.83125,0.21462406208000004,0.02109375,0.0,0,0.0,0,50.3375,0.0,0.0,,3840,737280,0.7199999999999999,0.0,0.0,0.0,0.0,0,1.58125,0.5,5.9125,0.7390625,0.23671875,0.025,0.01875,0.1625,1.5523962430360014,156.79099349127958,0.9879202500451356,stable_control,0.24032230060151893,0.019791666666666652
flocking_topology_resilient,11005,2.1420597524308453,0.6168766343331588,0.74453125,0.9175147433757657,0.5772022433757658,0.55625,0.0,0.44375,0.075,0.3333333333333333,0.01875,0.5203125,77,0.6658522676886368,1.6922305816287526,4.648679840016128,10.199985638216093,0.9703125,0.0,1.9236841551583992,3.6956363034279045,5.008981462694308,1.8304394558026296,8.0,1.0,0.0,0.0,0.0,1.0,8.0,1.0,7.86875,0.16612145557323776,0.01640625,0.0,0,0.0,0,50.78125,0.0,0.0,,3840,737280,0.7199999999999999,0.0,0.0,0.0,0.0,0,1.58125,0.48125,5.95625,0.74453125,0.23828125,0.0,0.0,0.13125,1.5375307107812686,126.13826383382386,1.0104811668861657,stable_control,0.3077694183712474,0.020312500000000067
flocking_topology_resilient,11006,2.230383804809801,0.6712383463789355,0.74921875,0.9583246779807958,0.6145746779807958,0.55,0.0,0.45,0.0625,0.0,0.0,0.534375,77,0.677903214174879,1.7062290083001337,4.076732777304407,5.524293602486193,0.9765625,0.0,1.9056168758390704,3.6848970958261447,5.021260137061755,1.851686617464272,8.0,1.0,0.0,0.0,0.0,1.0,8.0,1.0,7.9,0.1745829371136,0.0125,0.0,0,0.0,0,51.0875,0.0,0.0,,3840,737280,0.7199999999999999,0.0,0.0,0.0,0.0,0,1.5375,0.48125,5.99375,0.74921875,0.23828125,0.0,0.0,0.1,1.532002843539939,167.0715474826213,1.0182172500062734,stable_control,0.2937709916998663,0.026562500000000044
flocking_topology_resilient,11007,2.1177837292995836,0.6217423874112091,0.74296875,0.8932382979566373,0.5494882979566373,0.55,0.0,0.45,0.0625,0.0,0.0,0.53125,78,0.6378292795712871,1.520752452015262,3.6409496043689416,7.406315140353646,0.9771651785714285,0.0,1.928018481615813,3.6871286657809703,5.039654332338232,1.8943760386046313,8.0,1.0,0.0,0.0,0.0,1.00625,7.975,0.996875,7.8,0.07200703104000002,0.025,0.0,0,0.025,2,50.7375,0.025,0.0,,3840,737280,0.7199999999999999,0.0,0.0,0.0,0.0,0,1.525,0.4875,5.94375,0.74296875,0.23046875,0.0,0.0,0.1125,1.5511887622813323,158.14411905019824,1.008964166045189,stable_control,0.479247547984738,0.027165178571428528
flocking_topology_resilient,11008,2.1513801759328164,0.6233573431891575,0.7453125,0.9141983651693859,0.5751358651693858,0.55625,0.0,0.44375,0.0625,0.08333333333333333,0.00625,0.54375,3,0.6262792109499931,1.4757186182041766,3.621654671700446,7.2270390848649075,0.98515625,0.0,1.918944115470301,3.700228039300243,5.022508778907417,1.8045067348776385,8.0,1.0,0.0,0.0,0.0,1.0,8.0,1.0,7.95,0.188407168,0.00625,0.0,0,0.0,0,51.23125,0.0,0.0,,3840,737280,0.7199999999999999,0.0,0.0,0.0,0.0,0,1.55625,0.50625,5.9875,0.7484375,0.240625,0.0,0.0,0.05,1.5416426746565821,132.6070264842206,1.012172874994576,stable_control,0.5242813817958234,0.03515625
flocking_topology_resilient,11009,2.3454064379063286,0.6125036830325368,0.7171875,0.897903258650324,0.5541532586503239,0.55,0.0,0.45,0.0625,0.014705882352941176,0.00625,0.49140625,140,0.6576420394016311,1.554422795679948,3.887449322098871,14.604794644347464,0.9707142857142858,0.0,1.950146678429101,3.67326312412703,4.997695112391954,1.8922686343748598,8.0,1.0,0.0,0.0,0.0,1.00625,7.975,0.996875,7.6,0.4912047916317793,0.05,0.0,0,0.025,2,49.16875,0.025,0.125,,3840,737280,0.7199999999999999,0.0,0.0,0.0,0.0,0,2.0125,0.875,5.86875,0.73359375,0.21484375,0.10625,0.08125,0.26875,1.5655495111681712,177.57331508810105,0.9611178748309612,stable_control,0.4455772043200521,0.020714285714285796
flocking_topology_resilient,11010,2.2545290312033517,0.6936766613608715,0.740625,0.9605565050759377,0.6121190050759375,0.54375,0.0,0.45625,0.0625,0.0,0.0,0.5140625,78,0.6910317851039817,1.7797290407017576,5.045067608699247,6.820443702694714,0.9745535714285716,0.0,2.039033202125185,3.6889372812176675,5.109036166000354,1.7943243380853733,8.0,1.0,0.0,0.0,0.0,1.0,8.0,1.0,7.85,0.1745829371136,0.01875,0.0,0,0.0,0,50.4875,0.0,0.0,,3840,737280,0.7199999999999999,0.0,0.0,0.0,0.0,0,1.5625,0.4875,5.925,0.740625,0.23828125,0.01875,0.01875,0.14375,1.5636046419014928,124.01095388225073,0.9977317089214921,stable_control,0.22027095929824236,0.02455357142857162
flocking_topology_resilient,11011,2.5269319306128,0.638078886946598,0.713671875,0.9371313833828463,0.5880688833828465,0.54375,0.0,0.45625,0.06875,0.0,0.0,0.52265625,77,0.6595291114186086,1.5885473385900457,3.6877667342235627,5.121153791449419,0.9881249999999999,0.0,2.021715789349643,3.686200602997063,4.976411221008459,1.8514315337370142,8.0,1.0,0.0,0.0,0.0,1.0375,7.85,0.98125,7.5875,0.3640712302336,0.0515625,0.0,0,0.05,4,49.8375,0.05,0.020833333333333315,,3840,737280,0.7199999999999999,0.0,0.0,0.0,0.0,0,1.58125,0.48125,6.00625,0.748828125,0.198046875,0.0,0.0,0.1375,1.5408117896921443,123.7155033138868,1.0010611249599606,stable_control,0.4114526614099543,0.038124999999999964
flocking_topology_resilient,11012,2.161075491199543,0.6316407616455417,0.7421875,0.9034332586158144,0.5596832586158141,0.55,0.0,0.45,0.0625,0.0,0.0,0.5328125,91,0.6434459670145014,1.5176596545415486,4.382812116777919,6.499530219700459,0.96796875,0.0,2.067852649711017,3.68280741547103,5.084649189411347,1.8966419846052012,8.0,1.0,0.0,0.0,0.0,1.0,8.0,1.0,7.8875,0.4079933824364404,0.0140625,0.0,0,0.0,0,50.9,0.0,0.0,,3840,737280,0.7199999999999999,0.0,0.0,0.0,0.0,0,1.66875,0.575,5.9875,0.7484375,0.23671875,0.01875,0.01875,0.10625,1.5660726620811587,175.2734809380707,1.0094577078707516,stable_control,0.4823403454584514,0.01796875000000009
flocking_topology_resilient,11013,2.462661988646187,0.633992997926709,0.718359375,0.9254792919990257,0.5764167919990257,0.54375,0.0,0.45625,0.06875,0.0,0.0,0.53203125,99,0.6554528037547424,1.567807194694691,4.273649897548134,5.813025071218089,0.9984375,0.0,1.9610755176276442,3.6878409044675378,5.110527675328676,1.8984621014833238,8.0,1.0,0.0,0.0,0.0,1.03125,7.875,0.984375,7.66875,0.5318297533820819,0.04140625,0.0,0,0.05,4,50.44375,0.05,0.020833333333333315,,3840,737280,0.7199999999999999,0.0,0.0,0.0,0.0,0,1.725,0.61875,6.01875,0.750390625,0.207421875,0.0,0.0,0.08125,1.54947907233778,155.66415235007273,1.005968957906589,stable_control,0.432192805305309,0.04843750000000002
flocking_topology_resilient,11014,2.1718416761799246,0.6751757265787256,0.74609375,0.9646190041460075,0.6302440041460076,0.5625,0.0,0.4375,0.0625,0.1111111111111111,0.00625,0.54296875,77,0.6935633162126931,1.8073015241115526,4.653355827037489,8.803975103165529,0.975,0.0,2.1449780098292655,3.696216815246191,4.990146055098573,1.8365574273259917,8.0,1.0,0.0,0.0,0.0,1.0,8.0,1.0,7.8875,0.1007464685568,0.0140625,0.0,0,0.0,0,50.8375,0.0,0.0,,3840,737280,0.7199999999999999,0.0,0.0,0.0,0.0,0,1.55,0.48125,6.0,0.75,0.23359375,0.0,0.0,0.1125,1.5416678796427674,151.18380134304985,1.0092027499340475,stable_control,0.19269847588844735,0.025000000000000022
flocking_topology_resilient,11015,2.0533164705694977,0.6980416729532479,0.7375,0.9804739179321371,0.6314114179321372,0.54375,0.0,0.45625,0.06875,0.0,0.0,0.515625,77,0.7262507820521618,1.9905332855239357,5.371749450205398,8.223075114872682,0.9468377976190476,0.0,2.0272729357711157,3.6961241786794474,4.944541466740932,1.8495530104724023,8.0,1.0,0.0,0.0,0.0,1.025,7.9,0.9875,7.63125,0.2654303611136,0.04609375,0.0,0,0.025,2,49.53125,0.025,0.0,,3840,737280,0.7199999999999999,0.0,0.0,0.0,0.0,0,1.55625,0.48125,5.925,0.740625,0.2109375,0.025,0.025,0.2,1.5333692764527116,148.3363830658979,0.9793666249606758,stable_control,0.009466714476064286,0.003162202380952328
flocking_topology_resilient,11016,2.2339892068834355,0.6815139975108375,0.74921875,0.9285141112266215,0.5953891112266216,0.5625,0.0,0.4375,0.05,0.0,0.0,0.5359375,139,0.6936245493656295,1.782497289106938,5.2790317775922535,9.870883191845591,0.95703125,0.0,2.0727474583811776,3.6975184628756197,5.0594041774606255,1.8141099821727855,8.0,1.0,0.0,0.0,0.0,1.0,8.0,1.0,7.89375,0.3432474225724513,0.01328125,0.0,0,0.0,0,50.9875,0.0,0.0,,3840,737280,0.7199999999999999,0.0,0.0,0.0,0.0,0,1.9625,0.86875,6.01875,0.75234375,0.23203125,0.0,0.0,0.10625,1.54120902412567,112.85559299676427,1.0081154590006918,stable_control,0.21750271089306206,0.007031250000000044
flocking_topology_resilient,11017,2.184936593911631,0.6153958527865233,0.74921875,0.9020837663061123,0.5623962663061124,0.55625,0.0,0.44375,0.06875,0.1,0.00625,0.5390625,79,0.6501408096806282,1.592645341015653,4.076755157474303,5.378749604552196,0.9859375,0.0,1.8507443227130946,3.681685166865082,5.05194759748027,1.8910646453177828,8.0,1.0,0.0,0.0,0.0,1.0,8.0,1.0,7.93125,0.22693910214451202,0.00859375,0.0,0,0.0,0,51.1875,0.0,0.0,,3840,737280,0.7199999999999999,0.0,0.0,0.0,0.0,0,1.575,0.49375,6.0125,0.7515625,0.2375,0.0,0.0,0.06875,1.5694860983755565,163.18371859596613,1.0237527920398861,stable_control,0.4073546589843471,0.03593750000000007
flocking_topology_resilient,11018,2.180199709785748,0.7011425192581093,0.73671875,0.9693743689894727,0.6256243689894727,0.55,0.0,0.45,0.0625,0.0,0.0,0.5203125,78,0.6999758618756461,1.8373861083271676,4.555570505999472,6.887486248339711,0.9661830357142858,0.0,2.0275867375353913,3.689179779703282,5.012228126309663,1.953952466941793,8.0,1.0,0.0,0.0,0.0,1.0,8.0,1.0,7.8375,0.11317293711360002,0.0203125,0.0,0,0.0,0,50.43125,0.0,0.0,,3840,737280,0.7199999999999999,0.0,0.0,0.0,0.0,0,1.5375,0.4875,5.90625,0.73828125,0.2390625,0.0,0.0,0.1625,1.560633754550605,158.308576963851,1.0061116670258343,stable_control,0.16261389167283236,0.01618303571428581
flocking_topology_resilient,11019,2.188419403287534,0.6241315363439427,0.72421875,0.9109354613227361,0.571872961322736,0.55625,0.0,0.44375,0.0625,0.04,0.00625,0.509375,93,0.6639273850673486,1.5954007823015144,3.9646394700498893,5.774093870897579,0.97890625,0.0,2.0048928857705643,3.6760123027952125,5.039074397908888,1.8894722153590267,8.0,1.0,0.0,0.0,0.0,1.0125,7.95,0.99375,7.75,0.38487336528152516,0.03125,0.0,0,0.025,2,50.43125,0.025,0.041666666666666685,,3840,737280,0.7199999999999999,0.0,0.0,0.0,0.0,0,1.64375,0.5875,5.96875,0.7421875,0.22578125,0.0375,0.0375,0.125,1.537100451462909,188.3085449087794,1.002869667019695,stable_control,0.4045992176984856,0.028906250000000022
flocking_topology_resilient,11020,2.2254293678540695,0.6213588136047997,0.73359375,0.9513052458454672,0.6163052458454672,0.5625,0.0,0.4375,0.06875,0.2727272727272727,0.01875,0.515625,78,0.6843194861409752,1.7114700280621797,4.516434874232121,29.665069378755287,0.9640625,0.0,2.0000054224099015,3.687588002430492,4.940677110847281,1.866139048288224,8.0,1.0,0.0,0.0,0.0,1.0,8.0,1.0,7.8375,0.23639126208,0.0203125,0.0,0,0.0,0,50.33125,0.0,0.0,,3840,737280,0.7199999999999999,0.0,0.0,0.0,0.0,0,1.5875,0.49375,5.925,0.740625,0.23515625,0.025,0.025,0.15625,1.563836568605663,167.23381032980285,0.986535457894206,stable_control,0.28852997193782026,0.014062500000000089
flocking_topology_resilient,11021,2.234058489254011,0.6512909542511692,0.73125,0.921819111933387,0.581506611933387,0.55625,0.0,0.44375,0.075,0.0,0.0,0.5296875,78,0.6567621471169048,1.6197385566636604,4.331868555332901,7.518753402500975,0.9705357142857143,0.0,1.9753066174951712,3.6820478394135394,5.0422166427638615,1.9191509463847194,8.0,1.0,0.0,0.0,0.0,1.0,8.0,1.0,7.8625,0.26444613318451204,0.0171875,0.0,0,0.0,0,50.6875,0.0,0.0,,3840,737280,0.7199999999999999,0.0,0.0,0.0,0.0,0,1.58125,0.5,5.95,0.74375,0.2375,0.0,0.0,0.1375,1.5905426180850541,162.94847942136295,0.9981050419155508,stable_control,0.3802614433363396,0.020535714285714324
flocking_topology_resilient,11022,2.106352247271329,0.6673230651743052,0.72890625,0.9488928589985435,0.6045178589985436,0.55,0.0,0.45,0.06875,0.0,0.0,0.50625,76,0.7129279893347941,1.874682655069608,4.825211315326381,7.494940248365555,0.9748883928571429,0.0,1.9848709279215313,3.6709878218345082,4.995711465695903,1.8706065566066585,8.0,1.0,0.0,0.0,0.0,1.0,8.0,1.0,7.74375,0.4909978600529511,0.03203125,0.0,0,0.0,0,49.7875,0.0,0.0,,3840,737280,0.7199999999999999,0.0,0.0,0.0,0.0,0,1.64375,0.475,5.89375,0.73671875,0.228125,0.0,0.0,0.25625,1.56290686777694,202.9940630179925,0.982484458014369,stable_control,0.12531734493039193,0.02488839285714295
flocking_topology_resilient,11023,2.135795780925809,0.6645250478504237,0.74921875,0.9757678312688469,0.6267053312688469,0.54375,0.0,0.45625,0.06875,0.3,0.01875,0.5359375,81,0.6844306664253578,1.7680345226760976,4.61869916623572,8.706944664578794,0.959375,0.0,1.9871284948587422,3.689286928787996,4.991340537586495,1.8631641984081746,8.0,1.0,0.0,0.0,0.0,1.01875,7.925,0.990625,7.775,0.172500368,0.028125,0.0,0,0.025,2,50.63125,0.025,0.0,,3840,737280,0.7199999999999999,0.0,0.0,0.0,0.0,0,1.5375,0.50625,5.99375,0.74921875,0.22109375,0.0,0.0,0.0875,1.5337096821788214,163.9283008155082,1.0046173338778317,stable_control,0.23196547732390238,0.009375000000000022
flocking_topology_resilient,11024,2.3272200510726875,0.6681581907576817,0.74765625,0.9645737762518308,0.630198776251831,0.5625,0.0,0.4375,0.0625,0.3333333333333333,0.01875,0.5421875,77,0.9744096030975105,3.6377097982088635,4.128940480115757,165.25197790177765,0.94453125,0.0,2.0656258249201103,3.683479222977938,5.085816395655325,1.7939589698977478,8.0,1.0,0.0,0.0,0.0,1.0,8.0,1.0,7.9125,0.046,0.0109375,0.0,0,0.0,0,51.14375,0.0,0.0,,3840,737280,0.7199999999999999,0.0,0.0,0.0,0.0,0,1.49375,0.48125,6.025,0.753125,0.234375,0.0,0.0,0.0875,1.5354682523741663,158.5103086534354,1.0226429579779506,stable_control,1.6377097982088635,0.005468749999999911
flocking_topology_resilient,11025,2.439139055378379,0.6069389098016891,0.72265625,0.8946275919751997,0.5402525919751997,0.5375,0.0,0.4625,0.075,0.2857142857142857,0.0125,0.5265625,79,0.6317235470853133,1.4550697641978563,3.487925636084477,13.009486663667193,0.9765625,0.0,1.9436592189875803,3.68688549291342,5.027641086631159,1.8424643970008823,8.0,1.0,0.0,0.0,0.0,1.025,7.9,0.9875,7.69375,0.32863936597295107,0.03828125,0.0,0,0.025,2,50.0875,0.025,0.0,,3840,737280,0.7199999999999999,0.0,0.0,0.0,0.0,0,1.575,0.49375,5.975,0.746875,0.21328125,0.0,0.0,0.14375,1.5322250577686152,169.06365145659345,0.9982292079366744,stable_control,0.5449302358021437,0.026562500000000044
flocking_topology_resilient,11026,2.1634892786398723,0.6612829704913887,0.7453125,0.940054120278645,0.5916166202786449,0.54375,0.0,0.45625,0.0625,0.0,0.0,0.5234375,77,0.6661938056703642,1.6822340629579238,3.9189433502570887,7.451001537936361,0.984375,0.0,1.8769922157569532,3.683970860452085,5.014103743213946,1.9054756556109858,8.0,1.0,0.0,0.0,0.0,1.0,8.0,1.0,7.86875,0.24221263994880005,0.01640625,0.0,0,0.0,0,50.8375,0.0,0.0,,3840,737280,0.7199999999999999,0.0,0.0,0.0,0.0,0,1.56875,0.48125,5.975,0.746875,0.23671875,0.00625,0.00625,0.13125,1.5643950408246572,164.68549718293158,1.008063041139394,stable_control,0.31776593704207623,0.034375000000000044
flocking_topology_resilient,11027,2.3303154502249686,0.660047213804222,0.721875,0.9739921506741247,0.6249296506741248,0.54375,0.0,0.45625,0.06875,0.2222222222222222,0.0125,0.525,80,0.7180155021900274,1.871163580567164,4.507198863663723,7.75666310166708,0.9734375,0.0,2.108980081125282,3.6832659186297008,5.029171606478372,1.9223432338876942,8.0,1.0,0.0,0.0,0.0,1.0,8.0,1.0,7.79375,0.25795996111360003,0.02578125,0.0,0,0.0,0,50.1375,0.0,0.0,,3840,737280,0.7199999999999999,0.0,0.0,0.0,0.0,0,1.58125,0.5,5.90625,0.73828125,0.234375,0.0,0.0,0.20625,1.5568431061001675,194.809278425443,0.986900458112359,stable_control,0.12883641943283597,0.0234375
flocking_topology_resilient,11028,2.209690878955746,0.6849693143621699,0.75078125,0.9485712407274256,0.6141962407274255,0.5625,0.0,0.4375,0.0625,0.1111111111111111,0.00625,0.54453125,77,0.6969764953359213,1.7634356576468755,5.0213712982255085,8.912555172164629,0.95234375,0.0,1.992667442039116,3.687358014696462,4.966501036878512,1.8358372158877134,8.0,1.0,0.0,0.0,0.0,1.0,8.0,1.0,7.925,0.1711914491136,0.009375,0.0,0,0.0,0,51.13125,0.0,0.0,,3840,737280,0.7199999999999999,0.0,0.0,0.0,0.0,0,1.56875,0.48125,6.00625,0.75078125,0.2375,0.00625,0.00625,0.075,1.5342172290707539,149.84096060704087,1.0017072081100196,stable_control,0.2365643423531245,0.002343750000000089
flocking_topology_resilient,11029,2.1488463200627854,0.6432715919534292,0.74765625,0.9142898318184745,0.5699148318184746,0.55,0.0,0.45,0.06875,0.0,0.0,0.5375,76,0.6625431510768014,1.6755154671324903,4.924957642923695,7.891818320408527,0.9642857142857142,0.0,1.9247048040840908,3.6912513221240504,5.030397216863611,1.8470166987834058,8.0,1.0,0.0,0.0,0.0,1.0,8.0,1.0,7.90625,0.17955108608,0.01171875,0.0,0,0.0,0,51.0375,0.0,0.0,,3840,737280,0.7199999999999999,0.0,0.0,0.0,0.0,0,1.55,0.475,6.01875,0.75234375,0.2328125,0.0,0.0,0.09375,1.5349318862465258,153.68984054228332,1.0167905001435429,stable_control,0.32448453286750967,0.014285714285714235
flocking_robust_active,11000,3.530502484118761,3.2242209220647924,0.8446428571428571,2.244414889550648,2.120977389550648,0.84375,0.0,0.15625,0.0625,0.25,0.03125,0.8424107142857142,25,3.3244377064493285,32.97371273816769,131.31402874082428,150.10737361491292,0.6908854166666666,0.0,2.132753093441715,3.667095343018888,14.359698211423517,4.76905411664788,7.125,1.0,0.0,0.0,0.0,1.0,7.125,1.0,4.90625,0.0,0.0,0.0,0,0.0,0,0.0,0.0,0.0,,3414,655488,0.7199999999999999,0.0,0.0,0.0,0.0,0,1.275,0.26875,4.18125,0.8946428571428571,0.10457589285714286,1.9625,0.69375,1.34375,1.5244620255746608,164.7073483965936,0.5299075001385063,failure_only,30.97371273816769,0.25911458333333337
flocking_robust_active,11001,2.2894763509547515,0.6768482698591899,0.765,1.0055730008123587,0.6711980008123585,0.5625,0.0,0.4375,0.0625,0.42857142857142855,0.01875,0.545,75,0.9323425912321087,3.3032620834490656,5.364952482017983,143.21746583837304,0.9488095238095238,0.0,1.9044161148692225,3.68165346522078,9.263785546895443,3.4226800028950835,7.125,1.0,0.0,0.0,0.0,1.0,7.125,1.0,6.9,0.0,0.0,0.0,0,0.0,0,0.0,0.0,0.0,,3366,646272,0.7199999999999999,0.0,0.0,0.0,0.0,0,1.46875,0.46875,5.35,0.76625,0.23374999999999999,0.08125,0.05,0.19375,1.6827935528688394,122.839637082714,0.8521169999148697,failure_only,1.3032620834490656,0.0011904761904761862
flocking_robust_active,11002,2.2258678266037237,0.8146498093456593,0.7628125,0.92922093395571,0.6035959339557102,0.575,0.0,0.425,0.06875,0.0,0.0,0.5599999999999999,76,0.8194000110422156,2.3269899141022172,3.936733348369857,134.48431779320998,0.9614955357142858,0.0,1.9204634428525273,3.6607970133268166,15.258393871616624,3.222602735199799,7.125,1.0,0.0,0.0,0.0,1.0,7.125,1.0,6.5875,0.0,0.0,0.0,0,0.0,0,0.0,0.0,0.0,,3377,648384,0.7199999999999999,0.0,0.0,0.0,0.0,0,1.475,0.475,5.0375,0.7659374999999999,0.2340625,0.375,0.24375,0.35625,1.6704205921001474,168.58549931794678,0.8060450828634202,failure_only,0.3269899141022172,0.011495535714285854
flocking_robust_active,11003,2.130599613998334,0.6849682579491086,0.76953125,0.9410578854682182,0.6148078854682183,0.575,0.0,0.425,0.075,0.0,0.0,0.575,76,0.7038128725242381,1.8852897657873602,5.623505389836109,8.124394734294837,0.9582738095238096,0.0,2.1866628082362807,3.6981168525754784,9.650316468768043,3.0640422908082994,7.125,1.0,0.0,0.0,0.0,1.0,7.125,1.0,6.8125,0.0,0.0,0.0,0,0.0,0,0.0,0.0,0.0,,3364,645888,0.7199999999999999,0.0,0.0,0.0,0.0,0,1.46875,0.4625,5.2875,0.7703125,0.22890625,0.075,0.06875,0.28125,1.6803680762556337,124.34096175380978,0.833279499784112,failure_only,0.11471023421263982,0.008273809523809628
flocking_robust_active,11004,2.3927572195189017,1.0965217992804297,0.771875,1.0908744302959128,0.7549369302959129,0.56875,0.0,0.43125,0.125,0.25,0.0125,0.56875,47,1.2841764799834974,5.455973757023908,7.060521824719051,138.64435046042541,0.9160342261904763,0.0,2.08303437997808,3.6680973960386547,12.626682258067941,2.465168341297267,7.125,1.0,0.0,0.0,0.0,1.0,7.125,1.0,6.56875,0.0,0.0,0.0,0,0.0,0,0.0,0.0,0.0,,3368,646656,0.7199999999999999,0.0,0.0,0.0,0.0,0,1.45625,0.45625,5.05,0.771875,0.228125,0.28125,0.2,0.43125,1.6649876880006054,159.50063307393077,0.7866484590340406,failure_only,3.4559737570239077,0.0339657738095237
flocking_robust_active,11005,2.0451925334297654,0.6281824785803146,0.76875,0.898620324665418,0.5817453246654181,0.5875,0.0,0.4125,0.075,0.25,0.01875,0.5640625,76,0.6739643752544124,1.7348279505567974,4.556196009507456,10.423958618932618,0.9588541666666666,0.0,1.9755486063049008,3.699206889358318,9.930241257301741,3.8297150075334985,7.125,1.0,0.0,0.0,0.0,1.0,7.125,1.0,6.68125,0.0,0.0,0.0,0,0.0,0,0.0,0.0,0.0,,3375,648000,0.7199999999999999,0.0,0.0,0.0,0.0,0,1.46875,0.4625,5.14375,0.76875,0.23046875,0.2375,0.14375,0.33125,1.7142540698185507,127.14894642982156,0.8160239157732576,failure_only,0.2651720494432026,0.008854166666666607
flocking_robust_active,11006,3.704958494414624,3.4489865145591962,0.85,2.3914902216587377,2.268052721658738,0.84375,0.0,0.15625,0.0625,0.05,0.00625,0.84375,25,3.4772396132010615,35.03594533155714,140.03368264792928,177.34507001516158,0.701875,0.0,1.90704704000041,3.6184581840541945,13.671340553545553,3.2861810161366014,7.125,1.0,0.0,0.0,0.0,1.0,7.125,1.0,5.1,0.0,0.0,0.0,0,0.0,0,0.0,0.0,0.0,,3413,655296,0.7199999999999999,0.0,0.0,0.0,0.0,0,1.26875,0.26875,4.36875,0.89375,0.10625,1.7125,0.69375,1.19375,1.5564184099997203,166.0733137084787,0.5519173331558704,failure_only,33.03594533155714,0.24812499999999993
flocking_robust_active,11007,2.106467338453333,0.8208910405947917,0.771875,0.9529506213387959,0.6304506213387959,0.5875,0.0,0.4125,0.13125,0.08333333333333333,0.00625,0.58125,48,0.8258274746781894,2.425772447543399,3.888187629704437,128.20705652732477,0.9744791666666666,0.0,1.9439300972870754,3.6893589386353325,12.46880124486357,3.54597113817177,7.125,1.0,0.0,0.0,0.0,1.0,7.125,1.0,6.48125,0.0,0.0,0.0,0,0.0,0,0.0,0.0,0.0,,3388,650496,0.7199999999999999,0.0,0.0,0.0,0.0,0,1.45625,0.45625,4.96875,0.771875,0.228125,0.3625,0.2625,0.475,1.6957213300956049,160.2552769556999,0.7727392080705613,failure_only,0.42577244754339905,0.024479166666666607
flocking_robust_active,11008,3.573855527005732,3.264019918561292,0.8402901785714285,2.296697048373961,2.1732595483739603,0.84375,0.0,0.15625,0.0625,0.15789473684210525,0.01875,0.8446428571428571,25,3.343045101400466,32.531512109172255,125.84272628791277,140.00528601954977,0.6958333333333333,0.0,1.998260736188635,3.6461308321949346,9.916480965348635,3.641426240457656,7.125,1.0,0.0,0.0,0.0,1.0,7.125,1.0,5.39375,0.0,0.0,0.0,0,0.0,0,0.0,0.0,0.0,,3416,655872,0.7199999999999999,0.0,0.0,0.0,0.0,0,1.275,0.2625,4.6625,0.8949776785714285,0.10345982142857144,1.45,0.63125,1.0375,1.4753285558780358,135.1607336457486,0.5921192499808967,failure_only,30.531512109172255,0.25416666666666665
flocking_robust_active,11009,2.259615541214747,0.6865859426935351,0.7996651785714286,1.0283824574203284,0.7336949574203281,0.61875,0.0,0.38125,0.0875,0.5555555555555556,0.03125,0.6016741071428571,68,1.23344847224873,5.439729162464504,7.031295517444857,180.9553282294365,0.9369047619047619,0.0,1.9968261691613,3.6835620016524784,15.128935764195864,5.882233241742517,7.125,1.0,0.0,0.0,0.0,1.0,7.125,1.0,6.11875,0.0,0.0,0.0,0,0.0,0,0.0,0.0,0.0,,3385,649920,0.7199999999999999,0.0,0.0,0.0,0.0,0,1.40625,0.4,4.775,0.8004464285714284,0.19877232142857143,0.64375,0.3625,0.74375,1.72134452741281,175.1534777853164,0.7389681250788271,failure_only,3.439729162464504,0.013095238095238049
flocking_robust_active,11010,1.4805660040200315,0.6788576393495444,0.8895089285714285,0.7130876328179468,0.5896501328179469,0.84375,0.0,0.15625,0.0625,0.0,0.0,0.8446428571428571,25,0.685646054086932,1.7086537065490663,4.765831765138177,9.501655150276203,0.9579241071428573,0.0,1.9910108945840268,3.759814443970291,7.585550334795255,5.003536803934551,7.125,1.0,0.0,0.0,0.0,1.0,7.125,1.0,5.25625,0.0,0.0,0.0,0,0.0,0,0.0,0.0,0.0,,3390,650880,0.7199999999999999,0.0,0.0,0.0,0.0,0,1.225,0.225,4.56875,0.9051339285714285,0.09486607142857142,1.55,0.65625,1.11875,1.543422752068943,128.24257439922857,0.5871441250201315,failure_only,0.29134629345093366,0.007924107142857295
flocking_robust_active,11011,1.4286320612111771,0.7028890298761341,0.90625,0.7645291318118771,0.6410916318118771,0.84375,0.0,0.15625,0.0625,0.0,0.0,0.84375,25,0.7107637005166326,1.8977304393590493,4.999935601468617,7.859247341022035,0.9505208333333333,0.0,1.9470550448050825,3.7717262948757813,8.370472531361198,5.080758182182629,7.125,1.0,0.0,0.0,0.0,1.0,7.125,1.0,5.08125,0.0,0.0,0.0,0,0.0,0,0.0,0.0,0.0,,3407,654144,0.7199999999999999,0.0,0.0,0.0,0.0,0,1.2,0.19375,4.43125,0.9125,0.08671875,1.78125,0.64375,1.175,1.4773326138093537,126.1338582233737,0.5718105419073254,failure_only,0.10226956064095072,0.0005208333333333037
flocking_robust_active,11012,2.2125582929143315,0.8563083795169866,0.765625,0.9670676453814748,0.6367551453814747,0.56875,0.0,0.43125,0.06875,0.1111111111111111,0.00625,0.56328125,76,0.8678782187797918,2.620825649542694,5.275292000526661,131.58237664996392,0.9526041666666666,0.0,2.0845245747338454,3.6562442132918576,13.802926816223072,2.779239639809431,7.125,1.0,0.0,0.0,0.0,1.0,7.125,1.0,6.59375,0.0,0.0,0.0,0,0.0,0,0.0,0.0,0.0,,3384,649728,0.7199999999999999,0.0,0.0,0.0,0.0,0,1.475,0.46875,5.0375,0.765625,0.23359375,0.35,0.275,0.3875,1.731268293720457,169.07122431755556,0.8208327919710428,failure_only,0.6208256495426938,0.0026041666666666297
flocking_robust_active,11013,1.3997404089762202,0.595066604920985,0.8859375,0.6729817465429342,0.5495442465429342,0.84375,0.0,0.15625,0.0625,0.0,0.0,0.84375,25,0.6364471046362964,1.531375504013954,3.1798782103641643,9.585449754183937,0.9834821428571429,0.0,1.788916405347981,3.734720834880355,10.328202769018487,2.616711008385105,7.125,1.0,0.0,0.0,0.0,1.0,7.125,1.0,5.1875,0.0,0.0,0.0,0,0.0,0,0.0,0.0,0.0,,3417,656064,0.7199999999999999,0.0,0.0,0.0,0.0,0,1.2375,0.2375,4.4875,0.9015625,0.0984375,1.6,0.69375,1.1625,1.5155277423616431,152.0410210464652,0.5791624169796705,failure_only,0.46862449598604594,0.033482142857142905
flocking_robust_active,11014,2.2608332343472943,1.1644031182195802,0.7792410714285715,1.0937802411227449,0.7947177411227447,0.61875,0.0,0.38125,0.13125,0.13333333333333333,0.0125,0.5954241071428571,53,1.3044295022012475,5.672604121492124,5.357647578883035,123.40633932018572,0.953125,0.0,2.3111775747249053,3.6760029740000695,12.155550767296209,3.6989936218607,7.125,1.0,0.0,0.0,0.0,1.0,7.125,1.0,6.65625,0.0,0.0,0.0,0,0.0,0,0.0,0.0,0.0,,3380,648960,0.7199999999999999,0.0,0.0,0.0,0.0,0,1.45625,0.44375,5.19375,0.7801339285714286,0.21830357142857143,0.19375,0.10625,0.38125,1.6553190447579695,153.6494135056456,0.8003754171077162,failure_only,3.6726041214921237,0.0031250000000000444
flocking_robust_active,11015,3.606879026856792,3.330704947950338,0.8293526785714285,2.3578399726079065,2.234402472607907,0.84375,0.0,0.15625,0.0625,0.0,0.0,0.8446428571428571,25,3.3901510361362566,33.790308356923546,133.92782455328563,148.80241504344733,0.6784375,0.0,2.0982641644626936,3.6205277091877703,12.53078609027572,3.426907125740363,7.125,1.0,0.0,0.0,0.0,1.0,7.125,1.0,5.4125,0.0,0.0,0.0,0,0.0,0,0.0,0.0,0.0,,3418,656256,0.7199999999999999,0.0,0.0,0.0,0.0,0,1.2875,0.28125,4.66875,0.8910714285714285,0.10814732142857145,1.39375,0.6375,1.04375,1.4942696440201861,153.46947164620573,0.5964637089055032,failure_only,31.790308356923546,0.27156249999999993
flocking_robust_active,11016,2.1411246541823283,1.0585403634670882,0.7863541666666667,0.9854411494815618,0.6885661494815618,0.625,0.0,0.375,0.15625,0.0,0.0,0.6145833333333334,37,1.0571025808989607,3.974533085639366,5.803783974601204,185.192104249271,0.9399553571428572,0.0,2.2316918778750834,3.7256439026838977,7.884901474772183,3.4514644124388836,7.125,1.0,0.0,0.0,0.0,1.0,7.125,1.0,6.68125,0.0,0.0,0.0,0,0.0,0,0.0,0.0,0.0,,3386,650112,0.7199999999999999,0.0,0.0,0.0,0.0,0,1.425,0.425,5.2875,0.7907291666666666,0.20927083333333335,0.13125,0.0875,0.3875,1.6648104032789675,116.3441935713414,0.816768332850188,failure_only,1.974533085639366,0.010044642857142794
flocking_robust_active,11017,2.1836095429709945,0.8216044889734119,0.7612425595238095,0.9769169709120199,0.6447294709120199,0.56875,0.0,0.43125,0.0875,0.16666666666666666,0.0125,0.5639880952380952,79,0.8499684078096781,2.537813937323853,4.4163089005016625,124.96688993639988,0.9653645833333334,0.0,1.9896620211479679,3.653101989708651,12.587484122515184,3.3027796559978695,7.125,1.0,0.0,0.0,0.0,1.0,7.125,1.0,6.63125,0.0,0.0,0.0,0,0.0,0,0.0,0.0,0.0,,3358,644736,0.7199999999999999,0.0,0.0,0.0,0.0,0,1.48125,0.46875,5.09375,0.7683333333333333,0.2290997023809524,0.325,0.25625,0.35,1.7219888399522063,165.0220524698218,0.8221567501313984,failure_only,0.5378139373238531,0.01536458333333346
flocking_robust_active,11018,2.093502297989854,0.6975770669287343,0.7628348214285714,0.956600019079163,0.6256625190791629,0.56875,0.0,0.43125,0.075,0.0,0.0,0.5696428571428571,77,0.7460722417438641,1.9719163835029079,4.552051833208329,30.01218023196813,0.9608482142857143,0.0,2.115839769595104,3.659351337579637,13.102675539905562,2.6118980689565965,7.125,1.0,0.0,0.0,0.0,1.0,7.125,1.0,6.54375,0.0,0.0,0.0,0,0.0,0,0.0,0.0,0.0,,3398,652416,0.7199999999999999,0.0,0.0,0.0,0.0,0,1.475,0.46875,5.05,0.7676339285714285,0.23158482142857145,0.3,0.2,0.45,1.7206629882613362,156.1014875434713,0.7964327500667423,failure_only,0.028083616497092123,0.010848214285714364
flocking_robust_active,11019,2.286293202524268,0.6598377735758655,0.76875,0.9630751672493169,0.6374501672493169,0.575,0.0,0.425,0.06875,0.2222222222222222,0.0125,0.56875,75,0.9857615889162845,3.675683807482147,5.034806923853485,216.0006336316434,0.9684895833333332,0.0,2.026096707933489,3.6866670271582023,16.22836106592397,2.698447970794759,7.125,1.0,0.0,0.0,0.0,1.0,7.125,1.0,6.475,0.0,0.0,0.0,0,0.0,0,0.0,0.0,0.0,,3384,649728,0.7199999999999999,0.0,0.0,0.0,0.0,0,1.46875,0.4625,4.9375,0.76875,0.23046875,0.5125,0.25625,0.43125,1.6750708296534405,179.79712556058692,0.7882133338134736,failure_only,1.6756838074821472,0.01848958333333328
flocking_robust_active,11020,2.221247896966831,0.6226542106451335,0.7726264880952382,0.9737780065229582,0.6497155065229583,0.58125,0.0,0.41875,0.1,0.2727272727272727,0.01875,0.5795386904761906,63,0.9570161469415541,3.3969511883772974,4.310954845624773,165.16030063915832,0.9700892857142858,0.0,2.1070167124450565,3.6884710985201794,12.858857226013075,3.124004367097922,7.125,1.0,0.0,0.0,0.0,1.0,7.125,1.0,6.4375,0.0,0.0,0.0,0,0.0,0,0.0,0.0,0.0,,3365,646080,0.7199999999999999,0.0,0.0,0.0,0.0,0,1.46875,0.45625,4.94375,0.7747693452380953,0.22366815476190477,0.41875,0.2625,0.53125,1.6967933256193297,163.8798192290683,0.7847729169297963,failure_only,1.3969511883772974,0.02008928571428581
flocking_robust_active,11021,3.753448797028453,3.4683086477760945,0.84375,2.413163108302954,2.299100608302954,0.85625,0.0,0.14375,0.0625,0.18181818181818182,0.025,0.8453125,25,3.590141960631919,36.58398583851031,137.21182588010976,173.39443811784625,0.68859375,0.0,2.000880263519139,3.62136742092584,11.627336642197813,4.410676945938517,7.125,1.0,0.0,0.0,0.0,1.0,7.125,1.0,5.2625,0.0,0.0,0.0,0,0.0,0,0.0,0.0,0.0,,3412,655104,0.7199999999999999,0.0,0.0,0.0,0.0,0,1.275,0.26875,4.5375,0.89375,0.1046875,1.5625,0.64375,1.1,1.5449072691596055,165.4618311151766,0.5998163751792163,failure_only,34.58398583851031,0.26140624999999995
flocking_robust_active,11022,2.273455705563333,0.7002732089837619,0.7637276785714285,0.9978702979148512,0.6634952979148514,0.5625,0.0,0.4375,0.0625,0.2857142857142857,0.0125,0.5633928571428571,75,0.9758426650012969,3.6459887841978946,5.341721240294634,203.36969320992628,0.9573958333333333,0.0,2.01421375878769,3.6686066125503203,19.586127362667604,4.461770869587825,7.125,1.0,0.0,0.0,0.0,1.0,7.125,1.0,6.4,0.0,0.0,0.0,0,0.0,0,0.0,0.0,0.0,,3401,652992,0.7199999999999999,0.0,0.0,0.0,0.0,0,1.4875,0.46875,4.84375,0.7652901785714286,0.23236607142857144,0.48125,0.25,0.65,1.6834497840848173,190.32697124321848,0.759911541827023,failure_only,1.6459887841978946,0.007395833333333379
flocking_robust_active,11023,2.1493401598375943,0.5692487845840818,0.7604910714285714,0.8427685424303537,0.5124560424303537,0.56875,0.0,0.43125,0.06875,0.0,0.0,0.5633928571428571,77,0.5998801244115947,1.3393060546926374,3.658301071903489,5.790626101841286,0.98671875,0.0,2.0191860540690643,3.6870622946649583,12.77963597298509,3.0770120236875926,7.125,1.0,0.0,0.0,0.0,1.0,7.125,1.0,6.5875,0.0,0.0,0.0,0,0.0,0,0.0,0.0,0.0,,3389,650688,0.7199999999999999,0.0,0.0,0.0,0.0,0,1.4875,0.475,5.01875,0.7636160714285715,0.23470982142857144,0.36875,0.25625,0.4125,1.6980353708521256,162.24457531784665,0.7978269159793854,failure_only,0.6606939453073626,0.03671875000000002
flocking_robust_active,11024,3.691782618566954,3.319574452264813,0.8359375,2.3930674171770105,2.2743174171770106,0.85,0.0,0.15,0.0625,0.30434782608695654,0.04375,0.846875,24,3.5214668716908575,37.10959065368935,138.274752432129,177.34443459688043,0.65390625,0.0,2.1282037973205057,3.6703476902639904,14.243534656371498,3.165812469941686,7.125,1.0,0.0,0.0,0.0,1.0,7.125,1.0,5.15,0.0,0.0,0.0,0,0.0,0,0.0,0.0,0.0,,3414,655488,0.7199999999999999,0.0,0.0,0.0,0.0,0,1.2875,0.28125,4.41875,0.8921875,0.10703125,1.7625,0.69375,1.1875,1.5251478792566915,157.77268597457862,0.5692679169587791,failure_only,35.10959065368935,0.29609374999999993
flocking_robust_active,11025,2.2587130472116406,0.6358440282056574,0.7661458333333334,0.9739353433416827,0.6436228433416826,0.56875,0.0,0.43125,0.06875,0.3333333333333333,0.01875,0.5552083333333334,76,0.9633884314045084,3.3812175651011698,4.871723100837772,158.66071748991772,0.9625,0.0,2.020074974665159,3.6758433572927283,14.045422140514495,4.8142428735365765,7.125,1.0,0.0,0.0,0.0,1.0,7.125,1.0,6.4875,0.0,0.0,0.0,0,0.0,0,0.0,0.0,0.0,,3372,647424,0.7199999999999999,0.0,0.0,0.0,0.0,0,1.475,0.46875,4.94375,0.7671875,0.23177083333333331,0.40625,0.25625,0.475,1.7025554559174432,161.47805332656893,0.814393833046779,failure_only,1.3812175651011698,0.012500000000000067
flocking_robust_active,11026,2.345874267528464,1.027505891954052,0.76875,1.1027801302102893,0.7805926302102894,0.58125,0.0,0.41875,0.08125,0.25,0.01875,0.5700000000000001,77,1.2711655322825521,5.6453204353637405,7.459058824030385,179.36116143762945,0.9194642857142856,0.0,2.0082955307186006,3.669417323160919,15.658856835318366,2.2627715159844444,7.125,1.0,0.0,0.0,0.0,1.0,7.125,1.0,6.50625,0.0,0.0,0.0,0,0.0,0,0.0,0.0,0.0,,3398,652416,0.7199999999999999,0.0,0.0,0.0,0.0,0,1.4625,0.4625,4.98125,0.7699999999999999,0.22999999999999998,0.40625,0.25625,0.46875,1.7325266435663245,163.189956884022,0.785107915988192,failure_only,3.6453204353637405,0.030535714285714333
flocking_robust_active,11027,2.4037068570741984,1.0616371891491052,0.7693080357142856,1.0583524814688992,0.7271024814688992,0.575,0.0,0.425,0.125,0.2,0.0125,0.5776785714285715,49,1.2780840332305927,5.5926809897054905,4.751483648013816,142.0911999136233,0.9575520833333334,0.0,1.9180381730698741,3.6893251617372345,18.009969270381163,3.503859202187004,7.125,1.0,0.0,0.0,0.0,1.0,7.125,1.0,6.38125,0.0,0.0,0.0,0,0.0,0,0.0,0.0,0.0,,3397,652224,0.7199999999999999,0.0,0.0,0.0,0.0,0,1.46875,0.4625,4.8625,0.7700892857142857,0.2291294642857143,0.475,0.25625,0.64375,1.7157096866561417,189.27450943267047,0.7699414580129087,failure_only,3.5926809897054905,0.007552083333333459
flocking_robust_active,11028,2.1848535327908043,0.6444990845447688,0.7640625,0.9182008597995817,0.5838258597995816,0.5625,0.0,0.4375,0.0625,0.0,0.0,0.56328125,76,0.64525372484632,1.5210497075861074,4.176334343271491,6.787390491818212,0.9830729166666666,0.0,1.9011096130904774,3.6915369638590625,12.075316360294924,3.203028352859332,7.125,1.0,0.0,0.0,0.0,1.0,7.125,1.0,6.56875,0.0,0.0,0.0,0,0.0,0,0.0,0.0,0.0,,3381,649152,0.7199999999999999,0.0,0.0,0.0,0.0,0,1.4875,0.475,5.00625,0.7640625,0.234375,0.44375,0.275,0.34375,1.6859658466249077,148.29626451545846,0.8068793339189142,failure_only,0.47895029241389264,0.033072916666666674
flocking_robust_active,11029,2.174129482056438,0.6876626163171634,0.7671875,0.9342704627031366,0.6127079627031365,0.58125,0.0,0.41875,0.075,0.0,0.0,0.56875,75,0.7085879504933339,1.880795087698398,5.0080760674803315,8.419846227419951,0.9586458333333333,0.0,2.0146851631814133,3.695228625437796,12.959769523043216,3.6747726542295793,7.125,1.0,0.0,0.0,0.0,1.0,7.125,1.0,6.49375,0.0,0.0,0.0,0,0.0,0,0.0,0.0,0.0,,3394,651648,0.7199999999999999,0.0,0.0,0.0,0.0,0,1.46875,0.45625,4.96875,0.771875,0.2265625,0.45625,0.25,0.425,1.684303147226003,153.46002541117818,0.7911538749467582,failure_only,0.1192049123016019,0.008645833333333353
flocking_topology_support,11000,3.5629922588776197,3.2174588742783805,0.5,2.7066780709056495,2.0838655709056497,0.18125,0.0,0.81875,0.0875,0.0,0.0,0.084375,25,3.2135675199760274,30.651547245582435,123.58014971041305,140.51449253742572,0.6913020833333333,0.0,2.1430979783956414,3.6700893039529783,14.456931736089143,4.183178932259869,7.125,1.0,0.0,0.0,0.0,1.0125,7.125,0.890625,4.95,0.0,0.38125,0.0,0,0.0,4,29.03125,0.0,0.0,,3406,653952,0.7199999999999999,0.0,0.0,0.0,0.0,0,1.2875,0.28125,4.2125,0.5265625,0.09140625,1.925,0.69375,1.31875,1.5236611365390738,163.07817392134442,0.5470000000204891,failure_only,28.651547245582435,0.25869791666666664
flocking_topology_support,11001,2.18715510137794,0.7203162398602534,0.6671875,1.0059161076700327,0.6515411076700327,0.5375,0.0,0.4625,0.075,0.0,0.0,0.3546875,75,0.7204875404245732,1.98335122279844,5.189634592449064,7.838639470492648,0.9710416666666667,0.0,1.9684807418434402,3.6777963132275375,9.568896776772382,3.90229109620104,7.125,1.0,0.0,0.0,0.0,1.0125,7.125,0.890625,6.89375,0.0,0.13828125,0.0,0,0.0,4,43.1375,0.0,0.0,,3372,647424,0.7199999999999999,0.0,0.0,0.0,0.0,0,1.46875,0.46875,5.34375,0.66796875,0.19375,0.08125,0.05,0.2,1.6828108308801952,121.65055426440462,0.8806991660967469,failure_only,0.016648777201559994,0.021041666666666736
flocking_topology_support,11002,2.2992650296690313,0.8462087362540934,0.63046875,0.9753198279503845,0.6209448279503846,0.5375,0.0,0.4625,0.075,0.0,0.0,0.284375,76,0.842643037442487,2.35682218835836,3.8928514756534396,130.08019596842195,0.9747395833333332,0.0,2.040298229845617,3.6563057736221096,15.576679185690622,4.227727867031869,7.125,1.0,0.0,0.0,0.0,1.0,7.125,0.890625,6.56875,0.0,0.17890625,0.0,0,0.0,2,40.58125,0.0,0.0,,3377,648384,0.7199999999999999,0.0,0.0,0.0,0.0,0,1.4625,0.4625,5.05625,0.63203125,0.1890625,0.375,0.24375,0.375,1.6734917436958596,167.65548459898835,0.8436413749586791,failure_only,0.3568221883583602,0.02473958333333326
flocking_topology_support,11003,2.0944354406777723,0.6642660068157639,0.66015625,0.9506680169263685,0.5850430169263685,0.525,0.0,0.475,0.09375,0.0,0.0,0.3453125,76,0.674936782716062,1.7834481315466895,5.2221246625495645,7.753276392998885,0.95578125,0.0,2.1378848673735833,3.6917235535861095,10.364275121929035,2.761878696312022,7.125,1.0,0.0,0.0,0.0,1.025,7.125,0.890625,6.825,0.0,0.146875,0.0,0,0.0,4,42.58125,0.0,0.0,,3380,648960,0.7199999999999999,0.0,0.0,0.0,0.0,0,1.46875,0.4625,5.3,0.6625,0.18984375,0.075,0.06875,0.26875,1.6817315864384668,120.28979542985934,0.8733532920014113,failure_only,0.21655186845331054,0.005781250000000071
flocking_topology_support,11004,2.2419829978387567,0.9786313307067066,0.63203125,1.0600718236248057,0.6691343236248055,0.49375,0.0,0.50625,0.1125,0.25,0.00625,0.278125,76,0.9901580859515546,3.2967244893708822,7.0173824737454895,127.80677148537036,0.9197544642857143,0.0,2.1615154427645757,3.6642905765380838,13.115923442234259,3.725017450276938,7.125,1.0,0.0,0.0,0.0,1.025,7.125,0.890625,6.575,0.0,0.178125,0.0,0,0.0,4,40.6875,0.0,0.0,,3368,646656,0.7199999999999999,0.0,0.0,0.0,0.0,0,1.45625,0.45625,5.05625,0.63203125,0.18984375,0.2875,0.20625,0.425,1.6654800088378359,155.08615725003818,0.8200372920837253,failure_only,1.2967244893708822,0.030245535714285676
flocking_topology_support,11005,2.1029155271479727,0.6034814219128714,0.6453125,0.8896597273487403,0.5440347273487403,0.55,0.0,0.45,0.08125,0.0,0.0,0.315625,76,0.6183500092427766,1.4695817318320943,3.807261349695594,7.331406696606414,0.99375,0.0,1.9955095655020412,3.6986600607362887,10.063945072355875,4.156383464456818,7.125,1.0,0.0,0.0,0.0,1.0,7.125,0.890625,6.7,0.0,0.1625,0.0,0,0.0,2,41.58125,0.0,0.0,,3388,650496,0.7199999999999999,0.0,0.0,0.0,0.0,0,1.46875,0.4625,5.1625,0.6453125,0.19140625,0.2375,0.14375,0.3125,1.7114052237478645,122.53449650779642,0.8561879999469966,failure_only,0.5304182681679057,0.04375000000000007
flocking_topology_support,11006,3.682435317883917,3.380253512742958,0.51796875,2.77996209938238,2.17183709938238,0.2125,0.0,0.7875,0.175,0.0,0.0,0.1078125,25,3.39676238701172,33.641978422749254,135.96112467272,181.2056868721815,0.6989583333333333,0.0,1.8576374487303382,3.614663013838194,13.938069696378161,3.395951910547294,7.125,1.0,0.0,0.0,0.0,1.0,7.125,0.890625,5.05,0.0,0.36875,0.0,0,0.0,2,29.9875,0.0,0.0,,3416,655872,0.7199999999999999,0.0,0.0,0.0,0.0,0,1.26875,0.26875,4.31875,0.53984375,0.09140625,1.75625,0.69375,1.21875,1.555756174670415,164.42288474318758,0.5759294999297708,failure_only,31.641978422749254,0.2510416666666666
flocking_topology_support,11007,2.1615055146505204,0.7799507859893836,0.625,0.9387740721455773,0.5684615721455772,0.51875,0.0,0.48125,0.09375,0.14285714285714285,0.00625,0.278125,48,0.7850020974261038,2.1645150435267277,3.945373113447675,121.56376253100149,0.9713541666666666,0.0,1.9171233985733784,3.6827155541990906,12.176863754454839,3.5782433215665987,7.125,1.0,0.0,0.0,0.0,1.01875,7.125,0.890625,6.5125,0.0,0.1859375,0.0,0,0.0,3,40.1875,0.0,0.0,,3375,648000,0.7199999999999999,0.0,0.0,0.0,0.0,0,1.45625,0.45625,5.0,0.625,0.1890625,0.3375,0.2625,0.45625,1.6969062149369711,154.50908121832902,0.8316938751377165,failure_only,0.16451504352672774,0.021354166666666674
flocking_topology_support,11008,3.584901587676213,3.2658670293126533,0.56484375,2.651592136986741,2.131279636986741,0.31875,0.0,0.68125,0.09375,0.0,0.0,0.196875,25,3.2909472001117255,32.033499307014765,133.28811993723411,146.15687247788412,0.6989583333333333,0.0,1.9936012029229566,3.6393726752460993,9.658154446848977,2.5404208364337597,7.125,1.0,0.0,0.0,0.0,1.00625,7.125,0.890625,5.39375,0.0,0.32578125,0.0,0,0.0,4,32.83125,0.0,0.0,,3405,653760,0.7199999999999999,0.0,0.0,0.0,0.0,0,1.25625,0.24375,4.69375,0.58671875,0.0859375,1.4125,0.63125,1.05625,1.4779151702614353,134.3724129792697,0.6107748339418322,failure_only,30.033499307014765,0.2510416666666666
flocking_topology_support,11009,2.1115142101499957,0.6651390749561102,0.59609375,0.9978649306526698,0.5531774306526698,0.41875,0.0,0.58125,0.0875,0.0,0.0,0.19453125,57,0.6958867680251238,1.7996130029931365,4.279608847594709,42.188297647003424,0.9728571428571428,0.0,2.0582490408708836,3.6742999124579576,15.035459024224963,4.997365357059953,7.125,1.0,0.0,0.0,0.0,1.0125,7.125,0.890625,6.1,0.0,0.2375,0.0,0,0.0,4,37.31875,0.0,0.0,,3371,647232,0.7199999999999999,0.0,0.0,0.0,0.0,0,1.4,0.39375,4.775,0.596875,0.16484375,0.6375,0.3625,0.7625,1.7208879819733762,170.5906030907964,0.7670657080598176,failure_only,0.20038699700686347,0.022857142857142798
flocking_topology_support,11010,1.5027612198590732,0.6859448502459443,0.5703125,1.0855399295710995,0.6058524295710995,0.36875,0.0,0.63125,0.0625,0.0,0.0,0.16875,25,0.6962610758849732,1.7895133410041577,4.150005104322914,7.9245768757625115,0.9716741071428572,0.0,2.002462726317648,3.759650652626486,7.398556609468699,5.052363790990778,7.125,1.0,0.0,0.0,0.0,1.025,7.125,0.890625,5.29375,0.0,0.33828125,0.0,0,0.0,4,32.3375,0.0,0.0,,3381,649152,0.7199999999999999,0.0,0.0,0.0,0.0,0,1.21875,0.21875,4.6125,0.5765625,0.08515625,1.50625,0.65625,1.10625,1.544248788308612,122.98418659032454,0.6195666659623384,failure_only,0.2104866589958423,0.021674107142857224
flocking_topology_support,11011,1.4643700087729383,0.6650423173492755,0.55234375,1.175375967855349,0.5925634678553487,0.23125,0.0,0.76875,0.0625,0.0,0.0,0.115625,25,0.6637883462822729,1.6713796344511884,4.579213879656548,9.013818994313475,0.9587053571428571,0.0,1.8399430441996203,3.7770116183083715,8.128049951103389,2.667299552967539,7.125,1.0,0.0,0.0,0.0,1.01875,7.125,0.890625,5.075,0.0,0.365625,0.0,0,0.0,4,30.7875,0.0,0.0,,3394,651648,0.7199999999999999,0.0,0.0,0.0,0.0,0,1.19375,0.1875,4.43125,0.55390625,0.0796875,1.7875,0.64375,1.175,1.4770583296090645,123.23226997358681,0.5805765001568943,failure_only,0.3286203655488116,0.00870535714285714
flocking_topology_support,11012,2.3389997686364286,0.9528171480787532,0.62890625,1.0230361668799044,0.6686611668799044,0.5375,0.0,0.4625,0.075,0.0,0.0,0.28203125,76,0.9592149293393695,3.0750055022929077,5.230815573893997,125.2618601211795,0.9427232142857143,0.0,2.1775264924809,3.651863216182386,13.49784387103007,3.6506948344147387,7.125,1.0,0.0,0.0,0.0,1.0375,7.125,0.890625,6.5625,0.0,0.1796875,0.0,0,0.0,5,40.45,0.0,0.0,,3368,646656,0.7199999999999999,0.0,0.0,0.0,0.0,0,1.46875,0.4625,5.04375,0.63046875,0.1890625,0.35,0.275,0.41875,1.7256434312014335,168.62406945816403,0.8398504999931902,failure_only,1.0750055022929077,0.007276785714285694
flocking_topology_support,11013,1.3419643539203827,0.6288460729736892,0.55078125,1.1278426240733346,0.5612801240733347,0.25625,0.0,0.74375,0.0875,0.0,0.0,0.1453125,25,0.6520374998087015,1.6345360610856878,4.916665608113108,6.8631077953602,0.9775892857142857,0.0,1.7788173196394106,3.728094603928592,10.212196072948938,2.4505507474963837,7.125,1.0,0.0,0.0,0.0,1.0,7.125,0.890625,5.2,0.0,0.35,0.0,0,0.0,2,31.39375,0.0,0.0,,3384,649728,0.7199999999999999,0.0,0.0,0.0,0.0,0,1.24375,0.24375,4.49375,0.56171875,0.08828125,1.6,0.69375,1.15,1.5127008798978232,153.17188139097445,0.6006573340855539,failure_only,0.36546393891431217,0.02758928571428576
flocking_topology_support,11014,2.2972281577111064,1.1732571110514103,0.6484375,1.103148890838095,0.7528363908380951,0.54375,0.0,0.45625,0.08125,0.14285714285714285,0.00625,0.32421875,53,1.1902671815922503,4.873734995267506,5.609149875162869,127.17244701030386,0.9416666666666668,0.0,2.2982585188300417,3.664951443652457,12.099815907010116,3.935435608954493,7.125,1.0,0.0,0.0,0.0,1.01875,7.125,0.890625,6.6375,0.0,0.1703125,0.0,0,0.0,5,41.2375,0.0,0.0,,3376,648192,0.7199999999999999,0.0,0.0,0.0,0.0,0,1.45,0.4375,5.19375,0.64921875,0.17890625,0.19375,0.10625,0.4,1.6556205346512933,150.7560970390123,0.8490818329155445,failure_only,2.8737349952675064,0.008333333333333193
flocking_topology_support,11015,3.651283757998516,3.304974584136781,0.54921875,2.723232215570525,2.174482215570525,0.2875,0.0,0.7125,0.14375,0.0,0.0,0.1859375,25,3.314070440866802,31.952347591050653,130.90941098485817,154.83570366296374,0.6769196428571429,0.0,2.0994695183407814,3.6186994024558468,12.192402255414219,2.055238144340855,7.125,1.0,0.0,0.0,0.0,1.0,7.125,0.890625,5.36875,0.0,0.32890625,0.0,0,0.0,2,32.38125,0.0,0.0,,3403,653376,0.7199999999999999,0.0,0.0,0.0,0.0,0,1.2875,0.28125,4.625,0.578125,0.0921875,1.4,0.6375,1.08125,1.4929386118571237,149.05518018543424,0.6087569580413401,failure_only,29.952347591050653,0.27308035714285706
flocking_topology_support,11016,2.120076419091283,0.6896786584169067,0.65703125,0.9813627454336921,0.610425245433692,0.51875,0.0,0.48125,0.1,0.0,0.0,0.3421875,37,0.6923564501277447,1.808609451691492,5.8203539361305605,8.612638271207402,0.940625,0.0,2.2217599237083228,3.717827824378029,7.8245291638390695,2.8648310787166835,7.125,1.0,0.0,0.0,0.0,1.03125,7.125,0.890625,6.6875,0.0,0.1640625,0.0,0,0.0,5,41.7875,0.0,0.0,,3340,641280,0.7199999999999999,0.0,0.0,0.0,0.0,0,1.43125,0.43125,5.2875,0.6609375,0.175,0.1375,0.09375,0.38125,1.668796500046176,106.85880229810496,0.8552250841166824,failure_only,0.1913905483085081,0.009374999999999911
flocking_topology_support,11017,2.2946192943971875,0.7660704016050354,0.63359375,0.9222849909472005,0.5719724909472005,0.54375,0.0,0.45625,0.08125,0.0,0.0,0.290625,75,0.7958287247373784,2.2377851724822926,4.383553344068654,105.0944095215781,0.9619270833333333,0.0,1.8539145996711035,3.65391833601999,13.385000016097985,3.341281242828587,7.125,1.0,0.0,0.0,0.0,1.025,7.125,0.890625,6.61875,0.0,0.17265625,0.0,0,0.0,3,40.8875,0.0,0.0,,3381,649152,0.7199999999999999,0.0,0.0,0.0,0.0,0,1.475,0.4625,5.075,0.634375,0.190625,0.3375,0.25625,0.3625,1.7223352182501994,159.0008355555505,0.8437452919315547,failure_only,0.23778517248229258,0.011927083333333366
flocking_topology_support,11018,2.1029113357848903,0.6831620600672518,0.62265625,0.9739225517715031,0.609547551771503,0.525,0.0,0.475,0.08125,0.0,0.0,0.26875,77,0.6666008915085211,1.6640250574858666,4.468546215050071,6.456611571471918,0.9823660714285716,0.0,2.074708592249107,3.6770137220378785,13.048416594145499,3.9968485977622605,7.125,1.0,0.0,0.0,0.0,1.0,7.125,0.890625,6.5375,0.0,0.1828125,0.0,0,0.0,2,40.23125,0.0,0.0,,3397,652224,0.7199999999999999,0.0,0.0,0.0,0.0,0,1.475,0.46875,4.99375,0.62421875,0.1921875,0.325,0.2,0.44375,1.7199422110542346,154.956039132884,0.8055039581377059,failure_only,0.3359749425141334,0.03236607142857162
flocking_topology_support,11019,2.314202678539577,0.6955044089221497,0.61796875,1.0346668135852863,0.6890418135852862,0.55,0.0,0.45,0.08125,0.375,0.01875,0.2640625,75,1.0178526804241974,3.859861895420141,5.229598076671944,216.0006336316434,0.96640625,0.0,2.0021527927167972,3.6731266352112635,16.272006595190753,3.503329423316162,7.125,1.0,0.0,0.0,0.0,1.025,7.125,0.890625,6.48125,0.0,0.18984375,0.0,0,0.0,4,39.83125,0.0,0.0,,3381,649152,0.7199999999999999,0.0,0.0,0.0,0.0,0,1.46875,0.4625,4.94375,0.61796875,0.19140625,0.49375,0.25625,0.43125,1.6762530332617491,177.68165828143245,0.8158120000734925,failure_only,1.8598618954201411,0.016406250000000067
flocking_topology_support,11020,2.3027338037992453,0.5901962952793802,0.61640625,0.9593979442216952,0.6031479442216953,0.5375,0.0,0.4625,0.09375,0.5,0.01875,0.2578125,77,0.9397911851719934,3.28974736470587,4.311999661746204,165.16030063915832,0.971875,0.0,2.1377802076173773,3.676859570444054,12.921879311908299,3.5725558136847555,7.125,1.0,0.0,0.0,0.0,1.0,7.125,0.890625,6.45625,0.0,0.19296875,0.0,0,0.0,2,39.58125,0.0,0.0,,3363,645696,0.7199999999999999,0.0,0.0,0.0,0.0,0,1.475,0.4625,4.95,0.61875,0.18671875,0.41875,0.2625,0.5125,1.6955903641604138,161.2732307050765,0.8236412920523435,failure_only,1.2897473647058701,0.02187500000000009
flocking_topology_support,11021,3.709152942869286,3.46430162555592,0.54453125,2.805760866213646,2.2173233662136456,0.23125,0.0,0.76875,0.11875,0.0,0.0,0.153125,25,3.4683062008113525,33.09410967046407,128.52228577523206,175.6078202835837,0.6998883928571429,0.0,2.00276614729821,3.6102616992752585,12.002224252569231,3.342060469198639,7.125,1.0,0.0,0.0,0.0,1.01875,7.125,0.890625,5.2,0.0,0.35,0.0,0,0.0,4,31.3375,0.0,0.0,,3409,654528,0.7199999999999999,0.0,0.0,0.0,0.0,0,1.25,0.24375,4.51875,0.56484375,0.08359375,1.5875,0.64375,1.1625,1.541817207820952,160.92847719116804,0.5994025829713792,failure_only,31.09410967046407,0.2501116071428571
flocking_topology_support,11022,2.2421050715469053,0.680228186777147,0.59921875,1.007223315970205,0.6097233159702051,0.4875,0.0,0.5125,0.13125,0.16666666666666666,0.00625,0.2265625,75,0.7800551106914141,2.2883667368014553,5.012699286471252,86.96191505367122,0.9747321428571428,0.0,1.9462594173840035,3.66347523060647,19.173799549319885,3.6176757303448737,7.125,1.0,0.0,0.0,0.0,1.0,7.125,0.890625,6.3625,0.0,0.2046875,0.0,0,0.0,2,38.7375,0.0,0.0,,3388,650496,0.7199999999999999,0.0,0.0,0.0,0.0,0,1.4875,0.46875,4.80625,0.60078125,0.1921875,0.5,0.26875,0.68125,1.6839976010697746,188.04563229078164,0.7933666249737144,failure_only,0.2883667368014553,0.02473214285714287
flocking_topology_support,11023,2.1524331258079856,0.7019447015012485,0.625,0.9690952260202849,0.6100327260202849,0.53125,0.0,0.46875,0.075,0.0,0.0,0.275,77,0.7131128230734834,1.9484458374624012,5.6696560623514936,11.505782945594836,0.934873511904762,0.0,1.989288966696673,3.6824687077644747,13.139790048645505,2.6455826804721583,7.125,1.0,0.0,0.0,0.0,1.0,7.125,0.890625,6.58125,0.0,0.17734375,0.0,0,0.0,2,40.48125,0.0,0.0,,3391,651072,0.7199999999999999,0.0,0.0,0.0,0.0,0,1.4875,0.475,5.0125,0.6265625,0.19453125,0.36875,0.25625,0.41875,1.7061314947318849,157.57078029969097,0.837146082893014,failure_only,0.05155416253759881,0.015126488095237978
flocking_topology_support,11024,3.742352423620622,3.3804171104448546,0.5328125,2.821321196597681,2.2197586965976814,0.20625,0.0,0.79375,0.0625,1.0,0.0125,0.1390625,24,3.448875113328251,35.26527836682378,141.38045088995779,181.82107404983955,0.6591145833333333,0.0,2.127565984917002,3.6634241293305365,14.087677970112015,2.707761802061723,7.125,1.0,0.0,0.0,0.0,1.00625,7.125,0.890625,5.15625,0.0,0.35546875,0.0,0,0.0,3,30.74375,0.0,0.0,,3406,653952,0.7199999999999999,0.0,0.0,0.0,0.0,0,1.28125,0.275,4.4375,0.5546875,0.0890625,1.7625,0.69375,1.175,1.5190118070344047,157.83622801400668,0.5885211671702564,failure_only,33.26527836682378,0.2908854166666667
flocking_topology_support,11025,2.188665921013933,0.6267298810040205,0.62734375,0.9319346577762868,0.5569346577762867,0.5125,0.0,0.4875,0.09375,0.0,0.0,0.271875,76,0.6413112004308086,1.5662281013027126,4.183316254418323,10.228752608826245,0.9842261904761905,0.0,2.0577985934371568,3.6640469476959696,13.832148643218844,5.259742543604138,7.125,1.0,0.0,0.0,0.0,1.0,7.125,0.890625,6.55,0.0,0.18125,0.0,0,0.0,2,40.3875,0.0,0.0,,3383,649536,0.7199999999999999,0.0,0.0,0.0,0.0,0,1.46875,0.4625,5.025,0.628125,0.18984375,0.29375,0.25625,0.46875,1.702546439584231,161.07072727984,0.8191973329521716,failure_only,0.4337718986972874,0.03422619047619058
flocking_topology_support,11026,2.2318601536226477,1.0030231577566768,0.625,1.0242424454616905,0.6804924454616905,0.55,0.0,0.45,0.0625,0.0,0.0,0.278125,77,1.0000955931250584,3.4411487807228354,5.7095144416127495,136.34331936633922,0.9482142857142858,0.0,2.0423641547273186,3.6614503966009644,15.759167739233835,3.5668853922317623,7.125,1.0,0.0,0.0,0.0,1.025,7.125,0.890625,6.53125,0.0,0.18359375,0.0,0,0.0,4,40.2875,0.0,0.0,,3396,652032,0.7199999999999999,0.0,0.0,0.0,0.0,0,1.4625,0.4625,5.00625,0.62578125,0.190625,0.375,0.2625,0.45625,1.730549993947717,160.34312322789086,0.8233786670025438,failure_only,1.4411487807228354,0.0017857142857141683
flocking_topology_support,11027,2.3576372864923187,1.097668200722044,0.6078125,1.0731671096800837,0.7134796096800836,0.53125,0.0,0.46875,0.08125,0.0,0.0,0.2453125,49,1.1041430685956926,4.268420534832136,6.110443469284444,136.77918672362154,0.9388020833333333,0.0,1.960476868940468,3.6771327176777873,18.264819700331838,3.496733498471545,7.125,1.0,0.0,0.0,0.0,1.0,7.125,0.890625,6.3875,0.0,0.2015625,0.0,0,0.0,2,39.0875,0.0,0.0,,3396,652032,0.7199999999999999,0.0,0.0,0.0,0.0,0,1.46875,0.4625,4.86875,0.60859375,0.1890625,0.475,0.25625,0.6375,1.7155022275271379,183.36477902860835,0.7932448328938335,failure_only,2.268420534832136,0.011197916666666696
flocking_topology_support,11028,2.194177429898591,0.6380978651548169,0.625,0.9353621428387611,0.5691121428387611,0.525,0.0,0.475,0.1,0.0,0.0,0.27578125,76,0.6383194498941417,1.4972535594569323,4.618881011338584,6.8353948314108735,0.98515625,0.0,1.9316359932729832,3.6888791930803437,11.840289139808267,3.82465133258452,7.125,1.0,0.0,0.0,0.0,1.04375,7.125,0.890625,6.5625,0.0,0.1796875,0.0,0,0.0,5,40.33125,0.0,0.0,,3366,646272,0.7199999999999999,0.0,0.0,0.0,0.0,0,1.4875,0.475,5.0,0.625,0.19375,0.44375,0.275,0.35,1.68574270225209,147.29583509280764,0.8135295829270035,failure_only,0.5027464405430677,0.03515625
flocking_topology_support,11029,2.169061944067078,0.6276231324636943,0.61640625,0.914665709092489,0.5649782090924891,0.54375,0.0,0.45625,0.075,0.0,0.0,0.2609375,75,0.6404780687755102,1.5673304789538667,4.3458029927940345,6.062283716041711,0.9855208333333334,0.0,2.0166141879439015,3.6933232206297193,13.329404947124146,3.0803388210653857,7.125,1.0,0.0,0.0,0.0,1.0,7.125,0.890625,6.475,0.0,0.190625,0.0,0,0.0,2,39.8375,0.0,0.0,,3396,652032,0.7199999999999999,0.0,0.0,0.0,0.0,0,1.4625,0.45,4.96875,0.62109375,0.18671875,0.45625,0.25,0.45,1.6872289845096227,152.23944634539734,0.8097105419728905,failure_only,0.4326695210461333,0.035520833333333446
flocking_topology_rejoin,11000,3.562992258996441,3.2174588744099624,0.4990885416666667,2.7054280718378854,2.083865571837886,0.18125,0.0,0.81875,0.075,0.0,0.0,0.08255208333333333,25,3.213265128540111,30.644467448577153,123.58014971041305,140.51449253742572,0.6919270833333333,2.3240562095898865,2.1390566719657977,3.66146678202941,14.456929234853197,4.15685128454449,7.125,1.0,0.0,0.0,0.0,1.0125,7.125,0.890625,4.942708333333334,0.0,0.3821614583333333,0.05,2,0.0,4,29.03125,0.0,0.0,,3406,653952,0.7199999999999999,0.0,0.0,0.0,0.0,0,1.2875,0.28125,4.2125,0.5256510416666667,0.09140625,1.9,0.69375,1.30625,1.514210490698711,163.07817421988318,0.5518815831746906,failure_only,28.644467448577153,0.25807291666666665
flocking_topology_rejoin,11001,2.1900783053282304,0.7291440402226715,0.6694010416666667,1.0154360528217432,0.6610610528217432,0.5375,0.0,0.4625,0.075,0.0,0.0,0.3591145833333333,75,0.727040412192257,2.016055986074286,5.206907379531575,7.838639470492648,0.9710416666666667,3.6231526129328815,1.9717688362233379,3.65659383765403,9.569274015815202,3.8810222024246706,7.125,1.0,0.0,0.0,0.0,1.0125,7.125,0.890625,6.911458333333333,0.0,0.13606770833333331,0.05,2,0.0,4,43.4875,0.0,0.0,,3372,647424,0.7199999999999999,0.0,0.0,0.0,0.0,0,1.46875,0.46875,5.3875,0.6701822916666667,0.19375,0.01875,0.01875,0.14375,1.6683397291593498,122.22076901213472,0.8784077919553965,failure_only,0.016055986074285933,0.021041666666666736
flocking_topology_rejoin,11002,2.299265029669031,0.8462087362540931,0.6368489583333334,0.9753198279503842,0.6209448279503842,0.5375,0.0,0.4625,0.075,0.0,0.0,0.2971354166666667,76,0.8437510754458627,2.3610045032273184,3.910507351751825,130.08019596842195,0.9747395833333332,0.9185793537960902,2.0441135152643906,3.6241146660353083,15.576943045358632,4.184272633288657,7.125,1.0,0.0,0.0,0.0,1.0,7.125,0.890625,6.619791666666667,0.0,0.17252604166666666,0.05,2,0.0,2,41.08125,0.0,0.0,,3377,648384,0.7199999999999999,0.0,0.0,0.0,0.0,0,1.4625,0.4625,5.11875,0.6384114583333333,0.1890625,0.225,0.2,0.3625,1.6693684564785947,167.65548459898835,0.8514491671230644,failure_only,0.36100450322731836,0.02473958333333326
flocking_topology_rejoin,11003,2.09465137628643,0.6649465398229403,0.664453125,0.9515593922436398,0.5859343922436399,0.525,0.0,0.475,0.09375,0.0,0.0,0.35390625,76,0.6748800826015023,1.7806087596459665,5.2221246625495645,7.753276392998885,0.95578125,2.6796048818788223,2.141831164687641,3.672121479029818,10.365217818597253,2.7350424494914365,7.125,1.0,0.0,0.0,0.0,1.025,7.125,0.890625,6.859375,0.0,0.142578125,0.05,2,0.0,4,43.03125,0.0,0.0,,3380,648960,0.7199999999999999,0.0,0.0,0.0,0.0,0,1.46875,0.4625,5.35625,0.666796875,0.18984375,0.00625,0.00625,0.2125,1.672463199858603,120.40733543973384,0.8815269169863313,failure_only,0.21939124035403346,0.005781250000000071
flocking_topology_rejoin,11004,2.24165328792442,0.9778757498297446,0.61953125,1.0583867077284173,0.6674492077284171,0.49375,0.0,0.50625,0.1125,0.25,0.00625,0.253125,76,0.9889939710833324,3.2901122951299775,6.795443353410286,127.80677148537036,0.91796875,1.7951604859373762,2.163662513129193,3.669085617280769,13.077692037294295,3.7173379925717085,7.125,1.0,0.0,0.0,0.0,1.025,7.125,0.890625,6.475,0.0,0.190625,0.05,2,0.0,4,39.8875,0.0,0.0,,3368,646656,0.7199999999999999,0.0,0.0,0.0,0.0,0,1.45625,0.45625,4.95625,0.61953125,0.18984375,0.39375,0.2875,0.45,1.6626992996946506,155.0920652899226,0.807587041053921,failure_only,1.2901122951299775,0.032031249999999956
flocking_topology_rejoin,11005,2.112290100786573,0.6353782984607638,0.6561197916666667,0.9177284908459441,0.572103490845944,0.55,0.0,0.45,0.08125,0.0,0.0,0.33723958333333337,76,0.6482241640015307,1.6170635739449941,3.9722742320915376,7.331406696606414,0.98671875,1.566565296421331,1.984608938534435,3.6799665612003856,10.075690539187026,4.155959726280035,7.125,1.0,0.0,0.0,0.0,1.0,7.125,0.890625,6.786458333333334,0.0,0.15169270833333331,0.05,2,0.0,2,42.28125,0.0,0.0,,3388,650496,0.7199999999999999,0.0,0.0,0.0,0.0,0,1.46875,0.4625,5.25,0.6561197916666667,0.19140625,0.10625,0.09375,0.275,1.6896327044382062,121.12550725138813,0.8643690841272473,failure_only,0.3829364260550059,0.03671875000000002
flocking_topology_rejoin,11006,3.6824353110607406,3.3802535053098164,0.519921875,2.764649562598665,2.171837062598665,0.23125,0.0,0.76875,0.1625,0.0,0.0,0.11171875,25,3.3968851432565157,33.64419510544227,135.96112467272,181.2056868721815,0.6989583333333333,1.4877955242093484,1.8570771913097885,3.596366503009694,13.938595941068613,3.3864421197274526,7.125,1.0,0.0,0.0,0.0,1.0,7.125,0.890625,5.065625,0.0,0.366796875,0.05,2,0.0,2,30.2375,0.0,0.0,,3416,655872,0.7199999999999999,0.0,0.0,0.0,0.0,0,1.26875,0.26875,4.35,0.541796875,0.09140625,1.725,0.6875,1.1875,1.5440490671850884,164.42288371288205,0.5767729168292135,failure_only,31.64419510544227,0.2510416666666666
flocking_topology_rejoin,11007,2.1615056305515585,0.7799511071900196,0.63125,0.9387744543303581,0.5684619543303582,0.51875,0.0,0.48125,0.09375,0.14285714285714285,0.00625,0.290625,48,0.7863700181240333,2.1710030854681532,3.945373113447675,121.56376253100149,0.9713541666666666,0.8169972265706292,1.913039383905246,3.6569590182962117,12.177529870756171,3.54348439895017,7.125,1.0,0.0,0.0,0.0,1.01875,7.125,0.890625,6.5625,0.0,0.1796875,0.05,2,0.0,3,40.7875,0.0,0.0,,3375,648000,0.7199999999999999,0.0,0.0,0.0,0.0,0,1.45625,0.45625,5.075,0.63125,0.1890625,0.2125,0.20625,0.425,1.6883025074671476,154.50444899894453,0.8364210000727326,failure_only,0.17100308546815324,0.021354166666666674
flocking_topology_rejoin,11008,3.5832263876347863,3.2640280949878884,0.571484375,2.6060226101395343,2.1216476101395343,0.3625,0.0,0.6375,0.0625,0.0,0.0,0.21015625,25,3.2886693531892646,31.971229973349846,133.28811993723411,146.15687247788412,0.6989583333333333,2.2852162237760125,1.9609758595909235,3.606692212668226,9.659508356995563,2.5095198286212415,7.125,1.0,0.0,0.0,0.0,1.00625,7.125,0.890625,5.446875,0.0,0.319140625,0.05,2,0.0,4,33.38125,0.0,0.0,,3405,653760,0.7199999999999999,0.0,0.0,0.0,0.0,0,1.25625,0.24375,4.7625,0.593359375,0.0859375,1.325,0.63125,0.99375,1.4694777429785153,133.6127511395622,0.6276904998812824,failure_only,29.971229973349846,0.2510416666666666
flocking_topology_rejoin,11009,2.1115142101499957,0.66513907495611,0.6061197916666666,0.9978649306526695,0.5531774306526693,0.41875,0.0,0.58125,0.0875,0.0,0.0,0.2145833333333333,57,0.6950168470787265,1.7929591178921958,4.1901454255226165,42.188297647003424,0.9733779761904762,1.8785677023796759,2.05605721268565,3.6407667246420843,15.038632192263231,4.957060821127203,7.125,1.0,0.0,0.0,0.0,1.0125,7.125,0.890625,6.180208333333333,0.0,0.22747395833333334,0.05,2,0.0,4,38.01875,0.0,0.25,,3371,647232,0.7199999999999999,0.0,0.0,0.0,0.0,0,1.4,0.39375,4.8625,0.6069010416666666,0.16484375,0.475,0.29375,0.74375,1.7089048673070422,170.5906030907964,0.7774381251074374,failure_only,0.20704088210780425,0.023377976190476213
flocking_topology_rejoin,11010,1.5076300130148685,0.6965467032509838,0.5744791666666667,1.105574534553871,0.615887034553871,0.35625,0.0,0.64375,0.06875,0.0,0.0,0.17708333333333334,25,0.6960256131359229,1.7844288666998964,4.116892537288821,7.9245768757625115,0.9753348214285715,1.6470902148133972,1.982066131487482,3.7356802088325964,7.393295016779687,5.029659124942623,7.125,1.0,0.0,0.0,0.0,1.025,7.125,0.890625,5.327083333333333,0.0,0.3341145833333333,0.05,2,0.0,4,32.7875,0.0,0.0,,3381,649152,0.7199999999999999,0.0,0.0,0.0,0.0,0,1.21875,0.21875,4.66875,0.5807291666666667,0.08515625,1.4125,0.65625,1.05,1.5341444197222647,123.94700581354863,0.6145911661442369,failure_only,0.21557113330010358,0.025334821428571574
flocking_topology_rejoin,11011,1.4628877077150346,0.6617720201514926,0.575,1.0957149623754159,0.5894649623754159,0.3375,0.0,0.6625,0.09375,0.0,0.0,0.1609375,25,0.6610779223424433,1.6499079679450765,4.5684327591723,9.23704363374309,0.9604166666666666,3.3833422728879166,1.8382380818039656,3.7275210327493866,8.163147384319748,2.6221706475693005,7.125,1.0,0.0,0.0,0.0,1.01875,7.125,0.890625,5.25625,0.0,0.34296875,0.05,2,0.0,4,32.4875,0.0,0.0,,3394,651648,0.7199999999999999,0.0,0.0,0.0,0.0,0,1.19375,0.1875,4.64375,0.5765625,0.0796875,1.51875,0.64375,1.05625,1.4618145893496326,121.62994460783574,0.6038312499877065,failure_only,0.35009203205492345,0.01041666666666663
flocking_topology_rejoin,11012,2.3389997686364286,0.9528171480787528,0.62578125,1.023036166879904,0.668661166879904,0.5375,0.0,0.4625,0.075,0.0,0.0,0.27578125,76,0.9585839046563069,3.0720641169707954,5.230815573893997,125.2618601211795,0.9436160714285714,1.273741196478215,2.1767019309337705,3.654923510975459,13.498204264040737,3.6397136336598166,7.125,1.0,0.0,0.0,0.0,1.0375,7.125,0.890625,6.5375,0.0,0.1828125,0.05,2,0.0,5,40.25,0.0,0.0,,3368,646656,0.7199999999999999,0.0,0.0,0.0,0.0,0,1.46875,0.4625,5.01875,0.62734375,0.1890625,0.35625,0.275,0.425,1.717376093298645,168.62406945816403,0.8252107501029968,failure_only,1.0720641169707954,0.006383928571428554
flocking_topology_rejoin,11013,1.3418675553073893,0.6286394771950852,0.5598958333333333,1.1179833986546894,0.5611083986546894,0.275,0.0,0.725,0.13125,0.0,0.0,0.16354166666666664,25,0.6513014412735233,1.6324530143961795,4.32322248811138,8.319320458959126,0.9774925595238095,0.5774618715571662,1.783532163818797,3.698327314394086,10.230595020043484,2.4333049539549294,7.125,1.0,0.0,0.0,0.0,1.0,7.125,0.890625,5.272916666666666,0.0,0.3408854166666667,0.05,2,0.0,2,32.04375,0.0,0.0,,3384,649728,0.7199999999999999,0.0,0.0,0.0,0.0,0,1.24375,0.24375,4.575,0.5708333333333333,0.08828125,1.4375,0.64375,1.10625,1.4963842589236145,153.65308088662516,0.6086045000702143,failure_only,0.3675469856038205,0.02749255952380958
flocking_topology_rejoin,11014,2.2972246224037436,1.1732501889324203,0.652734375,1.1031414155326662,0.7528289155326661,0.54375,0.0,0.45625,0.08125,0.14285714285714285,0.00625,0.3328125,53,1.1903407221931748,4.872638000082751,5.609149875162869,127.17244701030386,0.9407738095238095,1.0304411115804346,2.298875955445017,3.6425420357196003,12.101638254748853,3.9082468271426407,7.125,1.0,0.0,0.0,0.0,1.01875,7.125,0.890625,6.671875,0.0,0.166015625,0.05,2,0.0,5,41.5875,0.0,0.0,,3376,648192,0.7199999999999999,0.0,0.0,0.0,0.0,0,1.45,0.4375,5.2375,0.653515625,0.17890625,0.075,0.075,0.38125,1.6458219985341125,150.70735668415682,0.8597835837863386,failure_only,2.872638000082751,0.009226190476190443
flocking_topology_rejoin,11015,3.651392486523988,3.305094705301219,0.5455729166666666,2.736880771720815,2.174693271720815,0.26875,0.0,0.73125,0.1375,0.0,0.0,0.17864583333333334,25,3.312395188337276,31.90536193074384,130.90941098485817,154.83570366296374,0.6806696428571428,1.0955691620498964,2.0851968465055415,3.619939542466258,12.191080129161135,2.0633971049311937,7.125,1.0,0.0,0.0,0.0,1.0,7.125,0.890625,5.339583333333333,0.0,0.33255208333333336,0.05,2,0.0,2,32.23125,0.0,0.0,,3403,653376,0.7199999999999999,0.0,0.0,0.0,0.0,0,1.2875,0.28125,4.60625,0.5744791666666667,0.0921875,1.4125,0.6375,1.08125,1.4855333472264927,149.3932609144302,0.6095566661097109,failure_only,29.90536193074384,0.26933035714285714
flocking_topology_rejoin,11016,2.11934790684913,0.6874359456375657,0.66796875,0.978566235465048,0.607628735465048,0.51875,0.0,0.48125,0.1,0.0,0.0,0.3640625,37,0.6919590876005632,1.8011962129291832,5.985983897774582,8.612638271207402,0.93984375,2.3198278208022836,2.2279792765093154,3.6958083637274344,7.850932648149384,2.843703193485935,7.125,1.0,0.0,0.0,0.0,1.03125,7.125,0.890625,6.775,0.0,0.153125,0.05,2,0.0,5,42.6875,0.0,0.0,,3340,641280,0.7199999999999999,0.0,0.0,0.0,0.0,0,1.43125,0.43125,5.4,0.671875,0.175,0.0125,0.0125,0.2875,1.6535371605719007,106.5295017704919,0.8780044580344111,failure_only,0.1988037870708168,0.010156249999999978
flocking_topology_rejoin,11017,2.2946191205103554,0.7660698807596925,0.6346354166666667,0.9222845910273932,0.5719720910273933,0.54375,0.0,0.45625,0.08125,0.0,0.0,0.29270833333333335,75,0.7956331054330437,2.2364505236017784,4.383553370852825,105.0944095215781,0.9619270833333333,2.1715504650675186,1.8505632853475944,3.6434037808540625,13.389186412944488,3.3325644867760444,7.125,1.0,0.0,0.0,0.0,1.025,7.125,0.890625,6.627083333333334,0.0,0.17161458333333332,0.05,2,0.0,3,40.9875,0.0,0.0,,3381,649152,0.7199999999999999,0.0,0.0,0.0,0.0,0,1.475,0.4625,5.0875,0.6354166666666667,0.190625,0.29375,0.2375,0.34375,1.7084997168993195,158.99830782513783,0.8451169580221176,failure_only,0.23645052360177843,0.011927083333333366
flocking_topology_rejoin,11018,2.1030362975307466,0.6835466208493536,0.6334635416666667,0.974335670936313,0.609960670936313,0.525,0.0,0.475,0.08125,0.0,0.0,0.29036458333333337,77,0.6644238051706006,1.6489483700966772,4.3082535119751295,6.456611571471918,0.9823660714285716,2.2360848364577093,2.0763123919453865,3.644339316179294,13.052772004566197,3.964085234194971,7.125,1.0,0.0,0.0,0.0,1.0,7.125,0.890625,6.623958333333334,0.0,0.17200520833333335,0.05,2,0.0,2,41.03125,0.0,0.0,,3397,652224,0.7199999999999999,0.0,0.0,0.0,0.0,0,1.475,0.46875,5.09375,0.6350260416666667,0.1921875,0.175,0.13125,0.39375,1.7050129943590178,155.04203340426304,0.8273463330697268,failure_only,0.35105162990332284,0.03236607142857162
flocking_topology_rejoin,11019,2.314202678539577,0.6955044089221497,0.6190104166666666,1.0346668135852863,0.6890418135852862,0.55,0.0,0.45,0.08125,0.375,0.01875,0.2661458333333333,75,1.017641678305284,3.857856421882152,5.229598076671944,216.0006336316434,0.96640625,1.2833011498304223,2.0032862775385896,3.661450170759031,16.27486677274029,3.497982430424154,7.125,1.0,0.0,0.0,0.0,1.025,7.125,0.890625,6.489583333333334,0.0,0.18880208333333334,0.05,2,0.0,4,39.93125,0.0,0.0,,3381,649152,0.7199999999999999,0.0,0.0,0.0,0.0,0,1.46875,0.4625,4.95625,0.6190104166666666,0.19140625,0.44375,0.25625,0.425,1.6730921182597023,177.68165828143245,0.8228289999533445,failure_only,1.8578564218821518,0.016406250000000067
flocking_topology_rejoin,11020,2.3027338037957668,0.5901962952658069,0.6106770833333333,0.9593979441959835,0.6031479441959836,0.5375,0.0,0.4625,0.09375,0.5,0.01875,0.24635416666666665,77,0.9382473831911429,3.2809682847196058,4.311999661746204,165.16030063915832,0.971875,0.6867013252512414,2.1372176971782273,3.6744698315957316,12.923501511278142,3.5695965516768284,7.125,1.0,0.0,0.0,0.0,1.0,7.125,0.890625,6.4104166666666655,0.0,0.19869791666666667,0.05,2,0.0,2,39.23125,0.0,0.0,,3363,645696,0.7199999999999999,0.0,0.0,0.0,0.0,0,1.475,0.4625,4.90625,0.6130208333333333,0.18671875,0.43125,0.24375,0.4875,1.6845440893539716,161.2732305482584,0.8222748341504484,failure_only,1.2809682847196058,0.02187500000000009
flocking_topology_rejoin,11021,3.709152943059111,3.464301625759161,0.54140625,2.8120108669633934,2.217323366963393,0.21875,0.0,0.78125,0.0875,0.0,0.0,0.146875,25,3.4683659374661038,33.096649987191995,128.52228577523206,175.6078202835837,0.6998883928571429,1.233369530778319,2.003433313918582,3.609837572905401,12.003258967361543,3.358103893009301,7.125,1.0,0.0,0.0,0.0,1.01875,7.125,0.890625,5.175,0.0,0.353125,0.05,2,0.0,4,31.1375,0.0,0.0,,3409,654528,0.7199999999999999,0.0,0.0,0.0,0.0,0,1.25,0.24375,4.49375,0.56171875,0.08359375,1.60625,0.6375,1.15625,1.5327168352647977,160.92837463369375,0.6035127090290189,failure_only,31.096649987191995,0.2501116071428571
flocking_topology_rejoin,11022,2.2421050715485027,0.6802281867824125,0.5973958333333333,1.0072233159642687,0.6097233159642688,0.4875,0.0,0.5125,0.13125,0.16666666666666666,0.00625,0.22291666666666665,75,0.7797108294283452,2.2870450050577675,5.012699286471252,86.96191505367122,0.9747321428571428,2.9528363461503537,1.9476326811179532,3.6608937618069115,19.17535483253416,3.6169815601258137,7.125,1.0,0.0,0.0,0.0,1.0,7.125,0.890625,6.347916666666666,0.0,0.2065104166666667,0.05,2,0.0,2,38.6875,0.0,0.0,,3388,650496,0.7199999999999999,0.0,0.0,0.0,0.0,0,1.4875,0.46875,4.8,0.5989583333333333,0.1921875,0.48125,0.25,0.66875,1.6789238495880578,188.04563244112927,0.8009357920382172,failure_only,0.28704500505776753,0.02473214285714287
flocking_topology_rejoin,11023,2.1524331258012346,0.7019447014805466,0.632421875,0.9690952260036175,0.6100327260036174,0.53125,0.0,0.46875,0.075,0.0,0.0,0.28984375,77,0.7131408285893255,1.946746825935732,5.6696560623514936,11.505782945594836,0.9354687500000001,1.8537763138944794,1.9882031869272936,3.6477814774763173,13.140468014220852,2.6053012011743073,7.125,1.0,0.0,0.0,0.0,1.0,7.125,0.890625,6.640625,0.0,0.169921875,0.05,2,0.0,2,41.08125,0.0,0.0,,3391,651072,0.7199999999999999,0.0,0.0,0.0,0.0,0,1.4875,0.475,5.0875,0.633984375,0.19453125,0.225,0.225,0.3625,1.6961799638025614,157.57087387084735,0.8345317500643432,failure_only,0.053253174064268105,0.014531249999999885
flocking_topology_rejoin,11024,3.742352423620622,3.3804171104448546,0.5380208333333333,2.823821196597681,2.219758696597681,0.20625,0.0,0.79375,0.0875,1.0,0.0125,0.14947916666666666,24,3.448613543610795,35.25731650020871,141.38045088995779,181.82107404983955,0.6591145833333333,1.7479349814587677,2.1291024370890814,3.6259166752456906,14.087644384954388,2.6760182540214132,7.125,1.0,0.0,0.0,0.0,1.00625,7.125,0.890625,5.197916666666666,0.0,0.3502604166666667,0.05,2,0.0,3,31.19375,0.0,0.0,,3406,653952,0.7199999999999999,0.0,0.0,0.0,0.0,0,1.28125,0.275,4.49375,0.5598958333333333,0.0890625,1.6625,0.69375,1.11875,1.5050520323208691,157.83622801400668,0.6025600419379771,failure_only,33.25731650020871,0.2908854166666667
flocking_topology_rejoin,11025,2.1886659210526633,0.6267298811392747,0.627734375,0.9319346578726947,0.5569346578726946,0.5125,0.0,0.4875,0.09375,0.0,0.0,0.27265625,76,0.6414198707043293,1.5665358088663757,4.183316254418323,10.228752608826245,0.9842261904761905,0.5960759243819767,2.0582903859603228,3.649243648812795,13.832778869634941,5.249605358345103,7.125,1.0,0.0,0.0,0.0,1.0,7.125,0.890625,6.553125,0.0,0.180859375,0.05,2,0.0,2,40.4875,0.0,0.125,,3383,649536,0.7199999999999999,0.0,0.0,0.0,0.0,0,1.46875,0.4625,5.0375,0.628515625,0.18984375,0.26875,0.25,0.4375,1.6889656487695544,161.0707272633857,0.8384834588505328,failure_only,0.43346419113362433,0.03422619047619058
flocking_topology_rejoin,11026,2.231860153560838,1.0030231576191428,0.626953125,1.0242424453223844,0.6804924453223844,0.55,0.0,0.45,0.0625,0.0,0.0,0.28203125,77,1.0011666004592312,3.4474520876056145,5.7095144416127495,136.34331936633922,0.9482142857142858,1.4401109772812208,2.041994090880656,3.6545218675284943,15.760479071183244,3.5581122982502875,7.125,1.0,0.0,0.0,0.0,1.025,7.125,0.890625,6.546875,0.0,0.181640625,0.05,2,0.0,4,40.4375,0.0,0.0,,3396,652032,0.7199999999999999,0.0,0.0,0.0,0.0,0,1.4625,0.4625,5.025,0.627734375,0.190625,0.3625,0.2625,0.45,1.7248965402405432,160.34312324858828,0.8322198330424726,failure_only,1.4474520876056145,0.0017857142857141683
flocking_topology_rejoin,11027,2.3576372864929445,1.097668200723388,0.60546875,1.0731671096793738,0.7134796096793737,0.53125,0.0,0.46875,0.08125,0.0,0.0,0.240625,49,1.1036522229073877,4.26546260862919,6.110443469273607,136.77918672362154,0.9388020833333333,1.3501595615848103,1.9599318188958823,3.6843589239084027,18.26605955316935,3.523085174027309,7.125,1.0,0.0,0.0,0.0,1.0,7.125,0.890625,6.36875,0.0,0.20390625,0.05,2,0.0,2,38.9375,0.0,0.0,,3396,652032,0.7199999999999999,0.0,0.0,0.0,0.0,0,1.46875,0.4625,4.85,0.60625,0.1890625,0.5125,0.25625,0.65625,1.7042710787312316,183.36477902997166,0.7991000830661505,failure_only,2.26546260862919,0.011197916666666696
flocking_topology_rejoin,11028,2.1942113687670024,0.6382145583305904,0.6388020833333333,0.9354499950896346,0.5691999950896346,0.525,0.0,0.475,0.1,0.0,0.0,0.30338541666666663,76,0.6395384853043272,1.5003502119425094,4.618881011338584,6.8353948314108735,0.9842633928571429,1.1908299886614113,1.9270201653685106,3.6626501701245244,11.857291021406564,3.7877427925863727,7.125,1.0,0.0,0.0,0.0,1.04375,7.125,0.890625,6.672916666666666,0.0,0.16588541666666667,0.05,2,0.0,5,41.23125,0.0,0.0,,3366,646272,0.7199999999999999,0.0,0.0,0.0,0.0,0,1.4875,0.475,5.1125,0.6388020833333333,0.19375,0.2875,0.225,0.29375,1.6731578969408532,147.38734667855883,0.8439873750321567,failure_only,0.4996497880574906,0.03426339285714297
flocking_topology_rejoin,11029,2.169061949476267,0.6276231511578203,0.6171875,0.9146657312698292,0.5649782312698293,0.54375,0.0,0.45625,0.075,0.0,0.0,0.2625,75,0.6388031594466587,1.5589704357101173,4.3458029927940345,5.47725196389847,0.9864136904761904,0.8251981762157474,2.016243603204983,3.685187565960143,13.329922875448062,3.066322649725065,7.125,1.0,0.0,0.0,0.0,1.0,7.125,0.890625,6.48125,0.0,0.18984375,0.05,2,0.0,2,39.9875,0.0,0.0,,3396,652032,0.7199999999999999,0.0,0.0,0.0,0.0,0,1.4625,0.45,4.9875,0.621875,0.18671875,0.41875,0.25,0.4375,1.6840712231689998,152.240084030817,0.8303504579234868,failure_only,0.4410295642898827,0.036413690476190474
flocking_topology_partition,11000,3.602331365180288,3.2775364911925315,0.4990885416666667,2.770802726564151,2.149240226564151,0.18125,0.0,0.81875,0.075,0.0,0.0,0.08255208333333333,25,3.2734197147434556,31.744490917913055,123.58014971041305,140.51449253742572,0.6794270833333333,2.3240562095898865,2.1390566719657977,3.66146678202941,14.456929234853197,4.15685128454449,7.125,1.0,0.0,0.0,0.0,1.0125,7.075,0.884375,4.892708333333333,0.0,0.3884114583333333,0.05,2,0.0,4,28.73125,0.0,0.0,,3406,653952,0.7199999999999999,0.0,0.0,0.0,0.0,0,1.275,0.26875,4.2125,0.5256510416666667,0.08515625,1.9,0.69375,1.30625,1.514210490698711,163.07817421988318,0.5536164999939501,failure_only,29.744490917913055,0.2705729166666666
flocking_topology_partition,11001,2.2954809654206882,1.068789769105351,0.6694010416666667,1.0952059772616067,0.7408309772616068,0.5375,0.0,0.4625,0.075,0.0,0.0,0.3591145833333333,75,1.0673557514309446,3.689253311242439,5.364952482017983,137.93118763301158,0.9585416666666667,3.6231526129328815,1.9717688362233379,3.65659383765403,9.569274015815202,3.8810222024246706,7.125,1.0,0.0,0.0,0.0,1.0125,7.075,0.884375,6.861458333333333,0.0,0.14231770833333332,0.05,2,0.0,4,43.1875,0.0,0.0,,3372,647424,0.7199999999999999,0.0,0.0,0.0,0.0,0,1.45625,0.45625,5.3875,0.6701822916666667,0.1875,0.01875,0.01875,0.14375,1.6683397291593498,122.22076901213472,0.8756754579953849,failure_only,1.6892533112424388,0.00854166666666678
flocking_topology_partition,11002,2.299265029669031,0.8462087362540931,0.6368489583333334,0.9753198279503842,0.6209448279503842,0.5375,0.0,0.4625,0.075,0.0,0.0,0.2971354166666667,76,0.8437510754458627,2.3610045032273184,3.910507351751825,130.08019596842195,0.9747395833333332,0.9185793537960902,2.0441135152643906,3.6241146660353083,15.576943045358632,4.184272633288657,7.125,1.0,0.0,0.0,0.0,1.0,7.125,0.890625,6.619791666666667,0.0,0.17252604166666666,0.05,2,0.0,2,41.08125,0.0,0.0,,3377,648384,0.7199999999999999,0.0,0.0,0.0,0.0,0,1.4625,0.4625,5.11875,0.6384114583333333,0.1890625,0.225,0.2,0.3625,1.6693684564785947,167.65548459898835,0.8463763329200447,failure_only,0.36100450322731836,0.02473958333333326
flocking_topology_partition,11003,2.0201677501482074,0.6649465398229403,0.664453125,0.9515593922436398,0.5859343922436399,0.525,0.0,0.475,0.09375,0.0,0.0,0.35390625,7,0.6748800826015023,1.7806087596459665,5.2221246625495645,7.753276392998885,0.95578125,2.6796048818788223,2.141831164687641,3.672121479029818,10.365217818597253,2.7350424494914365,7.125,1.0,0.0,0.0,0.0,1.025,7.025,0.878125,6.759375,0.0,0.155078125,0.05,2,0.0,4,42.43125,0.0,0.0,,3380,648960,0.7199999999999999,0.0,0.0,0.0,0.0,0,1.44375,0.4375,5.35625,0.666796875,0.17734375,0.00625,0.00625,0.2125,1.672463199858603,120.40733543973384,0.8866468330379575,failure_only,0.21939124035403346,0.005781250000000071
flocking_topology_partition,11004,2.1807296034168564,0.9778757498297446,0.61953125,1.0583867077284173,0.6674492077284171,0.49375,0.0,0.50625,0.1125,0.25,0.00625,0.253125,26,0.9889939710833324,3.2901122951299775,6.795443353410286,127.80677148537036,0.91796875,1.7951604859373762,2.163662513129193,3.669085617280769,13.077692037294295,3.7173379925717085,7.125,1.0,0.0,0.0,0.0,1.025,7.05,0.88125,6.4,0.0,0.2,0.05,2,0.0,4,39.4875,0.0,0.0,,3368,646656,0.7199999999999999,0.0,0.0,0.0,0.0,0,1.43125,0.43125,4.95625,0.61953125,0.18046875,0.39375,0.2875,0.45,1.6626992996946506,155.0920652899226,0.8051786660216749,failure_only,1.2901122951299775,0.032031249999999956
flocking_topology_partition,11005,2.112290100786573,0.6353782984607638,0.6561197916666667,0.9177284908459441,0.572103490845944,0.55,0.0,0.45,0.08125,0.0,0.0,0.33723958333333337,76,0.6482241640015307,1.6170635739449941,3.9722742320915376,7.331406696606414,0.98671875,1.566565296421331,1.984608938534435,3.6799665612003856,10.075690539187026,4.155959726280035,7.125,1.0,0.0,0.0,0.0,1.0,7.125,0.890625,6.786458333333334,0.0,0.15169270833333331,0.05,2,0.0,2,42.28125,0.0,0.0,,3388,650496,0.7199999999999999,0.0,0.0,0.0,0.0,0,1.46875,0.4625,5.25,0.6561197916666667,0.19140625,0.10625,0.09375,0.275,1.6896327044382062,121.12550725138813,0.8602127919439226,failure_only,0.3829364260550059,0.03671875000000002
flocking_topology_partition,11006,3.6824353110607406,3.3802535053098164,0.519921875,2.764649562598665,2.171837062598665,0.23125,0.0,0.76875,0.1625,0.0,0.0,0.11171875,25,3.3968851432565157,33.64419510544227,135.96112467272,181.2056868721815,0.6989583333333333,1.4877955242093484,1.8570771913097885,3.596366503009694,13.938595941068613,3.3864421197274526,7.125,1.0,0.0,0.0,0.0,1.0,7.125,0.890625,5.065625,0.0,0.366796875,0.05,2,0.0,2,30.2375,0.0,0.0,,3416,655872,0.7199999999999999,0.0,0.0,0.0,0.0,0,1.26875,0.26875,4.35,0.541796875,0.09140625,1.725,0.6875,1.1875,1.5440490671850884,164.42288371288205,0.5605582920834422,failure_only,31.64419510544227,0.2510416666666666
flocking_topology_partition,11007,2.0694908558226306,0.6112086734322054,0.6289062500000062,0.9095999619695337,0.5392874619695338,0.51875,0.0,0.48125,0.09375,0.14285714285714285,0.00625,0.2859375000000063,25,0.6193788164574338,1.4832223381136955,3.945373113447675,11.518842954288255,0.9713541666666666,0.8169972265706292,1.913039383905246,3.6569590182962117,12.177529870756171,3.54348439895017,7.125,1.0,0.0,0.0,0.0,1.01875,7.06875,0.88359375,6.50625,0.0,0.18671875,0.05,2,0.0,3,40.4875,0.00625,0.0,,3375,648000,0.7199999999999999,0.0,0.0,0.0,0.0,0,1.44375,0.44375,5.0625,0.6289062500000062,0.184375,0.2125,0.20625,0.425,1.6883025074671476,154.50444899894453,0.8288460839539766,failure_only,0.5167776618863045,0.021354166666666674
flocking_topology_partition,11008,3.5554489240740277,3.2335097203390593,0.5683593750000062,2.587328637847359,2.102953637847359,0.3625,0.0,0.6375,0.0625,0.0,0.0,0.20390625000000626,25,3.2583817795438295,31.387585089675987,132.0903187175599,146.15687247788412,0.6989583333333333,2.2852162237760125,1.9609758595909235,3.606692212668226,9.659508356995563,2.5095198286212415,7.125,1.0,0.0,0.0,0.0,1.00625,7.1,0.8875,5.421875,0.0,0.322265625,0.05,2,0.0,4,33.23125,0.00625,0.499999999999,,3405,653760,0.7199999999999999,0.0,0.0,0.0,0.0,0,1.25625,0.24375,4.74375,0.5902343750000062,0.0859375,1.325,0.63125,0.99375,1.4694777429785153,133.6127511395622,0.624707458075136,failure_only,29.387585089675987,0.2510416666666666
flocking_topology_partition,11009,2.0781319112617713,0.66513907495611,0.6061197916666666,0.9978649306526695,0.5531774306526693,0.41875,0.0,0.58125,0.0875,0.0,0.0,0.2145833333333333,57,0.6950168470787265,1.7929591178921958,4.1901454255226165,42.188297647003424,0.9733779761904762,1.8785677023796759,2.05605721268565,3.6407667246420843,15.038632192263231,4.957060821127203,7.125,1.0,0.0,0.0,0.0,1.0125,7.0875,0.8859375,6.142708333333333,0.0,0.23216145833333335,0.05,2,0.0,4,37.81875,0.0,0.25,,3371,647232,0.7199999999999999,0.0,0.0,0.0,0.0,0,1.3875,0.38125,4.8625,0.6069010416666666,0.16015625,0.475,0.29375,0.74375,1.7089048673070422,170.5906030907964,0.766787625150755,failure_only,0.20704088210780425,0.023377976190476213
flocking_topology_partition,11010,1.8097418522451418,1.3487227918130398,0.5744791666666667,1.2800212827560769,0.7903337827560769,0.35625,0.0,0.64375,0.06875,0.0,0.0,0.17708333333333334,7,1.3484537491094697,5.294925525570035,4.768501236622998,153.64729310897607,0.9503348214285715,1.6470902148133972,1.982066131487482,3.7356802088325964,7.393295016779687,5.029659124942623,7.125,1.0,0.0,0.0,0.0,1.025,7.025,0.878125,5.227083333333334,0.0,0.34661458333333334,0.05,2,0.0,4,32.1875,0.0,0.0,,3381,649152,0.7199999999999999,0.0,0.0,0.0,0.0,0,1.19375,0.19375,4.66875,0.5807291666666667,0.07265625,1.4125,0.65625,1.05,1.5341444197222647,123.94700581354863,0.6282349999528378,failure_only,3.2949255255700347,0.0003348214285715523
flocking_topology_partition,11011,1.6864599196949277,1.1902937427423743,0.575,1.221814930432085,0.715564930432085,0.3375,0.0,0.6625,0.09375,0.0,0.0,0.1609375,7,1.1899079824780001,4.3880313561016795,5.113385619723251,167.6258107608619,0.9416666666666667,3.3833422728879166,1.8382380818039656,3.7275210327493866,8.163147384319748,2.6221706475693005,7.125,1.0,0.0,0.0,0.0,1.01875,7.05,0.88125,5.18125,0.0,0.35234375,0.05,2,0.0,4,32.0375,0.0,0.0,,3394,651648,0.7199999999999999,0.0,0.0,0.0,0.0,0,1.175,0.16875,4.64375,0.5765625,0.0703125,1.51875,0.64375,1.05625,1.4618145893496326,121.62994460783574,0.6075981250032783,failure_only,2.3880313561016795,0.008333333333333304
flocking_topology_partition,11012,2.5485949310521243,1.4730605222710598,0.62578125,1.1939390511765877,0.8395640511765876,0.5375,0.0,0.4625,0.075,0.0,0.0,0.27578125,25,1.477477464348274,6.628935565766071,7.625648703811913,132.6860047711064,0.9123660714285714,1.273741196478215,2.1767019309337705,3.654923510975459,13.498204264040737,3.6397136336598166,7.125,1.0,0.0,0.0,0.0,1.0375,7.0,0.875,6.43125,0.0,0.19609375,0.05,2,0.0,5,39.65,0.0,0.0,,3368,646656,0.7199999999999999,0.0,0.0,0.0,0.0,0,1.4375,0.43125,5.01875,0.62734375,0.17578125,0.35625,0.275,0.425,1.717376093298645,168.62406945816403,0.8242988339625299,failure_only,4.628935565766071,0.037633928571428554
flocking_topology_partition,11013,1.3418675553073893,0.6286394771950852,0.5598958333333333,1.1179833986546894,0.5611083986546894,0.275,0.0,0.725,0.13125,0.0,0.0,0.16354166666666664,25,0.6513014412735233,1.6324530143961795,4.32322248811138,8.319320458959126,0.9774925595238095,0.5774618715571662,1.783532163818797,3.698327314394086,10.230595020043484,2.4333049539549294,7.125,1.0,0.0,0.0,0.0,1.0,7.125,0.890625,5.272916666666666,0.0,0.3408854166666667,0.05,2,0.0,2,32.04375,0.0,0.0,,3384,649728,0.7199999999999999,0.0,0.0,0.0,0.0,0,1.24375,0.24375,4.575,0.5708333333333333,0.08828125,1.4375,0.64375,1.10625,1.4963842589236145,153.65308088662516,0.6043591659981757,failure_only,0.3675469856038205,0.02749255952380958
flocking_topology_partition,11014,2.2541057014952774,1.1732501889324203,0.652734375,1.1031414155326662,0.7528289155326661,0.54375,0.0,0.45625,0.08125,0.14285714285714285,0.00625,0.33125,53,1.1903407221931748,4.872638000082751,5.609149875162869,127.17244701030386,0.9407738095238095,1.0304411115804346,2.298875955445017,3.6425420357196003,12.101638254748853,3.9082468271426407,7.125,1.0,0.0,0.0,0.0,1.01875,7.0625,0.8828125,6.609375,0.0,0.173828125,0.05,2,0.0,5,41.2375,0.0,0.125,,3376,648192,0.7199999999999999,0.0,0.0,0.0,0.0,0,1.43125,0.41875,5.23125,0.652734375,0.171875,0.075,0.075,0.38125,1.6458219985341125,150.70735668415682,0.8399290828965604,failure_only,2.872638000082751,0.009226190476190443
flocking_topology_partition,11015,3.651392486523988,3.305094705301219,0.5455729166666666,2.736880771720815,2.174693271720815,0.26875,0.0,0.73125,0.1375,0.0,0.0,0.17864583333333334,25,3.312395188337276,31.90536193074384,130.90941098485817,154.83570366296374,0.6806696428571428,1.0955691620498964,2.0851968465055415,3.619939542466258,12.191080129161135,2.0633971049311937,7.125,1.0,0.0,0.0,0.0,1.0,7.125,0.890625,5.339583333333333,0.0,0.33255208333333336,0.05,2,0.0,2,32.23125,0.0,0.0,,3403,653376,0.7199999999999999,0.0,0.0,0.0,0.0,0,1.2875,0.28125,4.60625,0.5744791666666667,0.0921875,1.4125,0.6375,1.08125,1.4855333472264927,149.3932609144302,0.6014091249089688,failure_only,29.90536193074384,0.26933035714285714
flocking_topology_partition,11016,2.340679753571854,1.3329496798233949,0.66796875,1.1670997892600372,0.7961622892600371,0.51875,0.0,0.48125,0.1,0.0,0.0,0.3640625,24,1.33493934499116,5.489732140776013,6.836266684878626,181.38643699948523,0.90859375,2.3198278208022836,2.2279792765093154,3.6958083637274344,7.850932648149384,2.843703193485935,7.125,1.0,0.0,0.0,0.0,1.03125,7.01875,0.87734375,6.66875,0.0,0.16640625,0.05,2,0.0,5,42.0875,0.0,0.0,,3340,641280,0.7199999999999999,0.0,0.0,0.0,0.0,0,1.4,0.4,5.4,0.671875,0.16171875,0.0125,0.0125,0.2875,1.6535371605719007,106.5295017704919,0.8976131670642644,failure_only,3.489732140776013,0.04140624999999998
flocking_topology_partition,11017,2.4680507883963547,1.2881925238242815,0.6346354166666667,1.0774809820132143,0.7271684820132143,0.54375,0.0,0.45625,0.08125,0.0,0.0,0.29270833333333335,25,1.3059896457057503,5.147920786900547,5.9845745799554155,129.71366044615647,0.9369270833333333,2.1715504650675186,1.8505632853475944,3.6434037808540625,13.389186412944488,3.3325644867760444,7.125,1.0,0.0,0.0,0.0,1.025,7.05,0.88125,6.552083333333334,0.0,0.18098958333333331,0.05,2,0.0,3,40.5875,0.0,0.0,,3381,649152,0.7199999999999999,0.0,0.0,0.0,0.0,0,1.45,0.4375,5.0875,0.6354166666666667,0.18125,0.29375,0.2375,0.34375,1.7084997168993195,158.99830782513783,0.847296915948391,failure_only,3.1479207869005474,0.013072916666666656
flocking_topology_partition,11018,2.1030362975307466,0.6835466208493536,0.6334635416666667,0.974335670936313,0.609960670936313,0.525,0.0,0.475,0.08125,0.0,0.0,0.29036458333333337,77,0.6644238051706006,1.6489483700966772,4.3082535119751295,6.456611571471918,0.9823660714285716,2.2360848364577093,2.0763123919453865,3.644339316179294,13.052772004566197,3.964085234194971,7.125,1.0,0.0,0.0,0.0,1.0,7.125,0.890625,6.623958333333334,0.0,0.17200520833333335,0.05,2,0.0,2,41.03125,0.0,0.0,,3397,652224,0.7199999999999999,0.0,0.0,0.0,0.0,0,1.475,0.46875,5.09375,0.6350260416666667,0.1921875,0.175,0.13125,0.39375,1.7050129943590178,155.04203340426304,0.8523999580647796,failure_only,0.35105162990332284,0.03236607142857162
flocking_topology_partition,11019,2.248056269781432,0.6955044089221497,0.6190104166666666,1.0346668135852863,0.6890418135852862,0.55,0.0,0.45,0.08125,0.375,0.01875,0.2661458333333333,6,1.017641678305284,3.857856421882152,5.229598076671944,216.0006336316434,0.96640625,1.2833011498304223,2.0032862775385896,3.661450170759031,16.27486677274029,3.497982430424154,7.125,1.0,0.0,0.0,0.0,1.025,7.025,0.878125,6.389583333333333,0.0,0.20130208333333335,0.05,2,0.0,4,39.33125,0.0,0.0,,3381,649152,0.7199999999999999,0.0,0.0,0.0,0.0,0,1.44375,0.4375,4.95625,0.6190104166666666,0.17890625,0.44375,0.25625,0.425,1.6730921182597023,177.68165828143245,0.8494854578748345,failure_only,1.8578564218821518,0.016406250000000067
flocking_topology_partition,11020,2.3027338037957668,0.5901962952658069,0.6106770833333333,0.9593979441959835,0.6031479441959836,0.5375,0.0,0.4625,0.09375,0.5,0.01875,0.24635416666666665,77,0.9382473831911429,3.2809682847196058,4.311999661746204,165.16030063915832,0.971875,0.6867013252512414,2.1372176971782273,3.6744698315957316,12.923501511278142,3.5695965516768284,7.125,1.0,0.0,0.0,0.0,1.0,7.125,0.890625,6.4104166666666655,0.0,0.19869791666666667,0.05,2,0.0,2,39.23125,0.0,0.0,,3363,645696,0.7199999999999999,0.0,0.0,0.0,0.0,0,1.475,0.4625,4.90625,0.6130208333333333,0.18671875,0.43125,0.24375,0.4875,1.6845440893539716,161.2732305482584,0.818356707924977,failure_only,1.2809682847196058,0.02187500000000009
flocking_topology_partition,11021,3.794868765081051,3.5816265953679514,0.540625,2.932577285856971,2.337889785856971,0.21875,0.0,0.78125,0.0875,0.0,0.0,0.1453125,9,3.585557919011292,35.40522722923337,130.84122926853308,175.6078202835837,0.6811383928571428,1.233369530778319,2.003433313918582,3.609837572905401,12.003258967361543,3.358103893009301,7.125,1.0,0.0,0.0,0.0,1.01875,7.05,0.88125,5.1,0.0,0.3625,0.05,2,0.0,4,30.6875,0.0,0.0,,3409,654528,0.7199999999999999,0.0,0.0,0.0,0.0,0,1.23125,0.225,4.4875,0.5609375,0.075,1.60625,0.6375,1.15625,1.5327168352647977,160.92837463369375,0.6094836250413209,failure_only,33.40522722923337,0.2688616071428571
flocking_topology_partition,11022,2.2421050715485027,0.6802281867824125,0.5973958333333333,1.0072233159642687,0.6097233159642688,0.4875,0.0,0.5125,0.13125,0.16666666666666666,0.00625,0.22291666666666665,75,0.7797108294283452,2.2870450050577675,5.012699286471252,86.96191505367122,0.9747321428571428,2.9528363461503537,1.9476326811179532,3.6608937618069115,19.17535483253416,3.6169815601258137,7.125,1.0,0.0,0.0,0.0,1.0,7.125,0.890625,6.347916666666666,0.0,0.2065104166666667,0.05,2,0.0,2,38.6875,0.0,0.0,,3388,650496,0.7199999999999999,0.0,0.0,0.0,0.0,0,1.4875,0.46875,4.8,0.5989583333333333,0.1921875,0.48125,0.25,0.66875,1.6789238495880578,188.04563244112927,0.8099187079351395,failure_only,0.28704500505776753,0.02473214285714287
flocking_topology_partition,11023,2.1524331258012346,0.7019447014805466,0.632421875,0.9690952260036175,0.6100327260036174,0.53125,0.0,0.46875,0.075,0.0,0.0,0.28984375,77,0.7131408285893255,1.946746825935732,5.6696560623514936,11.505782945594836,0.9354687500000001,1.8537763138944794,1.9882031869272936,3.6477814774763173,13.140468014220852,2.6053012011743073,7.125,1.0,0.0,0.0,0.0,1.0,7.125,0.890625,6.640625,0.0,0.169921875,0.05,2,0.0,2,41.08125,0.0,0.0,,3391,651072,0.7199999999999999,0.0,0.0,0.0,0.0,0,1.4875,0.475,5.0875,0.633984375,0.19453125,0.225,0.225,0.3625,1.6961799638025614,157.57087387084735,0.866429166868329,failure_only,0.053253174064268105,0.014531249999999885
flocking_topology_partition,11024,3.742352423620622,3.3804171104448546,0.5380208333333333,2.823821196597681,2.219758696597681,0.20625,0.0,0.79375,0.0875,1.0,0.0125,0.14947916666666666,24,3.448613543610795,35.25731650020871,141.38045088995779,181.82107404983955,0.6591145833333333,1.7479349814587677,2.1291024370890814,3.6259166752456906,14.087644384954388,2.6760182540214132,7.125,1.0,0.0,0.0,0.0,1.00625,7.1125,0.8890625,5.197916666666666,0.0,0.3502604166666667,0.05,2,0.0,3,31.19375,0.0,0.0,,3406,653952,0.7199999999999999,0.0,0.0,0.0,0.0,0,1.28125,0.275,4.49375,0.5598958333333333,0.0890625,1.6625,0.69375,1.11875,1.5050520323208691,157.83622801400668,0.6109945420175791,failure_only,33.25731650020871,0.2908854166666667
flocking_topology_partition,11025,2.1886659210526633,0.6267298811392747,0.627734375,0.9319346578726947,0.5569346578726946,0.5125,0.0,0.4875,0.09375,0.0,0.0,0.27265625,76,0.6414198707043293,1.5665358088663757,4.183316254418323,10.228752608826245,0.9842261904761905,0.5960759243819767,2.0582903859603228,3.649243648812795,13.832778869634941,5.249605358345103,7.125,1.0,0.0,0.0,0.0,1.0,7.125,0.890625,6.553125,0.0,0.180859375,0.05,2,0.0,2,40.4875,0.0,0.125,,3383,649536,0.7199999999999999,0.0,0.0,0.0,0.0,0,1.46875,0.4625,5.0375,0.628515625,0.18984375,0.26875,0.25,0.4375,1.6889656487695544,161.0707272633857,0.8482467909343541,failure_only,0.43346419113362433,0.03422619047619058
flocking_topology_partition,11026,2.186697538640894,1.0030231576191428,0.626953125,1.0242424453223844,0.6804924453223844,0.55,0.0,0.45,0.0625,0.0,0.0,0.28203125,7,1.0011666004592312,3.4474520876056145,5.7095144416127495,136.34331936633922,0.9482142857142858,1.4401109772812208,2.041994090880656,3.6545218675284943,15.760479071183244,3.5581122982502875,7.125,1.0,0.0,0.0,0.0,1.025,7.025,0.878125,6.446875,0.0,0.194140625,0.05,2,0.0,4,39.8375,0.0,0.0,,3396,652032,0.7199999999999999,0.0,0.0,0.0,0.0,0,1.4375,0.4375,5.025,0.627734375,0.178125,0.3625,0.2625,0.45,1.7248965402405432,160.34312324858828,0.8503805419895798,failure_only,1.4474520876056145,0.0017857142857141683
flocking_topology_partition,11027,2.3576372864929445,1.097668200723388,0.60546875,1.0731671096793738,0.7134796096793737,0.53125,0.0,0.46875,0.08125,0.0,0.0,0.240625,49,1.1036522229073877,4.26546260862919,6.110443469273607,136.77918672362154,0.9388020833333333,1.3501595615848103,1.9599318188958823,3.6843589239084027,18.26605955316935,3.523085174027309,7.125,1.0,0.0,0.0,0.0,1.0,7.125,0.890625,6.36875,0.0,0.20390625,0.05,2,0.0,2,38.9375,0.0,0.0,,3396,652032,0.7199999999999999,0.0,0.0,0.0,0.0,0,1.46875,0.4625,4.85,0.60625,0.1890625,0.5125,0.25625,0.65625,1.7042710787312316,183.36477902997166,0.8121329999994487,failure_only,2.26546260862919,0.011197916666666696
flocking_topology_partition,11028,2.5210386847652906,1.5641599669433208,0.6388020833333333,1.214978565830878,0.8487285658308782,0.525,0.0,0.475,0.1,0.0,0.0,0.30338541666666663,7,1.5647006275669402,7.110681827096416,5.976941254546214,135.26081298864938,0.9405133928571429,1.1908299886614113,1.9270201653685106,3.6626501701245244,11.857291021406564,3.7877427925863727,7.125,1.0,0.0,0.0,0.0,1.04375,6.975,0.871875,6.522916666666665,0.0,0.18463541666666666,0.05,2,0.0,5,40.38125,0.0,0.0,,3366,646272,0.7199999999999999,0.0,0.0,0.0,0.0,0,1.44375,0.43125,5.1125,0.6388020833333333,0.175,0.2875,0.225,0.29375,1.6731578969408532,147.38734667855883,0.8387401669751853,failure_only,5.110681827096416,0.009486607142857095
flocking_topology_partition,11029,2.169061949476267,0.6276231511578203,0.6171875,0.9146657312698292,0.5649782312698293,0.54375,0.0,0.45625,0.075,0.0,0.0,0.2625,75,0.6388031594466587,1.5589704357101173,4.3458029927940345,5.47725196389847,0.9864136904761904,0.8251981762157474,2.016243603204983,3.685187565960143,13.329922875448062,3.066322649725065,7.125,1.0,0.0,0.0,0.0,1.0,7.125,0.890625,6.48125,0.0,0.18984375,0.05,2,0.0,2,39.9875,0.0,0.0,,3396,652032,0.7199999999999999,0.0,0.0,0.0,0.0,0,1.4625,0.45,4.9875,0.621875,0.18671875,0.41875,0.25,0.4375,1.6840712231689998,152.240084030817,0.8283494170755148,failure_only,0.4410295642898827,0.036413690476190474
flocking_topology_resilient,11000,3.65993313344878,0.6402528453904675,0.4076822916666667,1.1856948282100812,0.564132328210081,0.18125,0.0,0.81875,0.075,0.0,0.0,0.08098958333333334,77,0.6721175534601351,1.2256036793929037,3.791893173518223,13.31145591863934,0.97578125,1.1876070869697775,2.1263849359516063,3.6675547460591034,14.118139136453868,4.188380229555019,7.125,1.0,0.0,0.0,0.0,1.0125,7.075,0.884375,4.848958333333334,0.4733743348596473,0.3938802083333333,0.05,2,0.025,4,28.88125,0.025,0.0,,3404,653568,0.7199999999999999,0.0,0.0,0.0,0.0,0,1.64375,0.46875,4.225,0.5272135416666667,0.078125,1.8875,0.69375,1.28125,1.5122847969957596,166.95914322268135,0.5700293330010027,failure_only,0.7743963206070963,0.02578125000000009
flocking_topology_resilient,11001,2.548632410866954,0.6961013454510641,0.6244574652777778,0.9824201868305374,0.6280451868305374,0.5375,0.0,0.4625,0.075,0.0,0.0,0.36063368055555556,2,0.6968545891480266,1.733181009149925,4.599746063502844,7.501619710518732,0.96953125,1.2987512581476837,1.948337876462709,3.658549087852363,9.101892936664893,4.090006961130089,7.125,1.0,0.0,0.0,0.0,1.0375,6.98125,0.87265625,6.6644097222222225,0.38165901055971335,0.16694878472222224,0.05,2,0.05,6,42.6875,0.05,0.0,,3342,641664,0.7199999999999999,0.0,0.0,0.0,0.0,0,1.5625,0.5,5.39375,0.6709418402777778,0.162109375,0.01875,0.01875,0.1375,1.6604802847321285,125.15266239728612,0.8776657080743462,failure_only,0.2668189908500751,0.01953125
flocking_topology_resilient,11002,2.2584548566952485,0.6822074953398426,0.6344835069444444,0.9879144146475483,0.6069769146475481,0.50625,0.0,0.49375,0.10625,0.3333333333333333,0.00625,0.2877170138888889,76,0.6774838065423125,1.6953887834617434,5.095743222592513,7.745002729749138,0.9530133928571429,0.9327068005156051,2.0180544257422417,3.6185519962344395,15.241441687645784,3.3985783919180563,7.125,1.0,0.0,0.0,0.0,1.0,7.125,0.890625,6.650868055555556,0.09878702400000001,0.16864149305555556,0.05,2,0.0,2,41.23125,0.0,0.0,,3378,648576,0.7199999999999999,0.0,0.0,0.0,0.0,0,1.50625,0.48125,5.11875,0.6383897569444444,0.19296875,0.2,0.19375,0.33125,1.6660017949071388,169.14616659957588,0.8471947498619556,failure_only,0.3046112165382566,0.0030133928571429713
flocking_topology_resilient,11003,2.1499069994092648,0.6806060930026525,0.6649305555555556,0.9696627970512299,0.6087252970512299,0.53125,0.0,0.46875,0.09375,0.0,0.0,0.35954861111111114,77,0.70053640275185,1.8690055661076088,5.045685069477261,7.712133063182106,0.97140625,2.7208100174787644,2.1265241300882485,3.6729622445093404,9.908309744488541,2.9907560708460452,7.125,1.0,0.0,0.0,0.0,1.0,7.125,0.890625,6.9006944444444445,0.20297624255971333,0.13741319444444444,0.05,2,0.0,2,43.28125,0.0,0.0,,3368,646656,0.7199999999999999,0.0,0.0,0.0,0.0,0,1.5625,0.48125,5.3625,0.6672743055555556,0.19453125,0.0,0.0,0.16875,1.671471722656063,122.87076529000896,0.8788796251174062,failure_only,0.13099443389239118,0.02140625000000007
flocking_topology_resilient,11004,2.2212748704660368,0.6792503558256973,0.61640625,0.9680152001875596,0.5877027001875595,0.50625,0.0,0.49375,0.1,0.0,0.0,0.265625,119,0.706945430807491,1.8788654847735002,5.831518981302145,10.51360558457764,0.9361235119047618,1.3762988804011975,2.1855941172610414,3.66134048210034,12.566008212685931,2.590065579630051,7.125,1.0,0.0,0.0,0.0,1.01875,7.06875,0.88359375,6.378125,0.4669412447269118,0.202734375,0.05,2,0.025,4,39.6875,0.025,0.125,,3368,646656,0.7199999999999999,0.0,0.0,0.0,0.0,0,1.83125,0.74375,4.9875,0.6234375,0.173828125,0.33125,0.25,0.46875,1.6612751302652988,157.22209687619636,0.8213287920225412,failure_only,0.12113451522649976,0.013876488095238115
flocking_topology_resilient,11005,2.1022839767178443,0.6121779505283348,0.6545572916666667,0.9046997215675432,0.5537622215675431,0.54375,0.0,0.45625,0.0875,0.0,0.0,0.3341145833333333,76,0.6368751858529357,1.550124132789986,4.918812506780708,8.125977787080407,0.9696428571428571,2.589859641711324,2.0031932151602634,3.6795512331315976,10.050301890472458,3.242785190920249,7.125,1.0,0.0,0.0,0.0,1.0,7.125,0.890625,6.773958333333335,0.1761179400532378,0.15325520833333334,0.05,2,0.0,2,42.18125,0.0,0.0,,3362,645504,0.7199999999999999,0.0,0.0,0.0,0.0,0,1.575,0.475,5.2375,0.6545572916666667,0.19140625,0.10625,0.09375,0.2875,1.689820262603219,126.45163885555031,0.8531036248896271,failure_only,0.44987586721001405,0.019642857142857184
flocking_topology_resilient,11006,3.618026603833707,0.8465097371525049,0.4394314236111111,1.3291118680822496,0.7362993680822496,0.23125,0.0,0.76875,0.1625,0.0,0.0,0.11480034722222224,75,0.8592391207636828,1.058185751897876,3.2470986197279177,4.708653454210246,0.9909375,1.882617759537867,1.8531703964434274,3.6077371246759284,13.57795890815035,2.5241760999692984,7.125,1.0,0.0,0.0,0.0,1.0,7.125,0.890625,5.077951388888889,0.3672065703796473,0.3652560763888889,0.05,2,0.0,2,30.3375,0.0,0.0,,3412,655104,0.7199999999999999,0.0,0.0,0.0,0.0,0,1.60625,0.46875,4.3625,0.5433376736111111,0.09140625,1.7125,0.6875,1.18125,1.5419068912599767,164.0218875873983,0.5752574580255896,failure_only,0.9418142481021241,0.04093750000000007
flocking_topology_resilient,11007,2.0497406931718762,0.6768773621468511,0.6265407986111111,0.9623548861366309,0.5920423861366307,0.51875,0.0,0.48125,0.09375,0.14285714285714285,0.00625,0.28589409722222225,77,0.6904553668402881,1.7895498058348278,5.210029226082699,8.511545684619554,0.9638839285714285,1.0916290250020209,2.011141975940472,3.656616681150163,12.112576779888354,4.308715139748594,7.125,1.0,0.0,0.0,0.0,1.0125,7.08125,0.88515625,6.390451388888889,0.15422743104,0.20119357638888888,0.05,2,0.05,6,40.3875,0.05,0.0,,3365,646080,0.7199999999999999,0.0,0.0,0.0,0.0,0,1.5125,0.48125,5.05625,0.6288845486111111,0.169921875,0.2375,0.20625,0.43125,1.6871350390247322,157.70995579531896,0.8432714578229934,failure_only,0.2104501941651722,0.013883928571428505
flocking_topology_resilient,11008,3.5839608059875663,0.8660367486349905,0.4855251736111111,1.234947418611696,0.7505724186116961,0.3625,0.0,0.6375,0.0625,0.2,0.00625,0.21011284722222223,3,0.8703024272711295,1.1714345064913816,3.0948657889007887,23.00876352984003,0.98984375,1.2302316363913983,1.9109900101413555,3.6101060327232433,9.40205940658852,2.3232646379157593,7.125,1.0,0.0,0.0,0.0,1.0,7.125,0.890625,5.465451388888889,0.5168808884996166,0.31681857638888894,0.05,2,0.0,2,33.48125,0.0,0.0,,3408,654336,0.7199999999999999,0.0,0.0,0.0,0.0,0,1.60625,0.475,4.75625,0.592556423611111,0.0890625,1.3375,0.63125,0.96875,1.4709974440766562,133.45155334430967,0.6414619169663638,failure_only,0.8285654935086184,0.03984375000000007
flocking_topology_resilient,11009,2.1704854586268754,0.6160977009792299,0.5897135416666666,0.9635506000956322,0.5401131000956322,0.44375,0.0,0.55625,0.0625,0.0,0.0,0.20833333333333331,140,0.6271042427607726,1.4402208913323942,4.872050223512121,6.240012505307092,0.9731398809523808,1.8911422783888707,2.055318312402541,3.6480097855287212,14.69855759975518,3.2011412225115934,7.125,1.0,0.0,0.0,0.0,1.01875,7.0625,0.8828125,5.973958333333333,0.5376356258069274,0.25325520833333337,0.05,2,0.05,6,37.41875,0.05,0.25,,3367,646464,0.7199999999999999,0.0,0.0,0.0,0.0,0,1.95625,0.875,4.8375,0.6037760416666667,0.1421875,0.48125,0.29375,0.78125,1.7063440107800942,173.460541103102,0.7734492919407785,failure_only,0.5597791086676058,0.023139880952380842
flocking_topology_resilient,11010,1.5577187288390244,0.6872891977116328,0.5533637152777777,1.0939365888415673,0.6042490888415673,0.35625,0.0,0.64375,0.06875,0.0,0.0,0.13016493055556805,27,0.6870594780594744,1.737195744250413,4.254625881072548,8.476338481480795,0.9670014880952381,0.9016341573092648,1.9617313120781041,3.738514584477591,7.692770403091129,5.003704881278222,7.125,1.0,0.0,0.0,0.0,1.0125,7.075,0.884375,5.139409722222222,0.10557000000000001,0.35757378472222223,0.05,2,0.025,3,32.0375,0.0375,0.08333333333333333,,3373,647616,0.7199999999999999,0.0,0.0,0.0,0.0,0,1.23125,0.2125,4.5625,0.5596137152777778,0.0828125000000125,1.4875,0.65625,1.08125,1.5302999563438138,124.865330774425,0.6156095410697162,failure_only,0.2628042557495871,0.01700148809523816
flocking_topology_resilient,11011,1.9682559870537295,0.690501914427088,0.538888888888889,1.1206945028841642,0.619757002884164,0.34375,0.0,0.65625,0.0875,0.0,0.0,0.1579861111111111,124,0.6832491782033505,1.6997970867181267,4.607038357718536,6.6307735191121155,0.97421875,3.35873085131364,1.929261700222869,3.7230906725842514,8.197852370811592,2.0222930874019664,7.125,1.0,0.0,0.0,0.0,1.0375,6.975,0.871875,4.995486111111111,0.4344463394091699,0.3755642361111111,0.05,2,0.05,6,31.5375,0.05,0.020833333333333315,,3398,652416,0.7199999999999999,0.0,0.0,0.0,0.0,0,1.85625,0.775,4.6375,0.5735243055555556,0.05013020833333333,1.50625,0.64375,1.05625,1.462860364309695,133.462371397641,0.6057822920847684,failure_only,0.3002029132818733,0.024218750000000067
flocking_topology_resilient,11012,2.527991367640254,0.7036915494664485,0.596484375,0.964993446259928,0.615930946259928,0.54375,0.0,0.45625,0.06875,0.0,0.0,0.275,78,0.7237616601273202,1.7870840682283404,4.9878556709229125,8.965412082417227,0.960625,0.7641675654640492,2.088753012354875,3.6539473119327894,13.204189449770018,4.100771378758191,7.125,1.0,0.0,0.0,0.0,1.03125,7.03125,0.87890625,6.415625,0.3497162425597133,0.198046875,0.05,2,0.025,3,39.9,0.025,0.0,,3367,646464,0.7199999999999999,0.0,0.0,0.0,0.0,0,1.55625,0.5,5.00625,0.62578125,0.176171875,0.35625,0.275,0.39375,1.7198261058316024,169.53842512201348,0.851591750048101,failure_only,0.21291593177165957,0.010624999999999996
flocking_topology_resilient,11013,1.7970235805159156,0.6422136572789546,0.5298177083333333,1.0979595597899063,0.5723345597899063,0.3125,0.0,0.6875,0.1,0.0,0.0,0.15182291666666664,124,0.6590241396526691,1.577842371031353,3.923767760077641,7.278232121067973,0.9808779761904762,1.9685350061871145,1.7660352815395002,3.701160053488502,10.53357317403048,2.221525972619458,7.125,1.0,0.0,0.0,0.0,1.03125,7.0,0.875,4.997916666666667,0.43011503828916997,0.3752604166666667,0.05,2,0.05,6,31.04375,0.05,0.020833333333333315,,3377,648384,0.7199999999999999,0.0,0.0,0.0,0.0,0,1.8875,0.775,4.54375,0.5649739583333333,0.059765625,1.4375,0.64375,1.13125,1.49677172378866,159.78861837685398,0.6142833749763668,failure_only,0.42215762896864706,0.030877976190476275
flocking_topology_resilient,11014,2.3060105710350927,0.7564585451798771,0.6409939236111111,1.0042775838791311,0.6645900838791311,0.55625,0.0,0.44375,0.06875,0.0,0.0,0.3374565972222222,139,0.7721306144752903,1.841227702665169,4.661828842286706,7.4533422904098465,0.9791666666666666,1.4498102113536762,2.331886200909738,3.6409654096247537,12.226026553616226,3.804984525143621,7.125,1.0,0.0,0.0,0.0,1.0,7.125,0.890625,6.709201388888888,0.32241571904262206,0.1613498263888889,0.05,2,0.0,2,41.8375,0.0,0.0,,3384,649728,0.7199999999999999,0.0,0.0,0.0,0.0,0,2.05,0.86875,5.25625,0.6558376736111111,0.18125,0.0625,0.0625,0.35,1.6450806809156078,152.45442153966678,0.8501914171501994,failure_only,0.1587722973348309,0.029166666666666674
flocking_topology_resilient,11015,3.6214659453184153,1.0730710488296855,0.4611979166666666,1.487835148216355,0.9256476482163549,0.26875,0.0,0.73125,0.1375,0.0,0.0,0.17708333333333331,77,1.0778288931438011,1.719548053458179,4.9840794220571025,33.42177215403079,0.9509300595238095,3.933761006650568,2.1285046363666824,3.624867310777244,11.953672271379935,3.191016490561382,7.125,1.0,0.0,0.0,0.0,1.025,7.025,0.878125,5.1708333333333325,0.5351404473348167,0.3536458333333333,0.05,2,0.025,4,31.63125,0.025,0.0,,3400,652800,0.7199999999999999,0.0,0.0,0.0,0.0,0,1.63125,0.48125,4.60625,0.5744791666666667,0.07109375,1.41875,0.6375,1.0875,1.4842507506939613,151.91557357636557,0.5956083338242024,failure_only,0.28045194654182093,0.0009300595238095344
flocking_topology_resilient,11016,2.0512853330482144,0.6866228407156723,0.6694878472222222,0.9615775601453791,0.6018900601453792,0.53125,0.0,0.46875,0.08125,0.0,0.0,0.3624131944444444,139,0.6967843575961393,1.8259271602414295,5.447178162456233,9.870883191845591,0.94375,1.0852079802957646,2.3157798482679275,3.6943524053592385,7.94311207457807,3.5623972998274978,7.125,1.0,0.0,0.0,0.0,1.0,7.125,0.890625,6.7809027777777775,0.38692258406853847,0.15238715277777776,0.05,2,0.0,2,42.7375,0.0,0.0,,3352,643584,0.7199999999999999,0.0,0.0,0.0,0.0,0,1.95,0.86875,5.4,0.6718315972222222,0.17578125,0.00625,0.00625,0.28125,1.6511912061492715,110.59193346720828,0.8850283748470247,failure_only,0.17407283975857046,0.006249999999999978
flocking_topology_resilient,11017,2.2284926721349536,0.6496154467675784,0.6315104166666667,0.9288375584335136,0.5785250584335137,0.54375,0.0,0.45625,0.08125,0.0,0.0,0.2911458333333333,80,0.665201273209156,1.6309089651200614,4.258484403797483,13.93334698274856,0.97578125,2.2613642046961675,1.8854580995550883,3.6483706344292464,13.595428827492388,3.2619081201656406,7.125,1.0,0.0,0.0,0.0,1.0,7.125,0.890625,6.627083333333334,0.20834520604133627,0.17161458333333332,0.05,2,0.0,2,40.9375,0.0,0.0,,3396,652032,0.7199999999999999,0.0,0.0,0.0,0.0,0,1.56875,0.5,5.08125,0.6346354166666667,0.19140625,0.29375,0.2375,0.34375,1.7112503875097822,161.63430287392748,0.836514542112127,failure_only,0.36909103487993855,0.02578125000000009
flocking_topology_resilient,11018,2.1455546503227545,0.6804822071141954,0.6376085069444445,0.9618490050382622,0.6021615050382622,0.53125,0.0,0.46875,0.08125,0.0,0.0,0.30646701388888886,78,0.6844860817346325,1.7575640162846866,4.631759242344332,6.8032903508244935,0.9645982142857144,1.2734727915994577,2.0689665888744875,3.6456028229513833,13.289454604929182,4.649166113622505,7.125,1.0,0.0,0.0,0.0,1.0,7.125,0.890625,6.6696180555555555,0.1380821804797133,0.16629774305555556,0.05,2,0.0,2,41.43125,0.0,0.0,,3402,653184,0.7199999999999999,0.0,0.0,0.0,0.0,0,1.5375,0.4875,5.14375,0.6407335069444444,0.1921875,0.1375,0.125,0.3625,1.7044259279409182,154.90302090118544,0.8493372090160847,failure_only,0.24243598371531339,0.014598214285714395
flocking_topology_resilient,11019,2.2849069568775753,0.6664717595082157,0.5975260416666666,0.9466101599607806,0.6016101599607806,0.55,0.0,0.45,0.075,0.0,0.0,0.2458333333333333,82,0.6738117096841194,1.6691145601714452,4.3587360445133685,6.013529089878243,0.9824479166666666,1.270343177150114,2.1110055273350605,3.670742538193661,16.37520887729007,3.7621928085755756,7.125,1.0,0.0,0.0,0.0,1.01875,7.05625,0.88203125,6.286458333333334,0.250886935161916,0.21419270833333334,0.05,2,0.05,5,39.28125,0.05,0.041666666666666685,,3386,650112,0.7199999999999999,0.0,0.0,0.0,0.0,0,1.56875,0.5125,4.925,0.6111979166666666,0.173828125,0.44375,0.25625,0.45,1.672955126025915,179.29119772620032,0.8216798340436071,failure_only,0.3308854398285548,0.03244791666666669
flocking_topology_resilient,11020,2.1453886722644877,0.5667632432245202,0.6091145833333333,0.9381238520631741,0.581873852063174,0.5375,0.0,0.4625,0.09375,0.05263157894736842,0.01875,0.24010416666666665,129,0.6390105424440696,1.5039666124017337,3.5716520532324396,29.665069378755287,0.984375,1.1627453068693683,2.0910106637770824,3.69014126721259,13.57839219217766,4.124088164039938,7.125,1.0,0.0,0.0,0.0,1.0,7.125,0.890625,6.360416666666667,0.42680072928229346,0.2049479166666667,0.05,2,0.0,2,38.93125,0.0,0.0,,3385,649920,0.7199999999999999,0.0,0.0,0.0,0.0,0,1.9125,0.80625,4.8875,0.6106770833333333,0.1828125,0.44375,0.24375,0.5375,1.6920247544946574,163.251013086394,0.8034924168605357,failure_only,0.4960333875982663,0.034375000000000044
flocking_topology_resilient,11021,3.7598193105296414,0.6986637525855653,0.4546875,1.1796683147891105,0.5849808147891103,0.21875,0.0,0.78125,0.0875,0.0,0.0,0.1578125,76,0.6999242809328855,1.406935927940958,3.762976091869938,26.991412825516846,0.9641145833333333,1.397807065226493,2.0727956021229956,3.6150367395990193,11.720175513123504,2.1774899959483216,7.125,1.0,0.0,0.0,0.0,1.0,7.125,0.890625,5.225,0.4035968200964167,0.346875,0.05,2,0.0,2,31.3875,0.0,0.0,,3408,654336,0.7199999999999999,0.0,0.0,0.0,0.0,0,1.625,0.475,4.51875,0.56484375,0.08671875,1.5625,0.6375,1.1125,1.532105926127585,163.093636064857,0.6138294171541929,failure_only,0.5930640720590421,0.014114583333333375
flocking_topology_resilient,11022,2.0844589530117053,0.6441496047787659,0.5794053819444445,0.9978850560307476,0.5897600560307477,0.475,0.0,0.525,0.14375,0.1111111111111111,0.00625,0.2150607638888889,78,0.6951464765459933,1.748008345566756,4.370101639311286,6.3398039244348015,0.9875,3.2033733311936543,1.9011975452793108,3.6624595879427373,19.394722161439198,4.567746598568041,7.125,1.0,0.0,0.0,0.0,1.0,7.125,0.890625,6.291493055555556,0.36711406208,0.21356336805555554,0.05,2,0.0,2,38.2875,0.0,0.0,,3379,648768,0.7199999999999999,0.0,0.0,0.0,0.0,0,1.59375,0.5125,4.76875,0.5950303819444445,0.1890625,0.49375,0.2625,0.73125,1.689431207520333,191.80619943019192,0.7771844158414751,failure_only,0.2519916544332439,0.03750000000000009
flocking_topology_resilient,11023,2.0992037624501356,0.6415944582983272,0.6324001736111111,0.9439578374335881,0.589582837433588,0.5375,0.0,0.4625,0.075,0.0,0.0,0.2944878472222222,80,0.6552370047279265,1.6082149590989268,4.020722413766364,8.805162595803331,0.96640625,1.641316474138986,2.009353897195939,3.6519625943694707,13.086190477297569,3.3174271938515445,7.125,1.0,0.0,0.0,0.0,1.01875,7.05,0.88125,6.502951388888889,0.17631800000000003,0.18713107638888887,0.05,2,0.025,4,40.63125,0.025,0.0,,3395,651840,0.7199999999999999,0.0,0.0,0.0,0.0,0,1.53125,0.5,5.0875,0.633962673611111,0.17734375,0.225,0.225,0.3625,1.6959093388263873,160.18806615719092,0.8361912078689784,failure_only,0.39178504090107324,0.016406250000000067
flocking_topology_resilient,11024,3.7048772625737967,0.674468511502664,0.43096788194444446,1.2237296138442653,0.6340421138442652,0.23125,0.0,0.76875,0.13125,0.42857142857142855,0.01875,0.14943576388888888,124,0.9637930490347778,3.1840643291776196,4.516154991200407,165.25197790177765,0.9528645833333332,1.2996893136119034,2.1157428573928088,3.6035972006494417,14.2568681277418,3.133654967485478,7.125,1.0,0.0,0.0,0.0,1.0,7.125,0.890625,5.203993055555555,0.40368564628916986,0.3495008680555555,0.05,2,0.0,2,31.24375,0.0,0.0,,3412,655104,0.7199999999999999,0.0,0.0,0.0,0.0,0,1.95,0.775,4.49375,0.5598741319444445,0.08984375,1.6625,0.69375,1.1125,1.5135130948420175,162.05580782728333,0.6082866250071675,failure_only,1.1840643291776196,0.0028645833333332815
flocking_topology_resilient,11025,2.3991720265887264,0.6455862684385051,0.6011501736111111,0.9568734199443577,0.5659359199443578,0.49375,0.0,0.50625,0.1125,0.0,0.0,0.26636284722222225,76,0.648980215252725,1.5070913505081975,4.230399324829211,10.228752608826245,0.9802083333333332,0.9029843004114694,2.0398810827927187,3.6483678827254193,13.51890802104339,5.28537175692567,7.125,1.0,0.0,0.0,0.0,1.025,7.025,0.878125,6.365451388888888,0.27232033856000004,0.2043185763888889,0.05,2,0.025,4,39.6875,0.025,0.125,,3369,646848,0.7199999999999999,0.0,0.0,0.0,0.0,0,1.54375,0.475,5.0125,0.6253689236111111,0.16953125,0.26875,0.25,0.45625,1.6887660060256557,165.3230601088465,0.8181130830198526,failure_only,0.49290864949180246,0.03020833333333328
flocking_topology_resilient,11026,2.2866508885906867,0.6685049121712051,0.619921875,0.939669146869989,0.591231646869989,0.54375,0.0,0.45625,0.0625,0.0,0.0,0.27734375,77,0.6810085311502803,1.7350101116904135,4.283278358812812,9.518284043679156,0.9732142857142858,0.5562745119216173,2.0327657622160884,3.6598755074900318,15.846477810872234,2.809645958051103,7.125,1.0,0.0,0.0,0.0,1.0,7.125,0.890625,6.528125,0.28509980567040005,0.183984375,0.05,2,0.0,2,40.3375,0.0,0.0,,3399,652608,0.7199999999999999,0.0,0.0,0.0,0.0,0,1.575,0.48125,5.025,0.627734375,0.18828125,0.3625,0.2625,0.46875,1.725977895594982,160.89220688399362,0.8366096660029143,failure_only,0.2649898883095865,0.023214285714285854
flocking_topology_resilient,11027,2.355638265833438,0.6557639188633442,0.58203125,0.9830856637731802,0.6233981637731801,0.53125,0.0,0.46875,0.08125,0.4444444444444444,0.025,0.240625,80,0.6838757256416875,1.641793381240954,4.326709175320911,9.166883866569,0.98359375,1.3870588009102822,2.04479059226277,3.6879065434065623,17.77703318169518,3.3008944883172804,7.125,1.0,0.0,0.0,0.0,1.0,7.125,0.890625,6.36875,0.34752217367040006,0.20390625,0.05,2,0.0,2,38.9375,0.0,0.0,,3378,648576,0.7199999999999999,0.0,0.0,0.0,0.0,0,1.6,0.5125,4.85,0.60625,0.1890625,0.5125,0.25625,0.65625,1.701629017567154,186.7015164646634,0.7983724579680711,failure_only,0.358206618759046,0.03359375000000009
flocking_topology_resilient,11028,2.290826760271465,0.6884404258781227,0.6196614583333333,0.984525201901145,0.6135877019011451,0.51875,0.0,0.48125,0.1,0.0,0.0,0.28619791666666666,77,0.6969991406659712,1.7909193472754759,5.021787050498567,9.004599336153833,0.9530133928571429,2.5537487138432047,1.9642154946636758,3.6770206958265446,11.887464806552597,3.0973605671831193,7.125,1.0,0.0,0.0,0.0,1.00625,7.10625,0.88828125,6.557291666666666,0.17177905856,0.18033854166666669,0.05,2,0.025,4,40.73125,0.025,0.0,,3357,644544,0.7199999999999999,0.0,0.0,0.0,0.0,0,1.55625,0.4875,5.0625,0.6325520833333333,0.185546875,0.3375,0.2625,0.3125,1.6758970137988913,148.855588471652,0.8445689170621336,failure_only,0.20908065272452414,0.0030133928571429713
flocking_topology_resilient,11029,2.1211763346646926,0.6551058321299412,0.6171657986111111,0.9316087792297629,0.581921279229763,0.54375,0.0,0.45625,0.075,0.0,0.0,0.26245659722222225,76,0.6623838497888651,1.6509113245001945,4.536249583522246,7.216549148224378,0.9739583333333334,1.48024671873392,1.9911095716259926,3.6886759288446456,13.03095004312459,3.6933007023350997,7.125,1.0,0.0,0.0,0.0,1.0,7.125,0.890625,6.481076388888889,0.21678672683520003,0.18986545138888888,0.05,2,0.0,2,39.9875,0.0,0.0,,3393,651456,0.7199999999999999,0.0,0.0,0.0,0.0,0,1.54375,0.475,4.9875,0.621853298611111,0.18671875,0.41875,0.25,0.43125,1.6818593872401568,151.6411554742056,0.8195295829791576,failure_only,0.3490886754998055,0.023958333333333415
flocking_robust_active,11000,2.1352721193319115,0.6382412438309741,0.7601190476190476,0.9058440177289055,0.5620940177289055,0.55,0.0,0.45,0.0625,0.0,0.0,0.5473214285714285,77,0.6525758264717969,1.6015334594941582,3.6560442780051563,6.468601450065776,0.984375,0.0,2.1300848625847015,3.710322900037235,4.662492601063183,2.000526782518493,8.0,1.0,0.0,0.4375,0.15714285714285714,1.0,8.0,1.0,7.8625,0.0,0.0,0.0,0,0.0,0,0.0,0.0,0.0,,2748,527616,0.7199999999999999,0.0,0.0,0.0,0.0,0,1.5,0.48125,5.975,0.7622023809523808,0.23545386904761906,0.0,0.0,0.1375,1.5491212848449734,167.1608004905054,0.8787718331441283,partition_only,0.39846654050584185,0.034375000000000044
flocking_robust_active,11001,2.259671344794623,0.661956244958709,0.7609821428571429,1.0218216426886244,0.6874466426886243,0.5625,0.0,0.4375,0.0625,0.625,0.03125,0.5582812500000001,76,0.9508082508485702,3.419169201513781,5.208637011186182,143.21746583837304,0.9550000000000001,0.0,1.895395903278088,3.7042628635875063,4.826761617784763,1.896810234874979,8.0,1.0,0.0,0.4375,0.17142857142857143,1.0,8.0,1.0,7.84375,0.0,0.0,0.0,0,0.0,0,0.0,0.0,0.0,,2883,553536,0.7199999999999999,0.0,0.0,0.0,0.0,0,1.48125,0.475,5.96875,0.7640178571428571,0.23520089285714282,0.03125,0.03125,0.15,1.5328501848641416,127.62273671748045,0.9024742089677602,partition_only,1.419169201513781,0.0050000000000001155
flocking_robust_active,11002,2.2528026918580735,0.656787199850127,0.7654166666666666,0.9200673888994866,0.5856923888994865,0.5625,0.0,0.4375,0.0625,0.0,0.0,0.5599999999999999,76,0.6452885956919605,1.5622392619627654,3.7641978385207233,5.9580630219742154,0.97421875,0.0,2.015556158759799,3.6973327487343965,4.754895267019229,1.9732350348863015,8.0,1.0,0.0,0.4375,0.17142857142857143,1.0,8.0,1.0,7.9375,0.0,0.0,0.0,0,0.0,0,0.0,0.0,0.0,,2744,526848,0.7199999999999999,0.0,0.0,0.0,0.0,0,1.475,0.475,6.06875,0.7654166666666666,0.2345833333333333,0.0,0.0,0.0625,1.5288938165994155,176.53035621626725,0.9051735841203481,partition_only,0.4377607380372346,0.024218750000000067
flocking_robust_active,11003,2.161390835228959,0.6501010776890467,0.7574776785714286,0.9353429475354114,0.5903429475354113,0.55,0.0,0.45,0.075,0.0,0.0,0.5641741071428571,79,0.7114251504158322,1.9556056757962186,4.96127377387462,7.975596939121759,0.9721875000000001,0.0,2.1366629712688825,3.7134060282556183,4.82247606558468,1.950234702158475,8.0,1.0,0.0,0.4375,0.14285714285714285,1.0,8.0,1.0,7.85,0.0,0.0,0.0,0,0.0,0,0.0,0.0,0.0,,2920,560640,0.7199999999999999,0.0,0.0,0.0,0.0,0,1.5,0.48125,5.93125,0.7590401785714286,0.23783482142857143,0.00625,0.00625,0.15,1.58153858277471,126.94024728584185,0.8992389170452952,partition_only,0.04439432420378142,0.022187500000000138
flocking_robust_active,11004,2.333403983953802,0.6996003733409842,0.7588169642857142,1.067944936046907,0.7332574360469073,0.56875,0.0,0.43125,0.1125,0.3,0.01875,0.5551339285714285,77,1.1190394042595269,3.9707212632461006,4.77285177877021,125.17461067678649,0.94296875,0.0,2.141994906173791,3.694896124580724,4.660030025821528,1.9857420126325471,8.0,1.0,0.0,0.4375,0.2,1.0,8.0,1.0,7.8125,0.0,0.0,0.0,0,0.0,0,0.0,0.0,0.0,,2738,525696,0.7199999999999999,0.0,0.0,0.0,0.0,0,1.49375,0.48125,5.9125,0.7603794642857142,0.23649553571428572,0.0375,0.01875,0.175,1.553873053206986,162.52567908870196,0.8503257911652327,partition_only,1.9707212632461006,0.007031249999999933
flocking_robust_active,11005,2.138655024921686,0.5900818695846767,0.759375,0.8871358063997535,0.5527608063997536,0.5625,0.0,0.4375,0.0625,0.3333333333333333,0.01875,0.5515625,77,0.6629309838635482,1.6575957927135385,4.427004618863963,7.611888994469752,0.97265625,0.0,1.902332216252076,3.708495840942014,4.666080792291021,1.913701306470837,8.0,1.0,0.0,0.4375,0.15714285714285714,1.0,8.0,1.0,7.86875,0.0,0.0,0.0,0,0.0,0,0.0,0.0,0.0,,2753,528576,0.7199999999999999,0.0,0.0,0.0,0.0,0,1.4875,0.48125,5.95625,0.759375,0.23984375,0.0,0.0,0.13125,1.5389386271439254,129.15338246689902,0.8746297920588404,partition_only,0.3424042072864615,0.022656250000000044
flocking_robust_active,11006,2.254894656595305,0.6728410418850432,0.7598214285714285,0.9520674264020235,0.6130049264020234,0.55625,0.0,0.44375,0.0625,0.0,0.0,0.55625,77,0.6636408935027345,1.6347476737609565,3.814748064648148,5.078385026704563,0.98671875,0.0,1.873104245568276,3.6946524107958716,4.855410724630848,1.9056403675824456,8.0,1.0,0.0,0.4375,0.17142857142857143,1.0,8.0,1.0,7.9,0.0,0.0,0.0,0,0.0,0,0.0,0.0,0.0,,2866,550272,0.7199999999999999,0.0,0.0,0.0,0.0,0,1.48125,0.48125,5.9875,0.7598214285714285,0.24017857142857144,0.0,0.0,0.1,1.532579852466609,169.34751953761742,0.907686416991055,partition_only,0.36525232623904347,0.03671875000000002
flocking_robust_active,11007,2.198982683678613,0.5953418136339649,0.75546875,0.8775931837793912,0.5385306837793913,0.55625,0.0,0.44375,0.0625,0.0,0.0,0.55625,78,0.647701311340264,1.5749883728908092,3.617345312587363,5.0911268119396516,0.977641369047619,0.0,1.8503364336195933,3.7092035337630214,4.712899694784259,2.002258855485813,8.0,1.0,0.0,0.4375,0.17142857142857143,1.0,8.0,1.0,7.88125,0.0,0.0,0.0,0,0.0,0,0.0,0.0,0.0,,2721,522432,0.7199999999999999,0.0,0.0,0.0,0.0,0,1.49375,0.4875,5.9375,0.75546875,0.24296875,0.0,0.0,0.11875,1.5501303249834941,158.925343607598,0.8674652089830488,partition_only,0.4250116271091908,0.027641369047619047
flocking_robust_active,11008,2.17988293712023,0.6357865722011738,0.7527901785714286,0.9266842079493873,0.5876217079493873,0.55625,0.0,0.44375,0.0625,0.1111111111111111,0.00625,0.5571428571428572,78,0.6737157036991176,1.703390724599431,4.081312589205517,6.42270354159068,0.971875,0.0,1.9248155069675257,3.7172584617376243,4.74295865369146,1.9436693419949287,8.0,1.0,0.0,0.4375,0.17142857142857143,1.0,8.0,1.0,7.95625,0.0,0.0,0.0,0,0.0,0,0.0,0.0,0.0,,2751,528192,0.7199999999999999,0.0,0.0,0.0,0.0,0,1.5125,0.4875,6.0,0.7551339285714286,0.24017857142857144,0.0,0.0,0.04375,1.5396554148811934,130.96314970812477,0.8752137918490916,partition_only,0.2966092754005689,0.02187500000000009
flocking_robust_active,11009,2.2943510794234983,0.6546669704938565,0.7653794642857144,0.9577196469294842,0.632094646929484,0.575,0.0,0.425,0.06875,0.3,0.01875,0.5731026785714286,76,0.9826190644833313,3.681607890744703,4.431400494556257,180.9553282294365,0.9559151785714286,0.0,1.9397069766663635,3.692523746646915,4.715637929814362,1.9829671959323634,8.0,1.0,0.0,0.4375,0.2,1.0,8.0,1.0,7.6625,0.0,0.0,0.0,0,0.0,0,0.0,0.0,0.0,,2776,532992,0.7199999999999999,0.0,0.0,0.0,0.0,0,1.48125,0.46875,5.86875,0.7716964285714285,0.22627232142857143,0.10625,0.08125,0.29375,1.5656571102864303,180.70802405679026,0.846753166988492,partition_only,1.681607890744703,0.0059151785714286476
flocking_robust_active,11010,2.2782762395544127,0.6888776326633529,0.757455357142857,0.9562754708166367,0.6125254708166368,0.55,0.0,0.45,0.0625,0.0,0.0,0.5502232142857142,78,0.6853379702273925,1.746977074865665,4.315643323715855,6.1706599921671295,0.9800223214285715,0.0,2.019813646779876,3.710048602048866,4.825932447828879,1.9316315778954383,8.0,1.0,0.0,0.4375,0.15714285714285714,1.0,8.0,1.0,7.83125,0.0,0.0,0.0,0,0.0,0,0.0,0.0,0.0,,2919,560448,0.7199999999999999,0.0,0.0,0.0,0.0,0,1.50625,0.49375,5.90625,0.757455357142857,0.24020089285714286,0.01875,0.01875,0.1625,1.5658428052787066,128.13096293605173,0.9008672500494868,partition_only,0.253022925134335,0.03002232142857153
flocking_robust_active,11011,2.0588273990967703,0.6060782841279397,0.7657366071428571,0.8837287386249519,0.5534162386249519,0.56875,0.0,0.43125,0.06875,0.0,0.0,0.5642857142857143,76,0.6611182535148439,1.6461764631988232,3.746447884670022,6.196507174037313,0.9743675595238095,0.0,1.908323928430145,3.7107174821301663,4.729637679757163,1.9172369778867,8.0,1.0,0.0,0.4375,0.2,1.0,8.0,1.0,7.8625,0.0,0.0,0.0,0,0.0,0,0.0,0.0,0.0,,2735,525120,0.7199999999999999,0.0,0.0,0.0,0.0,0,1.48125,0.46875,6.01875,0.7665178571428571,0.2319196428571429,0.0,0.0,0.1375,1.5397594398365717,123.26566890616999,0.873083584010601,partition_only,0.35382353680117684,0.024367559523809534
flocking_robust_active,11012,2.1962918764324795,0.684568658082718,0.7602678571428572,0.9452257489200642,0.6061632489200642,0.55625,0.0,0.44375,0.0625,0.125,0.00625,0.5588169642857143,77,0.7032229283270792,1.8152831254513244,5.135908061958191,8.655889662533564,0.9700892857142858,0.0,2.1593836097375623,3.6811497014242036,4.987230545011236,1.9378388161286828,8.0,1.0,0.0,0.4375,0.17142857142857143,1.0,8.0,1.0,7.8875,0.0,0.0,0.0,0,0.0,0,0.0,0.0,0.0,,3451,662592,0.7199999999999999,0.0,0.0,0.0,0.0,0,1.4875,0.48125,5.9875,0.7602678571428572,0.23895089285714288,0.01875,0.01875,0.10625,1.5650652320101577,175.20489149564625,0.9770206671673805,partition_only,0.18471687454867558,0.02008928571428581
flocking_robust_active,11013,2.171490361493402,0.625619843678341,0.7609375,0.898417886414385,0.5546678864143851,0.55,0.0,0.45,0.0625,0.0,0.0,0.55078125,76,0.6535832513767917,1.6567452915241545,4.164921509343307,9.585449754183937,0.9639508928571429,0.0,1.8677686436738206,3.6993349989837596,4.928645867259759,1.9555247333608736,8.0,1.0,0.0,0.4375,0.15714285714285714,1.0,8.0,1.0,7.93125,0.0,0.0,0.0,0,0.0,0,0.0,0.0,0.0,,2891,555072,0.7199999999999999,0.0,0.0,0.0,0.0,0,1.4875,0.475,6.0375,0.7625,0.2359375,0.0,0.0,0.06875,1.5467160861176898,152.21426325716683,0.92327587492764,partition_only,0.3432547084758455,0.013950892857142905
flocking_robust_active,11014,2.1799864228345087,0.6518081113796693,0.7580357142857143,0.9272717219854212,0.5928967219854211,0.5625,0.0,0.4375,0.0625,0.1111111111111111,0.00625,0.5677455357142858,77,0.6632001376990606,1.6351906131422678,3.2737187000040233,6.410711711656534,0.9802455357142857,0.0,2.112758492772619,3.717524013611289,4.604050070958756,1.9449708242328954,8.0,1.0,0.0,0.4375,0.17142857142857143,1.0,8.0,1.0,7.9,0.0,0.0,0.0,0,0.0,0,0.0,0.0,0.0,,2746,527232,0.7199999999999999,0.0,0.0,0.0,0.0,0,1.5,0.48125,6.0125,0.7616071428571429,0.23604910714285712,0.0,0.0,0.1,1.5406410029148603,150.55237433943384,0.8627034171950072,partition_only,0.36480938685773223,0.030245535714285787
flocking_robust_active,11015,2.1681233182087016,0.6224831803734394,0.7628348214285714,0.924617529464032,0.5808675294640319,0.55,0.0,0.45,0.0625,0.3333333333333333,0.0125,0.5561383928571428,76,0.68969260132096,1.7790924757480233,4.305963118106063,21.44476484343454,0.9660342261904763,0.0,2.004117973778545,3.709885223647587,4.7469197195753825,1.909305833629873,8.0,1.0,0.0,0.4375,0.15714285714285714,1.0,8.0,1.0,7.7875,0.0,0.0,0.0,0,0.0,0,0.0,0.0,0.0,,2893,555456,0.7199999999999999,0.0,0.0,0.0,0.0,0,1.49375,0.475,5.93125,0.7651785714285715,0.2324776785714286,0.025,0.025,0.20625,1.5354268608312664,149.2293927982047,0.871748415986076,partition_only,0.22090752425197668,0.01603422619047634
flocking_robust_active,11016,2.3093177520457298,0.6913876176685946,0.7568452380952382,1.0489308819810372,0.7295558819810373,0.5875,0.0,0.4125,0.1,0.25,0.01875,0.5645833333333334,76,1.1330988712305932,4.132488520822472,5.815781101313782,124.21542074497208,0.9317187499999999,0.0,2.095631105875625,3.721846931838313,4.661775540112093,1.9526538041087356,8.0,1.0,0.0,0.4375,0.21428571428571427,1.0,8.0,1.0,7.9,0.0,0.0,0.0,0,0.0,0,0.0,0.0,0.0,,2750,528000,0.7199999999999999,0.0,0.0,0.0,0.0,0,1.5,0.475,6.0125,0.7632068452380952,0.23288690476190474,0.0,0.0,0.1,1.5406185784963426,114.15032054349489,0.8537911670282483,partition_only,2.1324885208224718,0.018281250000000027
flocking_robust_active,11017,2.199562915066133,0.6416962878824568,0.7563244047619048,0.9108403160960836,0.5764653160960836,0.5625,0.0,0.4375,0.0625,0.0,0.0,0.5543526785714286,77,0.6941965476710449,1.7900207813112927,3.882209191255882,8.284437547800968,0.9653645833333334,0.0,1.9224727253017804,3.6859483802379254,4.8821050926372695,2.044270230755452,8.0,1.0,0.0,0.4375,0.17142857142857143,1.0,8.0,1.0,7.9375,0.0,0.0,0.0,0,0.0,0,0.0,0.0,0.0,,2905,557760,0.7199999999999999,0.0,0.0,0.0,0.0,0,1.5,0.48125,6.0375,0.7608630952380953,0.2357886904761905,0.0,0.0,0.0625,1.5673698785933763,164.09365822959663,0.9326117080636322,partition_only,0.20997921868870728,0.01536458333333346
flocking_robust_active,11018,2.114056231374777,0.7063613749899992,0.7551339285714286,0.9802282031349676,0.6411657031349678,0.55625,0.0,0.44375,0.0625,0.0,0.0,0.5589285714285714,78,0.7126328717777315,1.8713802208883272,4.5956751085899255,7.594286869685582,0.9574776785714285,0.0,2.086697290414269,3.6988151604438997,4.834102240479075,1.952928590313362,8.0,1.0,0.0,0.4375,0.17142857142857143,1.0,8.0,1.0,7.80625,0.0,0.0,0.0,0,0.0,0,0.0,0.0,0.0,,2875,552000,0.7199999999999999,0.0,0.0,0.0,0.0,0,1.5,0.4875,5.875,0.7568080357142857,0.2408482142857143,0.03125,0.03125,0.18125,1.5638695170636372,158.90710112221302,0.8650569170713425,partition_only,0.12861977911167277,0.007477678571428559
flocking_robust_active,11019,2.305982422050108,0.6795706310820827,0.7660714285714285,0.9918476101521513,0.6574726101521513,0.5625,0.0,0.4375,0.0625,0.2857142857142857,0.0125,0.5633928571428571,75,0.9889041930649297,3.6400336377775426,3.9818049291965396,216.0006336316434,0.9620907738095237,0.0,1.9882845981625068,3.691788412007284,4.689599198977776,1.9555079164742266,8.0,1.0,0.0,0.4375,0.17142857142857143,1.0,8.0,1.0,7.86875,0.0,0.0,0.0,0,0.0,0,0.0,0.0,0.0,,2726,523392,0.7199999999999999,0.0,0.0,0.0,0.0,0,1.475,0.46875,6.0,0.7660714285714285,0.23314732142857145,0.0375,0.0375,0.11875,1.5360643473362288,188.01128689352717,0.8506010000128299,partition_only,1.6400336377775426,0.012090773809523725
flocking_robust_active,11020,2.2904276007462183,0.6714398932090193,0.7588541666666666,1.0457202902766825,0.7113452902766826,0.5625,0.0,0.4375,0.0625,0.5555555555555556,0.03125,0.5545386904761905,77,0.9904658372072028,3.645714734598968,5.524879823084625,165.16030063915832,0.9437872023809524,0.0,2.039988182559287,3.692219048834385,4.827159988071186,1.949889463533448,8.0,1.0,0.0,0.4375,0.15714285714285714,1.0,8.0,1.0,7.86875,0.0,0.0,0.0,0,0.0,0,0.0,0.0,0.0,,2900,556800,0.7199999999999999,0.0,0.0,0.0,0.0,0,1.5,0.48125,5.96875,0.7605282738095238,0.23712797619047618,0.00625,0.00625,0.13125,1.5619501816902042,168.07626975237665,0.9016277079936117,partition_only,1.6457147345989682,0.006212797619047583
flocking_robust_active,11021,2.1609286462142427,0.6487453057585767,0.7543526785714285,0.9249051101764371,0.5905301101764372,0.5625,0.0,0.4375,0.0625,0.0,0.0,0.5515625,78,0.6730216356359744,1.63698893469977,3.637387058837243,6.191312821435959,0.9703497023809524,0.0,1.972016890879459,3.688344133415221,4.801041704489412,2.0180751218916555,8.0,1.0,0.0,0.4375,0.15714285714285714,1.0,8.0,1.0,7.89375,0.0,0.0,0.0,0,0.0,0,0.0,0.0,0.0,,2731,524352,0.7199999999999999,0.0,0.0,0.0,0.0,0,1.5,0.4875,5.9625,0.7566964285714286,0.24095982142857145,0.0,0.0,0.10625,1.5876695156506042,164.6371929003944,0.8770831250585616,partition_only,0.3630110653002301,0.02034970238095246
flocking_robust_active,11022,2.2781713293180674,0.6824675082642611,0.7629464285714286,0.9875089525367098,0.6531339525367099,0.5625,0.0,0.4375,0.0625,0.2857142857142857,0.0125,0.5633928571428571,75,0.9840500166359697,3.651248368599377,5.155889227554673,203.36969320992628,0.957686011904762,0.0,1.9867885265871308,3.6839380814413203,4.70689018201949,2.0013210165306967,8.0,1.0,0.0,0.4375,0.17142857142857143,1.0,8.0,1.0,7.7625,0.0,0.0,0.0,0,0.0,0,0.0,0.0,0.0,,2730,524160,0.7199999999999999,0.0,0.0,0.0,0.0,0,1.49375,0.46875,5.8875,0.7652901785714286,0.23158482142857145,0.00625,0.00625,0.2375,1.5598472390872251,201.06047279213087,0.8942346659023315,partition_only,1.651248368599377,0.007686011904762036
flocking_robust_active,11023,2.1876182545933025,0.5600891082273821,0.7589285714285714,0.839344383187209,0.5002818831872089,0.55625,0.0,0.44375,0.0625,0.0,0.0,0.5571428571428572,77,0.6223669947890064,1.4446895908166553,3.7636469651124136,4.817171630010236,0.984375,0.0,1.9269445286373696,3.7113408018319007,4.648905227894575,1.9347182035184491,8.0,1.0,0.0,0.4375,0.17142857142857143,1.0,8.0,1.0,7.9125,0.0,0.0,0.0,0,0.0,0,0.0,0.0,0.0,,2743,526656,0.7199999999999999,0.0,0.0,0.0,0.0,0,1.49375,0.48125,5.99375,0.7589285714285714,0.23939732142857145,0.0,0.0,0.0875,1.5323243652311316,166.45884306207174,0.9203553339466453,partition_only,0.5553104091833447,0.034375000000000044
flocking_robust_active,11024,2.223677560488606,0.7677660650637789,0.7621651785714285,0.993879695533567,0.668567195533567,0.58125,0.0,0.41875,0.1125,0.18181818181818182,0.0125,0.5649553571428572,76,0.9884349246603541,3.699635859828951,4.010599609182243,165.25197790177765,0.9492708333333333,0.0,2.0702378709754448,3.6983182407857016,4.752870181197056,1.8998399921854112,8.0,1.0,0.0,0.4375,0.21428571428571427,1.0,8.0,1.0,7.90625,0.0,0.0,0.0,0,0.0,0,0.0,0.0,0.0,,2744,526848,0.7199999999999999,0.0,0.0,0.0,0.0,0,1.49375,0.475,6.01875,0.7629464285714286,0.23392857142857143,0.0,0.0,0.09375,1.5345445127797248,161.4061864773074,0.8681909579318017,partition_only,1.699635859828951,0.0007291666666666696
flocking_robust_active,11025,2.2840394235498036,0.619181111314613,0.762016369047619,0.9733399961035568,0.6389649961035568,0.5625,0.0,0.4375,0.0625,0.5,0.025,0.5547619047619048,76,0.9650765376706097,3.359281074653959,3.9217826548610812,158.66071748991772,0.9525446428571428,0.0,1.977455406672176,3.6957960061125625,4.83674017396729,1.9285428578784167,8.0,1.0,0.0,0.4375,0.17142857142857143,1.0,8.0,1.0,7.8625,0.0,0.0,0.0,0,0.0,0,0.0,0.0,0.0,,2928,562176,0.7199999999999999,0.0,0.0,0.0,0.0,0,1.4875,0.475,5.9875,0.7638392857142857,0.23433779761904763,0.0,0.0,0.1375,1.5322055739379152,168.79047831912908,0.9460085830651224,partition_only,1.3592810746539592,0.0025446428571428426
flocking_robust_active,11026,2.337901293529111,0.7350189229112649,0.7579687500000001,1.0747009179085985,0.7403259179085985,0.5625,0.0,0.4375,0.0625,0.3333333333333333,0.01875,0.5600669642857142,77,1.0493553761561465,4.114090070132461,5.311690285340168,179.36116143762945,0.9279017857142857,0.0,1.9837795733511931,3.689578388638614,4.829827263261391,2.0173314959914137,8.0,1.0,0.0,0.4375,0.17142857142857143,1.0,8.0,1.0,7.8875,0.0,0.0,0.0,0,0.0,0,0.0,0.0,0.0,,2910,558720,0.7199999999999999,0.0,0.0,0.0,0.0,0,1.4875,0.48125,5.99375,0.760892857142857,0.23832589285714287,0.00625,0.00625,0.1125,1.56485140200471,166.71219362965348,0.9325054169166833,partition_only,2.1140900701324608,0.022098214285714235
flocking_robust_active,11027,2.2639125907897,0.932660237711297,0.7579241071428571,0.9497800486517921,0.6188425486517921,0.56875,0.0,0.43125,0.075,0.0,0.0,0.5660714285714286,79,0.9417967219460531,2.9656208502978685,3.6146619115693874,120.12141381178563,0.9639508928571429,0.0,1.9731592708370354,3.6873717110838014,4.780110583040516,1.969308049346519,8.0,1.0,0.0,0.4375,0.2,1.0,8.0,1.0,7.7875,0.0,0.0,0.0,0,0.0,0,0.0,0.0,0.0,,2892,555264,0.7199999999999999,0.0,0.0,0.0,0.0,0,1.49375,0.48125,5.89375,0.7603794642857142,0.23727678571428573,0.00625,0.00625,0.2125,1.5584783554760313,197.08444005837373,0.8829582079779357,partition_only,0.9656208502978685,0.013950892857142905
flocking_robust_active,11028,2.218344131024275,0.6607101720887818,0.759375,0.9153176303934831,0.5809426303934832,0.5625,0.0,0.4375,0.0625,0.0,0.0,0.56328125,77,0.6633862746720214,1.5998730732935171,4.5374381958169705,6.059494356578007,0.9625,0.0,1.9098506261908574,3.7030345580818675,4.7110369642908605,1.9389582051631442,8.0,1.0,0.0,0.4375,0.17142857142857143,1.0,8.0,1.0,7.90625,0.0,0.0,0.0,0,0.0,0,0.0,0.0,0.0,,2765,530880,0.7199999999999999,0.0,0.0,0.0,0.0,0,1.5,0.48125,5.9875,0.759375,0.23828125,0.00625,0.00625,0.09375,1.5328052185649592,151.229468008468,0.8674004578497261,partition_only,0.40012692670648287,0.012500000000000067
flocking_robust_active,11029,2.214598939361693,0.6508491117409368,0.7583705357142857,0.937514094809148,0.598451594809148,0.55625,0.0,0.44375,0.0625,0.0,0.0,0.5589285714285714,76,0.6641904067432676,1.6846244441821956,3.594264678494165,6.155036586555434,0.99296875,0.0,1.9823701362039636,3.6971440327996374,4.882015653141683,1.9088235815336319,8.0,1.0,0.0,0.4375,0.17142857142857143,1.0,8.0,1.0,7.90625,0.0,0.0,0.0,0,0.0,0,0.0,0.0,0.0,,2888,554496,0.7199999999999999,0.0,0.0,0.0,0.0,0,1.49375,0.475,6.01875,0.7630580357142857,0.23381696428571427,0.0,0.0,0.09375,1.5348899770533624,153.9419105390172,0.9494942498859018,partition_only,0.3153755558178044,0.04296875
flocking_topology_support,11000,2.149701438804708,0.6429643937395699,0.746875,0.9615918730710702,0.6125293730710701,0.54375,0.0,0.45625,0.06875,0.42857142857142855,0.01875,0.528125,77,0.7025809308511328,1.8859452905468104,4.497863480097773,21.717784327626063,0.9708705357142857,0.0,2.130294925133758,3.712747552112668,4.760648949594996,1.957886738696886,8.0,1.0,0.0,0.4375,0.15714285714285714,2.08125,8.0,1.0,7.8625,0.0,0.0171875,0.0,0,0.0,26,50.63125,0.0,0.125,,2743,526656,0.7199999999999999,0.0,0.0,0.0,0.0,0,1.5,0.48125,5.975,0.746875,0.23359375,0.0,0.0,0.1375,1.5479421159514544,167.0330181267113,0.9272358331363648,partition_only,0.11405470945318963,0.020870535714285765
flocking_topology_support,11001,2.19182535812589,0.6948560974441625,0.74140625,0.9695052490792524,0.6204427490792523,0.54375,0.0,0.45625,0.06875,0.0,0.0,0.51640625,76,0.6962139243448435,1.835918817333431,4.438416321457352,6.385117094093243,0.9848883928571428,0.0,1.9462980041582174,3.704506137003329,4.886734516363143,1.9209719928927442,8.0,1.0,0.0,0.4375,0.15714285714285714,2.23125,8.0,1.0,7.825,0.0,0.021875,0.0,0,0.0,21,50.4875,0.0,0.125,,2917,560064,0.7199999999999999,0.0,0.0,0.0,0.0,0,1.48125,0.475,5.9625,0.7453125,0.23203125,0.03125,0.03125,0.16875,1.532526794578082,126.33658209319431,0.9180888331029564,partition_only,0.1640811826665689,0.03488839285714285
flocking_topology_support,11002,2.2347001906435118,0.6171568544002584,0.75859375,0.9022090086106385,0.5584590086106386,0.55,0.0,0.45,0.0625,0.0,0.0,0.5453125,76,0.6237548775247586,1.4460436238444274,3.4742228318272645,5.069685779635914,0.984375,0.0,1.9737706378208848,3.69369299059953,4.815701347513915,1.945452593126569,8.0,1.0,0.0,0.4375,0.17142857142857143,2.0375,8.0,1.0,7.9375,0.0,0.0078125,0.0,0,0.0,26,51.43125,0.0,0.0,,2750,528000,0.7199999999999999,0.0,0.0,0.0,0.0,0,1.475,0.475,6.06875,0.75859375,0.23359375,0.0,0.0,0.0625,1.5295689647857476,175.53706060425716,0.9310509169008583,partition_only,0.5539563761555726,0.034375000000000044
flocking_topology_support,11003,2.1801210761196606,0.6820423795832187,0.73984375,0.9569641088737999,0.6119641088737998,0.55,0.0,0.45,0.075,0.0,0.0,0.534375,80,0.6867879514207814,1.8023744348639048,4.699693346268465,7.753276392998885,0.9771354166666665,0.0,2.105958009646105,3.7093677383229933,4.982367176012573,1.9308693923936118,8.0,1.0,0.0,0.4375,0.14285714285714285,2.16875,8.0,1.0,7.875,0.0,0.015625,0.0,0,0.0,15,50.53125,0.0,0.25,,2897,556224,0.7199999999999999,0.0,0.0,0.0,0.0,0,1.525,0.4875,5.9375,0.7421875,0.2375,0.0,0.0,0.125,1.5815913282899248,123.19939573051961,0.9599101659841835,partition_only,0.1976255651360952,0.027135416666666523
flocking_topology_support,11004,2.30193619376364,0.6807721865996059,0.73828125,1.0461290416224318,0.7067540416224316,0.5625,0.0,0.4375,0.1125,0.3,0.01875,0.51875,78,1.1330384912672853,4.139137874033769,4.77285177877021,127.82204876370636,0.9518229166666666,0.0,2.0746531204758454,3.6938291112926622,4.7424108077724565,1.9786136640189027,8.0,1.0,0.0,0.4375,0.2,2.00625,8.0,1.0,7.85625,0.0,0.01796875,0.0,0,0.0,29,50.5875,0.0,0.125,,2777,533184,0.7199999999999999,0.0,0.0,0.0,0.0,0,1.5,0.4875,5.91875,0.73984375,0.2390625,0.025,0.01875,0.1375,1.55217829869199,156.57189197250463,0.8883408328983933,partition_only,2.1391378740337688,0.001822916666666674
flocking_topology_support,11005,2.14766655540043,0.6494840204546857,0.7453125,0.9374776420411918,0.5924776420411917,0.55,0.0,0.45,0.075,0.25,0.0125,0.521875,77,0.6820401912204932,1.8211707210595065,4.696343545276944,9.925530780450181,0.9564732142857142,0.0,2.0331326650628236,3.710085537704977,4.8086619432473805,1.9563003451686458,8.0,1.0,0.0,0.4375,0.14285714285714285,2.08125,8.0,1.0,7.875,0.0,0.015625,0.0,0,0.0,20,50.83125,0.0,0.25,,2747,527424,0.7199999999999999,0.0,0.0,0.0,0.0,0,1.4875,0.48125,5.9625,0.7453125,0.23828125,0.0,0.0,0.125,1.5368658966303441,125.52369782660053,0.9034229998942465,partition_only,0.1788292789404935,0.006473214285714235
flocking_topology_support,11006,2.2283954944798694,0.6397203786481328,0.74921875,0.9342138720038615,0.5904638720038616,0.55,0.0,0.45,0.0625,0.0,0.0,0.534375,77,0.6670733161496366,1.6970736667331685,3.8358837897279727,5.055933586201477,0.9859375,0.0,1.868188433020331,3.6921393136793648,4.924092062611864,1.9174498421291268,8.0,1.0,0.0,0.4375,0.17142857142857143,2.2,8.0,1.0,7.9,0.0,0.0125,0.0,0,0.0,11,51.0875,0.0,0.0,,2882,553344,0.7199999999999999,0.0,0.0,0.0,0.0,0,1.48125,0.48125,5.99375,0.74921875,0.23828125,0.0,0.0,0.1,1.532618449485677,167.27270365822895,0.961966292001307,partition_only,0.3029263332668315,0.03593750000000007
flocking_topology_support,11007,2.191627000198396,0.5806332566000417,0.74453125,0.8582943453894437,0.5145443453894437,0.55,0.0,0.45,0.0625,0.0,0.0,0.534375,78,0.6346340637276475,1.5229952365677442,3.938668233589284,5.556685507465253,0.9684895833333333,0.0,1.8532359061061452,3.6976407546161356,4.811325878787693,1.9994528063663117,8.0,1.0,0.0,0.4375,0.17142857142857143,2.1875,8.0,1.0,7.9,0.0,0.0125,0.0,0,0.0,14,50.9875,0.0,0.125,,2730,524160,0.7199999999999999,0.0,0.0,0.0,0.0,0,1.49375,0.4875,5.95625,0.74453125,0.24140625,0.0,0.0,0.1,1.550765643403548,157.10833332243374,0.9343352499417961,partition_only,0.47700476343225584,0.018489583333333393
flocking_topology_support,11008,2.2602460447529196,0.5913647477961416,0.74453125,0.9647032636228812,0.6347032636228811,0.575,0.0,0.425,0.1125,0.4166666666666667,0.03125,0.5484375,78,1.0341234800336847,3.2967506712947254,3.6353571754531915,102.09896194504259,0.96484375,0.0,1.8922792098582817,3.7142502047505275,4.821911163532445,1.9365880490497531,8.0,1.0,0.0,0.4375,0.21428571428571427,2.11875,8.0,1.0,7.9375,0.0,0.0078125,0.0,0,0.0,17,51.13125,0.0,0.125,,2745,527040,0.7199999999999999,0.0,0.0,0.0,0.0,0,1.5125,0.48125,6.0,0.75,0.2359375,0.0,0.0,0.0625,1.5417377098674085,131.48660665297106,0.9090029578655958,partition_only,1.2967506712947254,0.014843750000000044
flocking_topology_support,11009,2.118858252137935,0.6663724545340836,0.72890625,0.9304830489702134,0.5654830489702134,0.525,0.0,0.475,0.0875,0.0,0.0,0.49140625,76,0.6883868549973601,1.7587023169405653,3.462509113941085,42.188297647003424,0.9755133928571429,0.0,1.9627822907258827,3.6845445213319037,4.7663211583606415,1.9764099187950677,8.0,1.0,0.0,0.4375,0.11428571428571428,2.04375,8.0,1.0,7.6625,0.0,0.0421875,0.0,0,0.0,29,49.21875,0.0,0.125,,2761,530112,0.7199999999999999,0.0,0.0,0.0,0.0,0,1.475,0.46875,5.86875,0.73359375,0.2234375,0.10625,0.08125,0.29375,1.5640575309319884,174.77551255249605,0.8762602501083165,partition_only,0.24129768305943466,0.025513392857142936
flocking_topology_support,11010,2.272391841830375,0.6842511094379835,0.73984375,0.9495304103084932,0.605780410308493,0.55,0.0,0.45,0.0625,0.0,0.0,0.51875,78,0.6813110669798529,1.7473925264424088,4.779067003804373,6.818669248021639,0.9675223214285715,0.0,1.9552167572493357,3.705615900648356,4.908819612988782,1.929594008542055,8.0,1.0,0.0,0.4375,0.17142857142857143,2.20625,8.0,1.0,7.8375,0.0,0.0203125,0.0,0,0.0,13,50.4375,0.0,0.125,,2923,561216,0.7199999999999999,0.0,0.0,0.0,0.0,0,1.5,0.4875,5.91875,0.73984375,0.2375,0.01875,0.01875,0.15625,1.5666860681367356,125.74118011894551,0.9582425418775529,partition_only,0.25260747355759117,0.017522321428571574
flocking_topology_support,11011,2.1583719354532076,0.6180142714357832,0.75078125,0.8955301727095574,0.5517801727095574,0.55,0.0,0.45,0.0625,0.0,0.0,0.5328125,76,0.6160092226427358,1.4329940497151714,3.2861768587021216,4.213161551849971,0.98984375,0.0,1.9056271446255828,3.7062983173213375,4.786033770520253,1.9171293978776476,8.0,1.0,0.0,0.4375,0.17142857142857143,2.01875,8.0,1.0,7.8625,0.0,0.0171875,0.0,0,0.0,24,50.7875,0.0,0.25,,2785,534720,0.7199999999999999,0.0,0.0,0.0,0.0,0,1.48125,0.46875,6.0125,0.7515625,0.2296875,0.0,0.0,0.1375,1.540156523096204,121.39907769630989,0.939845458837226,partition_only,0.5670059502848286,0.03984375000000007
flocking_topology_support,11012,2.155238898272767,0.6570908167448839,0.7484375,0.9149225505582985,0.5711725505582985,0.55,0.0,0.45,0.0625,0.0,0.0,0.53515625,77,0.6725352681174437,1.662483886034407,4.605471418467511,8.540015932481525,0.9678571428571429,0.0,2.097115568556735,3.682675088415587,5.098668867143289,1.9181468531189618,8.0,1.0,0.0,0.4375,0.17142857142857143,1.4625,8.0,1.0,7.89375,0.0,0.01328125,0.0,0,0.0,7,50.9,0.0,0.125,,3434,659328,0.7199999999999999,0.0,0.0,0.0,0.0,0,1.49375,0.48125,5.99375,0.74921875,0.2359375,0.01875,0.01875,0.1,1.5649554746002137,173.0410978378601,1.0103827500715852,partition_only,0.3375161139655929,0.017857142857142905
flocking_topology_support,11013,2.169583465133753,0.6366550370829352,0.75234375,0.9170303932146006,0.5679678932146006,0.54375,0.0,0.45625,0.06875,0.0,0.0,0.5375,76,0.6497024395030515,1.6012341369552296,3.9283308486356776,5.896527609890427,0.9755580357142858,0.0,1.822467169360726,3.7008044683049106,4.960821956530408,1.9611895065216252,8.0,1.0,0.0,0.4375,0.15714285714285714,2.1625,8.0,1.0,7.91875,0.0,0.01015625,0.0,0,0.0,15,51.24375,0.0,0.0,,2914,559488,0.7199999999999999,0.0,0.0,0.0,0.0,0,1.48125,0.475,6.025,0.753125,0.2359375,0.0,0.0,0.08125,1.5477428893216687,152.60779612814275,0.9287637500092387,partition_only,0.39876586304477035,0.02555803571428583
flocking_topology_support,11014,2.183029674051129,0.6303660129410423,0.746875,0.9165852911955099,0.5822102911955099,0.5625,0.0,0.4375,0.0625,0.2222222222222222,0.0125,0.54296875,77,0.681941700093415,1.7550138341061026,4.277538125326761,6.424789179295793,0.9660714285714285,0.0,2.0956182170839837,3.7152506791372515,4.727447915614569,1.9290550691497295,8.0,1.0,0.0,0.4375,0.17142857142857143,2.03125,8.0,1.0,7.8875,0.0,0.0140625,0.0,0,0.0,28,50.8375,0.0,0.125,,2746,527232,0.7199999999999999,0.0,0.0,0.0,0.0,0,1.5,0.48125,6.0,0.75,0.23359375,0.0,0.0,0.1125,1.5409507678790038,150.01171414424311,0.9214088749140501,partition_only,0.24498616589389743,0.016071428571428514
flocking_topology_support,11015,2.212008860518415,0.6427991722655202,0.74140625,0.9495046952283405,0.6010671952283404,0.54375,0.0,0.45625,0.0625,0.2857142857142857,0.0125,0.52109375,78,0.7221900693635855,1.9278922250503019,4.941316060100373,20.324764008038994,0.9623883928571428,0.0,1.9740432778778587,3.7025539469423863,4.876759653039395,1.9012563057816965,8.0,1.0,0.0,0.4375,0.15714285714285714,2.1125,8.0,1.0,7.8375,0.0,0.0203125,0.0,0,0.0,15,50.38125,0.0,0.25,,2889,554688,0.7199999999999999,0.0,0.0,0.0,0.0,0,1.50625,0.4875,5.95625,0.74453125,0.2328125,0.00625,0.00625,0.1625,1.5346996865692752,144.868955103114,0.9401816250756383,partition_only,0.07210777494969811,0.012388392857142883
flocking_topology_support,11016,2.326733003975912,0.6834087577849036,0.746875,1.0520313449361907,0.7232813449361905,0.575,0.0,0.425,0.1,0.3,0.01875,0.5421875,76,1.136846537556594,4.17952586868903,6.168025956444201,121.81101948037474,0.9271874999999999,0.0,2.09603023467037,3.7177840289834294,4.805372504113589,1.9461066149629587,8.0,1.0,0.0,0.4375,0.21428571428571427,1.93125,8.0,1.0,7.9,0.0,0.0125,0.0,0,0.0,32,50.9375,0.0,0.125,,2792,536064,0.7199999999999999,0.0,0.0,0.0,0.0,0,1.5,0.475,6.01875,0.75234375,0.23125,0.0,0.0,0.1,1.5435294841259706,111.10866166202185,0.8942210420500487,partition_only,2.17952586868903,0.022812500000000013
flocking_topology_support,11017,2.1858954457070796,0.6024721988657672,0.75078125,0.8709962180966565,0.5366212180966565,0.5625,0.0,0.4375,0.0625,0.0,0.0,0.54375,77,0.6598073023251408,1.5926685215747214,3.7148993503534333,5.85952113765426,0.97890625,0.0,1.794211390024632,3.6812021482080226,5.019943912227931,1.9758549066028734,8.0,1.0,0.0,0.4375,0.17142857142857143,2.125,8.0,1.0,7.9375,0.0,0.0078125,0.0,0,0.0,10,51.2375,0.0,0.0,,2904,557568,0.7199999999999999,0.0,0.0,0.0,0.0,0,1.5,0.48125,6.03125,0.75390625,0.23515625,0.0,0.0,0.0625,1.5675377718811767,160.3530572284629,0.9387012501247227,partition_only,0.4073314784252786,0.028906250000000022
flocking_topology_support,11018,2.1463296212944156,0.6910989177730164,0.73203125,0.9743802675321002,0.6306302675321,0.55,0.0,0.45,0.0625,0.0,0.0,0.5109375,78,0.7143938142362953,1.908938456298745,4.552051833208329,7.5281676359135465,0.9582589285714285,0.0,2.082585579306971,3.6999462070054863,4.799952268098437,1.9258870032207003,8.0,1.0,0.0,0.4375,0.17142857142857143,2.1375,8.0,1.0,7.8,0.0,0.025,0.0,0,0.0,14,50.13125,0.0,0.0,,2895,555840,0.7199999999999999,0.0,0.0,0.0,0.0,0,1.5,0.4875,5.86875,0.73359375,0.2390625,0.04375,0.04375,0.18125,1.564590918107807,157.7025132839653,0.93761504185386,partition_only,0.09106154370125497,0.008258928571428514
flocking_topology_support,11019,2.2994474802524723,0.6705626950386572,0.74765625,0.9858457878816764,0.6605332878816764,0.58125,0.0,0.41875,0.1125,0.3,0.01875,0.528125,75,0.9925367429951636,3.7044489786636694,4.193173197175303,216.0006336316434,0.9575520833333334,0.0,1.9388487626390947,3.688604750549312,4.722719171471541,1.9248597244113483,8.0,1.0,0.0,0.4375,0.21428571428571427,2.08125,8.0,1.0,7.85625,0.0,0.01796875,0.0,0,0.0,22,50.73125,0.0,0.125,,2754,528768,0.7199999999999999,0.0,0.0,0.0,0.0,0,1.48125,0.46875,5.98125,0.74765625,0.23203125,0.0375,0.0375,0.13125,1.5386747053613798,185.30983749782462,0.9067527079023421,partition_only,1.7044489786636694,0.007552083333333459
flocking_topology_support,11020,2.3805898591627797,0.6087201084431365,0.74296875,0.9631576119097922,0.6234701119097921,0.55625,0.0,0.44375,0.06875,0.375,0.01875,0.515625,77,0.9669000752848023,3.474158735671768,4.249570299735293,165.16030063915832,0.9616071428571429,0.0,2.0284519996750427,3.686246804362034,4.969496246998368,1.9862540541546068,8.0,1.0,0.0,0.4375,0.15714285714285714,2.1625,8.0,1.0,7.84375,0.0,0.01953125,0.0,0,0.0,14,50.48125,0.0,0.125,,2891,555072,0.7199999999999999,0.0,0.0,0.0,0.0,0,1.5,0.48125,5.94375,0.74296875,0.23515625,0.025,0.025,0.15,1.5626017026514407,166.99759253950268,0.9068344999104738,partition_only,1.474158735671768,0.011607142857142927
flocking_topology_support,11021,2.2087340972934104,0.6942572500192851,0.74453125,0.9542223909617569,0.6139098909617567,0.55625,0.0,0.44375,0.075,0.0,0.0,0.5390625,78,0.6878056191195443,1.7748685955520345,4.147588612617,7.568379325487353,0.9527901785714284,0.0,2.0204151414502802,3.694539682717644,4.816435527322478,2.033444133424,8.0,1.0,0.0,0.4375,0.15714285714285714,2.16875,8.0,1.0,7.89375,0.0,0.01328125,0.0,0,0.0,16,50.8875,0.0,0.125,,2736,525312,0.7199999999999999,0.0,0.0,0.0,0.0,0,1.5,0.4875,5.98125,0.74765625,0.23671875,0.0,0.0,0.10625,1.5877289956073664,161.23396064083022,0.895866374950856,partition_only,0.22513140444796553,0.002790178571428492
flocking_topology_support,11022,2.2064012921536094,0.6976931701358028,0.734375,0.9945562590422623,0.6501812590422624,0.55,0.0,0.45,0.06875,0.5,0.01875,0.50625,75,0.8108313209152377,2.465172534225199,4.789502584312478,86.96191505367122,0.96609375,0.0,1.9701002926202071,3.671417908338234,4.771535196149914,2.0393284688761435,8.0,1.0,0.0,0.4375,0.15714285714285714,1.99375,8.0,1.0,7.76875,0.0,0.02890625,0.0,0,0.0,32,49.9375,0.0,0.25,,2761,530112,0.7199999999999999,0.0,0.0,0.0,0.0,0,1.49375,0.46875,5.89375,0.73671875,0.23125,0.0,0.0,0.23125,1.5584583739766866,200.47412309305116,0.8824445421341807,partition_only,0.4651725342251991,0.016093750000000018
flocking_topology_support,11023,2.3636301927442993,0.6681085352064422,0.7484375,1.0294286003905877,0.6900536003905877,0.5625,0.0,0.4375,0.1125,0.3333333333333333,0.01875,0.5328125,77,1.1115319911594428,4.103234525512976,4.824117095712692,132.94317097280558,0.94765625,0.0,2.0146909499812056,3.7087363679999803,4.749154399609168,1.954871300747896,8.0,1.0,0.0,0.4375,0.2,2.00625,8.0,1.0,7.91875,0.0,0.01015625,0.0,0,0.0,19,51.08125,0.0,0.25,,2754,528768,0.7199999999999999,0.0,0.0,0.0,0.0,0,1.5,0.48125,6.0,0.75,0.23671875,0.0,0.0,0.08125,1.533414032369929,159.7433426404962,0.9129774579778314,partition_only,2.103234525512976,0.002343749999999978
flocking_topology_support,11024,2.24474183061475,0.7699665100862912,0.75234375,1.0234304497254214,0.6981179497254215,0.58125,0.0,0.41875,0.1125,0.18181818181818182,0.0125,0.54375,76,1.011088970170343,3.855325701653366,4.1993026200323715,165.25197790177765,0.9313541666666666,0.0,2.0858270268095227,3.6945249859169826,4.763607911607842,1.9398506383915375,8.0,1.0,0.0,0.4375,0.21428571428571427,1.93125,8.0,1.0,7.90625,0.0,0.01171875,0.0,0,0.0,25,51.04375,0.0,0.25,,2774,532608,0.7199999999999999,0.0,0.0,0.0,0.0,0,1.49375,0.475,6.025,0.753125,0.23203125,0.0,0.0,0.09375,1.5340884963290145,159.59897675768693,0.9048282918520272,partition_only,1.8553257016533662,0.01864583333333336
flocking_topology_support,11025,2.2215412618309958,0.6264549524457822,0.7453125,0.923458751231992,0.5590837512319918,0.525,0.0,0.475,0.08125,0.2,0.00625,0.5203125,76,0.6570861383723022,1.6185173331327856,3.8568176365288327,12.89049818105682,0.9760416666666666,0.0,1.959354517552017,3.6931792016965455,4.906193990015107,1.9272825940910292,8.0,1.0,0.0,0.4375,0.11428571428571428,2.16875,8.0,1.0,7.86875,0.0,0.01640625,0.0,0,0.0,11,50.7875,0.0,0.25,,2937,563904,0.7199999999999999,0.0,0.0,0.0,0.0,0,1.4875,0.475,5.975,0.746875,0.23515625,0.0,0.0,0.13125,1.5334405942249314,165.49679436381632,0.9441589578054845,partition_only,0.38148266686721444,0.02604166666666663
flocking_topology_support,11026,2.1435726186273767,0.6828018712996572,0.74921875,0.9468141852498256,0.6030641852498257,0.55,0.0,0.45,0.0625,0.0,0.0,0.5390625,77,0.6721471398199557,1.6527458879546117,3.984845769789689,7.451001537936361,0.9803571428571429,0.0,1.911770411626044,3.6836075831693345,4.958638004850476,1.9901247116379621,8.0,1.0,0.0,0.4375,0.17142857142857143,2.19375,8.0,1.0,7.90625,0.0,0.01171875,0.0,0,0.0,15,51.1375,0.0,0.125,,2888,554496,0.7199999999999999,0.0,0.0,0.0,0.0,0,1.48125,0.48125,6.01875,0.75234375,0.2359375,0.0,0.0,0.09375,1.5620820723497206,164.63602058894563,0.9257757919840515,partition_only,0.34725411204538825,0.03035714285714297
flocking_topology_support,11027,2.2947664780516432,0.9731776786731876,0.7375,1.0482935659501638,0.6945435659501641,0.5375,0.0,0.4625,0.06875,0.0,0.0,0.5203125,79,0.9700656558631452,3.167333854929865,4.520348100599025,116.09075731931298,0.9541666666666666,0.0,2.06505235167515,3.6862618841865333,4.857480866230434,1.977953186137153,8.0,1.0,0.0,0.4375,0.14285714285714285,2.23125,8.0,1.0,7.8,0.0,0.025,0.0,0,0.0,9,50.1875,0.0,0.25,,2913,559296,0.7199999999999999,0.0,0.0,0.0,0.0,0,1.49375,0.48125,5.9125,0.7390625,0.234375,0.0,0.0,0.2,1.5570292355388087,193.04914954298675,0.9145005410537124,partition_only,1.1673338549298649,0.004166666666666652
flocking_topology_support,11028,2.202405490724305,0.5811171936775991,0.75078125,0.854151437391871,0.514463937391871,0.55625,0.0,0.44375,0.06875,0.0,0.0,0.53984375,76,0.6263763791513544,1.4407101287830593,3.556918339968464,5.745196440733823,0.9707217261904763,0.0,1.8770899091641848,3.705129632221022,4.732945243398137,1.9423005604650314,8.0,1.0,0.0,0.4375,0.15714285714285714,1.90625,8.0,1.0,7.90625,0.0,0.01171875,0.0,0,0.0,28,51.03125,0.0,0.0,,2789,535488,0.7199999999999999,0.0,0.0,0.0,0.0,0,1.49375,0.475,6.00625,0.75078125,0.23515625,0.01875,0.01875,0.0875,1.5326733733604196,148.61785729459842,0.894076791824773,partition_only,0.5592898712169407,0.020721726190476297
flocking_topology_support,11029,2.2211512975056302,0.6145554074376137,0.74765625,0.8899470225290447,0.5455720225290447,0.55,0.0,0.45,0.06875,0.0,0.0,0.5375,76,0.654384025207797,1.6208641034628315,3.424818059149796,6.081872597779455,0.9861979166666666,0.0,1.975381899247568,3.699773841909464,4.888948186260235,1.8965796249801485,8.0,1.0,0.0,0.4375,0.15714285714285714,2.1625,8.0,1.0,7.90625,0.0,0.01171875,0.0,0,0.0,11,51.0375,0.0,0.125,,2879,552768,0.7199999999999999,0.0,0.0,0.0,0.0,0,1.49375,0.475,6.01875,0.75234375,0.2328125,0.0,0.0,0.09375,1.5354595608409929,152.29682565097073,0.9377554999664426,partition_only,0.3791358965371685,0.03619791666666661
flocking_topology_rejoin,11000,2.149701438804708,0.6429643937395699,0.746875,0.9615918730710702,0.6125293730710701,0.54375,0.0,0.45625,0.06875,0.42857142857142855,0.01875,0.528125,77,0.7025809308511328,1.8859452905468104,4.497863480097773,21.717784327626063,0.9708705357142857,0.0,2.130294925133758,3.712747552112668,4.760648949594996,1.957886738696886,8.0,1.0,0.0,0.4375,0.15714285714285714,2.08125,8.0,1.0,7.8625,0.0,0.0171875,0.0,0,0.0,26,50.63125,0.0,0.125,,2743,526656,0.7199999999999999,0.0,0.0,0.0,0.0,0,1.5,0.48125,5.975,0.746875,0.23359375,0.0,0.0,0.1375,1.5479421159514544,167.0330181267113,0.8994395420886576,partition_only,0.11405470945318963,0.020870535714285765
flocking_topology_rejoin,11001,2.19182535812589,0.6948560974441625,0.74140625,0.9695052490792524,0.6204427490792523,0.54375,0.0,0.45625,0.06875,0.0,0.0,0.51640625,76,0.6962139243448435,1.835918817333431,4.438416321457352,6.385117094093243,0.9848883928571428,0.0,1.9462980041582174,3.704506137003329,4.886734516363143,1.9209719928927442,8.0,1.0,0.0,0.4375,0.15714285714285714,2.23125,8.0,1.0,7.825,0.0,0.021875,0.0,0,0.0,21,50.4875,0.0,0.125,,2917,560064,0.7199999999999999,0.0,0.0,0.0,0.0,0,1.48125,0.475,5.9625,0.7453125,0.23203125,0.03125,0.03125,0.16875,1.532526794578082,126.33658209319431,0.9392490838654339,partition_only,0.1640811826665689,0.03488839285714285
flocking_topology_rejoin,11002,2.2347001906435118,0.6171568544002584,0.75859375,0.9022090086106385,0.5584590086106386,0.55,0.0,0.45,0.0625,0.0,0.0,0.5453125,76,0.6237548775247586,1.4460436238444274,3.4742228318272645,5.069685779635914,0.984375,0.0,1.9737706378208848,3.69369299059953,4.815701347513915,1.945452593126569,8.0,1.0,0.0,0.4375,0.17142857142857143,2.0375,8.0,1.0,7.9375,0.0,0.0078125,0.0,0,0.0,26,51.43125,0.0,0.0,,2750,528000,0.7199999999999999,0.0,0.0,0.0,0.0,0,1.475,0.475,6.06875,0.75859375,0.23359375,0.0,0.0,0.0625,1.5295689647857476,175.53706060425716,0.9085820000618696,partition_only,0.5539563761555726,0.034375000000000044
flocking_topology_rejoin,11003,2.1801210761196606,0.6820423795832187,0.73984375,0.9569641088737999,0.6119641088737998,0.55,0.0,0.45,0.075,0.0,0.0,0.534375,80,0.6867879514207814,1.8023744348639048,4.699693346268465,7.753276392998885,0.9771354166666665,0.0,2.105958009646105,3.7093677383229933,4.982367176012573,1.9308693923936118,8.0,1.0,0.0,0.4375,0.14285714285714285,2.16875,8.0,1.0,7.875,0.0,0.015625,0.0,0,0.0,15,50.53125,0.0,0.25,,2897,556224,0.7199999999999999,0.0,0.0,0.0,0.0,0,1.525,0.4875,5.9375,0.7421875,0.2375,0.0,0.0,0.125,1.5815913282899248,123.19939573051961,0.9541954160667956,partition_only,0.1976255651360952,0.027135416666666523
flocking_topology_rejoin,11004,2.30193619376364,0.6807721865996059,0.73828125,1.0461290416224318,0.7067540416224316,0.5625,0.0,0.4375,0.1125,0.3,0.01875,0.51875,78,1.1330384912672853,4.139137874033769,4.77285177877021,127.82204876370636,0.9518229166666666,0.0,2.0746531204758454,3.6938291112926622,4.7424108077724565,1.9786136640189027,8.0,1.0,0.0,0.4375,0.2,2.00625,8.0,1.0,7.85625,0.0,0.01796875,0.0,0,0.0,29,50.5875,0.0,0.125,,2777,533184,0.7199999999999999,0.0,0.0,0.0,0.0,0,1.5,0.4875,5.91875,0.73984375,0.2390625,0.025,0.01875,0.1375,1.55217829869199,156.57189197250463,0.8887549999635667,partition_only,2.1391378740337688,0.001822916666666674
flocking_topology_rejoin,11005,2.14766655540043,0.6494840204546857,0.7453125,0.9374776420411918,0.5924776420411917,0.55,0.0,0.45,0.075,0.25,0.0125,0.521875,77,0.6820401912204932,1.8211707210595065,4.696343545276944,9.925530780450181,0.9564732142857142,0.0,2.0331326650628236,3.710085537704977,4.8086619432473805,1.9563003451686458,8.0,1.0,0.0,0.4375,0.14285714285714285,2.08125,8.0,1.0,7.875,0.0,0.015625,0.0,0,0.0,20,50.83125,0.0,0.25,,2747,527424,0.7199999999999999,0.0,0.0,0.0,0.0,0,1.4875,0.48125,5.9625,0.7453125,0.23828125,0.0,0.0,0.125,1.5368658966303441,125.52369782660053,0.9013693339657038,partition_only,0.1788292789404935,0.006473214285714235
flocking_topology_rejoin,11006,2.2283954944798694,0.6397203786481328,0.74921875,0.9342138720038615,0.5904638720038616,0.55,0.0,0.45,0.0625,0.0,0.0,0.534375,77,0.6670733161496366,1.6970736667331685,3.8358837897279727,5.055933586201477,0.9859375,0.0,1.868188433020331,3.6921393136793648,4.924092062611864,1.9174498421291268,8.0,1.0,0.0,0.4375,0.17142857142857143,2.2,8.0,1.0,7.9,0.0,0.0125,0.0,0,0.0,11,51.0875,0.0,0.0,,2882,553344,0.7199999999999999,0.0,0.0,0.0,0.0,0,1.48125,0.48125,5.99375,0.74921875,0.23828125,0.0,0.0,0.1,1.532618449485677,167.27270365822895,0.935451292200014,partition_only,0.3029263332668315,0.03593750000000007
flocking_topology_rejoin,11007,2.191627000198396,0.5806332566000417,0.74453125,0.8582943453894437,0.5145443453894437,0.55,0.0,0.45,0.0625,0.0,0.0,0.534375,78,0.6346340637276475,1.5229952365677442,3.938668233589284,5.556685507465253,0.9684895833333333,0.0,1.8532359061061452,3.6976407546161356,4.811325878787693,1.9994528063663117,8.0,1.0,0.0,0.4375,0.17142857142857143,2.1875,8.0,1.0,7.9,0.0,0.0125,0.0,0,0.0,14,50.9875,0.0,0.125,,2730,524160,0.7199999999999999,0.0,0.0,0.0,0.0,0,1.49375,0.4875,5.95625,0.74453125,0.24140625,0.0,0.0,0.1,1.550765643403548,157.10833332243374,0.9262868328951299,partition_only,0.47700476343225584,0.018489583333333393
flocking_topology_rejoin,11008,2.2602460447529196,0.5913647477961416,0.74453125,0.9647032636228812,0.6347032636228811,0.575,0.0,0.425,0.1125,0.4166666666666667,0.03125,0.5484375,78,1.0341234800336847,3.2967506712947254,3.6353571754531915,102.09896194504259,0.96484375,0.0,1.8922792098582817,3.7142502047505275,4.821911163532445,1.9365880490497531,8.0,1.0,0.0,0.4375,0.21428571428571427,2.11875,8.0,1.0,7.9375,0.0,0.0078125,0.0,0,0.0,17,51.13125,0.0,0.125,,2745,527040,0.7199999999999999,0.0,0.0,0.0,0.0,0,1.5125,0.48125,6.0,0.75,0.2359375,0.0,0.0,0.0625,1.5417377098674085,131.48660665297106,0.9166166661307216,partition_only,1.2967506712947254,0.014843750000000044
flocking_topology_rejoin,11009,2.118858252137935,0.6663724545340836,0.72890625,0.9304830489702134,0.5654830489702134,0.525,0.0,0.475,0.0875,0.0,0.0,0.49140625,76,0.6883868549973601,1.7587023169405653,3.462509113941085,42.188297647003424,0.9755133928571429,0.0,1.9627822907258827,3.6845445213319037,4.7663211583606415,1.9764099187950677,8.0,1.0,0.0,0.4375,0.11428571428571428,2.04375,8.0,1.0,7.6625,0.0,0.0421875,0.0,0,0.0,29,49.21875,0.0,0.125,,2761,530112,0.7199999999999999,0.0,0.0,0.0,0.0,0,1.475,0.46875,5.86875,0.73359375,0.2234375,0.10625,0.08125,0.29375,1.5640575309319884,174.77551255249605,0.8838639589957893,partition_only,0.24129768305943466,0.025513392857142936
flocking_topology_rejoin,11010,2.272391841830375,0.6842511094379835,0.73984375,0.9495304103084932,0.605780410308493,0.55,0.0,0.45,0.0625,0.0,0.0,0.51875,78,0.6813110669798529,1.7473925264424088,4.779067003804373,6.818669248021639,0.9675223214285715,0.0,1.9552167572493357,3.705615900648356,4.908819612988782,1.929594008542055,8.0,1.0,0.0,0.4375,0.17142857142857143,2.20625,8.0,1.0,7.8375,0.0,0.0203125,0.0,0,0.0,13,50.4375,0.0,0.125,,2923,561216,0.7199999999999999,0.0,0.0,0.0,0.0,0,1.5,0.4875,5.91875,0.73984375,0.2375,0.01875,0.01875,0.15625,1.5666860681367356,125.74118011894551,0.9407544580753893,partition_only,0.25260747355759117,0.017522321428571574
flocking_topology_rejoin,11011,2.1583719354532076,0.6180142714357832,0.75078125,0.8955301727095574,0.5517801727095574,0.55,0.0,0.45,0.0625,0.0,0.0,0.5328125,76,0.6160092226427358,1.4329940497151714,3.2861768587021216,4.213161551849971,0.98984375,0.0,1.9056271446255828,3.7062983173213375,4.786033770520253,1.9171293978776476,8.0,1.0,0.0,0.4375,0.17142857142857143,2.01875,8.0,1.0,7.8625,0.0,0.0171875,0.0,0,0.0,24,50.7875,0.0,0.25,,2785,534720,0.7199999999999999,0.0,0.0,0.0,0.0,0,1.48125,0.46875,6.0125,0.7515625,0.2296875,0.0,0.0,0.1375,1.540156523096204,121.39907769630989,0.9459346670191735,partition_only,0.5670059502848286,0.03984375000000007
flocking_topology_rejoin,11012,2.155238898272767,0.6570908167448839,0.7484375,0.9149225505582985,0.5711725505582985,0.55,0.0,0.45,0.0625,0.0,0.0,0.53515625,77,0.6725352681174437,1.662483886034407,4.605471418467511,8.540015932481525,0.9678571428571429,0.0,2.097115568556735,3.682675088415587,5.098668867143289,1.9181468531189618,8.0,1.0,0.0,0.4375,0.17142857142857143,1.4625,8.0,1.0,7.89375,0.0,0.01328125,0.0,0,0.0,7,50.9,0.0,0.125,,3434,659328,0.7199999999999999,0.0,0.0,0.0,0.0,0,1.49375,0.48125,5.99375,0.74921875,0.2359375,0.01875,0.01875,0.1,1.5649554746002137,173.0410978378601,1.0198461250402033,partition_only,0.3375161139655929,0.017857142857142905
flocking_topology_rejoin,11013,2.169583465133753,0.6366550370829352,0.75234375,0.9170303932146006,0.5679678932146006,0.54375,0.0,0.45625,0.06875,0.0,0.0,0.5375,76,0.6497024395030515,1.6012341369552296,3.9283308486356776,5.896527609890427,0.9755580357142858,0.0,1.822467169360726,3.7008044683049106,4.960821956530408,1.9611895065216252,8.0,1.0,0.0,0.4375,0.15714285714285714,2.1625,8.0,1.0,7.91875,0.0,0.01015625,0.0,0,0.0,15,51.24375,0.0,0.0,,2914,559488,0.7199999999999999,0.0,0.0,0.0,0.0,0,1.48125,0.475,6.025,0.753125,0.2359375,0.0,0.0,0.08125,1.5477428893216687,152.60779612814275,0.933145040879026,partition_only,0.39876586304477035,0.02555803571428583
flocking_topology_rejoin,11014,2.183029674051129,0.6303660129410423,0.746875,0.9165852911955099,0.5822102911955099,0.5625,0.0,0.4375,0.0625,0.2222222222222222,0.0125,0.54296875,77,0.681941700093415,1.7550138341061026,4.277538125326761,6.424789179295793,0.9660714285714285,0.0,2.0956182170839837,3.7152506791372515,4.727447915614569,1.9290550691497295,8.0,1.0,0.0,0.4375,0.17142857142857143,2.03125,8.0,1.0,7.8875,0.0,0.0140625,0.0,0,0.0,28,50.8375,0.0,0.125,,2746,527232,0.7199999999999999,0.0,0.0,0.0,0.0,0,1.5,0.48125,6.0,0.75,0.23359375,0.0,0.0,0.1125,1.5409507678790038,150.01171414424311,0.8997674998827279,partition_only,0.24498616589389743,0.016071428571428514
flocking_topology_rejoin,11015,2.212008860518415,0.6427991722655202,0.74140625,0.9495046952283405,0.6010671952283404,0.54375,0.0,0.45625,0.0625,0.2857142857142857,0.0125,0.52109375,78,0.7221900693635855,1.9278922250503019,4.941316060100373,20.324764008038994,0.9623883928571428,0.0,1.9740432778778587,3.7025539469423863,4.876759653039395,1.9012563057816965,8.0,1.0,0.0,0.4375,0.15714285714285714,2.1125,8.0,1.0,7.8375,0.0,0.0203125,0.0,0,0.0,15,50.38125,0.0,0.25,,2889,554688,0.7199999999999999,0.0,0.0,0.0,0.0,0,1.50625,0.4875,5.95625,0.74453125,0.2328125,0.00625,0.00625,0.1625,1.5346996865692752,144.868955103114,0.925768458051607,partition_only,0.07210777494969811,0.012388392857142883
flocking_topology_rejoin,11016,2.326733003975912,0.6834087577849036,0.746875,1.0520313449361907,0.7232813449361905,0.575,0.0,0.425,0.1,0.3,0.01875,0.5421875,76,1.136846537556594,4.17952586868903,6.168025956444201,121.81101948037474,0.9271874999999999,0.0,2.09603023467037,3.7177840289834294,4.805372504113589,1.9461066149629587,8.0,1.0,0.0,0.4375,0.21428571428571427,1.93125,8.0,1.0,7.9,0.0,0.0125,0.0,0,0.0,32,50.9375,0.0,0.125,,2792,536064,0.7199999999999999,0.0,0.0,0.0,0.0,0,1.5,0.475,6.01875,0.75234375,0.23125,0.0,0.0,0.1,1.5435294841259706,111.10866166202185,0.8916185409761965,partition_only,2.17952586868903,0.022812500000000013
flocking_topology_rejoin,11017,2.1858954457070796,0.6024721988657672,0.75078125,0.8709962180966565,0.5366212180966565,0.5625,0.0,0.4375,0.0625,0.0,0.0,0.54375,77,0.6598073023251408,1.5926685215747214,3.7148993503534333,5.85952113765426,0.97890625,0.0,1.794211390024632,3.6812021482080226,5.019943912227931,1.9758549066028734,8.0,1.0,0.0,0.4375,0.17142857142857143,2.125,8.0,1.0,7.9375,0.0,0.0078125,0.0,0,0.0,10,51.2375,0.0,0.0,,2904,557568,0.7199999999999999,0.0,0.0,0.0,0.0,0,1.5,0.48125,6.03125,0.75390625,0.23515625,0.0,0.0,0.0625,1.5675377718811767,160.3530572284629,0.9294785000383854,partition_only,0.4073314784252786,0.028906250000000022
flocking_topology_rejoin,11018,2.1463296212944156,0.6910989177730164,0.73203125,0.9743802675321002,0.6306302675321,0.55,0.0,0.45,0.0625,0.0,0.0,0.5109375,78,0.7143938142362953,1.908938456298745,4.552051833208329,7.5281676359135465,0.9582589285714285,0.0,2.082585579306971,3.6999462070054863,4.799952268098437,1.9258870032207003,8.0,1.0,0.0,0.4375,0.17142857142857143,2.1375,8.0,1.0,7.8,0.0,0.025,0.0,0,0.0,14,50.13125,0.0,0.0,,2895,555840,0.7199999999999999,0.0,0.0,0.0,0.0,0,1.5,0.4875,5.86875,0.73359375,0.2390625,0.04375,0.04375,0.18125,1.564590918107807,157.7025132839653,0.9217382499482483,partition_only,0.09106154370125497,0.008258928571428514
flocking_topology_rejoin,11019,2.2994474802524723,0.6705626950386572,0.74765625,0.9858457878816764,0.6605332878816764,0.58125,0.0,0.41875,0.1125,0.3,0.01875,0.528125,75,0.9925367429951636,3.7044489786636694,4.193173197175303,216.0006336316434,0.9575520833333334,0.0,1.9388487626390947,3.688604750549312,4.722719171471541,1.9248597244113483,8.0,1.0,0.0,0.4375,0.21428571428571427,2.08125,8.0,1.0,7.85625,0.0,0.01796875,0.0,0,0.0,22,50.73125,0.0,0.125,,2754,528768,0.7199999999999999,0.0,0.0,0.0,0.0,0,1.48125,0.46875,5.98125,0.74765625,0.23203125,0.0375,0.0375,0.13125,1.5386747053613798,185.30983749782462,0.8940807918552309,partition_only,1.7044489786636694,0.007552083333333459
flocking_topology_rejoin,11020,2.3805898591627797,0.6087201084431365,0.74296875,0.9631576119097922,0.6234701119097921,0.55625,0.0,0.44375,0.06875,0.375,0.01875,0.515625,77,0.9669000752848023,3.474158735671768,4.249570299735293,165.16030063915832,0.9616071428571429,0.0,2.0284519996750427,3.686246804362034,4.969496246998368,1.9862540541546068,8.0,1.0,0.0,0.4375,0.15714285714285714,2.1625,8.0,1.0,7.84375,0.0,0.01953125,0.0,0,0.0,14,50.48125,0.0,0.125,,2891,555072,0.7199999999999999,0.0,0.0,0.0,0.0,0,1.5,0.48125,5.94375,0.74296875,0.23515625,0.025,0.025,0.15,1.5626017026514407,166.99759253950268,0.9087785000447184,partition_only,1.474158735671768,0.011607142857142927
flocking_topology_rejoin,11021,2.2087340972934104,0.6942572500192851,0.74453125,0.9542223909617569,0.6139098909617567,0.55625,0.0,0.44375,0.075,0.0,0.0,0.5390625,78,0.6878056191195443,1.7748685955520345,4.147588612617,7.568379325487353,0.9527901785714284,0.0,2.0204151414502802,3.694539682717644,4.816435527322478,2.033444133424,8.0,1.0,0.0,0.4375,0.15714285714285714,2.16875,8.0,1.0,7.89375,0.0,0.01328125,0.0,0,0.0,16,50.8875,0.0,0.125,,2736,525312,0.7199999999999999,0.0,0.0,0.0,0.0,0,1.5,0.4875,5.98125,0.74765625,0.23671875,0.0,0.0,0.10625,1.5877289956073664,161.23396064083022,0.891759708058089,partition_only,0.22513140444796553,0.002790178571428492
flocking_topology_rejoin,11022,2.2064012921536094,0.6976931701358028,0.734375,0.9945562590422623,0.6501812590422624,0.55,0.0,0.45,0.06875,0.5,0.01875,0.50625,75,0.8108313209152377,2.465172534225199,4.789502584312478,86.96191505367122,0.96609375,0.0,1.9701002926202071,3.671417908338234,4.771535196149914,2.0393284688761435,8.0,1.0,0.0,0.4375,0.15714285714285714,1.99375,8.0,1.0,7.76875,0.0,0.02890625,0.0,0,0.0,32,49.9375,0.0,0.25,,2761,530112,0.7199999999999999,0.0,0.0,0.0,0.0,0,1.49375,0.46875,5.89375,0.73671875,0.23125,0.0,0.0,0.23125,1.5584583739766866,200.47412309305116,0.8981167080346495,partition_only,0.4651725342251991,0.016093750000000018
flocking_topology_rejoin,11023,2.3636301927442993,0.6681085352064422,0.7484375,1.0294286003905877,0.6900536003905877,0.5625,0.0,0.4375,0.1125,0.3333333333333333,0.01875,0.5328125,77,1.1115319911594428,4.103234525512976,4.824117095712692,132.94317097280558,0.94765625,0.0,2.0146909499812056,3.7087363679999803,4.749154399609168,1.954871300747896,8.0,1.0,0.0,0.4375,0.2,2.00625,8.0,1.0,7.91875,0.0,0.01015625,0.0,0,0.0,19,51.08125,0.0,0.25,,2754,528768,0.7199999999999999,0.0,0.0,0.0,0.0,0,1.5,0.48125,6.0,0.75,0.23671875,0.0,0.0,0.08125,1.533414032369929,159.7433426404962,0.9066185839474201,partition_only,2.103234525512976,0.002343749999999978
flocking_topology_rejoin,11024,2.24474183061475,0.7699665100862912,0.75234375,1.0234304497254214,0.6981179497254215,0.58125,0.0,0.41875,0.1125,0.18181818181818182,0.0125,0.54375,76,1.011088970170343,3.855325701653366,4.1993026200323715,165.25197790177765,0.9313541666666666,0.0,2.0858270268095227,3.6945249859169826,4.763607911607842,1.9398506383915375,8.0,1.0,0.0,0.4375,0.21428571428571427,1.93125,8.0,1.0,7.90625,0.0,0.01171875,0.0,0,0.0,25,51.04375,0.0,0.25,,2774,532608,0.7199999999999999,0.0,0.0,0.0,0.0,0,1.49375,0.475,6.025,0.753125,0.23203125,0.0,0.0,0.09375,1.5340884963290145,159.59897675768693,0.9201939590275288,partition_only,1.8553257016533662,0.01864583333333336
flocking_topology_rejoin,11025,2.2215412618309958,0.6264549524457822,0.7453125,0.923458751231992,0.5590837512319918,0.525,0.0,0.475,0.08125,0.2,0.00625,0.5203125,76,0.6570861383723022,1.6185173331327856,3.8568176365288327,12.89049818105682,0.9760416666666666,0.0,1.959354517552017,3.6931792016965455,4.906193990015107,1.9272825940910292,8.0,1.0,0.0,0.4375,0.11428571428571428,2.16875,8.0,1.0,7.86875,0.0,0.01640625,0.0,0,0.0,11,50.7875,0.0,0.25,,2937,563904,0.7199999999999999,0.0,0.0,0.0,0.0,0,1.4875,0.475,5.975,0.746875,0.23515625,0.0,0.0,0.13125,1.5334405942249314,165.49679436381632,0.9677349170669913,partition_only,0.38148266686721444,0.02604166666666663
flocking_topology_rejoin,11026,2.1435726186273767,0.6828018712996572,0.74921875,0.9468141852498256,0.6030641852498257,0.55,0.0,0.45,0.0625,0.0,0.0,0.5390625,77,0.6721471398199557,1.6527458879546117,3.984845769789689,7.451001537936361,0.9803571428571429,0.0,1.911770411626044,3.6836075831693345,4.958638004850476,1.9901247116379621,8.0,1.0,0.0,0.4375,0.17142857142857143,2.19375,8.0,1.0,7.90625,0.0,0.01171875,0.0,0,0.0,15,51.1375,0.0,0.125,,2888,554496,0.7199999999999999,0.0,0.0,0.0,0.0,0,1.48125,0.48125,6.01875,0.75234375,0.2359375,0.0,0.0,0.09375,1.5620820723497206,164.63602058894563,0.9400052919518203,partition_only,0.34725411204538825,0.03035714285714297
flocking_topology_rejoin,11027,2.2947664780516432,0.9731776786731876,0.7375,1.0482935659501638,0.6945435659501641,0.5375,0.0,0.4625,0.06875,0.0,0.0,0.5203125,79,0.9700656558631452,3.167333854929865,4.520348100599025,116.09075731931298,0.9541666666666666,0.0,2.06505235167515,3.6862618841865333,4.857480866230434,1.977953186137153,8.0,1.0,0.0,0.4375,0.14285714285714285,2.23125,8.0,1.0,7.8,0.0,0.025,0.0,0,0.0,9,50.1875,0.0,0.25,,2913,559296,0.7199999999999999,0.0,0.0,0.0,0.0,0,1.49375,0.48125,5.9125,0.7390625,0.234375,0.0,0.0,0.2,1.5570292355388087,193.04914954298675,0.9408796671777964,partition_only,1.1673338549298649,0.004166666666666652
flocking_topology_rejoin,11028,2.202405490724305,0.5811171936775991,0.75078125,0.854151437391871,0.514463937391871,0.55625,0.0,0.44375,0.06875,0.0,0.0,0.53984375,76,0.6263763791513544,1.4407101287830593,3.556918339968464,5.745196440733823,0.9707217261904763,0.0,1.8770899091641848,3.705129632221022,4.732945243398137,1.9423005604650314,8.0,1.0,0.0,0.4375,0.15714285714285714,1.90625,8.0,1.0,7.90625,0.0,0.01171875,0.0,0,0.0,28,51.03125,0.0,0.0,,2789,535488,0.7199999999999999,0.0,0.0,0.0,0.0,0,1.49375,0.475,6.00625,0.75078125,0.23515625,0.01875,0.01875,0.0875,1.5326733733604196,148.61785729459842,0.9234059590380639,partition_only,0.5592898712169407,0.020721726190476297
flocking_topology_rejoin,11029,2.2211512975056302,0.6145554074376137,0.74765625,0.8899470225290447,0.5455720225290447,0.55,0.0,0.45,0.06875,0.0,0.0,0.5375,76,0.654384025207797,1.6208641034628315,3.424818059149796,6.081872597779455,0.9861979166666666,0.0,1.975381899247568,3.699773841909464,4.888948186260235,1.8965796249801485,8.0,1.0,0.0,0.4375,0.15714285714285714,2.1625,8.0,1.0,7.90625,0.0,0.01171875,0.0,0,0.0,11,51.0375,0.0,0.125,,2879,552768,0.7199999999999999,0.0,0.0,0.0,0.0,0,1.49375,0.475,6.01875,0.75234375,0.2328125,0.0,0.0,0.09375,1.5354595608409929,152.29682565097073,0.9360657918732613,partition_only,0.3791358965371685,0.03619791666666661
flocking_topology_partition,11000,3.446548482479239,3.16748436510684,0.6234375,2.401465901539991,1.9920909015399908,0.4625,0.0,0.5375,0.0625,0.0,0.0,0.2515625,17,3.170426296735913,31.659013230371347,141.74662666472722,152.52798089711013,0.7224330357142857,0.0,2.130294925133758,3.712747552112668,4.760648949594996,1.957886738696886,8.0,1.0,0.0,0.4375,0.0,2.08125,5.64375,0.70546875,5.54375,0.0,0.30703125,0.0,0,0.0,26,34.38125,0.0,0.5,,2743,526656,0.7199999999999999,0.0,0.0,0.0,0.0,0,1.2125,0.20625,4.9875,0.6234375,0.06875,0.0,0.0,0.1375,1.5479421159514544,167.0330181267113,0.8452583330217749,partition_only,29.659013230371347,0.2275669642857142
flocking_topology_partition,11001,3.9991641417892523,3.8978202059928977,0.66484375,3.126766271899549,2.7173912718995488,0.4625,0.0,0.5375,0.0625,0.0,0.0,0.3390625,15,3.898705523118173,43.95981697718442,137.93850893813672,159.24272459687057,0.63203125,0.0,1.9462980041582174,3.704506137003329,4.886734516363143,1.9209719928927442,8.0,1.0,0.0,0.4375,0.0,2.23125,5.775,0.721875,5.66875,0.0,0.29140625,0.0,0,0.0,21,36.2875,0.0,0.5,,2917,560064,0.7199999999999999,0.0,0.0,0.0,0.0,0,1.1,0.1,5.3375,0.6671875,0.04140625,0.03125,0.03125,0.16875,1.532526794578082,126.33658209319431,0.9458546249661595,partition_only,41.95981697718442,0.3179687499999999
flocking_topology_partition,11002,1.509022641642938,0.6136948580074834,0.63515625,0.9573510482461657,0.5479760482461657,0.4625,0.0,0.5375,0.0625,0.0,0.0,0.275,26,0.6154529099500727,1.4392094982411823,3.4763556824621094,5.50366480286817,0.990625,0.0,1.9737706378208848,3.69369299059953,4.815701347513915,1.945452593126569,8.0,1.0,0.0,0.4375,0.0,2.0375,5.69375,0.71171875,5.65625,0.0,0.29296875,0.0,0,0.0,26,35.33125,0.0,0.5,,2750,528000,0.7199999999999999,0.0,0.0,0.0,0.0,0,1.20625,0.20625,5.08125,0.63515625,0.071875,0.0,0.0,0.0625,1.5295689647857476,175.53706060425716,0.8579213749617338,partition_only,0.5607905017588177,0.04062500000000002
flocking_topology_partition,11003,0.9995578762972303,0.6624703549326972,0.66875,0.9967119571888905,0.5967119571888905,0.475,0.0,0.525,0.0625,0.0,0.0,0.359375,7,0.6650538145597115,1.6885001320461481,5.043685504030081,7.753276392998885,0.9823437500000001,0.0,2.105958009646105,3.7093677383229933,4.982367176012573,1.9308693923936118,8.0,1.0,0.0,0.4375,0.0,2.16875,5.8,0.725,5.70625,0.0,0.28671875,0.0,0,0.0,15,36.33125,0.0,0.5,,2897,556224,0.7199999999999999,0.0,0.0,0.0,0.0,0,1.13125,0.11875,5.3875,0.6734375,0.03828125,0.0,0.0,0.125,1.5815913282899248,123.19939573051961,0.8818616250064224,partition_only,0.31149986795385187,0.032343750000000115
flocking_topology_partition,11004,1.4700004070723822,0.7078237183689087,0.62109375,1.0374545080720519,0.6280795080720519,0.4625,0.0,0.5375,0.0625,0.0,0.0,0.25625,18,0.7044519892624276,1.8335741996824069,4.9216039824788895,10.804272120711607,0.95859375,0.0,2.0746531204758454,3.6938291112926622,4.7424108077724565,1.9786136640189027,8.0,1.0,0.0,0.4375,0.0,2.00625,5.625,0.703125,5.5375,0.0,0.3078125,0.0,0,0.0,29,34.4375,0.0,0.5,,2777,533184,0.7199999999999999,0.0,0.0,0.0,0.0,0,1.2,0.2,4.96875,0.62109375,0.07109375,0.025,0.01875,0.1375,1.55217829869199,156.57189197250463,0.8566664590034634,partition_only,0.16642580031759313,0.008593750000000067
flocking_topology_partition,11005,3.750045317692138,3.5965781552807288,0.62578125,2.7920973585341096,2.3914723585341093,0.475,0.0,0.525,0.06875,0.0,0.0,0.2671875,15,3.5982288588185956,38.57399528512348,132.06931248251416,176.39894513869126,0.6544642857142857,0.0,2.0331326650628236,3.710085537704977,4.8086619432473805,1.9563003451686458,8.0,1.0,0.0,0.4375,0.0,2.08125,5.56875,0.69609375,5.49375,0.0,0.31328125,0.0,0,0.0,20,34.38125,0.0,0.5,,2747,527424,0.7199999999999999,0.0,0.0,0.0,0.0,0,1.1625,0.15625,5.0125,0.6265625,0.059375,0.0,0.0,0.125,1.5368658966303441,125.52369782660053,0.9208784161601216,partition_only,36.57399528512348,0.29553571428571423
flocking_topology_partition,11006,3.932133194955585,3.752242748502287,0.65625,2.9181048444180675,2.5087298444180677,0.4625,0.0,0.5375,0.0625,0.0,0.0,0.340625,18,3.7529860324803326,43.838984600741455,150.6699474362248,167.93805923427564,0.6546875,0.0,1.868188433020331,3.6921393136793648,4.924092062611864,1.9174498421291268,8.0,1.0,0.0,0.4375,0.0,2.2,5.8375,0.7296875,5.75,0.0,0.28125,0.0,0,0.0,11,36.5875,0.0,0.5,,2882,553344,0.7199999999999999,0.0,0.0,0.0,0.0,0,1.14375,0.14375,5.325,0.665625,0.053125,0.0,0.0,0.1,1.532618449485677,167.27270365822895,0.8792259590700269,partition_only,41.838984600741455,0.2953125
flocking_topology_partition,11007,1.262865894994297,0.6493378640866073,0.6234375,0.9728316402744681,0.5634566402744681,0.4625,0.0,0.5375,0.0625,0.0,0.0,0.2609375,17,0.6495055916697974,1.6141866546293087,4.315004304837709,10.893504508884652,0.9609375,0.0,1.8532359061061452,3.6976407546161356,4.811325878787693,1.9994528063663117,8.0,1.0,0.0,0.4375,0.0,2.1875,5.49375,0.68671875,5.44375,0.0,0.31953125,0.0,0,0.0,14,34.1375,0.0,0.5,,2730,524160,0.7199999999999999,0.0,0.0,0.0,0.0,0,1.14375,0.1375,4.99375,0.62421875,0.05546875,0.0,0.0,0.1,1.550765643403548,157.10833332243374,0.8495416659861803,partition_only,0.38581334537069134,0.010937500000000044
flocking_topology_partition,11008,1.2313783356320538,0.6138925243128991,0.62578125,0.9337756248036924,0.5290881248036923,0.46875,0.0,0.53125,0.0625,0.0,0.0,0.26875,18,0.6306071764285794,1.5130480963337811,4.468578390372236,13.301503371528016,0.97421875,0.0,1.8922792098582817,3.7142502047505275,4.821911163532445,1.9365880490497531,8.0,1.0,0.0,0.4375,0.0,2.11875,5.5125,0.6890625,5.4625,0.0,0.3171875,0.0,0,0.0,17,34.18125,0.0,0.75,,2745,527040,0.7199999999999999,0.0,0.0,0.0,0.0,0,1.15625,0.13125,5.03125,0.62890625,0.05078125,0.0,0.0,0.0625,1.5417377098674085,131.48660665297106,0.877233250066638,partition_only,0.4869519036662189,0.024218750000000067
flocking_topology_partition,11009,3.571499233905748,3.2950372445455267,0.6156250000000062,2.460902870902539,2.0515278709025386,0.4625,0.0,0.5375,0.0625,0.0,0.0,0.24921875000000626,14,3.2985358311465967,30.66692264567259,131.72959935223165,168.35723295592803,0.73671875,0.0,1.9627822907258827,3.6845445213319037,4.7663211583606415,1.9764099187950677,8.0,1.0,0.0,0.4375,0.0,2.04375,5.68125,0.71015625,5.54375,0.0,0.30703125,0.0,0,0.0,29,34.31875,0.00625,0.375,,2761,530112,0.7199999999999999,0.0,0.0,0.0,0.0,0,1.225,0.21875,4.94375,0.6171875000000062,0.075,0.10625,0.08125,0.29375,1.5640575309319884,174.77551255249605,0.8894472499378026,partition_only,28.66692264567259,0.21328124999999998
flocking_topology_partition,11010,4.1091326020845775,4.018457869854332,0.671875,3.2338213435318366,2.8244463435318368,0.4625,0.0,0.5375,0.0625,0.0,0.0,0.3625,7,4.016907696602112,46.965326576602465,147.14407463536756,162.7228306486457,0.5930431547619047,0.0,1.9552167572493357,3.705615900648356,4.908819612988782,1.929594008542055,8.0,1.0,0.0,0.4375,0.0,2.20625,5.79375,0.72421875,5.71875,0.0,0.28515625,0.0,0,0.0,13,36.6375,0.0,0.5,,2923,561216,0.7199999999999999,0.0,0.0,0.0,0.0,0,1.10625,0.1,5.40625,0.67578125,0.03828125,0.01875,0.01875,0.15625,1.5666860681367356,125.74118011894551,0.8906543750781566,partition_only,44.965326576602465,0.35695684523809523
flocking_topology_partition,11011,3.4411190383784933,3.1435807069371875,0.62265625,2.3683810622138894,1.9590060622138892,0.4625,0.0,0.5375,0.0625,0.0,0.0,0.25625,7,3.1412702887021093,28.791395360272038,138.04960436546187,167.6258107608619,0.74140625,0.0,1.9056271446255828,3.7062983173213375,4.786033770520253,1.9171293978776476,8.0,1.0,0.0,0.4375,0.0,2.01875,5.61875,0.70234375,5.55,0.0,0.30625,0.0,0,0.0,24,34.3375,0.0,0.5,,2785,534720,0.7199999999999999,0.0,0.0,0.0,0.0,0,1.225,0.2125,4.9875,0.6234375,0.06875,0.0,0.0,0.1375,1.540156523096204,121.39907769630989,0.848264749860391,partition_only,26.791395360272038,0.2085937499999999
flocking_topology_partition,11012,3.9637400219557963,3.8680505704281494,0.72109375,3.1076554301767016,2.698280430176701,0.4625,0.0,0.5375,0.0625,0.0,0.0,0.44296875,15,3.8692086155876906,48.993301485843354,152.59874158679233,167.76192235188796,0.6010416666666666,0.0,2.097115568556735,3.682675088415587,5.098668867143289,1.9181468531189618,8.0,1.0,0.0,0.4375,0.0,1.4625,6.1875,0.7734375,6.08125,0.0,0.23984375,0.0,0,0.0,7,39.65,0.0,0.625,,3434,659328,0.7199999999999999,0.0,0.0,0.0,0.0,0,1.0875,0.08125,5.76875,0.72109375,0.03828125,0.01875,0.01875,0.1,1.5649554746002137,173.0410978378601,1.046032208018005,partition_only,46.993301485843354,0.34895833333333337
flocking_topology_partition,11013,4.009349712860906,3.8995239958157497,0.5812500000000063,3.051035867652292,2.641660867652292,0.4625,0.0,0.5375,0.0625,0.0,0.0,0.17187500000000627,15,3.9015695609980012,41.893503460854205,138.5034576203067,157.72257143016026,0.6302455357142858,0.0,1.822467169360726,3.7008044683049106,4.960821956530408,1.9611895065216252,8.0,1.0,0.0,0.4375,0.0,2.1625,5.10625,0.63828125,5.05625,0.0,0.36796875,0.0,0,0.0,15,31.29375,0.00625,0.75,,2914,559488,0.7199999999999999,0.0,0.0,0.0,0.0,0,1.11875,0.1125,4.66875,0.5828125000000062,0.0484375,0.0,0.0,0.08125,1.5477428893216687,152.60779612814275,0.919747665990144,partition_only,39.893503460854205,0.3197544642857142
flocking_topology_partition,11014,1.589778333249417,0.633471893933698,0.62734375,0.965144814358181,0.565144814358181,0.475,0.0,0.525,0.0625,0.0,0.0,0.26484375,17,0.6403417499146311,1.5893545480541316,4.225867935303856,5.86518815742005,0.98125,0.0,2.0956182170839837,3.7152506791372515,4.727447915614569,1.9290550691497295,8.0,1.0,0.0,0.4375,0.0,2.03125,5.7125,0.7140625,5.64375,0.0,0.29453125,0.0,0,0.0,28,34.8375,0.0,0.75,,2746,527232,0.7199999999999999,0.0,0.0,0.0,0.0,0,1.25625,0.24375,5.01875,0.62734375,0.0765625,0.0,0.0,0.1125,1.5409507678790038,150.01171414424311,0.832948625087738,partition_only,0.41064545194586843,0.03125
flocking_topology_partition,11015,1.2402241705047072,0.6405233876853419,0.67265625,0.9715389134340494,0.5621639134340495,0.4625,0.0,0.5375,0.0625,0.0,0.0,0.3546875,18,0.6823206190748212,1.7272215964698763,4.5226811074034865,9.025910243789534,0.9793154761904761,0.0,1.9740432778778587,3.7025539469423863,4.876759653039395,1.9012563057816965,8.0,1.0,0.0,0.4375,0.0,2.1125,5.925,0.740625,5.85,0.0,0.26875,0.0,0,0.0,15,37.08125,0.0,0.5,,2889,554688,0.7199999999999999,0.0,0.0,0.0,0.0,0,1.18125,0.175,5.4,0.675,0.05546875,0.00625,0.00625,0.1625,1.5346996865692752,144.868955103114,0.8800785830244422,partition_only,0.2727784035301237,0.029315476190476142
flocking_topology_partition,11016,3.3025954457167024,2.9377041748562127,0.625,2.128961353893031,1.7242738538930311,0.46875,0.0,0.53125,0.0625,0.0,0.0,0.271875,14,2.938921398242626,25.43973528917675,144.95659221000503,181.38643699948523,0.7765625,0.0,2.09603023467037,3.7177840289834294,4.805372504113589,1.9461066149629587,8.0,1.0,0.0,0.4375,0.0,1.93125,5.8,0.725,5.7125,0.0,0.2859375,0.0,0,0.0,32,35.0875,0.0,0.5,,2792,536064,0.7199999999999999,0.0,0.0,0.0,0.0,0,1.29375,0.28125,5.01875,0.62734375,0.08515625,0.0,0.0,0.1,1.5435294841259706,111.10866166202185,0.9148615000303835,partition_only,23.43973528917675,0.1734374999999999
flocking_topology_partition,11017,3.8571387823620635,3.714377765133106,0.59375,2.82984016795029,2.42984016795029,0.475,0.0,0.525,0.0625,0.0,0.0,0.2078125,17,3.719350374698087,36.4172464299622,136.45984962391697,173.82026266969063,0.6783854166666667,0.0,1.794211390024632,3.6812021482080226,5.019943912227931,1.9758549066028734,8.0,1.0,0.0,0.4375,0.0,2.125,5.275,0.659375,5.23125,0.0,0.34609375,0.0,0,0.0,10,32.2375,0.0,0.5,,2904,557568,0.7199999999999999,0.0,0.0,0.0,0.0,0,1.16875,0.15625,4.79375,0.59921875,0.05234375,0.0,0.0,0.0625,1.5675377718811767,160.3530572284629,0.899034250061959,partition_only,34.4172464299622,0.2716145833333332
flocking_topology_partition,11018,3.7407554415797315,3.5072313636184034,0.64609375,2.7675585385542836,2.3581835385542833,0.4625,0.0,0.5375,0.0625,0.0,0.0,0.334375,21,3.5081363038942386,36.620505732660526,130.32957866032137,178.3202986704342,0.6738839285714285,0.0,2.082585579306971,3.6999462070054863,4.799952268098437,1.9258870032207003,8.0,1.0,0.0,0.4375,0.0,2.1375,5.925,0.740625,5.74375,0.0,0.28203125,0.0,0,0.0,14,36.33125,0.0,0.5,,2895,555840,0.7199999999999999,0.0,0.0,0.0,0.0,0,1.16875,0.1625,5.30625,0.66328125,0.05390625,0.04375,0.04375,0.18125,1.564590918107807,157.7025132839653,0.8514514579437673,partition_only,34.620505732660526,0.2761160714285714
flocking_topology_partition,11019,1.4428530095522993,0.6550881433854651,0.628125,1.032503162764354,0.632503162764354,0.475,0.0,0.525,0.0625,1.0,0.0125,0.2671875,6,0.9746799054975352,3.578940661738419,4.604911571460019,216.0006336316434,0.9580729166666666,0.0,1.9388487626390947,3.688604750549312,4.722719171471541,1.9248597244113483,8.0,1.0,0.0,0.4375,0.0,2.08125,5.51875,0.68984375,5.43125,0.0,0.32109375,0.0,0,0.0,22,33.98125,0.0,0.625,,2754,528768,0.7199999999999999,0.0,0.0,0.0,0.0,0,1.15,0.14375,5.025,0.628125,0.05,0.0375,0.0375,0.13125,1.5386747053613798,185.30983749782462,0.8451934168115258,partition_only,1.578940661738419,0.008072916666666652
flocking_topology_partition,11020,4.167330648086777,3.9913215774415685,0.6640625,3.157325535572175,2.7567005355721754,0.475,0.0,0.525,0.06875,1.0,0.01875,0.3484375,15,4.059074674658171,49.23487803452913,163.08695236881496,189.2506174237462,0.6171875,0.0,2.0284519996750427,3.686246804362034,4.969496246998368,1.9862540541546068,8.0,1.0,0.0,0.4375,0.0,2.1625,5.88125,0.73515625,5.75,0.0,0.28125,0.0,0,0.0,14,36.63125,0.0,0.5,,2891,555072,0.7199999999999999,0.0,0.0,0.0,0.0,0,1.1375,0.125,5.35,0.66875,0.0484375,0.025,0.025,0.15,1.5626017026514407,166.99759253950268,0.9444237090647221,partition_only,47.23487803452913,0.33281249999999996
flocking_topology_partition,11021,3.9683469832531535,3.8335030926518088,0.62578125,2.9623340880356333,2.561709088035633,0.475,0.0,0.525,0.06875,0.0,0.0,0.265625,9,3.8311780229317303,42.02959547411829,141.1412908416384,163.7113952934928,0.659375,0.0,2.0204151414502802,3.694539682717644,4.816435527322478,2.033444133424,8.0,1.0,0.0,0.4375,0.0,2.16875,5.50625,0.68828125,5.43125,0.0,0.32109375,0.0,0,0.0,16,33.9375,0.0,0.5,,2736,525312,0.7199999999999999,0.0,0.0,0.0,0.0,0,1.15625,0.15,5.00625,0.62578125,0.0515625,0.0,0.0,0.10625,1.5877289956073664,161.23396064083022,0.8665271250065416,partition_only,40.02959547411829,0.2906249999999999
flocking_topology_partition,11022,3.406654658880998,3.0260399580423614,0.6125,2.281885198075937,1.8771976980759368,0.46875,0.0,0.53125,0.0625,1.0,0.00625,0.2453125,31,3.050063767709489,28.05473449694469,133.40506990901318,166.96714041543422,0.75828125,0.0,1.9701002926202071,3.671417908338234,4.771535196149914,2.0393284688761435,8.0,1.0,0.0,0.4375,0.0,1.99375,5.74375,0.71796875,5.5875,0.0,0.3015625,0.0,0,0.0,32,34.2875,0.0,0.375,,2761,530112,0.7199999999999999,0.0,0.0,0.0,0.0,0,1.26875,0.25,4.925,0.615625,0.08046875,0.0,0.0,0.23125,1.5584583739766866,200.47412309305116,0.8229006670881063,partition_only,26.05473449694469,0.19171874999999994
flocking_topology_partition,11023,1.7167472315652572,0.7033971697555482,0.62890625,1.0292739623563003,0.6198989623563003,0.4625,0.0,0.5375,0.0625,0.0,0.0,0.271875,19,0.7186611556927234,2.0042243881360116,5.373779892031548,11.372463650872247,0.93828125,0.0,2.0146909499812056,3.7087363679999803,4.749154399609168,1.954871300747896,8.0,1.0,0.0,0.4375,0.0,2.00625,5.84375,0.73046875,5.76875,0.0,0.27890625,0.0,0,0.0,19,35.58125,0.0,0.5,,2754,528768,0.7199999999999999,0.0,0.0,0.0,0.0,0,1.2875,0.275,5.03125,0.62890625,0.090625,0.0,0.0,0.08125,1.533414032369929,159.7433426404962,0.8690594998188317,partition_only,0.004224388136011559,0.01171875
flocking_topology_partition,11024,1.5747131493571365,0.7792563835096278,0.63203125,1.0916615190259216,0.6916615190259217,0.475,0.0,0.525,0.0625,1.0,0.0125,0.275,17,1.0046263007899163,3.820248177431991,5.626952080117333,165.25197790177765,0.9302083333333334,0.0,2.0858270268095227,3.6945249859169826,4.763607911607842,1.9398506383915375,8.0,1.0,0.0,0.4375,0.0,1.93125,5.64375,0.70546875,5.59375,0.0,0.30078125,0.0,0,0.0,25,34.89375,0.0,0.5,,2774,532608,0.7199999999999999,0.0,0.0,0.0,0.0,0,1.2,0.1875,5.05625,0.63203125,0.065625,0.0,0.0,0.09375,1.5340884963290145,159.59897675768693,0.9181937091052532,partition_only,1.8202481774319912,0.01979166666666654
flocking_topology_partition,11025,3.902216915558802,3.77635216376049,0.5835937500000062,2.944735145408186,2.535360145408186,0.4625,0.0,0.5375,0.0625,0.0,0.0,0.17812500000000625,17,3.776395897344153,39.810364679182726,140.097340791065,150.29094683159386,0.646875,0.0,1.959354517552017,3.6931792016965455,4.906193990015107,1.9272825940910292,8.0,1.0,0.0,0.4375,0.0,2.16875,5.16875,0.64609375,5.0875,0.0,0.3640625,0.0,0,0.0,11,31.4375,0.00625,0.5,,2937,563904,0.7199999999999999,0.0,0.0,0.0,0.0,0,1.13125,0.125,4.69375,0.5859375000000062,0.04921875,0.0,0.0,0.13125,1.5334405942249314,165.49679436381632,0.8893144170287997,partition_only,37.810364679182726,0.303125
flocking_topology_partition,11026,1.0416961209442048,0.6656456534246603,0.67734375,0.9949406357794693,0.5855656357794693,0.4625,0.0,0.5375,0.0625,0.0,0.0,0.3609375,7,0.6542581966905252,1.5748144031613134,4.097011745215569,7.451001537936361,0.9828125,0.0,1.911770411626044,3.6836075831693345,4.958638004850476,1.9901247116379621,8.0,1.0,0.0,0.4375,0.0,2.19375,5.7875,0.7234375,5.725,0.0,0.284375,0.0,0,0.0,15,36.6875,0.0,0.5,,2888,554496,0.7199999999999999,0.0,0.0,0.0,0.0,0,1.10625,0.10625,5.425,0.678125,0.0375,0.0,0.0,0.09375,1.5620820723497206,164.63602058894563,0.9638984170742333,partition_only,0.4251855968386866,0.03281250000000002
flocking_topology_partition,11027,4.025007243670289,3.9242321806844216,0.575,3.09255445061077,2.68317945061077,0.4625,0.0,0.5375,0.0625,0.0,0.0,0.159375,15,3.924946347101339,43.21095516039536,141.29156329538537,160.6654066393358,0.6270833333333333,0.0,2.06505235167515,3.6862618841865333,4.857480866230434,1.977953186137153,8.0,1.0,0.0,0.4375,0.0,2.23125,5.075,0.634375,4.9875,0.0,0.3765625,0.0,0,0.0,9,30.5875,0.0,0.5,,2913,559296,0.7199999999999999,0.0,0.0,0.0,0.0,0,1.13125,0.125,4.60625,0.57578125,0.046875,0.0,0.0,0.2,1.5570292355388087,193.04914954298675,0.8761907501611859,partition_only,41.21095516039536,0.32291666666666663
flocking_topology_partition,11028,3.447333994860406,3.1494400045273125,0.63125,2.3169661320965824,1.9169661320965823,0.475,0.0,0.525,0.0625,0.0,0.0,0.28203125,7,3.1530151150881203,29.34618561809657,135.3075277533576,158.45407530103068,0.7325520833333333,0.0,1.8770899091641848,3.705129632221022,4.732945243398137,1.9423005604650314,8.0,1.0,0.0,0.4375,0.0,1.90625,5.7375,0.7171875,5.6625,0.0,0.2921875,0.0,0,0.0,28,35.03125,0.0,0.5,,2789,535488,0.7199999999999999,0.0,0.0,0.0,0.0,0,1.25,0.2375,5.05,0.63125,0.075,0.01875,0.01875,0.0875,1.5326733733604196,148.61785729459842,0.8438800000585616,partition_only,27.34618561809657,0.21744791666666663
flocking_topology_partition,11029,1.3167079193853912,0.6094569007924888,0.5734375000000063,0.9485676223115611,0.5438801223115611,0.46875,0.0,0.53125,0.0625,0.0,0.0,0.17812500000000625,17,0.6293473366731365,1.488313502577763,3.6981076926405985,4.995660056751765,0.99296875,0.0,1.975381899247568,3.699773841909464,4.888948186260235,1.8965796249801485,8.0,1.0,0.0,0.4375,0.0,2.1625,5.15625,0.64453125,5.10625,0.0,0.36171875,0.0,0,0.0,11,31.4375,0.00625,0.5,,2879,552768,0.7199999999999999,0.0,0.0,0.0,0.0,0,1.15,0.1375,4.69375,0.5859375000000062,0.05078125,0.0,0.0,0.09375,1.5354595608409929,152.29682565097073,0.8636437079403549,partition_only,0.511686497422237,0.04296875
flocking_topology_resilient,11000,3.8397443310716084,0.9013612455067582,0.519921875,1.2019312452845017,0.7738062452845018,0.4375,0.0,0.5625,0.0625,0.0,0.0,0.21796875,114,0.9146799099603072,0.9741495831010004,3.220275265149876,9.184958889220159,0.9921875,0.0,2.1204051677731344,3.7099760560748933,4.737039885929185,1.9900063944712314,8.0,1.0,0.0,0.4375,0.0,2.2,5.4375,0.6796875,5.241666666666666,0.40081540778240765,0.34479166666666666,0.0,0,0.125,12,33.73125,0.125,0.16666666666666669,,2726,523392,0.7199999999999999,0.0,0.0,0.0,0.0,0,1.81875,0.7125,4.98125,0.60859375,0.04583333333333333,0.00625,0.00625,0.11875,1.5466367488338968,169.5792004997958,0.8858352079987526,partition_only,1.0258504168989995,0.042187500000000044
flocking_topology_resilient,11001,3.977361527211867,0.6365770691684114,0.5109375,1.0009175048995538,0.5727925048995538,0.4375,0.0,0.5625,0.0625,0.0,0.0,0.32682291666666663,2,0.6462532511413996,1.059767629352427,3.1459683628507698,5.358887745764533,0.99453125,0.0,1.9334703044074004,3.7059849877300217,4.853976797334914,1.943137664671778,8.0,1.0,0.0,0.4375,0.0,2.15625,5.8625,0.7328125,5.651041666666667,0.35827557145337147,0.2936197916666667,0.0,0,0.175,16,36.8875,0.175,0.08333333333333337,,2909,558528,0.7199999999999999,0.0,0.0,0.0,0.0,0,1.51875,0.48125,5.3875,0.66171875,0.044661458333333334,0.03125,0.03125,0.15,1.528634546302524,126.94174433395612,0.8672180830035359,partition_only,0.940232370647573,0.04453125000000002
flocking_topology_resilient,11002,1.2948302429664733,0.6608815754983351,0.6208333333333333,1.0124122460324838,0.5842872460324839,0.4375,0.0,0.5625,0.0625,0.0,0.0,0.2479166666666667,132,0.6573342395259135,1.648637136057451,4.165107479249841,6.723327747037805,0.971875,0.0,2.028578843759951,3.7028797383579546,4.710799882507754,1.9943899772655542,8.0,1.0,0.0,0.4375,0.0,2.00625,5.7125,0.7140625,5.447916666666667,0.36736861956897465,0.31901041666666663,0.0,0,0.275,25,35.38125,0.275,0.125,,2762,530304,0.7199999999999999,0.0,0.0,0.0,0.0,0,1.875,0.825,5.08125,0.6231770833333334,0.0578125,0.0,0.0,0.0625,1.5281495432288188,174.4890495186083,0.8475448328536004,partition_only,0.351362863942549,0.02187500000000009
flocking_topology_resilient,11003,1.1370199126379001,0.6826042395118517,0.6604166666666667,1.0284919461792126,0.6097419461792125,0.45,0.0,0.55,0.0625,0.0,0.0,0.3359375,97,0.6995857855186062,1.885714146331803,5.094794773530142,11.802605354440255,0.97140625,0.0,2.1335485462550343,3.712590161057521,4.8585679844514384,1.934331679850447,8.0,1.0,0.0,0.4375,0.0,2.1875,5.8875,0.7359375,5.7,0.1698119398284646,0.2875,0.0,0,0.09375,10,36.88125,0.09375,0.375,,2909,558528,0.7199999999999999,0.0,0.0,0.0,0.0,0,1.68125,0.60625,5.38125,0.6640625,0.04765625,0.0,0.0,0.1375,1.5802951484590753,127.47855379223002,0.8742112908512354,partition_only,0.11428585366819699,0.02140625000000007
flocking_topology_resilient,11004,1.21144571256551,0.671788509859955,0.5959635416666729,1.0181949648622275,0.5900699648622275,0.4375,0.0,0.5625,0.0625,0.0,0.0,0.1973958333333396,114,0.6776976916506413,1.7391794173302166,4.769722297497962,10.227730988722065,0.9664434523809524,0.0,2.094488198467097,3.697754255325813,4.699522015668466,1.9899184605819635,8.0,1.0,0.0,0.4375,0.0,2.125,5.425,0.678125,5.159375,0.3507519129558365,0.355078125,0.0,0,0.2,22,33.3875,0.2,0.14583333333333331,,2738,525696,0.7199999999999999,0.0,0.0,0.0,0.0,0,1.7625,0.7125,4.925,0.5981770833333334,0.04661458333333958,0.025,0.01875,0.15625,1.5538525802560503,158.2475730672452,0.8542644169647247,partition_only,0.26082058266978336,0.01644345238095246
flocking_topology_resilient,11005,3.817917631321372,0.6284372372662513,0.5264322916666666,0.9698388892044818,0.5504638892044819,0.45,0.0,0.55,0.06875,0.0,0.0,0.2328125,77,0.6475853480877707,1.099494749615968,3.789292385225811,8.79398568747889,0.98984375,0.0,1.9223577054401741,3.711536501638702,4.694669638878604,1.9311182576559354,8.0,1.0,0.0,0.4375,0.0,2.0375,5.5375,0.6921875,5.325,0.2748086913817064,0.334375,0.0,0,0.20625,17,34.23125,0.20625,0.1250000000000001,,2754,528768,0.7199999999999999,0.0,0.0,0.0,0.0,0,1.575,0.48125,4.99375,0.6123697916666666,0.052473958333333334,0.0,0.0,0.125,1.5376125016087288,127.22791614587523,0.835480707930401,partition_only,0.9005052503840321,0.03984375000000007
flocking_topology_resilient,11006,3.9090239730388534,0.668710574760785,0.5227864583333333,1.0270217060500464,0.5988967060500465,0.4375,0.0,0.5625,0.0625,0.0,0.0,0.32942708333333337,77,0.6635453036023418,1.1945886498422715,3.52894736642551,7.278693120757971,0.9795758928571429,0.0,1.9185315426723264,3.6960617517773002,4.817492144001849,1.9576113210525363,8.0,1.0,0.0,0.4375,0.0,2.15625,5.90625,0.73828125,5.691666666666667,0.4131375197560258,0.2885416666666667,0.0,0,0.18125,18,37.1375,0.18125,0.1458333333333333,,2892,555264,0.7199999999999999,0.0,0.0,0.0,0.0,0,1.525,0.48125,5.39375,0.660546875,0.05091145833333334,0.0,0.0,0.0875,1.5323227787973814,167.06007075364974,0.8710116669535637,partition_only,0.8054113501577285,0.029575892857142905
flocking_topology_resilient,11007,1.1843528569534374,0.6649667634983106,0.615625,1.0163328744909506,0.5882078744909507,0.4375,0.0,0.5625,0.0625,0.0,0.0,0.2401041666666667,114,0.6695818615981209,1.7195875346294145,4.322254067712246,10.821711433209199,0.9674479166666666,0.0,1.896004034045788,3.708275517491482,4.702087555317057,2.0058473464005413,8.0,1.0,0.0,0.4375,0.0,2.16875,5.5,0.6875,5.322916666666667,0.33643227732916986,0.33463541666666663,0.0,0,0.10625,9,34.1375,0.10625,0.08333333333333337,,2739,525888,0.7199999999999999,0.0,0.0,0.0,0.0,0,1.78125,0.7125,5.01875,0.6174479166666667,0.04765625,0.0,0.0,0.10625,1.5500535328049505,160.07723847299022,0.8314153749961406,partition_only,0.2804124653705855,0.017447916666666674
flocking_topology_resilient,11008,1.4702362257501405,0.6130108902616427,0.6046875,0.9656649426814912,0.5422274426814911,0.44375,0.0,0.55625,0.0625,0.2,0.00625,0.2309895833333333,3,0.6198423868645208,1.4785420415573145,5.099503857591614,12.010461879900596,0.97734375,0.0,1.9194251457400273,3.7235456040661865,4.658724342720379,1.9093105067061096,8.0,1.0,0.0,0.4375,0.0,2.0375,5.775,0.721875,5.476041666666667,0.3432129282131575,0.3154947916666667,0.0,0,0.3,26,35.23125,0.3,0.14583333333333334,,2748,527616,0.7199999999999999,0.0,0.0,0.0,0.0,0,1.54375,0.50625,4.96875,0.60625,0.07669270833333333,0.0,0.0,0.0375,1.540656360022105,132.79807336473948,0.8640435000415891,partition_only,0.5214579584426855,0.02734375
flocking_topology_resilient,11009,3.798238414682703,0.864385344267655,0.5096354166666667,1.1455049240109705,0.7173799240109707,0.4375,0.0,0.5625,0.0625,0.0,0.0,0.20000000000000626,79,0.8767663936733031,1.2515366567099482,3.4440424233031197,5.5616995575732755,0.99609375,0.0,1.9621146588863234,3.6879193566849446,4.661672934784372,1.9494880595366584,8.0,1.0,0.0,0.4375,0.0,2.09375,5.55625,0.69453125,5.196875,0.37056448266633163,0.350390625,0.0,0,0.2625,23,33.61875,0.26875,0.14583333333333337,,2761,530112,0.7199999999999999,0.0,0.0,0.0,0.0,0,1.55625,0.4875,4.8875,0.5979166666666667,0.050911458333339585,0.10625,0.08125,0.3,1.565184286892236,178.99562377149257,0.8069339171051979,partition_only,0.7484633432900518,0.046093750000000044
flocking_topology_resilient,11010,3.9939478811695,1.081388444355986,0.5213541666666667,1.3400242440379793,0.9118992440379795,0.4375,0.0,0.5625,0.0625,0.0,0.0,0.3114583333333333,76,1.0832512157152632,1.417401359223774,3.5641652474869128,42.85025214345982,0.9789806547619048,0.0,2.0214598317045094,3.7091884836266105,4.862651469006505,1.9893353613003988,8.0,1.0,0.0,0.4375,0.0,2.20625,5.81875,0.72734375,5.614583333333333,0.3936997203206863,0.29817708333333337,0.0,0,0.1125,10,36.7875,0.1125,0.125,,2902,557184,0.7199999999999999,0.0,0.0,0.0,0.0,0,1.5,0.475,5.35625,0.6541666666666667,0.047265625,0.01875,0.01875,0.15,1.5634038874795233,124.42114428896245,0.8674408330116421,partition_only,0.582598640776226,0.02898065476190481
flocking_topology_resilient,11011,3.9152875092453714,0.8106014008732714,0.5188802083333334,1.1250809362132574,0.6969559362132575,0.4375,0.0,0.5625,0.0625,0.0,0.0,0.22031250000000627,77,0.8144488408207434,1.1163786878769208,3.4598030328086256,6.097764723481535,0.9837053571428571,0.0,2.010367048848484,3.702051844072284,4.723000139650555,1.9633547148923938,8.0,1.0,0.0,0.4375,0.0,2.0625,5.5375,0.6921875,5.21875,0.3136442180661295,0.34765625,0.0,0,0.25625,23,34.1375,0.2625,0.125,,2748,527616,0.7199999999999999,0.0,0.0,0.0,0.0,0,1.55,0.48125,5.0,0.609375,0.04192708333333958,0.0,0.0,0.14375,1.5393871431116353,127.13494700414444,0.8098117499612272,partition_only,0.8836213121230792,0.03370535714285716
flocking_topology_resilient,11012,3.9096974969955225,0.6639243622502905,0.5377604166666666,1.006457071847841,0.5783320718478409,0.4375,0.0,0.5625,0.0625,0.0,0.0,0.4239583333333333,75,0.6724913528951935,1.1435885912496269,3.686345594112741,9.965537103722278,0.97109375,0.0,2.097243404988191,3.6861467164104447,5.027246379394721,1.9245153147559648,8.0,1.0,0.0,0.4375,0.0,1.44375,6.24375,0.78046875,6.058333333333333,0.4460678367750314,0.24270833333333336,0.0,0,0.025,3,40.0,0.025,0.08333333333333331,,3414,655488,0.7199999999999999,0.0,0.0,0.0,0.0,0,1.49375,0.46875,5.76875,0.7119791666666666,0.0453125,0.01875,0.01875,0.10625,1.565831326063064,175.3612272854259,1.0049612079747021,partition_only,0.8564114087503731,0.021093750000000022
flocking_topology_resilient,11013,4.056436158510522,0.8908610958519814,0.509765625,1.199321447785006,0.7711964477850062,0.4375,0.0,0.5625,0.0625,0.0,0.0,0.12578125,114,0.9023075117083729,0.9617850308923632,3.007857899693476,9.466301854942273,0.99375,0.0,1.9405088318326293,3.698610454482303,4.8942772528047715,1.979205958272231,8.0,1.0,0.0,0.4375,0.0,2.24375,5.0875,0.6359375,4.80625,0.3869113476225032,0.39921875,0.0,0,0.125,14,30.99375,0.125,0.16666666666666663,,2906,557952,0.7199999999999999,0.0,0.0,0.0,0.0,0,1.775,0.7125,4.63125,0.560546875,0.03984375,0.0,0.0,0.09375,1.5486200248391788,158.37069391480918,0.8534598748665303,partition_only,1.0382149691076368,0.04375000000000007
flocking_topology_resilient,11014,1.3300690954429033,0.66835500768344,0.621484375,1.0104568221099068,0.5917068221099069,0.45,0.0,0.55,0.0625,0.0,0.0,0.25078125,130,0.6725886373011816,1.6831973343699453,4.380731521311373,5.588482959283989,0.98125,0.0,2.1380936248105242,3.7151504907014754,4.650216112798191,1.932826536881017,8.0,1.0,0.0,0.4375,0.0,2.05625,5.6875,0.7109375,5.4375,0.29068859949322284,0.3203125,0.0,0,0.225,21,34.9875,0.225,0.08333333333333337,,2731,524352,0.7199999999999999,0.0,0.0,0.0,0.0,0,1.89375,0.8125,5.0625,0.6233072916666667,0.05481770833333334,0.0,0.0,0.1,1.5399511513559152,151.80032766900504,0.8445435001049191,partition_only,0.31680266563005466,0.03125
flocking_topology_resilient,11015,1.1901279084381011,0.7222302669345602,0.6622395833333333,1.061952638122883,0.6444526381228831,0.45,0.0,0.55,0.05,0.0,0.0,0.33203125,140,0.7230575435796641,1.950351334170509,5.475570702828645,7.737646363186503,0.9496279761904762,0.0,2.0482418127758772,3.7059925556997846,4.7898978600709885,1.9820514525465076,8.0,1.0,0.0,0.4375,0.0,2.11875,5.90625,0.73828125,5.710416666666667,0.2685268510833172,0.2861979166666667,0.0,0,0.16875,15,37.08125,0.16875,0.125,,2902,557184,0.7199999999999999,0.0,0.0,0.0,0.0,0,1.925,0.875,5.4,0.6651041666666666,0.04791666666666667,0.00625,0.00625,0.18125,1.5336545963409016,149.13857658754455,0.8559122080914676,partition_only,0.04964866582949101,0.00037202380952372494
flocking_topology_resilient,11016,3.65855121409625,0.7919748864552475,0.5498697916666667,1.1130684320882254,0.6896309320882252,0.44375,0.0,0.55625,0.0625,0.0,0.0,0.2515625,76,0.7887708783054063,1.321138680884433,4.611282764510976,8.489889012376738,0.971875,0.0,2.0949804873464237,3.71883119913,4.714133718443097,1.9118088003589135,8.0,1.0,0.0,0.4375,0.0,1.9875,5.74375,0.71796875,5.49375,0.40442389443235305,0.31328125,0.0,0,0.25,23,35.0875,0.25,0.125,,2764,530688,0.7199999999999999,0.0,0.0,0.0,0.0,0,1.55,0.475,5.05,0.6233072916666667,0.06328125,0.0,0.0,0.1,1.5400210831685888,112.60224945402837,0.8413177498150617,partition_only,0.678861319115567,0.02187500000000009
flocking_topology_resilient,11017,3.9537822278628942,0.7312098875341098,0.52734375,1.0266524154954302,0.6079024154954302,0.45,0.0,0.55,0.0625,0.0,0.0,0.15,77,0.7631211672705152,1.0943563091535722,2.999318540327941,25.358322778468914,0.98203125,0.0,1.7709837671056043,3.692517921729727,4.879735384774958,1.960687991456907,8.0,1.0,0.0,0.4375,0.0,2.175,5.15625,0.64453125,4.96875,0.27330265895708117,0.37890625,0.0,0,0.09375,9,31.5875,0.09375,0.08333333333333337,,2901,556992,0.7199999999999999,0.0,0.0,0.0,0.0,0,1.50625,0.48125,4.6875,0.57109375,0.04765625,0.0,0.0,0.05625,1.5673405631044282,162.9828369268236,0.8467562920413911,partition_only,0.9056436908464278,0.03203125000000007
flocking_topology_resilient,11018,3.9386656354615397,0.8577292611645742,0.507421875,1.2069599005510248,0.778834900551025,0.4375,0.0,0.5625,0.0625,0.0,0.0,0.29375,76,0.8609357931864715,1.313437913000802,4.550203841139436,7.577096184761682,0.9763392857142857,0.0,2.0826272220194944,3.699319517911244,4.775654283505792,1.9980207434945505,8.0,1.0,0.0,0.4375,0.0,2.2,5.8625,0.7328125,5.5625,0.1590490196523604,0.3046875,0.0,0,0.125,13,36.03125,0.125,0.10416666666666669,,2904,557568,0.7199999999999999,0.0,0.0,0.0,0.0,0,1.5,0.4875,5.26875,0.64609375,0.0484375,0.04375,0.04375,0.1875,1.5632730939563504,160.43947356350347,0.8329482499975711,partition_only,0.686562086999198,0.026339285714285787
flocking_topology_resilient,11019,1.116245742583166,0.6319578757928254,0.5837239583333333,0.980737132718961,0.5619871327189608,0.45,0.0,0.55,0.0625,0.0,0.0,0.2049479166666667,111,0.6540882068545002,1.5593406429857861,4.223441126630369,7.374821494238345,0.9808035714285716,0.0,1.98053634130206,3.689621644114914,4.705066648190316,1.9504366203886783,8.0,1.0,0.0,0.4375,0.0,2.13125,5.375,0.671875,5.119791666666667,0.3537063336580813,0.3600260416666667,0.0,0,0.24375,22,33.38125,0.24375,0.12499999999999994,,2744,526848,0.7199999999999999,0.0,0.0,0.0,0.0,0,1.74375,0.69375,4.9625,0.6016927083333334,0.0375,0.0375,0.0375,0.13125,1.537064767617535,187.91350774811812,0.8012429589871317,partition_only,0.4406593570142139,0.030803571428571597
flocking_topology_resilient,11020,4.142998408611872,0.7936134079780824,0.5087239583333334,1.1853296513420812,0.7659546513420812,0.45,0.0,0.55,0.06875,0.5,0.01875,0.3182291666666667,76,0.8465031698608715,1.235231845587664,3.8771071903176697,29.665069378755287,0.96953125,0.0,2.0144032189360472,3.6912443123619796,4.843814178550468,1.9874059871254963,8.0,1.0,0.0,0.4375,0.0,2.175,5.875,0.734375,5.632291666666667,0.5479370727194289,0.29596354166666666,0.0,0,0.13125,16,36.58125,0.13125,0.08333333333333337,,2908,558336,0.7199999999999999,0.0,0.0,0.0,0.0,0,1.54375,0.49375,5.34375,0.6571614583333333,0.0453125,0.025,0.025,0.15625,1.562874651910427,168.41132149160168,0.8500428749248385,partition_only,0.7647681544123359,0.01953125
flocking_topology_resilient,11021,3.983669137729868,0.7600914036240237,0.5348958333333333,1.0588551470958358,0.639480147095836,0.45,0.0,0.55,0.06875,0.0,0.0,0.24296875,78,0.7476703781665223,1.2293890860216337,3.8434018768966896,15.866899572592894,0.96015625,0.0,2.0346866616697903,3.6899387513923125,4.707499615240167,2.0456193464298544,8.0,1.0,0.0,0.4375,0.0,2.15,5.55,0.69375,5.355208333333334,0.27736942051797386,0.3305989583333333,0.0,0,0.14375,17,34.2875,0.14375,0.125,,2737,525504,0.7199999999999999,0.0,0.0,0.0,0.0,0,1.53125,0.49375,5.01875,0.61796875,0.04986979166666667,0.0,0.0,0.11875,1.5900273534172467,163.51767566386619,0.8177718750666827,partition_only,0.7706109139783663,0.010156250000000089
flocking_topology_resilient,11022,3.7517065717541533,0.7244780938274672,0.5091145833333333,1.0605726478232969,0.6371351478232968,0.44375,0.0,0.55625,0.0625,0.0,0.0,0.20885416666667292,118,0.7269658021654641,1.1178466999759071,3.2724080108175713,5.8350259288075055,0.9912946428571429,0.0,1.9650295246140808,3.6793672237038813,4.6985432221305246,1.9957968408298186,8.0,1.0,0.0,0.4375,0.0,2.075,5.54375,0.69296875,5.2020833333333325,0.5574076139245404,0.3497395833333334,0.0,0,0.2375,23,33.2875,0.24375,0.062499999999999944,,2750,528000,0.7199999999999999,0.0,0.0,0.0,0.0,0,1.89375,0.75625,4.9,0.6020833333333333,0.04544270833333958,0.0,0.0,0.29375,1.5621288362713206,201.7587866311277,0.8042167499661446,partition_only,0.8821533000240929,0.041294642857142905
flocking_topology_resilient,11023,1.395336531643852,0.6767149506567659,0.614453125,1.018670670040926,0.6011706700409261,0.45,0.0,0.55,0.05,0.0,0.0,0.23359375,140,0.7049247812014962,1.8521971634860854,4.601985705604029,5.9388275731252,0.96640625,0.0,1.9649010526258768,3.7053791311779394,4.679714321270102,1.9775760235541255,8.0,1.0,0.0,0.4375,0.0,2.11875,5.69375,0.71171875,5.398958333333334,0.4387394028254123,0.32513020833333334,0.0,0,0.175,17,34.98125,0.175,0.10416666666666669,,2738,525696,0.7199999999999999,0.0,0.0,0.0,0.0,0,1.925,0.875,5.025,0.614453125,0.05885416666666667,0.0,0.0,0.08125,1.5330675786175176,165.93089322984122,0.8265657499432564,partition_only,0.14780283651391457,0.016406250000000067
flocking_topology_resilient,11024,1.392707933928752,0.6659866570164976,0.6055989583333334,1.0443743196375663,0.6256243196375665,0.45,0.0,0.55,0.0625,0.06521739130434782,0.01875,0.23463541666666665,132,0.9703658210913896,3.525806109413691,4.284950178212534,165.25197790177765,0.9513020833333332,0.0,2.0515980607959734,3.7004321008688223,4.756814102756424,1.9062736058956333,8.0,1.0,0.0,0.4375,0.0,2.0625,5.575,0.696875,5.326041666666667,0.4577162468746282,0.3342447916666667,0.0,0,0.2375,22,34.59375,0.2375,0.10416666666666669,,2746,527232,0.7199999999999999,0.0,0.0,0.0,0.0,0,1.8875,0.825,5.0375,0.615234375,0.04973958333333333,0.0,0.0,0.09375,1.5353963874850145,159.1930427496282,0.8236183749977499,partition_only,1.5258061094136912,0.0013020833333332593
flocking_topology_resilient,11025,3.8812573534033294,0.8881830019568563,0.5196614583333333,1.1757209502146302,0.7582209502146302,0.45,0.0,0.55,0.05,0.0,0.0,0.13541666666666669,140,0.8987560056740915,1.1930688920603891,3.7542606205145894,10.228752608826245,0.9739583333333333,0.0,1.9025860197627935,3.6927501775964915,4.867646714867209,1.9181893112133495,8.0,1.0,0.0,0.4375,0.0,2.1875,5.2125,0.6515625,4.922916666666667,0.37176833040914586,0.3846354166666667,0.0,0,0.1375,14,31.5375,0.1375,0.12499999999999994,,2890,554880,0.7199999999999999,0.0,0.0,0.0,0.0,0,1.9375,0.875,4.65625,0.5649739583333333,0.049609375,0.0,0.0,0.1375,1.5316072668227498,170.61007017580633,0.8412172498647124,partition_only,0.8069311079396109,0.023958333333333304
flocking_topology_resilient,11026,1.1515736180206515,0.6361490341683577,0.6583333333333333,0.9847867318944212,0.5566617318944214,0.4375,0.0,0.5625,0.0625,0.0,0.0,0.33072916666666663,114,0.644893031580505,1.5535898860221091,3.9309808080175523,7.451001537936361,0.9795758928571429,0.0,1.9299739628888628,3.689393023751557,4.856768664935226,2.0215516494039347,8.0,1.0,0.0,0.4375,0.0,2.16875,5.8625,0.7328125,5.6875,0.41759808245770313,0.2890625,0.0,0,0.125,11,37.3375,0.125,0.10416666666666669,,2906,557952,0.7199999999999999,0.0,0.0,0.0,0.0,0,1.8,0.7125,5.43125,0.6645833333333333,0.04635416666666667,0.0,0.0,0.08125,1.5616231891802423,164.01152757628128,0.8842135409358889,partition_only,0.4464101139778909,0.029575892857142905
flocking_topology_resilient,11027,3.937544573783462,0.6847307989200303,0.5138020833333333,1.0386986917226828,0.6105736917226829,0.4375,0.0,0.5625,0.0625,0.0,0.0,0.1359375,80,0.7085242519779484,1.1056212711526914,3.2932480343378927,7.351138998559676,0.981733630952381,0.0,2.0228827591507668,3.6917916571584564,4.827903341445212,1.9813217250203725,8.0,1.0,0.0,0.4375,0.0,2.15625,5.20625,0.65078125,4.915625,0.3300098140897997,0.385546875,0.0,0,0.14375,18,31.2875,0.14375,0.125,,2923,561216,0.7199999999999999,0.0,0.0,0.0,0.0,0,1.51875,0.50625,4.65625,0.5647135416666667,0.04895833333333333,0.0,0.0,0.2,1.5570108791703958,195.2553936575599,0.834495916031301,partition_only,0.8943787288473086,0.03173363095238102
flocking_topology_resilient,11028,3.4561241389191784,0.7492133093000886,0.5518229166666729,1.0896391237899206,0.6708891237899207,0.45,0.0,0.55,0.0625,0.0,0.0,0.2502604166666729,77,0.7539653434404928,1.4537287629913902,4.381045923716793,5.745196440733823,0.9796875,0.0,1.9561138956563595,3.7044936708174054,4.615379883748415,1.9877687404693738,8.0,1.0,0.0,0.4375,0.0,1.9625,5.83125,0.72890625,5.5375,0.32329857081691155,0.3078125,0.0,0,0.26875,25,35.53125,0.26875,0.16666666666566665,,2776,532992,0.7199999999999999,0.0,0.0,0.0,0.0,0,1.55,0.48125,5.0375,0.6171875000000062,0.0734375,0.01875,0.01875,0.09375,1.532304438597982,150.24973264198516,0.8330357919912785,partition_only,0.5462712370086098,0.02968750000000009
flocking_topology_resilient,11029,1.0826755153163663,0.6008058397618152,0.5558593750000063,0.9588611249308154,0.5354236249308153,0.44375,0.0,0.55625,0.0625,0.0,0.0,0.1398437500000062,114,0.623143764087266,1.4400222735269348,3.675047627687107,4.996380197953552,1.0,0.0,1.9663713544277315,3.6975578981246207,4.86268588780522,1.926476554351884,8.0,1.0,0.0,0.4375,0.0,2.18125,5.11875,0.63984375,4.934375,0.41312227028916987,0.383203125,0.0,0,0.0875,8,31.3875,0.0875,0.125,,2894,555648,0.7199999999999999,0.0,0.0,0.0,0.0,0,1.78125,0.7125,4.66875,0.568359375,0.04687500000000625,0.0,0.0,0.09375,1.5352079752076615,153.83098451889308,0.8487134999595582,partition_only,0.5599777264730652,0.050000000000000044
flocking_robust_active,11000,2.0991124336767157,0.6584869008759575,0.7622023809523808,0.9142198542999553,0.5704698542999553,0.55,0.0,0.45,0.0625,0.0,0.0,0.5535714285714286,77,0.6732119733770866,1.7115527368222434,3.8433051240015925,9.231754224815914,0.9688616071428571,0.0,2.157855961976821,3.705699071258021,4.766545691563424,1.9630527469286605,8.0,1.0,0.0,0.4375,0.15714285714285714,1.0,8.0,1.0,7.8875,0.0,0.0,0.0,0,0.0,0,0.0,0.0,0.0,,2825,542400,0.7199999999999999,0.0,0.0,0.0,0.0,0,1.5,0.48125,6.0,0.7622023809523808,0.23545386904761906,0.0,0.0,0.1125,1.5481827694193415,166.49855235256254,0.8846964170224965,asymmetric_partition,0.2884472631777566,0.018861607142857117
flocking_robust_active,11001,2.270215596297982,0.6838596947110445,0.7609821428571429,1.0231321518232626,0.6887571518232626,0.5625,0.0,0.4375,0.0625,0.375,0.01875,0.5575,76,0.9338004391162359,3.3370731361982964,4.833937482158564,143.21746583837304,0.9584374999999999,0.0,1.917024869647782,3.7097281719262845,4.737850762784892,1.908813399533886,8.0,1.0,0.0,0.4375,0.17142857142857143,1.0,8.0,1.0,7.8375,0.0,0.0,0.0,0,0.0,0,0.0,0.0,0.0,,2849,547008,0.7199999999999999,0.0,0.0,0.0,0.0,0,1.475,0.475,5.9625,0.7640178571428571,0.23598214285714283,0.03125,0.03125,0.15625,1.5326497649029893,127.16414439406371,0.9202321250922978,asymmetric_partition,1.3370731361982964,0.008437499999999987
flocking_robust_active,11002,2.207161456258048,0.6147571947974388,0.7658630952380951,0.8882651180980158,0.5538901180980158,0.5625,0.0,0.4375,0.0625,0.0,0.0,0.5608928571428571,76,0.6320920797030893,1.51107264200227,3.452765909360045,5.210269145563598,0.984375,0.0,1.9480760537002972,3.693241004543219,4.83648633797566,1.9344003835593817,8.0,1.0,0.0,0.4375,0.17142857142857143,1.0,8.0,1.0,7.93125,0.0,0.0,0.0,0,0.0,0,0.0,0.0,0.0,,2844,546048,0.7199999999999999,0.0,0.0,0.0,0.0,0,1.475,0.475,6.06875,0.7658630952380951,0.23413690476190477,0.0,0.0,0.06875,1.5301265061446077,176.44888593848148,0.887932333862409,asymmetric_partition,0.48892735799773,0.034375000000000044
flocking_robust_active,11003,2.1586158554790313,0.6604994481899118,0.7574776785714286,0.9327340897839532,0.5877340897839533,0.55,0.0,0.45,0.075,0.0,0.0,0.5641741071428571,79,0.694682892285164,1.8825066115912938,4.832560708882968,7.975596939121759,0.96359375,0.0,2.104938520521144,3.714384393339576,4.940567590488252,1.90155566988226,8.0,1.0,0.0,0.4375,0.14285714285714285,1.0,8.0,1.0,7.8625,0.0,0.0,0.0,0,0.0,0,0.0,0.0,0.0,,3218,617856,0.7199999999999999,0.0,0.0,0.0,0.0,0,1.5,0.48125,5.94375,0.7590401785714286,0.23783482142857143,0.00625,0.00625,0.1375,1.5809049765561987,124.38498457837993,0.9495692499913275,asymmetric_partition,0.11749338840870616,0.013593750000000071
flocking_robust_active,11004,2.3387962382100724,0.6608574237399818,0.7547991071428571,1.0230406182384386,0.6883531182384385,0.56875,0.0,0.43125,0.1125,0.2727272727272727,0.01875,0.5533482142857142,78,1.1033066517483994,3.9067831383042972,4.884576896878587,126.17291161027543,0.9443080357142858,0.0,2.096193076726889,3.694421069089801,4.710074720793332,1.9358579428148572,8.0,1.0,0.0,0.4375,0.2,1.0,8.0,1.0,7.85625,0.0,0.0,0.0,0,0.0,0,0.0,0.0,0.0,,2839,545088,0.7199999999999999,0.0,0.0,0.0,0.0,0,1.5,0.4875,5.925,0.7563616071428572,0.24051339285714288,0.025,0.01875,0.1375,1.5525439018534057,161.76545739413785,0.8691857920493931,asymmetric_partition,1.9067831383042972,0.005691964285714168
flocking_robust_active,11005,2.115220216757051,0.60255444831316,0.759375,0.9011152610672728,0.5667402610672727,0.5625,0.0,0.4375,0.0625,0.3333333333333333,0.01875,0.5515625,77,0.6592148929691333,1.6363405375019524,4.065489631973408,7.689183400474414,0.9723958333333333,0.0,1.9391515731196496,3.7051680556661375,4.782225240051158,1.909828261660103,8.0,1.0,0.0,0.4375,0.15714285714285714,1.0,8.0,1.0,7.88125,0.0,0.0,0.0,0,0.0,0,0.0,0.0,0.0,,2830,543360,0.7199999999999999,0.0,0.0,0.0,0.0,0,1.4875,0.48125,5.96875,0.759375,0.23984375,0.0,0.0,0.11875,1.5390886416946654,128.59353699218676,0.900730709079653,asymmetric_partition,0.3636594624980476,0.022395833333333393
flocking_robust_active,11006,2.2119168681227896,0.6227339382253266,0.7574776785714286,0.9187642729315264,0.5797017729315266,0.55625,0.0,0.44375,0.0625,0.125,0.00625,0.55625,77,0.6416340177028105,1.521022406793111,3.8252806563515622,5.981613955158259,0.9875,0.0,1.914457077005317,3.68300272284264,4.913475175474837,1.8978621108079938,8.0,1.0,0.0,0.4375,0.17142857142857143,1.0,8.0,1.0,7.90625,0.0,0.0,0.0,0,0.0,0,0.0,0.0,0.0,,3170,608640,0.7199999999999999,0.0,0.0,0.0,0.0,0,1.4875,0.48125,5.99375,0.7598214285714285,0.23939732142857145,0.0,0.0,0.09375,1.5321809408601972,168.06077730267768,0.9388775839470327,asymmetric_partition,0.47897759320688893,0.03750000000000009
flocking_robust_active,11007,2.163608676054364,0.603264499923408,0.7546875,0.8789606405479411,0.5398981405479413,0.55625,0.0,0.44375,0.0625,0.0,0.0,0.55703125,78,0.602354783892961,1.345871754480034,2.977165208741972,4.14468590677885,0.9921875,0.0,1.8369049824055246,3.706801050495655,4.749645771444026,1.9458630935552548,8.0,1.0,0.0,0.4375,0.17142857142857143,1.0,8.0,1.0,7.8875,0.0,0.0,0.0,0,0.0,0,0.0,0.0,0.0,,2813,540096,0.7199999999999999,0.0,0.0,0.0,0.0,0,1.5,0.4875,5.94375,0.75546875,0.2421875,0.0,0.0,0.1125,1.5497625021158867,159.74100083567168,0.8770097920205444,asymmetric_partition,0.654128245519966,0.042187500000000044
flocking_robust_active,11008,2.1412674319301024,0.6245232894957871,0.7504464285714285,0.9274628441286901,0.58840034412869,0.55625,0.0,0.44375,0.0625,0.3333333333333333,0.01875,0.5571428571428572,78,0.6828610019939289,1.754202480032499,4.182334665660404,8.480399738038326,0.9630208333333334,0.0,1.948688401593481,3.7147810610956795,4.818182381332585,1.930834468722964,8.0,1.0,0.0,0.4375,0.17142857142857143,1.0,8.0,1.0,7.95625,0.0,0.0,0.0,0,0.0,0,0.0,0.0,0.0,,2831,543552,0.7199999999999999,0.0,0.0,0.0,0.0,0,1.5125,0.4875,6.00625,0.7559151785714285,0.24017857142857144,0.0,0.0,0.04375,1.5402816292406065,132.0149619585823,0.9104243749752641,asymmetric_partition,0.2457975199675011,0.013020833333333481
flocking_robust_active,11009,2.291583258014338,0.6574580344610556,0.7644866071428572,0.9514162989749853,0.6257912989749852,0.575,0.0,0.425,0.06875,0.2,0.0125,0.5731026785714286,76,0.967344896365708,3.5762729396897455,3.8892358389273505,180.9553282294365,0.9652901785714285,0.0,1.8986442524472877,3.696051311523843,4.707831748362052,1.955706646450088,8.0,1.0,0.0,0.4375,0.2,1.0,8.0,1.0,7.65,0.0,0.0,0.0,0,0.0,0,0.0,0.0,0.0,,2848,546816,0.7199999999999999,0.0,0.0,0.0,0.0,0,1.48125,0.46875,5.85625,0.7716964285714285,0.22627232142857143,0.10625,0.08125,0.30625,1.5649930363426703,179.3098337934535,0.8802109169773757,asymmetric_partition,1.5762729396897455,0.015290178571428559
flocking_robust_active,11010,2.276059724875036,0.6843376058716485,0.7582366071428571,0.9432407293383035,0.6041782293383035,0.55625,0.0,0.44375,0.0625,0.0,0.0,0.5580357142857142,78,0.6723783983992707,1.689171812835593,4.051979161324302,6.159675369921911,0.9709821428571429,0.0,1.9723577306765527,3.712114462342727,4.762710217581744,1.9276468941296474,8.0,1.0,0.0,0.4375,0.17142857142857143,1.0,8.0,1.0,7.84375,0.0,0.0,0.0,0,0.0,0,0.0,0.0,0.0,,2842,545664,0.7199999999999999,0.0,0.0,0.0,0.0,0,1.5,0.4875,5.925,0.7582366071428571,0.23941964285714284,0.01875,0.01875,0.15,1.5649613326788003,126.73016279475809,0.8742826669476926,asymmetric_partition,0.31082818716440697,0.02098214285714295
flocking_robust_active,11011,2.121717457773867,0.6677521317664644,0.7657366071428571,0.9249742461441715,0.5946617461441714,0.56875,0.0,0.43125,0.06875,0.0,0.0,0.5642857142857143,76,0.6630872922644457,1.6667725438442644,4.393701067421511,9.190886626972137,0.9517187500000001,0.0,1.9934338662069329,3.7023423663904693,4.8192500048075875,1.9240866307219033,8.0,1.0,0.0,0.4375,0.2,1.0,8.0,1.0,7.86875,0.0,0.0,0.0,0,0.0,0,0.0,0.0,0.0,,2816,540672,0.7199999999999999,0.0,0.0,0.0,0.0,0,1.48125,0.46875,6.025,0.7665178571428571,0.2319196428571429,0.0,0.0,0.13125,1.5398370927859244,122.98676653368409,0.8975968339946121,asymmetric_partition,0.33322745615573557,0.0017187500000001021
flocking_robust_active,11012,2.181450760835125,0.6728983757914012,0.7602678571428572,0.9380739599491505,0.5990114599491504,0.55625,0.0,0.44375,0.0625,0.125,0.00625,0.5588169642857143,77,0.7041052658518023,1.8228085935300247,4.736128566080372,10.162992362460091,0.9591517857142857,0.0,2.1109307599566174,3.6786660398464597,4.9487862576508395,1.957516155349555,8.0,1.0,0.0,0.4375,0.17142857142857143,1.0,8.0,1.0,7.875,0.0,0.0,0.0,0,0.0,0,0.0,0.0,0.0,,3207,615744,0.7199999999999999,0.0,0.0,0.0,0.0,0,1.4875,0.48125,5.975,0.7602678571428572,0.23895089285714288,0.01875,0.01875,0.11875,1.5656985051093124,174.11149461696385,0.9590793331153691,asymmetric_partition,0.17719140646997533,0.009151785714285765
flocking_robust_active,11013,2.1478192503416604,0.6634294528976513,0.76171875,0.9343374682813339,0.5952749682813339,0.55625,0.0,0.44375,0.0625,0.0,0.0,0.55625,76,0.6552733641783258,1.6214994757139685,3.7122496282094204,9.585449754183937,0.9684151785714284,0.0,1.828836072482154,3.703976990968877,4.783275463037418,1.9646847747282123,8.0,1.0,0.0,0.4375,0.17142857142857143,1.0,8.0,1.0,7.93125,0.0,0.0,0.0,0,0.0,0,0.0,0.0,0.0,,2863,549696,0.7199999999999999,0.0,0.0,0.0,0.0,0,1.48125,0.475,6.0375,0.7625,0.23671875,0.0,0.0,0.06875,1.5461381819640574,151.74765801214065,0.9136715419590473,asymmetric_partition,0.37850052428603154,0.018415178571428492
flocking_robust_active,11014,2.156161619493769,0.6644913912716078,0.7580357142857143,0.940427012354295,0.6060520123542951,0.5625,0.0,0.4375,0.0625,0.1111111111111111,0.00625,0.5677455357142858,77,0.6735956489292788,1.698079489557492,4.210629363889422,5.590246150098208,0.9828125,0.0,2.0763310225377305,3.7145980499802342,4.679677360046853,1.9451465564346786,8.0,1.0,0.0,0.4375,0.17142857142857143,1.0,8.0,1.0,7.89375,0.0,0.0,0.0,0,0.0,0,0.0,0.0,0.0,,2818,541056,0.7199999999999999,0.0,0.0,0.0,0.0,0,1.5,0.48125,6.00625,0.7616071428571429,0.23604910714285712,0.0,0.0,0.10625,1.540932639458839,151.13355206604254,0.8760446249507368,asymmetric_partition,0.301920510442508,0.03281250000000002
flocking_robust_active,11015,2.1782392850598593,0.6645913069121948,0.76078125,0.9391396079906272,0.6000771079906272,0.55625,0.0,0.44375,0.0625,0.0,0.0,0.56328125,77,0.6803954163766596,1.722543685570598,4.089826195295795,9.340062105738058,0.9743675595238095,0.0,2.017348050606066,3.7104404938404856,4.711626082470451,1.9270502910526535,8.0,1.0,0.0,0.4375,0.17142857142857143,1.0,8.0,1.0,7.80625,0.0,0.0,0.0,0,0.0,0,0.0,0.0,0.0,,2844,546048,0.7199999999999999,0.0,0.0,0.0,0.0,0,1.5,0.48125,5.94375,0.7631249999999999,0.23453125000000002,0.025,0.025,0.1875,1.5349768343450023,151.0575380093953,0.8580601660069078,asymmetric_partition,0.277456314429402,0.024367559523809534
flocking_robust_active,11016,2.170001870253227,0.7030340298149872,0.7591889880952382,0.9508777371134294,0.6211902371134294,0.56875,0.0,0.43125,0.0625,0.0,0.0,0.5645833333333334,76,0.6955292237792178,1.8457602823142085,5.3047520235578824,7.177726233921652,0.9513020833333334,0.0,2.0374848957784275,3.7215262817784933,4.761900864820208,1.9286460074079994,8.0,1.0,0.0,0.4375,0.17142857142857143,1.0,8.0,1.0,7.9,0.0,0.0,0.0,0,0.0,0,0.0,0.0,0.0,,2848,546816,0.7199999999999999,0.0,0.0,0.0,0.0,0,1.4875,0.475,6.0125,0.7632068452380952,0.23444940476190473,0.0,0.0,0.1,1.5407086529542102,111.69958098275414,0.9105226248502731,asymmetric_partition,0.15423971768579148,0.0013020833333334814
flocking_robust_active,11017,2.2814340816378342,0.6439664057671667,0.7550967261904762,1.025431182903416,0.700118682903416,0.58125,0.0,0.41875,0.1125,0.4166666666666667,0.03125,0.5509672619047619,77,1.0825914391158868,3.673056694206319,3.8747093551332394,121.98095238041269,0.9544270833333334,0.0,1.8457660162951393,3.6878887307367068,4.8064151170192115,1.9513843257811618,8.0,1.0,0.0,0.4375,0.21428571428571427,1.0,8.0,1.0,7.93125,0.0,0.0,0.0,0,0.0,0,0.0,0.0,0.0,,2850,547200,0.7199999999999999,0.0,0.0,0.0,0.0,0,1.5,0.48125,6.03125,0.7604166666666666,0.23545386904761906,0.0,0.0,0.06875,1.5669001786000682,168.47214368921854,0.8746215831488371,asymmetric_partition,1.673056694206319,0.004427083333333415
flocking_robust_active,11018,2.1266619033838685,0.6955363521168233,0.7551339285714286,0.966961556767815,0.627899056767815,0.55625,0.0,0.44375,0.0625,0.0,0.0,0.5589285714285714,78,0.7312928063667156,1.9427002376989724,4.552051833208329,10.098033439690543,0.9569196428571429,0.0,2.114835202731797,3.7021362811024843,4.718962471525419,2.010017040955643,8.0,1.0,0.0,0.4375,0.17142857142857143,1.0,8.0,1.0,7.78125,0.0,0.0,0.0,0,0.0,0,0.0,0.0,0.0,,2857,548544,0.7199999999999999,0.0,0.0,0.0,0.0,0,1.5,0.4875,5.85,0.7568080357142857,0.2408482142857143,0.05625,0.05625,0.19375,1.5630453090470098,158.23045179408027,0.856392125133425,asymmetric_partition,0.057299762301027624,0.006919642857142971
flocking_robust_active,11019,2.3184902981033693,0.7113110218421076,0.7660714285714285,1.0308615618304768,0.696486561830477,0.5625,0.0,0.4375,0.0625,0.42857142857142855,0.01875,0.5633928571428571,75,1.0183496840157085,3.840420655155529,4.44146919231633,216.0006336316434,0.9480282738095239,0.0,2.0070026295214225,3.68868530429548,4.7500990563160945,1.9462410578488865,8.0,1.0,0.0,0.4375,0.17142857142857143,1.0,8.0,1.0,7.85,0.0,0.0,0.0,0,0.0,0,0.0,0.0,0.0,,2849,547008,0.7199999999999999,0.0,0.0,0.0,0.0,0,1.475,0.46875,5.98125,0.7660714285714285,0.23314732142857145,0.0375,0.0375,0.1375,1.5353131298502716,188.27387364002135,0.88238445809111,asymmetric_partition,1.8404206551555289,0.001971726190476031
flocking_robust_active,11020,2.2792303714561126,0.6602791429084952,0.7588541666666666,1.0210332448391886,0.6866582448391887,0.5625,0.0,0.4375,0.0625,0.3333333333333333,0.01875,0.5545386904761905,77,0.9870887443057716,3.6136254650991697,4.973961491980159,165.16030063915832,0.9419270833333332,0.0,2.0712809049195675,3.69475869863266,4.803741488567983,1.9892160141924655,8.0,1.0,0.0,0.4375,0.15714285714285714,1.0,8.0,1.0,7.85,0.0,0.0,0.0,0,0.0,0,0.0,0.0,0.0,,2819,541248,0.7199999999999999,0.0,0.0,0.0,0.0,0,1.5,0.48125,5.95,0.7605282738095238,0.23712797619047618,0.025,0.025,0.14375,1.5611727440717111,168.42194552091865,0.8943377498071641,asymmetric_partition,1.6136254650991697,0.008072916666666763
flocking_robust_active,11021,2.1601729361963264,0.6703801694251701,0.7547991071428571,0.9318952886610073,0.5975202886610076,0.5625,0.0,0.4375,0.0625,0.0,0.0,0.5524553571428571,78,0.6896507522395293,1.7202849496087456,3.683841050122197,6.420076951324109,0.9667410714285716,0.0,1.9943393368352165,3.6886189493685295,4.870540153440774,2.0384983886889216,8.0,1.0,0.0,0.4375,0.15714285714285714,1.0,8.0,1.0,7.89375,0.0,0.0,0.0,0,0.0,0,0.0,0.0,0.0,,2855,548160,0.7199999999999999,0.0,0.0,0.0,0.0,0,1.5,0.4875,5.96875,0.7571428571428571,0.24051339285714288,0.0,0.0,0.10625,1.5869005256640665,165.08145794026188,0.8989923330955207,asymmetric_partition,0.27971505039125444,0.01674107142857162
flocking_robust_active,11022,2.3134768619820303,0.6953779108576532,0.7613839285714286,1.0146831254502444,0.6803081254502447,0.5625,0.0,0.4375,0.0625,0.42857142857142855,0.01875,0.5633928571428571,75,0.9944041740292633,3.7493756209518074,5.129313837523092,203.36969320992628,0.9529241071428572,0.0,1.9593237658478302,3.68015206447457,4.745793951969832,2.00629863973223,8.0,1.0,0.0,0.4375,0.17142857142857143,1.0,8.0,1.0,7.7625,0.0,0.0,0.0,0,0.0,0,0.0,0.0,0.0,,2831,543552,0.7199999999999999,0.0,0.0,0.0,0.0,0,1.49375,0.46875,5.8875,0.7652901785714286,0.23158482142857145,0.0,0.0,0.2375,1.5603989509934106,201.37739636484008,0.8567458749748766,asymmetric_partition,1.7493756209518074,0.0029241071428572907
flocking_robust_active,11023,2.1940006561973546,0.5901017611526366,0.7589285714285714,0.8669970236460351,0.527934523646035,0.55625,0.0,0.44375,0.0625,0.0,0.0,0.5571428571428572,77,0.6499272468403682,1.578845795447183,3.9002913458116053,5.928198874101977,0.9796875,0.0,1.9654503150549494,3.7078158242674717,4.729359363064754,1.9431526255805533,8.0,1.0,0.0,0.4375,0.17142857142857143,1.0,8.0,1.0,7.91875,0.0,0.0,0.0,0,0.0,0,0.0,0.0,0.0,,2848,546816,0.7199999999999999,0.0,0.0,0.0,0.0,0,1.49375,0.48125,6.0,0.7589285714285714,0.23939732142857145,0.0,0.0,0.08125,1.5321016763901951,165.57164523711842,0.8861835838761181,asymmetric_partition,0.42115420455281694,0.02968750000000009
flocking_robust_active,11024,2.3051488002037996,0.74594787378938,0.7626116071428571,0.9949632793497045,0.6605882793497047,0.5625,0.0,0.4375,0.0625,0.25,0.0125,0.5642857142857143,76,0.9884302094121001,3.696309197233785,4.007605521075204,165.25197790177765,0.953125,0.0,2.0427672502706136,3.697037901409357,4.805486891476213,1.8793242772315604,8.0,1.0,0.0,0.4375,0.17142857142857143,1.0,8.0,1.0,7.90625,0.0,0.0,0.0,0,0.0,0,0.0,0.0,0.0,,2833,543936,0.7199999999999999,0.0,0.0,0.0,0.0,0,1.4875,0.475,6.025,0.7633928571428571,0.23504464285714288,0.0,0.0,0.09375,1.536790724791152,158.24651901391755,0.902866082964465,asymmetric_partition,1.6963091972337851,0.0031250000000000444
flocking_robust_active,11025,2.285358809372978,0.6110132841870582,0.760453869047619,0.9634714534946113,0.6290964534946113,0.5625,0.0,0.4375,0.0625,0.5,0.025,0.5578869047619047,76,0.9669768348370964,3.3622052718581594,4.79624074516747,158.66071748991772,0.95703125,0.0,1.9579216493627676,3.6951707370194713,4.806502529062508,1.9092939770920339,8.0,1.0,0.0,0.4375,0.17142857142857143,1.0,8.0,1.0,7.85625,0.0,0.0,0.0,0,0.0,0,0.0,0.0,0.0,,2881,553152,0.7199999999999999,0.0,0.0,0.0,0.0,0,1.49375,0.475,5.98125,0.7638392857142857,0.23277529761904764,0.0,0.0,0.14375,1.5321219172950122,168.186330512262,0.8935975830536336,asymmetric_partition,1.3622052718581594,0.007031250000000044
flocking_robust_active,11026,2.3007990817281976,0.6782527186632547,0.7597916666666668,1.029522723918682,0.6904602239186819,0.55625,0.0,0.44375,0.0625,0.375,0.01875,0.5530357142857143,77,1.0014918773488861,3.7115997992256085,4.258279564002335,179.36116143762945,0.9614955357142858,0.0,1.8872848719777733,3.6927622304199885,4.773335221979591,1.996747993747622,8.0,1.0,0.0,0.4375,0.15714285714285714,1.0,8.0,1.0,7.89375,0.0,0.0,0.0,0,0.0,0,0.0,0.0,0.0,,2840,545280,0.7199999999999999,0.0,0.0,0.0,0.0,0,1.48125,0.48125,6.00625,0.7619345238095239,0.23806547619047622,0.00625,0.00625,0.10625,1.563909169376213,165.60760248010087,0.8740798342041671,asymmetric_partition,1.7115997992256085,0.011495535714285854
flocking_robust_active,11027,2.2517446306483184,0.9555767398487908,0.7594866071428571,0.9936358959571555,0.6673858959571556,0.575,0.0,0.425,0.075,0.0,0.0,0.5723214285714285,79,0.9707158203512468,3.21264404800728,4.55122134090505,122.11428680513421,0.9529017857142857,0.0,2.0070137980837095,3.6948956701899975,4.691922775348884,1.9800547541723716,8.0,1.0,0.0,0.4375,0.21428571428571427,1.0,8.0,1.0,7.7875,0.0,0.0,0.0,0,0.0,0,0.0,0.0,0.0,,2869,550848,0.7199999999999999,0.0,0.0,0.0,0.0,0,1.49375,0.48125,5.9,0.7611607142857142,0.23727678571428573,0.00625,0.00625,0.2125,1.556295022527294,196.8329048624665,0.8714437920134515,asymmetric_partition,1.21264404800728,0.0029017857142857872
flocking_robust_active,11028,2.1949208563481797,0.6547103960696158,0.759375,0.918051327522025,0.5836763275220249,0.5625,0.0,0.4375,0.0625,0.0,0.0,0.56328125,77,0.6652582451205064,1.6275843369314202,4.536634591405604,5.745196440733823,0.959375,0.0,1.9512550029709383,3.7017215844805285,4.783297900674795,1.9086432547796428,8.0,1.0,0.0,0.4375,0.17142857142857143,1.0,8.0,1.0,7.925,0.0,0.0,0.0,0,0.0,0,0.0,0.0,0.0,,2859,548928,0.7199999999999999,0.0,0.0,0.0,0.0,0,1.5,0.48125,6.00625,0.759375,0.23828125,0.00625,0.00625,0.075,1.5327246612228485,149.7661700600465,0.8872874169610441,asymmetric_partition,0.37241566306857976,0.009375000000000022
flocking_robust_active,11029,2.210972734459257,0.62845631471993,0.7579241071428571,0.903420660431806,0.564358160431806,0.55625,0.0,0.44375,0.0625,0.0,0.0,0.5580357142857142,76,0.6519586878690116,1.627005656044025,3.9638263977036834,6.126558807253078,0.9921875,0.0,1.9129140853405655,3.703079228494339,4.77454334025347,1.902902839955549,8.0,1.0,0.0,0.4375,0.17142857142857143,1.0,8.0,1.0,7.91875,0.0,0.0,0.0,0,0.0,0,0.0,0.0,0.0,,2849,547008,0.7199999999999999,0.0,0.0,0.0,0.0,0,1.49375,0.475,6.025,0.7626116071428571,0.23426339285714287,0.0,0.0,0.08125,1.534355046502603,153.60878963071818,0.8922989168204367,asymmetric_partition,0.3729943439559751,0.042187500000000044
flocking_topology_support,11000,2.1449678183677587,0.6763559902019476,0.7484375,0.9806383928627316,0.6315758928627314,0.54375,0.0,0.45625,0.06875,0.42857142857142855,0.01875,0.53125,77,0.7259791931995409,2.0185818175293937,4.85083886578187,21.025984259280182,0.95546875,0.0,2.164303432142957,3.7060245546684625,4.82111590406843,1.9248640782780693,8.0,1.0,0.0,0.4375,0.15714285714285714,2.1875,8.0,1.0,7.875,0.0,0.015625,0.0,0,0.0,20,50.73125,0.0,0.25,,2852,547584,0.7199999999999999,0.0,0.0,0.0,0.0,0,1.5,0.48125,5.9875,0.7484375,0.23359375,0.0,0.0,0.125,1.5475247013616629,167.1179029186957,0.9474438328761607,asymmetric_partition,0.018581817529393696,0.005468750000000022
flocking_topology_support,11001,2.163751228982054,0.6987183687489493,0.73984375,0.9838104890283097,0.6294354890283097,0.5375,0.0,0.4625,0.075,0.0,0.0,0.5171875,78,0.7166779291128498,1.9544192880034217,4.580204873127585,6.8860785791928425,0.9708705357142857,0.0,1.98222288629036,3.70561498200369,4.844360176684478,1.931653629062438,8.0,1.0,0.0,0.4375,0.14285714285714285,2.11875,8.0,1.0,7.8375,0.0,0.0203125,0.0,0,0.0,22,50.5875,0.0,0.375,,2861,549312,0.7199999999999999,0.0,0.0,0.0,0.0,0,1.48125,0.48125,5.96875,0.74609375,0.23359375,0.03125,0.03125,0.15625,1.5334418363155606,125.36396095451272,0.9105935418047011,asymmetric_partition,0.045580711996578316,0.020870535714285765
flocking_topology_support,11002,2.194267842746731,0.6032344182576898,0.75546875,0.8967856118145814,0.5530356118145815,0.55,0.0,0.45,0.0625,0.0,0.0,0.5359375,77,0.6074267368630886,1.3710950352785214,3.0081307360757137,5.075684894261741,0.990625,0.0,1.9154096752473428,3.6959335519253322,4.855879649722513,1.926880453576878,8.0,1.0,0.0,0.4375,0.17142857142857143,2.03125,8.0,1.0,7.94375,0.0,0.00703125,0.0,0,0.0,35,51.43125,0.0,0.375,,2854,547968,0.7199999999999999,0.0,0.0,0.0,0.0,0,1.48125,0.48125,6.0625,0.7578125,0.23515625,0.0,0.0,0.05625,1.5300112559570556,173.99439892503466,0.9763549999333918,asymmetric_partition,0.6289049647214786,0.04062500000000002
flocking_topology_support,11003,2.1648929532777923,0.6527160975870915,0.7375,0.9357587235844391,0.5854462235844392,0.54375,0.0,0.45625,0.08125,0.0,0.0,0.528125,79,0.6754958651211426,1.7594034934314906,4.595470093667481,7.753276392998885,0.9745312500000001,0.0,2.0390065610878088,3.709211217362724,5.081656162612907,1.9066680771197704,8.0,1.0,0.0,0.4375,0.12857142857142856,1.8125,8.0,1.0,7.85,0.0,0.01875,0.0,0,0.0,11,50.43125,0.0,0.125,,3212,616704,0.7199999999999999,0.0,0.0,0.0,0.0,0,1.5125,0.48125,5.93125,0.74140625,0.23515625,0.00625,0.00625,0.15,1.5812845647324807,123.00661898642876,1.0146117501426488,asymmetric_partition,0.2405965065685094,0.024531250000000115
flocking_topology_support,11004,2.37228241476712,0.6840051358794941,0.73515625,1.0634304928716485,0.7287429928716485,0.56875,0.0,0.43125,0.1125,0.3333333333333333,0.025,0.5265625,79,1.1722736266590723,4.382310329155237,5.593080439193043,144.35464532469763,0.9428571428571428,0.0,2.093591751054724,3.6862429183857714,4.863669047663132,1.9947782812194341,8.0,1.0,0.0,0.4375,0.21428571428571427,2.13125,8.0,1.0,7.85625,0.0,0.01796875,0.0,0,0.0,20,50.5375,0.0,0.125,,2856,548352,0.7199999999999999,0.0,0.0,0.0,0.0,0,1.50625,0.49375,5.90625,0.73828125,0.240625,0.01875,0.01875,0.1375,1.5518828156028817,157.74237652985815,0.9176804171875119,asymmetric_partition,2.3823103291552368,0.0071428571428571175
flocking_topology_support,11005,2.1163464992069465,0.632339705533681,0.7453125,0.9029863350057571,0.5626738350057572,0.55625,0.0,0.44375,0.075,0.0,0.0,0.528125,77,0.6658358158212763,1.724752073648439,4.487153353784789,7.162681442434372,0.9655133928571429,0.0,1.9707570320681036,3.7029238652216803,4.8977283327760945,1.9184687815805366,8.0,1.0,0.0,0.4375,0.15714285714285714,2.13125,8.0,1.0,7.875,0.0,0.015625,0.0,0,0.0,19,50.83125,0.0,0.25,,2856,548352,0.7199999999999999,0.0,0.0,0.0,0.0,0,1.4875,0.48125,5.9625,0.7453125,0.23828125,0.0,0.0,0.125,1.5366729857961599,125.26482777646974,0.917816957924515,asymmetric_partition,0.27524792635156103,0.015513392857142927
flocking_topology_support,11006,2.2593259503996816,0.6607857018317398,0.74609375,0.9492297804868344,0.6054797804868344,0.55,0.0,0.45,0.0625,0.0,0.0,0.5328125,77,0.67920174990524,1.7219681665545103,4.087605374983499,5.510714558740261,0.9953125,0.0,1.9050241874938152,3.680528483147083,5.026107352834865,1.8558842343930895,8.0,1.0,0.0,0.4375,0.17142857142857143,1.7875,8.0,1.0,7.9,0.0,0.0125,0.0,0,0.0,15,51.0375,0.0,0.0,,3196,613632,0.7199999999999999,0.0,0.0,0.0,0.0,0,1.4875,0.48125,5.9875,0.7484375,0.23828125,0.0,0.0,0.1,1.532016097869533,167.64681575572862,1.0435589170083404,asymmetric_partition,0.27803183344548965,0.04531250000000009
flocking_topology_support,11007,2.188949269244642,0.5961647513880011,0.74375,0.8745154954091203,0.5307654954091203,0.55,0.0,0.45,0.0625,0.0,0.0,0.5328125,78,0.6261485028511738,1.4675612414160095,3.715110731565305,5.393599599054921,0.975,0.0,1.8930031281824604,3.697078098070712,4.8689611870842135,1.9729830608346195,8.0,1.0,0.0,0.4375,0.17142857142857143,2.08125,8.0,1.0,7.89375,0.0,0.01328125,0.0,0,0.0,18,50.9375,0.0,0.0,,2847,546624,0.7199999999999999,0.0,0.0,0.0,0.0,0,1.49375,0.4875,5.95,0.74375,0.24140625,0.0,0.0,0.10625,1.5507218317246312,156.24039939771833,0.923632208025083,asymmetric_partition,0.5324387585839905,0.025000000000000022
flocking_topology_support,11008,2.260871206409881,0.6135234829107692,0.74609375,0.9698593160390274,0.6398593160390276,0.575,0.0,0.425,0.1125,0.25,0.01875,0.5484375,78,1.0384313701991528,3.5242497614408848,3.799088563137937,126.28632356216951,0.9703125,0.0,1.921685859438119,3.711778859013557,4.871840066674643,1.9096560199921981,8.0,1.0,0.0,0.4375,0.21428571428571427,2.06875,8.0,1.0,7.9375,0.0,0.0078125,0.0,0,0.0,23,51.13125,0.0,0.125,,2847,546624,0.7199999999999999,0.0,0.0,0.0,0.0,0,1.5125,0.48125,6.0,0.75,0.2359375,0.0,0.0,0.0625,1.542308158317105,129.5500567384455,0.9176800830755383,asymmetric_partition,1.5242497614408848,0.020312500000000067
flocking_topology_support,11009,2.163497863779057,0.6837017773236779,0.728125,0.9413448555487951,0.5763448555487951,0.525,0.0,0.475,0.0875,0.0,0.0,0.48984375,76,0.6988980302858904,1.8169328412154229,3.88744105812944,42.188297647003424,0.9753348214285715,0.0,1.9024321419240842,3.6821418468912923,4.812107983456679,1.9556913145118855,8.0,1.0,0.0,0.4375,0.11428571428571428,2.09375,8.0,1.0,7.6625,0.0,0.0421875,0.0,0,0.0,23,49.16875,0.0,0.125,,2859,548928,0.7199999999999999,0.0,0.0,0.0,0.0,0,1.48125,0.46875,5.8625,0.7328125,0.2234375,0.10625,0.08125,0.29375,1.5626941411776727,173.76042642279666,0.9036056657787412,asymmetric_partition,0.18306715878457713,0.025334821428571574
flocking_topology_support,11010,2.259212516777887,0.7042182470103733,0.7390625,0.9692384385293815,0.6254884385293816,0.55,0.0,0.45,0.0625,0.0,0.0,0.5171875,78,0.692928016374846,1.8214223693484128,4.233275035215266,6.250939717699682,0.9737723214285715,0.0,2.0049412031994676,3.7107363865432674,4.833312515121296,1.9685921836947542,8.0,1.0,0.0,0.4375,0.17142857142857143,2.075,8.0,1.0,7.8375,0.0,0.0203125,0.0,0,0.0,24,50.3875,0.0,0.125,,2856,548352,0.7199999999999999,0.0,0.0,0.0,0.0,0,1.50625,0.49375,5.9125,0.7390625,0.23828125,0.01875,0.01875,0.15625,1.5648452656440153,124.3535196710925,0.9845226248726249,asymmetric_partition,0.17857763065158716,0.023772321428571552
flocking_topology_support,11011,2.1835101573643128,0.6581433655846523,0.75,0.9325046779729265,0.5834421779729265,0.54375,0.0,0.45625,0.06875,0.0,0.0,0.5296875,76,0.6594938372500898,1.664898339551796,4.102260775102685,6.758753615327244,0.96546875,0.0,1.9910419735296796,3.7035897310099637,4.8377662899696805,1.8649718741520498,8.0,1.0,0.0,0.4375,0.15714285714285714,2.025,8.0,1.0,7.86875,0.0,0.01640625,0.0,0,0.0,24,50.8375,0.0,0.125,,2850,547200,0.7199999999999999,0.0,0.0,0.0,0.0,0,1.48125,0.46875,6.01875,0.75234375,0.2296875,0.0,0.0,0.13125,1.5398697397739984,121.54960147850711,0.9112974999006838,asymmetric_partition,0.335101660448204,0.015468750000000031
flocking_topology_support,11012,2.160380113054185,0.6545979174037201,0.74921875,0.9156736567435162,0.5719236567435162,0.55,0.0,0.45,0.0625,0.0,0.0,0.53515625,77,0.673245540699173,1.6549743696237638,4.175464300271575,6.499003385701872,0.9734375,0.0,2.1079477712711503,3.6793974119822095,5.04751743289229,1.9710423436357707,8.0,1.0,0.0,0.4375,0.17142857142857143,1.78125,8.0,1.0,7.8875,0.0,0.0140625,0.0,0,0.0,15,50.85,0.0,0.125,,3181,610752,0.7199999999999999,0.0,0.0,0.0,0.0,0,1.49375,0.48125,5.99375,0.74921875,0.23515625,0.01875,0.01875,0.10625,1.5656486301901353,175.36661528978934,0.9637762501370162,asymmetric_partition,0.34502563037623624,0.0234375
flocking_topology_support,11013,2.156469167739599,0.6311712356653993,0.75234375,0.9295212098734474,0.5804587098734473,0.54375,0.0,0.45625,0.06875,0.16666666666666666,0.00625,0.53125,76,0.6272410846032515,1.5512445461810032,3.4274200934167305,4.752503421639816,0.984375,0.0,1.8578317537065225,3.709552811934285,4.868130435453435,1.9510854073251196,8.0,1.0,0.0,0.4375,0.15714285714285714,2.175,8.0,1.0,7.91875,0.0,0.01015625,0.0,0,0.0,19,51.24375,0.0,0.0,,2831,543552,0.7199999999999999,0.0,0.0,0.0,0.0,0,1.48125,0.475,6.025,0.753125,0.2359375,0.0,0.0,0.08125,1.5481073646640031,154.35187226832164,0.9745327499695122,asymmetric_partition,0.44875545381899684,0.034375000000000044
flocking_topology_support,11014,2.180141649039128,0.6540300819355762,0.74609375,0.9180855497916859,0.5837105497916858,0.5625,0.0,0.4375,0.0625,0.1111111111111111,0.00625,0.54140625,77,0.6926891982166127,1.7875869995612685,4.704236381313185,7.4678557073064535,0.9646205357142857,0.0,2.165564555385495,3.7070941323828146,4.833728042729917,1.9438335030501133,8.0,1.0,0.0,0.4375,0.17142857142857143,2.1,8.0,1.0,7.88125,0.0,0.01484375,0.0,0,0.0,25,50.7875,0.0,0.125,,2845,546240,0.7199999999999999,0.0,0.0,0.0,0.0,0,1.5,0.48125,5.99375,0.74921875,0.23359375,0.0,0.0,0.11875,1.5414783938716081,149.84022634698326,0.926895041950047,asymmetric_partition,0.21241300043873146,0.014620535714285787
flocking_topology_support,11015,2.186006572421129,0.6952077903791999,0.740625,0.9758159173879324,0.6273784173879323,0.54375,0.0,0.45625,0.0625,0.14285714285714285,0.00625,0.51953125,78,0.7029254258106836,1.824252383833072,4.267556478808401,5.744738801698707,0.9673735119047618,0.0,1.994773824955237,3.703761660205944,4.793602444754731,1.9439746514732938,8.0,1.0,0.0,0.4375,0.15714285714285714,2.16875,8.0,1.0,7.8375,0.0,0.0203125,0.0,0,0.0,24,50.33125,0.0,0.25,,2835,544320,0.7199999999999999,0.0,0.0,0.0,0.0,0,1.5125,0.4875,5.94375,0.74296875,0.23359375,0.00625,0.00625,0.1625,1.5342718682575582,147.3941159428725,0.8957712920382619,asymmetric_partition,0.17574761616692802,0.017373511904761885
flocking_topology_support,11016,2.1530940151629614,0.6748844962646868,0.74765625,0.9429690664549616,0.6039065664549617,0.55625,0.0,0.44375,0.0625,0.0,0.0,0.54140625,76,0.711044867893134,1.9408361323710719,5.076357542554721,11.67910541537512,0.9609375,0.0,2.1393001852911744,3.7136215982110103,4.910071301129284,1.9432124557577588,8.0,1.0,0.0,0.4375,0.17142857142857143,1.99375,8.0,1.0,7.9,0.0,0.0125,0.0,0,0.0,23,50.9375,0.0,0.25,,2853,547776,0.7199999999999999,0.0,0.0,0.0,0.0,0,1.5,0.475,6.01875,0.75234375,0.23203125,0.0,0.0,0.1,1.5445106906079737,110.62287869972516,0.9131428750697523,asymmetric_partition,0.05916386762892811,0.010937500000000044
flocking_topology_support,11017,2.156026345946696,0.6542327801374535,0.7515625,0.919673967542067,0.585298967542067,0.5625,0.0,0.4375,0.0625,0.0,0.0,0.5421875,77,0.6914815155111312,1.7416541200629012,4.1152486644586235,6.995887491625451,0.9682291666666666,0.0,1.7883310312044496,3.6818743569213184,4.904970111252018,1.9892822881587093,8.0,1.0,0.0,0.4375,0.17142857142857143,1.99375,8.0,1.0,7.93125,0.0,0.00859375,0.0,0,0.0,20,51.2375,0.0,0.375,,2861,549312,0.7199999999999999,0.0,0.0,0.0,0.0,0,1.49375,0.48125,6.01875,0.75234375,0.23671875,0.0,0.0,0.06875,1.5680097277369356,160.7787223741584,0.9770619999617338,asymmetric_partition,0.2583458799370988,0.01822916666666663
flocking_topology_support,11018,2.188304898479777,0.7028969885393718,0.7296875,0.9762305631271188,0.6324805631271189,0.55,0.0,0.45,0.0625,0.0,0.0,0.50625,78,0.7198528456800318,1.9458731201993373,5.249613933865449,9.843653632733337,0.9510044642857143,0.0,2.083014229792819,3.7027341901682043,4.7725703195242986,1.9524534588241793,8.0,1.0,0.0,0.4375,0.17142857142857143,2.01875,8.0,1.0,7.78125,0.0,0.02734375,0.0,0,0.0,20,49.98125,0.0,0.25,,2854,547968,0.7199999999999999,0.0,0.0,0.0,0.0,0,1.5,0.4875,5.85,0.73125,0.2390625,0.05625,0.05625,0.19375,1.5638552658744267,156.5402723293987,0.8919806249905378,asymmetric_partition,0.054126879800662664,0.0010044642857143238
flocking_topology_support,11019,2.2885814163423377,0.7064918053120521,0.74765625,1.0138087270758303,0.6884962270758301,0.58125,0.0,0.41875,0.1125,0.2,0.0125,0.528125,75,1.0052058323325581,3.7782247502943918,4.295088658760335,216.0006336316434,0.9563988095238095,0.0,1.9433966449075772,3.6813494981251482,4.836791274231956,1.9339811096417538,8.0,1.0,0.0,0.4375,0.21428571428571427,2.05,8.0,1.0,7.85625,0.0,0.01796875,0.0,0,0.0,26,50.73125,0.0,0.25,,2846,546432,0.7199999999999999,0.0,0.0,0.0,0.0,0,1.48125,0.46875,5.98125,0.74765625,0.23203125,0.0375,0.0375,0.13125,1.53773095677594,186.65987977386968,0.904575000051409,asymmetric_partition,1.7782247502943918,0.006398809523809557
flocking_topology_support,11020,2.3319645003462948,0.6074878728434717,0.740625,0.9684382405868079,0.633438240586808,0.5625,0.0,0.4375,0.06875,0.3333333333333333,0.01875,0.521875,77,0.9624925428537863,3.433215166976768,4.693727303830777,165.16030063915832,0.9697916666666666,0.0,2.0623795268006937,3.6928149891506807,4.85254517697035,1.9696174142967244,8.0,1.0,0.0,0.4375,0.17142857142857143,2.075,8.0,1.0,7.8375,0.0,0.0203125,0.0,0,0.0,22,50.43125,0.0,0.125,,2844,546048,0.7199999999999999,0.0,0.0,0.0,0.0,0,1.5,0.48125,5.9375,0.7421875,0.23515625,0.025,0.025,0.15625,1.5611500050922822,166.7404854180471,0.9067067091818899,asymmetric_partition,1.433215166976768,0.019791666666666652
flocking_topology_support,11021,2.2167328164753353,0.6856863190168236,0.74765625,0.9524382742167653,0.6121257742167652,0.55625,0.0,0.44375,0.075,0.0,0.0,0.534375,78,0.6700081598058106,1.6988293958954173,4.147305870927925,6.060674087295139,0.9668526785714284,0.0,2.003922049885816,3.6944961141955326,4.8955200858897925,2.0182466478520036,8.0,1.0,0.0,0.4375,0.15714285714285714,2.1875,8.0,1.0,7.9,0.0,0.0125,0.0,0,0.0,21,50.9875,0.0,0.125,,2859,548928,0.7199999999999999,0.0,0.0,0.0,0.0,0,1.49375,0.4875,5.9875,0.7484375,0.2375,0.0,0.0,0.1,1.5881150430220807,161.07975325857677,0.9893182078376412,asymmetric_partition,0.30117060410458274,0.01685267857142847
flocking_topology_support,11022,2.2579791739510053,0.7071936061741436,0.73125,0.9811103680769653,0.6367353680769654,0.55,0.0,0.45,0.06875,0.16666666666666666,0.00625,0.5,75,0.7989754523908925,2.377657447539132,4.393831037725793,86.96191505367122,0.9715624999999999,0.0,1.9743063042721247,3.6709783962860727,4.8682381814723135,1.9797372337183916,8.0,1.0,0.0,0.4375,0.15714285714285714,2.0,8.0,1.0,7.74375,0.0,0.03203125,0.0,0,0.0,31,49.7375,0.0,0.125,,2838,544896,0.7199999999999999,0.0,0.0,0.0,0.0,0,1.49375,0.46875,5.86875,0.73359375,0.23125,0.00625,0.00625,0.25625,1.559651401268308,199.8998158540334,0.9002569590229541,asymmetric_partition,0.3776574475391321,0.02156249999999993
flocking_topology_support,11023,2.3132982739547754,0.6893388920554464,0.74765625,1.048604559667264,0.7092295596672639,0.5625,0.0,0.4375,0.1125,0.3333333333333333,0.01875,0.53125,77,1.1168222326850268,4.062006685619513,4.8273225286931005,129.28248430978945,0.9458333333333334,0.0,1.991911191832008,3.705225707121001,4.825386137222435,1.928593374025958,8.0,1.0,0.0,0.4375,0.2,2.18125,8.0,1.0,7.9125,0.0,0.0109375,0.0,0,0.0,10,51.03125,0.0,0.125,,2815,540480,0.7199999999999999,0.0,0.0,0.0,0.0,0,1.5,0.48125,5.99375,0.74921875,0.23671875,0.0,0.0,0.0875,1.5347528964019044,160.36271562899333,0.904097167076543,asymmetric_partition,2.0620066856195134,0.004166666666666541
flocking_topology_support,11024,2.3101150683549974,0.7253176636287841,0.75390625,0.9770880528181912,0.6427130528181911,0.5625,0.0,0.4375,0.0625,0.25,0.0125,0.5390625,76,0.9841071314797699,3.6498439783480285,4.159647361926271,165.25197790177765,0.94453125,0.0,2.0388418727427515,3.6916400502424103,4.86652195015938,1.9161163440930522,8.0,1.0,0.0,0.4375,0.17142857142857143,2.0875,8.0,1.0,7.9125,0.0,0.0109375,0.0,0,0.0,18,51.04375,0.0,0.125,,2851,547392,0.7199999999999999,0.0,0.0,0.0,0.0,0,1.5,0.475,6.03125,0.75390625,0.23203125,0.0,0.0,0.0875,1.5347910892104637,158.09410814410123,0.9218085829634219,asymmetric_partition,1.6498439783480285,0.005468749999999911
flocking_topology_support,11025,2.232158739420954,0.6708083516990202,0.746875,0.9424097022632669,0.5780347022632668,0.525,0.0,0.475,0.08125,0.0,0.0,0.5234375,76,0.6741064924187383,1.673984092737078,3.8001265401620374,10.228752608826245,0.9651413690476189,0.0,1.9344196101276396,3.695021548815633,4.863556828796797,1.9417313455403964,8.0,1.0,0.0,0.4375,0.11428571428571428,2.15625,8.0,1.0,7.88125,0.0,0.01484375,0.0,0,0.0,16,50.8875,0.0,0.25,,2846,546432,0.7199999999999999,0.0,0.0,0.0,0.0,0,1.4875,0.475,5.9875,0.7484375,0.23515625,0.0,0.0,0.11875,1.532348552975568,166.55437400417856,0.9844014998525381,asymmetric_partition,0.32601590726292207,0.01514136904761898
flocking_topology_support,11026,2.1436967980118142,0.667548888697393,0.74765625,0.9321296998083526,0.5883796998083525,0.55,0.0,0.45,0.0625,0.0,0.0,0.534375,77,0.6754146262371692,1.713582085468083,3.9154568001034704,7.451001537936361,0.971875,0.0,1.9425109206452085,3.6925313897242504,4.853404673277206,1.9826794969639585,8.0,1.0,0.0,0.4375,0.17142857142857143,2.125,8.0,1.0,7.8875,0.0,0.0140625,0.0,0,0.0,24,50.9875,0.0,0.125,,2836,544512,0.7199999999999999,0.0,0.0,0.0,0.0,0,1.48125,0.48125,5.99375,0.74921875,0.23671875,0.00625,0.00625,0.1125,1.5630627565576698,164.41617132912862,0.9064520830288529,asymmetric_partition,0.286417914531917,0.02187500000000009
flocking_topology_support,11027,2.333991152447594,0.9313819883392596,0.73671875,0.9979428351410323,0.6488803351410323,0.54375,0.0,0.45625,0.06875,0.1111111111111111,0.00625,0.5265625,79,0.965542870702541,3.117675601547141,5.269337967772758,115.44558207588979,0.94375,0.0,2.050735064465446,3.6911475612804123,4.843910486862443,1.9697700826190598,8.0,1.0,0.0,0.4375,0.15714285714285714,2.0875,8.0,1.0,7.8,0.0,0.025,0.0,0,0.0,16,50.1875,0.0,0.0,,2851,547392,0.7199999999999999,0.0,0.0,0.0,0.0,0,1.49375,0.48125,5.9125,0.7390625,0.234375,0.0,0.0,0.2,1.5572997302914928,192.7448465598758,0.88724166713655,asymmetric_partition,1.1176756015471412,0.006249999999999978
flocking_topology_support,11028,2.1735532903369057,0.6182279097795775,0.7484375,0.8893358373833108,0.5496483373833108,0.55625,0.0,0.44375,0.06875,0.0,0.0,0.53515625,76,0.6300584728716225,1.4549183545743822,4.002846151989784,6.762830505109633,0.9671875,0.0,1.8806860555149654,3.7033053113223624,4.810490343638955,1.9003953982233128,8.0,1.0,0.0,0.4375,0.15714285714285714,2.025,8.0,1.0,7.8875,0.0,0.0140625,0.0,0,0.0,19,50.88125,0.0,0.125,,2865,550080,0.7199999999999999,0.0,0.0,0.0,0.0,0,1.49375,0.475,5.9875,0.7484375,0.23515625,0.01875,0.01875,0.10625,1.5327241524931952,147.8939513264608,0.904720916878432,asymmetric_partition,0.5450816454256178,0.017187500000000022
flocking_topology_support,11029,2.213313702510795,0.658293257109871,0.74765625,0.936289510924438,0.5919145109244381,0.55,0.0,0.45,0.06875,0.0,0.0,0.5375,76,0.6614276817831604,1.6629769953717695,4.089516690003241,7.033659359406032,0.98828125,0.0,1.9658335563489142,3.699812360652311,4.824236638412366,1.9042134473849277,8.0,1.0,0.0,0.4375,0.15714285714285714,1.9375,8.0,1.0,7.9125,0.0,0.0109375,0.0,0,0.0,20,51.0875,0.0,0.125,,2862,549504,0.7199999999999999,0.0,0.0,0.0,0.0,0,1.49375,0.475,6.01875,0.75234375,0.23359375,0.0,0.0,0.0875,1.5353837549300227,152.55438580156124,0.974418125115335,asymmetric_partition,0.33702300462823054,0.038281250000000044
flocking_topology_rejoin,11000,2.1449678183677587,0.6763559902019476,0.7484375,0.9806383928627316,0.6315758928627314,0.54375,0.0,0.45625,0.06875,0.42857142857142855,0.01875,0.53125,77,0.7259791931995409,2.0185818175293937,4.85083886578187,21.025984259280182,0.95546875,0.0,2.164303432142957,3.7060245546684625,4.82111590406843,1.9248640782780693,8.0,1.0,0.0,0.4375,0.15714285714285714,2.1875,8.0,1.0,7.875,0.0,0.015625,0.0,0,0.0,20,50.73125,0.0,0.25,,2852,547584,0.7199999999999999,0.0,0.0,0.0,0.0,0,1.5,0.48125,5.9875,0.7484375,0.23359375,0.0,0.0,0.125,1.5475247013616629,167.1179029186957,0.9100673750508577,asymmetric_partition,0.018581817529393696,0.005468750000000022
flocking_topology_rejoin,11001,2.163751228982054,0.6987183687489493,0.73984375,0.9838104890283097,0.6294354890283097,0.5375,0.0,0.4625,0.075,0.0,0.0,0.5171875,78,0.7166779291128498,1.9544192880034217,4.580204873127585,6.8860785791928425,0.9708705357142857,0.0,1.98222288629036,3.70561498200369,4.844360176684478,1.931653629062438,8.0,1.0,0.0,0.4375,0.14285714285714285,2.11875,8.0,1.0,7.8375,0.0,0.0203125,0.0,0,0.0,22,50.5875,0.0,0.375,,2861,549312,0.7199999999999999,0.0,0.0,0.0,0.0,0,1.48125,0.48125,5.96875,0.74609375,0.23359375,0.03125,0.03125,0.15625,1.5334418363155606,125.36396095451272,0.9009405828546733,asymmetric_partition,0.045580711996578316,0.020870535714285765
flocking_topology_rejoin,11002,2.194267842746731,0.6032344182576898,0.75546875,0.8967856118145814,0.5530356118145815,0.55,0.0,0.45,0.0625,0.0,0.0,0.5359375,77,0.6074267368630886,1.3710950352785214,3.0081307360757137,5.075684894261741,0.990625,0.0,1.9154096752473428,3.6959335519253322,4.855879649722513,1.926880453576878,8.0,1.0,0.0,0.4375,0.17142857142857143,2.03125,8.0,1.0,7.94375,0.0,0.00703125,0.0,0,0.0,35,51.43125,0.0,0.375,,2854,547968,0.7199999999999999,0.0,0.0,0.0,0.0,0,1.48125,0.48125,6.0625,0.7578125,0.23515625,0.0,0.0,0.05625,1.5300112559570556,173.99439892503466,0.9311758338008076,asymmetric_partition,0.6289049647214786,0.04062500000000002
flocking_topology_rejoin,11003,2.1648929532777923,0.6527160975870915,0.7375,0.9357587235844391,0.5854462235844392,0.54375,0.0,0.45625,0.08125,0.0,0.0,0.528125,79,0.6754958651211426,1.7594034934314906,4.595470093667481,7.753276392998885,0.9745312500000001,0.0,2.0390065610878088,3.709211217362724,5.081656162612907,1.9066680771197704,8.0,1.0,0.0,0.4375,0.12857142857142856,1.8125,8.0,1.0,7.85,0.0,0.01875,0.0,0,0.0,11,50.43125,0.0,0.125,,3212,616704,0.7199999999999999,0.0,0.0,0.0,0.0,0,1.5125,0.48125,5.93125,0.74140625,0.23515625,0.00625,0.00625,0.15,1.5812845647324807,123.00661898642876,0.987579083070159,asymmetric_partition,0.2405965065685094,0.024531250000000115
flocking_topology_rejoin,11004,2.37228241476712,0.6840051358794941,0.73515625,1.0634304928716485,0.7287429928716485,0.56875,0.0,0.43125,0.1125,0.3333333333333333,0.025,0.5265625,79,1.1722736266590723,4.382310329155237,5.593080439193043,144.35464532469763,0.9428571428571428,0.0,2.093591751054724,3.6862429183857714,4.863669047663132,1.9947782812194341,8.0,1.0,0.0,0.4375,0.21428571428571427,2.13125,8.0,1.0,7.85625,0.0,0.01796875,0.0,0,0.0,20,50.5375,0.0,0.125,,2856,548352,0.7199999999999999,0.0,0.0,0.0,0.0,0,1.50625,0.49375,5.90625,0.73828125,0.240625,0.01875,0.01875,0.1375,1.5518828156028817,157.74237652985815,0.9104316250886768,asymmetric_partition,2.3823103291552368,0.0071428571428571175
flocking_topology_rejoin,11005,2.1163464992069465,0.632339705533681,0.7453125,0.9029863350057571,0.5626738350057572,0.55625,0.0,0.44375,0.075,0.0,0.0,0.528125,77,0.6658358158212763,1.724752073648439,4.487153353784789,7.162681442434372,0.9655133928571429,0.0,1.9707570320681036,3.7029238652216803,4.8977283327760945,1.9184687815805366,8.0,1.0,0.0,0.4375,0.15714285714285714,2.13125,8.0,1.0,7.875,0.0,0.015625,0.0,0,0.0,19,50.83125,0.0,0.25,,2856,548352,0.7199999999999999,0.0,0.0,0.0,0.0,0,1.4875,0.48125,5.9625,0.7453125,0.23828125,0.0,0.0,0.125,1.5366729857961599,125.26482777646974,0.9247709161136299,asymmetric_partition,0.27524792635156103,0.015513392857142927
flocking_topology_rejoin,11006,2.2593259503996816,0.6607857018317398,0.74609375,0.9492297804868344,0.6054797804868344,0.55,0.0,0.45,0.0625,0.0,0.0,0.5328125,77,0.67920174990524,1.7219681665545103,4.087605374983499,5.510714558740261,0.9953125,0.0,1.9050241874938152,3.680528483147083,5.026107352834865,1.8558842343930895,8.0,1.0,0.0,0.4375,0.17142857142857143,1.7875,8.0,1.0,7.9,0.0,0.0125,0.0,0,0.0,15,51.0375,0.0,0.0,,3196,613632,0.7199999999999999,0.0,0.0,0.0,0.0,0,1.4875,0.48125,5.9875,0.7484375,0.23828125,0.0,0.0,0.1,1.532016097869533,167.64681575572862,0.9726905841380358,asymmetric_partition,0.27803183344548965,0.04531250000000009
flocking_topology_rejoin,11007,2.188949269244642,0.5961647513880011,0.74375,0.8745154954091203,0.5307654954091203,0.55,0.0,0.45,0.0625,0.0,0.0,0.5328125,78,0.6261485028511738,1.4675612414160095,3.715110731565305,5.393599599054921,0.975,0.0,1.8930031281824604,3.697078098070712,4.8689611870842135,1.9729830608346195,8.0,1.0,0.0,0.4375,0.17142857142857143,2.08125,8.0,1.0,7.89375,0.0,0.01328125,0.0,0,0.0,18,50.9375,0.0,0.0,,2847,546624,0.7199999999999999,0.0,0.0,0.0,0.0,0,1.49375,0.4875,5.95,0.74375,0.24140625,0.0,0.0,0.10625,1.5507218317246312,156.24039939771833,0.904762958874926,asymmetric_partition,0.5324387585839905,0.025000000000000022
flocking_topology_rejoin,11008,2.260871206409881,0.6135234829107692,0.74609375,0.9698593160390274,0.6398593160390276,0.575,0.0,0.425,0.1125,0.25,0.01875,0.5484375,78,1.0384313701991528,3.5242497614408848,3.799088563137937,126.28632356216951,0.9703125,0.0,1.921685859438119,3.711778859013557,4.871840066674643,1.9096560199921981,8.0,1.0,0.0,0.4375,0.21428571428571427,2.06875,8.0,1.0,7.9375,0.0,0.0078125,0.0,0,0.0,23,51.13125,0.0,0.125,,2847,546624,0.7199999999999999,0.0,0.0,0.0,0.0,0,1.5125,0.48125,6.0,0.75,0.2359375,0.0,0.0,0.0625,1.542308158317105,129.5500567384455,0.9075339999981225,asymmetric_partition,1.5242497614408848,0.020312500000000067
flocking_topology_rejoin,11009,2.163497863779057,0.6837017773236779,0.728125,0.9413448555487951,0.5763448555487951,0.525,0.0,0.475,0.0875,0.0,0.0,0.48984375,76,0.6988980302858904,1.8169328412154229,3.88744105812944,42.188297647003424,0.9753348214285715,0.0,1.9024321419240842,3.6821418468912923,4.812107983456679,1.9556913145118855,8.0,1.0,0.0,0.4375,0.11428571428571428,2.09375,8.0,1.0,7.6625,0.0,0.0421875,0.0,0,0.0,23,49.16875,0.0,0.125,,2859,548928,0.7199999999999999,0.0,0.0,0.0,0.0,0,1.48125,0.46875,5.8625,0.7328125,0.2234375,0.10625,0.08125,0.29375,1.5626941411776727,173.76042642279666,0.8877257499843836,asymmetric_partition,0.18306715878457713,0.025334821428571574
flocking_topology_rejoin,11010,2.259212516777887,0.7042182470103733,0.7390625,0.9692384385293815,0.6254884385293816,0.55,0.0,0.45,0.0625,0.0,0.0,0.5171875,78,0.692928016374846,1.8214223693484128,4.233275035215266,6.250939717699682,0.9737723214285715,0.0,2.0049412031994676,3.7107363865432674,4.833312515121296,1.9685921836947542,8.0,1.0,0.0,0.4375,0.17142857142857143,2.075,8.0,1.0,7.8375,0.0,0.0203125,0.0,0,0.0,24,50.3875,0.0,0.125,,2856,548352,0.7199999999999999,0.0,0.0,0.0,0.0,0,1.50625,0.49375,5.9125,0.7390625,0.23828125,0.01875,0.01875,0.15625,1.5648452656440153,124.3535196710925,0.9167996670585126,asymmetric_partition,0.17857763065158716,0.023772321428571552
flocking_topology_rejoin,11011,2.1835101573643128,0.6581433655846523,0.75,0.9325046779729265,0.5834421779729265,0.54375,0.0,0.45625,0.06875,0.0,0.0,0.5296875,76,0.6594938372500898,1.664898339551796,4.102260775102685,6.758753615327244,0.96546875,0.0,1.9910419735296796,3.7035897310099637,4.8377662899696805,1.8649718741520498,8.0,1.0,0.0,0.4375,0.15714285714285714,2.025,8.0,1.0,7.86875,0.0,0.01640625,0.0,0,0.0,24,50.8375,0.0,0.125,,2850,547200,0.7199999999999999,0.0,0.0,0.0,0.0,0,1.48125,0.46875,6.01875,0.75234375,0.2296875,0.0,0.0,0.13125,1.5398697397739984,121.54960147850711,0.908167083049193,asymmetric_partition,0.335101660448204,0.015468750000000031
flocking_topology_rejoin,11012,2.160380113054185,0.6545979174037201,0.74921875,0.9156736567435162,0.5719236567435162,0.55,0.0,0.45,0.0625,0.0,0.0,0.53515625,77,0.673245540699173,1.6549743696237638,4.175464300271575,6.499003385701872,0.9734375,0.0,2.1079477712711503,3.6793974119822095,5.04751743289229,1.9710423436357707,8.0,1.0,0.0,0.4375,0.17142857142857143,1.78125,8.0,1.0,7.8875,0.0,0.0140625,0.0,0,0.0,15,50.85,0.0,0.125,,3181,610752,0.7199999999999999,0.0,0.0,0.0,0.0,0,1.49375,0.48125,5.99375,0.74921875,0.23515625,0.01875,0.01875,0.10625,1.5656486301901353,175.36661528978934,0.9774811251554638,asymmetric_partition,0.34502563037623624,0.0234375
flocking_topology_rejoin,11013,2.156469167739599,0.6311712356653993,0.75234375,0.9295212098734474,0.5804587098734473,0.54375,0.0,0.45625,0.06875,0.16666666666666666,0.00625,0.53125,76,0.6272410846032515,1.5512445461810032,3.4274200934167305,4.752503421639816,0.984375,0.0,1.8578317537065225,3.709552811934285,4.868130435453435,1.9510854073251196,8.0,1.0,0.0,0.4375,0.15714285714285714,2.175,8.0,1.0,7.91875,0.0,0.01015625,0.0,0,0.0,19,51.24375,0.0,0.0,,2831,543552,0.7199999999999999,0.0,0.0,0.0,0.0,0,1.48125,0.475,6.025,0.753125,0.2359375,0.0,0.0,0.08125,1.5481073646640031,154.35187226832164,0.9223794171120971,asymmetric_partition,0.44875545381899684,0.034375000000000044
flocking_topology_rejoin,11014,2.180141649039128,0.6540300819355762,0.74609375,0.9180855497916859,0.5837105497916858,0.5625,0.0,0.4375,0.0625,0.1111111111111111,0.00625,0.54140625,77,0.6926891982166127,1.7875869995612685,4.704236381313185,7.4678557073064535,0.9646205357142857,0.0,2.165564555385495,3.7070941323828146,4.833728042729917,1.9438335030501133,8.0,1.0,0.0,0.4375,0.17142857142857143,2.1,8.0,1.0,7.88125,0.0,0.01484375,0.0,0,0.0,25,50.7875,0.0,0.125,,2845,546240,0.7199999999999999,0.0,0.0,0.0,0.0,0,1.5,0.48125,5.99375,0.74921875,0.23359375,0.0,0.0,0.11875,1.5414783938716081,149.84022634698326,0.9141967501491308,asymmetric_partition,0.21241300043873146,0.014620535714285787
flocking_topology_rejoin,11015,2.186006572421129,0.6952077903791999,0.740625,0.9758159173879324,0.6273784173879323,0.54375,0.0,0.45625,0.0625,0.14285714285714285,0.00625,0.51953125,78,0.7029254258106836,1.824252383833072,4.267556478808401,5.744738801698707,0.9673735119047618,0.0,1.994773824955237,3.703761660205944,4.793602444754731,1.9439746514732938,8.0,1.0,0.0,0.4375,0.15714285714285714,2.16875,8.0,1.0,7.8375,0.0,0.0203125,0.0,0,0.0,24,50.33125,0.0,0.25,,2835,544320,0.7199999999999999,0.0,0.0,0.0,0.0,0,1.5125,0.4875,5.94375,0.74296875,0.23359375,0.00625,0.00625,0.1625,1.5342718682575582,147.3941159428725,0.9018823748920113,asymmetric_partition,0.17574761616692802,0.017373511904761885
flocking_topology_rejoin,11016,2.1530940151629614,0.6748844962646868,0.74765625,0.9429690664549616,0.6039065664549617,0.55625,0.0,0.44375,0.0625,0.0,0.0,0.54140625,76,0.711044867893134,1.9408361323710719,5.076357542554721,11.67910541537512,0.9609375,0.0,2.1393001852911744,3.7136215982110103,4.910071301129284,1.9432124557577588,8.0,1.0,0.0,0.4375,0.17142857142857143,1.99375,8.0,1.0,7.9,0.0,0.0125,0.0,0,0.0,23,50.9375,0.0,0.25,,2853,547776,0.7199999999999999,0.0,0.0,0.0,0.0,0,1.5,0.475,6.01875,0.75234375,0.23203125,0.0,0.0,0.1,1.5445106906079737,110.62287869972516,0.9285747080575675,asymmetric_partition,0.05916386762892811,0.010937500000000044
flocking_topology_rejoin,11017,2.156026345946696,0.6542327801374535,0.7515625,0.919673967542067,0.585298967542067,0.5625,0.0,0.4375,0.0625,0.0,0.0,0.5421875,77,0.6914815155111312,1.7416541200629012,4.1152486644586235,6.995887491625451,0.9682291666666666,0.0,1.7883310312044496,3.6818743569213184,4.904970111252018,1.9892822881587093,8.0,1.0,0.0,0.4375,0.17142857142857143,1.99375,8.0,1.0,7.93125,0.0,0.00859375,0.0,0,0.0,20,51.2375,0.0,0.375,,2861,549312,0.7199999999999999,0.0,0.0,0.0,0.0,0,1.49375,0.48125,6.01875,0.75234375,0.23671875,0.0,0.0,0.06875,1.5680097277369356,160.7787223741584,0.9149069159757346,asymmetric_partition,0.2583458799370988,0.01822916666666663
flocking_topology_rejoin,11018,2.188304898479777,0.7028969885393718,0.7296875,0.9762305631271188,0.6324805631271189,0.55,0.0,0.45,0.0625,0.0,0.0,0.50625,78,0.7198528456800318,1.9458731201993373,5.249613933865449,9.843653632733337,0.9510044642857143,0.0,2.083014229792819,3.7027341901682043,4.7725703195242986,1.9524534588241793,8.0,1.0,0.0,0.4375,0.17142857142857143,2.01875,8.0,1.0,7.78125,0.0,0.02734375,0.0,0,0.0,20,49.98125,0.0,0.25,,2854,547968,0.7199999999999999,0.0,0.0,0.0,0.0,0,1.5,0.4875,5.85,0.73125,0.2390625,0.05625,0.05625,0.19375,1.5638552658744267,156.5402723293987,0.8798614589031786,asymmetric_partition,0.054126879800662664,0.0010044642857143238
flocking_topology_rejoin,11019,2.2885814163423377,0.7064918053120521,0.74765625,1.0138087270758303,0.6884962270758301,0.58125,0.0,0.41875,0.1125,0.2,0.0125,0.528125,75,1.0052058323325581,3.7782247502943918,4.295088658760335,216.0006336316434,0.9563988095238095,0.0,1.9433966449075772,3.6813494981251482,4.836791274231956,1.9339811096417538,8.0,1.0,0.0,0.4375,0.21428571428571427,2.05,8.0,1.0,7.85625,0.0,0.01796875,0.0,0,0.0,26,50.73125,0.0,0.25,,2846,546432,0.7199999999999999,0.0,0.0,0.0,0.0,0,1.48125,0.46875,5.98125,0.74765625,0.23203125,0.0375,0.0375,0.13125,1.53773095677594,186.65987977386968,0.8949620418716222,asymmetric_partition,1.7782247502943918,0.006398809523809557
flocking_topology_rejoin,11020,2.3319645003462948,0.6074878728434717,0.740625,0.9684382405868079,0.633438240586808,0.5625,0.0,0.4375,0.06875,0.3333333333333333,0.01875,0.521875,77,0.9624925428537863,3.433215166976768,4.693727303830777,165.16030063915832,0.9697916666666666,0.0,2.0623795268006937,3.6928149891506807,4.85254517697035,1.9696174142967244,8.0,1.0,0.0,0.4375,0.17142857142857143,2.075,8.0,1.0,7.8375,0.0,0.0203125,0.0,0,0.0,22,50.43125,0.0,0.125,,2844,546048,0.7199999999999999,0.0,0.0,0.0,0.0,0,1.5,0.48125,5.9375,0.7421875,0.23515625,0.025,0.025,0.15625,1.5611500050922822,166.7404854180471,0.9029652499593794,asymmetric_partition,1.433215166976768,0.019791666666666652
flocking_topology_rejoin,11021,2.2167328164753353,0.6856863190168236,0.74765625,0.9524382742167653,0.6121257742167652,0.55625,0.0,0.44375,0.075,0.0,0.0,0.534375,78,0.6700081598058106,1.6988293958954173,4.147305870927925,6.060674087295139,0.9668526785714284,0.0,2.003922049885816,3.6944961141955326,4.8955200858897925,2.0182466478520036,8.0,1.0,0.0,0.4375,0.15714285714285714,2.1875,8.0,1.0,7.9,0.0,0.0125,0.0,0,0.0,21,50.9875,0.0,0.125,,2859,548928,0.7199999999999999,0.0,0.0,0.0,0.0,0,1.49375,0.4875,5.9875,0.7484375,0.2375,0.0,0.0,0.1,1.5881150430220807,161.07975325857677,0.9053439998533577,asymmetric_partition,0.30117060410458274,0.01685267857142847
flocking_topology_rejoin,11022,2.2579791739510053,0.7071936061741436,0.73125,0.9811103680769653,0.6367353680769654,0.55,0.0,0.45,0.06875,0.16666666666666666,0.00625,0.5,75,0.7989754523908925,2.377657447539132,4.393831037725793,86.96191505367122,0.9715624999999999,0.0,1.9743063042721247,3.6709783962860727,4.8682381814723135,1.9797372337183916,8.0,1.0,0.0,0.4375,0.15714285714285714,2.0,8.0,1.0,7.74375,0.0,0.03203125,0.0,0,0.0,31,49.7375,0.0,0.125,,2838,544896,0.7199999999999999,0.0,0.0,0.0,0.0,0,1.49375,0.46875,5.86875,0.73359375,0.23125,0.00625,0.00625,0.25625,1.559651401268308,199.8998158540334,0.8958702499512583,asymmetric_partition,0.3776574475391321,0.02156249999999993
flocking_topology_rejoin,11023,2.3132982739547754,0.6893388920554464,0.74765625,1.048604559667264,0.7092295596672639,0.5625,0.0,0.4375,0.1125,0.3333333333333333,0.01875,0.53125,77,1.1168222326850268,4.062006685619513,4.8273225286931005,129.28248430978945,0.9458333333333334,0.0,1.991911191832008,3.705225707121001,4.825386137222435,1.928593374025958,8.0,1.0,0.0,0.4375,0.2,2.18125,8.0,1.0,7.9125,0.0,0.0109375,0.0,0,0.0,10,51.03125,0.0,0.125,,2815,540480,0.7199999999999999,0.0,0.0,0.0,0.0,0,1.5,0.48125,5.99375,0.74921875,0.23671875,0.0,0.0,0.0875,1.5347528964019044,160.36271562899333,0.9029025000054389,asymmetric_partition,2.0620066856195134,0.004166666666666541
flocking_topology_rejoin,11024,2.3101150683549974,0.7253176636287841,0.75390625,0.9770880528181912,0.6427130528181911,0.5625,0.0,0.4375,0.0625,0.25,0.0125,0.5390625,76,0.9841071314797699,3.6498439783480285,4.159647361926271,165.25197790177765,0.94453125,0.0,2.0388418727427515,3.6916400502424103,4.86652195015938,1.9161163440930522,8.0,1.0,0.0,0.4375,0.17142857142857143,2.0875,8.0,1.0,7.9125,0.0,0.0109375,0.0,0,0.0,18,51.04375,0.0,0.125,,2851,547392,0.7199999999999999,0.0,0.0,0.0,0.0,0,1.5,0.475,6.03125,0.75390625,0.23203125,0.0,0.0,0.0875,1.5347910892104637,158.09410814410123,0.9235908749978989,asymmetric_partition,1.6498439783480285,0.005468749999999911
flocking_topology_rejoin,11025,2.232158739420954,0.6708083516990202,0.746875,0.9424097022632669,0.5780347022632668,0.525,0.0,0.475,0.08125,0.0,0.0,0.5234375,76,0.6741064924187383,1.673984092737078,3.8001265401620374,10.228752608826245,0.9651413690476189,0.0,1.9344196101276396,3.695021548815633,4.863556828796797,1.9417313455403964,8.0,1.0,0.0,0.4375,0.11428571428571428,2.15625,8.0,1.0,7.88125,0.0,0.01484375,0.0,0,0.0,16,50.8875,0.0,0.25,,2846,546432,0.7199999999999999,0.0,0.0,0.0,0.0,0,1.4875,0.475,5.9875,0.7484375,0.23515625,0.0,0.0,0.11875,1.532348552975568,166.55437400417856,0.9221158751752228,asymmetric_partition,0.32601590726292207,0.01514136904761898
flocking_topology_rejoin,11026,2.1436967980118142,0.667548888697393,0.74765625,0.9321296998083526,0.5883796998083525,0.55,0.0,0.45,0.0625,0.0,0.0,0.534375,77,0.6754146262371692,1.713582085468083,3.9154568001034704,7.451001537936361,0.971875,0.0,1.9425109206452085,3.6925313897242504,4.853404673277206,1.9826794969639585,8.0,1.0,0.0,0.4375,0.17142857142857143,2.125,8.0,1.0,7.8875,0.0,0.0140625,0.0,0,0.0,24,50.9875,0.0,0.125,,2836,544512,0.7199999999999999,0.0,0.0,0.0,0.0,0,1.48125,0.48125,5.99375,0.74921875,0.23671875,0.00625,0.00625,0.1125,1.5630627565576698,164.41617132912862,0.9015642078593373,asymmetric_partition,0.286417914531917,0.02187500000000009
flocking_topology_rejoin,11027,2.333991152447594,0.9313819883392596,0.73671875,0.9979428351410323,0.6488803351410323,0.54375,0.0,0.45625,0.06875,0.1111111111111111,0.00625,0.5265625,79,0.965542870702541,3.117675601547141,5.269337967772758,115.44558207588979,0.94375,0.0,2.050735064465446,3.6911475612804123,4.843910486862443,1.9697700826190598,8.0,1.0,0.0,0.4375,0.15714285714285714,2.0875,8.0,1.0,7.8,0.0,0.025,0.0,0,0.0,16,50.1875,0.0,0.0,,2851,547392,0.7199999999999999,0.0,0.0,0.0,0.0,0,1.49375,0.48125,5.9125,0.7390625,0.234375,0.0,0.0,0.2,1.5572997302914928,192.7448465598758,0.882273375056684,asymmetric_partition,1.1176756015471412,0.006249999999999978
flocking_topology_rejoin,11028,2.1735532903369057,0.6182279097795775,0.7484375,0.8893358373833108,0.5496483373833108,0.55625,0.0,0.44375,0.06875,0.0,0.0,0.53515625,76,0.6300584728716225,1.4549183545743822,4.002846151989784,6.762830505109633,0.9671875,0.0,1.8806860555149654,3.7033053113223624,4.810490343638955,1.9003953982233128,8.0,1.0,0.0,0.4375,0.15714285714285714,2.025,8.0,1.0,7.8875,0.0,0.0140625,0.0,0,0.0,19,50.88125,0.0,0.125,,2865,550080,0.7199999999999999,0.0,0.0,0.0,0.0,0,1.49375,0.475,5.9875,0.7484375,0.23515625,0.01875,0.01875,0.10625,1.5327241524931952,147.8939513264608,0.917051250115037,asymmetric_partition,0.5450816454256178,0.017187500000000022
flocking_topology_rejoin,11029,2.213313702510795,0.658293257109871,0.74765625,0.936289510924438,0.5919145109244381,0.55,0.0,0.45,0.06875,0.0,0.0,0.5375,76,0.6614276817831604,1.6629769953717695,4.089516690003241,7.033659359406032,0.98828125,0.0,1.9658335563489142,3.699812360652311,4.824236638412366,1.9042134473849277,8.0,1.0,0.0,0.4375,0.15714285714285714,1.9375,8.0,1.0,7.9125,0.0,0.0109375,0.0,0,0.0,20,51.0875,0.0,0.125,,2862,549504,0.7199999999999999,0.0,0.0,0.0,0.0,0,1.49375,0.475,6.01875,0.75234375,0.23359375,0.0,0.0,0.0875,1.5353837549300227,152.55438580156124,0.9085500829387456,asymmetric_partition,0.33702300462823054,0.038281250000000044
flocking_topology_partition,11000,3.9956137156295664,3.8935718143246745,0.5734375000000187,3.1223892512169225,2.713014251216922,0.4625,0.0,0.5375,0.0625,0.0,0.0,0.15000000000001873,15,3.8946248839003714,42.86453482034982,131.93399705418602,195.89005416508573,0.60546875,0.0,2.164303432142957,3.7060245546684625,4.82111590406843,1.9248640782780693,8.0,1.0,0.0,0.4375,0.0,2.1875,4.975,0.621875,4.9125,0.0,0.3859375,0.0,0,0.0,20,30.38125,0.01875,0.75,,2852,547584,0.7199999999999999,0.0,0.0,0.0,0.0,0,1.1,0.09375,4.60625,0.5734375000000187,0.03984375,0.0,0.0,0.125,1.5475247013616629,167.1179029186957,0.8363332499284297,asymmetric_partition,40.86453482034982,0.34453124999999996
flocking_topology_partition,11001,3.9595431726795827,3.8568546337373557,0.6125,3.126564395773133,2.717189395773133,0.4625,0.0,0.5375,0.0625,0.0,0.0,0.2296875,15,3.8571541414943997,44.11488636219185,134.9230191585551,149.79961260545667,0.6140625,0.0,1.98222288629036,3.70561498200369,4.844360176684478,1.931653629062438,8.0,1.0,0.0,0.4375,0.0,2.11875,5.325,0.665625,5.23125,0.0,0.34609375,0.0,0,0.0,22,32.8875,0.0,0.625,,2861,549312,0.7199999999999999,0.0,0.0,0.0,0.0,0,1.0875,0.0875,4.9125,0.6140625,0.03984375,0.03125,0.03125,0.15625,1.5334418363155606,125.36396095451272,0.8227219588588923,asymmetric_partition,42.11488636219185,0.3359375
flocking_topology_partition,11002,1.1528523975803109,0.6092198673523621,0.6265625,0.9578237613695286,0.5484487613695286,0.4625,0.0,0.5375,0.0625,0.0,0.0,0.2578125,15,0.6098966937669158,1.4162120798102271,3.2439801473151006,7.845152297019785,0.990625,0.0,1.9154096752473428,3.6959335519253322,4.855879649722513,1.926880453576878,8.0,1.0,0.0,0.4375,0.0,2.03125,5.4375,0.6796875,5.40625,0.0,0.32421875,0.0,0,0.0,35,33.98125,0.0,0.625,,2854,547968,0.7199999999999999,0.0,0.0,0.0,0.0,0,1.125,0.125,5.01875,0.62734375,0.0484375,0.0,0.0,0.05625,1.5300112559570556,173.99439892503466,0.8593452500645071,asymmetric_partition,0.5837879201897729,0.04062500000000002
flocking_topology_partition,11003,0.9763053303299902,0.6565328333316882,0.66484375,0.9902405339717871,0.5902405339717871,0.475,0.0,0.525,0.0625,0.0,0.0,0.33125,7,0.6763433178298714,1.7608261706745245,4.837419710476689,7.753276392998885,0.983125,0.0,2.0390065610878088,3.709211217362724,5.081656162612907,1.9066680771197704,8.0,1.0,0.0,0.4375,0.0,1.8125,5.675,0.709375,5.575,0.0,0.303125,0.0,0,0.0,11,35.78125,0.0,0.75,,3212,616704,0.7199999999999999,0.0,0.0,0.0,0.0,0,1.06875,0.0625,5.325,0.665625,0.03046875,0.00625,0.00625,0.15,1.5812845647324807,123.00661898642876,0.9178755418397486,asymmetric_partition,0.23917382932547548,0.03312500000000007
flocking_topology_partition,11004,1.234185632596471,0.7200334990651951,0.6171875,1.0455541035924885,0.6361791035924884,0.4625,0.0,0.5375,0.0625,0.0,0.0,0.2421875,17,0.7128857150277151,1.865135931643298,5.460480489290919,10.804272120711607,0.9609375,0.0,2.093591751054724,3.6862429183857714,4.863669047663132,1.9947782812194341,8.0,1.0,0.0,0.4375,0.0,2.13125,5.45,0.68125,5.35625,0.0,0.33046875,0.0,0,0.0,20,33.4375,0.0,0.625,,2856,548352,0.7199999999999999,0.0,0.0,0.0,0.0,0,1.14375,0.14375,4.9375,0.6171875,0.05234375,0.01875,0.01875,0.1375,1.5518828156028817,157.74237652985815,0.849396999925375,asymmetric_partition,0.13486406835670195,0.010937500000000044
flocking_topology_partition,11005,3.884415889086762,3.7827110600772644,0.61640625,2.986574356193187,2.585949356193187,0.475,0.0,0.525,0.06875,0.0,0.0,0.240625,15,3.7837778278523406,42.72556863289703,138.64801689552274,176.39894513869126,0.61640625,0.0,1.9707570320681036,3.7029238652216803,4.8977283327760945,1.9184687815805366,8.0,1.0,0.0,0.4375,0.0,2.13125,5.3875,0.6734375,5.325,0.0,0.334375,0.0,0,0.0,19,33.43125,0.0,0.625,,2856,548352,0.7199999999999999,0.0,0.0,0.0,0.0,0,1.1125,0.10625,4.94375,0.61796875,0.046875,0.0,0.0,0.125,1.5366729857961599,125.26482777646974,0.8770917910151184,asymmetric_partition,40.72556863289703,0.3335937499999999
flocking_topology_partition,11006,3.9792466961613955,3.856204582906608,0.6671875000000063,3.046283429023651,2.6369084290236513,0.4625,0.0,0.5375,0.0625,0.0,0.0,0.33437500000000625,15,3.8588227742996812,45.90170449275617,149.05102669997586,163.2470741745852,0.6377604166666666,0.0,1.9050241874938152,3.680528483147083,5.026107352834865,1.8558842343930895,8.0,1.0,0.0,0.4375,0.0,1.7875,5.7875,0.7234375,5.70625,0.0,0.28671875,0.0,0,0.0,15,36.6875,0.00625,0.625,,3196,613632,0.7199999999999999,0.0,0.0,0.0,0.0,0,1.09375,0.09375,5.34375,0.6671875000000063,0.04609375,0.0,0.0,0.1,1.532016097869533,167.64681575572862,0.9321918750647455,asymmetric_partition,43.90170449275617,0.31223958333333335
flocking_topology_partition,11007,1.2737546231687098,0.6515477600912128,0.57265625,0.9786927389622363,0.5693177389622364,0.4625,0.0,0.5375,0.0625,0.0,0.0,0.159375,17,0.6559936215842089,1.602490467928586,4.555072587831444,10.75442432532275,0.9609375,0.0,1.8930031281824604,3.697078098070712,4.8689611870842135,1.9729830608346195,8.0,1.0,0.0,0.4375,0.0,2.08125,5.08125,0.63515625,5.0125,0.0,0.3734375,0.0,0,0.0,18,30.7375,0.0,0.75,,2847,546624,0.7199999999999999,0.0,0.0,0.0,0.0,0,1.1375,0.13125,4.60625,0.57578125,0.05,0.0,0.0,0.10625,1.5507218317246312,156.24039939771833,0.8404123329091817,asymmetric_partition,0.39750953207141393,0.010937500000000044
flocking_topology_partition,11008,1.1746472509063453,0.6265071550656005,0.61875,0.9458162305958162,0.5411287305958163,0.46875,0.0,0.53125,0.0625,0.0,0.0,0.2484375,17,0.6205036567755898,1.4656611565766302,4.468578390372236,13.301503371528016,0.9765625,0.0,1.921685859438119,3.711778859013557,4.871840066674643,1.9096560199921981,8.0,1.0,0.0,0.4375,0.0,2.06875,5.4,0.675,5.35625,0.0,0.33046875,0.0,0,0.0,23,33.53125,0.0,0.75,,2847,546624,0.7199999999999999,0.0,0.0,0.0,0.0,0,1.13125,0.11875,4.96875,0.62109375,0.046875,0.0,0.0,0.0625,1.542308158317105,129.5500567384455,0.8701061250176281,asymmetric_partition,0.5343388434233698,0.026562500000000044
flocking_topology_partition,11009,3.9491333490664973,3.830654034309781,0.5609375000000125,3.0434947933928673,2.634119793392867,0.4625,0.0,0.5375,0.0625,0.0,0.0,0.1304687500000125,14,3.831749423630666,38.41497355801245,128.86554918078207,156.255878724588,0.6246651785714286,0.0,1.9024321419240842,3.6821418468912923,4.812107983456679,1.9556913145118855,8.0,1.0,0.0,0.4375,0.0,2.09375,4.99375,0.62421875,4.86875,0.0,0.39140625,0.0,0,0.0,23,29.81875,0.0125,0.5,,2859,548928,0.7199999999999999,0.0,0.0,0.0,0.0,0,1.11875,0.10625,4.50625,0.5617187500000125,0.0453125,0.10625,0.08125,0.29375,1.5626941411776727,173.76042642279666,0.8160900420043617,asymmetric_partition,36.41497355801245,0.3253348214285714
flocking_topology_partition,11010,4.096172059069289,4.005295862662419,0.615625,3.2421385496820845,2.8327635496820847,0.4625,0.0,0.5375,0.0625,0.0,0.0,0.2453125,7,4.004213805539829,48.74489931537465,148.25987513998348,170.7873429585507,0.6034598214285715,0.0,2.0049412031994676,3.7107363865432674,4.833312515121296,1.9685921836947542,8.0,1.0,0.0,0.4375,0.0,2.075,5.325,0.665625,5.25625,0.0,0.34296875,0.0,0,0.0,24,32.8875,0.0,0.5,,2856,548352,0.7199999999999999,0.0,0.0,0.0,0.0,0,1.1125,0.10625,4.94375,0.61796875,0.03828125,0.01875,0.01875,0.15625,1.5648452656440153,124.3535196710925,0.8385284580290318,asymmetric_partition,46.74489931537465,0.3465401785714285
flocking_topology_partition,11011,3.876124762040081,3.720188104223543,0.6140625000000062,2.9582206963680733,2.5488456963680735,0.4625,0.0,0.5375,0.0625,0.0,0.0,0.24531250000000626,7,3.7212044296203337,40.61746766230375,139.8885060134743,167.6258107608619,0.62265625,0.0,1.9910419735296796,3.7035897310099637,4.8377662899696805,1.8649718741520498,8.0,1.0,0.0,0.4375,0.0,2.025,5.34375,0.66796875,5.2875,0.0,0.3390625,0.0,0,0.0,24,33.0875,0.00625,0.875,,2850,547200,0.7199999999999999,0.0,0.0,0.0,0.0,0,1.125,0.11875,4.9625,0.6195312500000062,0.040625,0.0,0.0,0.13125,1.5398697397739984,121.54960147850711,0.8508554170839489,asymmetric_partition,38.61746766230375,0.32734374999999993
flocking_topology_partition,11012,3.941252249553417,3.8450031922412324,0.66484375,3.0923809106514133,2.683005910651413,0.4625,0.0,0.5375,0.0625,0.0,0.0,0.33046875,15,3.84538531101004,46.0869491523393,146.78698817150962,168.11565269609468,0.6203125,0.0,2.1079477712711503,3.6793974119822095,5.04751743289229,1.9710423436357707,8.0,1.0,0.0,0.4375,0.0,1.78125,5.74375,0.71796875,5.63125,0.0,0.29609375,0.0,0,0.0,15,36.05,0.0,0.5,,3181,610752,0.7199999999999999,0.0,0.0,0.0,0.0,0,1.0875,0.08125,5.31875,0.66484375,0.03828125,0.01875,0.01875,0.10625,1.5656486301901353,175.36661528978934,0.9443577500060201,asymmetric_partition,44.0869491523393,0.3296874999999999
flocking_topology_partition,11013,4.011025377949262,3.900933713799567,0.5757812500000062,3.06908210788973,2.6597071078897296,0.4625,0.0,0.5375,0.0625,0.0,0.0,0.15312500000000626,15,3.9024939933229827,41.927503527198986,138.5034576203067,157.72257143016026,0.6390625,0.0,1.8578317537065225,3.709552811934285,4.868130435453435,1.9510854073251196,8.0,1.0,0.0,0.4375,0.0,2.175,5.03125,0.62890625,4.98125,0.0,0.37734375,0.0,0,0.0,19,30.84375,0.00625,0.75,,2831,543552,0.7199999999999999,0.0,0.0,0.0,0.0,0,1.1,0.1,4.6125,0.5757812500000062,0.046875,0.0,0.0,0.08125,1.5481073646640031,154.35187226832164,0.8518317919224501,asymmetric_partition,39.927503527198986,0.3109375
flocking_topology_partition,11014,1.1200785386285657,0.6591347248531054,0.621875,0.9700469547492325,0.5700469547492325,0.475,0.0,0.525,0.0625,0.0,0.0,0.25390625,14,0.6590003251727233,1.6612128463450344,4.506474949950621,7.4678557073064535,0.9700520833333334,0.0,2.165564555385495,3.7070941323828146,4.833728042729917,1.9438335030501133,8.0,1.0,0.0,0.4375,0.0,2.1,5.40625,0.67578125,5.3375,0.0,0.3328125,0.0,0,0.0,25,33.3875,0.0,0.625,,2845,546240,0.7199999999999999,0.0,0.0,0.0,0.0,0,1.13125,0.11875,4.975,0.621875,0.04375,0.0,0.0,0.11875,1.5414783938716081,149.84022634698326,0.8423563330434263,asymmetric_partition,0.3387871536549656,0.020052083333333415
flocking_topology_partition,11015,1.2495556588182586,0.6669665870256971,0.61015625,0.9994190645437955,0.5900440645437955,0.4625,0.0,0.5375,0.0625,0.0,0.0,0.228125,18,0.6876759309071009,1.7489287468195727,4.538269183723912,9.28397933629758,0.9702008928571428,0.0,1.994773824955237,3.703761660205944,4.793602444754731,1.9439746514732938,8.0,1.0,0.0,0.4375,0.0,2.16875,5.3875,0.6734375,5.3125,0.0,0.3359375,0.0,0,0.0,24,33.08125,0.0,0.625,,2835,544320,0.7199999999999999,0.0,0.0,0.0,0.0,0,1.14375,0.1375,4.9,0.6125,0.05078125,0.00625,0.00625,0.1625,1.5342718682575582,147.3941159428725,0.8342564590275288,asymmetric_partition,0.25107125318042733,0.020200892857142883
flocking_topology_partition,11016,3.8483353847935,3.6697204461220494,0.6203125000000063,2.898162019119869,2.493474519119869,0.46875,0.0,0.53125,0.0625,0.0,0.0,0.25937500000000624,14,3.668911031032709,40.89898620288878,144.921600969135,181.38643699948523,0.6484375,0.0,2.1393001852911744,3.7136215982110103,4.910071301129284,1.9432124557577588,8.0,1.0,0.0,0.4375,0.0,1.99375,5.4125,0.6765625,5.35625,0.0,0.33046875,0.0,0,0.0,23,33.5875,0.00625,0.625,,2853,547776,0.7199999999999999,0.0,0.0,0.0,0.0,0,1.13125,0.13125,5.01875,0.6265625000000062,0.04296875,0.0,0.0,0.1,1.5445106906079737,110.62287869972516,0.8566997079178691,asymmetric_partition,38.89898620288878,0.30156249999999996
flocking_topology_partition,11017,3.8541762516432567,3.701959260023735,0.58046875,2.8271359531180424,2.4271359531180425,0.475,0.0,0.525,0.0625,0.0,0.0,0.1703125,18,3.704860019757116,36.07251274223539,136.45984962391697,173.82026266969063,0.67734375,0.0,1.7883310312044496,3.6818743569213184,4.904970111252018,1.9892822881587093,8.0,1.0,0.0,0.4375,0.0,1.99375,5.13125,0.64140625,5.08125,0.0,0.36484375,0.0,0,0.0,20,31.1375,0.0,0.625,,2861,549312,0.7199999999999999,0.0,0.0,0.0,0.0,0,1.15625,0.14375,4.65625,0.58203125,0.05078125,0.0,0.0,0.06875,1.5680097277369356,160.7787223741584,0.8474646671675146,asymmetric_partition,34.07251274223539,0.27265624999999993
flocking_topology_partition,11018,3.9718645178297223,3.855168073976058,0.6015625,3.0835002382371632,2.674125238237164,0.4625,0.0,0.5375,0.0625,0.0,0.0,0.2171875,15,3.8535704494789798,45.45920782920104,155.01820996525234,173.4661471791032,0.6213169642857144,0.0,2.083014229792819,3.7027341901682043,4.7725703195242986,1.9524534588241793,8.0,1.0,0.0,0.4375,0.0,2.01875,5.41875,0.67734375,5.2375,0.0,0.3453125,0.0,0,0.0,20,32.63125,0.0,0.625,,2854,547968,0.7199999999999999,0.0,0.0,0.0,0.0,0,1.125,0.11875,4.84375,0.60546875,0.0484375,0.05625,0.05625,0.19375,1.5638552658744267,156.5402723293987,0.8074407500680536,asymmetric_partition,43.45920782920104,0.3286830357142856
flocking_topology_partition,11019,1.270310793253769,0.7066727088946951,0.571875,1.0829764106419686,0.6829764106419687,0.475,0.0,0.525,0.0625,1.0,0.0125,0.1484375,6,0.9994061739233674,3.7120859014616805,4.655707339023325,216.0006336316434,0.9522321428571429,0.0,1.9433966449075772,3.6813494981251482,4.836791274231956,1.9339811096417538,8.0,1.0,0.0,0.4375,0.0,2.05,4.91875,0.61484375,4.84375,0.0,0.39453125,0.0,0,0.0,26,29.83125,0.0,0.5,,2846,546432,0.7199999999999999,0.0,0.0,0.0,0.0,0,1.08125,0.075,4.58125,0.57265625,0.03203125,0.0375,0.0375,0.13125,1.53773095677594,186.65987977386968,0.8383337080013007,asymmetric_partition,1.7120859014616805,0.0022321428571429047
flocking_topology_partition,11020,3.999643050962129,3.8168141666394364,0.6117187500000062,3.077891415615365,2.6772664156153656,0.475,0.0,0.525,0.06875,1.0,0.01875,0.23125000000000626,15,3.8861596508581147,46.14141953103168,145.64230136666788,180.24270490665765,0.6140625,0.0,2.0623795268006937,3.6928149891506807,4.85254517697035,1.9696174142967244,8.0,1.0,0.0,0.4375,0.0,2.075,5.40625,0.67578125,5.2875,0.0,0.3390625,0.0,0,0.0,22,33.08125,0.00625,0.625,,2844,546048,0.7199999999999999,0.0,0.0,0.0,0.0,0,1.125,0.1125,4.90625,0.6125000000000063,0.046875,0.025,0.025,0.15625,1.5611500050922822,166.7404854180471,0.8518089579883963,asymmetric_partition,44.14141953103168,0.3359375
flocking_topology_partition,11021,4.125833886876034,4.053793662232637,0.5734375,3.2068223937075233,2.8061973937075235,0.475,0.0,0.525,0.06875,0.0,0.0,0.1546875,9,4.053938925875693,43.15458042161413,131.85642723728694,167.22056021166435,0.61328125,0.0,2.003922049885816,3.6944961141955326,4.8955200858897925,2.0182466478520036,8.0,1.0,0.0,0.4375,0.0,2.1875,4.9625,0.6203125,4.9,0.0,0.3875,0.0,0,0.0,21,30.1375,0.0,0.625,,2859,548928,0.7199999999999999,0.0,0.0,0.0,0.0,0,1.1,0.09375,4.59375,0.57421875,0.03671875,0.0,0.0,0.1,1.5881150430220807,161.07975325857677,0.8325492078438401,asymmetric_partition,41.15458042161413,0.33671874999999996
flocking_topology_partition,11022,3.924165766828472,3.7593859712462048,0.60078125,2.973757130969507,2.569069630969507,0.46875,0.0,0.53125,0.0625,1.0,0.00625,0.21875,16,3.7776892498373416,43.55071018861387,150.10210701253018,169.2654200705784,0.6434375,0.0,1.9743063042721247,3.6709783962860727,4.8682381814723135,1.9797372337183916,8.0,1.0,0.0,0.4375,0.0,2.0,5.41875,0.67734375,5.23125,0.0,0.34609375,0.0,0,0.0,31,32.4875,0.0,0.5,,2838,544896,0.7199999999999999,0.0,0.0,0.0,0.0,0,1.1375,0.11875,4.85,0.60625,0.0453125,0.00625,0.00625,0.25625,1.559651401268308,199.8998158540334,0.8137905420735478,asymmetric_partition,41.55071018861387,0.30656249999999996
flocking_topology_partition,11023,1.2188836723598169,0.7063288200865181,0.621875,1.0353529240840385,0.6259779240840385,0.4625,0.0,0.5375,0.0625,0.0,0.0,0.2484375,16,0.7232993608624343,2.019077682318452,5.941561761683435,11.364286154291094,0.9328125,0.0,1.991911191832008,3.705225707121001,4.825386137222435,1.928593374025958,8.0,1.0,0.0,0.4375,0.0,2.18125,5.43125,0.67890625,5.36875,0.0,0.32890625,0.0,0,0.0,10,33.73125,0.0,0.75,,2815,540480,0.7199999999999999,0.0,0.0,0.0,0.0,0,1.11875,0.10625,4.98125,0.62265625,0.046875,0.0,0.0,0.0875,1.5347528964019044,160.36271562899333,0.8442361250054091,asymmetric_partition,0.019077682318452194,0.01718749999999991
flocking_topology_partition,11024,1.3644266512770953,0.7511154542711147,0.6265625,1.0584687770428396,0.6584687770428396,0.475,0.0,0.525,0.0625,1.0,0.0125,0.25625,14,0.985321112911848,3.6717179999613685,4.732920372652939,165.25197790177765,0.9390625,0.0,2.0388418727427515,3.6916400502424103,4.86652195015938,1.9161163440930522,8.0,1.0,0.0,0.4375,0.0,2.0875,5.43125,0.67890625,5.3875,0.0,0.3265625,0.0,0,0.0,18,33.89375,0.0,0.625,,2851,547392,0.7199999999999999,0.0,0.0,0.0,0.0,0,1.11875,0.1125,5.0125,0.6265625,0.04609375,0.0,0.0,0.0875,1.5347910892104637,158.09410814410123,0.86246083304286,asymmetric_partition,1.6717179999613685,0.010937499999999933
flocking_topology_partition,11025,3.905989690223336,3.7763177177224514,0.57578125,2.935343233480965,2.5259682334809646,0.4625,0.0,0.5375,0.0625,0.0,0.0,0.1578125,17,3.777308737867859,39.823869913528256,140.097340791065,150.29094683159386,0.6396205357142858,0.0,1.9344196101276396,3.695021548815633,4.863556828796797,1.9417313455403964,8.0,1.0,0.0,0.4375,0.0,2.15625,5.0625,0.6328125,5.00625,0.0,0.37421875,0.0,0,0.0,16,30.7875,0.0,0.75,,2846,546432,0.7199999999999999,0.0,0.0,0.0,0.0,0,1.125,0.11875,4.6125,0.5765625,0.0484375,0.0,0.0,0.11875,1.532348552975568,166.55437400417856,0.8481971661094576,asymmetric_partition,37.823869913528256,0.31037946428571417
flocking_topology_partition,11026,1.039930847937405,0.6687693361407304,0.6140625,0.997221337999284,0.5878463379992841,0.4625,0.0,0.5375,0.0625,0.0,0.0,0.2328125,7,0.6639622935411248,1.6795456915156382,4.1289488833997465,7.451001537936361,0.9723958333333333,0.0,1.9425109206452085,3.6925313897242504,4.853404673277206,1.9826794969639585,8.0,1.0,0.0,0.4375,0.0,2.125,5.28125,0.66015625,5.2,0.0,0.35,0.0,0,0.0,24,32.6375,0.0,0.75,,2836,544512,0.7199999999999999,0.0,0.0,0.0,0.0,0,1.0875,0.0875,4.91875,0.61484375,0.03515625,0.00625,0.00625,0.1125,1.5630627565576698,164.41617132912862,0.8414621250703931,asymmetric_partition,0.32045430848436185,0.022395833333333393
flocking_topology_partition,11027,3.994606588207479,3.889338251064513,0.57109375,3.0394648569851634,2.630089856985164,0.4625,0.0,0.5375,0.0625,0.0,0.0,0.15,15,3.8913737244811544,42.43882830124079,141.29156329538537,160.6654066393358,0.628125,0.0,2.050735064465446,3.6911475612804123,4.843910486862443,1.9697700826190598,8.0,1.0,0.0,0.4375,0.0,2.0875,5.04375,0.63046875,4.95625,0.0,0.38046875,0.0,0,0.0,16,30.3375,0.0,0.625,,2851,547392,0.7199999999999999,0.0,0.0,0.0,0.0,0,1.13125,0.125,4.575,0.571875,0.046875,0.0,0.0,0.2,1.5572997302914928,192.7448465598758,0.8278245830442756,asymmetric_partition,40.43882830124079,0.3218749999999999
flocking_topology_partition,11028,3.9460973780520714,3.85933213944204,0.5765625000000062,3.0610124661552387,2.6610124661552383,0.475,0.0,0.525,0.0625,0.0,0.0,0.16328125000000626,7,3.8576140170393685,40.57330095217619,129.8053838142222,161.1234576309797,0.615625,0.0,1.8806860555149654,3.7033053113223624,4.810490343638955,1.9003953982233128,8.0,1.0,0.0,0.4375,0.0,2.025,5.01875,0.62734375,4.9375,0.0,0.3828125,0.0,0,0.0,19,30.33125,0.00625,0.625,,2865,550080,0.7199999999999999,0.0,0.0,0.0,0.0,0,1.11875,0.10625,4.63125,0.5781250000000062,0.0375,0.01875,0.01875,0.10625,1.5327241524931952,147.8939513264608,0.8374040417838842,asymmetric_partition,38.57330095217619,0.334375
flocking_topology_partition,11029,1.2531709176723946,0.6365787024731812,0.5703125,0.9731950610863489,0.568507561086349,0.46875,0.0,0.53125,0.0625,0.0,0.0,0.1609375,17,0.6342440106871795,1.5059636053436916,4.197005648252405,7.033659359406032,0.99375,0.0,1.9658335563489142,3.699812360652311,4.824236638412366,1.9042134473849277,8.0,1.0,0.0,0.4375,0.0,1.9375,5.08125,0.63515625,5.03125,0.0,0.37109375,0.0,0,0.0,20,30.8875,0.0,0.625,,2862,549504,0.7199999999999999,0.0,0.0,0.0,0.0,0,1.1375,0.125,4.625,0.578125,0.04921875,0.0,0.0,0.0875,1.5353837549300227,152.55438580156124,0.8297403331380337,asymmetric_partition,0.49403639465630844,0.04375000000000007
flocking_topology_resilient,11000,3.949818393838669,0.9097731196911303,0.5108072916666855,1.2222464407832674,0.7941214407832673,0.4375,0.0,0.5625,0.0625,0.0,0.0,0.11223958333335209,114,0.9259843235585179,1.1592954386588614,3.7663825881092254,7.238829998872383,0.9880580357142857,0.0,2.1479862313050018,3.707946619511766,4.750049888400936,1.9910308327086923,8.0,1.0,0.0,0.4375,0.0,2.175,5.01875,0.62734375,4.817708333333334,0.3862122702891698,0.3977864583333333,0.0,0,0.19375,19,30.68125,0.19375,0.14583333333333334,,2848,546816,0.7199999999999999,0.0,0.0,0.0,0.0,0,1.7875,0.7125,4.575,0.5555989583333334,0.045833333333352086,0.0,0.0,0.11875,1.5467956587506868,168.78420087368647,0.819231583038345,asymmetric_partition,0.8407045613411386,0.03805803571428579
flocking_topology_resilient,11001,4.021582082321592,0.6561340252019291,0.4953125000000062,1.0204166984875023,0.5922916984875023,0.4375,0.0,0.5625,0.0625,0.0,0.0,0.2059895833333396,2,0.6716900705248576,1.0899927328607508,3.37904703372848,6.886954473935904,0.9859375,0.0,1.9575472847502595,3.7077374922706325,4.81054243326758,1.9794572951798788,8.0,1.0,0.0,0.4375,0.0,2.175,5.40625,0.67578125,5.1625,0.3960146408647348,0.35468750000000004,0.0,0,0.14375,15,33.3875,0.14375,0.125,,2821,541632,0.7199999999999999,0.0,0.0,0.0,0.0,0,1.54375,0.4875,4.95625,0.6020833333333396,0.043229166666666666,0.03125,0.03125,0.15625,1.5297396789252133,127.38929954514376,0.8372103748843074,asymmetric_partition,0.9100072671392492,0.03593750000000007
flocking_topology_resilient,11002,1.1067079778056383,0.6504002172553599,0.609765625,1.0067144566943154,0.5785894566943155,0.4375,0.0,0.5625,0.0625,0.0,0.0,0.22005208333333334,102,0.6463134850502917,1.6051043084598013,4.284606015932459,7.852954815801444,0.9734375,0.0,1.9687563049969312,3.7012594809162622,4.732602618246917,1.9402165258459327,8.0,1.0,0.0,0.4375,0.0,2.11875,5.425,0.678125,5.247916666666667,0.24446528462182499,0.3440104166666667,0.0,0,0.1875,22,33.78125,0.1875,0.125,,2846,546432,0.7199999999999999,0.0,0.0,0.0,0.0,0,1.68125,0.6375,4.99375,0.609765625,0.046223958333333336,0.0,0.0,0.06875,1.529431354401741,175.69212511893417,0.8522914589848369,asymmetric_partition,0.39489569154019866,0.0234375
flocking_topology_resilient,11003,1.1465151870542383,0.7005183405107575,0.6513020833333334,1.0409631824405674,0.6222131824405674,0.45,0.0,0.55,0.0625,0.0,0.0,0.30729166666666663,113,0.7169686436520332,1.9775933049031444,5.049256882505569,9.49906173237081,0.9675,0.0,2.1164096644201624,3.7154614753265376,4.9558505094355745,1.9043657295222105,8.0,1.0,0.0,0.4375,0.0,1.81875,5.775,0.721875,5.579166666666667,0.38543930836916984,0.3026041666666667,0.0,0,0.13125,13,36.48125,0.13125,0.25,,3185,611520,0.7199999999999999,0.0,0.0,0.0,0.0,0,1.75,0.70625,5.3375,0.653515625,0.04309895833333333,0.00625,0.00625,0.13125,1.5798978805598582,125.97315443848622,0.899267541943118,asymmetric_partition,0.022406695096855556,0.01750000000000007
flocking_topology_resilient,11004,1.198764045770796,0.6525788222266541,0.6009114583333333,1.0029285801630703,0.5748035801630703,0.4375,0.0,0.5625,0.0625,0.0,0.0,0.2026041666666667,114,0.6506835199437951,1.6361355470756664,4.351871828279953,10.227730988722065,0.9702008928571428,0.0,2.0437154742858383,3.6999515899473856,4.760661207104844,1.9459869688029507,8.0,1.0,0.0,0.4375,0.0,2.0125,5.39375,0.67421875,5.179166666666666,0.34883524628916984,0.35260416666666666,0.0,0,0.26875,24,33.2375,0.26875,0.14583333333333331,,2858,548736,0.7199999999999999,0.0,0.0,0.0,0.0,0,1.74375,0.7125,4.9125,0.6009114583333333,0.046484375,0.025,0.01875,0.15625,1.553367800845756,157.41087183633974,0.8170902919955552,asymmetric_partition,0.36386445292433356,0.020200892857142883
flocking_topology_resilient,11005,3.858378664472408,0.6244364802102624,0.5157552083333334,0.9687033908093771,0.5493283908093769,0.45,0.0,0.55,0.06875,0.0,0.0,0.21432291666666664,76,0.6319740693110305,1.160759880470265,4.017297669716664,7.453979458845,0.990625,0.0,1.9901113337383514,3.70668841738175,4.783651180765256,1.9526195717529888,8.0,1.0,0.0,0.4375,0.0,2.01875,5.43125,0.67890625,5.252083333333333,0.17146493248118116,0.3434895833333334,0.0,0,0.20625,19,33.58125,0.20625,0.125,,2851,547392,0.7199999999999999,0.0,0.0,0.0,0.0,0,1.56875,0.48125,4.95,0.605078125,0.050651041666666674,0.0,0.0,0.1125,1.536906644756188,128.10166637277584,0.8399862919468433,asymmetric_partition,0.839240119529735,0.04062500000000002
flocking_topology_resilient,11006,3.9124614407716614,0.631586598545729,0.5136718750000125,0.9995025081700619,0.5713775081700619,0.4375,0.0,0.5625,0.0625,0.0,0.0,0.2898437500000125,114,0.6537019794851001,0.9683634090341918,3.223061220418292,5.418291498429312,0.98828125,0.0,1.8490225527916415,3.684202545597092,4.919694502996946,1.8840623020732459,8.0,1.0,0.0,0.4375,0.0,1.78125,5.7375,0.7171875,5.528125,0.42234579284916984,0.308984375,0.0,0,0.1125,10,36.3875,0.1125,0.25,,3169,608448,0.7199999999999999,0.0,0.0,0.0,0.0,0,1.7625,0.7125,5.29375,0.644921875,0.0460937500000125,0.0,0.0,0.1,1.5331329396939943,168.3567023776222,0.9202014589682221,asymmetric_partition,1.031636590965808,0.038281250000000044
flocking_topology_resilient,11007,1.1758244427924311,0.6508988115437302,0.556640625,1.0017032317639414,0.5735782317639414,0.4375,0.0,0.5625,0.0625,0.0,0.0,0.1203125,114,0.6575166530309738,1.6120474738669741,4.442197025772498,10.855227659272055,0.975,0.0,1.8824404494204856,3.700702678280642,4.789139149296837,1.9732031833355272,8.0,1.0,0.0,0.4375,0.0,2.1,5.05,0.63125,4.84375,0.33643227732916986,0.39453125,0.0,0,0.24375,23,30.6875,0.24375,0.14583333333333331,,2835,544320,0.7199999999999999,0.0,0.0,0.0,0.0,0,1.775,0.7125,4.58125,0.5579427083333333,0.04752604166666667,0.0,0.0,0.10625,1.54993949655739,159.1359078880137,0.8413998330943286,asymmetric_partition,0.3879525261330259,0.025000000000000022
flocking_topology_resilient,11008,1.1993274299918655,0.6213962676117971,0.598828125,0.9698095876832735,0.5463720876832735,0.44375,0.0,0.55625,0.0625,0.03333333333333333,0.00625,0.21484375,3,0.6224833983817876,1.4648177797844357,5.103733737962932,11.993203948241074,0.97109375,0.0,1.8703532834048904,3.71656327490996,4.743483130282227,1.9038169963086653,8.0,1.0,0.0,0.4375,0.0,2.10625,5.39375,0.67421875,5.234375,0.47583241428916984,0.345703125,0.0,0,0.20625,17,33.48125,0.20625,0.14583333333333331,,2842,545664,0.7199999999999999,0.0,0.0,0.0,0.0,0,1.8125,0.73125,4.94375,0.603125,0.0484375,0.0,0.0,0.04375,1.5406569630307565,133.5347657091315,0.8444424578920007,asymmetric_partition,0.5351822202155643,0.021093750000000022
flocking_topology_resilient,11009,3.950702567430426,1.6612745456886717,0.5071614583333333,1.5357334058187968,1.1076084058187967,0.4375,0.0,0.5625,0.0625,0.0,0.0,0.10052083333334587,63,1.6620657110234862,5.547044044416383,10.877858964330521,152.39057308901624,0.9390625,0.0,1.8813581109535398,3.685126953829021,4.7108856797955845,1.9435859089554053,8.0,1.0,0.0,0.4375,0.0,2.14375,4.99375,0.62421875,4.7489583333333325,0.40487945144773346,0.4063802083333333,0.0,0,0.18125,17,29.81875,0.19375,0.12499999999999992,,2838,544896,0.7199999999999999,0.0,0.0,0.0,0.0,0,1.525,0.45,4.49375,0.54921875,0.043489583333345835,0.10625,0.08125,0.30625,1.5645573613880024,177.6569961530232,0.7976780410390347,asymmetric_partition,3.547044044416383,0.010937499999999933
flocking_topology_resilient,11010,4.109967036416521,1.163128332329438,0.5165364583333333,1.4096993404750997,0.9815743404750995,0.4375,0.0,0.5625,0.0625,0.0,0.0,0.2143229166666667,77,1.1663376794296583,1.3848307141174794,4.219491657411856,28.248074969996928,0.9808035714285716,0.0,1.9515646465089276,3.7079319733850555,4.842021727036856,2.0050662935647514,8.0,1.0,0.0,0.4375,0.0,2.04375,5.40625,0.67578125,5.227083333333334,0.37779292032068634,0.3466145833333333,0.0,0,0.26875,22,33.4375,0.26875,0.10416666666666663,,2853,547776,0.7199999999999999,0.0,0.0,0.0,0.0,0,1.5125,0.4875,4.9375,0.6048177083333333,0.04817708333333333,0.01875,0.01875,0.15,1.5631705271352179,124.04308048464925,0.8444046250078827,asymmetric_partition,0.6151692858825206,0.030803571428571597
flocking_topology_resilient,11011,4.004844370390938,0.850599815758976,0.5138020833333334,1.1452181594962851,0.7170931594962852,0.4375,0.0,0.5625,0.0625,0.0,0.0,0.20911458333333957,76,0.8538508457693486,1.255534201306675,3.684551940932225,31.55090805674639,0.9828125,0.0,2.0832864608861765,3.701408291070328,4.7587101041417,1.9235275084827577,8.0,1.0,0.0,0.4375,0.0,2.0375,5.3875,0.6734375,5.139583333333333,0.1911726817323604,0.3575520833333333,0.0,0,0.2875,25,33.3875,0.29375,0.10416666666666669,,2859,548928,0.7199999999999999,0.0,0.0,0.0,0.0,0,1.525,0.475,4.95625,0.6044270833333334,0.037239583333339585,0.0,0.0,0.14375,1.5399199892628148,126.80294329986478,0.8362575829960406,asymmetric_partition,0.744465798693325,0.03281250000000002
flocking_topology_resilient,11012,3.8932834923730772,0.6888688792845528,0.5190104166666729,1.0385917044274517,0.6051542044274518,0.43125,0.0,0.56875,0.06875,0.0,0.0,0.3020833333333396,75,0.6910476368992879,1.1329630097028491,4.188018263183489,7.874570112237151,0.9768973214285716,0.0,2.0765046798527975,3.682764172894193,4.960884189820726,1.9576259347567817,8.0,1.0,0.0,0.4375,0.0,1.74375,5.7875,0.7234375,5.570833333333333,0.5006843212550314,0.3036458333333333,0.0,0,0.125,9,36.4,0.13125,0.08333333333333326,,3178,610176,0.7199999999999999,0.0,0.0,0.0,0.0,0,1.50625,0.48125,5.31875,0.651041666666673,0.0453125,0.01875,0.01875,0.1125,1.5666484616785143,175.98297211617984,0.9034222909249365,asymmetric_partition,0.8670369902971509,0.026897321428571597
flocking_topology_resilient,11013,4.058059472897079,0.9013137212956855,0.5101562500000062,1.2019753517280507,0.7738503517280504,0.4375,0.0,0.5625,0.0625,0.0,0.0,0.12187500000000626,114,0.9251968202332476,1.111798245043103,4.060827650740073,9.466301854942273,0.9920758928571429,0.0,1.9802469210454294,3.70211602785772,4.808860849425245,1.9829675961560915,8.0,1.0,0.0,0.4375,0.0,2.19375,5.03125,0.62890625,4.790625,0.3581613476225032,0.401171875,0.0,0,0.15625,15,30.74375,0.15625,0.125,,2822,541824,0.7199999999999999,0.0,0.0,0.0,0.0,0,1.75625,0.7125,4.6,0.56015625,0.03867187500000625,0.0,0.0,0.08125,1.5485850924025044,157.26835615840423,0.8301528329029679,asymmetric_partition,0.888201754956897,0.04207589285714297
flocking_topology_resilient,11014,1.1368211243522457,0.652557700985164,0.611328125,0.9998109005984059,0.5810609005984058,0.45,0.0,0.55,0.0625,0.0,0.0,0.22578125,113,0.6526140431083356,1.5710602428182452,4.061948630057504,6.020381724354941,0.98046875,0.0,2.161476825794625,3.711813603460146,4.7048856588455665,1.9396739473144808,8.0,1.0,0.0,0.4375,0.0,2.075,5.41875,0.67734375,5.24375,0.3440117148459699,0.34453125,0.0,0,0.18125,18,33.7375,0.18125,0.10416666666666669,,2839,545088,0.7199999999999999,0.0,0.0,0.0,0.0,0,1.76875,0.70625,5.00625,0.612109375,0.041796875,0.0,0.0,0.1,1.5412666343867767,152.98220063925356,0.8486019591800869,asymmetric_partition,0.4289397571817548,0.030468750000000044
flocking_topology_resilient,11015,1.1490255016404147,0.6704412817698251,0.59453125,1.0248510248467668,0.5967260248467667,0.4375,0.0,0.5625,0.0625,0.0,0.0,0.1947916666666667,126,0.6861148164371884,1.7403308947284593,4.584373956988971,9.309753435575601,0.9686383928571429,0.0,2.026860527564283,3.7068596136770666,4.671311223739267,1.9661796061456394,8.0,1.0,0.0,0.4375,0.0,2.0,5.375,0.671875,5.148958333333333,0.365292249957512,0.3563802083333333,0.0,0,0.31875,31,33.18125,0.31875,0.14583333333333331,,2856,548352,0.7199999999999999,0.0,0.0,0.0,0.0,0,1.83125,0.7875,4.9125,0.596875,0.04596354166666667,0.00625,0.00625,0.18125,1.5331413109208163,147.9912447909474,0.8212297079153359,asymmetric_partition,0.25966910527154075,0.01863839285714297
flocking_topology_resilient,11016,3.926680592559708,0.7215478806864143,0.522265625,1.081315112782434,0.6578776127824341,0.44375,0.0,0.55625,0.0625,0.0,0.0,0.228125,76,0.7173448745754631,1.1350319079018725,3.3337250684464945,6.83292107889109,0.9859375,0.0,2.1050685768124007,3.7144913275657587,4.787053281636463,1.9344440487961037,8.0,1.0,0.0,0.4375,0.0,1.95625,5.4625,0.6828125,5.265625,0.3965883021900055,0.341796875,0.0,0,0.25,22,33.8875,0.25,0.14583333333333334,,2862,549504,0.7199999999999999,0.0,0.0,0.0,0.0,0,1.525,0.475,5.01875,0.61328125,0.044921875,0.0,0.0,0.1,1.5413624309927982,113.48571950756921,0.8391243331134319,asymmetric_partition,0.8649680920981275,0.03593750000000007
flocking_topology_resilient,11017,3.9581087324829696,0.9700819927833557,0.5225260416666667,1.2181218167205539,0.7993718167205537,0.45,0.0,0.55,0.0625,0.0,0.0,0.1377604166666667,77,0.9895242253826709,1.1275364712594187,3.61019217937316,25.358322778468914,0.98125,0.0,1.7841712095396027,3.6922328735247945,4.840960838000548,1.9855974595673882,8.0,1.0,0.0,0.4375,0.0,2.15,5.08125,0.63515625,4.919791666666667,0.20670149530472076,0.38502604166666665,0.0,0,0.10625,9,30.9875,0.10625,0.12500000000000006,,2823,542016,0.7199999999999999,0.0,0.0,0.0,0.0,0,1.50625,0.48125,4.63125,0.56640625,0.04622395833333333,0.0,0.0,0.06875,1.568961066973192,162.31920548781363,0.8359799589961767,asymmetric_partition,0.8724635287405813,0.03125
flocking_topology_resilient,11018,3.957589883015365,0.7959395086041439,0.5015625,1.1382753428524452,0.7101503428524454,0.4375,0.0,0.5625,0.0625,0.0,0.0,0.178125,75,0.7847144175730205,1.395746209454381,4.38855563601201,22.455370783093695,0.9809151785714285,0.0,2.076428286026623,3.7066758020169233,4.668981368400414,1.98306239436029,8.0,1.0,0.0,0.4375,0.0,2.04375,5.39375,0.67421875,5.0875,0.1118471316523604,0.3640625,0.0,0,0.25625,25,32.53125,0.25625,0.14583333333333326,,2857,548544,0.7199999999999999,0.0,0.0,0.0,0.0,0,1.475,0.46875,4.83125,0.5889322916666666,0.04622395833333333,0.06875,0.06875,0.1875,1.5626195507303247,158.94353950786186,0.8070067919325083,asymmetric_partition,0.6042537905456189,0.03091517857142856
flocking_topology_resilient,11019,1.1314158947809703,0.6549435680246395,0.54453125,1.0062665803283664,0.5875165803283664,0.45,0.0,0.55,0.0625,0.0,0.0,0.10572916666666665,111,0.668448491637163,1.564039539279434,4.0219751843506595,7.240142458972281,0.9703125,0.0,1.9672101779152045,3.6868094142831502,4.757630888437842,1.971500611437958,8.0,1.0,0.0,0.4375,0.0,1.9875,4.95,0.61875,4.722916666666667,0.3281763336580813,0.4096354166666667,0.0,0,0.24375,22,30.08125,0.24375,0.12499999999999994,,2856,548352,0.7199999999999999,0.0,0.0,0.0,0.0,0,1.7375,0.7,4.55,0.5520833333333334,0.0375,0.0375,0.0375,0.13125,1.5356942287925945,187.37463858222222,0.8054072922095656,asymmetric_partition,0.43596046072056605,0.020312500000000067
flocking_topology_resilient,11020,4.017566793875787,0.772118306148121,0.5078125,1.1663403587471686,0.7469653587471685,0.45,0.0,0.55,0.06875,0.10714285714285714,0.01875,0.1997395833333333,114,0.8257710313977152,1.160823527928525,2.981182389638498,29.665069378755287,0.9828125,0.0,1.9535036566833512,3.6943894712796164,4.756056656876311,1.9671571610532024,8.0,1.0,0.0,0.4375,0.0,1.975,5.4125,0.6765625,5.157291666666667,0.40011604628916986,0.3553385416666667,0.0,0,0.3125,35,33.08125,0.3125,0.14583333333333331,,2853,547776,0.7199999999999999,0.0,0.0,0.0,0.0,0,1.79375,0.7125,4.90625,0.59765625,0.0453125,0.025,0.025,0.14375,1.5647222780971053,168.99033948744912,0.8197215420659631,asymmetric_partition,0.8391764720714749,0.03281250000000002
flocking_topology_resilient,11021,4.02032567835863,1.0299794605702648,0.5130208333333333,1.3080288252737806,0.8886538252737806,0.45,0.0,0.55,0.06875,0.0,0.0,0.1309895833333333,78,1.0109932872987655,1.2207657183114269,3.7659932744806657,15.675672357520547,0.9609375,0.0,2.0489053723175488,3.6892537753781953,4.799924321381264,2.016231198072377,8.0,1.0,0.0,0.4375,0.0,2.03125,5.06875,0.63359375,4.886458333333333,0.2530710703447208,0.3891927083333333,0.0,0,0.16875,16,30.6875,0.16875,0.10416666666666652,,2860,549120,0.7199999999999999,0.0,0.0,0.0,0.0,0,1.53125,0.49375,4.5875,0.5619791666666667,0.047265625,0.0,0.0,0.10625,1.590253393431971,162.6505079368302,0.820364500163123,asymmetric_partition,0.7792342816885731,0.010937500000000044
flocking_topology_resilient,11022,3.799481433872044,0.8353472247411639,0.4971354166666667,1.1404062685576757,0.7169687685576756,0.44375,0.0,0.55625,0.0625,0.0,0.0,0.18541666666667292,76,0.8620422968181055,1.0688074628193749,3.4001471850077163,5.834292514909251,0.9875,0.0,1.9920893080761655,3.679955834793833,4.7379334218015785,1.9750717341371253,8.0,1.0,0.0,0.4375,0.0,2.11875,5.3875,0.6734375,5.088541666666666,0.33990535094727914,0.3639322916666667,0.0,0,0.21875,22,32.3875,0.225,0.12500000000000006,,2824,542208,0.7199999999999999,0.0,0.0,0.0,0.0,0,1.575,0.475,4.83125,0.590625,0.043098958333339585,0.00625,0.00625,0.275,1.562525378397068,201.5577853405884,0.8079080828465521,asymmetric_partition,0.9311925371806251,0.03750000000000009
flocking_topology_resilient,11023,1.2229546549824883,0.685825135311885,0.6046875,1.0515530677068063,0.6234280677068064,0.4375,0.0,0.5625,0.0625,0.07692307692307693,0.0125,0.2109375,114,0.7054517087309925,1.8493846711390929,4.619194802333069,7.703013159398616,0.9612723214285716,0.0,1.9982616610483412,3.7044310716602213,4.730982942774357,1.9783755426847798,8.0,1.0,0.0,0.4375,0.0,2.2,5.39375,0.67421875,5.2125,0.5066702549291698,0.3484375,0.0,0,0.10625,11,33.63125,0.10625,0.1458333333333333,,2812,539904,0.7199999999999999,0.0,0.0,0.0,0.0,0,1.775,0.7125,4.96875,0.6046875,0.0453125,0.0,0.0,0.075,1.5331141916281568,164.65143024783902,0.8314728338737041,asymmetric_partition,0.15061532886090712,0.011272321428571597
flocking_topology_resilient,11024,1.3465598767026197,0.6556618135131828,0.5938802083333397,1.0385256576121784,0.6197756576121783,0.45,0.0,0.55,0.0625,0.10714285714285714,0.01875,0.20729166666667292,114,0.9692740469242725,3.501337744721576,4.388542900824714,165.25197790177765,0.96171875,0.0,2.033467737546375,3.697492441535894,4.815777278686928,1.8721553197026104,8.0,1.0,0.0,0.4375,0.0,2.075,5.375,0.671875,5.179166666666667,0.36700524628916986,0.35260416666666666,0.0,0,0.2375,21,33.54375,0.2375,0.16666666666666669,,2829,543168,0.7199999999999999,0.0,0.0,0.0,0.0,0,1.75,0.7125,4.9625,0.6032552083333333,0.04335937500000625,0.0,0.0,0.09375,1.536635107635093,158.45228071478928,0.8263267499860376,asymmetric_partition,1.5013377447215759,0.01171875
flocking_topology_resilient,11025,3.963493202885864,0.7297642884335254,0.5135416666666667,1.0528172092142754,0.6246922092142752,0.4375,0.0,0.5625,0.0625,0.0,0.0,0.12760416666666666,114,0.7434871583660889,1.012330047017375,3.4407438053373367,10.228752608826245,0.98515625,0.0,1.9159732475037814,3.6935582723839557,4.775897825724831,1.9356829426288893,8.0,1.0,0.0,0.4375,0.0,1.99375,5.05625,0.63203125,4.872916666666667,0.4175780142891699,0.3908854166666667,0.0,0,0.3,25,30.7875,0.3,0.125,,2853,547776,0.7199999999999999,0.0,0.0,0.0,0.0,0,1.775,0.71875,4.59375,0.5614583333333333,0.046875,0.0,0.0,0.1375,1.5328186848809087,169.7360193127671,0.8312543749343604,asymmetric_partition,0.9876699529826249,0.03515625
flocking_topology_resilient,11026,1.1546109139911245,0.6470408183652766,0.608203125,0.9952680413376681,0.5671430413376681,0.4375,0.0,0.5625,0.0625,0.0,0.0,0.2203125,114,0.6515212743123762,1.6148851597391638,4.0839544169626905,7.451001537936361,0.9794270833333334,0.0,1.9176367294096441,3.6914775888241254,4.855047594599931,1.9962700832123321,8.0,1.0,0.0,0.4375,0.0,1.9875,5.40625,0.67578125,5.24375,0.3742216157910365,0.34453125,0.0,0,0.3,28,33.8375,0.3,0.14583333333333331,,2855,548160,0.7199999999999999,0.0,0.0,0.0,0.0,0,1.76875,0.7125,4.99375,0.609765625,0.045703125,0.0,0.0,0.075,1.5613460023909842,164.75073875573634,0.8351997919380665,asymmetric_partition,0.3851148402608362,0.029427083333333437
flocking_topology_resilient,11027,3.9272686371767773,0.6878690805815931,0.5143229166666666,1.0424829943250606,0.6143579943250608,0.4375,0.0,0.5625,0.0625,0.0,0.0,0.12265625,80,0.7063758469012371,1.074827294143402,3.3242667170221822,5.997226850419581,0.98046875,0.0,2.0134218378751934,3.688075756733544,4.791327767849497,1.9925308869051463,8.0,1.0,0.0,0.4375,0.0,2.0125,5.11875,0.63984375,4.865625,0.23523396631966106,0.391796875,0.0,0,0.2375,21,30.6375,0.2375,0.12499999999999994,,2852,547584,0.7199999999999999,0.0,0.0,0.0,0.0,0,1.5375,0.5,4.58125,0.55859375,0.048828125,0.0,0.0,0.20625,1.5576355672286242,196.0107989724091,0.8005992078687996,asymmetric_partition,0.9251727058565979,0.030468750000000044
flocking_topology_resilient,11028,3.841655591536034,0.6456509895184109,0.5196614583333334,0.9849329855592941,0.5661829855592941,0.45,0.0,0.55,0.0625,0.0,0.0,0.1296875,75,0.6500553618535421,1.0105641687091578,3.146252562911941,7.102696069313243,0.9828125,0.0,1.8761602876325951,3.700588871292215,4.7111853160278745,1.9400860262867154,8.0,1.0,0.0,0.4375,0.0,2.08125,5.08125,0.63515625,4.878125,0.1829257513047208,0.390234375,0.0,0,0.19375,19,30.78125,0.19375,0.12500000000000006,,2841,545472,0.7199999999999999,0.0,0.0,0.0,0.0,0,1.5,0.4625,4.61875,0.5623697916666667,0.04583333333333333,0.01875,0.01875,0.0875,1.5334063283153023,150.58418422566356,0.818813957972452,asymmetric_partition,0.9894358312908422,0.03281250000000002
flocking_topology_resilient,11029,1.095840007980024,0.6382946378363349,0.5505208333333396,0.9966522306601131,0.573214730660113,0.44375,0.0,0.55625,0.0625,0.0,0.0,0.11276041666667291,114,0.6438961686540081,1.5738222883221105,3.698838217852384,4.996380197953552,0.990625,0.0,1.9595069353245695,3.7056846096983334,4.747077409591048,1.921092723500145,8.0,1.0,0.0,0.4375,0.0,2.075,5.00625,0.62578125,4.826041666666667,0.36896227028916984,0.39674479166666665,0.0,0,0.2375,20,30.4875,0.2375,0.14583333333333331,,2840,545280,0.7199999999999999,0.0,0.0,0.0,0.0,0,1.76875,0.7125,4.55625,0.5552083333333333,0.04648437500000625,0.0,0.0,0.0875,1.5337271170220295,154.8286270384822,0.8151750830002129,asymmetric_partition,0.42617771167788954,0.04062500000000002
flocking_robust_active,11000,3.5386225066786006,3.2612350227487448,0.8321428571428571,2.284892696728982,2.1614551967289826,0.84375,0.0,0.15625,0.0625,0.18181818181818182,0.025,0.8424107142857142,25,3.328722120193684,32.30888822366781,121.41695850759854,139.79435695689145,0.69296875,0.0,2.127170555126503,3.677366389427713,15.45437746029335,3.426545445236317,7.0625,1.0,0.0,0.4375,0.8285714285714286,1.0,7.0625,1.0,4.95625,0.0,0.0,0.0,0,0.0,0,0.0,0.0,0.0,,2646,508032,0.7199999999999999,0.0,0.0,0.0,0.0,0,1.2875,0.28125,4.21875,0.8915178571428571,0.10770089285714286,1.83125,0.69375,1.3,1.5473594115507896,161.06878608581917,0.48601699993014336,failure_partition,30.308888223667807,0.25703124999999993
flocking_robust_active,11001,2.274657680059658,0.6727131720093737,0.76,1.0164220326377393,0.6804845326377394,0.56875,0.0,0.43125,0.125,0.2727272727272727,0.01875,0.5560416666666667,78,0.9313927884468906,3.2943611849078933,4.6831523916045175,143.21746583837304,0.9619791666666668,0.0,1.923555912232366,3.6901702800863836,9.619952203243914,2.9212932755356134,7.0625,1.0,0.0,0.4375,0.18571428571428572,1.0,7.0625,1.0,6.85,0.0,0.0,0.0,0,0.0,0,0.0,0.0,0.0,,2562,491904,0.7199999999999999,0.0,0.0,0.0,0.0,0,1.48125,0.475,5.29375,0.765,0.23395833333333335,0.0625,0.0625,0.1875,1.7070353324431988,131.04544044143853,0.7492448328994215,failure_partition,1.2943611849078933,0.011979166666666874
flocking_robust_active,11002,2.2493567145058675,0.8126763258102014,0.7690625,0.9230896493313768,0.5974646493313769,0.575,0.0,0.425,0.06875,0.0,0.0,0.5662499999999999,76,0.8325567423430312,2.3160054187521313,3.893936973436195,127.14843713201014,0.9672991071428572,0.0,1.9668855886516454,3.683993963245991,16.512925322115052,4.691640942680472,7.0625,1.0,0.0,0.4375,0.2,1.0,7.0625,1.0,6.5375,0.0,0.0,0.0,0,0.0,0,0.0,0.0,0.0,,2593,497856,0.7199999999999999,0.0,0.0,0.0,0.0,0,1.46875,0.46875,5.00625,0.7690625,0.23093750000000002,0.35625,0.20625,0.38125,1.697900780821189,166.03677435166048,0.7150509171187878,failure_partition,0.3160054187521313,0.017299107142857206
flocking_robust_active,11003,2.264733510547951,0.6709973761073775,0.7677083333333333,1.0091199485125142,0.691932448512514,0.59375,0.0,0.40625,0.125,0.23076923076923078,0.01875,0.5768229166666666,76,1.1170774295601709,3.9776541064112374,5.722273726648711,128.79524717146163,0.9432812500000001,0.0,2.1908451582204065,3.7092493381723246,10.19683200724953,3.3309927521773814,7.0625,1.0,0.0,0.4375,0.24285714285714285,1.0,7.0625,1.0,6.74375,0.0,0.0,0.0,0,0.0,0,0.0,0.0,0.0,,2530,485760,0.7199999999999999,0.0,0.0,0.0,0.0,0,1.48125,0.4625,5.21875,0.7703125,0.22708333333333336,0.1,0.09375,0.275,1.7092124367101735,128.3070524445251,0.7395695419982076,failure_partition,1.9776541064112374,0.0067187499999998845
flocking_robust_active,11004,2.1581781458344227,0.6923252066625462,0.7669642857142857,0.9400231979604727,0.6050231979604727,0.5625,0.0,0.4375,0.06875,0.0,0.0,0.5589285714285714,76,0.7170739775528515,1.8910243080010651,4.827174955375932,10.227730988722065,0.94609375,0.0,2.1556710898566074,3.679447404093094,14.097778961696253,4.8989385678238015,7.0625,1.0,0.0,0.4375,0.18571428571428572,1.0,7.0625,1.0,6.48125,0.0,0.0,0.0,0,0.0,0,0.0,0.0,0.0,,2590,497280,0.7199999999999999,0.0,0.0,0.0,0.0,0,1.46875,0.46875,4.94375,0.7669642857142857,0.2330357142857143,0.33125,0.25625,0.44375,1.6869211446139363,154.10539813516647,0.6895047910511494,failure_partition,0.10897569199893486,0.00390625
flocking_robust_active,11005,2.0358410604020976,0.6692511546001709,0.76875,0.9206974288615658,0.6085099288615659,0.59375,0.0,0.40625,0.075,0.07692307692307693,0.00625,0.5703125,76,0.7170307850466134,1.943239372006066,4.872096694060314,8.932049696651926,0.9630208333333334,0.0,2.0162231184336163,3.712867063817093,10.453769722434757,4.158219728567455,7.0625,1.0,0.0,0.4375,0.22857142857142856,1.0,7.0625,1.0,6.6625,0.0,0.0,0.0,0,0.0,0,0.0,0.0,0.0,,2580,495360,0.7199999999999999,0.0,0.0,0.0,0.0,0,1.46875,0.4625,5.125,0.76875,0.23046875,0.2125,0.10625,0.3,1.727794248169048,128.06692508064523,0.7168350000865757,failure_partition,0.05676062799393411,0.013020833333333481
flocking_robust_active,11006,3.634159002836021,3.389750694985493,0.85,2.3437638467603037,2.2203263467603036,0.84375,0.0,0.15625,0.0625,0.0,0.0,0.84375,25,3.414151918836879,32.77407764978854,129.95802021322186,154.64193690579563,0.693125,0.0,1.8574000272622235,3.6553247465858676,14.833339529897193,3.547114401885763,7.0625,1.0,0.0,0.4375,0.8285714285714286,1.0,7.0625,1.0,4.96875,0.0,0.0,0.0,0,0.0,0,0.0,0.0,0.0,,2599,499008,0.7199999999999999,0.0,0.0,0.0,0.0,0,1.26875,0.26875,4.2375,0.89375,0.10625,1.83125,0.69375,1.2125,1.5878668397166815,161.0213847359346,0.49211495812051,failure_partition,30.774077649788538,0.25687499999999996
flocking_robust_active,11007,2.12920335725646,0.643200861114854,0.76875,0.9063959243228699,0.5751459243228698,0.575,0.0,0.425,0.125,0.0,0.0,0.575,48,0.6716571876706874,1.6967322945926213,3.764575092797665,7.253256684157507,0.9636458333333333,0.0,1.9375271168817108,3.711397294678175,13.224759111017491,5.584181530850174,7.0625,1.0,0.0,0.4375,0.21428571428571427,1.0,7.0625,1.0,6.45625,0.0,0.0,0.0,0,0.0,0,0.0,0.0,0.0,,2568,493056,0.7199999999999999,0.0,0.0,0.0,0.0,0,1.4625,0.4625,4.925,0.76875,0.23125,0.375,0.23125,0.4875,1.7290834937067174,156.76625920957625,0.6874399159569293,failure_partition,0.3032677054073787,0.013645833333333357
flocking_robust_active,11008,3.5773086633989504,3.272173323636428,0.8512276785714284,2.269352013166565,2.1459145131665656,0.84375,0.0,0.15625,0.0625,0.1111111111111111,0.0125,0.8446428571428571,25,3.354501580401454,31.846345691329795,125.36222141230498,138.79396197001356,0.6966145833333333,0.0,1.9348672964077784,3.6650209753634426,10.358505590222277,3.779186511019726,7.0625,1.0,0.0,0.4375,0.8285714285714286,1.0,7.0625,1.0,5.25,0.0,0.0,0.0,0,0.0,0,0.0,0.0,0.0,,2515,482880,0.7199999999999999,0.0,0.0,0.0,0.0,0,1.26875,0.25625,4.525,0.8965401785714284,0.10189732142857144,1.5375,0.63125,1.075,1.504201928560014,132.3275314319786,0.5332480829674751,failure_partition,29.846345691329795,0.2533854166666667
flocking_robust_active,11009,2.175865113421715,0.7214037281804015,0.8027901785714284,0.9673809645363243,0.6689434645363243,0.61875,0.0,0.38125,0.125,0.25,0.0125,0.6079241071428572,57,1.00841916640398,3.863146932587602,5.559638035911057,180.9553282294365,0.9294791666666665,0.0,2.114438348526236,3.7111620073263056,16.26780783467831,5.53943433931496,7.0625,1.0,0.0,0.4375,0.3,1.0,7.0625,1.0,6.05625,0.0,0.0,0.0,0,0.0,0,0.0,0.0,0.0,,2566,492672,0.7199999999999999,0.0,0.0,0.0,0.0,0,1.4,0.39375,4.73125,0.8035714285714285,0.19564732142857144,0.6625,0.33125,0.76875,1.7496821251122792,172.66269015090367,0.646883208071813,failure_partition,1.8631469325876018,0.020520833333333433
flocking_robust_active,11010,1.4937536607602937,0.7041190889930635,0.8973214285714285,0.7433395234436055,0.6199020234436056,0.84375,0.0,0.15625,0.0625,0.0,0.0,0.8446428571428571,25,0.7018023217359849,1.8288950102080854,4.767916704699321,8.821206999072603,0.9740848214285714,0.0,1.9726740133180507,3.7706166904154466,8.198240287271789,5.612090094549101,7.0625,1.0,0.0,0.4375,0.8285714285714286,1.0,7.0625,1.0,5.1625,0.0,0.0,0.0,0,0.0,0,0.0,0.0,0.0,,2609,500928,0.7199999999999999,0.0,0.0,0.0,0.0,0,1.20625,0.20625,4.49375,0.9098214285714284,0.09017857142857143,1.575,0.65625,1.1375,1.5766788113919201,126.38588938274562,0.544609708013013,failure_partition,0.17110498979191457,0.02408482142857149
flocking_robust_active,11011,1.4328334226864075,0.7002063925995085,0.9125,0.75104584381425,0.6276083438142499,0.84375,0.0,0.15625,0.0625,0.0,0.0,0.84375,25,0.6877900442978153,1.7983335693771054,4.929163625468804,9.028040312289503,0.94296875,0.0,1.857652897689336,3.8036936675646458,8.925689829594404,2.924833703285466,7.0625,1.0,0.0,0.4375,0.8285714285714286,1.0,7.0625,1.0,5.01875,0.0,0.0,0.0,0,0.0,0,0.0,0.0,0.0,,2731,524352,0.7199999999999999,0.0,0.0,0.0,0.0,0,1.1875,0.18125,4.38125,0.915625,0.08359375,1.79375,0.64375,1.16875,1.5044550835191492,123.44194634808878,0.5108029169496149,failure_partition,0.20166643062289458,0.007031249999999933
flocking_robust_active,11012,2.211963731053736,0.8547709569143019,0.765625,0.9698453004631441,0.6395328004631441,0.56875,0.0,0.43125,0.06875,0.1111111111111111,0.00625,0.56328125,76,0.8784203501341467,2.6703011270398482,5.275292000526661,131.58237664996392,0.9519494047619048,0.0,2.1227437087224494,3.6509530525862295,15.034615193400441,2.9726450291285635,7.0625,1.0,0.0,0.4375,0.2,1.0,7.0625,1.0,6.575,0.0,0.0,0.0,0,0.0,0,0.0,0.0,0.0,,2935,563520,0.7199999999999999,0.0,0.0,0.0,0.0,0,1.475,0.46875,5.01875,0.765625,0.23359375,0.275,0.24375,0.41875,1.7442703232330232,166.7504658857255,0.7884447919204831,failure_partition,0.6703011270398482,0.0019494047619048605
flocking_robust_active,11013,1.4130448512114286,0.6251509504194436,0.87265625,0.6976839127694968,0.574246412769497,0.84375,0.0,0.15625,0.0625,0.058823529411764705,0.00625,0.84453125,25,0.6622488886764722,1.651951987690611,4.128817109019729,9.585449754183937,0.968720238095238,0.0,1.7811172581386832,3.7524980343872785,11.575739669356894,2.7315325413880367,7.0625,1.0,0.0,0.4375,0.8285714285714286,1.0,7.0625,1.0,5.16875,0.0,0.0,0.0,0,0.0,0,0.0,0.0,0.0,,2620,503040,0.7199999999999999,0.0,0.0,0.0,0.0,0,1.25625,0.25,4.45625,0.8984375,0.10078125,1.575,0.69375,1.16875,1.543158320291463,149.9810575466365,0.5315894579980522,failure_partition,0.348048012309389,0.01872023809523804
flocking_robust_active,11014,2.3821920273784256,1.2757491538742647,0.7792410714285715,1.1516851975280953,0.8385601975280952,0.6,0.0,0.4,0.13125,0.16666666666666666,0.0125,0.5954241071428571,53,1.42784831929718,6.464729356048847,5.5232037131068905,136.641552192447,0.9425595238095237,0.0,2.2638439416081084,3.68310561932734,12.944492826535006,3.3057565095591626,7.0625,1.0,0.0,0.4375,0.2571428571428571,1.0,7.0625,1.0,6.55,0.0,0.0,0.0,0,0.0,0,0.0,0.0,0.0,,2511,482112,0.7199999999999999,0.0,0.0,0.0,0.0,0,1.45625,0.44375,5.0875,0.7801339285714286,0.21830357142857143,0.19375,0.125,0.425,1.6813507596490704,150.15923048805004,0.707295916043222,failure_partition,4.464729356048847,0.007440476190476275
flocking_robust_active,11015,3.6205750367576717,3.2839033690430903,0.8434151785714284,2.319703334793053,2.196265834793053,0.84375,0.0,0.15625,0.0625,0.3157894736842105,0.0375,0.8383928571428572,25,3.4111481141604703,31.930378579351782,122.9725971620457,161.37055495949724,0.6949404761904762,0.0,2.076744909270287,3.665655528982269,13.470795073640483,4.064996802943183,7.0625,1.0,0.0,0.4375,0.8285714285714286,1.0,7.0625,1.0,5.10625,0.0,0.0,0.0,0,0.0,0,0.0,0.0,0.0,,2620,503040,0.7199999999999999,0.0,0.0,0.0,0.0,0,1.26875,0.2625,4.38125,0.8957589285714285,0.10345982142857144,1.65625,0.7,1.15,1.5213577322733778,151.65023619298327,0.510203791083768,failure_partition,29.930378579351782,0.2550595238095238
flocking_robust_active,11016,1.9831700995664816,0.8427156582936599,0.7844791666666666,0.9178739758824971,0.6216239758824971,0.625,0.0,0.375,0.15,0.0,0.0,0.6083333333333334,37,0.8802450103316645,2.799566398153257,4.725534270887286,159.1650057410316,0.9446428571428571,0.0,2.271385455349636,3.7472589840837736,7.995529634376649,4.201917997229141,7.0625,1.0,0.0,0.4375,0.3,1.0,7.0625,1.0,6.7,0.0,0.0,0.0,0,0.0,0,0.0,0.0,0.0,,2566,492672,0.7199999999999999,0.0,0.0,0.0,0.0,0,1.43125,0.43125,5.2875,0.7876041666666665,0.21239583333333334,0.06875,0.05,0.3375,1.687520711165004,115.63273322717552,0.726596417138353,failure_partition,0.799566398153257,0.005357142857142838
flocking_robust_active,11017,2.187188960664762,0.7846085204322051,0.7643675595238095,0.9104537865563289,0.5935787865563289,0.5875,0.0,0.4125,0.075,0.07692307692307693,0.00625,0.5569047619047619,77,0.8224781109906959,2.3134107342435115,3.8874656010695263,109.9364107865079,0.9684895833333332,0.0,1.9201434255572452,3.65820006599193,13.606947329454858,3.6933563150534665,7.0625,1.0,0.0,0.4375,0.22857142857142856,1.0,7.0625,1.0,6.64375,0.0,0.0,0.0,0,0.0,0,0.0,0.0,0.0,,2544,488448,0.7199999999999999,0.0,0.0,0.0,0.0,0,1.48125,0.46875,5.10625,0.7672916666666667,0.23014136904761906,0.225,0.225,0.3375,1.7433576484388262,159.1830353309039,0.7181847081519663,failure_partition,0.3134107342435115,0.01848958333333328
flocking_robust_active,11018,2.096044660179242,0.7327954339401936,0.7604910714285714,0.9829249525821805,0.6519874525821805,0.56875,0.0,0.43125,0.075,0.0,0.0,0.5696428571428571,77,0.8055388070305686,2.175070005226036,4.598471340703006,31.181179971763207,0.9449925595238096,0.0,2.1362114411958384,3.681297205331339,13.684534337605498,4.770882745693944,7.0625,1.0,0.0,0.4375,0.2,1.0,7.0625,1.0,6.4125,0.0,0.0,0.0,0,0.0,0,0.0,0.0,0.0,,2731,524352,0.7199999999999999,0.0,0.0,0.0,0.0,0,1.48125,0.475,4.9,0.7652901785714286,0.23392857142857143,0.3875,0.2,0.475,1.7471431958374555,155.5296033282892,0.6962926669511944,failure_partition,0.17507000522603589,0.0050074404761903946
flocking_robust_active,11019,2.2392688357565307,0.6582319813206653,0.771875,0.9609780618087249,0.644103061808725,0.5875,0.0,0.4125,0.075,0.2727272727272727,0.01875,0.575,75,0.9830500026085742,3.604347196147203,4.157982483753134,216.0006336316434,0.9682812500000001,0.0,2.0625116660227945,3.6883021333974026,17.34157537239381,4.040776022611604,7.0625,1.0,0.0,0.4375,0.22857142857142856,1.0,7.0625,1.0,6.49375,0.0,0.0,0.0,0,0.0,0,0.0,0.0,0.0,,2500,480000,0.7199999999999999,0.0,0.0,0.0,0.0,0,1.4625,0.45625,4.975,0.771875,0.22734375,0.38125,0.225,0.45625,1.6915935749067592,176.67314027203946,0.6976401249412447,failure_partition,1.6043471961472031,0.018281250000000138
flocking_robust_active,11020,2.1651178087372225,0.5776878428519904,0.7770014880952381,0.9235575386227758,0.6041825386227758,0.5875,0.0,0.4125,0.1,0.2727272727272727,0.01875,0.5826636904761905,62,0.9473682204950211,3.3295042694821873,3.8573756426734804,165.16030063915832,0.9704166666666666,0.0,2.116981471046616,3.711269514531959,13.83382528966587,3.684733218994843,7.0625,1.0,0.0,0.4375,0.21428571428571427,1.0,7.0625,1.0,6.3875,0.0,0.0,0.0,0,0.0,0,0.0,0.0,0.0,,2549,489408,0.7199999999999999,0.0,0.0,0.0,0.0,0,1.4625,0.45,4.9125,0.7778943452380952,0.22054315476190478,0.4,0.23125,0.5375,1.7226718135055734,161.18986337700719,0.6799329160712659,failure_partition,1.3295042694821873,0.02041666666666664
flocking_robust_active,11021,3.7254532525354627,3.46926211018426,0.8328125,2.372579424415904,2.258516924415904,0.85625,0.0,0.14375,0.0625,0.13043478260869565,0.01875,0.8453125,25,3.5453364401169427,32.986681839555644,126.26735095917753,164.11112723789006,0.6909895833333334,0.0,2.026513811710502,3.5775386140522834,13.126646744601564,2.701355398206976,7.0625,1.0,0.0,0.4375,0.8285714285714286,1.0,7.0625,1.0,5.28125,0.0,0.0,0.0,0,0.0,0,0.0,0.0,0.0,,2678,514176,0.7199999999999999,0.0,0.0,0.0,0.0,0,1.28125,0.275,4.55,0.8921875,0.10625,1.44375,0.6625,1.075,1.5610904593807011,162.45663854324187,0.5313509169500321,failure_partition,30.986681839555644,0.2590104166666666
flocking_robust_active,11022,2.3323865366997647,0.7093687608547942,0.7637276785714285,1.0240389007575665,0.6896639007575665,0.5625,0.0,0.4375,0.0625,0.2857142857142857,0.0125,0.5633928571428571,75,1.002390499751658,3.767535845740002,4.894922836522273,203.36969320992628,0.9503125000000001,0.0,1.898908491475486,3.6816688289330095,20.420015726490686,3.9272366895476254,7.0625,1.0,0.0,0.4375,0.17142857142857143,1.0,7.0625,1.0,6.3375,0.0,0.0,0.0,0,0.0,0,0.0,0.0,0.0,,2591,497472,0.7199999999999999,0.0,0.0,0.0,0.0,0,1.4875,0.46875,4.78125,0.7652901785714286,0.23236607142857144,0.44375,0.225,0.675,1.7160332440134767,186.53119593917003,0.6701548751443624,failure_partition,1.767535845740002,0.00031250000000015987
flocking_robust_active,11023,2.316493044135685,0.5769268495177238,0.7563244047619048,0.9605697812776601,0.6305697812776601,0.575,0.0,0.425,0.1125,0.2727272727272727,0.01875,0.5581845238095238,77,1.1049429889668583,3.958456671064905,4.210418257551239,163.68198267626113,0.9630580357142857,0.0,1.9387000596324184,3.6986656676270173,13.140589780995231,4.657307648245633,7.0625,1.0,0.0,0.4375,0.21428571428571427,1.0,7.0625,1.0,6.6,0.0,0.0,0.0,0,0.0,0,0.0,0.0,0.0,,2525,484800,0.7199999999999999,0.0,0.0,0.0,0.0,0,1.5,0.48125,5.0125,0.7604910714285714,0.23679315476190474,0.26875,0.225,0.39375,1.7312204506815037,162.99323232282782,0.699365708976984,failure_partition,1.958456671064905,0.013058035714285765
flocking_robust_active,11024,3.6000152578303966,3.2506713006694175,0.85625,2.3371043959933266,2.2183543959933276,0.85,0.0,0.15,0.0625,0.3,0.0375,0.85,24,3.4753427096412066,34.51928321062009,127.50788129733947,165.25197790177765,0.67578125,0.0,2.083869927764387,3.668839953739649,15.200292343396049,2.9651886241921144,7.0625,1.0,0.0,0.4375,0.8285714285714286,1.0,7.0625,1.0,5.1375,0.0,0.0,0.0,0,0.0,0,0.0,0.0,0.0,,2540,487680,0.7199999999999999,0.0,0.0,0.0,0.0,0,1.26875,0.2625,4.425,0.896875,0.10234375,1.7,0.69375,1.2125,1.5585468820040949,157.22645761712346,0.5075756248552352,failure_partition,32.51928321062009,0.27421874999999996
flocking_robust_active,11025,2.2742800684798548,0.6097447036280805,0.7697172619047619,0.9427257193462732,0.6117882193462733,0.56875,0.0,0.43125,0.075,0.3333333333333333,0.01875,0.5623511904761905,76,0.9450334973548847,3.2077256945905304,3.9185115135511444,158.66071748991772,0.9671875,0.0,2.0336787047398563,3.704794309227694,15.008514407058778,5.353931536673443,7.0625,1.0,0.0,0.4375,0.18571428571428572,1.0,7.0625,1.0,6.425,0.0,0.0,0.0,0,0.0,0,0.0,0.0,0.0,,2541,487872,0.7199999999999999,0.0,0.0,0.0,0.0,0,1.46875,0.4625,4.90625,0.7707589285714286,0.22819940476190476,0.425,0.225,0.525,1.7275074444527856,160.5138458391621,0.7000249170232564,failure_partition,1.2077256945905304,0.017187500000000022
flocking_robust_active,11026,2.44508252455138,1.0591059719356049,0.7677083333333333,1.2444869598299402,0.9313619598299402,0.6,0.0,0.4,0.13125,0.4,0.0375,0.5710416666666667,77,1.5095661976787897,7.671202141026552,9.200193649867547,179.36116143762945,0.9130208333333332,0.0,2.0296024272751216,3.6978742004914777,16.762498707664292,2.5130237572956053,7.0625,1.0,0.0,0.4375,0.2571428571428571,1.0,7.0625,1.0,6.425,0.0,0.0,0.0,0,0.0,0,0.0,0.0,0.0,,2538,487296,0.7199999999999999,0.0,0.0,0.0,0.0,0,1.46875,0.4625,4.9,0.7699999999999999,0.22895833333333332,0.45625,0.23125,0.51875,1.7628752229773177,163.14518225139366,0.683405791176483,failure_partition,5.671202141026552,0.036979166666666785
flocking_robust_active,11027,2.373524100521354,1.0682798318257123,0.7693080357142856,1.0542084689639424,0.7229584689639423,0.575,0.0,0.425,0.125,0.2,0.0125,0.5776785714285715,49,1.2640710911402528,4.972210399928256,5.2037180013053925,116.23529836489479,0.9510937500000001,0.0,1.9718433426753101,3.7061488678507892,19.290240886588016,3.853529383035807,7.0625,1.0,0.0,0.4375,0.21428571428571427,1.0,7.0625,1.0,6.36875,0.0,0.0,0.0,0,0.0,0,0.0,0.0,0.0,,2535,486720,0.7199999999999999,0.0,0.0,0.0,0.0,0,1.46875,0.4625,4.85,0.7700892857142857,0.2291294642857143,0.45,0.225,0.60625,1.7411878960908198,186.3581580147644,0.6751183751039207,failure_partition,2.9722103999282563,0.0010937500000001155
flocking_robust_active,11028,2.1702033772863416,0.6466287527383422,0.7615624999999999,0.9197673237215399,0.5944548237215399,0.58125,0.0,0.41875,0.1125,0.16666666666666666,0.0125,0.5643229166666666,77,0.6750363843601657,1.6410498715332476,4.536844752062514,6.180943526100382,0.9747395833333332,0.0,1.9239802100472303,3.6964545886830935,12.661915660085697,4.344832919123975,7.0625,1.0,0.0,0.4375,0.21428571428571427,1.0,7.0625,1.0,6.575,0.0,0.0,0.0,0,0.0,0,0.0,0.0,0.0,,2527,485184,0.7199999999999999,0.0,0.0,0.0,0.0,0,1.5,0.48125,5.0,0.7615624999999999,0.23583333333333334,0.35625,0.2375,0.31875,1.7103903021894056,151.03051948318452,0.703741000033915,failure_partition,0.35895012846675245,0.02473958333333326
flocking_robust_active,11029,2.1356666550694854,0.6441958033643074,0.7707589285714286,0.8929650568895717,0.5707775568895717,0.58125,0.0,0.41875,0.08125,0.0,0.0,0.5758928571428571,75,0.6537188044842512,1.6064882592800216,3.886086881854667,6.375399554849484,0.9865625,0.0,2.037491150976993,3.711649798868476,13.96350995668989,4.486395178090634,7.0625,1.0,0.0,0.4375,0.22857142857142856,1.0,7.0625,1.0,6.44375,0.0,0.0,0.0,0,0.0,0,0.0,0.0,0.0,,2690,516480,0.7199999999999999,0.0,0.0,0.0,0.0,0,1.4625,0.45,4.94375,0.7754464285714285,0.22299107142857144,0.425,0.225,0.475,1.7120992508146968,150.88320079677123,0.7256244169548154,failure_partition,0.3935117407199784,0.03656250000000005
flocking_topology_support,11000,3.60122386572357,3.2751870964579974,0.496875,2.7877845952487426,2.1655970952487427,0.18125,0.0,0.81875,0.08125,0.0,0.0,0.08125,25,3.258069144166364,31.08595137926679,119.78839796106949,139.1567710064123,0.68046875,0.0,2.149955059596989,3.6782592565943846,15.621498750786461,3.4044438430451067,7.0625,1.0,0.0,0.4375,0.0,1.6,7.0625,0.8828125,4.9375,0.0,0.3828125,0.0,0,0.0,16,28.93125,0.0,0.125,,2636,506112,0.7199999999999999,0.0,0.0,0.0,0.0,0,1.2875,0.28125,4.2,0.525,0.09140625,1.8625,0.69375,1.30625,1.545772324523924,161.0260872649558,0.506905916845426,failure_partition,29.08595137926679,0.26953125
flocking_topology_support,11001,2.188603875514373,0.6852147467404607,0.66171875,0.9710304100146081,0.6166554100146081,0.5375,0.0,0.4625,0.075,0.0,0.0,0.34453125,75,0.6972024234654862,1.8611581738661223,4.549833623002884,7.054423228988925,0.9657812499999998,0.0,1.9152776612871478,3.6902109373955,10.055156481513539,4.3352068810394115,7.0625,1.0,0.0,0.4375,0.14285714285714285,1.8125,7.0625,0.8828125,6.85,0.0,0.14375,0.0,0,0.0,20,42.7375,0.0,0.125,,2537,487104,0.7199999999999999,0.0,0.0,0.0,0.0,0,1.475,0.46875,5.3,0.6625,0.19296875,0.0625,0.0625,0.1875,1.7079869153437333,122.52593286399832,0.7677120838779956,failure_partition,0.13884182613387774,0.015781249999999858
flocking_topology_support,11002,2.2596060608770268,0.6608299147585207,0.62578125,0.9475839588299376,0.5932089588299375,0.5375,0.0,0.4625,0.075,0.0,0.0,0.271875,76,0.6595560343861974,1.5905317791707083,3.8963083276754475,7.844832952743055,0.9780133928571428,0.0,1.9503084372215362,3.6823367611351863,16.70343024316709,4.73719055697202,7.0625,1.0,0.0,0.4375,0.14285714285714285,1.81875,7.0625,0.8828125,6.55625,0.0,0.18046875,0.0,0,0.0,12,40.38125,0.0,0.125,,2620,503040,0.7199999999999999,0.0,0.0,0.0,0.0,0,1.475,0.475,5.00625,0.62578125,0.19375,0.35625,0.20625,0.3625,1.7004038022359205,165.52871963291315,0.7192371659912169,failure_partition,0.4094682208292917,0.028013392857142883
flocking_topology_support,11003,2.127301832603295,0.6721513106998395,0.65,0.9642357794548623,0.5986107794548623,0.525,0.0,0.475,0.09375,0.16666666666666666,0.00625,0.3265625,76,0.697916789840471,1.8950936499373732,5.093229939943932,9.437466549576898,0.9646354166666666,0.0,2.1752146982454192,3.704372724819539,10.728025974462064,3.063836473622353,7.0625,1.0,0.0,0.4375,0.08571428571428572,1.63125,7.0625,0.8828125,6.74375,0.0,0.15703125,0.0,0,0.0,10,41.83125,0.0,0.125,,2539,487488,0.7199999999999999,0.0,0.0,0.0,0.0,0,1.48125,0.4625,5.21875,0.65234375,0.18828125,0.1,0.09375,0.275,1.710619082039671,122.16985863739134,0.7593699160497636,failure_partition,0.10490635006262683,0.014635416666666679
flocking_topology_support,11004,2.162219405733558,0.6745822037124913,0.615625,0.9946208088556204,0.5989958088556204,0.4875,0.0,0.5125,0.1125,0.0,0.0,0.25,76,0.678787045782508,1.6931187569253763,4.544202139323933,10.227730988722065,0.9669270833333334,0.0,2.081611751134491,3.6769678263702597,14.505549827608892,4.288797851856889,7.0625,1.0,0.0,0.4375,0.05714285714285714,1.85625,7.0625,0.8828125,6.48125,0.0,0.18984375,0.0,0,0.0,10,39.8375,0.0,0.25,,2617,502464,0.7199999999999999,0.0,0.0,0.0,0.0,0,1.46875,0.46875,4.925,0.615625,0.19453125,0.34375,0.25625,0.4375,1.6871754192105375,152.08784076880738,0.718531291000545,failure_partition,0.3068812430746237,0.01692708333333348
flocking_topology_support,11005,2.0836926768313946,0.6553860442096858,0.6359375,0.9462943636054122,0.6006693636054121,0.55,0.0,0.45,0.08125,0.125,0.00625,0.296875,76,0.6802221116092785,1.7975443974354555,4.213168018301721,7.3611571796323085,0.9771949404761905,0.0,2.04141661773577,3.718152652797005,10.892027313940428,4.305121250213918,7.0625,1.0,0.0,0.4375,0.14285714285714285,1.78125,7.0625,0.8828125,6.625,0.0,0.171875,0.0,0,0.0,16,40.98125,0.0,0.125,,2578,494976,0.7199999999999999,0.0,0.0,0.0,0.0,0,1.46875,0.4625,5.0875,0.6359375,0.19140625,0.25,0.13125,0.31875,1.7260410421726884,124.61011138534901,0.7439719999674708,failure_partition,0.20245560256454453,0.027194940476190532
flocking_topology_support,11006,3.707364494607612,3.4136609163250418,0.50234375,2.8253006553700857,2.199050655370085,0.175,0.0,0.825,0.075,0.0,0.0,0.0765625,25,3.4086479761400272,32.55940348732044,127.88673327758212,156.53776943342416,0.6964583333333334,0.0,1.8450945279911024,3.632889248797947,15.04896646906334,3.5407306010726445,7.0625,1.0,0.0,0.4375,0.0,1.59375,7.0625,0.8828125,4.91875,0.0,0.38515625,0.0,0,0.0,11,28.9375,0.0,0.125,,2628,504576,0.7199999999999999,0.0,0.0,0.0,0.0,0,1.26875,0.26875,4.19375,0.52421875,0.090625,1.8875,0.69375,1.2375,1.5877764263361092,160.94501702660963,0.5190198749769479,failure_partition,30.559403487320438,0.25354166666666655
flocking_topology_support,11007,2.1323930359083283,0.6310161930687502,0.615625,0.9230903271367815,0.5580903271367814,0.525,0.0,0.475,0.0875,0.0,0.0,0.259375,48,0.6351181817578022,1.5316137723275012,3.678128718331194,7.511601622326242,0.9754910714285714,0.0,1.934438704252754,3.7036707719837936,13.168496466715954,4.201877325283379,7.0625,1.0,0.0,0.4375,0.11428571428571428,1.80625,7.0625,0.8828125,6.45625,0.0,0.19296875,0.0,0,0.0,16,39.6875,0.0,0.0,,2569,493248,0.7199999999999999,0.0,0.0,0.0,0.0,0,1.4625,0.4625,4.925,0.615625,0.19140625,0.375,0.23125,0.4875,1.7309844707536228,151.38858559892032,0.7152951250318438,failure_partition,0.4683862276724988,0.025491071428571432
flocking_topology_support,11008,3.5651412700100322,3.2484631700429643,0.54453125,2.6722161167451546,2.1162786167451544,0.26875,0.0,0.73125,0.075,0.0,0.0,0.159375,25,3.2873376623151054,30.68801444989301,119.37880995327292,133.15930114174898,0.7005208333333333,0.0,1.9746250072564038,3.664471697554847,10.148324196029682,3.1864213103961454,7.0625,1.0,0.0,0.4375,0.0,1.6375,7.0625,0.8828125,5.24375,0.0,0.34453125,0.0,0,0.0,19,31.53125,0.0,0.0,,2563,492096,0.7199999999999999,0.0,0.0,0.0,0.0,0,1.26875,0.25625,4.53125,0.56640625,0.0875,1.525,0.63125,1.0875,1.5043451178191574,132.03603836441272,0.535989583004266,failure_partition,28.68801444989301,0.2494791666666667
flocking_topology_support,11009,2.113024703749964,0.7736801137867535,0.590625,1.0799323940946828,0.6564948940946829,0.44375,0.0,0.55625,0.0625,0.0,0.0,0.18359375,57,0.739164212974316,2.027125008920825,5.135776291146864,42.188297647003424,0.9364583333333332,0.0,2.1306033971229503,3.7003931536443675,16.454714257476365,5.598776140187559,7.0625,1.0,0.0,0.4375,0.0,1.76875,7.0625,0.8828125,6.0375,0.0,0.2453125,0.0,0,0.0,14,36.86875,0.0,0.25,,2575,494400,0.7199999999999999,0.0,0.0,0.0,0.0,0,1.39375,0.3875,4.73125,0.59140625,0.1625,0.6625,0.33125,0.7875,1.7465673801473194,167.89008756097272,0.6598577089607716,failure_partition,0.02712500892082481,0.013541666666666785
flocking_topology_support,11010,1.4858560753472714,0.6869143189311164,0.546875,1.11458493574689,0.6002099357468901,0.325,0.0,0.675,0.08125,0.0,0.0,0.1171875,25,0.6857137438881019,1.7512207588910276,4.778274317146607,8.701340446632528,0.9667410714285716,0.0,1.9284252599854625,3.7771378387503196,8.155748293098004,4.185169782220079,7.0625,1.0,0.0,0.4375,0.0,1.68125,7.0625,0.8828125,5.0875,0.0,0.3640625,0.0,0,0.0,15,30.8375,0.0,0.125,,2609,500928,0.7199999999999999,0.0,0.0,0.0,0.0,0,1.2,0.2,4.425,0.553125,0.0828125,1.63125,0.65625,1.175,1.5774432507778642,122.3868759853191,0.5506617501378059,failure_partition,0.24877924110897243,0.01674107142857162
flocking_topology_support,11011,1.4594251985693596,0.648184957974724,0.54609375,1.1535635212039625,0.5754385212039625,0.2375,0.0,0.7625,0.0625,0.0,0.0,0.1,25,0.6561089113103146,1.6153175741055175,4.126591092238271,7.859246640239811,0.96953125,0.0,1.8402177026945998,3.801923334118179,9.030128767700859,2.894531473931609,7.0625,1.0,0.0,0.4375,0.0,1.7375,7.0625,0.8828125,5.01875,0.0,0.37265625,0.0,0,0.0,25,30.3875,0.0,0.125,,2730,524160,0.7199999999999999,0.0,0.0,0.0,0.0,0,1.1875,0.18125,4.38125,0.54765625,0.07890625,1.79375,0.64375,1.16875,1.503177265697929,122.34551675788971,0.5329542921390384,failure_partition,0.38468242589448254,0.01953125
flocking_topology_support,11012,2.3395708385348963,0.9542181660996291,0.6265625,1.0313254526857636,0.6769504526857635,0.5375,0.0,0.4625,0.075,0.0,0.0,0.27734375,76,0.9622765038513961,3.1011588107353365,5.180912158183635,125.2618601211795,0.9484375,0.0,2.1607529274615986,3.642227517807421,14.65932904245266,3.862374863423863,7.0625,1.0,0.0,0.4375,0.14285714285714285,1.45,7.0625,0.8828125,6.54375,0.0,0.18203125,0.0,0,0.0,6,40.3,0.0,0.0,,2916,559872,0.7199999999999999,0.0,0.0,0.0,0.0,0,1.46875,0.4625,5.025,0.628125,0.1890625,0.275,0.24375,0.44375,1.7378809397961377,165.34866979183178,0.8303548339754343,failure_partition,1.1011588107353365,0.0015624999999999112
flocking_topology_support,11013,1.3638141627541676,0.6439463779535406,0.54375,1.1784873311874011,0.5734873311874011,0.2125,0.0,0.7875,0.14375,0.0,0.0,0.1296875,25,0.6365227077310309,1.524358235545365,3.3148002911158274,5.961048138256968,0.9872916666666665,0.0,1.7365801851202378,3.755866079581557,11.367870212532406,2.554820788242714,7.0625,1.0,0.0,0.4375,0.0,1.7125,7.0625,0.8828125,5.1375,0.0,0.3578125,0.0,0,0.0,30,30.84375,0.0,0.25,,2644,507648,0.7199999999999999,0.0,0.0,0.0,0.0,0,1.25,0.25,4.425,0.553125,0.0890625,1.58125,0.69375,1.2,1.5371091208473797,150.21486270566928,0.5587744158692658,failure_partition,0.4756417644546349,0.0372916666666665
flocking_topology_support,11014,2.2917764548268496,1.142544183528159,0.6375,1.0826969641617794,0.7323844641617795,0.54375,0.0,0.45625,0.08125,0.16666666666666666,0.00625,0.29765625,53,1.1864399421130045,4.528773890795398,4.65292270884059,115.43792236615245,0.9489583333333332,0.0,2.1998968338337592,3.6764980702867405,13.026022457503728,3.328226436073577,7.0625,1.0,0.0,0.4375,0.12857142857142856,1.625,7.0625,0.8828125,6.5875,0.0,0.1765625,0.0,0,0.0,10,40.7375,0.0,0.0,,2490,478080,0.7199999999999999,0.0,0.0,0.0,0.0,0,1.4625,0.45,5.10625,0.63828125,0.18359375,0.19375,0.125,0.3875,1.6796062806010437,147.24938052967795,0.7446762919425964,failure_partition,2.5287738907953976,0.0010416666666667185
flocking_topology_support,11015,3.643164160573136,3.292192874678312,0.51953125,2.7751407900218394,2.1576407900218397,0.1875,0.0,0.8125,0.08125,0.0,0.0,0.1234375,25,3.3033967336458008,30.80049546738122,125.49642541832984,145.47211753650305,0.6812946428571429,0.0,2.0970355371255676,3.6654552971675214,13.53935029289453,3.898002156241938,7.0625,1.0,0.0,0.4375,0.0,1.56875,7.0625,0.8828125,5.1125,0.0,0.3609375,0.0,0,0.0,12,30.48125,0.0,0.0,,2619,502848,0.7199999999999999,0.0,0.0,0.0,0.0,0,1.26875,0.2625,4.3875,0.5484375,0.08984375,1.65625,0.7,1.14375,1.5210063088401986,148.7674811113311,0.5432441660668701,failure_partition,28.80049546738122,0.26870535714285704
flocking_topology_support,11016,2.116343439048776,0.6998537481560392,0.66015625,0.9896308732608704,0.6240058732608702,0.525,0.0,0.475,0.09375,0.0,0.0,0.3453125,37,0.7183501278501321,1.960561922625774,5.271582270154657,6.83292107889109,0.9355654761904763,0.0,2.250325222982984,3.7325867991260475,8.009176627912819,3.385624119873687,7.0625,1.0,0.0,0.4375,0.1,1.8875,7.0625,0.8828125,6.7125,0.0,0.1609375,0.0,0,0.0,17,41.9375,0.0,0.125,,2580,495360,0.7199999999999999,0.0,0.0,0.0,0.0,0,1.4375,0.4375,5.2875,0.6609375,0.178125,0.06875,0.05,0.325,1.6889573790740648,107.48975198354432,0.7737576658837497,failure_partition,0.039438077374226,0.014434523809523703
flocking_topology_support,11017,2.3574498888473077,0.770139735478202,0.6359375,0.9431539728839156,0.5981539728839156,0.55,0.0,0.45,0.075,0.125,0.00625,0.3015625,76,0.8311733467363313,2.3308571414460766,4.738495491155016,99.60087439025183,0.95703125,0.0,1.864766332981819,3.6438756199704416,14.317280504273054,3.695394102871977,7.0625,1.0,0.0,0.4375,0.14285714285714285,1.69375,7.0625,0.8828125,6.6625,0.0,0.1671875,0.0,0,0.0,14,41.1375,0.0,0.125,,2546,488832,0.7199999999999999,0.0,0.0,0.0,0.0,0,1.4875,0.46875,5.10625,0.63828125,0.19140625,0.225,0.225,0.33125,1.74023421933074,156.24163693457697,0.7420512079261243,failure_partition,0.3308571414460766,0.007031250000000044
flocking_topology_support,11018,2.1538915711751,0.7782027996394418,0.6000000000000062,1.0056101260601278,0.645922626060128,0.53125,0.0,0.46875,0.08125,0.0,0.0,0.23437500000000627,77,0.8116784663918115,2.2494801637503707,4.477726985006983,63.37013998609411,0.961532738095238,0.0,2.114054971763921,3.681270042817586,13.611558544593525,4.8162970376947625,7.0625,1.0,0.0,0.4375,0.12857142857142856,1.59375,7.0625,0.8828125,6.38125,0.0,0.20234375,0.0,0,0.0,12,38.98125,0.00625,0.125,,2704,519168,0.7199999999999999,0.0,0.0,0.0,0.0,0,1.48125,0.475,4.825,0.6023437500000062,0.19453125,0.425,0.20625,0.4875,1.7453438980860896,154.6212771466003,0.7394949591252953,failure_partition,0.24948016375037074,0.011532738095238027
flocking_topology_support,11019,2.3220990197451985,0.6969885655428734,0.62109375,1.0347090605963798,0.6843965605963798,0.54375,0.0,0.45625,0.08125,0.2857142857142857,0.0125,0.265625,75,0.9963214534797591,3.739665941008559,4.187937072670674,216.0006336316434,0.9696800595238095,0.0,2.004790180897861,3.6847712549200105,17.210276310711258,3.8518903637561506,7.0625,1.0,0.0,0.4375,0.12857142857142856,1.65,7.0625,0.8828125,6.50625,0.0,0.18671875,0.0,0,0.0,11,40.03125,0.0,0.0,,2514,482688,0.7199999999999999,0.0,0.0,0.0,0.0,0,1.46875,0.4625,4.96875,0.62109375,0.19140625,0.38125,0.225,0.4375,1.6913630317752577,174.28592870604075,0.7403701250441372,failure_partition,1.739665941008559,0.01968005952380958
flocking_topology_support,11020,2.237899592977207,0.5895868955392118,0.61015625,0.9813163471841237,0.6091288471841239,0.51875,0.0,0.48125,0.1125,0.5,0.01875,0.2421875,62,0.9392207297905752,3.2945852171888057,4.403714566988053,165.16030063915832,0.9640625,0.0,2.1236885023304692,3.7007878377797665,14.280204072436595,4.325583481506077,7.0625,1.0,0.0,0.4375,0.11428571428571428,1.78125,7.0625,0.8828125,6.3875,0.0,0.2015625,0.0,0,0.0,17,39.08125,0.0,0.25,,2531,485952,0.7199999999999999,0.0,0.0,0.0,0.0,0,1.46875,0.45625,4.89375,0.61171875,0.18515625,0.4,0.23125,0.5375,1.7229154142821337,159.10477733841654,0.7094999998807907,failure_partition,1.2945852171888057,0.014062500000000089
flocking_topology_support,11021,3.7110106244058954,3.4457824677379314,0.54609375,2.78102432204028,2.2282118220402807,0.28125,0.0,0.71875,0.1375,0.0,0.0,0.1671875,25,3.451819803733724,32.030030766521115,122.16249861687392,139.14159309975565,0.6888020833333333,0.0,2.042722653004377,3.584843418239217,13.246871474833796,2.2293011883072227,7.0625,1.0,0.0,0.4375,0.0,1.6,7.0625,0.8828125,5.25625,0.0,0.34296875,0.0,0,0.0,19,31.6375,0.0,0.125,,2693,517056,0.7199999999999999,0.0,0.0,0.0,0.0,0,1.26875,0.2625,4.55625,0.56953125,0.0859375,1.44375,0.6625,1.1,1.5540650091118624,159.16404087904536,0.5496954158879817,failure_partition,30.030030766521115,0.2611979166666667
flocking_topology_support,11022,2.253901750002925,0.7393619272924015,0.59921875,1.0696392427574295,0.6721392427574294,0.4875,0.0,0.5125,0.13125,0.16666666666666666,0.00625,0.2265625,75,0.8187887564016733,2.5094764466891903,4.970743115273945,86.96191505367122,0.9604166666666668,0.0,1.954014652604289,3.6782586781001276,20.61993825532601,3.9412676662795874,7.0625,1.0,0.0,0.4375,0.1,1.8125,7.0625,0.8828125,6.3625,0.0,0.2046875,0.0,0,0.0,16,38.7375,0.0,0.25,,2612,501504,0.7199999999999999,0.0,0.0,0.0,0.0,0,1.4875,0.46875,4.80625,0.60078125,0.1921875,0.44375,0.225,0.65,1.7154927682538386,185.6120313168618,0.7138801249675453,failure_partition,0.5094764466891903,0.010416666666666852
flocking_topology_support,11023,2.216810860842954,0.6415940456854013,0.62265625,0.933763066010669,0.5747005660106692,0.53125,0.0,0.46875,0.075,0.0,0.0,0.27265625,77,0.704051049765335,1.8583831032731062,4.401819124860881,7.689945070364586,0.9608258928571427,0.0,2.0316558050541103,3.7000395398556805,13.891433146330755,3.4879167108401132,7.0625,1.0,0.0,0.4375,0.12857142857142856,1.75625,7.0625,0.8828125,6.56875,0.0,0.17890625,0.0,0,0.0,13,40.33125,0.0,0.0,,2537,487104,0.7199999999999999,0.0,0.0,0.0,0.0,0,1.49375,0.475,5.0,0.625,0.19375,0.29375,0.225,0.425,1.7374818232577574,153.72084659512004,0.7289825410116464,failure_partition,0.14161689672689382,0.01082589285714275
flocking_topology_support,11024,3.606048034734288,3.2615229443561784,0.5296875,2.765759451920048,2.164196951920048,0.20625,0.0,0.79375,0.0625,1.0,0.0125,0.13125,24,3.415782068419785,33.61244747456929,125.4573283613191,165.25197790177765,0.66953125,0.0,2.095108725000677,3.6772805787991216,15.1215245361168,2.8829705544555693,7.0625,1.0,0.0,0.4375,0.0,1.55,7.0625,0.8828125,5.11875,0.0,0.36015625,0.0,0,0.0,16,30.44375,0.0,0.0,,2548,489216,0.7199999999999999,0.0,0.0,0.0,0.0,0,1.28125,0.275,4.4,0.55,0.0890625,1.7,0.69375,1.225,1.5574342439812052,156.1883424894387,0.5205637908075005,failure_partition,31.612447474569286,0.28046874999999993
flocking_topology_support,11025,2.2019706404789274,0.646489982259931,0.61328125,0.9424415455723645,0.5674415455723645,0.5125,0.0,0.4875,0.09375,0.0,0.0,0.24375,76,0.6451514647422799,1.5929012081269818,4.201296722525407,10.228752608826245,0.9666666666666666,0.0,2.0075751783973432,3.7095687739327374,14.966058115847414,4.693970364053897,7.0625,1.0,0.0,0.4375,0.08571428571428572,1.70625,7.0625,0.8828125,6.4375,0.0,0.1953125,0.0,0,0.0,13,39.4875,0.0,0.0,,2539,487488,0.7199999999999999,0.0,0.0,0.0,0.0,0,1.46875,0.4625,4.9125,0.6140625,0.18984375,0.425,0.225,0.50625,1.728476246253179,157.98894840606312,0.7164592500776052,failure_partition,0.40709879187301823,0.016666666666666607
flocking_topology_support,11026,2.262821797817856,1.049881295706926,0.6140625,1.066300243586559,0.717862743586559,0.54375,0.0,0.45625,0.0625,0.0,0.0,0.25390625,77,1.0207439350789385,3.2774561278341183,5.409259388817262,128.6645390990973,0.9557291666666666,0.0,2.0442179878713116,3.6966539726353616,16.83167583319863,3.0773460796025325,7.0625,1.0,0.0,0.4375,0.15714285714285714,1.68125,7.0625,0.8828125,6.45,0.0,0.19375,0.0,0,0.0,18,39.5875,0.0,0.25,,2557,490944,0.7199999999999999,0.0,0.0,0.0,0.0,0,1.46875,0.4625,4.925,0.615625,0.18984375,0.45,0.225,0.48125,1.7610057998645339,156.52568224663014,0.7283334159292281,failure_partition,1.2774561278341183,0.005729166666666674
flocking_topology_support,11027,2.3215504331437216,0.9615355331937887,0.60546875,1.0562661120562065,0.6918911120562065,0.525,0.0,0.475,0.08125,0.0,0.0,0.2359375,77,0.9727084265644784,3.088166106444285,4.2298736774400405,109.87713104990915,0.95546875,0.0,1.9556622286788017,3.694371972584757,19.33594169200983,4.35574125549673,7.0625,1.0,0.0,0.4375,0.11428571428571428,1.775,7.0625,0.8828125,6.3875,0.0,0.2015625,0.0,0,0.0,19,39.0375,0.0,0.125,,2560,491520,0.7199999999999999,0.0,0.0,0.0,0.0,0,1.475,0.46875,4.85,0.60625,0.19140625,0.45,0.225,0.5875,1.7407887564115938,180.35286181228568,0.7089621669147164,failure_partition,1.0881661064442851,0.005468750000000022
flocking_topology_support,11028,2.1815029362477776,0.6408758576662476,0.62578125,0.9288942127329021,0.5679567127329019,0.53125,0.0,0.46875,0.09375,0.0,0.0,0.27734375,76,0.6367689006341558,1.485115546438201,3.8001677626191377,5.745196440733823,0.9872395833333332,0.0,1.9421994807856067,3.6978348705349346,12.80391027650461,4.330244775726899,7.0625,1.0,0.0,0.4375,0.1,1.60625,7.0625,0.8828125,6.56875,0.0,0.17890625,0.0,0,0.0,12,40.38125,0.0,0.125,,2519,483648,0.7199999999999999,0.0,0.0,0.0,0.0,0,1.4875,0.475,5.00625,0.62578125,0.19375,0.35625,0.2375,0.325,1.7104409125608893,145.79353466467606,0.7285615829750896,failure_partition,0.5148844535617989,0.037239583333333215
flocking_topology_support,11029,2.1749465615302013,0.6314886551103122,0.61171875,0.9123316715417789,0.5626441715417787,0.54375,0.0,0.45625,0.075,0.0,0.0,0.2515625,77,0.6566236738113049,1.6031399035652298,4.126953191286584,6.054645471726285,0.985,0.0,2.052851629163441,3.7055238189652995,14.15711625746845,4.464082062437585,7.0625,1.0,0.0,0.4375,0.14285714285714285,1.58125,7.0625,0.8828125,6.45,0.0,0.19375,0.0,0,0.0,6,39.5875,0.0,0.125,,2695,517440,0.7199999999999999,0.0,0.0,0.0,0.0,0,1.46875,0.45625,4.93125,0.61640625,0.18828125,0.425,0.225,0.475,1.7138475605657235,149.3339556131691,0.7373196671251208,failure_partition,0.39686009643477016,0.03500000000000003
flocking_topology_rejoin,11000,3.60122386128242,3.2751870915747427,0.4946614583333334,2.7859095779348655,2.1655970779348657,0.18125,0.0,0.81875,0.0625,0.0,0.0,0.07682291666666667,25,3.2579630433300193,31.08360348486557,119.78839796106949,139.1567710064123,0.68046875,2.7319657054090305,2.150645356435235,3.684979242120881,15.62418208941782,3.4475415098976874,7.0625,1.0,0.0,0.4375,0.0,1.6,7.0625,0.8828125,4.919791666666667,0.0,0.38502604166666665,0.05,2,0.0,16,28.83125,0.0,0.125,,2636,506112,0.7199999999999999,0.0,0.0,0.0,0.0,0,1.2875,0.28125,4.1875,0.5227864583333334,0.09140625,1.88125,0.69375,1.31875,1.5423665129399275,161.02608405086852,0.5226759999059141,failure_partition,29.08360348486557,0.26953125
flocking_topology_rejoin,11001,2.1884301442467464,0.684659639150648,0.6618489583333333,0.9705298467560339,0.6161548467560338,0.5375,0.0,0.4625,0.075,0.0,0.0,0.3447916666666667,75,0.698161273120813,1.8701053165020702,4.667860772790456,7.054423228988925,0.9673437499999998,2.083534713351894,1.9147525375877599,3.67945103104496,10.058180255803972,4.309200409909195,7.0625,1.0,0.0,0.4375,0.14285714285714285,1.8125,7.0625,0.8828125,6.851041666666667,0.0,0.14361979166666666,0.05,2,0.0,20,42.8375,0.0,0.125,,2537,487104,0.7199999999999999,0.0,0.0,0.0,0.0,0,1.475,0.46875,5.3125,0.6626302083333333,0.19296875,0.025,0.025,0.15625,1.6979349769998595,122.47989844840372,0.8005609998945147,failure_partition,0.12989468349792976,0.01734374999999988
flocking_topology_rejoin,11002,2.2596060608770268,0.6608299147585206,0.6272135416666667,0.9475839588299373,0.5932089588299373,0.5375,0.0,0.4625,0.075,0.0,0.0,0.27473958333333337,76,0.6586803992697738,1.5857961354155816,3.8963083276754475,7.844832952743055,0.97890625,0.9199817150607295,1.9514273257453645,3.663531048555219,16.70519529794837,4.710290993296608,7.0625,1.0,0.0,0.4375,0.14285714285714285,1.81875,7.0625,0.8828125,6.567708333333333,0.0,0.17903645833333331,0.05,2,0.0,12,40.58125,0.0,0.125,,2620,503040,0.7199999999999999,0.0,0.0,0.0,0.0,0,1.475,0.475,5.03125,0.6272135416666667,0.19375,0.28125,0.18125,0.33125,1.6953979411831086,165.52871963291315,0.7370249580126256,failure_partition,0.4142038645844184,0.028906250000000022
flocking_topology_rejoin,11003,2.128163718932191,0.6748741453467204,0.6510416666666667,0.967568120759568,0.6019431207595681,0.525,0.0,0.475,0.09375,0.16666666666666666,0.00625,0.32864583333333336,76,0.6992503291375408,1.9016123447216564,5.093229939943932,7.753276392998885,0.9646354166666666,0.6322025025092418,2.1793450154674594,3.698649027984126,10.731585762914214,3.0451469311034365,7.0625,1.0,0.0,0.4375,0.08571428571428572,1.63125,7.0625,0.8828125,6.752083333333334,0.0,0.15598958333333332,0.05,2,0.0,10,41.98125,0.0,0.125,,2539,487488,0.7199999999999999,0.0,0.0,0.0,0.0,0,1.48125,0.4625,5.2375,0.6533854166666667,0.18828125,0.0625,0.0625,0.2625,1.6992300764591242,122.14652504619515,0.7648531249724329,failure_partition,0.09838765527834359,0.014635416666666679
flocking_topology_rejoin,11004,2.1622194056375794,0.6745822034048523,0.6162760416666667,0.9946208085525317,0.5989958085525318,0.4875,0.0,0.5125,0.1125,0.0,0.0,0.25130208333333337,76,0.6790684822665417,1.6938126743603523,4.5442021425835915,10.227730988722065,0.9669270833333334,1.6098531443056543,2.081506606393211,3.6589612693403217,14.507297808328389,4.263661113883031,7.0625,1.0,0.0,0.4375,0.05714285714285714,1.85625,7.0625,0.8828125,6.486458333333334,0.0,0.18919270833333332,0.05,2,0.0,10,39.9875,0.0,0.25,,2617,502464,0.7199999999999999,0.0,0.0,0.0,0.0,0,1.46875,0.46875,4.94375,0.6162760416666667,0.19453125,0.26875,0.2,0.4125,1.681848017329046,152.08784075291473,0.7345484590623528,failure_partition,0.3061873256396477,0.01692708333333348
flocking_topology_rejoin,11005,2.083413937412066,0.6544992972241335,0.646875,0.9456387629120693,0.6000137629120692,0.55,0.0,0.45,0.08125,0.125,0.00625,0.31875,76,0.6799553080834888,1.7902844317795374,4.026956726772167,6.8200024491336455,0.9770833333333334,1.3062063318048336,2.045252712240515,3.695948694320389,10.892922983133264,4.285214032643557,7.0625,1.0,0.0,0.4375,0.14285714285714285,1.78125,7.0625,0.8828125,6.7125,0.0,0.1609375,0.05,2,0.0,16,41.78125,0.0,0.125,,2578,494976,0.7199999999999999,0.0,0.0,0.0,0.0,0,1.46875,0.4625,5.1875,0.646875,0.19140625,0.13125,0.1125,0.275,1.7091222998409858,124.31355512165997,0.766693125013262,failure_partition,0.20971556822046256,0.02708333333333346
flocking_topology_rejoin,11006,3.707364494341532,3.413660916036069,0.5104166666666667,2.815613153847011,2.199050653847011,0.19375,0.0,0.80625,0.11875,0.0,0.0,0.09270833333333334,25,3.409211258988186,32.56993294468141,127.88673327758212,156.53776943342416,0.696875,1.0294030358784232,1.849702043111849,3.5908293565001714,15.050077140470137,3.5241628875912796,7.0625,1.0,0.0,0.4375,0.0,1.59375,7.0625,0.8828125,4.983333333333333,0.0,0.3770833333333333,0.05,2,0.0,11,29.5375,0.0,0.125,,2628,504576,0.7199999999999999,0.0,0.0,0.0,0.0,0,1.26875,0.26875,4.26875,0.5322916666666667,0.090625,1.75,0.69375,1.20625,1.5704690333357867,160.9450171592303,0.5375641251448542,failure_partition,30.569932944681412,0.25312499999999993
flocking_topology_rejoin,11007,2.1323930359077092,0.6310161930666587,0.613671875,0.9230903271431427,0.5580903271431428,0.525,0.0,0.475,0.0875,0.0,0.0,0.25546875,48,0.6357114864418658,1.534524059841072,3.653561784729341,7.511601622326242,0.9750446428571428,2.061413621297546,1.936559721346691,3.698059800626507,13.168057243079716,4.1794521840283965,7.0625,1.0,0.0,0.4375,0.11428571428571428,1.80625,7.0625,0.8828125,6.440625,0.0,0.194921875,0.05,2,0.0,16,39.6375,0.0,0.0,,2569,493248,0.7199999999999999,0.0,0.0,0.0,0.0,0,1.4625,0.4625,4.91875,0.613671875,0.19140625,0.3625,0.23125,0.48125,1.7204469103229965,151.38858527920175,0.7103294171392918,failure_partition,0.4654759401589279,0.025044642857142807
flocking_topology_rejoin,11008,3.5641651784068844,3.247391893653277,0.5583333333333333,2.634341920092699,2.109966920092699,0.3125,0.0,0.6875,0.0875,0.0,0.0,0.18697916666666667,25,3.286768451805747,30.673918570489867,119.37880995327292,133.15930114174898,0.7008333333333333,1.5924388373451823,1.9977087819227954,3.6213160473831025,10.154448712410721,3.1627035593639725,7.0625,1.0,0.0,0.4375,0.0,1.6375,7.0625,0.8828125,5.354166666666667,0.0,0.33072916666666663,0.05,2,0.0,19,32.53125,0.0,0.0,,2563,492096,0.7199999999999999,0.0,0.0,0.0,0.0,0,1.26875,0.25625,4.65625,0.5802083333333334,0.0875,1.33125,0.63125,1.01875,1.4890225768576968,132.09882646510533,0.5664613330736756,failure_partition,28.673918570489867,0.24916666666666665
flocking_topology_rejoin,11009,2.113024703749964,0.7736801137867535,0.5895833333333333,1.079932394094683,0.6564948940946829,0.44375,0.0,0.55625,0.0625,0.0,0.0,0.18151041666666665,57,0.739443223461693,2.0281624133287854,5.135776291146864,42.188297647003424,0.9364583333333332,0.9839175998165871,2.1286379036122662,3.6946179200917384,16.45829057784375,5.585401102898673,7.0625,1.0,0.0,0.4375,0.0,1.76875,7.0625,0.8828125,6.029166666666667,0.0,0.2463541666666667,0.05,2,0.0,14,36.91875,0.0,0.25,,2575,494400,0.7199999999999999,0.0,0.0,0.0,0.0,0,1.39375,0.3875,4.7375,0.5903645833333333,0.1625,0.6375,0.33125,0.8,1.7386402407645651,167.89008756097272,0.6792025838512927,failure_partition,0.02816241332878544,0.013541666666666785
flocking_topology_rejoin,11010,1.4764794041581426,0.6663891024089361,0.5546875,1.1161415418100695,0.5823915418100695,0.3,0.0,0.7,0.0875,0.0,0.0,0.1328125,25,0.6748912529221823,1.6920433812288718,4.411377058210719,6.415981594509819,0.9768973214285716,3.1266130135966628,1.9299628171760446,3.756865489783803,8.165957312200272,4.168541391581719,7.0625,1.0,0.0,0.4375,0.0,1.68125,7.0625,0.8828125,5.15,0.0,0.35625,0.05,2,0.0,15,31.4375,0.0,0.125,,2609,500928,0.7199999999999999,0.0,0.0,0.0,0.0,0,1.2,0.2,4.5,0.5609375,0.0828125,1.5,0.65625,1.125,1.562674498215764,122.34059715537474,0.5610058750025928,failure_partition,0.30795661877112823,0.026897321428571597
flocking_topology_rejoin,11011,1.452317821931767,0.6320196875304687,0.5580729166666667,1.1138103311019414,0.5631853311019412,0.275,0.0,0.725,0.06875,0.0,0.0,0.12395833333333332,25,0.642683409640965,1.5404708870443415,3.6877667342235627,5.483992282237655,0.9751562500000001,4.39888590501892,1.8258018263938076,3.77254128545709,9.052795835779444,2.8662132398060027,7.0625,1.0,0.0,0.4375,0.0,1.7375,7.0625,0.8828125,5.114583333333334,0.0,0.3606770833333333,0.05,2,0.0,25,31.2875,0.0,0.125,,2730,524160,0.7199999999999999,0.0,0.0,0.0,0.0,0,1.1875,0.18125,4.49375,0.5596354166666667,0.07890625,1.63125,0.64375,1.10625,1.486981859413079,122.33511035356307,0.5440010000020266,failure_partition,0.45952911295565846,0.025156250000000102
flocking_topology_rejoin,11012,2.339570838741311,0.9542181666057211,0.624609375,1.0313254531342815,0.6769504531342813,0.5375,0.0,0.4625,0.075,0.0,0.0,0.2734375,76,0.9615311125495687,3.0966197476397106,5.180912158183635,125.2618601211795,0.9484375,1.503050699062916,2.159619211373662,3.637872195219071,14.659263715439446,3.8322425233817676,7.0625,1.0,0.0,0.4375,0.14285714285714285,1.45,7.0625,0.8828125,6.528125,0.0,0.183984375,0.05,2,0.0,6,40.3,0.0,0.0,,2916,559872,0.7199999999999999,0.0,0.0,0.0,0.0,0,1.46875,0.4625,5.025,0.626171875,0.1890625,0.26875,0.2375,0.425,1.7373799404140573,165.34867001214204,0.8181153330951929,failure_partition,1.0966197476397106,0.0015624999999999112
flocking_topology_rejoin,11013,1.3638142189116167,0.6439464968894048,0.5454427083333333,1.1691124046780488,0.5734874046780488,0.225,0.0,0.775,0.14375,0.0,0.0,0.13307291666666668,25,0.6364436605708488,1.523943333025856,3.3148002372272716,5.961048138256968,0.9872916666666665,0.5612164629422755,1.7359129614489004,3.742594497019264,11.367004149618687,2.5511267311707195,7.0625,1.0,0.0,0.4375,0.0,1.7125,7.0625,0.8828125,5.151041666666666,0.0,0.3561197916666667,0.05,2,0.0,30,31.04375,0.0,0.25,,2644,507648,0.7199999999999999,0.0,0.0,0.0,0.0,0,1.25,0.25,4.45,0.5548177083333333,0.0890625,1.53125,0.69375,1.18125,1.5230277151849543,150.21486312331672,0.5510749579407275,failure_partition,0.47605666697414395,0.0372916666666665
flocking_topology_rejoin,11014,2.2917764547915356,1.1425441834573233,0.6423177083333333,1.0826969640193638,0.7323844640193637,0.54375,0.0,0.45625,0.08125,0.16666666666666666,0.00625,0.30729166666666663,53,1.1869068862408114,4.531580643644143,4.65292270884059,115.43792236615245,0.9489583333333332,2.735671097129895,2.1954332631771036,3.656741016630929,13.028421979988703,3.30116253705449,7.0625,1.0,0.0,0.4375,0.12857142857142856,1.625,7.0625,0.8828125,6.626041666666666,0.0,0.17174479166666667,0.05,2,0.0,10,41.0875,0.0,0.0,,2490,478080,0.7199999999999999,0.0,0.0,0.0,0.0,0,1.4625,0.45,5.15,0.6430989583333333,0.18359375,0.10625,0.10625,0.36875,1.6719259971421898,147.24938048423712,0.7358486249577254,failure_partition,2.5315806436441433,0.0010416666666667185
flocking_topology_rejoin,11015,3.643164158835383,3.292192872755302,0.5283854166666667,2.7720157821136846,2.157640782113684,0.2,0.0,0.8,0.14375,0.0,0.0,0.14114583333333336,25,3.3034653645470082,30.8008119968443,125.49642541832984,145.47211753650305,0.6804017857142857,1.1117768491472138,2.098299513578554,3.6324043517787197,13.53881619076169,3.8853365759068175,7.0625,1.0,0.0,0.4375,0.0,1.56875,7.0625,0.8828125,5.183333333333334,0.0,0.3520833333333333,0.05,2,0.0,12,31.08125,0.0,0.0,,2619,502848,0.7199999999999999,0.0,0.0,0.0,0.0,0,1.26875,0.2625,4.4625,0.5572916666666667,0.08984375,1.5375,0.7,1.11875,1.510417969330505,148.7674809979322,0.5575756668113172,failure_partition,28.8008119968443,0.2695982142857143
flocking_topology_rejoin,11016,2.115624469264983,0.6976765810574376,0.6630208333333333,0.9899094032731395,0.6242844032731393,0.525,0.0,0.475,0.09375,0.0,0.0,0.3510416666666667,37,0.7168675229243733,1.9504263285229324,5.148756568825696,6.83292107889109,0.9395833333333332,1.18027929885791,2.2361447193092205,3.7197918756497805,8.020313474672687,3.3695606268277016,7.0625,1.0,0.0,0.4375,0.1,1.8875,7.0625,0.8828125,6.735416666666666,0.0,0.15807291666666665,0.05,2,0.0,17,42.2875,0.0,0.125,,2580,495360,0.7199999999999999,0.0,0.0,0.0,0.0,0,1.4375,0.4375,5.33125,0.6638020833333333,0.178125,0.00625,0.00625,0.28125,1.6762597159221726,107.20464716270948,0.7729392908513546,failure_partition,0.049573671477067593,0.01041666666666674
flocking_topology_rejoin,11017,2.357449888830622,0.7701397354271247,0.6328125,0.9431539728145527,0.5981539728145526,0.55,0.0,0.45,0.075,0.125,0.00625,0.2953125,76,0.8309626265526435,2.330109357452779,4.738495490958534,99.60087439025183,0.95703125,0.5394321099973663,1.86476493424983,3.645568477710966,14.319428682964121,3.6965626071459523,7.0625,1.0,0.0,0.4375,0.14285714285714285,1.69375,7.0625,0.8828125,6.6375,0.0,0.1703125,0.05,2,0.0,14,40.9875,0.0,0.125,,2546,488832,0.7199999999999999,0.0,0.0,0.0,0.0,0,1.4875,0.46875,5.0875,0.63515625,0.19140625,0.225,0.225,0.34375,1.7277170104946926,156.24163695161053,0.7419332088902593,failure_partition,0.33010935745277914,0.007031250000000044
flocking_topology_rejoin,11018,2.1538916174509883,0.7782029277214717,0.615494791666673,1.0056102110197103,0.6459227110197103,0.53125,0.0,0.46875,0.08125,0.0,0.0,0.26536458333333957,77,0.8129694346290866,2.252714952663267,4.477726985006983,63.37013998609411,0.9619791666666666,3.455549627727666,2.114906749974132,3.629283460565321,13.616132080405617,4.780250947851793,7.0625,1.0,0.0,0.4375,0.12857142857142856,1.59375,7.0625,0.8828125,6.505208333333334,0.0,0.18684895833333334,0.05,2,0.0,12,40.13125,0.00625,0.125,,2704,519168,0.7199999999999999,0.0,0.0,0.0,0.0,0,1.48125,0.475,4.96875,0.617838541666673,0.19453125,0.1875,0.14375,0.40625,1.7297948105402121,154.64282215980592,0.7496101250872016,failure_partition,0.25271495266326705,0.011979166666666652
flocking_topology_rejoin,11019,2.322099019746932,0.6969885655486476,0.625,1.0347090605991327,0.6843965605991325,0.54375,0.0,0.45625,0.08125,0.2857142857142857,0.0125,0.2734375,75,0.9965001797933479,3.7391753494548383,4.187937072670674,216.0006336316434,0.9705729166666666,1.499702091318688,2.002627899631971,3.6609098228405004,17.211257990617504,3.8236476637801404,7.0625,1.0,0.0,0.4375,0.12857142857142856,1.65,7.0625,0.8828125,6.5375,0.0,0.1828125,0.05,2,0.0,11,40.43125,0.0,0.125,,2514,482688,0.7199999999999999,0.0,0.0,0.0,0.0,0,1.46875,0.4625,5.01875,0.625,0.19140625,0.30625,0.2,0.40625,1.6858203215260914,174.28592870729597,0.7341102920472622,failure_partition,1.7391753494548383,0.020572916666666607
flocking_topology_rejoin,11020,2.237899592956659,0.5895868954612196,0.6114583333333333,0.9813163470977087,0.6091288470977088,0.51875,0.0,0.48125,0.1125,0.5,0.01875,0.24479166666666666,62,0.9395946838987657,3.2964171174627204,4.403714566988053,165.16030063915832,0.9640625,1.3317435100593564,2.120884725984244,3.6900296542040474,14.282100297762497,4.323419994279452,7.0625,1.0,0.0,0.4375,0.11428571428571428,1.78125,7.0625,0.8828125,6.397916666666666,0.0,0.2002604166666667,0.05,2,0.0,17,39.18125,0.0,0.25,,2531,485952,0.7199999999999999,0.0,0.0,0.0,0.0,0,1.46875,0.45625,4.90625,0.6130208333333333,0.18515625,0.35625,0.21875,0.5125,1.7142358498442796,159.10477721847175,0.7181007920298725,failure_partition,1.2964171174627204,0.014062500000000089
flocking_topology_rejoin,11021,3.7110106244058954,3.4457824677379314,0.5451822916666667,2.8172743220402805,2.2282118220402807,0.23125,0.0,0.76875,0.125,0.0,0.0,0.16536458333333334,25,3.4518099408278675,32.030226263564785,122.16249861687392,139.14159309975565,0.6888020833333333,2.061911261404229,2.0430940980308163,3.5935694227796304,13.247231739675925,2.2219736719739664,7.0625,1.0,0.0,0.4375,0.0,1.6,7.0625,0.8828125,5.248958333333333,0.0,0.3438802083333333,0.05,2,0.0,19,31.5875,0.0,0.125,,2693,517056,0.7199999999999999,0.0,0.0,0.0,0.0,0,1.26875,0.2625,4.55,0.5686197916666667,0.0859375,1.45,0.63125,1.1,1.5485101248356956,159.16404087904536,0.5481474590487778,failure_partition,30.030226263564785,0.2611979166666667
flocking_topology_rejoin,11022,2.2539017498586498,0.7393619268525867,0.6,1.0696392425857169,0.6721392425857167,0.4875,0.0,0.5125,0.13125,0.16666666666666666,0.00625,0.228125,75,0.8187717137160748,2.5089594527260672,4.970743115273945,86.96191505367122,0.9604166666666668,0.9420631761099199,1.9546704633860408,3.6705404041007896,20.62118636038691,3.9563670955713475,7.0625,1.0,0.0,0.4375,0.1,1.8125,7.0625,0.8828125,6.36875,0.0,0.20390625,0.05,2,0.0,16,38.8375,0.0,0.25,,2612,501504,0.7199999999999999,0.0,0.0,0.0,0.0,0,1.4875,0.46875,4.81875,0.6015625,0.1921875,0.425,0.225,0.625,1.7010401221807943,185.61203115660666,0.7059865000192076,failure_partition,0.5089594527260672,0.010416666666666852
flocking_topology_rejoin,11023,2.21681086105454,0.6415940464164636,0.622265625,0.9337630664918887,0.5747005664918888,0.53125,0.0,0.46875,0.075,0.0,0.0,0.271875,77,0.7036362229233576,1.8562617815903362,4.401819124463118,7.689945063994023,0.9608258928571427,2.342018322836106,2.0251049355310795,3.697839679156511,13.891636373240067,3.475040187053388,7.0625,1.0,0.0,0.4375,0.12857142857142856,1.75625,7.0625,0.8828125,6.565625,0.0,0.179296875,0.05,2,0.0,13,40.33125,0.0,0.0,,2537,487104,0.7199999999999999,0.0,0.0,0.0,0.0,0,1.49375,0.475,5.0,0.624609375,0.19375,0.29375,0.225,0.41875,1.7247234315795048,153.72084662989698,0.726275417022407,failure_partition,0.14373821840966383,0.01082589285714275
flocking_topology_rejoin,11024,3.6060480347340365,3.2615229443559004,0.5309895833333333,2.766384451918335,2.1641969519183353,0.20625,0.0,0.79375,0.06875,1.0,0.0125,0.13385416666666666,24,3.4157925742882678,33.61237289321268,125.4573283613191,165.25197790177765,0.66953125,0.7340646987068891,2.096046318584367,3.6490557584316896,15.121457984587897,2.872860231049052,7.0625,1.0,0.0,0.4375,0.0,1.55,7.0625,0.8828125,5.129166666666667,0.0,0.35885416666666664,0.05,2,0.0,16,30.59375,0.0,0.0,,2548,489216,0.7199999999999999,0.0,0.0,0.0,0.0,0,1.28125,0.275,4.41875,0.5513020833333334,0.0890625,1.61875,0.69375,1.1625,1.5405982612178402,156.18834257901077,0.5325366251636297,failure_partition,31.61237289321268,0.28046874999999993
flocking_topology_rejoin,11025,2.201970640478347,0.6464899822579531,0.6171875,0.9424415455691006,0.5674415455691006,0.5125,0.0,0.4875,0.09375,0.0,0.0,0.2515625,76,0.6447076904121896,1.5899351300903664,4.20129672253067,10.228752608826245,0.9666666666666666,1.9862397436134915,2.006460567570073,3.6879819429299814,14.966116719938757,4.666195820826715,7.0625,1.0,0.0,0.4375,0.08571428571428572,1.70625,7.0625,0.8828125,6.46875,0.0,0.19140625,0.05,2,0.0,13,39.8375,0.0,0.0,,2539,487488,0.7199999999999999,0.0,0.0,0.0,0.0,0,1.46875,0.4625,4.95625,0.61796875,0.18984375,0.3125,0.18125,0.4625,1.7174774358695881,157.98894840457473,0.7233841251581907,failure_partition,0.41006486990963364,0.016666666666666607
flocking_topology_rejoin,11026,2.26282179786197,1.0498812958020043,0.627734375,1.066300243734537,0.7178627437345367,0.54375,0.0,0.45625,0.0625,0.0,0.0,0.28125,77,1.0216421643708467,3.2793910575423277,5.409259388817262,128.6645390990973,0.9557291666666666,2.602856179839763,2.0468543919676576,3.654904358144168,16.833786696085923,3.0440365139992447,7.0625,1.0,0.0,0.4375,0.15714285714285714,1.68125,7.0625,0.8828125,6.559375,0.0,0.180078125,0.05,2,0.0,18,40.4875,0.0,0.25,,2557,490944,0.7199999999999999,0.0,0.0,0.0,0.0,0,1.46875,0.4625,5.0375,0.629296875,0.18984375,0.23125,0.2125,0.43125,1.747360913728268,156.52568231552357,0.7271095002070069,failure_partition,1.2793910575423277,0.005729166666666674
flocking_topology_rejoin,11027,2.321550433150495,0.9615355332101431,0.60546875,1.0562661120835743,0.6918911120835742,0.525,0.0,0.475,0.08125,0.0,0.0,0.2359375,77,0.9727084265705772,3.0881661064655352,4.2298736774400405,109.87713104990915,0.95546875,0.6389591067499082,1.9562306023453222,3.6873862637998207,19.336781902592776,4.363244501580186,7.0625,1.0,0.0,0.4375,0.11428571428571428,1.775,7.0625,0.8828125,6.3875,0.0,0.2015625,0.05,2,0.0,19,39.0375,0.0,0.125,,2560,491520,0.7199999999999999,0.0,0.0,0.0,0.0,0,1.475,0.46875,4.85,0.60625,0.19140625,0.43125,0.21875,0.5875,1.7272451754829325,180.3528618087328,0.7114926250651479,failure_partition,1.0881661064655352,0.005468750000000022
flocking_topology_rejoin,11028,2.1815029362477776,0.6408758576662482,0.6346354166666667,0.9288942127329026,0.5679567127329024,0.53125,0.0,0.46875,0.09375,0.0,0.0,0.2950520833333333,76,0.6356520498155241,1.4769326759515262,3.709477736567264,5.745196440733823,0.9872395833333332,2.8596870003208523,1.9425456613163008,3.670226521836632,12.806535154121699,4.306042600590116,7.0625,1.0,0.0,0.4375,0.1,1.60625,7.0625,0.8828125,6.639583333333334,0.0,0.17005208333333335,0.05,2,0.0,12,41.03125,0.0,0.125,,2519,483648,0.7199999999999999,0.0,0.0,0.0,0.0,0,1.4875,0.475,5.0875,0.6346354166666667,0.19375,0.23125,0.19375,0.275,1.6977644802040046,145.70835506400118,0.7352742908988148,failure_partition,0.5230673240484738,0.037239583333333215
flocking_topology_rejoin,11029,2.1749465615453545,0.6314886551625013,0.6098958333333334,0.9123316715776024,0.5626441715776023,0.54375,0.0,0.45625,0.075,0.0,0.0,0.2479166666666667,77,0.6563030404593035,1.602020484023867,4.126953191286584,6.054645466199887,0.985,1.5416932532414407,2.0510496809436476,3.7051583549840856,14.156898529683136,4.462810337065544,7.0625,1.0,0.0,0.4375,0.14285714285714285,1.58125,7.0625,0.8828125,6.435416666666666,0.0,0.19557291666666665,0.05,2,0.0,6,39.4875,0.0,0.125,,2695,517440,0.7199999999999999,0.0,0.0,0.0,0.0,0,1.46875,0.45625,4.91875,0.6145833333333334,0.18828125,0.425,0.21875,0.48125,1.7104082473132014,149.3339556895057,0.737344249850139,failure_partition,0.397979515976133,0.03500000000000003
flocking_topology_partition,11000,3.7415158960332247,3.556401246676601,0.4368489583333396,3.0433423409174813,2.4230298409174815,0.18125,0.0,0.81875,0.0625,0.0,0.0,-0.11536458333332708,17,3.553730932540539,37.31414254630489,129.130246014249,152.52798089711013,0.62421875,2.7319657054090305,2.150645356435235,3.684979242120881,15.62418208941782,3.4475415098976874,7.0625,1.0,0.0,0.4375,0.0,1.6,5.9125,0.7390625,3.913541666666667,0.0,0.5108072916666667,0.05,2,0.0,16,21.83125,0.00625,0.25,,2636,506112,0.7199999999999999,0.0,0.0,0.0,0.0,0,1.1625,0.15625,3.50625,0.4368489583333396,0.0515625,1.88125,0.69375,1.31875,1.5423665129399275,161.02608405086852,0.47884291713126004,failure_partition,35.31414254630489,0.3257812499999999
flocking_topology_partition,11001,3.41864416412251,2.74803242706311,0.5696614583333333,2.019238987201266,1.6098639872012661,0.4625,0.0,0.5375,0.0625,0.0,0.0,0.1986979166666667,15,2.748378095107078,21.418668661028264,121.59409422404018,147.24457613571306,0.80546875,2.083534713351894,1.9147525375877599,3.67945103104496,10.058180255803972,4.309200409909195,7.0625,1.0,0.0,0.4375,0.0,1.8125,5.475,0.684375,5.294791666666667,0.0,0.33815104166666665,0.05,2,0.0,20,31.8375,0.0,0.375,,2537,487104,0.7199999999999999,0.0,0.0,0.0,0.0,0,1.29375,0.29375,4.78125,0.5962239583333333,0.065625,0.025,0.025,0.15625,1.6979349769998595,122.47989844840372,0.741185792023316,failure_partition,19.418668661028264,0.14453125
flocking_topology_partition,11002,1.4320048479575618,0.6744061250252884,0.5037760416666791,1.0082685995619955,0.5988935995619956,0.4625,0.0,0.5375,0.0625,0.0,0.0,0.007552083333345827,26,0.6525192450592266,1.5732981344374883,4.371921432662801,7.855052806329203,0.9768229166666668,0.9199817150607295,1.9514273257453645,3.663531048555219,16.70519529794837,4.710290993296608,7.0625,1.0,0.0,0.4375,0.0,1.81875,4.9875,0.6234375,4.511458333333333,0.0,0.4360677083333333,0.05,2,0.0,12,26.73125,0.0125,0.5,,2620,503040,0.7199999999999999,0.0,0.0,0.0,0.0,0,1.1625,0.1625,4.05625,0.5037760416666791,0.06015625,0.28125,0.18125,0.33125,1.6953979411831086,165.52871963291315,0.6828194579575211,failure_partition,0.42670186556251166,0.026822916666666807
flocking_topology_partition,11003,1.4166854187213955,0.6689408467119008,0.5901041666666667,0.9942011724524848,0.5942011724524848,0.475,0.0,0.525,0.0625,0.0,0.0,0.19427083333333334,7,0.6778510052805508,1.8000805308197854,5.189884903257397,7.753276392998885,0.9682812500000001,0.6322025025092418,2.1793450154674594,3.698649027984126,10.731585762914214,3.0451469311034365,7.0625,1.0,0.0,0.4375,0.0,1.63125,5.50625,0.68828125,5.295833333333333,0.0,0.3380208333333333,0.05,2,0.0,10,31.23125,0.0,0.375,,2539,487488,0.7199999999999999,0.0,0.0,0.0,0.0,0,1.36875,0.3625,4.75625,0.5932291666666667,0.06796875,0.0625,0.0625,0.2625,1.6992300764591242,122.14652504619515,0.7240006250794977,failure_partition,0.19991946918021464,0.018281250000000138
flocking_topology_partition,11004,1.2717352780687767,0.6842684892344656,0.49986979166668544,1.0129752048063376,0.6036002048063376,0.4625,0.0,0.5375,0.0625,0.0,0.0,0.0013020833333520887,18,0.6877520032998992,1.7465204016302494,4.892351384499937,10.514281473046594,0.95546875,1.6098531443056543,2.081506606393211,3.6589612693403217,14.507297808328389,4.263661113883031,7.0625,1.0,0.0,0.4375,0.0,1.85625,4.89375,0.61171875,4.411458333333334,0.0,0.4485677083333333,0.05,2,0.0,10,26.3375,0.01875,0.625,,2617,502464,0.7199999999999999,0.0,0.0,0.0,0.0,0,1.11875,0.11875,4.03125,0.49986979166668544,0.0515625,0.26875,0.2,0.4125,1.681848017329046,152.08784075291473,0.6615101250354201,failure_partition,0.25347959836975065,0.005468750000000022
flocking_topology_partition,11005,3.3345338035563277,3.036836152754726,0.526562500000025,2.2820353781068787,1.8814103781068787,0.475,0.0,0.525,0.06875,0.0,0.0,0.059375000000025005,15,3.0387995130792773,25.578621814772422,115.95506866526392,142.3251549762626,0.75,1.3062063318048336,2.045252712240515,3.695948694320389,10.892922983133264,4.285214032643557,7.0625,1.0,0.0,0.4375,0.0,1.78125,5.0125,0.6265625,4.7375,0.0,0.4078125,0.05,2,0.0,16,28.03125,0.025,0.5,,2578,494976,0.7199999999999999,0.0,0.0,0.0,0.0,0,1.2375,0.23125,4.25,0.526562500000025,0.06484375,0.13125,0.1125,0.275,1.7091222998409858,124.31355512165997,0.7017482090741396,failure_partition,23.578621814772422,0.19999999999999996
flocking_topology_partition,11006,3.941158234495737,3.75287252507683,0.4947916666666667,3.147307685368563,2.5307451853685636,0.19375,0.0,0.80625,0.11875,0.0,0.0,0.011458333333333338,18,3.7352144826003837,39.751478695278934,137.22760593100747,167.93805923427564,0.6510416666666667,1.0294030358784232,1.849702043111849,3.5908293565001714,15.050077140470137,3.5241628875912796,7.0625,1.0,0.0,0.4375,0.0,1.59375,6.00625,0.75078125,4.433333333333334,0.0,0.4458333333333333,0.05,2,0.0,11,26.1375,0.0,0.125,,2628,504576,0.7199999999999999,0.0,0.0,0.0,0.0,0,1.14375,0.14375,4.025,0.5018229166666667,0.05234375,1.75,0.69375,1.20625,1.5704690333357867,160.9450171592303,0.5133862909860909,failure_partition,37.751478695278934,0.2989583333333332
flocking_topology_partition,11007,1.8846440429262752,0.6328903311855596,0.547265625,0.9661166535614999,0.5567416535615,0.4625,0.0,0.5375,0.0625,0.0,0.0,0.11328125,17,0.6394854971547317,1.5642062213182244,3.9499568837269052,10.893504508884652,0.9662946428571428,2.061413621297546,1.936559721346691,3.698059800626507,13.168057243079716,4.1794521840283965,7.0625,1.0,0.0,0.4375,0.0,1.80625,5.875,0.734375,5.290625,0.0,0.338671875,0.05,2,0.0,16,31.1875,0.0,0.25,,2569,493248,0.7199999999999999,0.0,0.0,0.0,0.0,0,1.36875,0.36875,4.3875,0.547265625,0.1140625,0.3625,0.23125,0.48125,1.7204469103229965,151.38858527920175,0.6745909578166902,failure_partition,0.4357937786817756,0.016294642857142883
flocking_topology_partition,11008,3.4435711837511223,3.2434265264497055,0.4856770833333771,2.6266397240310617,2.102264724031062,0.3125,0.0,0.6875,0.0875,0.0,0.0,-0.014583333333289577,18,3.2455820748584374,30.400348251228774,119.37213061497644,132.84943630415447,0.705,1.5924388373451823,1.9977087819227954,3.6213160473831025,10.154448712410721,3.1627035593639725,7.0625,1.0,0.0,0.4375,0.0,1.6375,5.55,0.69375,4.3291666666666675,0.0,0.4588541666666667,0.05,2,0.0,19,25.58125,0.04375,0.25,,2563,492096,0.7199999999999999,0.0,0.0,0.0,0.0,0,1.15625,0.14375,3.95625,0.4872395833333771,0.05234375,1.33125,0.63125,1.01875,1.4890225768576968,132.09882646510533,0.5319714578799903,failure_partition,28.400348251228774,0.245
flocking_topology_partition,11009,2.1832755924980174,1.7378212772362671,0.48489583333333963,1.3961810936442878,0.9727435936442876,0.44375,0.0,0.55625,0.0625,0.0,0.0,-0.027864583333327086,14,1.7370427757762035,9.103201382180604,100.00043830418072,168.35723295592803,0.8791666666666668,0.9839175998165871,2.1286379036122662,3.6946179200917384,16.45829057784375,5.585401102898673,7.0625,1.0,0.0,0.4375,0.0,1.76875,5.00625,0.62578125,4.329166666666667,0.0,0.4588541666666667,0.05,2,0.0,14,25.06875,0.00625,0.25,,2575,494400,0.7199999999999999,0.0,0.0,0.0,0.0,0,1.18125,0.175,3.90625,0.4856770833333396,0.0546875,0.6375,0.33125,0.8,1.7386402407645651,167.89008756097272,0.6256283749826252,failure_partition,7.103201382180604,0.07083333333333319
flocking_topology_partition,11010,2.4199277423222925,2.265482505763627,0.44453125000021243,1.8664267256342106,1.3326767256342105,0.3,0.0,0.7,0.0875,0.0,0.0,-0.1109374999997875,7,2.263160730296804,15.411612772999998,128.98683545122452,153.64729310897607,0.8143973214285716,3.1266130135966628,1.9299628171760446,3.756865489783803,8.165957312200272,4.168541391581719,7.0625,1.0,0.0,0.4375,0.0,1.68125,5.06875,0.63359375,3.825,0.0,0.521875,0.05,2,0.0,15,23.5875,0.2125,0.499999999999,,2609,500928,0.7199999999999999,0.0,0.0,0.0,0.0,0,1.06875,0.06875,3.78125,0.44453125000021243,0.03359375,1.5,0.65625,1.125,1.562674498215764,122.34059715537474,0.5350127080455422,failure_partition,13.411612772999998,0.13560267857142838
flocking_topology_partition,11011,1.9700910833465126,1.6743589310097573,0.46432291666668546,1.4586846329582197,0.9080596329582198,0.275,0.0,0.725,0.06875,0.0,0.0,-0.06822916666664791,7,1.6765671981152752,8.426473278069608,75.42801182394781,167.6258107608619,0.91734375,4.39888590501892,1.8258018263938076,3.77254128545709,9.052795835779444,2.8662132398060027,7.0625,1.0,0.0,0.4375,0.0,1.7375,4.9625,0.6203125,4.064583333333333,0.0,0.4919270833333334,0.05,2,0.0,25,23.5875,0.01875,0.249999999999,,2730,524160,0.7199999999999999,0.0,0.0,0.0,0.0,0,1.11875,0.1125,3.75,0.46432291666668546,0.04296875,1.63125,0.64375,1.10625,1.486981859413079,122.33511035356307,0.515189791098237,failure_partition,6.426473278069608,0.03265624999999994
flocking_topology_partition,11012,4.151971453859064,4.060720035584322,0.606640625,3.2216586865296364,2.8122836865296357,0.4625,0.0,0.5375,0.0625,0.0,0.0,0.2140625,15,4.063969640425058,49.712646131530036,153.55362469022702,176.06164551660575,0.6088541666666666,1.503050699062916,2.159619211373662,3.637872195219071,14.659263715439446,3.8322425233817676,7.0625,1.0,0.0,0.4375,0.0,1.45,5.6375,0.7046875,5.165625,0.0,0.354296875,0.05,2,0.0,6,32.45,0.0,0.375,,2916,559872,0.7199999999999999,0.0,0.0,0.0,0.0,0,1.0875,0.08125,4.86875,0.606640625,0.03828125,0.26875,0.2375,0.425,1.7373799404140573,165.34867001214204,0.7857254999689758,failure_partition,47.712646131530036,0.34114583333333337
flocking_topology_partition,11013,1.980510699832659,1.7477289953389803,0.46966145833335204,1.5299955173543325,0.9343705173543324,0.225,0.0,0.775,0.14375,0.0,0.0,-0.037239583333314584,15,1.7453124619366671,8.453437324027288,85.83761148829055,133.39846535862992,0.9305208333333332,0.5612164629422755,1.7359129614489004,3.742594497019264,11.367004149618687,2.5511267311707195,7.0625,1.0,0.0,0.4375,0.0,1.7125,5.29375,0.66171875,4.219791666666667,0.0,0.4725260416666666,0.05,2,0.0,30,24.54375,0.01875,0.25,,2644,507648,0.7199999999999999,0.0,0.0,0.0,0.0,0,1.15,0.15,3.825,0.47434895833335206,0.053125,1.53125,0.69375,1.18125,1.5230277151849543,150.21486312331672,0.5243050828576088,failure_partition,6.453437324027288,0.019479166666666714
flocking_topology_partition,11014,2.4477288951219274,1.1336107691447646,0.5321614583333333,1.1116767821869271,0.7116767821869271,0.475,0.0,0.525,0.0625,0.0,0.0,0.13385416666666666,17,1.1269145876813922,4.19488537054278,4.682459751763519,121.93587386069399,0.953125,2.735671097129895,2.1954332631771036,3.656741016630929,13.028421979988703,3.30116253705449,7.0625,1.0,0.0,0.4375,0.0,1.625,5.475,0.684375,5.113541666666666,0.0,0.3608072916666667,0.05,2,0.0,10,29.7875,0.0,0.375,,2490,478080,0.7199999999999999,0.0,0.0,0.0,0.0,0,1.3625,0.35,4.50625,0.5626302083333333,0.075,0.10625,0.10625,0.36875,1.6719259971421898,147.24938048423712,0.6959020418580621,failure_partition,2.1948853705427798,0.0031250000000000444
flocking_topology_partition,11015,3.4076707626325202,3.2494732260316175,0.42994791666673543,2.714015009926009,2.0996400099260093,0.2,0.0,0.8,0.14375,0.0,0.0,-0.1354166666665979,18,3.255646030770934,29.899002119141404,123.29138877707454,134.6387083832749,0.6913392857142857,1.1117768491472138,2.098299513578554,3.6324043517787197,13.53881619076169,3.8853365759068175,7.0625,1.0,0.0,0.4375,0.0,1.56875,5.24375,0.65546875,3.8583333333333334,0.0,0.5177083333333333,0.05,2,0.0,12,22.13125,0.06875,0.375,,2619,502848,0.7199999999999999,0.0,0.0,0.0,0.0,0,1.13125,0.125,3.53125,0.43229166666673546,0.04921875,1.5375,0.7,1.11875,1.510417969330505,148.7674809979322,0.5183572908863425,failure_partition,27.899002119141404,0.25866071428571424
flocking_topology_partition,11016,2.62811683201827,1.9279062932479285,0.5934895833333333,1.5028544914350461,1.0981669914350458,0.46875,0.0,0.53125,0.0625,0.0,0.0,0.2041666666666667,14,1.9249804860203685,11.465334205718968,105.19498590574598,181.38643699948523,0.8572916666666666,1.18027929885791,2.2361447193092205,3.7197918756497805,8.020313474672687,3.3695606268277016,7.0625,1.0,0.0,0.4375,0.0,1.8875,5.8625,0.7328125,5.591666666666667,0.0,0.30104166666666665,0.05,2,0.0,17,33.7875,0.0,0.25,,2580,495360,0.7199999999999999,0.0,0.0,0.0,0.0,0,1.35625,0.35625,4.775,0.5942708333333334,0.1046875,0.00625,0.00625,0.28125,1.6762597159221726,107.20464716270948,0.7426648328546435,failure_partition,9.465334205718968,0.09270833333333339
flocking_topology_partition,11017,2.6106298433285566,2.1419279933905777,0.54609375,1.564956009478674,1.1649560094786742,0.475,0.0,0.525,0.0625,0.0,0.0,0.1109375,17,2.144825877243679,12.647864811117358,110.14919926887526,146.84657239047004,0.88828125,0.5394321099973663,1.86476493424983,3.645568477710966,14.319428682964121,3.6965626071459523,7.0625,1.0,0.0,0.4375,0.0,1.69375,5.45,0.68125,5.05625,0.0,0.36796875,0.05,2,0.0,14,29.1375,0.0,0.375,,2546,488832,0.7199999999999999,0.0,0.0,0.0,0.0,0,1.3875,0.375,4.40625,0.55,0.0796875,0.225,0.225,0.34375,1.7277170104946926,156.24163695161053,0.6930056251585484,failure_partition,10.647864811117358,0.06171874999999993
flocking_topology_partition,11018,3.0676594980502854,1.5421645460687425,0.5162760416666792,1.3313092717801864,0.9219342717801864,0.4625,0.0,0.5375,0.0625,0.0,0.0,0.20598958333334583,21,1.5436573550476695,7.470274148818487,64.58402462804754,119.25683150683562,0.915625,3.455549627727666,2.114906749974132,3.629283460565321,13.616132080405617,4.780250947851793,7.0625,1.0,0.0,0.4375,0.0,1.59375,6.0,0.75,5.480208333333334,0.0,0.31497395833333336,0.05,2,0.0,12,32.43125,0.0125,0.374999999999,,2704,519168,0.7199999999999999,0.0,0.0,0.0,0.0,0,1.425,0.41875,4.80625,0.5967447916666793,0.0875,0.1875,0.14375,0.40625,1.7297948105402121,154.64282215980592,0.7137942919507623,failure_partition,5.470274148818487,0.03437499999999993
flocking_topology_partition,11019,2.7198777084185024,1.4181860415078542,0.515625,1.3099833710301667,0.9099833710301665,0.475,0.0,0.525,0.0625,1.0,0.0125,0.1046875,6,1.5832287785505088,8.224440766898764,86.32483132104187,216.0006336316434,0.9236979166666666,1.499702091318688,2.002627899631971,3.6609098228405004,17.211257990617504,3.8236476637801404,7.0625,1.0,0.0,0.4375,0.0,1.65,5.4,0.675,4.9125,0.0,0.3859375,0.05,2,0.0,11,28.48125,0.0,0.375,,2514,482688,0.7199999999999999,0.0,0.0,0.0,0.0,0,1.3375,0.33125,4.4125,0.54921875,0.0640625,0.30625,0.2,0.40625,1.6858203215260914,174.28592870729597,0.6790376659482718,failure_partition,6.2244407668987645,0.026302083333333393
flocking_topology_partition,11020,3.673824110203478,3.2072493302665537,0.523177083333352,2.406548130492744,1.9899856304927444,0.45625,0.0,0.54375,0.0875,1.0,0.01875,0.08854166666668542,15,3.2906051018663063,31.30746190020996,141.23029229121664,177.32362116561475,0.73125,1.3317435100593564,2.120884725984244,3.6900296542040474,14.282100297762497,4.323419994279452,7.0625,1.0,0.0,0.4375,0.0,1.78125,5.4375,0.6796875,4.822916666666666,0.0,0.3971354166666667,0.05,2,0.0,17,28.58125,0.01875,0.375,,2531,485952,0.7199999999999999,0.0,0.0,0.0,0.0,0,1.2375,0.225,4.3375,0.5395833333333521,0.06171875,0.35625,0.21875,0.5125,1.7142358498442796,159.10477721847175,0.6819487088359892,failure_partition,29.30746190020996,0.21875
flocking_topology_partition,11021,3.9211523191435367,3.7801207033484183,0.46940104166670416,3.1031798937136763,2.5141173937136765,0.23125,0.0,0.76875,0.125,0.0,0.0,-0.05651041666662916,9,3.779734142622113,37.43315945040918,127.4822993569053,163.7113952934928,0.65546875,2.061911261404229,2.0430940980308163,3.5935694227796304,13.247231739675925,2.2219736719739664,7.0625,1.0,0.0,0.4375,0.0,1.6,5.13125,0.64140625,4.142708333333333,0.0,0.4821614583333333,0.05,2,0.0,19,24.0875,0.0375,0.125,,2693,517056,0.7199999999999999,0.0,0.0,0.0,0.0,0,1.1375,0.13125,3.79375,0.46940104166670416,0.046875,1.45,0.63125,1.1,1.5485101248356956,159.16404087904536,0.5115994170773774,failure_partition,35.43315945040918,0.2945312499999999
flocking_topology_partition,11022,3.7135242397986272,3.467408836413333,0.4828125000000125,2.7346070950097756,2.309294595009775,0.44375,0.0,0.55625,0.08125,1.0,0.00625,-0.0265624999999875,26,3.4861647993792895,33.16381671417247,130.46875234587068,150.7685507325397,0.68125,0.9420631761099199,1.9546704633860408,3.6705404041007896,20.62118636038691,3.9563670955713475,7.0625,1.0,0.0,0.4375,0.0,1.8125,4.99375,0.62421875,4.35625,0.0,0.45546875,0.05,2,0.0,16,25.2875,0.0125,0.25,,2612,501504,0.7199999999999999,0.0,0.0,0.0,0.0,0,1.18125,0.1625,3.89375,0.48437500000001255,0.0578125,0.425,0.225,0.625,1.7010401221807943,185.61203115660666,0.6547767091542482,failure_partition,31.16381671417247,0.26874999999999993
flocking_topology_partition,11023,2.3822804906208943,0.719810720423775,0.511328125,1.0403401638702092,0.6309651638702091,0.4625,0.0,0.5375,0.0625,0.0,0.0,0.09453125,19,0.7487270096950649,2.1042415199102584,5.9352466767210075,11.369285604247857,0.9337425595238095,2.342018322836106,2.0251049355310795,3.697839679156511,13.891636373240067,3.475040187053388,7.0625,1.0,0.0,0.4375,0.0,1.75625,5.525,0.690625,5.053125,0.0,0.368359375,0.05,2,0.0,13,28.93125,0.0,0.375,,2537,487104,0.7199999999999999,0.0,0.0,0.0,0.0,0,1.40625,0.39375,4.35,0.543359375,0.08671875,0.29375,0.225,0.41875,1.7247234315795048,153.72084662989698,0.680951583199203,failure_partition,0.10424151991025843,0.016257440476190488
flocking_topology_partition,11024,3.6363934913993683,3.3950671616532695,0.4552083333333334,2.8488607118160125,2.246673211816012,0.20625,0.0,0.79375,0.06875,1.0,0.0125,-0.07395833333333332,17,3.4710832989034173,34.66394309280728,131.72060094643754,180.88362559318585,0.66484375,0.7340646987068891,2.096046318584367,3.6490557584316896,15.121457984587897,2.872860231049052,7.0625,1.0,0.0,0.4375,0.0,1.55,5.575,0.696875,4.097916666666667,0.0,0.4877604166666666,0.05,2,0.0,16,23.14375,0.0,0.25,,2548,489216,0.7199999999999999,0.0,0.0,0.0,0.0,0,1.18125,0.175,3.65,0.4552083333333334,0.05625,1.61875,0.69375,1.1625,1.5405982612178402,156.18834257901077,0.5191899589262903,failure_partition,32.66394309280728,0.28515625
flocking_topology_partition,11025,2.76389612433619,2.4049721613586885,0.52890625,1.7362229048866815,1.3268479048866815,0.4625,0.0,0.5375,0.0625,0.0,0.0,0.06875,17,2.405840069058664,16.31664731864605,115.01007123019488,149.00897569010766,0.840625,1.9862397436134915,2.006460567570073,3.6879819429299814,14.966116719938757,4.666195820826715,7.0625,1.0,0.0,0.4375,0.0,1.70625,5.375,0.671875,4.84375,0.0,0.39453125,0.05,2,0.0,13,27.9375,0.0,0.375,,2539,487488,0.7199999999999999,0.0,0.0,0.0,0.0,0,1.33125,0.325,4.25625,0.53046875,0.07421875,0.3125,0.18125,0.4625,1.7174774358695881,157.98894840457473,0.6856522499583662,failure_partition,14.316647318646051,0.109375
flocking_topology_partition,11026,1.6393905459431888,0.9756245402379153,0.559765625,1.109176778500498,0.6998017785004977,0.4625,0.0,0.5375,0.0625,0.0,0.0,0.12890625,7,0.9741119432163753,2.9888508108478034,5.856002141196116,103.65763981486853,0.95625,2.602856179839763,2.0468543919676576,3.654904358144168,16.833786696085923,3.0440365139992447,7.0625,1.0,0.0,0.4375,0.0,1.68125,5.5,0.6875,5.034375,0.0,0.370703125,0.05,2,0.0,18,29.1875,0.0,0.375,,2557,490944,0.7199999999999999,0.0,0.0,0.0,0.0,0,1.35625,0.35625,4.4875,0.560546875,0.06875,0.23125,0.2125,0.43125,1.747360913728268,156.52568231552357,0.6944838750641793,failure_partition,0.9888508108478034,0.006250000000000089
flocking_topology_partition,11027,3.0064872351166354,2.7197340384503823,0.509375,2.003040030863738,1.5936650308637386,0.4625,0.0,0.5375,0.0625,0.0,0.0,0.028125,15,2.7230170508140015,20.906639654829412,116.27642187770715,160.6654066393358,0.7950520833333334,0.6389591067499082,1.9562306023453222,3.6873862637998207,19.336781902592776,4.363244501580186,7.0625,1.0,0.0,0.4375,0.0,1.775,5.24375,0.65546875,4.6375,0.0,0.4203125,0.05,2,0.0,19,26.3875,0.0,0.375,,2560,491520,0.7199999999999999,0.0,0.0,0.0,0.0,0,1.30625,0.3,4.08125,0.51015625,0.06875,0.43125,0.21875,0.5875,1.7272451754829325,180.3528618087328,0.6638061250559986,failure_partition,18.906639654829412,0.15494791666666652
flocking_topology_partition,11028,2.259011088429107,1.6663916431524983,0.5526041666666666,1.3134604730928914,0.9134604730928914,0.475,0.0,0.525,0.0625,0.0,0.0,0.12005208333333332,7,1.6638233448934807,7.642939137337029,72.3719378477732,148.02061723764137,0.92890625,2.8596870003208523,1.9425456613163008,3.670226521836632,12.806535154121699,4.306042600590116,7.0625,1.0,0.0,0.4375,0.0,1.60625,5.5375,0.6921875,5.120833333333333,0.0,0.35989583333333336,0.05,2,0.0,12,29.38125,0.0,0.375,,2519,483648,0.7199999999999999,0.0,0.0,0.0,0.0,0,1.425,0.4125,4.45625,0.5557291666666666,0.0828125,0.23125,0.19375,0.275,1.6977644802040046,145.70835506400118,0.7079143750015646,failure_partition,5.642939137337029,0.02109374999999991
flocking_topology_partition,11029,2.731470927586787,0.6267816885413812,0.4966145833333334,0.965432935404203,0.560745435404203,0.46875,0.0,0.53125,0.0625,0.0,0.0,0.14947916666666666,17,0.6398196525968542,1.527733778301649,4.269058006246934,6.054645466199887,0.990625,1.5416932532414407,2.0510496809436476,3.7051583549840856,14.156898529683136,4.462810337065544,7.0625,1.0,0.0,0.4375,0.0,1.58125,5.81875,0.72734375,5.2354166666666675,0.0,0.3455729166666667,0.05,2,0.0,6,30.4875,0.0,0.25,,2695,517440,0.7199999999999999,0.0,0.0,0.0,0.0,0,1.39375,0.38125,4.575,0.5716145833333334,0.08125,0.425,0.21875,0.48125,1.7104082473132014,149.3339556895057,0.7140841251239181,failure_partition,0.4722662216983511,0.04062500000000002
flocking_topology_resilient,11000,3.8228545670159977,1.0251083585599658,0.36260850694444446,1.4984625794533557,0.8781500794533557,0.18125,0.0,0.81875,0.0625,0.0,0.0,-0.12478298611110486,114,1.0299599839130633,1.3643740072402626,3.8355803647631133,20.25426940627949,0.96796875,2.7536336275838265,2.131604284541713,3.6812593743509163,15.523481791834069,3.4797176330892454,7.0625,1.0,0.0,0.4375,0.0,1.65625,5.875,0.734375,3.8696180555555557,0.3862122702891698,0.5162977430555555,0.05,2,0.13125,13,21.88125,0.1375,0.125,,2632,505344,0.7199999999999999,0.0,0.0,0.0,0.0,0,1.81875,0.7125,3.49375,0.43213975694444445,0.05078125000000625,1.85,0.69375,1.3,1.5421293334649036,163.61770502996507,0.46803512517362833,failure_partition,0.6356259927597374,0.01796875000000009
flocking_topology_resilient,11001,3.2796966511901093,0.6604502825114981,0.4962022569444445,1.0151433685226994,0.5870183685226993,0.4375,0.0,0.5625,0.0625,0.0,0.0,0.1759982638888889,2,0.668648945785408,1.4624014047120162,4.040149422958919,7.409509933869272,0.990625,0.8308411957582623,1.9725368569380923,3.6823537711543124,9.515169663192472,3.8677444413513173,7.0625,1.0,0.0,0.4375,0.0,1.7125,5.5375,0.6921875,5.257118055555556,0.36239591387674325,0.3428602430555555,0.05,2,0.16875,15,31.8875,0.16875,0.125,,2534,486528,0.7199999999999999,0.0,0.0,0.0,0.0,0,1.54375,0.48125,4.76875,0.5848741319444445,0.072265625,0.01875,0.01875,0.14375,1.6886264583632251,125.36485917594457,0.726342709036544,failure_partition,0.5375985952879838,0.04062500000000002
flocking_topology_resilient,11002,1.1814911129197592,0.6914093183811251,0.4916449652777965,1.033726206446014,0.6056012064460139,0.4375,0.0,0.5625,0.0625,0.0,0.0,-0.01671006944442569,113,0.6826413810451357,1.70449632574975,4.52456145268967,12.3982397400669,0.9625372023809524,2.0018458578962863,1.9932613204068432,3.664791737797066,16.61322028080384,4.7428210512026965,7.0625,1.0,0.0,0.4375,0.0,1.85,4.925,0.615625,4.321701388888888,0.301915946975111,0.4597873263888889,0.05,2,0.125,10,26.43125,0.13125,0.08333333333333326,,2601,499392,0.7199999999999999,0.0,0.0,0.0,0.0,0,1.75625,0.70625,4.025,0.4916449652777778,0.04856770833335208,0.28125,0.18125,0.35625,1.692653919843422,166.48338153517244,0.6787344580516219,failure_partition,0.2955036742502499,0.012537202380952461
flocking_topology_resilient,11003,1.2193666562333643,0.6654960442448311,0.5772135416666666,1.010925320064009,0.592175320064009,0.45,0.0,0.55,0.0625,0.0,0.0,0.16067708333333333,139,0.6917553584456579,1.8310729749804302,5.116276608657134,7.712133063182106,0.9697321428571428,0.6471662967394303,2.1161283026543978,3.6989157250389,10.67891121270734,3.232941387679284,7.0625,1.0,0.0,0.4375,0.0,1.7875,5.44375,0.68046875,5.0770833333333325,0.23310207259298643,0.3653645833333333,0.05,2,0.20625,22,31.68125,0.20625,0.08333333333333326,,2553,490176,0.7199999999999999,0.0,0.0,0.0,0.0,0,1.90625,0.85625,4.7375,0.5799479166666666,0.05390625,0.0625,0.0625,0.225,1.6997141399481,123.88375267697644,0.7155107499565929,failure_partition,0.1689270250195698,0.019732142857142865
flocking_topology_resilient,11004,1.2253541162979107,0.6985289377040317,0.49110243055558056,1.0531696312619923,0.6250446312619923,0.4375,0.0,0.5625,0.0625,0.0,0.0,-0.01753472222219723,114,0.7067022379931752,1.851075051543687,5.018164820565831,10.51721676971964,0.9550223214285716,1.723738110909512,2.098586944645871,3.659676669008257,13.757596831348058,4.274235707634579,7.0625,1.0,0.0,0.4375,0.0,1.925,4.85,0.60625,4.298611111111112,0.3604977107869158,0.46267361111111105,0.05,2,0.125,11,26.3375,0.1375,0.22916666666666663,,2589,497088,0.7199999999999999,0.0,0.0,0.0,0.0,0,1.7875,0.7125,4.025,0.4911024305555555,0.046223958333358336,0.25625,0.2,0.40625,1.680084114831152,153.48272761230214,0.6613037919159979,failure_partition,0.1489249484563131,0.005022321428571619
flocking_topology_resilient,11005,3.7727956453128058,0.7203509502180901,0.4671657986111236,1.0576639889651311,0.6382889889651312,0.45,0.0,0.55,0.06875,0.0,0.0,0.031206597222247213,108,0.7260466143470794,1.2683046294603972,3.988764871030526,12.244652251782492,0.9723958333333332,1.5153751045286326,2.005410609016787,3.695820571150675,10.653916538006959,3.725942310714921,7.0625,1.0,0.0,0.4375,0.0,1.8875,4.86875,0.60859375,4.512326388888889,0.21178456519838842,0.43595920138888894,0.05,2,0.10625,10,27.98125,0.11875,0.125,,2600,499200,0.7199999999999999,0.0,0.0,0.0,0.0,0,1.75,0.675,4.225,0.5146918402777778,0.048567708333358335,0.1125,0.1,0.26875,1.7081292979309624,124.31350455166208,0.6986474578734487,failure_partition,0.7316953705396028,0.02239583333333328
flocking_topology_resilient,11006,3.9459179196196406,0.6868308274126562,0.3822916666666667,1.2286674141481009,0.6211674141481011,0.2125,0.0,0.7875,0.16875,0.0,0.0,-0.011979166666666662,114,0.7024429859953957,1.0141561098852008,3.516542500364106,6.066647900545177,0.984375,1.3786770397484582,1.8687877122968621,3.5872963212292275,14.808056575998236,3.5888190442444228,7.0625,1.0,0.0,0.4375,0.0,1.61875,5.9625,0.7453125,4.320833333333334,0.37333876180916986,0.4598958333333333,0.05,2,0.14375,14,25.8375,0.14375,0.041666666666666685,,2616,502272,0.7199999999999999,0.0,0.0,0.0,0.0,0,1.8,0.7125,3.9875,0.4893229166666667,0.05078125,1.7375,0.69375,1.21875,1.5700777879981271,164.8760770223366,0.5246571248862892,failure_partition,0.9858438901147992,0.034375000000000044
flocking_topology_resilient,11007,1.7711935945758088,0.6530866731509337,0.535915798611111,1.006845916063875,0.5787209160638749,0.4375,0.0,0.5625,0.0625,0.0,0.0,0.09709201388888888,77,0.6601032057897152,1.6638941312185387,4.782424387621336,10.821711433209199,0.9798363095238095,1.3972566693342987,1.937448603096422,3.700002857374637,13.054440527733416,5.545360663097929,7.0625,1.0,0.0,0.4375,0.0,1.9125,5.825,0.728125,5.157118055555555,0.3815064295580719,0.3553602430555555,0.05,2,0.11875,11,30.9375,0.11875,0.04166666666666674,,2567,492864,0.7199999999999999,0.0,0.0,0.0,0.0,0,1.525,0.49375,4.38125,0.5406032986111111,0.10403645833333335,0.3625,0.23125,0.48125,1.7181460742242087,153.22961862857187,0.6757269999943674,failure_partition,0.3361058687814613,0.029836309523809557
flocking_topology_resilient,11008,3.45527389075928,1.1059684579912068,0.4341145833333334,1.4367185180229631,0.9123435180229631,0.3125,0.0,0.6875,0.0875,0.2,0.00625,-0.03385416666663542,3,1.110093180865589,1.2636677895886292,4.4335092435518355,18.712369467957444,0.9841145833333332,0.49073476611307265,1.9677764932762578,3.620918151805321,10.04185404427183,3.1532841548629706,7.0625,1.0,0.0,0.4375,0.0,1.6375,5.525,0.690625,4.264583333333333,0.4364742322773657,0.4669270833333333,0.05,2,0.1875,18,25.73125,0.20625,0.041666666666666664,,2535,486720,0.7199999999999999,0.0,0.0,0.0,0.0,0,1.54375,0.475,3.93125,0.4791666666666667,0.052343750000031254,1.30625,0.63125,0.98125,1.4913593370346698,133.71347950804335,0.521982291014865,failure_partition,0.7363322104113708,0.03411458333333328
flocking_topology_resilient,11009,2.1166514509714256,0.6670703852941136,0.4601345486111111,1.01524100056536,0.58242850056536,0.43125,0.0,0.56875,0.0625,0.0,0.0,-0.03988715277777778,130,0.69122546875092,1.490046447123899,4.83288880167181,9.386184180757102,0.9772321428571429,1.3720821753026997,2.0711107350292606,3.6995892853317875,16.215082797982205,5.596042005453699,7.0625,1.0,0.0,0.4375,0.0,1.80625,4.975,0.621875,4.225868055555556,0.4380616421162015,0.4717664930555555,0.05,2,0.125,10,25.06875,0.125,0.04166666666666663,,2576,494592,0.7199999999999999,0.0,0.0,0.0,0.0,0,1.90625,0.8125,3.9125,0.4796657986111111,0.04778645833333333,0.625,0.33125,0.8,1.7384098292932826,169.91484086849817,0.6239787500817329,failure_partition,0.509953552876101,0.027232142857142927
flocking_topology_resilient,11010,2.2618418017340503,1.1132849759422483,0.4106553819446631,1.3805820039135703,0.8468320039135703,0.3,0.0,0.7,0.0875,0.0,0.0,-0.1318142361108861,26,1.1116090753577264,3.9246326901771447,10.159158037871029,65.91557449950635,0.8986235119047621,1.3134165508905231,1.9100009467393622,3.755902763124162,8.123105201642009,5.5688857396301845,7.0625,1.0,0.0,0.4375,0.0,1.675,5.15625,0.64453125,3.8414930555555555,0.2340142538578493,0.5198133680555556,0.05,2,0.1125,10,24.2875,0.3,0.08333333333333336,,2607,500544,0.7199999999999999,0.0,0.0,0.0,0.0,0,1.18125,0.1625,3.7875,0.4340928819446631,0.04609375000000625,1.49375,0.65625,1.1125,1.5561669987242084,123.43876907054937,0.5450797080993652,failure_partition,1.9246326901771447,0.05137648809523787
flocking_topology_resilient,11011,2.083910534767679,0.7117958250858539,0.4429470486111361,1.1922440822257852,0.6419315822257851,0.28125,0.0,0.71875,0.1125,0.0,0.0,-0.07165798611108612,116,0.7126244675117896,1.8208483872907464,4.61373418185656,7.203592983290253,0.9662499999999999,1.8787153073918597,1.898939202046575,3.739816845869746,9.069857621866607,2.161060983216312,7.0625,1.0,0.0,0.4375,0.0,1.65625,5.09375,0.63671875,4.022743055555556,0.2685610067727081,0.4971571180555555,0.05,2,0.20625,19,24.5875,0.21875,0.10416666666666667,,2685,515520,0.7199999999999999,0.0,0.0,0.0,0.0,0,1.78125,0.725,3.83125,0.46247829861111106,0.03958333333335833,1.6125,0.64375,1.1,1.491459700288456,134.01529843866228,0.5063783749938011,failure_partition,0.17915161270925362,0.016249999999999987
flocking_topology_resilient,11012,3.956784325131514,0.636454248568877,0.45779079861111105,0.9674801934711909,0.5393551934711909,0.4375,0.0,0.5625,0.0625,0.0,0.0,0.1983940972222222,114,0.6531402405442412,1.2277459594048594,4.386109364326235,11.178620930394732,0.9765625,2.577604307004641,2.095575766354994,3.6489563655336754,14.4328707738694,4.38223482631719,7.0625,1.0,0.0,0.4375,0.0,1.4375,5.6875,0.7109375,5.156076388888889,0.4241857928491699,0.3554904513888889,0.05,2,0.025,4,32.7,0.025,0.062499999999999944,,2934,563328,0.7199999999999999,0.0,0.0,0.0,0.0,0,1.7625,0.7125,4.85625,0.5991970486111111,0.0453125,0.28125,0.2375,0.4,1.7394002686077559,167.1447790567494,0.770942458184436,failure_partition,0.7722540405951406,0.026562500000000044
flocking_topology_resilient,11013,2.073214026481345,0.6110610606973754,0.4299262152777965,1.1510061968186176,0.5460061968186175,0.2125,0.0,0.7875,0.14375,0.0,0.0,-0.09769965277775902,107,0.6333374167147194,1.3947634899248214,3.9102600521473754,6.6747091266456025,0.9835714285714285,0.5241909255269874,1.7959989454271845,3.754573865904041,11.556820584621113,2.4454583671906915,7.0625,1.0,0.0,0.4375,0.0,1.75625,5.28125,0.66015625,3.9123263888888884,0.2955639651591703,0.510959201388889,0.05,2,0.275,28,24.24375,0.29375,0.14583333333333334,,2617,502464,0.7199999999999999,0.0,0.0,0.0,0.0,0,1.7375,0.66875,3.7875,0.44750434027777775,0.04153645833335209,1.55625,0.69375,1.175,1.5239592081634972,154.28442724637193,0.5102777921129018,failure_partition,0.6052365100751786,0.033571428571428585
flocking_topology_resilient,11014,2.2362224671554305,0.6699867512767261,0.518728298611111,1.0083331622325822,0.5895831622325824,0.45,0.0,0.55,0.0625,0.0,0.0,0.09787326388888888,76,0.682038820716199,1.701197739456725,4.250818514277498,14.595945509140577,0.9567708333333333,3.7406654086781073,2.2368283877049415,3.6646584132969138,12.992111091710427,3.5167306477177727,7.0625,1.0,0.0,0.4375,0.0,1.725,5.43125,0.67890625,4.938368055555555,0.23775605848964804,0.3827039930555555,0.05,2,0.2,16,29.5875,0.2,0.062499999999999944,,2499,479808,0.7199999999999999,0.0,0.0,0.0,0.0,0,1.55,0.475,4.43125,0.5445095486111111,0.07122395833333332,0.10625,0.10625,0.375,1.6713427387379376,149.0130069802706,0.6876130001619458,failure_partition,0.29880226054327497,0.0067708333333333925
flocking_topology_resilient,11015,3.3921707061166497,1.81390903790402,0.39322916666666663,1.9079783238737185,1.3111033238737186,0.225,0.0,0.775,0.15625,0.0,0.0,-0.16119791666659164,121,1.8223136106810187,1.4320277110469377,4.348832396292286,27.271137061398864,0.961294642857143,2.9535036205275875,2.133169688415065,3.6311323539386335,13.363326779782827,3.409974732124108,7.0625,1.0,0.0,0.4375,0.0,1.58125,5.23125,0.65390625,3.7270833333333337,0.42018725446926003,0.5341145833333333,0.05,2,0.11875,11,21.98125,0.16875,0.06250000000000003,,2623,503616,0.7199999999999999,0.0,0.0,0.0,0.0,0,1.80625,0.75625,3.4375,0.4194010416666667,0.04570312500007501,1.55,0.7,1.15,1.510973847264061,154.36767711293945,0.5051199579611421,failure_partition,0.5679722889530623,0.011294642857142989
flocking_topology_resilient,11016,2.682770885332283,0.6824536026512699,0.5599826388888889,1.0061446411619157,0.5933321411619156,0.45625,0.0,0.54375,0.05,0.0,0.0,0.19027777777778404,139,0.6726644538388522,1.4947902834296511,4.6801860595158296,8.784392794721493,0.95859375,0.9914957728785847,2.2828756953591203,3.722592016678237,7.8805641234850015,3.387290872285751,7.0625,1.0,0.0,0.4375,0.0,1.8875,5.8875,0.7359375,5.504861111111111,0.45598919878139366,0.3118923611111111,0.05,2,0.1375,12,33.9875,0.14375,0.125,,2579,495168,0.7199999999999999,0.0,0.0,0.0,0.0,0,1.95,0.86875,4.775,0.5888888888888889,0.09921875000000624,0.00625,0.00625,0.2875,1.673783760711872,108.69112768834717,0.7406208750326186,failure_partition,0.5052097165703489,0.008593750000000067
flocking_topology_resilient,11017,3.1734071326437676,0.6378361006763458,0.4922960069444569,0.971692989315829,0.5635679893158291,0.4625,0.0,0.5375,0.05,0.0,0.0,0.042404513888901395,140,0.6588258640605383,1.3756384190179463,3.9044390531395825,7.265518983145559,0.96953125,0.8175678261962445,1.7927700126471187,3.655257192068761,14.56410074011372,3.783783255929876,7.0625,1.0,0.0,0.4375,0.0,1.825,5.25,0.65625,4.694618055555556,0.35653431776055566,0.4131727430555555,0.05,2,0.21875,21,28.3375,0.21875,0.0833333333333332,,2545,488640,0.7199999999999999,0.0,0.0,0.0,0.0,0,1.93125,0.875,4.25625,0.5165147569444445,0.0679687500000125,0.225,0.225,0.3375,1.7278088240778957,158.2343508517659,0.6989583331160247,failure_partition,0.6243615809820537,0.01953125
flocking_topology_resilient,11018,3.2080530767233904,0.7473248989264637,0.4871961805555555,1.0884648219579574,0.6603398219579574,0.4375,0.0,0.5625,0.0625,0.0,0.0,0.19548611111112985,76,0.7334418021135075,1.6116166481164504,4.555040522436299,7.019705379897853,0.9681101190476191,1.9453564832256824,2.2563498822720005,3.6256926262357765,13.49085267649013,4.69287524582747,7.0625,1.0,0.0,0.4375,0.0,1.59375,5.975,0.746875,5.391319444444444,0.17476856186701525,0.32608506944444443,0.05,2,0.1,10,32.43125,0.11875,0.375,,2694,517248,0.7199999999999999,0.0,0.0,0.0,0.0,0,1.525,0.4875,4.7875,0.5914930555555555,0.08164062500001876,0.1625,0.1375,0.43125,1.726489698261468,156.3643822366891,0.7167004579678178,failure_partition,0.38838335188354955,0.018110119047619166
flocking_topology_resilient,11019,2.780673776532312,0.6723638863693374,0.4825303819444445,1.0084543931977135,0.5897043931977135,0.45,0.0,0.55,0.0625,0.0,0.0,0.06375868055555554,83,0.670883037043131,1.3542787526662903,4.010050303910373,5.980045047430793,0.9903645833333332,3.5603641506314325,2.014073276488817,3.672011023319442,17.22728501515238,3.68571961211007,7.0625,1.0,0.0,0.4375,0.0,1.65625,5.44375,0.68046875,4.760243055555556,0.34477956158558687,0.40496961805555554,0.05,2,0.15,12,28.58125,0.15,0.062499999999999944,,2496,479232,0.7199999999999999,0.0,0.0,0.0,0.0,0,1.5375,0.50625,4.375,0.5307074652777777,0.06354166666666666,0.3375,0.20625,0.425,1.6864391778316712,176.2284504741933,0.6832114169374108,failure_partition,0.6457212473337097,0.04036458333333326
flocking_topology_resilient,11020,3.3448432091189852,0.6761388253114903,0.46445312500000624,1.0802128987039943,0.6608378987039941,0.45,0.0,0.55,0.06875,1.0,0.01875,0.07708333333333958,76,0.7296456306273382,1.4255589854898147,3.444563809093798,29.665069378755287,0.98125,0.9876024309381886,2.0723360914091953,3.7069486552891293,14.67251149174272,4.296372094453477,7.0625,1.0,0.0,0.4375,0.0,1.675,5.56875,0.69609375,4.846875,0.43024666707487186,0.394140625,0.05,2,0.14375,13,28.48125,0.15,0.25,,2550,489600,0.7199999999999999,0.0,0.0,0.0,0.0,0,1.55625,0.475,4.325,0.534765625,0.06953125000000625,0.40625,0.21875,0.5125,1.7176380804691511,160.68987079413964,0.6612867498770356,failure_partition,0.5744410145101853,0.03125
flocking_topology_resilient,11021,3.917541030482097,0.7439636134790077,0.3977864583333333,1.21706452849901,0.6280020284990101,0.23125,0.0,0.76875,0.125,0.0,0.0,-0.09114583333330209,87,0.7549867288448213,1.1140025426676199,3.7058837445426747,18.644817747012162,0.98203125,0.8061660894595469,2.064356684442948,3.6043617181371475,13.041156321606087,2.217322874106533,7.0625,1.0,0.0,0.4375,0.0,1.66875,5.0875,0.6359375,4.016666666666667,0.26219058472171175,0.4979166666666667,0.05,2,0.18125,19,23.8375,0.2,0.04166666666666666,,2670,512640,0.7199999999999999,0.0,0.0,0.0,0.0,0,1.60625,0.54375,3.70625,0.45182291666666663,0.04869791666669792,1.46875,0.63125,1.10625,1.5498265060893626,162.26426387488902,0.5156843331642449,failure_partition,0.8859974573323801,0.03203125000000007
flocking_topology_resilient,11022,3.778672026979367,0.8469190770864817,0.4141927083333458,1.1947372581830669,0.7506747581830668,0.41875,0.0,0.58125,0.08125,0.0,0.0,-0.04921874999998125,111,0.8569133504359564,1.236364083896904,3.945845579635367,7.011028323896319,0.978125,1.0704852569896495,1.9698918760747977,3.674005333860344,20.39720838038191,3.992084281428453,7.0625,1.0,0.0,0.4375,0.0,1.88125,4.925,0.615625,4.167708333333334,0.37881557199618754,0.4790364583333334,0.05,2,0.13125,13,24.9875,0.1375,0.14583333333333334,,2594,498048,0.7199999999999999,0.0,0.0,0.0,0.0,0,1.8125,0.69375,3.86875,0.47421875,0.04440104166668542,0.425,0.225,0.65,1.708951355417674,187.71031260584783,0.6447149580344558,failure_partition,0.7636359161030959,0.028125000000000067
flocking_topology_resilient,11023,1.9813784551197209,0.688369359990937,0.49921875,1.0250101453126828,0.6075101453126829,0.45,0.0,0.55,0.05,0.0,0.0,0.03333333333333335,140,0.6954301461558058,1.7478401750416541,4.840621117088942,11.36922611893196,0.9623883928571428,1.4466337701704812,1.9890929908723831,3.692980835230786,13.349965790691016,4.134843229577143,7.0625,1.0,0.0,0.4375,0.0,1.7375,5.38125,0.67265625,4.689583333333333,0.415171782753397,0.4138020833333333,0.05,2,0.21875,20,28.33125,0.21875,0.062499999999999944,,2518,483456,0.7199999999999999,0.0,0.0,0.0,0.0,0,1.95625,0.875,4.2125,0.5153645833333333,0.06927083333333334,0.29375,0.225,0.4125,1.7231301997014312,158.31090713965256,0.6852726249489933,failure_partition,0.2521598249583459,0.012388392857142883
flocking_topology_resilient,11024,3.6643589546403246,0.7159955730793949,0.3904947916666667,1.2731098701160182,0.6715473701160182,0.20625,0.0,0.79375,0.0625,1.0,0.01875,-0.09010416666666668,75,1.0054548890119062,3.145851596533482,4.349785261425404,165.25197790177765,0.95859375,1.0296870061987744,2.084003658377066,3.6414921825997277,15.256540652149386,2.9922621867330896,7.0625,1.0,0.0,0.4375,0.0,1.6375,5.51875,0.68984375,3.9958333333333327,0.37539410284052943,0.5005208333333334,0.05,2,0.23125,21,23.14375,0.23125,0.125,,2540,487680,0.7199999999999999,0.0,0.0,0.0,0.0,0,1.54375,0.46875,3.66875,0.4486979166666666,0.05,1.63125,0.69375,1.125,1.5425855087641553,155.94509694076325,0.5069588341284543,failure_partition,1.1458515965334821,0.008593750000000067
flocking_topology_resilient,11025,3.1262433067092856,0.6825931575947158,0.4768229166666667,1.0179241721533199,0.5897991721533201,0.4375,0.0,0.5625,0.0625,0.0,0.0,0.016927083333345826,78,0.6746484242477633,1.2089560151916705,3.3633914788179373,10.228752608826245,0.9875,1.3742031856757215,1.9869210720934287,3.6870706254385666,14.691668101729968,5.91686818424509,7.0625,1.0,0.0,0.4375,0.0,1.76875,5.29375,0.66171875,4.583333333333334,0.30788324437184894,0.4270833333333333,0.05,2,0.2,16,27.5375,0.2125,0.125,,2541,487872,0.7199999999999999,0.0,0.0,0.0,0.0,0,1.525,0.4875,4.1125,0.5045572916666666,0.0675781250000125,0.3125,0.18125,0.4625,1.716899537605101,162.2512435157592,0.6726259170100093,failure_partition,0.7910439848083295,0.03750000000000009
flocking_topology_resilient,11026,1.5883809141191019,0.6709319569316475,0.5484375,1.0122525368352657,0.590065036835266,0.44375,0.0,0.55625,0.05,0.0,0.0,0.109375,140,0.6732127061233824,1.6741117001321864,4.248807456181913,7.451001537936361,0.9833333333333334,1.2823849445045963,1.9678161619500005,3.663751697781855,16.763639201089482,3.0789245381424655,7.0625,1.0,0.0,0.4375,0.0,1.59375,5.6,0.7,5.034375,0.3718270025671738,0.370703125,0.05,2,0.05625,7,29.4875,0.05625,0.06250000000000006,,2550,489600,0.7199999999999999,0.0,0.0,0.0,0.0,0,1.95625,0.875,4.45,0.55,0.079296875,0.26875,0.21875,0.45,1.7473572450660009,159.01450364270463,0.6820986249949783,failure_partition,0.32588829986781365,0.03333333333333344
flocking_topology_resilient,11027,3.4535526865484902,0.7350018650134474,0.4515625,1.0589624931842239,0.641462493184224,0.45,0.0,0.55,0.05,0.0,0.0,-0.0140625,140,0.7577439603937426,1.2583671494890587,3.6841872872768793,6.546185696022228,0.9794270833333334,2.5166006368319667,1.9602324591364302,3.699350080033961,19.157783788693507,4.529624837465396,7.0625,1.0,0.0,0.4375,0.0,1.7875,5.1375,0.6421875,4.4,0.5035678545676261,0.45,0.05,2,0.15,15,26.1375,0.15,0.062499999999999944,,2553,490176,0.7199999999999999,0.0,0.0,0.0,0.0,0,1.9875,0.875,4.0125,0.49140625,0.0578125,0.43125,0.21875,0.58125,1.7253909337455702,181.96137913406207,0.6707766251638532,failure_partition,0.7416328505109413,0.029427083333333437
flocking_topology_resilient,11028,2.4873169087878773,0.6632914790021653,0.5253689236111111,1.0063034333161158,0.5875534333161159,0.45,0.0,0.55,0.0625,0.0,0.0,0.09735243055555556,75,0.6541766054977103,1.4656220756292342,3.7965708900219175,8.859449527364548,0.96875,2.190016981496185,1.8621071699952885,3.676049831106617,12.898306043404954,3.3310104776991993,7.0625,1.0,0.0,0.4375,0.0,1.65625,5.525,0.690625,5.009201388888888,0.10228546821870935,0.3738498263888889,0.05,2,0.13125,12,29.48125,0.13125,0.125,,2500,480000,0.7199999999999999,0.0,0.0,0.0,0.0,0,1.50625,0.46875,4.425,0.5443793402777778,0.08020833333333333,0.23125,0.19375,0.275,1.6998280412100903,146.9434297781213,0.6886828341521323,failure_partition,0.5343779243707658,0.018750000000000044
flocking_topology_resilient,11029,2.459458882400394,0.6032459912684492,0.48567708333333337,0.9576061841385612,0.5341686841385613,0.44375,0.0,0.55625,0.0625,0.0,0.0,0.10963541666666668,75,0.6271441278274555,1.4527584348414098,4.19335937163438,5.170386654547182,0.9921875,1.3407984034094647,2.050769135973387,3.708936483131275,13.930331755903072,4.4926978627648335,7.0625,1.0,0.0,0.4375,0.0,1.6125,5.74375,0.71796875,5.044791666666667,0.42449912862343087,0.36940104166666665,0.05,2,0.1,9,30.0875,0.1,0.25,,2693,517056,0.7199999999999999,0.0,0.0,0.0,0.0,0,1.54375,0.48125,4.475,0.5516927083333334,0.07734375,0.425,0.21875,0.48125,1.7082269458727233,150.5248735295093,0.7091756670270115,failure_partition,0.5472415651585902,0.042187500000000044
flocking_robust_active,11000,3.702545337278449,0.5967295391429364,0.7200595238095239,2.435093147694749,2.3350931476947485,0.875,0.0,0.125,0.0625,0.8524590163934426,0.325,0.6051190476190477,79,3.5521668941892357,38.45232393059437,138.87582951039738,170.58033169068452,0.64796875,0.0,2.071426153081773,3.7122163247807123,18.046831558251746,4.7058643757516565,6.66875,1.0,0.0,0.0,0.0,1.0,6.66875,1.0,5.7,0.0,0.0,0.0,0,0.0,0,0.0,0.0,0.0,,3140,602880,0.7199999999999999,0.0,0.0,0.0,0.0,0,1.64375,0.49375,4.3375,0.7600595238095238,0.21040922619047614,0.83125,0.31875,0.66875,1.6690402786524785,161.61524348668047,0.6322097501251847,staggered_rejoin,36.45232393059437,0.30203125
flocking_robust_active,11001,1.4575129374870337,0.6604871659436788,0.7649999999999999,0.7769496731530839,0.676324673153084,0.875,0.0,0.125,0.06875,0.05,0.01875,0.6175,78,0.9372621279591238,3.3458976252986488,5.493943621972699,143.21746583837304,0.9513020833333332,0.0,1.9467835861438374,3.7100073302764285,10.26519264174498,3.6464635171247024,6.66875,1.0,0.0,0.0,0.0,1.0,6.66875,1.0,6.29375,0.0,0.0,0.0,0,0.0,0,0.0,0.0,0.0,,3089,593088,0.7199999999999999,0.0,0.0,0.0,0.0,0,1.56875,0.48125,5.00625,0.7762499999999999,0.20624999999999996,0.175,0.1375,0.3,1.6190177692985077,121.5173481558416,0.7412242081481963,staggered_rejoin,1.3458976252986488,0.0013020833333332593
flocking_robust_active,11002,1.3156695818067825,0.6518724308971924,0.7787499999999999,0.6903369338733597,0.5897119338733596,0.875,0.0,0.125,0.06875,0.016666666666666666,0.00625,0.62875,78,0.6781870572597665,1.6753048807000908,5.744713032940736,11.15534842438189,0.9615550595238094,0.0,1.9473075147924597,3.6613358437366452,18.66819466406286,4.412983344595685,6.66875,1.0,0.0,0.0,0.0,1.0,6.66875,1.0,5.95,0.0,0.0,0.0,0,0.0,0,0.0,0.0,0.0,,3136,602112,0.7199999999999999,0.0,0.0,0.0,0.0,0,1.5375,0.48125,4.7,0.7849999999999999,0.20374999999999996,0.5,0.275,0.55625,1.655349672741489,165.81095203722322,0.6907508750446141,staggered_rejoin,0.32469511929990924,0.011555059523809419
flocking_robust_active,11003,1.2208961919561783,0.6472929858621598,0.78296875,0.6592703223960064,0.5639578223960064,0.88125,0.0,0.11875,0.0625,0.0,0.0,0.665,25,0.6786804687519254,1.755498659503727,5.6054149256586,12.659123645436397,0.96125,0.0,2.750204421777159,3.7415911430484514,10.847815653038374,4.5928386882855765,6.66875,1.0,0.0,0.0,0.0,1.0,6.66875,1.0,6.0625,0.0,0.0,0.0,0,0.0,0,0.0,0.0,0.0,,3095,594240,0.7199999999999999,0.0,0.0,0.0,0.0,0,1.51875,0.44375,4.88125,0.7945833333333333,0.19088541666666664,0.3375,0.2625,0.4625,1.6321031247734283,122.60266047286133,0.7011872080620378,staggered_rejoin,0.24450134049627303,0.011250000000000093
flocking_robust_active,11004,1.3602764293110146,0.6452692668013418,0.7643749999999999,0.6899823780095656,0.5793573780095655,0.8625,0.0,0.1375,0.075,0.0,0.0,0.61875,79,0.6604598337801387,1.654759988309602,4.77285177877021,10.551288352953701,0.9596354166666667,0.0,2.0753365682160454,3.683229418793199,15.360451975468958,2.9364356550250412,6.66875,1.0,0.0,0.0,0.0,1.0,6.66875,1.0,5.96875,0.0,0.0,0.0,0,0.0,0,0.0,0.0,0.0,,3112,597504,0.7199999999999999,0.0,0.0,0.0,0.0,0,1.575,0.4875,4.6625,0.7706249999999999,0.21187499999999998,0.46875,0.2875,0.5125,1.6393871407553244,152.76360843556083,0.6748891670722514,staggered_rejoin,0.345240011690398,0.009635416666666785
flocking_robust_active,11005,1.168575213452038,0.5955993364898091,0.7591666666666665,0.6398473910705953,0.5439098910705953,0.88125,0.0,0.11875,0.06875,0.0,0.0,0.6253124999999999,80,0.6244642207213233,1.4641394418522977,3.883680833301954,5.5340840317756115,0.9953125,0.0,1.9936664169158527,3.7024936758175344,11.160333220979098,2.5674571877276335,6.66875,1.0,0.0,0.0,0.0,1.0,6.66875,1.0,6.16875,0.0,0.0,0.0,0,0.0,0,0.0,0.0,0.0,,3113,597696,0.7199999999999999,0.0,0.0,0.0,0.0,0,1.6,0.49375,4.84375,0.7691666666666667,0.21005208333333333,0.2875,0.15,0.36875,1.6237019497943954,125.24659108476393,0.7306986670009792,staggered_rejoin,0.5358605581477023,0.04531250000000009
flocking_robust_active,11006,3.862768484352494,3.653364711321551,0.9140625,2.5643798367569293,2.464379836756929,0.875,0.0,0.125,0.0625,0.2222222222222222,0.0125,0.86875,20,3.692467018272163,43.7259854615616,158.46832310819235,180.58410898043445,0.665625,0.0,1.8914790576840481,3.5752785805823946,17.0991174399262,3.9564966393068444,6.66875,1.0,0.0,0.0,0.0,1.0,6.66875,1.0,5.25,0.0,0.0,0.0,0,0.0,0,0.0,0.0,0.0,,3165,607680,0.7199999999999999,0.0,0.0,0.0,0.0,0,1.16875,0.16875,4.675,0.9171875,0.0828125,1.10625,0.725,0.89375,1.3677662645809925,163.76779307698263,0.6136399582028389,staggered_rejoin,41.7259854615616,0.28437499999999993
flocking_robust_active,11007,3.722603467329959,0.5927723719815662,0.7243750000000001,2.4270910501810112,2.3224035501810114,0.86875,0.0,0.13125,0.0625,0.864406779661017,0.31875,0.6187500000000001,78,3.5458078244781075,40.66262519759588,149.1842870499281,199.4370479020346,0.6765625,0.0,1.887279600272775,3.672323794293688,15.938790149874043,5.209342015380846,6.66875,1.0,0.0,0.0,0.0,1.0,6.66875,1.0,5.9625,0.0,0.0,0.0,0,0.0,0,0.0,0.0,0.0,,3135,601920,0.7199999999999999,0.0,0.0,0.0,0.0,0,1.51875,0.4875,4.71875,0.7831249999999998,0.21062499999999998,0.4375,0.325,0.58125,1.6284670004048696,154.33616486873015,0.7052398328669369,staggered_rejoin,38.66262519759588,0.2734375
flocking_robust_active,11008,3.7838735474556584,3.613356845351374,0.9184151785714285,2.4735756375181976,2.3735756375181976,0.875,0.0,0.125,0.0625,0.0,0.0,0.8758928571428571,20,3.6183116661415067,40.80468566372783,147.39114673415204,167.39549897651492,0.6647321428571429,0.0,1.9663762478501134,3.6291098984128154,12.290619439076494,4.073891600704463,6.66875,1.0,0.0,0.0,0.0,1.0,6.66875,1.0,5.53125,0.0,0.0,0.0,0,0.0,0,0.0,0.0,0.0,,3172,609024,0.7199999999999999,0.0,0.0,0.0,0.0,0,1.16875,0.15625,4.975,0.9231026785714285,0.07533482142857142,0.9125,0.70625,0.70625,1.3422474434754685,130.18476413962094,0.6454567920882255,staggered_rejoin,38.80468566372783,0.2852678571428571
flocking_robust_active,11009,3.7406418292267984,0.6669524752773721,0.7265401785714286,2.430395179169364,2.329770179169364,0.875,0.0,0.125,0.06875,0.7903225806451613,0.30625,0.6208407738095238,80,3.5670727935666084,36.946146669236825,140.25058854918893,180.9553282294365,0.6802083333333334,0.0,1.840458271917432,3.6362096207442107,19.335684568112452,4.123586058979329,6.66875,1.0,0.0,0.0,0.0,1.0,6.66875,1.0,5.69375,0.0,0.0,0.0,0,0.0,0,0.0,0.0,0.0,,3133,601536,0.7199999999999999,0.0,0.0,0.0,0.0,0,1.54375,0.5,4.48125,0.7785714285714285,0.21314732142857143,0.625,0.36875,0.7625,1.6711457453335548,169.58004920939166,0.6570844158995897,staggered_rejoin,34.946146669236825,0.26979166666666654
flocking_robust_active,11010,1.3593674478081172,0.6841849045322169,0.7544047619047619,0.7402694401935659,0.6402694401935659,0.875,0.0,0.125,0.0625,0.0,0.0,0.6246428571428572,71,0.7054848172346947,1.8565526567991646,4.941921117398447,7.522828993925187,0.9831473214285715,0.0,2.124941788226164,3.711859460617812,11.183690829712434,5.85318412126064,6.66875,1.0,0.0,0.0,0.0,1.0,6.66875,1.0,6.175,0.0,0.0,0.0,0,0.0,0,0.0,0.0,0.0,,3114,597888,0.7199999999999999,0.0,0.0,0.0,0.0,0,1.61875,0.44375,4.875,0.7752380952380953,0.18976190476190474,0.2875,0.2375,0.3625,1.6570309468609623,123.45586061238033,0.7118514578323811,staggered_rejoin,0.1434473432008354,0.033147321428571574
flocking_robust_active,11011,1.3110924860699606,0.6286396017856549,0.756875,0.6900327104525215,0.5794077104525215,0.8625,0.0,0.1375,0.075,0.0,0.0,0.62625,74,0.6373376738830357,1.5351691985448503,4.017371581361234,6.560525370066529,0.9796875,0.0,2.013751866591467,3.7208288119471726,10.69908793030766,4.158113539256595,6.66875,1.0,0.0,0.0,0.0,1.0,6.66875,1.0,6.0625,0.0,0.0,0.0,0,0.0,0,0.0,0.0,0.0,,3113,597696,0.7199999999999999,0.0,0.0,0.0,0.0,0,1.59375,0.46875,4.7875,0.771875,0.20359375000000002,0.35,0.26875,0.45,1.6230541650629529,122.42139306715507,0.713477874873206,staggered_rejoin,0.46483080145514966,0.02968750000000009
flocking_robust_active,11012,3.801287575061802,1.1700729280803868,0.7256250000000001,2.525570586611074,2.4149455866110743,0.8625,0.0,0.1375,0.075,0.7966101694915254,0.29375,0.6366145833333334,79,3.6558399759164955,39.76187705862032,144.9816368844278,166.4535696235055,0.6709375,0.0,2.2281123513206857,3.652239095988114,16.92070979748855,3.916786647292375,6.66875,1.0,0.0,0.0,0.0,1.0,6.66875,1.0,5.86875,0.0,0.0,0.0,0,0.0,0,0.0,0.0,0.0,,3139,602688,0.7199999999999999,0.0,0.0,0.0,0.0,0,1.5875,0.48125,4.575,0.7752083333333333,0.20401041666666667,0.56875,0.28125,0.6125,1.6731209836811458,168.8018276698374,0.6781850839033723,staggered_rejoin,37.76187705862032,0.2790625
flocking_robust_active,11013,1.2621582722473854,0.6131556756815179,0.9328125,0.6547760765186398,0.5547760765186399,0.875,0.0,0.125,0.0625,0.0,0.0,0.875,20,0.6372522671693519,1.5371507465549037,3.4216953932379393,9.585449754183937,0.9837797619047619,0.0,1.7937917054559658,3.687057672442981,12.958298503120607,3.2691067393596738,6.66875,1.0,0.0,0.0,0.0,1.0,6.66875,1.0,5.48125,0.0,0.0,0.0,0,0.0,0,0.0,0.0,0.0,,3156,605952,0.7199999999999999,0.0,0.0,0.0,0.0,0,1.1375,0.1375,4.96875,0.9328125,0.0671875,0.925,0.70625,0.74375,1.408580283891161,148.52346818407676,0.6733185409102589,staggered_rejoin,0.4628492534450963,0.03377976190476195
flocking_robust_active,11014,1.3671162736374605,0.7717278578510878,0.7793452380952381,0.7661399590040523,0.6548899590040522,0.8625,0.0,0.1375,0.08125,0.017241379310344827,0.00625,0.6554241071428573,78,0.8122379075557495,2.531239158792661,4.868087509955724,110.83923912044293,0.96484375,0.0,2.4523013298817142,3.6957871446712813,13.431668868881747,2.782844322804638,6.66875,1.0,0.0,0.0,0.0,1.0,6.66875,1.0,6.08125,0.0,0.0,0.0,0,0.0,0,0.0,0.0,0.0,,3106,596352,0.7199999999999999,0.0,0.0,0.0,0.0,0,1.55,0.46875,4.8625,0.7860714285714284,0.1986160714285714,0.275,0.1875,0.4625,1.6493525800272324,149.09058567382002,0.6994184169452637,staggered_rejoin,0.531239158792661,0.014843750000000044
flocking_robust_active,11015,3.6931478027826987,1.1842129749842218,0.736436011904762,2.4575708141432453,2.346945814143246,0.8625,0.0,0.1375,0.075,0.7758620689655172,0.28125,0.6333928571428571,78,3.514876129847705,37.03245309903818,136.3162461975401,148.65130837811716,0.6811383928571428,0.0,2.201639536498459,3.6894887963460845,15.552209548254146,3.0022199364605315,6.66875,1.0,0.0,0.0,0.0,1.0,6.66875,1.0,5.8375,0.0,0.0,0.0,0,0.0,0,0.0,0.0,0.0,,3133,601536,0.7199999999999999,0.0,0.0,0.0,0.0,0,1.525,0.475,4.625,0.7871130952380951,0.20335565476190473,0.5625,0.2875,0.5625,1.6564002842631829,150.83991066868876,0.6678337911143899,staggered_rejoin,35.03245309903818,0.2688616071428571
flocking_robust_active,11016,1.2702210109001026,0.6545812016807738,0.786875,0.6961813428840115,0.6055563428840115,0.8875,0.0,0.1125,0.0625,0.0,0.0,0.6908333333333333,21,0.6780136059433163,1.7440588164603283,5.246943538048185,8.972787976359143,0.9575520833333332,0.0,2.4893817017963356,3.7446695809238073,8.762171910623849,3.3612446260954973,6.66875,1.0,0.0,0.0,0.0,1.0,6.66875,1.0,6.09375,0.0,0.0,0.0,0,0.0,0,0.0,0.0,0.0,,3122,599424,0.7199999999999999,0.0,0.0,0.0,0.0,0,1.525,0.43125,4.9375,0.7977083333333332,0.18354166666666666,0.25625,0.2125,0.4625,1.6392360114069973,111.28905103344674,0.6947385410312563,staggered_rejoin,0.25594118353967166,0.007552083333333237
flocking_robust_active,11017,1.3014131619248013,0.6510141974354631,0.766450892857143,0.7183553418887179,0.6017928418887181,0.85625,0.0,0.14375,0.0875,0.0,0.0,0.6560714285714286,79,0.6830284423649043,1.7284359268514797,4.405676119440292,8.071626146555976,0.97953125,0.0,2.180986136205615,3.6903619480376193,15.62934701904552,3.3836352931816833,6.66875,1.0,0.0,0.0,0.0,1.0,6.66875,1.0,5.85,0.0,0.0,0.0,0,0.0,0,0.0,0.0,0.0,,3116,598272,0.7199999999999999,0.0,0.0,0.0,0.0,0,1.56875,0.46875,4.6,0.7793749999999999,0.2005580357142857,0.55,0.325,0.59375,1.6789801031490583,161.36110386997828,0.6684686248190701,staggered_rejoin,0.27156407314852027,0.02953125000000001
flocking_robust_active,11018,1.240916461951225,0.6511563309359654,0.7414806547619047,0.681737054135823,0.581737054135823,0.875,0.0,0.125,0.0625,0.0,0.0,0.6246428571428572,81,0.671878497672211,1.6429318614431878,4.477726985006983,8.566982896166476,0.9618749999999998,0.0,1.9975467481020743,3.6861151042836697,15.587271108422055,2.8525158647028794,6.66875,1.0,0.0,0.0,0.0,1.0,6.66875,1.0,5.9,0.0,0.0,0.0,0,0.0,0,0.0,0.0,0.0,,3127,600384,0.7199999999999999,0.0,0.0,0.0,0.0,0,1.63125,0.50625,4.53125,0.7589880952380952,0.21648065476190476,0.48125,0.3125,0.55,1.6437114769542496,153.41042246634956,0.6630435001570731,staggered_rejoin,0.3570681385568122,0.011874999999999858
flocking_robust_active,11019,3.920981699499286,0.9136493134146081,0.7264583333333334,2.6621363056935103,2.56151130569351,0.875,0.0,0.125,0.06875,0.8225806451612904,0.31875,0.6187500000000001,80,3.774959785644352,45.100125973191226,147.30063392600096,216.0006336316434,0.6459895833333332,0.0,2.166473816627476,3.645073881672552,20.388146388486028,4.262461796634262,6.66875,1.0,0.0,0.0,0.0,1.0,6.66875,1.0,5.7625,0.0,0.0,0.0,0,0.0,0,0.0,0.0,0.0,,3133,601536,0.7199999999999999,0.0,0.0,0.0,0.0,0,1.50625,0.49375,4.54375,0.7889583333333332,0.20901041666666664,0.68125,0.3125,0.68125,1.6860049571377413,176.71481416084546,0.6901007499545813,staggered_rejoin,43.100125973191226,0.3040104166666667
flocking_robust_active,11020,3.77668590628703,0.5944141811657723,0.7133556547619048,2.541571988060672,2.440321988060672,0.875,0.0,0.125,0.075,0.8461538461538461,0.34375,0.6216220238095238,83,3.635473340248426,39.56581403336147,145.03911991369665,165.16030063915832,0.6419791666666667,0.0,1.9695236120101385,3.680482669584259,16.528307402421934,3.6281539010586514,6.66875,1.0,0.0,0.0,0.0,1.0,6.66875,1.0,5.7625,0.0,0.0,0.0,0,0.0,0,0.0,0.0,0.0,,3123,599616,0.7199999999999999,0.0,0.0,0.0,0.0,0,1.56875,0.50625,4.46875,0.7729985119047619,0.21543898809523804,0.68125,0.30625,0.61875,1.671023709396382,162.25308970532805,0.6616283329203725,staggered_rejoin,37.56581403336147,0.3080208333333333
flocking_robust_active,11021,3.8351494454450594,0.7158935457046286,0.7243750000000001,2.574360445154589,2.4790479451545897,0.88125,0.0,0.11875,0.0625,0.819672131147541,0.3125,0.6103125,78,3.709007210000651,40.407001067061614,147.7208213946035,157.11220500356896,0.6567187499999999,0.0,2.1262091772418064,3.6812370355153616,15.290820514593488,4.815039475813705,6.66875,1.0,0.0,0.0,0.0,1.0,6.66875,1.0,5.775,0.0,0.0,0.0,0,0.0,0,0.0,0.0,0.0,,3140,602880,0.7199999999999999,0.0,0.0,0.0,0.0,0,1.6,0.4875,4.45625,0.766875,0.21031249999999999,0.70625,0.29375,0.55625,1.6696262287817674,160.0016388521493,0.6766259169671685,staggered_rejoin,38.407001067061614,0.29328125000000005
flocking_robust_active,11022,1.4720565747259178,0.6368989556807795,0.7562276785714285,0.7383284702577427,0.6377034702577428,0.875,0.0,0.125,0.06875,0.06557377049180328,0.025,0.6296428571428572,79,0.956797313815286,3.4955970804811423,5.153643476391584,203.36969320992628,0.9678125000000002,0.0,1.996884193288991,3.690260256050048,23.551186460229463,6.029041066462081,6.66875,1.0,0.0,0.0,0.0,1.0,6.66875,1.0,5.625,0.0,0.0,0.0,0,0.0,0,0.0,0.0,0.0,,3148,604416,0.7199999999999999,0.0,0.0,0.0,0.0,0,1.60625,0.4875,4.3125,0.7715401785714284,0.2061160714285714,0.79375,0.3,0.90625,1.6623308370405976,184.78132440262576,0.6374652090016752,staggered_rejoin,1.4955970804811423,0.01781250000000023
flocking_robust_active,11023,1.2616886918892614,0.6161688324860896,0.7620535714285713,0.6729048708113191,0.562279870811319,0.8625,0.0,0.1375,0.075,0.0,0.0,0.6283928571428572,78,0.6634681844708675,1.632698202968006,4.5396479981135345,9.834129012392935,0.9638318452380952,0.0,2.060646990862323,3.654027480904241,14.924762151979616,2.7333435801024764,6.66875,1.0,0.0,0.0,0.0,1.0,6.66875,1.0,6.09375,0.0,0.0,0.0,0,0.0,0,0.0,0.0,0.0,,3115,598080,0.7199999999999999,0.0,0.0,0.0,0.0,0,1.59375,0.475,4.7875,0.7745535714285714,0.2025223214285714,0.3625,0.2875,0.4375,1.5650448226528824,160.9052835089332,0.7092174170538783,staggered_rejoin,0.36730179703199406,0.01383184523809522
flocking_robust_active,11024,3.7690035551584886,3.5166948423608897,0.9135416666666666,2.5251895349296962,2.4298770349296963,0.88125,0.0,0.11875,0.0625,0.3,0.01875,0.88125,19,3.6037017936717426,40.06204773739029,138.06930371799933,165.25197790177765,0.62765625,0.0,2.1299038517694604,3.5746531641693324,17.07455955131415,1.9556873960593364,6.66875,1.0,0.0,0.0,0.0,1.0,6.66875,1.0,5.14375,0.0,0.0,0.0,0,0.0,0,0.0,0.0,0.0,,3164,607488,0.7199999999999999,0.0,0.0,0.0,0.0,0,1.175,0.16875,4.60625,0.9239583333333334,0.07526041666666666,1.15625,0.725,1.01875,1.3734652965207554,157.82089035561015,0.6004908338654786,staggered_rejoin,38.06204773739029,0.32234374999999993
flocking_robust_active,11025,1.435926748867423,0.6103571729912465,0.7545833333333333,0.7367268023102693,0.6307893023102693,0.86875,0.0,0.13125,0.075,0.06451612903225806,0.025,0.6233333333333334,81,0.9539080282174459,3.2806731622430214,4.86360481238851,158.66071748991772,0.9660714285714285,0.0,2.017666255636707,3.6568074550597913,16.00758845220782,3.415192754825347,6.66875,1.0,0.0,0.0,0.0,1.0,6.66875,1.0,5.95625,0.0,0.0,0.0,0,0.0,0,0.0,0.0,0.0,,3106,596352,0.7199999999999999,0.0,0.0,0.0,0.0,0,1.5875,0.49375,4.6375,0.770625,0.21083333333333334,0.46875,0.31875,0.51875,1.6163468540816026,160.8591138706835,0.6771390419453382,staggered_rejoin,1.2806731622430214,0.016071428571428514
flocking_robust_active,11026,3.8876971249436556,0.6687812664629259,0.7175000000000001,2.6304404000700226,2.535127900070022,0.88125,0.0,0.11875,0.0625,0.8870967741935484,0.34375,0.61875,79,3.727867031818859,43.10439087557002,144.3929178948571,179.36116143762945,0.6385416666666666,0.0,1.8810012432386667,3.644312574619087,19.13394241115585,3.804988451938202,6.66875,1.0,0.0,0.0,0.0,1.0,6.66875,1.0,5.8875,0.0,0.0,0.0,0,0.0,0,0.0,0.0,0.0,,3138,602496,0.7199999999999999,0.0,0.0,0.0,0.0,0,1.53125,0.49375,4.625,0.7812499999999999,0.21125,0.5625,0.31875,0.5375,1.666871670572526,160.35596531197797,0.682336833095178,staggered_rejoin,41.10439087557002,0.3114583333333334
flocking_robust_active,11027,1.2730866698771057,0.6073839333817469,0.7655580357142856,0.6719978208722756,0.5507478208722756,0.85,0.0,0.15,0.0875,0.0,0.0,0.6264285714285714,80,0.6322962599473412,1.4658478424002395,4.376122021347948,5.67133143185585,0.9979687500000001,0.0,2.031968554422994,3.7208314107184166,21.16804120118122,4.50466899137419,6.66875,1.0,0.0,0.0,0.0,1.0,6.66875,1.0,5.575,0.0,0.0,0.0,0,0.0,0,0.0,0.0,0.0,,3123,599616,0.7199999999999999,0.0,0.0,0.0,0.0,0,1.5875,0.48125,4.2875,0.7700892857142857,0.2091294642857143,0.83125,0.31875,0.90625,1.6934188634943719,183.52700590515687,0.646994958166033,staggered_rejoin,0.5341521575997605,0.047968750000000115
flocking_robust_active,11028,3.8109466217743866,0.6506147805918779,0.7268750000000002,2.5529668795165867,2.457654379516587,0.88125,0.0,0.11875,0.0625,0.8666666666666667,0.325,0.6270312500000002,77,3.6559647674771605,41.91882035249838,163.93576476389276,185.27402475015262,0.65390625,0.0,1.9061622044319653,3.663255911835789,14.787125449923536,2.928448053228982,6.66875,1.0,0.0,0.0,0.0,1.0,6.66875,1.0,6.01875,0.0,0.0,0.0,0,0.0,0,0.0,0.0,0.0,,3126,600192,0.7199999999999999,0.0,0.0,0.0,0.0,0,1.55625,0.48125,4.75625,0.781875,0.20406249999999998,0.46875,0.24375,0.425,1.5897277475387785,147.87449715547578,0.7079767091199756,staggered_rejoin,39.91882035249838,0.29609374999999993
flocking_robust_active,11029,3.83060801759399,0.8421355929633537,0.724375,2.5380315513278235,2.4327190513278234,0.86875,0.0,0.13125,0.06875,0.8333333333333334,0.3125,0.6212500000000001,77,3.665605869449392,42.86620642927356,157.6002570612535,197.1099607752343,0.653125,0.0,2.0167110563153456,3.6945561741103,15.728696774000861,4.203931075580774,6.66875,1.0,0.0,0.0,0.0,1.0,6.66875,1.0,5.85,0.0,0.0,0.0,0,0.0,0,0.0,0.0,0.0,,3141,603072,0.7199999999999999,0.0,0.0,0.0,0.0,0,1.54375,0.4875,4.56875,0.7803125,0.209375,0.66875,0.30625,0.5375,1.617266734833707,151.17174265408894,0.6851212920155376,staggered_rejoin,40.86620642927356,0.296875
flocking_topology_support,11000,2.4188621431461494,0.6729962728322172,0.5171875,0.9884881679507739,0.6075506679507738,0.50625,0.0,0.49375,0.10625,0.2,0.00625,0.1421875,79,0.7015752298960823,1.916801965441475,5.04391847386887,7.422209455104286,0.9754687499999999,0.0,2.171447490813585,3.7128785796117265,18.179511461443486,5.360273145006614,6.66875,1.0,0.0,0.0,0.0,1.0125,6.66875,0.83359375,5.7,0.0,0.2875,0.0,0,0.0,6,32.23125,0.0,0.0,,3145,603840,0.7199999999999999,0.0,0.0,0.0,0.0,0,1.6375,0.49375,4.34375,0.54296875,0.1515625,0.83125,0.31875,0.6625,1.6661981852583696,161.71562983659697,0.6661733330693096,staggered_rejoin,0.08319803455852504,0.02546874999999993
flocking_topology_support,11001,1.9215989723646105,0.7086361632952689,0.61875,0.9993369360314646,0.6449619360314646,0.5375,0.0,0.4625,0.075,0.0,0.0,0.2953125,78,0.7259140610539713,2.008455167010439,5.360073033118272,7.852132145072896,0.9694791666666667,0.0,2.0055510237804257,3.7029509174433954,10.577233608699952,6.033776386430377,6.66875,1.0,0.0,0.0,0.0,1.04375,6.66875,0.83359375,6.29375,0.0,0.21328125,0.0,0,0.0,8,37.4375,0.0,0.0,,3098,594816,0.7199999999999999,0.0,0.0,0.0,0.0,0,1.58125,0.48125,4.99375,0.62421875,0.15,0.175,0.1375,0.3,1.618145125666948,119.1584994239119,0.7633708328939974,staggered_rejoin,0.008455167010438913,0.019479166666666714
flocking_topology_support,11002,1.9260486974054276,0.6172309550724372,0.5828125,0.9213943498420267,0.5517068498420268,0.51875,0.0,0.48125,0.0875,0.0,0.0,0.2046875,78,0.616007601607811,1.4408423311012686,3.872892618032784,6.971399601381276,0.9831324404761904,0.0,1.9822201982314354,3.6568865493401885,18.959016047588108,3.7369681219176245,6.66875,1.0,0.0,0.0,0.0,1.0,6.66875,0.83359375,5.95,0.0,0.25625,0.0,0,0.0,4,34.98125,0.0,0.0,,3127,600384,0.7199999999999999,0.0,0.0,0.0,0.0,0,1.54375,0.48125,4.69375,0.58671875,0.14921875,0.5,0.275,0.55625,1.6602974747931847,164.41084795382224,0.7028050001244992,staggered_rejoin,0.5591576688987314,0.03313244047619046
flocking_topology_support,11003,1.714333248677066,0.615946168412031,0.5984375,0.8910418692723592,0.5354168692723592,0.5375,0.0,0.4625,0.0875,0.0,0.0,0.2578125,25,0.6336567609930788,1.55896429032907,4.875662516942185,7.753276392998885,0.9800000000000001,0.0,2.691432840782796,3.737113483686918,11.53621912317279,5.1423415186677905,6.66875,1.0,0.0,0.0,0.0,1.05625,6.66875,0.83359375,6.03125,0.0,0.24609375,0.0,0,0.0,8,35.68125,0.0,0.0,,3104,595968,0.7199999999999999,0.0,0.0,0.0,0.0,0,1.5375,0.44375,4.83125,0.60390625,0.13828125,0.36875,0.2875,0.48125,1.635501349075652,119.34374540503552,0.7049809170421213,staggered_rejoin,0.4410357096709301,0.030000000000000138
flocking_topology_support,11004,1.9403321554172923,0.6904669378930766,0.57265625,0.9923466805646963,0.6167216805646965,0.5125,0.0,0.4875,0.1,0.0,0.0,0.2078125,79,0.6996357612765326,1.854280934715693,5.461281459653095,10.610867851938496,0.9425520833333334,0.0,2.0997077924632714,3.6760069895079552,15.258535030959228,2.98595509237662,6.66875,1.0,0.0,0.0,0.0,1.025,6.66875,0.83359375,5.95,0.0,0.25625,0.0,0,0.0,6,34.5875,0.0,0.0,,3112,597504,0.7199999999999999,0.0,0.0,0.0,0.0,0,1.59375,0.49375,4.6125,0.5765625,0.1546875,0.475,0.28125,0.5125,1.6366174782437106,151.89414682218657,0.7209485832136124,staggered_rejoin,0.145719065284307,0.007447916666666554
flocking_topology_support,11005,1.8236538625379064,0.6107191004719685,0.60078125,0.9272790868183961,0.540404086818396,0.5,0.0,0.5,0.11875,0.0,0.0,0.2625,80,0.6369475498252716,1.5461941876284553,4.280308987426772,8.360452646974581,0.97734375,0.0,2.0691773921702876,3.6963236522208547,11.528131220977013,3.2626745199514198,6.66875,1.0,0.0,0.0,0.0,1.0125,6.66875,0.83359375,6.1625,0.0,0.2296875,0.0,0,0.0,6,36.23125,0.0,0.0,,3101,595392,0.7199999999999999,0.0,0.0,0.0,0.0,0,1.6,0.49375,4.8375,0.6046875,0.15234375,0.2875,0.15,0.375,1.625650389172177,122.11264186454392,0.7446669999044389,staggered_rejoin,0.4538058123715447,0.02734375
flocking_topology_support,11006,3.8280733453102145,3.6458391945633006,0.58359375,2.975862267160854,2.427737267160855,0.2875,0.0,0.7125,0.1375,0.0,0.0,0.184375,20,3.6171738258334942,40.61980732171578,143.6356736829322,178.2853310691669,0.6639583333333332,0.0,1.8882338365260058,3.5769047258421636,17.394833115065236,4.256998654007067,6.66875,1.0,0.0,0.0,0.0,1.0,6.66875,0.83359375,5.23125,0.0,0.34609375,0.0,0,0.0,4,32.3375,0.0,0.0,,3167,608064,0.7199999999999999,0.0,0.0,0.0,0.0,0,1.15625,0.15625,4.68125,0.58515625,0.06875,1.13125,0.725,0.90625,1.3633889367364014,161.03519827455662,0.6310751249548048,staggered_rejoin,38.61980732171578,0.28604166666666675
flocking_topology_support,11007,2.4473337701895677,0.6240096172980426,0.55859375,0.9432248454087532,0.5516623454087531,0.49375,0.0,0.50625,0.11875,0.0,0.0,0.221875,78,0.6302175902252387,1.5276125215998972,3.9489178392853765,10.770560422713316,0.9756696428571429,0.0,1.9233019786180612,3.6597149954115564,15.505192352271342,4.325625123084643,6.66875,1.0,0.0,0.0,0.0,1.0,6.66875,0.83359375,6.0125,0.0,0.2484375,0.0,0,0.0,4,35.7375,0.0,0.0,,3111,597312,0.7199999999999999,0.0,0.0,0.0,0.0,0,1.5125,0.4875,4.775,0.596875,0.1515625,0.40625,0.325,0.55,1.6252661115935372,151.19085897982072,0.7236587079241872,staggered_rejoin,0.47238747840010276,0.025669642857142905
flocking_topology_support,11008,3.8101098750651237,3.628039810938374,0.61953125,2.886548340671073,2.410923340671073,0.375,0.0,0.625,0.06875,0.0,0.0,0.2546875,20,3.6329911374528274,40.57839243846424,145.10792723416716,168.53052668472745,0.6609375,0.0,2.074857169981313,3.6327358450174048,12.08591632598149,4.546088976096642,6.66875,1.0,0.0,0.0,0.0,1.0,6.66875,0.83359375,5.50625,0.0,0.31171875,0.0,0,0.0,4,34.53125,0.0,0.0,,3167,608064,0.7199999999999999,0.0,0.0,0.0,0.0,0,1.15625,0.14375,4.98125,0.62265625,0.0640625,0.9125,0.70625,0.73125,1.341850110124513,128.40757997199182,0.6658406248316169,staggered_rejoin,38.57839243846424,0.2890625
flocking_topology_support,11009,2.4841532403192814,0.8471469283141619,0.5296875,1.0530460702080493,0.6024210702080492,0.4125,0.0,0.5875,0.1,0.0,0.0,0.15078125,80,0.8549680341522176,2.4955178238089877,3.9006549837059312,121.84280881739465,0.9697916666666668,0.0,1.9205017120759689,3.6261125917610273,18.487662763381557,6.338936277574513,6.66875,1.0,0.0,0.0,0.0,1.0,6.66875,0.83359375,5.68125,0.0,0.28984375,0.0,0,0.0,4,32.86875,0.0,0.0,,3129,600768,0.7199999999999999,0.0,0.0,0.0,0.0,0,1.5375,0.49375,4.49375,0.56171875,0.14296875,0.6375,0.36875,0.7625,1.6630294982405438,166.41278890962312,0.6847669160924852,staggered_rejoin,0.4955178238089877,0.019791666666666874
flocking_topology_support,11010,1.9718205980696515,0.6679614832790779,0.596875,1.0048863131069925,0.5814488131069926,0.44375,0.0,0.55625,0.0625,0.0,0.0,0.2640625,71,0.6586877318922424,1.627903360489207,4.8524551636139455,5.947260915060891,0.9809151785714285,0.0,2.09327708018309,3.713755217506372,10.691554591803744,5.712816214102238,6.66875,1.0,0.0,0.0,0.0,1.03125,6.66875,0.83359375,6.175,0.0,0.228125,0.0,0,0.0,8,36.1375,0.0,0.0,,3099,595008,0.7199999999999999,0.0,0.0,0.0,0.0,0,1.625,0.44375,4.86875,0.60859375,0.140625,0.2875,0.2375,0.3625,1.6559243856541932,119.84371221058234,0.7295014171395451,staggered_rejoin,0.37209663951079297,0.03091517857142856
flocking_topology_support,11011,1.97865199922829,0.6094603955876364,0.59765625,0.9323595997210102,0.5467345997210101,0.5,0.0,0.5,0.10625,0.3333333333333333,0.00625,0.25,74,0.6043132363999967,1.364427720480092,3.7591762627892518,6.907619661057489,0.9823660714285716,0.0,2.0111918817676466,3.716911846195714,10.380958611272558,4.530991828292897,6.66875,1.0,0.0,0.0,0.0,1.05625,6.66875,0.83359375,6.0875,0.0,0.2390625,0.0,0,0.0,8,35.7875,0.0,0.0,,3098,594816,0.7199999999999999,0.0,0.0,0.0,0.0,0,1.58125,0.46875,4.825,0.603125,0.14375,0.31875,0.26875,0.4375,1.619844747147074,121.19012606462559,0.7171319578774273,staggered_rejoin,0.6355722795199079,0.03236607142857162
flocking_topology_support,11012,2.6582639050365784,1.1720646685568366,0.5421875,1.1036070094952741,0.739232009495274,0.525,0.0,0.475,0.08125,0.0,0.0,0.19765625,79,1.192884238227248,4.5485623826649135,5.55881322038321,143.33169317929963,0.9571875000000001,0.0,2.262462809803379,3.654176628274451,16.204684046843866,3.109098590350036,6.66875,1.0,0.0,0.0,0.0,1.04375,6.66875,0.83359375,5.875,0.0,0.265625,0.0,0,0.0,7,34.05,0.0,0.0,,3123,599616,0.7199999999999999,0.0,0.0,0.0,0.0,0,1.58125,0.48125,4.5875,0.5734375,0.1484375,0.58125,0.28125,0.5875,1.6642126900241603,166.39383810587034,0.6952317499089986,staggered_rejoin,2.5485623826649135,0.007187500000000124
flocking_topology_support,11013,1.222841128785739,0.6049551975725882,0.62265625,1.0391966567288562,0.545134156728856,0.35625,0.0,0.64375,0.1125,0.0,0.0,0.2484375,20,0.6199537590078887,1.4730083007177543,3.6076618621115366,5.4434002595204545,0.9873065476190476,0.0,1.7723008785827385,3.6939972258264886,12.677054236179604,3.447468087549075,6.66875,1.0,0.0,0.0,0.0,1.0,6.66875,0.83359375,5.4875,0.0,0.3140625,0.0,0,0.0,4,34.54375,0.0,0.0,,3141,603072,0.7199999999999999,0.0,0.0,0.0,0.0,0,1.1375,0.1375,4.98125,0.62265625,0.06328125,0.925,0.70625,0.7375,1.4049479624405719,147.91330006015528,0.6725216251797974,staggered_rejoin,0.5269916992822457,0.037306547619047614
flocking_topology_support,11014,1.8758534240792968,0.7880197384331281,0.603125,1.014158922379557,0.6491589223795569,0.525,0.0,0.475,0.0875,0.16666666666666666,0.00625,0.259375,77,0.796065208472817,2.3233216437468416,4.8237333431522895,94.01397499309695,0.9676562499999999,0.0,2.4655241056869794,3.683704475712743,13.528958375404311,2.635962077037486,6.66875,1.0,0.0,0.0,0.0,1.01875,6.66875,0.83359375,6.06875,0.0,0.24140625,0.0,0,0.0,8,35.9375,0.0,0.0,,3095,594240,0.7199999999999999,0.0,0.0,0.0,0.0,0,1.54375,0.46875,4.8625,0.6078125,0.14140625,0.2875,0.1875,0.475,1.6493668063794948,147.00973566567572,0.7181995001155883,staggered_rejoin,0.3233216437468416,0.01765624999999993
flocking_topology_support,11015,2.527036904732466,1.014978267225565,0.55390625,1.0863081389791984,0.7053706389791984,0.50625,0.0,0.49375,0.10625,0.0,0.0,0.203125,78,1.0281447298420952,3.675852971574738,7.707589127931959,125.2155602226163,0.9311383928571428,0.0,2.261371798693626,3.6869600682934163,15.16765337951513,3.0913707744161796,6.66875,1.0,0.0,0.0,0.0,1.04375,6.66875,0.83359375,5.9125,0.0,0.2609375,0.0,0,0.0,6,34.83125,0.0,0.0,,3115,598080,0.7199999999999999,0.0,0.0,0.0,0.0,0,1.525,0.475,4.69375,0.58671875,0.14609375,0.5125,0.275,0.5125,1.6522693873672742,144.83266730096935,0.7002470830921084,staggered_rejoin,1.675852971574738,0.018861607142857117
flocking_topology_support,11016,1.8154014026634504,0.6349195674516082,0.61171875,0.9451079295846416,0.5701079295846415,0.5125,0.0,0.4875,0.09375,0.0,0.0,0.28671875,21,0.6504754916814112,1.5944509340814417,4.611282764510976,7.5579264983236305,0.9702008928571428,0.0,2.467214140168493,3.74105166639889,8.516509848194039,4.3230126869922305,6.66875,1.0,0.0,0.0,0.0,1.0375,6.66875,0.83359375,6.1,0.0,0.2375,0.0,0,0.0,8,36.3375,0.0,0.0,,3100,595200,0.7199999999999999,0.0,0.0,0.0,0.0,0,1.525,0.43125,4.9375,0.6171875,0.13359375,0.25625,0.2125,0.45625,1.640584323192563,107.18024043489497,0.7325350418686867,staggered_rejoin,0.4055490659185583,0.020200892857142883
flocking_topology_support,11017,1.8948608494351091,0.5895049513201961,0.56171875,0.8939708384238998,0.5336583384238998,0.53125,0.0,0.46875,0.0875,0.0,0.0,0.2015625,79,0.6197619003477042,1.4165445900798304,3.718521524838158,5.749919624774248,0.99453125,0.0,1.9370274542952608,3.677324049636751,16.375001575444553,5.677431220601254,6.66875,1.0,0.0,0.0,0.0,1.0,6.66875,0.83359375,5.875,0.0,0.265625,0.0,0,0.0,4,33.9375,0.0,0.0,,3131,601152,0.7199999999999999,0.0,0.0,0.0,0.0,0,1.6,0.4875,4.575,0.571875,0.14765625,0.5625,0.325,0.575,1.6827014434465766,157.68126406269027,0.7004576670005918,staggered_rejoin,0.5834554099201696,0.04453125000000002
flocking_topology_support,11018,1.8772662953182642,0.6662500879450132,0.5640625,1.006673324751845,0.5863608247518449,0.45625,0.0,0.54375,0.125,0.0,0.0,0.19375,81,0.657606016345652,1.612960890132452,4.477726985006983,6.900881231531054,0.969717261904762,0.0,2.022603228683426,3.6819350655896286,16.066163921858827,2.9195431502493707,6.66875,1.0,0.0,0.0,0.0,1.01875,6.66875,0.83359375,5.90625,0.0,0.26171875,0.0,0,0.0,5,34.13125,0.0,0.0,,3137,602304,0.7199999999999999,0.0,0.0,0.0,0.0,0,1.60625,0.50625,4.5625,0.5703125,0.15546875,0.48125,0.3125,0.54375,1.6480167125849696,151.16663302638756,0.6777107920497656,staggered_rejoin,0.3870391098675481,0.019717261904762085
flocking_topology_support,11019,2.6676009511665684,0.8706555568810576,0.5265625,1.1058521478544903,0.7183521478544902,0.5,0.0,0.5,0.125,0.36363636363636365,0.025,0.1734375,80,1.1412619205175853,4.746474092649583,6.004118604154649,216.0006336316434,0.94453125,0.0,2.0669889531170837,3.6490128504024923,20.325013103313815,4.686951090229245,6.66875,1.0,0.0,0.0,0.0,1.0375,6.66875,0.83359375,5.78125,0.0,0.27734375,0.0,0,0.0,8,33.93125,0.0,0.0,,3129,600768,0.7199999999999999,0.0,0.0,0.0,0.0,0,1.50625,0.49375,4.55625,0.56953125,0.1515625,0.68125,0.3125,0.6625,1.6841275142457206,174.60030979716376,0.6930205840617418,staggered_rejoin,2.746474092649583,0.005468749999999911
flocking_topology_support,11020,2.6266073439997877,0.5623349407828678,0.5203125,1.035061953158472,0.6044369531584721,0.45,0.0,0.55,0.18125,0.36363636363636365,0.025,0.1640625,83,0.9358645841159068,3.256575726838433,5.051103199484552,165.16030063915832,0.9654166666666667,0.0,2.053451683819813,3.675320967573563,15.853315998629885,3.9008463937440583,6.66875,1.0,0.0,0.0,0.0,1.04375,6.66875,0.83359375,5.7625,0.0,0.2796875,0.0,0,0.0,5,33.33125,0.0,0.0,,3104,595968,0.7199999999999999,0.0,0.0,0.0,0.0,0,1.5625,0.50625,4.475,0.559375,0.15390625,0.69375,0.30625,0.6,1.662811425046528,160.05545733680168,0.6816312919836491,staggered_rejoin,1.2565757268384332,0.015416666666666745
flocking_topology_support,11021,2.4693943148337514,0.7077975330709179,0.5328125,1.0352615927056152,0.6430740927056153,0.49375,0.0,0.50625,0.125,0.0,0.0,0.15625,78,0.7127151493744973,1.9639603265213197,5.286316908976023,10.666435555440831,0.94796875,0.0,2.0839039391896477,3.6873654462210936,15.124080636520745,4.166813339697556,6.66875,1.0,0.0,0.0,0.0,1.0375,6.66875,0.83359375,5.7625,0.0,0.2796875,0.0,0,0.0,8,33.0875,0.0,0.0,,3127,600384,0.7199999999999999,0.0,0.0,0.0,0.0,0,1.59375,0.4875,4.45625,0.55703125,0.14921875,0.69375,0.29375,0.575,1.6688567622484576,156.39048123330505,0.6867230001371354,staggered_rejoin,0.03603967347868031,0.002031249999999929
flocking_topology_support,11022,1.9307854289696074,0.6561746204196216,0.53125,1.0088608421613052,0.5901108421613055,0.4625,0.0,0.5375,0.15625,0.1,0.00625,0.1328125,79,0.7619240852007751,2.1820662488127818,5.061183269468966,86.96191505367122,0.9787500000000001,0.0,1.9994199821157004,3.6799120884509917,23.64260741183446,6.179961566544554,6.66875,1.0,0.0,0.0,0.0,1.0,6.66875,0.83359375,5.625,0.0,0.296875,0.0,0,0.0,4,31.8875,0.0,0.0,,3133,601536,0.7199999999999999,0.0,0.0,0.0,0.0,0,1.60625,0.4875,4.3125,0.5390625,0.14921875,0.79375,0.3,0.90625,1.6616819424169216,182.99310153808162,0.6680313749238849,staggered_rejoin,0.18206624881278177,0.028750000000000164
flocking_topology_support,11023,1.8622994952228913,0.6155227046497435,0.58828125,0.9166284237739208,0.5569409237739209,0.53125,0.0,0.46875,0.08125,0.125,0.00625,0.24375,78,0.6603617140343306,1.6760906428906452,5.030531155747698,11.459848362947866,0.9638020833333332,0.0,2.0539022040402166,3.6555661015767753,15.41210888144129,5.414253925599072,6.66875,1.0,0.0,0.0,0.0,1.0,6.66875,0.83359375,6.06875,0.0,0.24140625,0.0,0,0.0,4,35.53125,0.0,0.0,,3126,600192,0.7199999999999999,0.0,0.0,0.0,0.0,0,1.59375,0.46875,4.76875,0.59609375,0.146875,0.3625,0.2875,0.4625,1.573204403983188,156.04376991023244,0.713641291949898,staggered_rejoin,0.32390935710935476,0.013802083333333215
flocking_topology_support,11024,3.791651902968225,3.5425169826563967,0.571875,2.9187435965807045,2.4234310965807047,0.35625,0.0,0.64375,0.125,1.0,0.0125,0.16875,19,3.609250612365222,39.67601763066949,135.51884273376442,167.37335425799236,0.63359375,0.0,2.1248900001687323,3.5691451074702307,17.216037795595604,3.7741445421786466,6.66875,1.0,0.0,0.0,0.0,1.01875,6.66875,0.83359375,5.14375,0.0,0.35703125,0.0,0,0.0,5,31.49375,0.0,0.0,,3162,607104,0.7199999999999999,0.0,0.0,0.0,0.0,0,1.175,0.16875,4.6125,0.5765625,0.065625,1.1375,0.725,1.01875,1.3704783371382527,156.44542441216504,0.6076053329743445,staggered_rejoin,37.67601763066949,0.31640625
flocking_topology_support,11025,1.9411398300651224,0.651229919482804,0.5734375,0.951146988534795,0.5655219885347951,0.5,0.0,0.5,0.10625,0.0,0.0,0.2171875,81,0.6651040383672202,1.684388602556853,4.848019771202538,10.228752608826245,0.9639285714285715,0.0,2.1070051184967737,3.656018803431235,16.035872416195453,3.1321300682782356,6.66875,1.0,0.0,0.0,0.0,1.01875,6.66875,0.83359375,5.98125,0.0,0.25234375,0.0,0,0.0,6,34.8875,0.0,0.0,,3110,597120,0.7199999999999999,0.0,0.0,0.0,0.0,0,1.5875,0.49375,4.6625,0.5828125,0.153125,0.4375,0.31875,0.50625,1.6159496570673055,160.23250571219086,0.6917507499456406,staggered_rejoin,0.3156113974431469,0.013928571428571512
flocking_topology_support,11026,2.4244968329939303,0.6579417707408194,0.53828125,0.9834528926262436,0.5865778926262435,0.4875,0.0,0.5125,0.125,0.0,0.0,0.190625,79,0.6600261654007511,1.5896554577758844,4.1176174481881125,7.644899838450599,0.9833333333333332,0.0,1.927699889896663,3.6365948299787902,19.179251817207614,3.7081331541305405,6.66875,1.0,0.0,0.0,0.0,1.025,6.66875,0.83359375,5.8875,0.0,0.2640625,0.0,0,0.0,6,34.5375,0.0,0.0,,3138,602496,0.7199999999999999,0.0,0.0,0.0,0.0,0,1.5375,0.49375,4.61875,0.57734375,0.153125,0.5625,0.31875,0.54375,1.6621096842297818,157.412826384499,0.6839016671292484,staggered_rejoin,0.41034454222411565,0.033333333333333215
flocking_topology_support,11027,1.8790871192527314,0.6263424258392756,0.52890625,0.9530996471518609,0.5634121471518612,0.49375,0.0,0.50625,0.1,0.0,0.0,0.1203125,80,0.6456258670897648,1.5397913741846143,4.057515246595329,6.097868377621224,0.99296875,0.0,2.048414443627064,3.710088335259262,21.229714896532357,4.191595694883387,6.66875,1.0,0.0,0.0,0.0,1.0,6.66875,0.83359375,5.56875,0.0,0.30390625,0.0,0,0.0,4,31.5875,0.0,0.0,,3121,599232,0.7199999999999999,0.0,0.0,0.0,0.0,0,1.5875,0.48125,4.28125,0.53515625,0.14765625,0.83125,0.31875,0.9125,1.6937099367628015,179.77503844529846,0.6527480410877615,staggered_rejoin,0.4602086258153857,0.04296875
flocking_topology_support,11028,2.4879668463798756,0.6225890019957621,0.559375,0.9258872834442584,0.5596372834442582,0.525,0.0,0.475,0.1,0.0,0.0,0.22890625,79,0.6180272934193914,1.4133968990408117,4.760501306189239,7.030836843528126,0.9703943452380951,0.0,1.921216483848815,3.654398833370368,14.611073609645853,3.943404340273721,6.66875,1.0,0.0,0.0,0.0,1.05,6.66875,0.83359375,6.025,0.0,0.246875,0.0,0,0.0,7,35.38125,0.0,0.0,,3112,597504,0.7199999999999999,0.0,0.0,0.0,0.0,0,1.56875,0.4875,4.74375,0.59296875,0.15,0.45625,0.24375,0.425,1.5867496269073538,145.9558309965815,0.7074919589795172,staggered_rejoin,0.5866031009591883,0.020394345238095135
flocking_topology_support,11029,2.540133147456917,0.8129438088484902,0.534375,0.9754372178493899,0.6176247178493899,0.53125,0.0,0.46875,0.0625,0.0,0.0,0.175,77,0.8200737324844755,2.3529018050227393,4.783395999912907,114.86005691204552,0.98125,0.0,1.9717438543384689,3.68802765313133,15.484385619505485,4.140943861651864,6.66875,1.0,0.0,0.0,0.0,1.0,6.66875,0.83359375,5.84375,0.0,0.26953125,0.0,0,0.0,4,34.1375,0.0,0.0,,3129,600768,0.7199999999999999,0.0,0.0,0.0,0.0,0,1.54375,0.4875,4.5625,0.5703125,0.153125,0.66875,0.30625,0.54375,1.6177083081190422,150.77219645031602,0.6956640840508044,staggered_rejoin,0.35290180502273927,0.03125
flocking_topology_rejoin,11000,2.420774138564474,0.6798362638481743,0.51875,0.9944790114772954,0.6135415114772955,0.50625,0.0,0.49375,0.10625,0.2,0.00625,0.1453125,79,0.7050726208357976,1.936479817008577,5.04391847386887,7.422209455104286,0.97234375,1.9137460571328846,2.1675876555789473,3.710047495610513,18.183991271537067,5.349864603006161,6.66875,1.0,0.0,0.0,0.0,1.0125,6.66875,0.83359375,5.7125,0.0,0.2859375,0.075,3,0.0,6,32.33125,0.0,0.0,,3145,603840,0.7199999999999999,0.0,0.0,0.0,0.0,0,1.6375,0.49375,4.35625,0.54453125,0.1515625,0.80625,0.31875,0.64375,1.6522485477333224,161.60765328809825,0.6685059580486268,staggered_rejoin,0.06352018299142292,0.022343749999999996
flocking_topology_rejoin,11001,1.923178181988647,0.7129073719735751,0.63125,1.0059571663446085,0.6515821663446084,0.5375,0.0,0.4625,0.075,0.0,0.0,0.3203125,78,0.7273751301013595,2.015151314223657,5.346432515307562,7.852132145072896,0.9710044642857143,2.1872431280664038,2.024399760304032,3.660311454135834,10.568944514635913,6.006083271169961,6.66875,1.0,0.0,0.0,0.0,1.04375,6.66875,0.83359375,6.39375,0.0,0.20078125,0.075,3,0.0,8,38.5375,0.0,0.10416666666666674,,3098,594816,0.7199999999999999,0.0,0.0,0.0,0.0,0,1.58125,0.48125,5.13125,0.63671875,0.15,0.01875,0.01875,0.18125,1.5954819862060734,119.28894234242507,0.7734834579750896,staggered_rejoin,0.015151314223656787,0.02100446428571434
flocking_topology_rejoin,11002,1.927104813010005,0.6205186761482808,0.5625,0.9238034030178494,0.5541159030178494,0.51875,0.0,0.48125,0.0875,0.0,0.0,0.1640625,78,0.6167630554418442,1.4482774327827312,3.9162009002986413,6.971399601381276,0.9822991071428572,1.4405988200911748,1.9829471743779805,3.690618877469599,18.957326816692124,3.768136235292759,6.66875,1.0,0.0,0.0,0.0,1.0,6.66875,0.83359375,5.7875,0.0,0.2765625,0.075,3,0.0,4,33.78125,0.0,0.0625,,3127,600384,0.7199999999999999,0.0,0.0,0.0,0.0,0,1.54375,0.48125,4.54375,0.56640625,0.14921875,0.7,0.275,0.575,1.6518653235054017,164.19414661260433,0.6860952500719577,staggered_rejoin,0.5517225672172688,0.03229910714285722
flocking_topology_rejoin,11003,1.7152672868067946,0.6185410738595634,0.6108072916666667,0.8911520892074296,0.5355270892074296,0.5375,0.0,0.4625,0.0875,0.0,0.0,0.28255208333333337,25,0.6405320208511811,1.594159962641036,4.875662516942185,7.753276392998885,0.9800000000000001,0.997714423263324,2.704112768480406,3.7096998229285334,11.566296489470787,5.1250166817511555,6.66875,1.0,0.0,0.0,0.0,1.05625,6.66875,0.83359375,6.130208333333334,0.0,0.23372395833333331,0.075,3,0.0,8,36.58125,0.0,0.20833333333333326,,3104,595968,0.7199999999999999,0.0,0.0,0.0,0.0,0,1.5375,0.44375,4.94375,0.6162760416666667,0.13828125,0.18125,0.175,0.40625,1.6145134541714703,118.86836994599108,0.7282350829336792,staggered_rejoin,0.4058400373589639,0.030000000000000138
flocking_topology_rejoin,11004,1.9395843061407896,0.6924412300593915,0.5649739583333334,0.9895181717485977,0.6138931717485977,0.5125,0.0,0.4875,0.1,0.0,0.0,0.18776041666666668,79,0.6971984580826964,1.8619531046245144,5.190422401085318,10.610867851938496,0.9422544642857144,2.724463923382037,2.1074351532127085,3.6835875245986025,15.255615879892938,3.017723319701335,6.66875,1.0,0.0,0.0,0.0,1.025,6.66875,0.83359375,5.869791666666667,0.0,0.26627604166666663,0.075,3,0.0,6,34.0375,0.0,0.0,,3112,597504,0.7199999999999999,0.0,0.0,0.0,0.0,0,1.5875,0.4875,4.55625,0.5688802083333334,0.15234375,0.55,0.3125,0.5125,1.630535044265312,151.753500876255,0.6813103340100497,staggered_rejoin,0.13804689537548565,0.007745535714285601
flocking_topology_rejoin,11005,1.825251812770473,0.6154742800099473,0.5998697916666667,0.9329052948121912,0.546030294812191,0.5,0.0,0.5,0.11875,0.0,0.0,0.26067708333333334,80,0.6333004990805923,1.5305487530353965,4.2828056459524495,8.360452646974581,0.9765625,1.3784179493895785,2.080192666080216,3.6844072510285697,11.545539730881627,3.2533567661480047,6.66875,1.0,0.0,0.0,0.0,1.0125,6.66875,0.83359375,6.155208333333333,0.0,0.2305989583333333,0.075,3,0.0,6,36.33125,0.0,0.125,,3101,595392,0.7199999999999999,0.0,0.0,0.0,0.0,0,1.6,0.49375,4.85,0.6037760416666667,0.15234375,0.26875,0.1625,0.325,1.6094664600809963,122.10841216834612,0.7185731250792742,staggered_rejoin,0.4694512469646035,0.026562500000000044
flocking_topology_rejoin,11006,3.828072628308057,3.645838441722397,0.5755208333333333,3.013359072353366,2.427734072353366,0.2375,0.0,0.7625,0.1375,0.0,0.0,0.16822916666666665,20,3.617702347805471,40.633339214811485,143.6356736829322,178.2853310691669,0.6627529761904761,2.0521866653005385,1.8909116712964824,3.5809700521464607,17.396788764522803,4.285322846755254,6.66875,1.0,0.0,0.0,0.0,1.0,6.66875,0.83359375,5.166666666666666,0.0,0.3541666666666667,0.075,3,0.0,4,31.9375,0.0,0.08333333333333326,,3167,608064,0.7199999999999999,0.0,0.0,0.0,0.0,0,1.15625,0.15625,4.63125,0.5770833333333333,0.06875,1.2,0.725,0.90625,1.35621686409527,161.02534705418293,0.6233507089782506,staggered_rejoin,38.633339214811485,0.2872470238095238
flocking_topology_rejoin,11007,2.4473351299145625,0.6240149500485512,0.5638020833333334,0.943232795704159,0.551670295704159,0.49375,0.0,0.50625,0.11875,0.0,0.0,0.2322916666666667,78,0.6288141426629315,1.5201781943115587,3.9447151760421306,10.770560422713316,0.9761160714285715,1.6447001282052154,1.9205900289637323,3.6366150584429784,15.50572819948701,4.322226817290012,6.66875,1.0,0.0,0.0,0.0,1.0,6.66875,0.83359375,6.054166666666667,0.0,0.24322916666666666,0.075,3,0.0,4,36.0875,0.0,0.125,,3111,597312,0.7199999999999999,0.0,0.0,0.0,0.0,0,1.5125,0.4875,4.81875,0.6020833333333334,0.1515625,0.3,0.28125,0.53125,1.611695880109334,151.17844648968952,0.7235294170677662,staggered_rejoin,0.47982180568844135,0.02611607142857153
flocking_topology_rejoin,11008,3.808942874229594,3.6268142258502,0.630078125,2.8466794978467953,2.404491997846795,0.41875,0.0,0.58125,0.0625,0.0,0.0,0.27578125,20,3.6323190034163892,40.55706834397908,145.10792723416716,168.53052668472745,0.6627232142857142,1.0044464113891423,2.076316040477007,3.5917008839058298,12.093294316949084,4.524973032994055,6.66875,1.0,0.0,0.0,0.0,1.0,6.66875,0.83359375,5.590625,0.0,0.301171875,0.075,3,0.0,4,35.43125,0.0,0.10416666666666674,,3167,608064,0.7199999999999999,0.0,0.0,0.0,0.0,0,1.15625,0.14375,5.09375,0.633203125,0.0640625,0.74375,0.70625,0.6625,1.3195878762251114,128.35203976795228,0.6798444578889757,staggered_rejoin,38.55706834397908,0.2872767857142857
flocking_topology_rejoin,11009,2.4841532353652367,0.8471469137870399,0.5272135416666666,1.0530460622708855,0.6024210622708857,0.4125,0.0,0.5875,0.1,0.0,0.0,0.14583333333333331,80,0.8540220714908112,2.490513723797995,3.9006549837059312,121.84280881739465,0.9697916666666668,1.706920638147061,1.917234281873054,3.6240286894042497,18.488146926103322,6.330032362869334,6.66875,1.0,0.0,0.0,0.0,1.0,6.66875,0.83359375,5.661458333333333,0.0,0.29231770833333337,0.075,3,0.0,4,32.76875,0.0,0.125,,3129,600768,0.7199999999999999,0.0,0.0,0.0,0.0,0,1.5375,0.49375,4.48125,0.5592447916666666,0.14296875,0.65,0.36875,0.7625,1.657253329665317,166.41264178472838,0.665977916913107,staggered_rejoin,0.49051372379799485,0.019791666666666874
flocking_topology_rejoin,11010,1.9713260028632529,0.6665000238090295,0.6044270833333334,1.0057979942619268,0.5823604942619267,0.44375,0.0,0.55625,0.0625,0.0,0.0,0.2791666666666667,71,0.6528502893982961,1.5888065970550158,4.561255033042747,6.01417715305888,0.9830357142857142,1.6752300813643497,2.0706371991737043,3.6950724291420487,10.682680746464566,5.695220125678915,6.66875,1.0,0.0,0.0,0.0,1.03125,6.66875,0.83359375,6.2354166666666675,0.0,0.22057291666666665,0.075,3,0.0,8,36.6875,0.0,0.125,,3099,595008,0.7199999999999999,0.0,0.0,0.0,0.0,0,1.625,0.44375,4.9375,0.6161458333333334,0.140625,0.18125,0.1625,0.31875,1.635802328907341,119.55518137832762,0.7408646249677986,staggered_rejoin,0.4111934029449842,0.03303571428571428
flocking_topology_rejoin,11011,1.9857120951357763,0.6320053516452565,0.6131510416666667,0.9529798855994226,0.5673548855994224,0.5,0.0,0.5,0.10625,0.3333333333333333,0.00625,0.2809895833333333,74,0.6227900860567425,1.4584534634263266,3.7591762627892518,6.9084766103048665,0.9815848214285715,0.7156577078316628,2.0181322369679093,3.6780911271791843,10.40724381645184,4.486116074304733,6.66875,1.0,0.0,0.0,0.0,1.05625,6.66875,0.83359375,6.211458333333334,0.0,0.22356770833333334,0.075,3,0.0,8,36.9875,0.0,0.08333333333333326,,3098,594816,0.7199999999999999,0.0,0.0,0.0,0.0,0,1.58125,0.46875,4.975,0.6186197916666667,0.14375,0.13125,0.13125,0.33125,1.5963482114407246,121.23803080240413,0.7399867079220712,staggered_rejoin,0.5415465365736734,0.03158482142857155
flocking_topology_rejoin,11012,2.6582622471047364,1.1720609083325186,0.541015625,1.1036019176664484,0.7392269176664487,0.525,0.0,0.475,0.08125,0.0,0.0,0.1953125,79,1.1910121030138439,4.5342688225802625,5.55881322038321,143.33169317929963,0.9582291666666667,2.2249153118715363,2.257308365795134,3.6472092485253613,16.199369757686974,3.103154104727238,6.66875,1.0,0.0,0.0,0.0,1.04375,6.66875,0.83359375,5.865625,0.0,0.266796875,0.075,3,0.0,7,34.0,0.0,0.125,,3123,599616,0.7199999999999999,0.0,0.0,0.0,0.0,0,1.58125,0.48125,4.58125,0.572265625,0.1484375,0.56875,0.2875,0.575,1.6553657846071865,166.38591865947788,0.6987686671782285,staggered_rejoin,2.5342688225802625,0.008229166666666732
flocking_topology_rejoin,11013,1.2254495032759558,0.6102104963857925,0.6369791666666667,0.9970363407612977,0.5501613407612976,0.4125,0.0,0.5875,0.0625,0.0,0.0,0.27708333333333335,20,0.6198078545174778,1.4709272348234064,3.6697783840321834,5.443672040220291,0.9883184523809525,1.1323667935714021,1.7812828426082024,3.641256307802729,12.676335412729728,3.420946283681012,6.66875,1.0,0.0,0.0,0.0,1.0,6.66875,0.83359375,5.602083333333333,0.0,0.2997395833333333,0.075,3,0.0,4,35.59375,0.0,0.125,,3141,603072,0.7199999999999999,0.0,0.0,0.0,0.0,0,1.1375,0.1375,5.1125,0.6369791666666667,0.06328125,0.725,0.70625,0.6625,1.3816281873635599,147.61951463058782,0.6859790419694036,staggered_rejoin,0.5290727651765936,0.03831845238095255
flocking_topology_rejoin,11014,1.8762399685942044,0.7889394522272121,0.607421875,1.0165571144491359,0.6515571144491359,0.525,0.0,0.475,0.0875,0.16666666666666666,0.00625,0.26796875,77,0.7971356551828619,2.3291369111823514,4.8237333431522895,94.01397499309695,0.9659449404761904,1.9484869372148845,2.463908765437103,3.654702436665037,13.525848749859975,2.615676470412839,6.66875,1.0,0.0,0.0,0.0,1.01875,6.66875,0.83359375,6.103125,0.0,0.237109375,0.075,3,0.0,8,36.2875,0.0,0.125,,3095,594240,0.7199999999999999,0.0,0.0,0.0,0.0,0,1.54375,0.46875,4.90625,0.612109375,0.14140625,0.19375,0.14375,0.41875,1.6332590903802298,147.17035073196973,0.7163923338521272,staggered_rejoin,0.32913691118235144,0.01594494047619044
flocking_topology_rejoin,11015,2.526708763001791,1.014161002055595,0.5716145833333333,1.0694742784008446,0.7044742784008445,0.525,0.0,0.475,0.0875,0.0,0.0,0.23854166666666665,78,1.0309294575909425,3.6972979442767624,7.717379278776337,125.2155602226163,0.9295758928571429,1.5872896263381833,2.2614030221727384,3.6392296777489825,15.161003436617118,3.0420075961813033,6.66875,1.0,0.0,0.0,0.0,1.04375,6.66875,0.83359375,6.054166666666666,0.0,0.2432291666666667,0.075,3,0.0,6,36.03125,0.0,0.0,,3115,598080,0.7199999999999999,0.0,0.0,0.0,0.0,0,1.525,0.475,4.84375,0.6044270833333333,0.14609375,0.2875,0.21875,0.4375,1.634860915383642,144.8889789284767,0.7088107499293983,staggered_rejoin,1.6972979442767624,0.02042410714285703
flocking_topology_rejoin,11016,1.8156709634771964,0.6356899023539108,0.6307291666666666,0.9447272276900687,0.5697272276900687,0.5125,0.0,0.4875,0.09375,0.0,0.0,0.3247395833333333,21,0.6455320161145278,1.579371433143366,4.611282764510976,7.5579264983236305,0.96640625,1.2317461498236002,2.470918460437356,3.709309143489416,8.576941752168239,4.279933443285133,6.66875,1.0,0.0,0.0,0.0,1.0375,6.66875,0.83359375,6.252083333333333,0.0,0.21848958333333335,0.075,3,0.0,8,37.8875,0.0,0.14583333333333326,,3100,595200,0.7199999999999999,0.0,0.0,0.0,0.0,0,1.525,0.43125,5.13125,0.6361979166666666,0.13359375,0.01875,0.0125,0.30625,1.6168822183833442,106.38368834983541,0.7488075830042362,staggered_rejoin,0.4206285668566341,0.016406250000000067
flocking_topology_rejoin,11017,1.894971365447036,0.589860089151052,0.5641927083333333,0.8947563752949783,0.5344438752949783,0.53125,0.0,0.46875,0.0875,0.0,0.0,0.20651041666666664,79,0.6208050988860562,1.4210878141162069,3.718521524838158,5.749919624774248,0.99453125,2.109891074303445,1.9379474296988555,3.6537848320507456,16.37612223547193,5.656491411949612,6.66875,1.0,0.0,0.0,0.0,1.0,6.66875,0.83359375,5.894791666666666,0.0,0.26315104166666664,0.075,3,0.0,4,34.1875,0.0,0.125,,3131,601152,0.7199999999999999,0.0,0.0,0.0,0.0,0,1.6,0.4875,4.60625,0.5743489583333333,0.14765625,0.48125,0.275,0.54375,1.662393816104336,157.88604083739756,0.6885414579883218,staggered_rejoin,0.5789121858837931,0.04453125000000002
flocking_topology_rejoin,11018,1.8755828604635876,0.6614918764531812,0.577734375,0.953673348406609,0.5811733484066092,0.5125,0.0,0.4875,0.06875,0.0,0.0,0.22109375,81,0.654845472275542,1.5935905434709396,4.477726985006983,6.900881231531054,0.9707589285714284,2.2296165427843424,2.0186693014932486,3.624023237270491,16.067852102329613,2.909205621773849,6.66875,1.0,0.0,0.0,0.0,1.01875,6.66875,0.83359375,6.015625,0.0,0.248046875,0.075,3,0.0,5,35.23125,0.0,0.10416666666666663,,3137,602304,0.7199999999999999,0.0,0.0,0.0,0.0,0,1.60625,0.50625,4.7,0.583984375,0.15546875,0.30625,0.225,0.4625,1.629040374322889,151.24079344676704,0.6914510000497103,staggered_rejoin,0.40640945652906035,0.02075892857142847
flocking_topology_rejoin,11019,2.6676009510479415,0.8706555565175962,0.5197916666666667,1.1058521472852463,0.7183521472852462,0.5,0.0,0.5,0.125,0.36363636363636365,0.025,0.15989583333333332,80,1.1386133571946593,4.729492536314447,6.004118604154649,216.0006336316434,0.9455729166666667,1.3826452194483927,2.0641145559991068,3.648556461794423,20.32490862981566,4.668328127255527,6.66875,1.0,0.0,0.0,0.0,1.0375,6.66875,0.83359375,5.727083333333333,0.0,0.28411458333333334,0.075,3,0.0,8,33.68125,0.0,0.14583333333333326,,3129,600768,0.7199999999999999,0.0,0.0,0.0,0.0,0,1.50625,0.49375,4.525,0.5627604166666667,0.1515625,0.7,0.26875,0.61875,1.6693972347746997,174.60030986836114,0.6952839579898864,staggered_rejoin,2.7294925363144467,0.004427083333333304
flocking_topology_rejoin,11020,2.6284859846515816,0.5710455477292896,0.5325520833333333,1.0260750151458695,0.6113875151458694,0.46875,0.0,0.53125,0.1625,0.36363636363636365,0.025,0.18854166666666666,83,0.9415405423184251,3.2887198038832386,5.127266327721241,165.16030063915832,0.9638541666666667,1.3166923312908811,2.055731477620393,3.6404125382442047,15.853452543094756,3.8742562477191242,6.66875,1.0,0.0,0.0,0.0,1.04375,6.66875,0.83359375,5.860416666666667,0.0,0.2674479166666667,0.075,3,0.0,5,34.23125,0.0,0.125,,3104,595968,0.7199999999999999,0.0,0.0,0.0,0.0,0,1.5625,0.50625,4.5875,0.5716145833333333,0.15390625,0.4875,0.21875,0.54375,1.6467445627824293,160.3694096520357,0.7006806249264628,staggered_rejoin,1.2887198038832386,0.013854166666666723
flocking_topology_rejoin,11021,2.46854496438023,0.7048285655781943,0.5322916666666666,1.0456279338311867,0.6375029338311865,0.475,0.0,0.525,0.14375,0.0,0.0,0.15520833333333334,78,0.7088841408298139,1.943726378154166,5.286316908998918,10.666435555440831,0.94796875,1.6187173085350661,2.067933361634286,3.673183649811979,15.090238415042638,4.184276880045324,6.66875,1.0,0.0,0.0,0.0,1.0375,6.66875,0.83359375,5.758333333333333,0.0,0.28020833333333334,0.075,3,0.0,8,33.0875,0.0,0.125,,3127,600384,0.7199999999999999,0.0,0.0,0.0,0.0,0,1.59375,0.4875,4.45625,0.5565104166666666,0.14921875,0.675,0.30625,0.55,1.6520065311855796,157.25880017128986,0.6738593750633299,staggered_rejoin,0.056273621845833954,0.002031249999999929
flocking_topology_rejoin,11022,1.9307854335657948,0.6561746339438443,0.5287760416666667,1.0354233624310234,0.5901108624310234,0.43125,0.0,0.56875,0.1875,0.1,0.00625,0.12786458333333334,79,0.7605663774258986,2.1754540849620105,5.061183269468966,86.96191505367122,0.9787500000000001,1.4511970951261448,1.9971897140352113,3.677172974141057,23.645365364074202,6.1847314274935075,6.66875,1.0,0.0,0.0,0.0,1.0,6.66875,0.83359375,5.605208333333334,0.0,0.2993489583333333,0.075,3,0.0,4,31.7875,0.0,0.125,,3133,601536,0.7199999999999999,0.0,0.0,0.0,0.0,0,1.60625,0.4875,4.3,0.5365885416666667,0.14921875,0.775,0.3,0.9125,1.6546882984230649,182.99310761456698,0.6697834169026464,staggered_rejoin,0.17545408496201054,0.028750000000000164
flocking_topology_rejoin,11023,1.8619791906759862,0.6145529241182565,0.5895833333333333,0.9161270632364229,0.5564395632364229,0.53125,0.0,0.46875,0.08125,0.125,0.00625,0.24635416666666665,78,0.6601520078786756,1.673206796401752,5.030531155747698,11.459848362947866,0.9638020833333332,0.894540078761252,2.048724787610445,3.622779505476177,15.410561835409258,5.383074124108797,6.66875,1.0,0.0,0.0,0.0,1.0,6.66875,0.83359375,6.079166666666667,0.0,0.2401041666666667,0.075,3,0.0,4,35.88125,0.0,0.125,,3126,600192,0.7199999999999999,0.0,0.0,0.0,0.0,0,1.59375,0.46875,4.8125,0.5973958333333333,0.146875,0.2875,0.25625,0.39375,1.5592064263457193,155.94869530261346,0.7231352909002453,staggered_rejoin,0.3267932035982479,0.013802083333333215
flocking_topology_rejoin,11024,3.791651806615894,3.542516879527886,0.5703125,2.9093680214836697,2.42343052148367,0.36875,0.0,0.63125,0.125,1.0,0.0125,0.165625,19,3.609232103658632,39.67487996258656,135.51884273376442,167.37335425799236,0.63359375,1.6962621150521908,2.1249968019658123,3.5512166719070137,17.21663922398332,3.7601645109443256,6.66875,1.0,0.0,0.0,0.0,1.01875,6.66875,0.83359375,5.13125,0.0,0.35859375,0.075,3,0.0,5,31.54375,0.0,0.0625,,3162,607104,0.7199999999999999,0.0,0.0,0.0,0.0,0,1.175,0.16875,4.61875,0.575,0.065625,1.0875,0.725,0.99375,1.3575601725675033,156.44617735271555,0.6189844999462366,staggered_rejoin,37.67487996258656,0.31640625
flocking_topology_rejoin,11025,1.9411404440085054,0.6512317494792961,0.5708333333333333,0.9670871022211649,0.5655246022211651,0.48125,0.0,0.51875,0.125,0.0,0.0,0.21197916666666666,81,0.6663812758949346,1.6937655219257777,4.886116262087959,10.228752608826245,0.9629910714285714,2.2076207340563236,2.1031697097909365,3.6561070695683924,16.0353545709118,3.1286268108321886,6.66875,1.0,0.0,0.0,0.0,1.01875,6.66875,0.83359375,5.960416666666666,0.0,0.25494791666666666,0.075,3,0.0,6,34.7875,0.0,0.125,,3110,597120,0.7199999999999999,0.0,0.0,0.0,0.0,0,1.5875,0.49375,4.65,0.5802083333333333,0.153125,0.41875,0.31875,0.50625,1.5959495481981907,160.22783278177013,0.7237974579911679,staggered_rejoin,0.3062344780742223,0.012991071428571477
flocking_topology_rejoin,11026,2.4264661146229907,0.6651618494032572,0.542578125,0.9709345101444322,0.5899970101444321,0.50625,0.0,0.49375,0.10625,0.0,0.0,0.19921875,79,0.6663710221084267,1.6199756399172742,4.240133151247081,7.644899871172648,0.9833333333333332,1.1800782363578595,1.9381029239707595,3.609336568520928,19.187576955489835,3.6894940058088315,6.66875,1.0,0.0,0.0,0.0,1.025,6.66875,0.83359375,5.921875,0.0,0.259765625,0.075,3,0.0,6,35.0875,0.0,0.125,,3138,602496,0.7199999999999999,0.0,0.0,0.0,0.0,0,1.5375,0.49375,4.6875,0.581640625,0.153125,0.45625,0.25,0.5,1.650352618623708,157.47082513318918,0.7000557079445571,staggered_rejoin,0.3800243600827258,0.033333333333333215
flocking_topology_rejoin,11027,1.8790871192527314,0.6263424258392756,0.52734375,0.9530996471518611,0.5634121471518612,0.49375,0.0,0.50625,0.1,0.0,0.0,0.12057291666666667,80,0.6455223176348495,1.5396373760620015,4.057515246595329,6.097868377621224,0.99296875,0.9432177028168831,2.0466720547652826,3.700800121030246,21.23048177195322,4.170601462253376,6.66875,1.0,0.0,0.0,0.0,1.0,6.66875,0.83359375,5.569791666666667,0.0,0.30377604166666666,0.075,3,0.0,4,31.5875,0.0,0.0,,3121,599232,0.7199999999999999,0.0,0.0,0.0,0.0,0,1.59375,0.4875,4.26875,0.53359375,0.14934895833333334,0.8,0.29375,0.8875,1.6931627366371473,179.77503844529846,0.6606604170519859,staggered_rejoin,0.46036262393799854,0.04296875
flocking_topology_rejoin,11028,2.4891951575663676,0.627479536855593,0.5578125,0.9291562872157559,0.5629062872157558,0.525,0.0,0.475,0.1,0.0,0.0,0.22578125,79,0.6237246425104667,1.4430114749724037,4.343809929466557,7.030836843528126,0.9711755952380952,1.3300284295850264,1.9136932086256138,3.6638413198753392,14.616014300590717,3.9432092180340037,6.66875,1.0,0.0,0.0,0.0,1.05,6.66875,0.83359375,6.0125,0.0,0.2484375,0.075,3,0.0,7,35.28125,0.0,0.0,,3112,597504,0.7199999999999999,0.0,0.0,0.0,0.0,0,1.56875,0.4875,4.73125,0.59140625,0.15,0.45625,0.20625,0.41875,1.5811105454240386,145.74583243264505,0.7149880421347916,staggered_rejoin,0.5569885250275963,0.0211755952380952
flocking_topology_rejoin,11029,2.5415536260406233,0.8158889819140892,0.5463541666666667,0.9791103022006146,0.6212978022006146,0.53125,0.0,0.46875,0.0625,0.0,0.0,0.20208333333333334,77,0.8268701094860155,2.3819808673073837,4.783395999912907,114.86005691204552,0.9802083333333332,1.8409635887659779,1.9735074324916042,3.636017938390733,15.48955401304182,4.11576036180835,6.66875,1.0,0.0,0.0,0.0,1.0,6.66875,0.83359375,5.933333333333334,0.0,0.2583333333333333,0.075,3,0.0,4,35.0875,0.0,0.125,,3129,600768,0.7199999999999999,0.0,0.0,0.0,0.0,0,1.54375,0.4875,4.68125,0.5822916666666667,0.15234375,0.425,0.23125,0.46875,1.59766682076162,150.76023024589185,0.7125595831312239,staggered_rejoin,0.3819808673073837,0.03020833333333328
flocking_topology_partition,11000,2.478310887849967,0.9232449232041701,0.51875,1.0598536662035607,0.6789161662035609,0.50625,0.0,0.49375,0.10625,0.2,0.00625,0.1453125,79,0.9419826130197356,3.036503286344476,5.354019209216317,96.55084063202376,0.9598437499999999,1.9137460571328846,2.1675876555789473,3.710047495610513,18.183991271537067,5.349864603006161,6.66875,1.0,0.0,0.0,0.0,1.0125,6.61875,0.82734375,5.6625,0.0,0.2921875,0.075,3,0.0,6,32.03125,0.0,0.0,,3145,603840,0.7199999999999999,0.0,0.0,0.0,0.0,0,1.625,0.48125,4.35625,0.54453125,0.1453125,0.80625,0.31875,0.64375,1.6522485477333224,161.60765328809825,0.6596188331022859,staggered_rejoin,1.0365032863444759,0.009843749999999929
flocking_topology_partition,11001,1.990307969262715,1.057779495058539,0.63125,1.0857270907844723,0.7313520907844722,0.5375,0.0,0.4625,0.075,0.0,0.0,0.3203125,22,1.0675837761234472,3.6883486393918097,5.387472941739047,137.93118763301158,0.9585044642857143,2.1872431280664038,2.024399760304032,3.660311454135834,10.568944514635913,6.006083271169961,6.66875,1.0,0.0,0.0,0.0,1.04375,6.55625,0.81953125,6.28125,0.0,0.21484375,0.075,3,0.0,8,37.9875,0.0,0.10416666666666674,,3098,594816,0.7199999999999999,0.0,0.0,0.0,0.0,0,1.5375,0.4375,5.13125,0.63671875,0.1359375,0.01875,0.01875,0.18125,1.5954819862060734,119.28894234242507,0.7718514159787446,staggered_rejoin,1.6883486393918097,0.008504464285714386
flocking_topology_partition,11002,1.927104813010005,0.6205186761482808,0.5625,0.9238034030178494,0.5541159030178494,0.51875,0.0,0.48125,0.0875,0.0,0.0,0.1640625,78,0.6167630554418442,1.4482774327827312,3.9162009002986413,6.971399601381276,0.9822991071428572,1.4405988200911748,1.9829471743779805,3.690618877469599,18.957326816692124,3.768136235292759,6.66875,1.0,0.0,0.0,0.0,1.0,6.66875,0.83359375,5.7875,0.0,0.2765625,0.075,3,0.0,4,33.78125,0.0,0.0625,,3127,600384,0.7199999999999999,0.0,0.0,0.0,0.0,0,1.54375,0.48125,4.54375,0.56640625,0.14921875,0.7,0.275,0.575,1.6518653235054017,164.19414661260433,0.6991189999971539,staggered_rejoin,0.5517225672172688,0.03229910714285722
flocking_topology_partition,11003,1.5747366915053003,0.6185410738595634,0.6108072916666667,0.8911520892074296,0.5355270892074296,0.5375,0.0,0.4625,0.0875,0.0,0.0,0.28255208333333337,7,0.6405320208511811,1.594159962641036,4.875662516942185,7.753276392998885,0.9800000000000001,0.997714423263324,2.704112768480406,3.7096998229285334,11.566296489470787,5.1250166817511555,6.66875,1.0,0.0,0.0,0.0,1.05625,6.50625,0.81328125,5.967708333333333,0.0,0.2540364583333333,0.075,3,0.0,8,35.73125,0.0,0.20833333333333326,,3104,595968,0.7199999999999999,0.0,0.0,0.0,0.0,0,1.48125,0.3875,4.94375,0.6162760416666667,0.11796875,0.18125,0.175,0.40625,1.6145134541714703,118.86836994599108,0.7337769160512835,staggered_rejoin,0.4058400373589639,0.030000000000000138
flocking_topology_partition,11004,1.8868783901976278,0.6924412300593915,0.5649739583333334,0.9895181717485977,0.6138931717485977,0.5125,0.0,0.4875,0.1,0.0,0.0,0.18776041666666668,21,0.6971984580826964,1.8619531046245144,5.190422401085318,10.610867851938496,0.9422544642857144,2.724463923382037,2.1074351532127085,3.6835875245986025,15.255615879892938,3.017723319701335,6.66875,1.0,0.0,0.0,0.0,1.025,6.61875,0.82734375,5.819791666666667,0.0,0.27252604166666666,0.075,3,0.0,6,33.8375,0.0,0.0,,3112,597504,0.7199999999999999,0.0,0.0,0.0,0.0,0,1.5625,0.4625,4.55625,0.5688802083333334,0.14609375,0.55,0.3125,0.5125,1.630535044265312,151.753500876255,0.6932778339833021,staggered_rejoin,0.13804689537548565,0.007745535714285601
flocking_topology_partition,11005,1.946440763250154,0.9654623981806622,0.5983072916666667,1.0115820848134338,0.6247070848134337,0.5,0.0,0.5,0.11875,0.0,0.0,0.25755208333333335,80,0.9766041004356868,3.0210426682989473,4.879983647608054,120.80594152770229,0.9640625,1.3784179493895785,2.080192666080216,3.6844072510285697,11.545539730881627,3.2533567661480047,6.66875,1.0,0.0,0.0,0.0,1.0125,6.63125,0.82890625,6.117708333333334,0.0,0.2352864583333333,0.075,3,0.0,6,36.13125,0.0,0.125,,3101,595392,0.7199999999999999,0.0,0.0,0.0,0.0,0,1.5875,0.48125,4.8375,0.6022135416666667,0.14921875,0.26875,0.1625,0.325,1.6094664600809963,122.10841216834612,0.7517005421686918,staggered_rejoin,1.0210426682989473,0.014062500000000089
flocking_topology_partition,11006,3.828072628308057,3.645838441722397,0.5755208333333333,3.013359072353366,2.427734072353366,0.2375,0.0,0.7625,0.1375,0.0,0.0,0.16822916666666665,20,3.617702347805471,40.633339214811485,143.6356736829322,178.2853310691669,0.6627529761904761,2.0521866653005385,1.8909116712964824,3.5809700521464607,17.396788764522803,4.285322846755254,6.66875,1.0,0.0,0.0,0.0,1.0,6.66875,0.83359375,5.166666666666666,0.0,0.3541666666666667,0.075,3,0.0,4,31.9375,0.0,0.08333333333333326,,3167,608064,0.7199999999999999,0.0,0.0,0.0,0.0,0,1.15625,0.15625,4.63125,0.5770833333333333,0.06875,1.2,0.725,0.90625,1.35621686409527,161.02534705418293,0.6409907089546323,staggered_rejoin,38.633339214811485,0.2872470238095238
flocking_topology_partition,11007,2.4473351299145625,0.6240149500485512,0.5638020833333334,0.943232795704159,0.551670295704159,0.49375,0.0,0.50625,0.11875,0.0,0.0,0.2322916666666667,78,0.6288141426629315,1.5201781943115587,3.9447151760421306,10.770560422713316,0.9761160714285715,1.6447001282052154,1.9205900289637323,3.6366150584429784,15.50572819948701,4.322226817290012,6.66875,1.0,0.0,0.0,0.0,1.0,6.66875,0.83359375,6.054166666666667,0.0,0.24322916666666666,0.075,3,0.0,4,36.0875,0.0,0.125,,3111,597312,0.7199999999999999,0.0,0.0,0.0,0.0,0,1.5125,0.4875,4.81875,0.6020833333333334,0.1515625,0.3,0.28125,0.53125,1.611695880109334,151.17844648968952,0.7445202500093728,staggered_rejoin,0.47982180568844135,0.02611607142857153
flocking_topology_partition,11008,3.808942874229594,3.6268142258502,0.630078125,2.8466794978467953,2.404491997846795,0.41875,0.0,0.58125,0.0625,0.0,0.0,0.27578125,20,3.6323190034163892,40.55706834397908,145.10792723416716,168.53052668472745,0.6627232142857142,1.0044464113891423,2.076316040477007,3.5917008839058298,12.093294316949084,4.524973032994055,6.66875,1.0,0.0,0.0,0.0,1.0,6.66875,0.83359375,5.590625,0.0,0.301171875,0.075,3,0.0,4,35.43125,0.0,0.10416666666666674,,3167,608064,0.7199999999999999,0.0,0.0,0.0,0.0,0,1.15625,0.14375,5.09375,0.633203125,0.0640625,0.74375,0.70625,0.6625,1.3195878762251114,128.35203976795228,0.6728275830391794,staggered_rejoin,38.55706834397908,0.2872767857142857
flocking_topology_partition,11009,2.4841532353652367,0.8471469137870399,0.5272135416666666,1.0530460622708855,0.6024210622708857,0.4125,0.0,0.5875,0.1,0.0,0.0,0.14583333333333331,80,0.8540220714908112,2.490513723797995,3.9006549837059312,121.84280881739465,0.9697916666666668,1.706920638147061,1.917234281873054,3.6240286894042497,18.488146926103322,6.330032362869334,6.66875,1.0,0.0,0.0,0.0,1.0,6.66875,0.83359375,5.661458333333333,0.0,0.29231770833333337,0.075,3,0.0,4,32.76875,0.0,0.125,,3129,600768,0.7199999999999999,0.0,0.0,0.0,0.0,0,1.5375,0.49375,4.48125,0.5592447916666666,0.14296875,0.65,0.36875,0.7625,1.657253329665317,166.41264178472838,0.6591508330311626,staggered_rejoin,0.49051372379799485,0.019791666666666874
flocking_topology_partition,11010,2.262895227143472,1.4357733781695754,0.6036458333333334,1.2204233572380683,0.7969858572380684,0.44375,0.0,0.55625,0.0625,0.0,0.0,0.2776041666666667,7,1.4294881643757948,5.91177001496092,5.311539213961242,153.64729310897607,0.9517857142857142,1.6752300813643497,2.0706371991737043,3.6950724291420487,10.682680746464566,5.695220125678915,6.66875,1.0,0.0,0.0,0.0,1.03125,6.55,0.81875,6.116666666666667,0.0,0.23541666666666666,0.075,3,0.0,8,35.9875,0.0,0.125,,3099,595008,0.7199999999999999,0.0,0.0,0.0,0.0,0,1.59375,0.4125,4.93125,0.6153645833333334,0.1265625,0.18125,0.1625,0.31875,1.635802328907341,119.55518137832762,0.7358353338204324,staggered_rejoin,3.9117700149609202,0.0017857142857142794
flocking_topology_partition,11011,2.0927004960550795,1.174005005042358,0.6131510416666667,1.0790798536560915,0.6934548536560916,0.5,0.0,0.5,0.10625,0.3333333333333333,0.00625,0.2809895833333333,7,1.1690699203413062,4.196576851582928,4.510724598864522,167.6258107608619,0.9628348214285716,0.7156577078316628,2.0181322369679093,3.6780911271791843,10.40724381645184,4.486116074304733,6.66875,1.0,0.0,0.0,0.0,1.05625,6.51875,0.81484375,6.061458333333333,0.0,0.24231770833333335,0.075,3,0.0,8,36.2375,0.0,0.08333333333333326,,3098,594816,0.7199999999999999,0.0,0.0,0.0,0.0,0,1.525,0.4125,4.975,0.6186197916666667,0.125,0.13125,0.13125,0.33125,1.5963482114407246,121.23803080240413,0.7366671247873455,staggered_rejoin,2.196576851582928,0.012834821428571619
flocking_topology_partition,11012,2.8671817494740615,1.7479162752490094,0.544921875,1.341189951401287,0.9768149514012869,0.525,0.0,0.475,0.08125,0.0,0.0,0.1953125,20,1.7609193467929913,9.399455500846045,96.30889910739036,147.23951200967684,0.9144791666666666,2.2249153118715363,2.257308365795134,3.6472092485253613,16.199369757686974,3.103154104727238,6.66875,1.0,0.0,0.0,0.0,1.04375,6.55625,0.81953125,5.753125,0.0,0.280859375,0.075,3,0.0,7,33.45,0.0,0.125,,3123,599616,0.7199999999999999,0.0,0.0,0.0,0.0,0,1.5375,0.4375,4.58125,0.572265625,0.134375,0.56875,0.2875,0.575,1.6553657846071865,166.38591865947788,0.6909625420812517,staggered_rejoin,7.399455500846045,0.035520833333333335
flocking_topology_partition,11013,1.2254495032759558,0.6102104963857925,0.6369791666666667,0.9970363407612977,0.5501613407612976,0.4125,0.0,0.5875,0.0625,0.0,0.0,0.27708333333333335,20,0.6198078545174778,1.4709272348234064,3.6697783840321834,5.443672040220291,0.9883184523809525,1.1323667935714021,1.7812828426082024,3.641256307802729,12.676335412729728,3.420946283681012,6.66875,1.0,0.0,0.0,0.0,1.0,6.66875,0.83359375,5.602083333333333,0.0,0.2997395833333333,0.075,3,0.0,4,35.59375,0.0,0.125,,3141,603072,0.7199999999999999,0.0,0.0,0.0,0.0,0,1.1375,0.1375,5.1125,0.6369791666666667,0.06328125,0.725,0.70625,0.6625,1.3816281873635599,147.61951463058782,0.6810206670779735,staggered_rejoin,0.5290727651765936,0.03831845238095255
flocking_topology_partition,11014,1.841000831738224,0.7889394522272121,0.607421875,1.0165571144491359,0.6515571144491359,0.525,0.0,0.475,0.0875,0.16666666666666666,0.00625,0.26640625,77,0.7971356551828619,2.3291369111823514,4.8237333431522895,94.01397499309695,0.9659449404761904,1.9484869372148845,2.463908765437103,3.654702436665037,13.525848749859975,2.615676470412839,6.66875,1.0,0.0,0.0,0.0,1.01875,6.61875,0.82734375,6.053125,0.0,0.243359375,0.075,3,0.0,8,36.0375,0.0,0.125,,3095,594240,0.7199999999999999,0.0,0.0,0.0,0.0,0,1.525,0.45,4.9,0.611328125,0.1359375,0.19375,0.14375,0.41875,1.6332590903802298,147.17035073196973,0.7303185828495771,staggered_rejoin,0.32913691118235144,0.01594494047619044
flocking_topology_partition,11015,2.44324915832072,1.0141610020555947,0.5700520833333333,1.0694742784008444,0.7044742784008445,0.525,0.0,0.475,0.0875,0.0,0.0,0.22760416666666666,20,1.0305462769437994,3.695361134810841,7.717379278776337,125.2155602226163,0.9295758928571429,1.5872896263381833,2.2614030221727384,3.6392296777489825,15.161003436617118,3.0420075961813033,6.66875,1.0,0.0,0.0,0.0,1.04375,6.5625,0.8203125,5.947916666666666,0.0,0.2565104166666667,0.075,3,0.0,6,35.43125,0.0,0.125,,3115,598080,0.7199999999999999,0.0,0.0,0.0,0.0,0,1.49375,0.44375,4.8,0.5989583333333333,0.13828125,0.2875,0.21875,0.4375,1.634860915383642,144.8889789284767,0.7214167499914765,staggered_rejoin,1.6953611348108408,0.02042410714285703
flocking_topology_partition,11016,2.0934063595379935,1.328621123241663,0.6260416666666729,1.1301850511277851,0.7551850511277852,0.5125,0.0,0.4875,0.09375,0.0,0.0,0.31536458333333955,19,1.3336759198701438,5.477158123128592,6.452879300837595,181.38643699948523,0.93515625,1.2317461498236002,2.470918460437356,3.709309143489416,8.576941752168239,4.279933443285133,6.66875,1.0,0.0,0.0,0.0,1.0375,6.55625,0.81953125,6.1395833333333325,0.0,0.23255208333333335,0.075,3,0.0,8,37.2375,0.00625,0.374999999999,,3100,595200,0.7199999999999999,0.0,0.0,0.0,0.0,0,1.5,0.40625,5.1,0.631510416666673,0.12421875,0.01875,0.0125,0.30625,1.6168822183833442,106.38368834983541,0.7638505001086742,staggered_rejoin,3.477158123128592,0.014843749999999933
flocking_topology_partition,11017,1.894971365447036,0.589860089151052,0.5641927083333333,0.8947563752949783,0.5344438752949783,0.53125,0.0,0.46875,0.0875,0.0,0.0,0.20651041666666664,79,0.6208050988860562,1.4210878141162069,3.718521524838158,5.749919624774248,0.99453125,2.109891074303445,1.9379474296988555,3.6537848320507456,16.37612223547193,5.656491411949612,6.66875,1.0,0.0,0.0,0.0,1.0,6.66875,0.83359375,5.894791666666666,0.0,0.26315104166666664,0.075,3,0.0,4,34.1875,0.0,0.125,,3131,601152,0.7199999999999999,0.0,0.0,0.0,0.0,0,1.6,0.4875,4.60625,0.5743489583333333,0.14765625,0.48125,0.275,0.54375,1.662393816104336,157.88604083739756,0.6973099580500275,staggered_rejoin,0.5789121858837931,0.04453125000000002
flocking_topology_partition,11018,2.0249897177770024,1.0579456508403449,0.575390625,1.0570089610617275,0.6845089610617275,0.5125,0.0,0.4875,0.06875,0.0,0.0,0.21640625,20,1.0538402182246118,3.676008585453206,4.646887184965901,117.37217458118688,0.9520089285714285,2.2296165427843424,2.0186693014932486,3.624023237270491,16.067852102329613,2.909205621773849,6.66875,1.0,0.0,0.0,0.0,1.01875,6.6125,0.8265625,5.959375,0.0,0.255078125,0.075,3,0.0,5,34.93125,0.0,0.125,,3137,602304,0.7199999999999999,0.0,0.0,0.0,0.0,0,1.5875,0.4875,4.68125,0.581640625,0.15078125,0.30625,0.225,0.4625,1.629040374322889,151.24079344676704,0.7054961249232292,staggered_rejoin,1.6760085854532059,0.0020089285714285365
flocking_topology_partition,11019,2.6721746716282744,1.1227426873878215,0.5213541666666666,1.1824904491570751,0.7949904491570753,0.5,0.0,0.5,0.125,0.36363636363636365,0.025,0.15989583333333332,6,1.341249574527409,6.215455877756694,7.036651697358382,216.0006336316434,0.9330729166666666,1.3826452194483927,2.0641145559991068,3.648556461794423,20.32490862981566,4.668328127255527,6.66875,1.0,0.0,0.0,0.0,1.0375,6.54375,0.81796875,5.602083333333333,0.0,0.29973958333333334,0.075,3,0.0,8,32.98125,0.0,0.14583333333333326,,3129,600768,0.7199999999999999,0.0,0.0,0.0,0.0,0,1.46875,0.45625,4.525,0.5627604166666667,0.1359375,0.7,0.26875,0.61875,1.6693972347746997,174.60030986836114,0.6927832500077784,staggered_rejoin,4.215455877756694,0.01692708333333337
flocking_topology_partition,11020,2.8689579483932826,1.5344377365069115,0.5380208333333333,1.307682773857834,0.8929952738578338,0.46875,0.0,0.53125,0.1625,0.36363636363636365,0.025,0.18854166666666666,20,1.7073092111460906,9.38447627713942,109.19851914978487,165.16030063915832,0.9201041666666667,1.3166923312908811,2.055731477620393,3.6404125382442047,15.853452543094756,3.8742562477191242,6.66875,1.0,0.0,0.0,0.0,1.04375,6.58125,0.82265625,5.772916666666666,0.0,0.2783854166666667,0.075,3,0.0,5,33.88125,0.0,0.125,,3104,595968,0.7199999999999999,0.0,0.0,0.0,0.0,0,1.51875,0.4625,4.5875,0.5716145833333333,0.14296875,0.4875,0.21875,0.54375,1.6467445627824293,160.3694096520357,0.6914436670485884,staggered_rejoin,7.38447627713942,0.029895833333333233
flocking_topology_partition,11021,2.714822890145117,1.4892580354156464,0.5330729166666666,1.2874581506874938,0.8793331506874938,0.475,0.0,0.525,0.14375,0.0,0.0,0.15364583333333331,9,1.49118171740237,6.749672537819618,7.431729585204456,153.86649450884087,0.91046875,1.6187173085350661,2.067933361634286,3.673183649811979,15.090238415042638,4.184276880045324,6.66875,1.0,0.0,0.0,0.0,1.0375,6.55625,0.81953125,5.645833333333333,0.0,0.29427083333333337,0.075,3,0.0,8,32.4875,0.0,0.125,,3127,600384,0.7199999999999999,0.0,0.0,0.0,0.0,0,1.55625,0.45,4.45,0.5557291666666666,0.1359375,0.675,0.30625,0.55,1.6520065311855796,157.25880017128986,0.6739744578953832,staggered_rejoin,4.749672537819618,0.03953124999999991
flocking_topology_partition,11022,1.9307854335657948,0.6561746339438443,0.5287760416666667,1.0354233624310234,0.5901108624310234,0.43125,0.0,0.56875,0.1875,0.1,0.00625,0.12786458333333334,79,0.7605663774258986,2.1754540849620105,5.061183269468966,86.96191505367122,0.9787500000000001,1.4511970951261448,1.9971897140352113,3.677172974141057,23.645365364074202,6.1847314274935075,6.66875,1.0,0.0,0.0,0.0,1.0,6.66875,0.83359375,5.605208333333334,0.0,0.2993489583333333,0.075,3,0.0,4,31.7875,0.0,0.125,,3133,601536,0.7199999999999999,0.0,0.0,0.0,0.0,0,1.60625,0.4875,4.3,0.5365885416666667,0.14921875,0.775,0.3,0.9125,1.6546882984230649,182.99310761456698,0.6541460000444204,staggered_rejoin,0.17545408496201054,0.028750000000000164
flocking_topology_partition,11023,1.8619791906759862,0.6145529241182565,0.5895833333333333,0.9161270632364229,0.5564395632364229,0.53125,0.0,0.46875,0.08125,0.125,0.00625,0.24635416666666665,78,0.6601520078786756,1.673206796401752,5.030531155747698,11.459848362947866,0.9638020833333332,0.894540078761252,2.048724787610445,3.622779505476177,15.410561835409258,5.383074124108797,6.66875,1.0,0.0,0.0,0.0,1.0,6.66875,0.83359375,6.079166666666667,0.0,0.2401041666666667,0.075,3,0.0,4,35.88125,0.0,0.125,,3126,600192,0.7199999999999999,0.0,0.0,0.0,0.0,0,1.59375,0.46875,4.8125,0.5973958333333333,0.146875,0.2875,0.25625,0.39375,1.5592064263457193,155.94869530261346,0.7141787919681519,staggered_rejoin,0.3267932035982479,0.013802083333333215
flocking_topology_partition,11024,3.791651806615894,3.542516879527886,0.5703125,2.9093680214836697,2.42343052148367,0.36875,0.0,0.63125,0.125,1.0,0.0125,0.165625,19,3.609232103658632,39.67487996258656,135.51884273376442,167.37335425799236,0.63359375,1.6962621150521908,2.1249968019658123,3.5512166719070137,17.21663922398332,3.7601645109443256,6.66875,1.0,0.0,0.0,0.0,1.01875,6.65,0.83125,5.13125,0.0,0.35859375,0.075,3,0.0,5,31.54375,0.0,0.0625,,3162,607104,0.7199999999999999,0.0,0.0,0.0,0.0,0,1.175,0.16875,4.61875,0.575,0.065625,1.0875,0.725,0.99375,1.3575601725675033,156.44617735271555,0.6243631669785827,staggered_rejoin,37.67487996258656,0.31640625
flocking_topology_partition,11025,1.9081407795340501,0.6512317494792961,0.5708333333333333,0.9670871022211649,0.5655246022211651,0.48125,0.0,0.51875,0.125,0.0,0.0,0.21197916666666666,22,0.6663812758949346,1.6937655219257777,4.886116262087959,10.228752608826245,0.9629910714285714,2.2076207340563236,2.1031697097909365,3.6561070695683924,16.0353545709118,3.1286268108321886,6.66875,1.0,0.0,0.0,0.0,1.01875,6.63125,0.82890625,5.922916666666667,0.0,0.2596354166666667,0.075,3,0.0,6,34.6375,0.0,0.125,,3110,597120,0.7199999999999999,0.0,0.0,0.0,0.0,0,1.56875,0.475,4.65,0.5802083333333333,0.1484375,0.41875,0.31875,0.50625,1.5959495481981907,160.22783278177013,0.7156566670164466,staggered_rejoin,0.3062344780742223,0.012991071428571477
flocking_topology_partition,11026,2.3849914435609882,0.6651618494032572,0.542578125,0.9709345101444322,0.5899970101444321,0.50625,0.0,0.49375,0.10625,0.0,0.0,0.19921875,7,0.6663710221084267,1.6199756399172742,4.240133151247081,7.644899871172648,0.9833333333333332,1.1800782363578595,1.9381029239707595,3.609336568520928,19.187576955489835,3.6894940058088315,6.66875,1.0,0.0,0.0,0.0,1.025,6.56875,0.82109375,5.821875,0.0,0.272265625,0.075,3,0.0,6,34.4875,0.0,0.125,,3138,602496,0.7199999999999999,0.0,0.0,0.0,0.0,0,1.5125,0.46875,4.6875,0.581640625,0.140625,0.45625,0.25,0.5,1.650352618623708,157.47082513318918,0.7202841660473496,staggered_rejoin,0.3800243600827258,0.033333333333333215
flocking_topology_partition,11027,1.8790871192527314,0.6263424258392756,0.52734375,0.9530996471518611,0.5634121471518612,0.49375,0.0,0.50625,0.1,0.0,0.0,0.12057291666666667,80,0.6455223176348495,1.5396373760620015,4.057515246595329,6.097868377621224,0.99296875,0.9432177028168831,2.0466720547652826,3.700800121030246,21.23048177195322,4.170601462253376,6.66875,1.0,0.0,0.0,0.0,1.0,6.66875,0.83359375,5.569791666666667,0.0,0.30377604166666666,0.075,3,0.0,4,31.5875,0.0,0.0,,3121,599232,0.7199999999999999,0.0,0.0,0.0,0.0,0,1.59375,0.4875,4.26875,0.53359375,0.14934895833333334,0.8,0.29375,0.8875,1.6931627366371473,179.77503844529846,0.6618914159480482,staggered_rejoin,0.46036262393799854,0.04296875
flocking_topology_partition,11028,2.7749757217021007,1.5917138234491404,0.56171875,1.2339659062335726,0.8677159062335729,0.525,0.0,0.475,0.1,0.0,0.0,0.22578125,7,1.590237327024298,7.465399418071873,11.92656633879691,135.26081298864938,0.9211755952380951,1.3300284295850264,1.9136932086256138,3.6638413198753392,14.616014300590717,3.9432092180340037,6.66875,1.0,0.0,0.0,0.0,1.05,6.53125,0.81640625,5.875,0.0,0.265625,0.075,3,0.0,7,34.58125,0.0,0.0,,3112,597504,0.7199999999999999,0.0,0.0,0.0,0.0,0,1.51875,0.4375,4.73125,0.59140625,0.1328125,0.45625,0.20625,0.41875,1.5811105454240386,145.74583243264505,0.7247539160307497,staggered_rejoin,5.465399418071873,0.028824404761904843
flocking_topology_partition,11029,2.5415536260406233,0.8158889819140892,0.5463541666666667,0.9791103022006146,0.6212978022006146,0.53125,0.0,0.46875,0.0625,0.0,0.0,0.20208333333333334,77,0.8268701094860155,2.3819808673073837,4.783395999912907,114.86005691204552,0.9802083333333332,1.8409635887659779,1.9735074324916042,3.636017938390733,15.48955401304182,4.11576036180835,6.66875,1.0,0.0,0.0,0.0,1.0,6.66875,0.83359375,5.933333333333334,0.0,0.2583333333333333,0.075,3,0.0,4,35.0875,0.0,0.125,,3129,600768,0.7199999999999999,0.0,0.0,0.0,0.0,0,1.54375,0.4875,4.68125,0.5822916666666667,0.15234375,0.425,0.23125,0.46875,1.59766682076162,150.76023024589185,0.7076182919554412,staggered_rejoin,0.3819808673073837,0.03020833333333328
flocking_topology_resilient,11000,2.632938747013521,0.6502611943195846,0.4984375,0.959316213803057,0.5843162138030568,0.5125,0.0,0.4875,0.09375,0.0,0.0,0.14375,79,0.6617300857049202,1.6505971777586155,4.317795262363114,7.518883535653195,0.9854687500000001,1.6454659633518356,2.154821718081882,3.7072725299790448,17.88427025308959,5.274816937174636,6.66875,1.0,0.0,0.0,0.0,1.025,6.59375,0.82421875,5.56875,0.15614276800000002,0.30390625,0.075,3,0.05,7,32.03125,0.05,0.0,,3141,603072,0.7199999999999999,0.0,0.0,0.0,0.0,0,1.675,0.49375,4.3625,0.5453125,0.1328125,0.80625,0.31875,0.63125,1.6525878403280767,165.05471546812737,0.6566978751216084,staggered_rejoin,0.3494028222413845,0.03546875000000016
flocking_topology_resilient,11001,2.209189610727544,0.6952135034117958,0.5926649305555556,0.9892980918597443,0.6349230918597444,0.5375,0.0,0.4625,0.075,0.0,0.0,0.31319444444444444,2,0.7093966647911937,1.812878026000634,4.849996925849079,7.869176980749697,0.9688616071428571,2.1427829291362985,2.06306003107789,3.664585629502799,10.242768556222002,4.344919922505328,6.66875,1.0,0.0,0.0,0.0,1.03125,6.54375,0.81796875,6.210069444444445,0.3409216170664755,0.22374131944444442,0.075,3,0.025,6,37.7375,0.025,0.10416666666666674,,3092,593664,0.7199999999999999,0.0,0.0,0.0,0.0,0,1.68125,0.5,5.10625,0.6331597222222223,0.13059895833333332,0.01875,0.01875,0.1875,1.5928713482085226,122.42585620815633,0.7557124169543386,staggered_rejoin,0.18712197399936592,0.018861607142857117
flocking_topology_resilient,11002,1.865761097178744,0.6223216917594383,0.5640407986111111,0.9154277766484127,0.5510527766484126,0.525,0.0,0.475,0.08125,0.0,0.0,0.16714409722222223,78,0.618820157488096,1.450531358590954,3.9913083638086544,8.118737205783718,0.96953125,1.3027824039852982,1.9791519951378667,3.6895966324740277,18.73503009553168,3.738149605663513,6.66875,1.0,0.0,0.0,0.0,1.0,6.66875,0.83359375,5.787326388888888,0.093037024,0.2765842013888889,0.075,3,0.0,4,33.83125,0.0,0.0625,,3128,600576,0.7199999999999999,0.0,0.0,0.0,0.0,0,1.56875,0.4875,4.55,0.567165798611111,0.14921875,0.7,0.275,0.575,1.647757990677284,166.31080117813735,0.7054648750927299,staggered_rejoin,0.5494686414090459,0.01953125
flocking_topology_resilient,11003,1.673293044394025,0.6027051443281441,0.6107855902777778,0.8709372897893006,0.5206247897893006,0.54375,0.0,0.45625,0.08125,0.0,0.0,0.28719618055555557,80,0.6295672611081806,1.513176188802705,4.918095714907531,7.712133063182106,0.9779166666666667,1.1871489570406542,2.627837782467611,3.7143141169595593,11.378862720991119,4.546455875675969,6.66875,1.0,0.0,0.0,0.0,1.03125,6.60625,0.82578125,6.063368055555555,0.4416205336009673,0.24207899305555552,0.075,3,0.0375,7,36.48125,0.0375,0.08333333333333326,,3112,597504,0.7199999999999999,0.0,0.0,0.0,0.0,0,1.7625,0.5,4.9625,0.6185980902777778,0.12916666666666668,0.18125,0.175,0.40625,1.6150705856408027,121.39796919271778,0.731202834052965,staggered_rejoin,0.4868238111972949,0.0279166666666667
flocking_topology_resilient,11004,1.944065376427134,0.6462762535033011,0.5696397569444445,0.9309490922925263,0.5659490922925264,0.525,0.0,0.475,0.0875,0.0,0.0,0.1955295138888889,140,0.6577252469885879,1.6389439397502925,4.5522447070635765,10.61022822645923,0.9698437500000001,2.243269299944148,2.075844392100147,3.6813344311044367,15.443755940546083,2.611857660211868,6.66875,1.0,0.0,0.0,0.0,1.0,6.66875,0.83359375,5.900868055555556,0.2383204770078257,0.26239149305555554,0.075,3,0.0,4,34.3375,0.0,0.0,,3116,598272,0.7199999999999999,0.0,0.0,0.0,0.0,0,2.05625,0.875,4.59375,0.5735460069444445,0.15234375,0.5125,0.3125,0.50625,1.6359401756532261,152.56213903599468,0.6859711669385433,staggered_rejoin,0.3610560602497075,0.01984375000000016
flocking_topology_resilient,11005,2.015423316613636,0.5645101243469788,0.5861762152777777,0.8719575500284782,0.5010200500284782,0.51875,0.0,0.48125,0.1,0.0,0.0,0.24813368055555554,80,0.5779512996483406,1.237091453532375,3.071925347528534,5.5340840317756115,0.9982142857142857,1.1717337446679825,1.9935752962190336,3.6909458989286685,11.614781045000907,2.864792524544844,6.66875,1.0,0.0,0.0,0.0,1.01875,6.6125,0.8265625,6.051909722222222,0.15473459349323776,0.24351128472222222,0.075,3,0.025,5,36.03125,0.025,0.125,,3102,595584,0.7199999999999999,0.0,0.0,0.0,0.0,0,1.675,0.5,4.8125,0.5978949652777777,0.1453125,0.26875,0.1625,0.325,1.612877102776514,124.2247094837217,0.7438217080198228,staggered_rejoin,0.7629085464676251,0.048214285714285765
flocking_topology_resilient,11006,3.8381278309833533,0.6873033158687715,0.4317491319444445,1.1727372244862178,0.6067997244862177,0.26875,0.0,0.73125,0.175,0.0,0.0,0.16349826388888888,119,0.6980601562287418,1.1353441156117008,4.444302878356029,8.033942656775375,0.9655208333333334,1.5150360920477797,1.8910177007194995,3.556780648631831,17.40100149525447,3.0161828744826713,6.66875,1.0,0.0,0.0,0.0,1.0,6.66875,0.83359375,5.147743055555556,0.34883524628916984,0.3565321180555555,0.075,3,0.0,4,31.7875,0.0,0.08333333333333326,,3171,608832,0.7199999999999999,0.0,0.0,0.0,0.0,0,1.79375,0.74375,4.6125,0.5747178819444445,0.06875,1.21875,0.725,0.925,1.3601095197726165,165.200692511728,0.6128640410024673,staggered_rejoin,0.8646558843882992,0.015520833333333428
flocking_topology_resilient,11007,2.306021492831989,0.6344563529354,0.5598958333333334,0.9535301883958516,0.5619676883958517,0.49375,0.0,0.50625,0.11875,0.0,0.0,0.2143229166666667,78,0.6437749742132471,1.605698001802374,4.34891361797569,10.596149433060095,0.9695684523809524,1.4971122130565597,1.9422135168815682,3.6458726619502357,15.630102765772978,4.563759703207383,6.66875,1.0,0.0,0.0,0.0,1.01875,6.60625,0.82578125,5.866666666666667,0.08254869770666667,0.26666666666666666,0.075,3,0.05625,9,35.5375,0.05625,0.125,,3109,596928,0.7199999999999999,0.0,0.0,0.0,0.0,0,1.54375,0.4875,4.75,0.5930989583333334,0.137109375,0.325,0.28125,0.55,1.6132071014731835,153.63848906618927,0.7114130000118166,staggered_rejoin,0.3943019981976259,0.019568452380952395
flocking_topology_resilient,11008,3.701784792574643,3.5012354861885804,0.6151909722222347,2.7872785737292634,2.3450910737292636,0.41875,0.0,0.58125,0.0625,0.2,0.00625,0.24913194444445694,3,3.5030426705999558,39.11997241344032,142.19684526983528,175.1589137981122,0.6672991071428571,1.0207663740015687,1.971761952986705,3.5940393503393815,12.101207295379377,3.482552442649086,6.66875,1.0,0.0,0.0,0.0,1.0125,6.61875,0.82734375,5.496527777777778,0.23256716800000002,0.3129340277777778,0.075,3,0.025,5,35.23125,0.0375,0.10416666666666674,,3166,607872,0.7199999999999999,0.0,0.0,0.0,0.0,0,1.21875,0.18125,5.0375,0.6183159722222222,0.0671875000000125,0.7375,0.70625,0.64375,1.3202157634094331,131.34249437856332,0.6697446668986231,staggered_rejoin,37.11997241344032,0.28270089285714284
flocking_topology_resilient,11009,2.5846316553939714,0.6169931212583264,0.5118489583333334,0.9697437487705519,0.535056248770552,0.43125,0.0,0.56875,0.08125,0.0,0.0,0.14739583333333334,82,0.6414755346135452,1.4655744734262433,4.126667599514376,8.981608119160779,0.9770833333333332,1.8826429134127596,1.899509126344358,3.6274056961780206,18.271201969191118,6.5960865511795985,6.66875,1.0,0.0,0.0,0.0,1.00625,6.64375,0.83046875,5.588541666666667,0.22188439897740536,0.3014322916666667,0.075,3,0.025,6,32.66875,0.025,0.125,,3123,599616,0.7199999999999999,0.0,0.0,0.0,0.0,0,1.6875,0.5125,4.46875,0.5576822916666666,0.13541666666666669,0.6375,0.36875,0.75625,1.659926473172233,169.63192668340042,0.664956082822755,staggered_rejoin,0.5344255265737567,0.027083333333333237
flocking_topology_resilient,11010,2.1052425175118725,0.6386909308821036,0.5899739583333333,0.9789964361846584,0.5555589361846585,0.44375,0.0,0.55625,0.0625,0.0,0.0,0.2643229166666667,76,0.6399086909881285,1.5265650969255709,4.77168354611736,7.563241097827029,0.9831473214285715,1.1976836121213188,2.049295976381763,3.6972519089333415,10.814171971896434,5.618717729730514,6.66875,1.0,0.0,0.0,0.0,1.0125,6.63125,0.82890625,6.132291666666666,0.16607703104000002,0.23346354166666666,0.075,3,0.025,5,36.3375,0.025,0.125,,3108,596736,0.7199999999999999,0.0,0.0,0.0,0.0,0,1.68125,0.475,4.8875,0.6087239583333333,0.13515625,0.20625,0.1875,0.325,1.6329896523346314,121.31958671240895,0.7349311660509557,staggered_rejoin,0.47343490307442915,0.033147321428571574
flocking_topology_resilient,11011,2.1385134945769786,0.5959644501441385,0.584201388888889,0.9218099534209594,0.5414974534209595,0.50625,0.0,0.49375,0.1,0.0,0.0,0.2652777777777778,95,0.6129784162391118,1.3923514254149025,3.6877667342235627,7.38538323043361,0.9828125,0.7788288305112988,2.083317246718395,3.675745556168562,10.557634920501219,4.189115115028481,6.66875,1.0,0.0,0.0,0.0,1.05625,6.49375,0.81171875,5.901736111111111,0.38696074385217016,0.2622829861111111,0.075,3,0.05,8,35.9875,0.05,0.08333333333333326,,3105,596160,0.7199999999999999,0.0,0.0,0.0,0.0,0,1.80625,0.59375,4.9625,0.609201388888889,0.114453125,0.11875,0.11875,0.325,1.5989123918897388,125.66035476852042,0.729113208130002,staggered_rejoin,0.6076485745850975,0.03281250000000002
flocking_topology_resilient,11012,2.7766085048280997,0.7243408461237327,0.524609375,0.9996473410662474,0.6352723410662475,0.525,0.0,0.475,0.08125,0.0,0.0,0.19453125,79,0.7378045888439912,1.8642131463512244,5.439692095727491,12.161467605925509,0.9455208333333334,2.167069597828237,2.431647676399158,3.6499725238503897,16.07000243479308,5.574444477480012,6.66875,1.0,0.0,0.0,0.0,1.01875,6.63125,0.82890625,5.796875,0.31641423104,0.275390625,0.075,3,0.025,5,33.9,0.025,0.125,,3123,599616,0.7199999999999999,0.0,0.0,0.0,0.0,0,1.675,0.5125,4.5875,0.573046875,0.13984375,0.56875,0.2875,0.575,1.658826063257484,169.10496007474708,0.6911707499530166,staggered_rejoin,0.13578685364877563,0.00447916666666659
flocking_topology_resilient,11013,1.6677075681914388,0.6116344497200313,0.6079210069444445,0.9904799118147547,0.5436049118147547,0.4125,0.0,0.5875,0.0625,0.0,0.0,0.26167534722222224,119,0.6385555300646243,1.466317112602124,3.7963330781480007,5.7877569440183025,1.0,1.5167539074746257,1.7871946081019843,3.6300557983847836,12.560142634396328,4.017402570035452,6.66875,1.0,0.0,0.0,0.0,1.04375,6.53125,0.81640625,5.353993055555556,0.43011503828916986,0.33075086805555554,0.075,3,0.06875,9,34.84375,0.06875,0.125,,3136,602112,0.7199999999999999,0.0,0.0,0.0,0.0,0,1.78125,0.74375,5.10625,0.6284939236111111,0.040755208333333334,0.725,0.70625,0.65625,1.3873670988619644,152.55918857883893,0.6803570408374071,staggered_rejoin,0.5336828873978761,0.050000000000000044
flocking_topology_resilient,11014,1.865072053047456,0.6403448697906998,0.6034939236111111,0.9408453215379536,0.5811578215379536,0.53125,0.0,0.46875,0.08125,0.0,0.0,0.26636284722222225,78,0.6597523867885676,1.6184022637019044,4.229884508665358,7.937861407460672,0.9890625,1.150592591448291,2.4414650824201756,3.6624401547436802,13.499172378601434,3.2121684291492634,6.66875,1.0,0.0,0.0,0.0,1.0,6.66875,0.83359375,6.096701388888889,0.1507300685568,0.23791232638888887,0.075,3,0.0,4,36.1875,0.0,0.04166666666666663,,3099,595008,0.7199999999999999,0.0,0.0,0.0,0.0,0,1.6375,0.4875,4.8875,0.6097439236111111,0.1421875,0.2125,0.13125,0.4125,1.6322183623067974,149.336610126877,0.719295916846022,staggered_rejoin,0.38159773629809557,0.0390625
flocking_topology_resilient,11015,2.299792132263457,0.7094872251292949,0.5661241319444444,0.9714804988115722,0.607730498811572,0.525,0.0,0.475,0.075,0.0,0.0,0.22209201388888888,78,0.7406752326384237,2.0340318250756875,6.080752116014775,17.905750119333092,0.9383184523809524,1.707450315645972,2.3095170293568894,3.646615844095765,15.314178501287174,2.6289071611402153,6.66875,1.0,0.0,0.0,0.0,1.05,6.49375,0.81171875,5.816493055555556,0.2557499739729511,0.27293836805555555,0.075,3,0.025,6,34.73125,0.025,0.0,,3124,599808,0.7199999999999999,0.0,0.0,0.0,0.0,0,1.59375,0.4875,4.7625,0.5942491319444445,0.12421875,0.2875,0.21875,0.45625,1.6347788132974563,148.15122011923478,0.7118347079958767,staggered_rejoin,0.03403182507568747,0.011681547619047605
flocking_topology_resilient,11016,1.91112180298907,0.6755517832748662,0.615451388888889,0.9741048123647978,0.5991048123647977,0.5125,0.0,0.4875,0.09375,0.0,0.0,0.30668402777778403,22,0.6810601917528908,1.7471650119922941,4.6801860595158296,9.870883191845591,0.94765625,1.3941764390842222,2.471603976283739,3.709446150101235,8.801286892010172,5.999669305848133,6.66875,1.0,0.0,0.0,0.0,1.01875,6.6125,0.8265625,6.129861111111111,0.26342733711360006,0.23376736111111113,0.075,3,0.025,5,37.4875,0.03125,0.14583333333333326,,3102,595584,0.7199999999999999,0.0,0.0,0.0,0.0,0,1.65,0.45,5.1,0.6263888888888889,0.12812500000000626,0.04375,0.025,0.325,1.6119315993955976,111.36134837486927,0.7591924171429127,staggered_rejoin,0.2528349880077059,0.002343749999999978
flocking_topology_resilient,11017,1.9838260571307467,0.5863705723508877,0.5551866319444445,0.8916089526398518,0.5312964526398518,0.53125,0.0,0.46875,0.0875,0.0,0.0,0.19787326388888887,79,0.6187196385288841,1.4025792301087994,3.898539669210167,5.508640801011912,0.99453125,1.690614974892421,1.957101226763274,3.658247102071164,16.85780686646806,4.180138524110861,6.66875,1.0,0.0,0.0,0.0,1.00625,6.65,0.83125,5.8102430555555555,0.168492112,0.27371961805555556,0.075,3,0.025,5,34.0875,0.025,0.125,,3147,604224,0.7199999999999999,0.0,0.0,0.0,0.0,0,1.65625,0.49375,4.58125,0.5700303819444444,0.14296875,0.49375,0.275,0.575,1.6621604999497852,160.34797617337463,0.6809952498879284,staggered_rejoin,0.5974207698912006,0.04453125000000002
flocking_topology_resilient,11018,1.8721830647788398,0.6726057035165318,0.5882378472222223,0.9647516039627643,0.5944391039627643,0.51875,0.0,0.48125,0.09375,0.0,0.0,0.24210069444444443,93,0.685302853899592,1.7577801270512503,4.591194467333545,8.355409891518919,0.9805059523809524,2.165085682297352,2.034457473297241,3.62358871227451,15.61936278809874,4.194050100702693,6.66875,1.0,0.0,0.0,0.0,1.0,6.66875,0.83359375,6.087152777777778,0.1341283480295016,0.23910590277777777,0.075,3,0.0,4,35.88125,0.0,0.10416666666666663,,3132,601344,0.7199999999999999,0.0,0.0,0.0,0.0,0,1.75,0.58125,4.78125,0.5937065972222222,0.15546875,0.2125,0.1875,0.425,1.6209700415037802,151.24387485083378,0.7022648749407381,staggered_rejoin,0.2422198729487497,0.03050595238095244
flocking_topology_resilient,11019,2.7381212161173996,0.6613353767473239,0.4911241319444445,1.0101681980526536,0.6039181980526535,0.475,0.0,0.525,0.125,0.0,0.0,0.13172743055555555,81,0.6806020846830758,1.6274212594973059,4.580767837558786,6.763723480683405,0.9770312499999999,1.5754836409473476,2.1485946928255855,3.6462793653393293,20.25045380477099,4.154589590465105,6.66875,1.0,0.0,0.0,0.0,1.03125,6.58125,0.82265625,5.526909722222222,0.241274968,0.3091362847222222,0.075,3,0.05,7,32.98125,0.05,0.14583333333333326,,3127,600384,0.7199999999999999,0.0,0.0,0.0,0.0,0,1.575,0.5125,4.4875,0.5541449652777778,0.13515625,0.7,0.26875,0.64375,1.670035874300429,176.29012496088998,0.6635173750109971,staggered_rejoin,0.37257874050269413,0.02703124999999995
flocking_topology_resilient,11020,2.656930245756775,0.6337163943360509,0.5122178819444445,1.0620100332400113,0.6473225332400114,0.46875,0.0,0.53125,0.1625,0.3076923076923077,0.025,0.17912326388888888,83,0.7068042952834557,1.7673167620137988,4.827060103448676,29.665069378755287,0.9620014880952381,1.2211427267772317,2.006509732097736,3.6431753820157,16.16830796534889,2.6332682393886393,6.66875,1.0,0.0,0.0,0.0,1.01875,6.63125,0.82890625,5.772743055555556,0.3177041028352,0.2784071180555555,0.075,3,0.025,5,33.88125,0.025,0.125,,3118,598656,0.7199999999999999,0.0,0.0,0.0,0.0,0,1.64375,0.51875,4.55625,0.5676866319444445,0.14609375,0.5125,0.25,0.55625,1.6592250961893888,162.77362827077468,0.6745461248792708,staggered_rejoin,0.23268323798620116,0.012001488095238155
flocking_topology_resilient,11021,2.6690687511280196,0.7492572598819407,0.5236979166666667,1.0494590221256388,0.669146522125639,0.50625,0.0,0.49375,0.1,0.0,0.0,0.16145833333333331,78,0.7402268107717312,1.9271663117727833,5.479933574538083,7.553419480453942,0.95578125,1.1775726718558426,2.0669278732994045,3.673096604116162,15.298194610828897,5.862454370247346,6.66875,1.0,0.0,0.0,0.0,1.01875,6.63125,0.82890625,5.708333333333333,0.20797355764838404,0.28645833333333337,0.075,3,0.025,5,33.0375,0.025,0.125,,3136,602112,0.7199999999999999,0.0,0.0,0.0,0.0,0,1.675,0.4875,4.4625,0.5572916666666666,0.14140625,0.675,0.30625,0.53125,1.6546514657519389,158.77926389703177,0.6650000000372529,staggered_rejoin,0.0728336882272167,0.005781250000000071
flocking_topology_resilient,11022,1.864157754706916,0.6071448827014877,0.5127604166666667,0.950454455979153,0.547641955979153,0.48125,0.0,0.51875,0.1375,0.0,0.0,0.11458333333333333,140,0.6358181743317264,1.4640799091337446,3.570150250623272,6.390723012855375,0.99375,0.6321266452654604,1.980545035909514,3.6776230709360305,23.707762259293627,6.115634223671751,6.66875,1.0,0.0,0.0,0.0,1.00625,6.65,0.83125,5.502083333333333,0.3029504770078256,0.3122395833333333,0.075,3,0.025,5,31.4375,0.025,0.125,,3128,600576,0.7199999999999999,0.0,0.0,0.0,0.0,0,2.0875,0.875,4.26875,0.5299479166666667,0.14296875,0.7875,0.30625,0.95,1.66579812477207,186.63244326830375,0.6390843749977648,staggered_rejoin,0.5359200908662554,0.04375000000000007
flocking_topology_resilient,11023,1.8366695605380263,0.6297022653641605,0.5918619791666667,0.9371073086504836,0.5880448086504837,0.54375,0.0,0.45625,0.06875,0.125,0.00625,0.24934895833333334,78,0.6765352893043937,1.7246322783053885,4.626633758870574,11.602264746959383,0.9668526785714284,1.2347984892576698,1.9999227860088271,3.6258023931020418,14.897333296782733,4.134405737997293,6.66875,1.0,0.0,0.0,0.0,1.01875,6.59375,0.82421875,5.997395833333334,0.1334276,0.2503255208333333,0.075,3,0.025,5,35.63125,0.025,0.125,,3108,596736,0.7199999999999999,0.0,0.0,0.0,0.0,0,1.625,0.4875,4.83125,0.5996744791666667,0.13515625,0.2875,0.25625,0.375,1.55392265070267,159.19489888053337,0.714052707888186,staggered_rejoin,0.27536772169461154,0.01685267857142847
flocking_topology_resilient,11024,3.75312675529579,0.6406619069274048,0.44216579861111105,1.0798887835400657,0.5939512835400654,0.36875,0.0,0.63125,0.125,1.0,0.01875,0.15776909722222224,71,0.9483529183550865,3.090326384103844,4.148023228772016,165.25197790177765,0.9608854166666667,1.1297331033370308,2.075748657129057,3.561006515235875,17.017932500552945,1.949896774453395,6.66875,1.0,0.0,0.0,0.0,1.0125,6.65625,0.83203125,5.106076388888889,0.32940911714247756,0.36174045138888894,0.075,3,0.025,5,31.34375,0.025,0.0625,,3164,607488,0.7199999999999999,0.0,0.0,0.0,0.0,0,1.5,0.44375,4.5875,0.571072048611111,0.06640625,1.1125,0.725,1.01875,1.3609721954101908,157.90463445835718,0.6061472499277443,staggered_rejoin,1.090326384103844,0.010885416666666758
flocking_topology_resilient,11025,2.205143385530585,0.642450124662716,0.5454427083333333,0.9639823112523057,0.5564823112523059,0.475,0.0,0.525,0.1375,0.0,0.0,0.20494791666666665,81,0.659536368592503,1.560041212732333,4.4625787138269235,10.228752608826245,0.9671130952380953,3.5025920333933716,2.078745484886782,3.6529182759394745,15.9943276001984,3.1518859212793595,6.66875,1.0,0.0,0.0,0.0,1.025,6.56875,0.82109375,5.813541666666667,0.28649457898647557,0.2733072916666667,0.075,3,0.025,5,34.1375,0.025,0.25,,3119,598848,0.7199999999999999,0.0,0.0,0.0,0.0,0,1.69375,0.5125,4.61875,0.5759114583333333,0.13828125,0.41875,0.31875,0.50625,1.5940958970639667,163.76578388386747,0.7023431248962879,staggered_rejoin,0.4399587872676669,0.017113095238095344
flocking_topology_resilient,11026,2.3648088597107053,0.6431095485162754,0.5387586805555555,0.967501841917094,0.5706268419170941,0.4875,0.0,0.5125,0.125,0.0,0.0,0.18298611111111113,79,0.6678715825903724,1.654300557336716,4.115289073765775,7.451001537936361,0.9750297619047619,2.2484140024306676,1.9100035527082901,3.621828344151035,19.119455650145174,3.9196030340189822,6.66875,1.0,0.0,0.0,0.0,1.00625,6.65,0.83125,5.825694444444444,0.20425940567040005,0.27178819444444446,0.075,3,0.025,5,34.7375,0.025,0.125,,3140,602880,0.7199999999999999,0.0,0.0,0.0,0.0,0,1.6125,0.49375,4.625,0.5743055555555555,0.14921875,0.49375,0.25625,0.5125,1.6524209892911528,160.01274859293258,0.7189473339822143,staggered_rejoin,0.345699442663284,0.025029761904761916
flocking_topology_resilient,11027,1.8594144784093525,0.6217007109492516,0.52109375,0.9434254507821931,0.5537379507821931,0.49375,0.0,0.50625,0.1,0.0,0.0,0.12209201388888888,81,0.6376819423095494,1.497972730250415,4.229201091828204,6.202671858543871,0.98859375,1.2229214181845125,2.084318908874631,3.706729349031646,21.312831058611515,6.704899391375538,6.66875,1.0,0.0,0.0,0.0,1.0125,6.64375,0.83046875,5.519618055555556,0.23156444565314221,0.31004774305555555,0.075,3,0.025,6,31.5375,0.025,0.0,,3120,599040,0.7199999999999999,0.0,0.0,0.0,0.0,0,1.71875,0.5375,4.275,0.534375,0.14229600694444444,0.8,0.29375,0.8875,1.6879258554569916,182.08379870143514,0.6630623331293464,staggered_rejoin,0.5020272697495849,0.03859375000000009
flocking_topology_resilient,11028,2.670280871073373,0.6402547947450515,0.54609375,0.9415656768448963,0.5700031768448964,0.51875,0.0,0.48125,0.10625,0.14285714285714285,0.00625,0.21953125,77,0.6531221723411941,1.5301850710594276,4.99376508668878,8.658020301285656,0.9537425595238096,1.9279725992691896,1.9243854726780576,3.6671489507785777,14.35511810282838,3.7167309013419634,6.66875,1.0,0.0,0.0,0.0,1.025,6.61875,0.82734375,5.90625,0.12230553600000002,0.26171875,0.075,3,0.025,5,34.98125,0.025,0.0,,3107,596544,0.7199999999999999,0.0,0.0,0.0,0.0,0,1.58125,0.48125,4.725,0.590625,0.13828125,0.475,0.225,0.4375,1.5787134573085548,148.33431884428484,0.7148046668153256,staggered_rejoin,0.4698149289405724,0.003742559523809641
flocking_topology_resilient,11029,2.5176375082819407,0.7157681882301091,0.526150173611111,1.0087233621094245,0.6549733621094245,0.5375,0.0,0.4625,0.06875,0.0,0.0,0.20360243055555555,80,0.7258386467460162,1.98817262046273,4.908757415729245,8.528407372720876,0.9666666666666666,2.4632017682644447,1.9973631664876854,3.6403465919773033,15.767955299788472,4.489494987339145,6.66875,1.0,0.0,0.0,0.0,1.0,6.66875,0.83359375,5.939409722222222,0.17008089066666668,0.25757378472222225,0.075,3,0.0,4,35.1375,0.0,0.125,,3137,602304,0.7199999999999999,0.0,0.0,0.0,0.0,0,1.61875,0.51875,4.6875,0.5830512152777778,0.15234375,0.425,0.23125,0.4625,1.5974552395323347,151.75538906636737,0.7092399580869824,staggered_rejoin,0.011827379537270089,0.016666666666666607
flocking_robust_active,11000,2.100963325883773,0.6157436874092528,0.7622023809523808,0.9182838069094729,0.5882838069094729,0.575,0.0,0.425,0.1125,0.2727272727272727,0.01875,0.5613839285714286,77,0.7051732166640547,1.8414882651477842,4.481703474880204,18.430546274307492,0.97734375,0.0,2.1155037063465105,3.6962323867346116,4.941272428695855,1.955492299231966,8.0,1.0,0.0,0.1875,0.13333333333333333,1.0,8.0,1.0,7.88125,0.0,0.0,0.0,0,0.0,0,0.0,0.0,0.0,,3376,648192,0.7199999999999999,0.0,0.0,0.0,0.0,0,1.50625,0.48125,5.99375,0.7622023809523808,0.23389136904761906,0.00625,0.00625,0.11875,1.5479325416913992,170.87090745250376,0.913479374954477,flapping_reconnect,0.1585117348522158,0.02734375
flocking_robust_active,11001,2.2779477232036367,0.7021581456780791,0.7646428571428571,1.0246925461949499,0.6903175461949497,0.5625,0.0,0.4375,0.0625,0.375,0.01875,0.5583928571428571,76,0.9421728990763086,3.3893917664367867,5.606990968200488,143.21746583837304,0.9473437499999999,0.0,1.9532803404951422,3.7002190597850593,4.963998656254813,1.8390391276438236,8.0,1.0,0.0,0.1875,0.03333333333333333,1.0,8.0,1.0,7.83125,0.0,0.0,0.0,0,0.0,0,0.0,0.0,0.0,,3437,659904,0.7199999999999999,0.0,0.0,0.0,0.0,0,1.475,0.475,5.975,0.7658928571428572,0.23410714285714285,0.03125,0.03125,0.1625,1.5341766113688304,128.5878919044587,0.9395578328985721,flapping_reconnect,1.3893917664367867,0.0026562500000000266
flocking_robust_active,11002,2.2322067206598395,0.6193501988627859,0.7597619047619047,0.886112015729163,0.5517370157291629,0.5625,0.0,0.4375,0.0625,0.0,0.0,0.5599999999999999,77,0.6151390583139291,1.407640478247906,3.5270632663220285,5.578241165417568,0.9814732142857142,0.0,1.969667069225278,3.68224881753475,4.987378332392019,1.8754665142895,8.0,1.0,0.0,0.1875,0.03333333333333333,1.0,8.0,1.0,7.94375,0.0,0.0,0.0,0,0.0,0,0.0,0.0,0.0,,3365,646080,0.7199999999999999,0.0,0.0,0.0,0.0,0,1.48125,0.48125,6.05625,0.7627380952380952,0.23726190476190476,0.0,0.0,0.05625,1.5295595666096127,177.23292741455725,0.9342485000379384,flapping_reconnect,0.592359521752094,0.03147321428571426
flocking_robust_active,11003,2.175487341862077,0.6591036562782852,0.7551339285714286,0.9270212680589207,0.5820212680589207,0.55,0.0,0.45,0.075,0.0,0.0,0.5633928571428571,80,0.6969118806523871,1.857290167458585,5.192065662203855,11.842470567872779,0.9604687500000001,0.0,2.127326576616099,3.7056332299104824,5.020682472507551,1.896729588220002,8.0,1.0,0.0,0.1875,0.03333333333333333,1.0,8.0,1.0,7.86875,0.0,0.0,0.0,0,0.0,0,0.0,0.0,0.0,,3453,662976,0.7199999999999999,0.0,0.0,0.0,0.0,0,1.50625,0.4875,5.93125,0.7559151785714285,0.24095982142857145,0.0,0.0,0.13125,1.582380794068202,127.71181651570991,0.9538848751690239,flapping_reconnect,0.1427098325414149,0.010468750000000138
flocking_robust_active,11004,2.2728311219462007,0.6526948428997588,0.7542410714285714,0.9274959721600882,0.5831209721600881,0.55,0.0,0.45,0.06875,0.0,0.0,0.5580357142857142,79,0.658006880774939,1.6579351884495004,4.086285035079392,10.227730988722065,0.975,0.0,2.069633545296331,3.6870820469141647,4.913522882098908,1.8966790552567137,8.0,1.0,0.0,0.1875,0.03333333333333333,1.0,8.0,1.0,7.84375,0.0,0.0,0.0,0,0.0,0,0.0,0.0,0.0,,3369,646848,0.7199999999999999,0.0,0.0,0.0,0.0,0,1.49375,0.4875,5.9125,0.7568080357142857,0.24162946428571427,0.01875,0.01875,0.15,1.5531385454781936,159.88525686293556,0.9094869161490351,flapping_reconnect,0.3420648115504996,0.025000000000000022
flocking_robust_active,11005,2.062787421852903,0.6745351410442476,0.7625,0.926841827990166,0.6059043279901658,0.58125,0.0,0.41875,0.06875,0.0,0.0,0.5640625,77,0.6840859339433917,1.7764959547441683,4.9937554605744054,8.878053795432063,0.9616071428571429,0.0,2.002241205959275,3.6986662446981042,4.937286241782859,1.8470503400967833,8.0,1.0,0.0,0.1875,0.1,1.0,8.0,1.0,7.85625,0.0,0.0,0.0,0,0.0,0,0.0,0.0,0.0,,3363,645696,0.7199999999999999,0.0,0.0,0.0,0.0,0,1.48125,0.475,5.96875,0.7625,0.23671875,0.0,0.0,0.14375,1.540485458289286,133.22592863271458,0.9378078749869019,flapping_reconnect,0.22350404525583167,0.011607142857142927
flocking_robust_active,11006,2.2455604269621037,0.6594983567647836,0.7602678571428572,0.9591193713805197,0.6200568713805197,0.55625,0.0,0.44375,0.0625,0.0,0.0,0.5571428571428572,77,0.7092965283847374,1.8547311485286713,4.713689588873355,8.116399453446867,0.97109375,0.0,1.8720418435516337,3.6904021386100823,4.9635708878762035,1.8643644690045302,8.0,1.0,0.0,0.1875,0.03333333333333333,1.0,8.0,1.0,7.8875,0.0,0.0,0.0,0,0.0,0,0.0,0.0,0.0,,3446,661632,0.7199999999999999,0.0,0.0,0.0,0.0,0,1.48125,0.48125,5.98125,0.7602678571428572,0.2397321428571429,0.0,0.0,0.1125,1.5331645522836561,170.49975771894296,0.9434263331349939,flapping_reconnect,0.14526885147132873,0.021093750000000022
flocking_robust_active,11007,2.125741982737626,0.6058321447069256,0.75546875,0.8716142021572375,0.5416142021572375,0.575,0.0,0.425,0.1125,0.0,0.0,0.5578125,78,0.6286480807866697,1.4715331885644622,3.6940407768694246,7.634948375927941,0.9774925595238095,0.0,1.8207643248117353,3.7026706925930726,4.882157621915185,1.937215892409236,8.0,1.0,0.0,0.1875,0.06666666666666667,1.0,8.0,1.0,7.875,0.0,0.0,0.0,0,0.0,0,0.0,0.0,0.0,,3359,644928,0.7199999999999999,0.0,0.0,0.0,0.0,0,1.5,0.4875,5.93125,0.75546875,0.24140625,0.0,0.0,0.125,1.5502607895034632,167.25191481098136,0.9091312501113862,flapping_reconnect,0.5284668114355378,0.02749255952380958
flocking_robust_active,11008,2.209522603517132,0.596427549330765,0.7516741071428571,0.885967803259355,0.5469053032593549,0.55625,0.0,0.44375,0.0625,0.0,0.0,0.5580357142857142,78,0.6329827241532386,1.5049073083597058,3.4417569448700513,5.09527427160483,0.9888020833333334,0.0,1.9102188311402775,3.7042039258835837,4.991667627359172,1.8953486798003651,8.0,1.0,0.0,0.1875,0.03333333333333333,1.0,8.0,1.0,7.95,0.0,0.0,0.0,0,0.0,0,0.0,0.0,0.0,,3348,642816,0.7199999999999999,0.0,0.0,0.0,0.0,0,1.5125,0.4875,6.0,0.7555803571428571,0.2397321428571429,0.0,0.0,0.05,1.538209699517997,134.54286228254978,0.9298218328040093,flapping_reconnect,0.49509269164029424,0.03880208333333346
flocking_robust_active,11009,2.270595030368747,0.6546077765399353,0.7671651785714285,0.9475573429147637,0.6219323429147636,0.575,0.0,0.425,0.06875,0.2,0.0125,0.5731026785714286,76,0.9725164172380191,3.59131078277427,3.925820143604241,180.9553282294365,0.9622767857142858,0.0,1.8612517157334856,3.6799462869475477,4.8900433032381825,1.9410348333301648,8.0,1.0,0.0,0.1875,0.03333333333333333,1.0,8.0,1.0,7.64375,0.0,0.0,0.0,0,0.0,0,0.0,0.0,0.0,,3361,645312,0.7199999999999999,0.0,0.0,0.0,0.0,0,1.475,0.46875,5.85,0.7716964285714285,0.22752232142857146,0.10625,0.08125,0.3125,1.566115472591775,181.92837935072816,0.8880082501564175,flapping_reconnect,1.5913107827742698,0.01227678571428581
flocking_robust_active,11010,2.2726862071612954,0.6753257738117209,0.7582366071428571,0.9269410830799615,0.5878785830799617,0.55625,0.0,0.44375,0.0625,0.0,0.0,0.5580357142857142,78,0.6605146458588161,1.6052842340363533,4.353081879844752,6.369342421583486,0.9737723214285715,0.0,1.939945232523683,3.7001199856571056,4.9375081599409985,1.8772613186570546,8.0,1.0,0.0,0.1875,0.03333333333333333,1.0,8.0,1.0,7.8375,0.0,0.0,0.0,0,0.0,0,0.0,0.0,0.0,,3437,659904,0.7199999999999999,0.0,0.0,0.0,0.0,0,1.5,0.4875,5.91875,0.7582366071428571,0.23941964285714284,0.01875,0.01875,0.15625,1.5669290001535363,128.38331543512402,0.934383959043771,flapping_reconnect,0.39471576596364666,0.023772321428571552
flocking_robust_active,11011,2.120921572104725,0.6187594463476587,0.7637276785714285,0.8905789613381401,0.5602664613381401,0.56875,0.0,0.43125,0.06875,0.0,0.0,0.5633928571428571,76,0.6342944600110112,1.5298160574825683,3.6080779595712142,8.023684196020422,0.9745312500000001,0.0,1.9281723465440326,3.6951251424670715,4.9397235062001865,1.8673140561489237,8.0,1.0,0.0,0.1875,0.03333333333333333,1.0,8.0,1.0,7.8625,0.0,0.0,0.0,0,0.0,0,0.0,0.0,0.0,,3363,645696,0.7199999999999999,0.0,0.0,0.0,0.0,0,1.48125,0.46875,6.0125,0.7660714285714285,0.23236607142857144,0.0,0.0,0.1375,1.5401724463888329,125.15775423865027,0.946020333096385,flapping_reconnect,0.4701839425174317,0.024531250000000115
flocking_robust_active,11012,2.185402823012489,0.6487848179302819,0.7602678571428572,0.9117213634564865,0.5726588634564864,0.55625,0.0,0.44375,0.0625,0.125,0.00625,0.5588169642857143,77,0.672510300208837,1.6765779462014432,4.290599913372224,8.655889662533564,0.97578125,0.0,2.0995677319078516,3.6806162166720098,5.0410080195216995,1.9262131487851542,8.0,1.0,0.0,0.1875,0.03333333333333333,1.0,8.0,1.0,7.875,0.0,0.0,0.0,0,0.0,0,0.0,0.0,0.0,,3673,705216,0.7199999999999999,0.0,0.0,0.0,0.0,0,1.4875,0.48125,5.975,0.7602678571428572,0.23895089285714288,0.01875,0.01875,0.11875,1.5649346172452416,174.2716685446352,0.9753300829324871,flapping_reconnect,0.3234220537985568,0.02578125000000009
flocking_robust_active,11013,2.1863242006009043,0.6406516015721955,0.76171875,0.9130700565159314,0.5693200565159314,0.55,0.0,0.45,0.0625,0.0,0.0,0.55,76,0.648636279895715,1.6172528360423957,4.329446625438342,7.372816321808448,0.98203125,0.0,1.9055991090151878,3.6924706235861655,4.991760912243709,1.9081644775433972,8.0,1.0,0.0,0.1875,0.0,1.0,8.0,1.0,7.91875,0.0,0.0,0.0,0,0.0,0,0.0,0.0,0.0,,3428,658176,0.7199999999999999,0.0,0.0,0.0,0.0,0,1.48125,0.475,6.025,0.7625,0.23671875,0.0,0.0,0.08125,1.5487151149697667,152.69337060720247,0.9488557919394225,flapping_reconnect,0.38274716395760433,0.03203125000000007
flocking_robust_active,11014,2.1480504672724647,0.6622902572405676,0.7572544642857142,0.9393836191993626,0.6050086191993627,0.5625,0.0,0.4375,0.0625,0.0,0.0,0.5677455357142858,77,0.6824936407527489,1.7306777500111294,4.154219950861696,6.313933646050513,0.98046875,0.0,2.1057533527143955,3.7024234416037993,4.855605351396763,1.8829044756435231,8.0,1.0,0.0,0.1875,0.03333333333333333,1.0,8.0,1.0,7.9,0.0,0.0,0.0,0,0.0,0,0.0,0.0,0.0,,3349,643008,0.7199999999999999,0.0,0.0,0.0,0.0,0,1.5,0.48125,6.0125,0.7616071428571429,0.23604910714285712,0.0,0.0,0.1,1.541926498157256,153.4525827081681,0.9138966661412269,flapping_reconnect,0.26932224998887055,0.030468750000000044
flocking_robust_active,11015,2.1899638035691757,0.6951913418100208,0.7597098214285714,0.9706196703389743,0.6215571703389743,0.54375,0.0,0.45625,0.06875,0.0,0.0,0.5552455357142857,78,0.7008721458944741,1.8396920846638694,4.3088657471624074,7.435430515875559,0.9590029761904763,0.0,2.0333706200706443,3.703425303579846,4.886116408166272,1.8603175308816347,8.0,1.0,0.0,0.1875,0.0,1.0,8.0,1.0,7.825,0.0,0.0,0.0,0,0.0,0,0.0,0.0,0.0,,3435,659520,0.7199999999999999,0.0,0.0,0.0,0.0,0,1.5,0.48125,5.94375,0.7620535714285713,0.23560267857142855,0.00625,0.00625,0.175,1.5340682645810646,153.05336084588603,0.9123163330368698,flapping_reconnect,0.16030791533613065,0.009002976190476297
flocking_robust_active,11016,2.1386911104171866,0.6314320142163996,0.7599702380952381,0.8866041871341117,0.5569166871341118,0.56875,0.0,0.43125,0.0625,0.0,0.0,0.5645833333333334,76,0.6622113775059529,1.6418312363728114,4.464007574224209,6.83292107889109,0.9650520833333334,0.0,2.024339968231108,3.712230209306423,4.9258708531777735,1.848724433432069,8.0,1.0,0.0,0.1875,0.03333333333333333,1.0,8.0,1.0,7.89375,0.0,0.0,0.0,0,0.0,0,0.0,0.0,0.0,,3375,648000,0.7199999999999999,0.0,0.0,0.0,0.0,0,1.4875,0.475,6.0,0.7624255952380953,0.23444940476190473,0.0,0.0,0.10625,1.5422149651943353,114.50786110880617,0.9285530000925064,flapping_reconnect,0.35816876362718864,0.01505208333333341
flocking_robust_active,11017,2.1875563482848643,0.6142573224584791,0.7563244047619048,0.880392794708347,0.5460177947083469,0.5625,0.0,0.4375,0.0625,0.0,0.0,0.5543526785714286,77,0.6325339707585788,1.481387242770138,3.693712425498314,7.097828431109879,0.98046875,0.0,1.8433973012691944,3.678638107753179,5.025273262080871,1.9327341051196598,8.0,1.0,0.0,0.1875,0.03333333333333333,1.0,8.0,1.0,7.9375,0.0,0.0,0.0,0,0.0,0,0.0,0.0,0.0,,3441,660672,0.7199999999999999,0.0,0.0,0.0,0.0,0,1.5,0.48125,6.0375,0.7608630952380953,0.2357886904761905,0.0,0.0,0.0625,1.5684163792932466,164.0982022302345,0.9564276661258191,flapping_reconnect,0.518612757229862,0.030468750000000044
flocking_robust_active,11018,2.0810184704546657,0.6857969027273436,0.7551339285714286,0.9716096176441702,0.63254711764417,0.55625,0.0,0.44375,0.0625,0.0,0.0,0.5589285714285714,78,0.7172992440048329,1.8875727528007622,4.591289336802505,6.370084199574546,0.9606398809523811,0.0,2.0818945519754473,3.691008249006882,4.9403611651608745,1.932944312669618,8.0,1.0,0.0,0.1875,0.03333333333333333,1.0,8.0,1.0,7.8125,0.0,0.0,0.0,0,0.0,0,0.0,0.0,0.0,,3432,658944,0.7199999999999999,0.0,0.0,0.0,0.0,0,1.5,0.4875,5.88125,0.7568080357142857,0.2408482142857143,0.03125,0.03125,0.175,1.5644957365308998,157.92940952179387,0.932730375090614,flapping_reconnect,0.1124272471992378,0.010639880952381109
flocking_robust_active,11019,2.294489846755512,0.6728842786180551,0.7660714285714285,0.9930407739432863,0.6586657739432863,0.5625,0.0,0.4375,0.0625,0.2857142857142857,0.0125,0.5633928571428571,75,0.9984938217811608,3.70033772660976,4.318419619343778,216.0006336316434,0.9599330357142858,0.0,1.9839941657757543,3.6830379480452526,4.9461461112700515,1.9660771325725428,8.0,1.0,0.0,0.1875,0.03333333333333333,1.0,8.0,1.0,7.86875,0.0,0.0,0.0,0,0.0,0,0.0,0.0,0.0,,3376,648192,0.7199999999999999,0.0,0.0,0.0,0.0,0,1.475,0.46875,6.0,0.7660714285714285,0.23314732142857145,0.0375,0.0375,0.11875,1.5344208208079257,188.72256933636177,0.916311499895528,flapping_reconnect,1.7003377266097601,0.009933035714285832
flocking_robust_active,11020,2.214789627615072,0.5892471788885416,0.7619791666666667,0.9428163505311986,0.6218788505311985,0.58125,0.0,0.41875,0.06875,0.25,0.01875,0.5670386904761905,77,0.9572690698003862,3.3812390755428,4.472822077773143,165.16030063915832,0.9671875,0.0,2.002548614549742,3.6882686259886506,4.960517380698699,1.8942454069873158,8.0,1.0,0.0,0.1875,0.03333333333333333,1.0,8.0,1.0,7.8125,0.0,0.0,0.0,0,0.0,0,0.0,0.0,0.0,,3431,658752,0.7199999999999999,0.0,0.0,0.0,0.0,0,1.49375,0.475,5.9375,0.7636532738095239,0.2340029761904762,0.025,0.025,0.18125,1.5630759131091096,171.06270929705138,0.9412123749498278,flapping_reconnect,1.3812390755428,0.017187500000000022
flocking_robust_active,11021,2.2274897830974862,0.6921598290963925,0.7572916666666666,0.948139601770684,0.6137646017706839,0.5625,0.0,0.4375,0.0625,0.0,0.0,0.5515625,78,0.6722066143897834,1.6899485003491985,4.002368773737889,5.56824681821082,0.96640625,0.0,2.0609620226571645,3.684300125076858,4.985505732084016,1.9455692478565827,8.0,1.0,0.0,0.1875,0.0,1.0,8.0,1.0,7.8875,0.0,0.0,0.0,0,0.0,0,0.0,0.0,0.0,,3395,651840,0.7199999999999999,0.0,0.0,0.0,0.0,0,1.49375,0.4875,5.9625,0.7572916666666666,0.2411458333333333,0.0,0.0,0.1125,1.5887142260816838,169.7805373767941,0.9308334169909358,flapping_reconnect,0.3100514996508015,0.016406250000000067
flocking_robust_active,11022,2.266594160011322,0.7009332035745518,0.7629464285714286,1.0048046935210333,0.6704296935210334,0.5625,0.0,0.4375,0.0625,0.2857142857142857,0.0125,0.5571428571428572,75,0.9898431203785191,3.72046946031641,5.306978083530465,203.36969320992628,0.9452976190476191,0.0,2.0294471439056725,3.6782840612004435,4.88720643482975,1.9511397874221739,8.0,1.0,0.0,0.1875,0.03333333333333333,1.0,8.0,1.0,7.75,0.0,0.0,0.0,0,0.0,0,0.0,0.0,0.0,,3370,647040,0.7199999999999999,0.0,0.0,0.0,0.0,0,1.49375,0.46875,5.875,0.7652901785714286,0.23158482142857145,0.0125,0.0125,0.25,1.5609726743577745,203.6159140531937,0.9129921251442283,flapping_reconnect,1.72046946031641,0.004702380952380847
flocking_robust_active,11023,2.2051456675197354,0.5967929568214204,0.7589285714285714,0.8662988339629216,0.5272363339629216,0.55625,0.0,0.44375,0.0625,0.0,0.0,0.5571428571428572,77,0.6374498130676718,1.517609836599374,4.5356752108216645,5.791434535876634,0.98125,0.0,1.9411447335999266,3.6907062799966304,4.972209648817757,1.862242161146496,8.0,1.0,0.0,0.1875,0.03333333333333333,1.0,8.0,1.0,7.91875,0.0,0.0,0.0,0,0.0,0,0.0,0.0,0.0,,3384,649728,0.7199999999999999,0.0,0.0,0.0,0.0,0,1.49375,0.48125,6.0,0.7589285714285714,0.23939732142857145,0.0,0.0,0.08125,1.5340215169356057,170.85202395185615,0.9449506669770926,flapping_reconnect,0.482390163400626,0.03125
flocking_robust_active,11024,2.2623947493793524,0.7802947200491281,0.7621651785714285,1.009697857135499,0.6890728571354992,0.5875,0.0,0.4125,0.1125,0.16666666666666666,0.0125,0.5665178571428571,76,1.0097965011070111,3.847619403858617,4.758884732143775,165.25197790177765,0.9426041666666667,0.0,2.0399325097839007,3.683902617693841,4.971805782611469,1.8972634466135418,8.0,1.0,0.0,0.1875,0.1,1.0,8.0,1.0,7.90625,0.0,0.0,0.0,0,0.0,0,0.0,0.0,0.0,,3365,646080,0.7199999999999999,0.0,0.0,0.0,0.0,0,1.5,0.475,6.01875,0.7629464285714286,0.23236607142857144,0.0,0.0,0.09375,1.5352348546911412,163.13710970985116,0.9342857089359313,flapping_reconnect,1.8476194038586171,0.007395833333333268
flocking_robust_active,11025,2.266908737908182,0.5857037545327807,0.7627976190476191,0.9385834423686494,0.6042084423686495,0.5625,0.0,0.4375,0.0625,0.625,0.03125,0.5547619047619048,76,0.952522957448913,3.263941686389196,4.045409731152102,158.66071748991772,0.95703125,0.0,1.9765131330541805,3.68775442049009,5.005173766532626,1.8601682695067645,8.0,1.0,0.0,0.1875,0.03333333333333333,1.0,8.0,1.0,7.86875,0.0,0.0,0.0,0,0.0,0,0.0,0.0,0.0,,3431,658752,0.7199999999999999,0.0,0.0,0.0,0.0,0,1.4875,0.475,5.99375,0.7638392857142857,0.23433779761904763,0.0,0.0,0.13125,1.5320169906653471,169.40907911087666,0.9590246248990297,flapping_reconnect,1.2639416863891961,0.007031250000000044
flocking_robust_active,11026,2.3326975994951713,0.694379875335091,0.7579687500000001,1.0429926582174232,0.7086176582174232,0.5625,0.0,0.4375,0.0625,0.3333333333333333,0.01875,0.5600669642857142,77,1.02099881488901,3.886686096633672,5.130097112890471,179.36116143762945,0.95390625,0.0,1.9199919031632398,3.680601690218448,4.991472433197951,1.9092180725779326,8.0,1.0,0.0,0.1875,0.03333333333333333,1.0,8.0,1.0,7.9,0.0,0.0,0.0,0,0.0,0,0.0,0.0,0.0,,3428,658176,0.7199999999999999,0.0,0.0,0.0,0.0,0,1.4875,0.48125,6.00625,0.760892857142857,0.23832589285714287,0.0,0.0,0.1,1.5648737311184582,167.01297205298064,0.9478201251477003,flapping_reconnect,1.8866860966336718,0.00390625
flocking_robust_active,11027,2.2767396298467393,0.9564540413942715,0.7587053571428571,0.9857872298478473,0.6548497298478474,0.56875,0.0,0.43125,0.075,0.0,0.0,0.5660714285714286,79,0.9659611223099293,3.241108169004528,4.37751241185252,136.38498273586436,0.9609375,0.0,1.966201004088304,3.681345085701211,4.868634000793372,1.9069375383025773,8.0,1.0,0.0,0.1875,0.06666666666666667,1.0,8.0,1.0,7.80625,0.0,0.0,0.0,0,0.0,0,0.0,0.0,0.0,,3430,658560,0.7199999999999999,0.0,0.0,0.0,0.0,0,1.49375,0.48125,5.91875,0.7611607142857142,0.23727678571428573,0.0,0.0,0.19375,1.5573759489783936,198.85820550951695,0.9260061250533909,flapping_reconnect,1.2411081690045278,0.010937500000000044
flocking_robust_active,11028,2.2365630971998876,0.6609790096691746,0.75859375,0.9198947638075939,0.5855197638075941,0.5625,0.0,0.4375,0.0625,0.0,0.0,0.56328125,77,0.6480288545326409,1.521891952453656,3.901051292842251,6.333382731155208,0.9811383928571429,0.0,1.9115060378939561,3.6921501950330176,4.938808389324223,1.9040694557828537,8.0,1.0,0.0,0.1875,0.03333333333333333,1.0,8.0,1.0,7.925,0.0,0.0,0.0,0,0.0,0,0.0,0.0,0.0,,3362,645504,0.7199999999999999,0.0,0.0,0.0,0.0,0,1.5,0.48125,6.00625,0.759375,0.23828125,0.00625,0.00625,0.075,1.5337885541789968,155.39070448287833,0.9505675830878317,flapping_reconnect,0.47810804754634395,0.031138392857142927
flocking_robust_active,11029,2.175297211139392,0.6520158204633291,0.7583705357142857,0.9354405202586678,0.5963780202586678,0.55625,0.0,0.44375,0.0625,0.0,0.0,0.5589285714285714,76,0.6647799196353312,1.702716825398872,4.093591575932113,8.08135455471992,0.98515625,0.0,1.9821290909595555,3.694715991317581,5.016494837159369,1.8704512322999112,8.0,1.0,0.0,0.1875,0.03333333333333333,1.0,8.0,1.0,7.90625,0.0,0.0,0.0,0,0.0,0,0.0,0.0,0.0,,3432,658944,0.7199999999999999,0.0,0.0,0.0,0.0,0,1.49375,0.475,6.01875,0.7630580357142857,0.23381696428571427,0.0,0.0,0.09375,1.5354659005215796,154.89003301896054,0.9644348330330104,flapping_reconnect,0.29728317460112796,0.03515625
flocking_topology_support,11000,2.1338109710545003,0.6372977331602968,0.746875,0.9467509714215024,0.6020634714215024,0.55625,0.0,0.44375,0.11875,0.3333333333333333,0.01875,0.5296875,77,0.7327253056381848,2.050612092154381,4.597589756382859,21.90715904632726,0.9583705357142858,0.0,2.1639626193958232,3.6922188232283304,5.06572212225803,1.9575831554919283,8.0,1.0,0.0,0.1875,0.1,1.46875,8.0,1.0,7.8625,0.0,0.0171875,0.0,0,0.0,17,50.58125,0.0,0.0,,3385,649920,0.7199999999999999,0.0,0.0,0.0,0.0,0,1.50625,0.48125,5.975,0.746875,0.23203125,0.0,0.0,0.1375,1.5492004005204645,170.27524787880182,0.94710991717875,flapping_reconnect,0.050612092154381116,0.00837053571428581
flocking_topology_support,11001,2.1846566473381595,0.6392839743984533,0.74140625,0.9163692934468883,0.5673067934468883,0.54375,0.0,0.45625,0.06875,0.0,0.0,0.5140625,76,0.6645371105654665,1.6785991777198064,4.301937593445109,7.841694749420574,0.97890625,0.0,1.8861810061145234,3.6993051142127116,4.997687757124862,1.8659480853615897,8.0,1.0,0.0,0.1875,0.03333333333333333,1.5375,8.0,1.0,7.81875,0.0,0.02265625,0.0,0,0.0,19,50.4875,0.0,0.0,,3453,662976,0.7199999999999999,0.0,0.0,0.0,0.0,0,1.475,0.475,5.95625,0.74453125,0.2328125,0.03125,0.03125,0.175,1.5344481869492292,125.0814467766204,0.962500415975228,flapping_reconnect,0.3214008222801936,0.028906250000000022
flocking_topology_support,11002,2.2118539240177464,0.5972192808636457,0.75625,0.882414734609528,0.538664734609528,0.55,0.0,0.45,0.0625,0.0,0.0,0.546875,77,0.6272576142881726,1.4716902824459546,3.5200602121779156,7.839493323518821,0.98046875,0.0,1.9059589372197003,3.683038464088405,5.067509348197497,1.9073224742830235,8.0,1.0,0.0,0.1875,0.03333333333333333,1.51875,8.0,1.0,7.94375,0.0,0.00703125,0.0,0,0.0,15,51.43125,0.0,0.0,,3354,643968,0.7199999999999999,0.0,0.0,0.0,0.0,0,1.48125,0.48125,6.05625,0.75703125,0.2359375,0.0,0.0,0.05625,1.5305726673840532,174.226836440431,0.9505130420438945,flapping_reconnect,0.5283097175540454,0.030468750000000044
flocking_topology_support,11003,2.1667616701660717,0.64999543656216,0.74140625,0.9276856029396636,0.5773731029396636,0.54375,0.0,0.45625,0.08125,0.0,0.0,0.528125,79,0.6944887067655099,1.868101459028639,4.837419710476689,11.582223149323445,0.9698437500000001,0.0,2.0912736083495296,3.704284878504108,5.078809282698775,1.8942744087591112,8.0,1.0,0.0,0.1875,0.03333333333333333,1.525,8.0,1.0,7.85625,0.0,0.01796875,0.0,0,0.0,15,50.58125,0.0,0.0,,3442,660864,0.7199999999999999,0.0,0.0,0.0,0.0,0,1.5,0.48125,5.9375,0.7421875,0.23671875,0.00625,0.00625,0.14375,1.583072825630521,124.1201115923698,0.9577393331564963,flapping_reconnect,0.1318985409713609,0.01984375000000016
flocking_topology_support,11004,2.2193519307640712,0.6833174030072839,0.73984375,0.9713230194388889,0.6228855194388889,0.54375,0.0,0.45625,0.0625,0.14285714285714285,0.00625,0.51875,78,0.7208545009093633,1.9595096512722487,4.885187485071807,10.227730988722065,0.96640625,0.0,2.069931000639971,3.6858937640235694,4.999440338807136,1.9292573129027624,8.0,1.0,0.0,0.1875,0.0,1.48125,8.0,1.0,7.84375,0.0,0.01953125,0.0,0,0.0,18,50.4375,0.0,0.0,,3368,646656,0.7199999999999999,0.0,0.0,0.0,0.0,0,1.50625,0.4875,5.925,0.740625,0.23671875,0.00625,0.00625,0.15625,1.5529955758335787,159.00717400415127,0.9319043338764459,flapping_reconnect,0.04049034872775126,0.016406250000000067
flocking_topology_support,11005,2.1321805233288216,0.6082555450285395,0.74375,0.8985531304020016,0.5582406304020016,0.55625,0.0,0.44375,0.075,0.2222222222222222,0.0125,0.525,77,0.6522301699512615,1.6447606559575898,4.882595963665297,8.139594313422982,0.95859375,0.0,1.9861859011761838,3.6954687803140915,5.088287915553417,1.9110088199171844,8.0,1.0,0.0,0.1875,0.03333333333333333,1.44375,8.0,1.0,7.8625,0.0,0.0171875,0.0,0,0.0,20,50.73125,0.0,0.0,,3400,652800,0.7199999999999999,0.0,0.0,0.0,0.0,0,1.4875,0.48125,5.95,0.74375,0.23828125,0.0,0.0,0.1375,1.5373966762649103,130.15712242892923,0.9403448340017349,flapping_reconnect,0.3552393440424102,0.008593750000000067
flocking_topology_support,11006,2.2204772653108176,0.636803111244924,0.74765625,0.9384878549364564,0.5947378549364563,0.55,0.0,0.45,0.0625,0.0,0.0,0.5359375,77,0.6542617443131937,1.6196876684456165,3.8022045168706335,5.63921092206161,0.98515625,0.0,1.9235716376604368,3.6862883039344565,5.054402351257908,1.8753824123961649,8.0,1.0,0.0,0.1875,0.03333333333333333,1.51875,8.0,1.0,7.9125,0.0,0.0109375,0.0,0,0.0,14,51.1375,0.0,0.0,,3444,661248,0.7199999999999999,0.0,0.0,0.0,0.0,0,1.4875,0.48125,6.0,0.75,0.23828125,0.0,0.0,0.0875,1.5318556682246172,168.3316976475937,0.9662417080253363,flapping_reconnect,0.3803123315543835,0.03515625
flocking_topology_support,11007,2.1529508905582286,0.5933737183146294,0.74453125,0.8800930508208775,0.5363430508208774,0.55,0.0,0.45,0.0625,0.125,0.00625,0.534375,78,0.6216668600756077,1.4630263424971286,3.9579611117630544,6.846821799732625,0.9697916666666666,0.0,1.8369438906946982,3.6896855758186264,5.064393383535146,1.8874498963896822,8.0,1.0,0.0,0.1875,0.03333333333333333,1.53125,8.0,1.0,7.9,0.0,0.0125,0.0,0,0.0,18,50.9875,0.0,0.0,,3365,646080,0.7199999999999999,0.0,0.0,0.0,0.0,0,1.49375,0.4875,5.95625,0.74453125,0.24140625,0.0,0.0,0.1,1.5516779796963451,161.31776787326305,0.9433498340658844,flapping_reconnect,0.5369736575028714,0.019791666666666652
flocking_topology_support,11008,2.156363270905487,0.6622996777134251,0.74609375,0.9086236616185733,0.5695611616185734,0.55625,0.0,0.44375,0.0625,0.0,0.0,0.546875,78,0.6647096499852121,1.6667332387871057,4.455437485443192,13.107287736833825,0.9609375,0.0,2.000681332602439,3.702882142485206,5.000847175223321,1.8304691524374046,8.0,1.0,0.0,0.1875,0.03333333333333333,1.475,8.0,1.0,7.9375,0.0,0.0078125,0.0,0,0.0,18,51.18125,0.0,0.0,,3402,653184,0.7199999999999999,0.0,0.0,0.0,0.0,0,1.50625,0.48125,6.0,0.75,0.2375,0.0,0.0,0.0625,1.5422944604989417,135.33094201186663,0.9453461249358952,flapping_reconnect,0.33326676121289434,0.010937500000000044
flocking_topology_support,11009,2.2105690567375076,0.6581750277015519,0.7296875,0.9272274064639238,0.5622274064639237,0.525,0.0,0.475,0.0875,0.0,0.0,0.49140625,76,0.6610990564813245,1.6471506909976206,3.4425826433643576,42.188297647003424,0.9856026785714285,0.0,1.9162717458683314,3.6736955571928904,5.018861469362688,1.9170807126986744,8.0,1.0,0.0,0.1875,0.03333333333333333,1.4875,8.0,1.0,7.6625,0.0,0.0421875,0.0,0,0.0,19,49.16875,0.0,0.0,,3370,647040,0.7199999999999999,0.0,0.0,0.0,0.0,0,1.48125,0.46875,5.86875,0.73359375,0.22265625,0.10625,0.08125,0.29375,1.5655749754225812,177.71761630938244,0.9076229580678046,flapping_reconnect,0.35284930900237943,0.035602678571428514
flocking_topology_support,11010,2.294634074350806,0.6960668351286551,0.740625,0.9714776463840863,0.6277276463840863,0.55,0.0,0.45,0.0625,0.125,0.00625,0.5203125,78,0.7120001586562625,1.8965826500553138,5.150696010604124,16.670053333128706,0.9534598214285716,0.0,1.9441516462943018,3.6990416511765565,5.05401662482175,1.8990082906440306,8.0,1.0,0.0,0.1875,0.03333333333333333,1.5625,8.0,1.0,7.8375,0.0,0.0203125,0.0,0,0.0,15,50.4375,0.0,0.0,,3453,662976,0.7199999999999999,0.0,0.0,0.0,0.0,0,1.5,0.4875,5.925,0.740625,0.23671875,0.01875,0.01875,0.15625,1.566929977133442,123.27662082923271,0.9528646250255406,flapping_reconnect,0.10341734994468621,0.0034598214285715967
flocking_topology_support,11011,2.175886023102283,0.6210366825832598,0.75,0.9068707571683563,0.5631207571683563,0.55,0.0,0.45,0.0625,0.0,0.0,0.534375,76,0.6318807250900741,1.5343087931721322,3.6877667342235627,6.38736234825462,0.98984375,0.0,1.9395733866125031,3.6956028243025782,5.033407313778538,1.8638226733382754,8.0,1.0,0.0,0.1875,0.03333333333333333,1.5,8.0,1.0,7.86875,0.0,0.01640625,0.0,0,0.0,17,50.8375,0.0,0.0,,3363,645696,0.7199999999999999,0.0,0.0,0.0,0.0,0,1.48125,0.46875,6.01875,0.75234375,0.2296875,0.0,0.0,0.13125,1.5408358755608564,122.04792155327982,0.9468394999857992,flapping_reconnect,0.4656912068278678,0.03984375000000007
flocking_topology_support,11012,2.14725512026589,0.6304111232604709,0.74765625,0.8807249306029572,0.5369749306029572,0.55,0.0,0.45,0.0625,0.0,0.0,0.53359375,77,0.6612077626272638,1.6001291012177603,4.191853015660236,9.03807371244223,0.9668526785714284,0.0,2.0882865177974046,3.679572575651359,5.140505237123733,1.9086119713167444,8.0,1.0,0.0,0.1875,0.03333333333333333,1.19375,8.0,1.0,7.8875,0.0,0.0140625,0.0,0,0.0,10,50.85,0.0,0.0,,3721,714432,0.7199999999999999,0.0,0.0,0.0,0.0,0,1.49375,0.48125,5.9875,0.7484375,0.2359375,0.01875,0.01875,0.10625,1.5654381233503618,173.3099398394488,1.000545292161405,flapping_reconnect,0.3998708987822397,0.01685267857142847
flocking_topology_support,11013,2.197533802713219,0.6006605480989438,0.753125,0.8957137147972091,0.5466512147972089,0.54375,0.0,0.45625,0.06875,0.0,0.0,0.5390625,76,0.6455177814247046,1.597616459750817,3.754517341831947,7.882291517688839,0.97578125,0.0,1.830629842390892,3.6931864861352706,5.095891493694309,1.9053605495005683,8.0,1.0,0.0,0.1875,0.03333333333333333,1.5375,8.0,1.0,7.925,0.0,0.009375,0.0,0,0.0,19,51.29375,0.0,0.0,,3462,664704,0.7199999999999999,0.0,0.0,0.0,0.0,0,1.48125,0.475,6.03125,0.75390625,0.2359375,0.0,0.0,0.075,1.5501914325987856,154.72322596585087,0.9749792499933392,flapping_reconnect,0.4023835402491831,0.02578125000000009
flocking_topology_support,11014,2.180003691416458,0.6108698433853424,0.746875,0.8844341295055834,0.5500591295055833,0.5625,0.0,0.4375,0.0625,0.1111111111111111,0.00625,0.54296875,77,0.6416471966470859,1.534177965188005,3.9663712806447884,5.230088383967986,0.98359375,0.0,2.048780813663705,3.6972146792891465,5.004012870760391,1.902426419777136,8.0,1.0,0.0,0.1875,0.03333333333333333,1.46875,8.0,1.0,7.8875,0.0,0.0140625,0.0,0,0.0,20,50.8375,0.0,0.0,,3361,645312,0.7199999999999999,0.0,0.0,0.0,0.0,0,1.5,0.48125,6.0,0.75,0.23359375,0.0,0.0,0.1125,1.5436271717189771,152.3731905259527,0.9244053328875452,flapping_reconnect,0.465822034811995,0.03359375000000009
flocking_topology_support,11015,2.2233610179345416,0.6855741733530479,0.740625,0.9660229967526799,0.6122729967526799,0.5375,0.0,0.4625,0.06875,0.0,0.0,0.51484375,77,0.6996272965585996,1.8581473444530545,4.731048516418477,10.309678997108293,0.9717633928571429,0.0,2.1287618446870047,3.6986771519066415,4.971431972794497,1.8255138826400656,8.0,1.0,0.0,0.1875,0.0,1.475,8.0,1.0,7.81875,0.0,0.02265625,0.0,0,0.0,19,50.28125,0.0,0.0,,3443,661056,0.7199999999999999,0.0,0.0,0.0,0.0,0,1.5,0.48125,5.94375,0.74296875,0.23203125,0.025,0.025,0.175,1.5339151247699063,147.83577628747574,0.9428359579760581,flapping_reconnect,0.14185265554694548,0.021763392857142905
flocking_topology_support,11016,2.1964667742993957,0.6832085431459737,0.74765625,0.9523736539581943,0.6133111539581944,0.55625,0.0,0.44375,0.0625,0.14285714285714285,0.00625,0.5390625,76,0.6911718662336674,1.806157851689187,5.143352942773269,8.622945493792791,0.9640625,0.0,2.1079569868503496,3.701246814542647,5.06627034953803,1.8707234777246082,8.0,1.0,0.0,0.1875,0.03333333333333333,1.4375,8.0,1.0,7.8875,0.0,0.0140625,0.0,0,0.0,16,50.9375,0.0,0.0,,3382,649344,0.7199999999999999,0.0,0.0,0.0,0.0,0,1.4875,0.475,6.00625,0.75078125,0.2328125,0.0,0.0,0.1125,1.5439609773334326,115.21217968963538,0.9427553750574589,flapping_reconnect,0.19384214831081303,0.014062500000000089
flocking_topology_support,11017,2.171798416146147,0.6408079962554346,0.7515625,0.9096840140790278,0.5753090140790277,0.5625,0.0,0.4375,0.0625,0.0,0.0,0.54453125,77,0.6549144268148371,1.577228440566221,3.606052176614683,6.732837885834033,0.9765625,0.0,1.8090261380904509,3.672869355211796,5.125325243427836,1.9435041177607029,8.0,1.0,0.0,0.1875,0.03333333333333333,1.475,8.0,1.0,7.9375,0.0,0.0078125,0.0,0,0.0,16,51.2375,0.0,0.0,,3451,662592,0.7199999999999999,0.0,0.0,0.0,0.0,0,1.5,0.48125,6.025,0.753125,0.2359375,0.0,0.0,0.0625,1.5671355555424251,161.57439630075584,0.9756764168851078,flapping_reconnect,0.4227715594337791,0.026562500000000044
flocking_topology_support,11018,2.1531198572591634,0.7004321172213518,0.73203125,0.9747946847301261,0.6310446847301261,0.55,0.0,0.45,0.0625,0.0,0.0,0.5109375,78,0.7061192253751943,1.8768793893230349,4.602973194721043,9.852680802960665,0.961532738095238,0.0,2.054761116909803,3.691556779728657,4.988417298457977,1.88473515958746,8.0,1.0,0.0,0.1875,0.03333333333333333,1.53125,8.0,1.0,7.8,0.0,0.025,0.0,0,0.0,14,50.13125,0.0,0.0,,3430,658560,0.7199999999999999,0.0,0.0,0.0,0.0,0,1.5,0.4875,5.86875,0.73359375,0.2390625,0.04375,0.04375,0.18125,1.5662537011258963,157.86153408016463,0.928061791928485,flapping_reconnect,0.12312061067696511,0.011532738095238027
flocking_topology_support,11019,2.3275088660076393,0.655015261972161,0.7484375,0.9786249470249535,0.6442499470249535,0.5625,0.0,0.4375,0.0625,0.2857142857142857,0.0125,0.528125,75,0.9826178391273098,3.6032508162215855,3.7577878234775133,216.0006336316434,0.9648809523809524,0.0,1.895404149318297,3.6743019850891896,5.0068386511283585,1.9015451862178263,8.0,1.0,0.0,0.1875,0.03333333333333333,1.475,8.0,1.0,7.8625,0.0,0.0171875,0.0,0,0.0,21,50.83125,0.0,0.0,,3370,647040,0.7199999999999999,0.0,0.0,0.0,0.0,0,1.475,0.46875,5.9875,0.7484375,0.23359375,0.0375,0.0375,0.125,1.5382774681930786,188.76488769722994,0.9349763749632984,flapping_reconnect,1.6032508162215855,0.014880952380952439
flocking_topology_support,11020,2.3626861148052236,0.62791254067547,0.74375,0.9845685894315368,0.6495685894315368,0.5625,0.0,0.4375,0.06875,0.3333333333333333,0.01875,0.5328125,77,0.9652077333983795,3.4791232307914006,4.378594403348498,165.16030063915832,0.9649925595238095,0.0,2.0740517862712777,3.6823957616578005,5.0912462224948705,1.9232048952636274,8.0,1.0,0.0,0.1875,0.03333333333333333,1.525,8.0,1.0,7.88125,0.0,0.01484375,0.0,0,0.0,17,50.68125,0.0,0.0,,3438,660096,0.7199999999999999,0.0,0.0,0.0,0.0,0,1.5125,0.48125,5.96875,0.74609375,0.23515625,0.00625,0.00625,0.11875,1.5621396804453933,167.22323141046385,0.9692470419686288,flapping_reconnect,1.4791232307914006,0.014992559523809512
flocking_topology_support,11021,2.1898418782887212,0.6894349768057105,0.74296875,0.9585936681006342,0.6182811681006342,0.55625,0.0,0.44375,0.075,0.0,0.0,0.5296875,78,0.6876519530587656,1.7695166996962108,4.351119934694679,8.035511459420823,0.9621651785714285,0.0,2.105634747816496,3.6823686003848266,5.0588809442619205,1.963937202526612,8.0,1.0,0.0,0.1875,0.03333333333333333,1.4625,8.0,1.0,7.875,0.0,0.015625,0.0,0,0.0,17,50.7375,0.0,0.0,,3389,650688,0.7199999999999999,0.0,0.0,0.0,0.0,0,1.5,0.4875,5.9625,0.7453125,0.23671875,0.0,0.0,0.125,1.5897202198787732,164.22192699823324,0.9426190000958741,flapping_reconnect,0.23048330030378916,0.012165178571428514
flocking_topology_support,11022,2.2166684091151954,0.6696575417046515,0.73125,0.9565662289279653,0.6121912289279651,0.55,0.0,0.45,0.06875,0.3333333333333333,0.0125,0.503125,75,0.7746200115928649,2.23103312963254,4.03153914314868,86.96191505367122,0.9782589285714286,0.0,1.9271847022378794,3.6626481330962606,5.033623502373132,1.964817420164313,8.0,1.0,0.0,0.1875,0.03333333333333333,1.45,8.0,1.0,7.75625,0.0,0.03046875,0.0,0,0.0,20,49.8375,0.0,0.0,,3367,646464,0.7199999999999999,0.0,0.0,0.0,0.0,0,1.49375,0.46875,5.88125,0.73515625,0.23125,0.0,0.0,0.24375,1.55881966399817,201.95013953423992,0.9173689170274884,flapping_reconnect,0.23103312963253986,0.028258928571428643
flocking_topology_support,11023,2.1712009455373433,0.6063157514716049,0.75,0.8897393567319222,0.5413018567319222,0.54375,0.0,0.45625,0.0625,0.0,0.0,0.53125,77,0.6753645907577132,1.737055622749559,5.069802972128591,8.036517794391266,0.94609375,0.0,1.9279772416262602,3.6948440754847747,5.005809160601386,1.896021932986611,8.0,1.0,0.0,0.1875,0.0,1.50625,8.0,1.0,7.91875,0.0,0.01015625,0.0,0,0.0,21,51.13125,0.0,0.0,,3350,643200,0.7199999999999999,0.0,0.0,0.0,0.0,0,1.49375,0.48125,6.0,0.75,0.23828125,0.0,0.0,0.08125,1.5354735913726323,162.68107204226504,0.9357109169941396,flapping_reconnect,0.26294437725044095,0.00390625
flocking_topology_support,11024,2.2330683072754165,0.7570190090971732,0.7515625,0.991954898871132,0.671329898871132,0.5875,0.0,0.4125,0.1125,0.16666666666666666,0.0125,0.54375,76,0.993204055415537,3.749731139985478,4.320921214810881,165.25197790177765,0.9466517857142858,0.0,2.0548215466079336,3.683701869626259,5.044229486863854,1.8877203653577275,8.0,1.0,0.0,0.1875,0.1,1.3875,8.0,1.0,7.90625,0.0,0.01171875,0.0,0,0.0,18,50.99375,0.0,0.0,,3387,650304,0.7199999999999999,0.0,0.0,0.0,0.0,0,1.5,0.475,6.01875,0.75234375,0.23125,0.0,0.0,0.09375,1.5350546627441315,160.90638915316558,0.9395837080664933,flapping_reconnect,1.749731139985478,0.0033482142857141906
flocking_topology_support,11025,2.2448068658578433,0.6288925405075605,0.7484375,0.9381915559137779,0.5738165559137778,0.525,0.0,0.475,0.08125,0.2,0.00625,0.525,76,0.6727401296671063,1.6964279299450873,3.95864687912346,17.931737316276113,0.9765625,0.0,1.9304047869917622,3.683392072046602,5.099645120338389,1.901265989099981,8.0,1.0,0.0,0.1875,0.0,1.55625,8.0,1.0,7.8875,0.0,0.0140625,0.0,0,0.0,15,50.9375,0.0,0.0,,3437,659904,0.7199999999999999,0.0,0.0,0.0,0.0,0,1.4875,0.475,5.99375,0.74921875,0.23515625,0.0,0.0,0.1125,1.5329922624245538,168.21827741892267,0.9742804998531938,flapping_reconnect,0.3035720700549127,0.026562500000000044
flocking_topology_support,11026,2.108580748565965,0.6417213796115822,0.75,0.9153936107661167,0.5669561107661167,0.54375,0.0,0.45625,0.0625,0.0,0.0,0.534375,77,0.6583626413582099,1.6163520254121433,3.7483515325903123,7.451001537936361,0.97421875,0.0,1.8568710819354912,3.679774359381608,5.111729215071166,1.9465939021488485,8.0,1.0,0.0,0.1875,0.0,1.55625,8.0,1.0,7.9125,0.0,0.0109375,0.0,0,0.0,18,51.1875,0.0,0.0,,3431,658752,0.7199999999999999,0.0,0.0,0.0,0.0,0,1.48125,0.48125,6.025,0.753125,0.2359375,0.0,0.0,0.0875,1.5620282846253097,163.94563684524294,0.9659707501996309,flapping_reconnect,0.3836479745878567,0.024218750000000067
flocking_topology_support,11027,2.3390802799576775,1.0039691234734853,0.73515625,1.0797254230611872,0.7212879230611872,0.53125,0.0,0.46875,0.06875,0.0,0.0,0.51484375,79,1.0178039134413999,3.6173508799938374,5.730273822194276,134.3052526098321,0.94609375,0.0,2.045175702804219,3.6797119820135493,5.023807623504998,1.910704203504626,8.0,1.0,0.0,0.1875,0.0,1.53125,8.0,1.0,7.8,0.0,0.025,0.0,0,0.0,18,50.1375,0.0,0.0,,3446,661632,0.7199999999999999,0.0,0.0,0.0,0.0,0,1.5,0.48125,5.9125,0.7390625,0.23359375,0.00625,0.00625,0.2,1.557021508997255,194.90349628988875,0.9512766669504344,flapping_reconnect,1.6173508799938374,0.00390625
flocking_topology_support,11028,2.203315621963317,0.680314351535676,0.75,0.9475069582842682,0.6078194582842682,0.55625,0.0,0.44375,0.06875,0.0,0.0,0.53984375,76,0.6712933705150305,1.6629368887609217,4.199980884182752,5.745196440733823,0.9796875,0.0,1.9811179957891585,3.6916895832051453,4.988807177213189,1.891685152464823,8.0,1.0,0.0,0.1875,0.03333333333333333,1.5375,8.0,1.0,7.90625,0.0,0.01171875,0.0,0,0.0,18,51.03125,0.0,0.0,,3348,642816,0.7199999999999999,0.0,0.0,0.0,0.0,0,1.49375,0.475,6.00625,0.75078125,0.23515625,0.01875,0.01875,0.0875,1.5319871383315178,149.92695970587454,0.9491137501318008,flapping_reconnect,0.3370631112390783,0.02968750000000009
flocking_topology_support,11029,2.159411773968429,0.598088201683258,0.74765625,0.8795772528124177,0.5352022528124176,0.55,0.0,0.45,0.06875,0.0,0.0,0.5375,76,0.6288762042536721,1.4962906981847126,3.7377328921317723,5.036126456233665,0.9892857142857142,0.0,1.9126832177936066,3.6948624273053925,5.026466997095997,1.9177431392241595,8.0,1.0,0.0,0.1875,0.03333333333333333,1.525,8.0,1.0,7.90625,0.0,0.01171875,0.0,0,0.0,18,51.0375,0.0,0.0,,3466,665472,0.7199999999999999,0.0,0.0,0.0,0.0,0,1.49375,0.475,6.01875,0.75234375,0.2328125,0.0,0.0,0.09375,1.5361014004036284,153.62483166616727,0.9859113339334726,flapping_reconnect,0.5037093018152874,0.03928571428571426
flocking_topology_rejoin,11000,2.1338109710545003,0.6372977331602968,0.746875,0.9467509714215024,0.6020634714215024,0.55625,0.0,0.44375,0.11875,0.3333333333333333,0.01875,0.5296875,77,0.7327253056381848,2.050612092154381,4.597589756382859,21.90715904632726,0.9583705357142858,0.0,2.1639626193958232,3.6922188232283304,5.06572212225803,1.9575831554919283,8.0,1.0,0.0,0.1875,0.1,1.46875,8.0,1.0,7.8625,0.0,0.0171875,0.0,0,0.0,17,50.58125,0.0,0.0,,3385,649920,0.7199999999999999,0.0,0.0,0.0,0.0,0,1.50625,0.48125,5.975,0.746875,0.23203125,0.0,0.0,0.1375,1.5492004005204645,170.27524787880182,0.9555097499396652,flapping_reconnect,0.050612092154381116,0.00837053571428581
flocking_topology_rejoin,11001,2.1846566473381595,0.6392839743984533,0.74140625,0.9163692934468883,0.5673067934468883,0.54375,0.0,0.45625,0.06875,0.0,0.0,0.5140625,76,0.6645371105654665,1.6785991777198064,4.301937593445109,7.841694749420574,0.97890625,0.0,1.8861810061145234,3.6993051142127116,4.997687757124862,1.8659480853615897,8.0,1.0,0.0,0.1875,0.03333333333333333,1.5375,8.0,1.0,7.81875,0.0,0.02265625,0.0,0,0.0,19,50.4875,0.0,0.0,,3453,662976,0.7199999999999999,0.0,0.0,0.0,0.0,0,1.475,0.475,5.95625,0.74453125,0.2328125,0.03125,0.03125,0.175,1.5344481869492292,125.0814467766204,0.9612968328874558,flapping_reconnect,0.3214008222801936,0.028906250000000022
flocking_topology_rejoin,11002,2.2118539240177464,0.5972192808636457,0.75625,0.882414734609528,0.538664734609528,0.55,0.0,0.45,0.0625,0.0,0.0,0.546875,77,0.6272576142881726,1.4716902824459546,3.5200602121779156,7.839493323518821,0.98046875,0.0,1.9059589372197003,3.683038464088405,5.067509348197497,1.9073224742830235,8.0,1.0,0.0,0.1875,0.03333333333333333,1.51875,8.0,1.0,7.94375,0.0,0.00703125,0.0,0,0.0,15,51.43125,0.0,0.0,,3354,643968,0.7199999999999999,0.0,0.0,0.0,0.0,0,1.48125,0.48125,6.05625,0.75703125,0.2359375,0.0,0.0,0.05625,1.5305726673840532,174.226836440431,0.9874461251311004,flapping_reconnect,0.5283097175540454,0.030468750000000044
flocking_topology_rejoin,11003,2.1667616701660717,0.64999543656216,0.74140625,0.9276856029396636,0.5773731029396636,0.54375,0.0,0.45625,0.08125,0.0,0.0,0.528125,79,0.6944887067655099,1.868101459028639,4.837419710476689,11.582223149323445,0.9698437500000001,0.0,2.0912736083495296,3.704284878504108,5.078809282698775,1.8942744087591112,8.0,1.0,0.0,0.1875,0.03333333333333333,1.525,8.0,1.0,7.85625,0.0,0.01796875,0.0,0,0.0,15,50.58125,0.0,0.0,,3442,660864,0.7199999999999999,0.0,0.0,0.0,0.0,0,1.5,0.48125,5.9375,0.7421875,0.23671875,0.00625,0.00625,0.14375,1.583072825630521,124.1201115923698,0.9771337918937206,flapping_reconnect,0.1318985409713609,0.01984375000000016
flocking_topology_rejoin,11004,2.2193519307640712,0.6833174030072839,0.73984375,0.9713230194388889,0.6228855194388889,0.54375,0.0,0.45625,0.0625,0.14285714285714285,0.00625,0.51875,78,0.7208545009093633,1.9595096512722487,4.885187485071807,10.227730988722065,0.96640625,0.0,2.069931000639971,3.6858937640235694,4.999440338807136,1.9292573129027624,8.0,1.0,0.0,0.1875,0.0,1.48125,8.0,1.0,7.84375,0.0,0.01953125,0.0,0,0.0,18,50.4375,0.0,0.0,,3368,646656,0.7199999999999999,0.0,0.0,0.0,0.0,0,1.50625,0.4875,5.925,0.740625,0.23671875,0.00625,0.00625,0.15625,1.5529955758335787,159.00717400415127,0.9392597090918571,flapping_reconnect,0.04049034872775126,0.016406250000000067
flocking_topology_rejoin,11005,2.1321805233288216,0.6082555450285395,0.74375,0.8985531304020016,0.5582406304020016,0.55625,0.0,0.44375,0.075,0.2222222222222222,0.0125,0.525,77,0.6522301699512615,1.6447606559575898,4.882595963665297,8.139594313422982,0.95859375,0.0,1.9861859011761838,3.6954687803140915,5.088287915553417,1.9110088199171844,8.0,1.0,0.0,0.1875,0.03333333333333333,1.44375,8.0,1.0,7.8625,0.0,0.0171875,0.0,0,0.0,20,50.73125,0.0,0.0,,3400,652800,0.7199999999999999,0.0,0.0,0.0,0.0,0,1.4875,0.48125,5.95,0.74375,0.23828125,0.0,0.0,0.1375,1.5373966762649103,130.15712242892923,0.9549822919070721,flapping_reconnect,0.3552393440424102,0.008593750000000067
flocking_topology_rejoin,11006,2.2204772653108176,0.636803111244924,0.74765625,0.9384878549364564,0.5947378549364563,0.55,0.0,0.45,0.0625,0.0,0.0,0.5359375,77,0.6542617443131937,1.6196876684456165,3.8022045168706335,5.63921092206161,0.98515625,0.0,1.9235716376604368,3.6862883039344565,5.054402351257908,1.8753824123961649,8.0,1.0,0.0,0.1875,0.03333333333333333,1.51875,8.0,1.0,7.9125,0.0,0.0109375,0.0,0,0.0,14,51.1375,0.0,0.0,,3444,661248,0.7199999999999999,0.0,0.0,0.0,0.0,0,1.4875,0.48125,6.0,0.75,0.23828125,0.0,0.0,0.0875,1.5318556682246172,168.3316976475937,0.9788054169621319,flapping_reconnect,0.3803123315543835,0.03515625
flocking_topology_rejoin,11007,2.1529508905582286,0.5933737183146294,0.74453125,0.8800930508208775,0.5363430508208774,0.55,0.0,0.45,0.0625,0.125,0.00625,0.534375,78,0.6216668600756077,1.4630263424971286,3.9579611117630544,6.846821799732625,0.9697916666666666,0.0,1.8369438906946982,3.6896855758186264,5.064393383535146,1.8874498963896822,8.0,1.0,0.0,0.1875,0.03333333333333333,1.53125,8.0,1.0,7.9,0.0,0.0125,0.0,0,0.0,18,50.9875,0.0,0.0,,3365,646080,0.7199999999999999,0.0,0.0,0.0,0.0,0,1.49375,0.4875,5.95625,0.74453125,0.24140625,0.0,0.0,0.1,1.5516779796963451,161.31776787326305,0.9571549578104168,flapping_reconnect,0.5369736575028714,0.019791666666666652
flocking_topology_rejoin,11008,2.156363270905487,0.6622996777134251,0.74609375,0.9086236616185733,0.5695611616185734,0.55625,0.0,0.44375,0.0625,0.0,0.0,0.546875,78,0.6647096499852121,1.6667332387871057,4.455437485443192,13.107287736833825,0.9609375,0.0,2.000681332602439,3.702882142485206,5.000847175223321,1.8304691524374046,8.0,1.0,0.0,0.1875,0.03333333333333333,1.475,8.0,1.0,7.9375,0.0,0.0078125,0.0,0,0.0,18,51.18125,0.0,0.0,,3402,653184,0.7199999999999999,0.0,0.0,0.0,0.0,0,1.50625,0.48125,6.0,0.75,0.2375,0.0,0.0,0.0625,1.5422944604989417,135.33094201186663,0.9570912919007242,flapping_reconnect,0.33326676121289434,0.010937500000000044
flocking_topology_rejoin,11009,2.2105690567375076,0.6581750277015519,0.7296875,0.9272274064639238,0.5622274064639237,0.525,0.0,0.475,0.0875,0.0,0.0,0.49140625,76,0.6610990564813245,1.6471506909976206,3.4425826433643576,42.188297647003424,0.9856026785714285,0.0,1.9162717458683314,3.6736955571928904,5.018861469362688,1.9170807126986744,8.0,1.0,0.0,0.1875,0.03333333333333333,1.4875,8.0,1.0,7.6625,0.0,0.0421875,0.0,0,0.0,19,49.16875,0.0,0.0,,3370,647040,0.7199999999999999,0.0,0.0,0.0,0.0,0,1.48125,0.46875,5.86875,0.73359375,0.22265625,0.10625,0.08125,0.29375,1.5655749754225812,177.71761630938244,0.9139647500123829,flapping_reconnect,0.35284930900237943,0.035602678571428514
flocking_topology_rejoin,11010,2.294634074350806,0.6960668351286551,0.740625,0.9714776463840863,0.6277276463840863,0.55,0.0,0.45,0.0625,0.125,0.00625,0.5203125,78,0.7120001586562625,1.8965826500553138,5.150696010604124,16.670053333128706,0.9534598214285716,0.0,1.9441516462943018,3.6990416511765565,5.05401662482175,1.8990082906440306,8.0,1.0,0.0,0.1875,0.03333333333333333,1.5625,8.0,1.0,7.8375,0.0,0.0203125,0.0,0,0.0,15,50.4375,0.0,0.0,,3453,662976,0.7199999999999999,0.0,0.0,0.0,0.0,0,1.5,0.4875,5.925,0.740625,0.23671875,0.01875,0.01875,0.15625,1.566929977133442,123.27662082923271,0.9757639169692993,flapping_reconnect,0.10341734994468621,0.0034598214285715967
flocking_topology_rejoin,11011,2.175886023102283,0.6210366825832598,0.75,0.9068707571683563,0.5631207571683563,0.55,0.0,0.45,0.0625,0.0,0.0,0.534375,76,0.6318807250900741,1.5343087931721322,3.6877667342235627,6.38736234825462,0.98984375,0.0,1.9395733866125031,3.6956028243025782,5.033407313778538,1.8638226733382754,8.0,1.0,0.0,0.1875,0.03333333333333333,1.5,8.0,1.0,7.86875,0.0,0.01640625,0.0,0,0.0,17,50.8375,0.0,0.0,,3363,645696,0.7199999999999999,0.0,0.0,0.0,0.0,0,1.48125,0.46875,6.01875,0.75234375,0.2296875,0.0,0.0,0.13125,1.5408358755608564,122.04792155327982,0.9695589998736978,flapping_reconnect,0.4656912068278678,0.03984375000000007
flocking_topology_rejoin,11012,2.14725512026589,0.6304111232604709,0.74765625,0.8807249306029572,0.5369749306029572,0.55,0.0,0.45,0.0625,0.0,0.0,0.53359375,77,0.6612077626272638,1.6001291012177603,4.191853015660236,9.03807371244223,0.9668526785714284,0.0,2.0882865177974046,3.679572575651359,5.140505237123733,1.9086119713167444,8.0,1.0,0.0,0.1875,0.03333333333333333,1.19375,8.0,1.0,7.8875,0.0,0.0140625,0.0,0,0.0,10,50.85,0.0,0.0,,3721,714432,0.7199999999999999,0.0,0.0,0.0,0.0,0,1.49375,0.48125,5.9875,0.7484375,0.2359375,0.01875,0.01875,0.10625,1.5654381233503618,173.3099398394488,1.017664915882051,flapping_reconnect,0.3998708987822397,0.01685267857142847
flocking_topology_rejoin,11013,2.197533802713219,0.6006605480989438,0.753125,0.8957137147972091,0.5466512147972089,0.54375,0.0,0.45625,0.06875,0.0,0.0,0.5390625,76,0.6455177814247046,1.597616459750817,3.754517341831947,7.882291517688839,0.97578125,0.0,1.830629842390892,3.6931864861352706,5.095891493694309,1.9053605495005683,8.0,1.0,0.0,0.1875,0.03333333333333333,1.5375,8.0,1.0,7.925,0.0,0.009375,0.0,0,0.0,19,51.29375,0.0,0.0,,3462,664704,0.7199999999999999,0.0,0.0,0.0,0.0,0,1.48125,0.475,6.03125,0.75390625,0.2359375,0.0,0.0,0.075,1.5501914325987856,154.72322596585087,0.9909039579797536,flapping_reconnect,0.4023835402491831,0.02578125000000009
flocking_topology_rejoin,11014,2.180003691416458,0.6108698433853424,0.746875,0.8844341295055834,0.5500591295055833,0.5625,0.0,0.4375,0.0625,0.1111111111111111,0.00625,0.54296875,77,0.6416471966470859,1.534177965188005,3.9663712806447884,5.230088383967986,0.98359375,0.0,2.048780813663705,3.6972146792891465,5.004012870760391,1.902426419777136,8.0,1.0,0.0,0.1875,0.03333333333333333,1.46875,8.0,1.0,7.8875,0.0,0.0140625,0.0,0,0.0,20,50.8375,0.0,0.0,,3361,645312,0.7199999999999999,0.0,0.0,0.0,0.0,0,1.5,0.48125,6.0,0.75,0.23359375,0.0,0.0,0.1125,1.5436271717189771,152.3731905259527,0.9443159580696374,flapping_reconnect,0.465822034811995,0.03359375000000009
flocking_topology_rejoin,11015,2.2233610179345416,0.6855741733530479,0.740625,0.9660229967526799,0.6122729967526799,0.5375,0.0,0.4625,0.06875,0.0,0.0,0.51484375,77,0.6996272965585996,1.8581473444530545,4.731048516418477,10.309678997108293,0.9717633928571429,0.0,2.1287618446870047,3.6986771519066415,4.971431972794497,1.8255138826400656,8.0,1.0,0.0,0.1875,0.0,1.475,8.0,1.0,7.81875,0.0,0.02265625,0.0,0,0.0,19,50.28125,0.0,0.0,,3443,661056,0.7199999999999999,0.0,0.0,0.0,0.0,0,1.5,0.48125,5.94375,0.74296875,0.23203125,0.025,0.025,0.175,1.5339151247699063,147.83577628747574,0.9634948328603059,flapping_reconnect,0.14185265554694548,0.021763392857142905
flocking_topology_rejoin,11016,2.1964667742993957,0.6832085431459737,0.74765625,0.9523736539581943,0.6133111539581944,0.55625,0.0,0.44375,0.0625,0.14285714285714285,0.00625,0.5390625,76,0.6911718662336674,1.806157851689187,5.143352942773269,8.622945493792791,0.9640625,0.0,2.1079569868503496,3.701246814542647,5.06627034953803,1.8707234777246082,8.0,1.0,0.0,0.1875,0.03333333333333333,1.4375,8.0,1.0,7.8875,0.0,0.0140625,0.0,0,0.0,16,50.9375,0.0,0.0,,3382,649344,0.7199999999999999,0.0,0.0,0.0,0.0,0,1.4875,0.475,6.00625,0.75078125,0.2328125,0.0,0.0,0.1125,1.5439609773334326,115.21217968963538,0.9549961669836193,flapping_reconnect,0.19384214831081303,0.014062500000000089
flocking_topology_rejoin,11017,2.171798416146147,0.6408079962554346,0.7515625,0.9096840140790278,0.5753090140790277,0.5625,0.0,0.4375,0.0625,0.0,0.0,0.54453125,77,0.6549144268148371,1.577228440566221,3.606052176614683,6.732837885834033,0.9765625,0.0,1.8090261380904509,3.672869355211796,5.125325243427836,1.9435041177607029,8.0,1.0,0.0,0.1875,0.03333333333333333,1.475,8.0,1.0,7.9375,0.0,0.0078125,0.0,0,0.0,16,51.2375,0.0,0.0,,3451,662592,0.7199999999999999,0.0,0.0,0.0,0.0,0,1.5,0.48125,6.025,0.753125,0.2359375,0.0,0.0,0.0625,1.5671355555424251,161.57439630075584,0.9818849998991936,flapping_reconnect,0.4227715594337791,0.026562500000000044
flocking_topology_rejoin,11018,2.1531198572591634,0.7004321172213518,0.73203125,0.9747946847301261,0.6310446847301261,0.55,0.0,0.45,0.0625,0.0,0.0,0.5109375,78,0.7061192253751943,1.8768793893230349,4.602973194721043,9.852680802960665,0.961532738095238,0.0,2.054761116909803,3.691556779728657,4.988417298457977,1.88473515958746,8.0,1.0,0.0,0.1875,0.03333333333333333,1.53125,8.0,1.0,7.8,0.0,0.025,0.0,0,0.0,14,50.13125,0.0,0.0,,3430,658560,0.7199999999999999,0.0,0.0,0.0,0.0,0,1.5,0.4875,5.86875,0.73359375,0.2390625,0.04375,0.04375,0.18125,1.5662537011258963,157.86153408016463,0.9658321249298751,flapping_reconnect,0.12312061067696511,0.011532738095238027
flocking_topology_rejoin,11019,2.3275088660076393,0.655015261972161,0.7484375,0.9786249470249535,0.6442499470249535,0.5625,0.0,0.4375,0.0625,0.2857142857142857,0.0125,0.528125,75,0.9826178391273098,3.6032508162215855,3.7577878234775133,216.0006336316434,0.9648809523809524,0.0,1.895404149318297,3.6743019850891896,5.0068386511283585,1.9015451862178263,8.0,1.0,0.0,0.1875,0.03333333333333333,1.475,8.0,1.0,7.8625,0.0,0.0171875,0.0,0,0.0,21,50.83125,0.0,0.0,,3370,647040,0.7199999999999999,0.0,0.0,0.0,0.0,0,1.475,0.46875,5.9875,0.7484375,0.23359375,0.0375,0.0375,0.125,1.5382774681930786,188.76488769722994,0.9461509580723941,flapping_reconnect,1.6032508162215855,0.014880952380952439
flocking_topology_rejoin,11020,2.3626861148052236,0.62791254067547,0.74375,0.9845685894315368,0.6495685894315368,0.5625,0.0,0.4375,0.06875,0.3333333333333333,0.01875,0.5328125,77,0.9652077333983795,3.4791232307914006,4.378594403348498,165.16030063915832,0.9649925595238095,0.0,2.0740517862712777,3.6823957616578005,5.0912462224948705,1.9232048952636274,8.0,1.0,0.0,0.1875,0.03333333333333333,1.525,8.0,1.0,7.88125,0.0,0.01484375,0.0,0,0.0,17,50.68125,0.0,0.0,,3438,660096,0.7199999999999999,0.0,0.0,0.0,0.0,0,1.5125,0.48125,5.96875,0.74609375,0.23515625,0.00625,0.00625,0.11875,1.5621396804453933,167.22323141046385,0.9679763750173151,flapping_reconnect,1.4791232307914006,0.014992559523809512
flocking_topology_rejoin,11021,2.1898418782887212,0.6894349768057105,0.74296875,0.9585936681006342,0.6182811681006342,0.55625,0.0,0.44375,0.075,0.0,0.0,0.5296875,78,0.6876519530587656,1.7695166996962108,4.351119934694679,8.035511459420823,0.9621651785714285,0.0,2.105634747816496,3.6823686003848266,5.0588809442619205,1.963937202526612,8.0,1.0,0.0,0.1875,0.03333333333333333,1.4625,8.0,1.0,7.875,0.0,0.015625,0.0,0,0.0,17,50.7375,0.0,0.0,,3389,650688,0.7199999999999999,0.0,0.0,0.0,0.0,0,1.5,0.4875,5.9625,0.7453125,0.23671875,0.0,0.0,0.125,1.5897202198787732,164.22192699823324,0.9625135420355946,flapping_reconnect,0.23048330030378916,0.012165178571428514
flocking_topology_rejoin,11022,2.2166684091151954,0.6696575417046515,0.73125,0.9565662289279653,0.6121912289279651,0.55,0.0,0.45,0.06875,0.3333333333333333,0.0125,0.503125,75,0.7746200115928649,2.23103312963254,4.03153914314868,86.96191505367122,0.9782589285714286,0.0,1.9271847022378794,3.6626481330962606,5.033623502373132,1.964817420164313,8.0,1.0,0.0,0.1875,0.03333333333333333,1.45,8.0,1.0,7.75625,0.0,0.03046875,0.0,0,0.0,20,49.8375,0.0,0.0,,3367,646464,0.7199999999999999,0.0,0.0,0.0,0.0,0,1.49375,0.46875,5.88125,0.73515625,0.23125,0.0,0.0,0.24375,1.55881966399817,201.95013953423992,0.9306544167920947,flapping_reconnect,0.23103312963253986,0.028258928571428643
flocking_topology_rejoin,11023,2.1712009455373433,0.6063157514716049,0.75,0.8897393567319222,0.5413018567319222,0.54375,0.0,0.45625,0.0625,0.0,0.0,0.53125,77,0.6753645907577132,1.737055622749559,5.069802972128591,8.036517794391266,0.94609375,0.0,1.9279772416262602,3.6948440754847747,5.005809160601386,1.896021932986611,8.0,1.0,0.0,0.1875,0.0,1.50625,8.0,1.0,7.91875,0.0,0.01015625,0.0,0,0.0,21,51.13125,0.0,0.0,,3350,643200,0.7199999999999999,0.0,0.0,0.0,0.0,0,1.49375,0.48125,6.0,0.75,0.23828125,0.0,0.0,0.08125,1.5354735913726323,162.68107204226504,0.9328617921564728,flapping_reconnect,0.26294437725044095,0.00390625
flocking_topology_rejoin,11024,2.2330683072754165,0.7570190090971732,0.7515625,0.991954898871132,0.671329898871132,0.5875,0.0,0.4125,0.1125,0.16666666666666666,0.0125,0.54375,76,0.993204055415537,3.749731139985478,4.320921214810881,165.25197790177765,0.9466517857142858,0.0,2.0548215466079336,3.683701869626259,5.044229486863854,1.8877203653577275,8.0,1.0,0.0,0.1875,0.1,1.3875,8.0,1.0,7.90625,0.0,0.01171875,0.0,0,0.0,18,50.99375,0.0,0.0,,3387,650304,0.7199999999999999,0.0,0.0,0.0,0.0,0,1.5,0.475,6.01875,0.75234375,0.23125,0.0,0.0,0.09375,1.5350546627441315,160.90638915316558,0.9487386660184711,flapping_reconnect,1.749731139985478,0.0033482142857141906
flocking_topology_rejoin,11025,2.2448068658578433,0.6288925405075605,0.7484375,0.9381915559137779,0.5738165559137778,0.525,0.0,0.475,0.08125,0.2,0.00625,0.525,76,0.6727401296671063,1.6964279299450873,3.95864687912346,17.931737316276113,0.9765625,0.0,1.9304047869917622,3.683392072046602,5.099645120338389,1.901265989099981,8.0,1.0,0.0,0.1875,0.0,1.55625,8.0,1.0,7.8875,0.0,0.0140625,0.0,0,0.0,15,50.9375,0.0,0.0,,3437,659904,0.7199999999999999,0.0,0.0,0.0,0.0,0,1.4875,0.475,5.99375,0.74921875,0.23515625,0.0,0.0,0.1125,1.5329922624245538,168.21827741892267,0.9784792910795659,flapping_reconnect,0.3035720700549127,0.026562500000000044
flocking_topology_rejoin,11026,2.108580748565965,0.6417213796115822,0.75,0.9153936107661167,0.5669561107661167,0.54375,0.0,0.45625,0.0625,0.0,0.0,0.534375,77,0.6583626413582099,1.6163520254121433,3.7483515325903123,7.451001537936361,0.97421875,0.0,1.8568710819354912,3.679774359381608,5.111729215071166,1.9465939021488485,8.0,1.0,0.0,0.1875,0.0,1.55625,8.0,1.0,7.9125,0.0,0.0109375,0.0,0,0.0,18,51.1875,0.0,0.0,,3431,658752,0.7199999999999999,0.0,0.0,0.0,0.0,0,1.48125,0.48125,6.025,0.753125,0.2359375,0.0,0.0,0.0875,1.5620282846253097,163.94563684524294,0.9868588750250638,flapping_reconnect,0.3836479745878567,0.024218750000000067
flocking_topology_rejoin,11027,2.3390802799576775,1.0039691234734853,0.73515625,1.0797254230611872,0.7212879230611872,0.53125,0.0,0.46875,0.06875,0.0,0.0,0.51484375,79,1.0178039134413999,3.6173508799938374,5.730273822194276,134.3052526098321,0.94609375,0.0,2.045175702804219,3.6797119820135493,5.023807623504998,1.910704203504626,8.0,1.0,0.0,0.1875,0.0,1.53125,8.0,1.0,7.8,0.0,0.025,0.0,0,0.0,18,50.1375,0.0,0.0,,3446,661632,0.7199999999999999,0.0,0.0,0.0,0.0,0,1.5,0.48125,5.9125,0.7390625,0.23359375,0.00625,0.00625,0.2,1.557021508997255,194.90349628988875,0.9433988342061639,flapping_reconnect,1.6173508799938374,0.00390625
flocking_topology_rejoin,11028,2.203315621963317,0.680314351535676,0.75,0.9475069582842682,0.6078194582842682,0.55625,0.0,0.44375,0.06875,0.0,0.0,0.53984375,76,0.6712933705150305,1.6629368887609217,4.199980884182752,5.745196440733823,0.9796875,0.0,1.9811179957891585,3.6916895832051453,4.988807177213189,1.891685152464823,8.0,1.0,0.0,0.1875,0.03333333333333333,1.5375,8.0,1.0,7.90625,0.0,0.01171875,0.0,0,0.0,18,51.03125,0.0,0.0,,3348,642816,0.7199999999999999,0.0,0.0,0.0,0.0,0,1.49375,0.475,6.00625,0.75078125,0.23515625,0.01875,0.01875,0.0875,1.5319871383315178,149.92695970587454,0.9477330001536757,flapping_reconnect,0.3370631112390783,0.02968750000000009
flocking_topology_rejoin,11029,2.159411773968429,0.598088201683258,0.74765625,0.8795772528124177,0.5352022528124176,0.55,0.0,0.45,0.06875,0.0,0.0,0.5375,76,0.6288762042536721,1.4962906981847126,3.7377328921317723,5.036126456233665,0.9892857142857142,0.0,1.9126832177936066,3.6948624273053925,5.026466997095997,1.9177431392241595,8.0,1.0,0.0,0.1875,0.03333333333333333,1.525,8.0,1.0,7.90625,0.0,0.01171875,0.0,0,0.0,18,51.0375,0.0,0.0,,3466,665472,0.7199999999999999,0.0,0.0,0.0,0.0,0,1.49375,0.475,6.01875,0.75234375,0.2328125,0.0,0.0,0.09375,1.5361014004036284,153.62483166616727,0.9710208750329912,flapping_reconnect,0.5037093018152874,0.03928571428571426
flocking_topology_partition,11000,2.8850544802855773,2.3233139139526253,0.7,1.6687452673719807,1.3149952673719807,0.5375,0.0,0.4625,0.06875,0.0,0.0,0.428125,8,2.3338029138687615,16.920723199762662,122.26595836192246,152.8009502115932,0.8380580357142857,0.0,2.1639626193958232,3.6922188232283304,5.06572212225803,1.9575831554919283,8.0,1.0,0.0,0.1875,0.0,1.46875,6.925,0.865625,6.8,0.0,0.15,0.0,0,0.0,17,43.23125,0.0,0.25,,3385,649920,0.7199999999999999,0.0,0.0,0.0,0.0,0,1.3625,0.34375,5.6,0.7,0.14765625,0.0,0.0,0.1375,1.5492004005204645,170.27524787880182,0.9301335830241442,flapping_reconnect,14.920723199762662,0.11194196428571423
flocking_topology_partition,11001,3.31878781648671,2.9409564714098524,0.71796875,2.115374386946518,1.761624386946518,0.5375,0.0,0.4625,0.06875,0.0,0.0,0.4609375,10,2.9440566894935483,25.020539086280714,132.87975627046504,165.42287342471127,0.77578125,0.0,1.8861810061145234,3.6993051142127116,4.997687757124862,1.8659480853615897,8.0,1.0,0.0,0.1875,0.0,1.5375,6.9625,0.8703125,6.78125,0.0,0.15234375,0.0,0,0.0,19,43.8875,0.0,0.125,,3453,662976,0.7199999999999999,0.0,0.0,0.0,0.0,0,1.2625,0.2625,5.76875,0.72109375,0.1265625,0.03125,0.03125,0.175,1.5344481869492292,125.0814467766204,0.9296967920381576,flapping_reconnect,23.020539086280714,0.17421874999999998
flocking_topology_partition,11002,1.7616354510093548,0.5972192808636458,0.709375,0.8871022346095282,0.5386647346095282,0.54375,0.0,0.45625,0.0625,0.0,0.0,0.446875,11,0.616268382545832,1.4354968719106271,3.5200602121779156,7.839493323518821,0.98515625,0.0,1.9059589372197003,3.683038464088405,5.067509348197497,1.9073224742830235,8.0,1.0,0.0,0.1875,0.0,1.51875,6.8625,0.8578125,6.80625,0.0,0.14921875,0.0,0,0.0,15,43.83125,0.0,0.25,,3354,643968,0.7199999999999999,0.0,0.0,0.0,0.0,0,1.29375,0.29375,5.68125,0.71015625,0.140625,0.0,0.0,0.05625,1.5305726673840532,174.226836440431,0.9602737501263618,flapping_reconnect,0.5645031280893729,0.03515625
flocking_topology_partition,11003,1.6783985018213998,0.6698628228738573,0.71796875,0.9728064683519306,0.6178064683519308,0.5375,0.0,0.4625,0.08125,0.125,0.00625,0.475,7,0.7186086584666463,1.9837536911986764,5.093229939943928,15.344125809028554,0.96359375,0.0,2.0912736083495296,3.704284878504108,5.078809282698775,1.8942744087591112,8.0,1.0,0.0,0.1875,0.0,1.525,7.025,0.878125,6.8875,0.0,0.1390625,0.0,0,0.0,15,44.33125,0.0,0.125,,3442,660864,0.7199999999999999,0.0,0.0,0.0,0.0,0,1.3125,0.29375,5.75,0.71875,0.1390625,0.00625,0.00625,0.14375,1.583072825630521,124.1201115923698,0.9602577090263367,flapping_reconnect,0.016246308801323606,0.013593750000000071
flocking_topology_partition,11004,1.9886041374281804,0.7060911852285536,0.69296875,0.9897626484347433,0.6413251484347433,0.54375,0.0,0.45625,0.0625,0.14285714285714285,0.00625,0.425,27,0.7295134292937727,2.0103865120411615,5.069807340857825,10.382566324024205,0.96015625,0.0,2.069931000639971,3.6858937640235694,4.999440338807136,1.9292573129027624,8.0,1.0,0.0,0.1875,0.0,1.48125,6.9875,0.8734375,6.83125,0.0,0.14609375,0.0,0,0.0,18,43.2875,0.0,0.25,,3368,646656,0.7199999999999999,0.0,0.0,0.0,0.0,0,1.3875,0.36875,5.55,0.69375,0.15703125,0.00625,0.00625,0.15625,1.5529955758335787,159.00717400415127,0.9013194169383496,flapping_reconnect,0.010386512041161478,0.010156250000000089
flocking_topology_partition,11005,3.0092195626863267,2.491215355977181,0.696875,1.7363703602471083,1.3913703602471084,0.55,0.0,0.45,0.075,0.25,0.0125,0.425,10,2.502142203191686,17.945350669863927,121.85279837408343,151.7549831953466,0.81484375,0.0,1.9861859011761838,3.6954687803140915,5.088287915553417,1.9110088199171844,8.0,1.0,0.0,0.1875,0.0,1.44375,6.95,0.86875,6.8125,0.0,0.1484375,0.0,0,0.0,20,43.48125,0.0,0.25,,3400,652800,0.7199999999999999,0.0,0.0,0.0,0.0,0,1.34375,0.3375,5.575,0.696875,0.15390625,0.0,0.0,0.1375,1.5373966762649103,130.15712242892923,0.9183086671400815,flapping_reconnect,15.945350669863927,0.13515624999999998
flocking_topology_partition,11006,3.2289918204603745,2.714544721778365,0.71953125,1.9226174859241119,1.574179985924112,0.54375,0.0,0.45625,0.0625,0.0,0.0,0.4828125,10,2.71641868215521,22.873177529825018,150.1411033810904,163.09545362171954,0.81484375,0.0,1.9235716376604368,3.6862883039344565,5.054402351257908,1.8753824123961649,8.0,1.0,0.0,0.1875,0.0,1.51875,7.05625,0.88203125,6.96875,0.0,0.12890625,0.0,0,0.0,14,44.9875,0.0,0.125,,3444,661248,0.7199999999999999,0.0,0.0,0.0,0.0,0,1.3125,0.30625,5.8125,0.7265625,0.14375,0.0,0.0,0.0875,1.5318556682246172,168.3316976475937,0.9292834168300033,flapping_reconnect,20.873177529825018,0.13515624999999998
flocking_topology_partition,11007,1.7748439331463224,0.6147170830792564,0.69765625,0.8993307730350042,0.5508932730350041,0.54375,0.0,0.45625,0.0625,0.14285714285714285,0.00625,0.434375,10,0.6346522977978932,1.521723317402408,4.091305523694433,11.013464862832365,0.9697916666666666,0.0,1.8369438906946982,3.6896855758186264,5.064393383535146,1.8874498963896822,8.0,1.0,0.0,0.1875,0.0,1.53125,6.85,0.85625,6.75,0.0,0.15625,0.0,0,0.0,18,43.2375,0.0,0.25,,3365,646080,0.7199999999999999,0.0,0.0,0.0,0.0,0,1.3125,0.30625,5.58125,0.69765625,0.14453125,0.0,0.0,0.1,1.5516779796963451,161.31776787326305,0.9164789170026779,flapping_reconnect,0.47827668259759193,0.019791666666666652
flocking_topology_partition,11008,1.8561616470889544,0.6679001168863178,0.69921875,0.9377242124028253,0.5939742124028254,0.55,0.0,0.45,0.0625,0.25,0.0125,0.446875,13,0.7068008417590459,1.8709589665531836,6.165668813864874,13.107287736833825,0.9432291666666666,0.0,2.000681332602439,3.702882142485206,5.000847175223321,1.8304691524374046,8.0,1.0,0.0,0.1875,0.0,1.475,6.9375,0.8671875,6.875,0.0,0.140625,0.0,0,0.0,18,43.83125,0.0,0.25,,3402,653184,0.7199999999999999,0.0,0.0,0.0,0.0,0,1.3625,0.3375,5.625,0.703125,0.1515625,0.0,0.0,0.0625,1.5422944604989417,135.33094201186663,0.912499041063711,flapping_reconnect,0.1290410334468164,0.0067708333333333925
flocking_topology_partition,11009,2.9068714480268545,2.265606613516391,0.68203125,1.5910834040106914,1.2213959040106914,0.51875,0.0,0.48125,0.0875,0.0,0.0,0.38984375,26,2.268817022142184,14.2317414093588,111.96298165557332,144.0964164725005,0.8699776785714285,0.0,1.9162717458683314,3.6736955571928904,5.018861469362688,1.9170807126986744,8.0,1.0,0.0,0.1875,0.0,1.4875,6.9625,0.8703125,6.63125,0.0,0.17109375,0.0,0,0.0,19,41.91875,0.0,0.25,,3370,647040,0.7199999999999999,0.0,0.0,0.0,0.0,0,1.35625,0.34375,5.48125,0.68515625,0.1421875,0.10625,0.08125,0.29375,1.5655749754225812,177.71761630938244,0.8776349169202149,flapping_reconnect,12.2317414093588,0.08002232142857146
flocking_topology_partition,11010,3.39162122978181,2.974181868918244,0.71484375,2.156097841703592,1.807660341703592,0.54375,0.0,0.45625,0.0625,0.14285714285714285,0.00625,0.465625,7,2.9865244038661882,25.767287614175967,126.3717376797878,166.48550243891802,0.7518973214285715,0.0,1.9441516462943018,3.6990416511765565,5.05401662482175,1.8990082906440306,8.0,1.0,0.0,0.1875,0.0,1.5625,6.94375,0.86796875,6.78125,0.0,0.15234375,0.0,0,0.0,15,43.6875,0.0,0.125,,3453,662976,0.7199999999999999,0.0,0.0,0.0,0.0,0,1.2875,0.275,5.73125,0.71640625,0.12890625,0.01875,0.01875,0.15625,1.566929977133442,123.27662082923271,0.923351707868278,flapping_reconnect,23.767287614175967,0.1981026785714285
flocking_topology_partition,11011,3.179617876253057,2.7442292624516083,0.70234375,1.9276433257920396,1.5792058257920398,0.54375,0.0,0.45625,0.0625,0.0,0.0,0.434375,7,2.7467106927721634,21.998612427042765,131.97047755656942,167.6258107608619,0.81796875,0.0,1.9395733866125031,3.6956028243025782,5.033407313778538,1.8638226733382754,8.0,1.0,0.0,0.1875,0.0,1.5,6.83125,0.85390625,6.7,0.0,0.1625,0.0,0,0.0,17,42.9375,0.0,0.25,,3363,645696,0.7199999999999999,0.0,0.0,0.0,0.0,0,1.3,0.2875,5.64375,0.70546875,0.13046875,0.0,0.0,0.13125,1.5408358755608564,122.04792155327982,0.908586542122066,flapping_reconnect,19.998612427042765,0.13203124999999993
flocking_topology_partition,11012,3.1835262494728886,2.7585423367281674,0.74609375,1.9518143353056376,1.6033768353056377,0.54375,0.0,0.45625,0.0625,0.0,0.0,0.52421875,9,2.7656424526096055,24.39189243828205,139.7284541757296,155.3182817042363,0.7793526785714285,0.0,2.0882865177974046,3.679572575651359,5.140505237123733,1.9086119713167444,8.0,1.0,0.0,0.1875,0.0,1.19375,7.225,0.903125,7.1125,0.0,0.1109375,0.0,0,0.0,10,46.2,0.0,0.0,,3721,714432,0.7199999999999999,0.0,0.0,0.0,0.0,0,1.3,0.2875,5.975,0.746875,0.140625,0.01875,0.01875,0.10625,1.5654381233503618,173.3099398394488,0.9912192500196397,flapping_reconnect,22.39189243828205,0.17064732142857142
flocking_topology_partition,11013,3.2959941019242365,2.9309097499356134,0.684375,2.073464750139181,1.7197147501391812,0.5375,0.0,0.4625,0.06875,0.0,0.0,0.3953125,10,2.941983266107878,24.43970496377587,131.75632581333127,165.52769063331243,0.76953125,0.0,1.830629842390892,3.6931864861352706,5.095891493694309,1.9053605495005683,8.0,1.0,0.0,0.1875,0.0,1.5375,6.60625,0.82578125,6.53125,0.0,0.18359375,0.0,0,0.0,19,41.79375,0.0,0.375,,3462,664704,0.7199999999999999,0.0,0.0,0.0,0.0,0,1.275,0.26875,5.48125,0.68515625,0.13046875,0.0,0.0,0.075,1.5501914325987856,154.72322596585087,0.9406282920390368,flapping_reconnect,22.43970496377587,0.18046874999999996
flocking_topology_partition,11014,1.8583054763769893,0.6113146289566666,0.70234375,0.8896837754599322,0.5506212754599322,0.55625,0.0,0.44375,0.0625,0.125,0.00625,0.44140625,10,0.64351084926414,1.5642755453375974,4.257945749868715,5.645094775782992,0.98359375,0.0,2.048780813663705,3.6972146792891465,5.004012870760391,1.902426419777136,8.0,1.0,0.0,0.1875,0.0,1.46875,6.9875,0.8734375,6.89375,0.0,0.13828125,0.0,0,0.0,20,43.8875,0.0,0.25,,3361,645312,0.7199999999999999,0.0,0.0,0.0,0.0,0,1.375,0.35625,5.61875,0.70234375,0.15703125,0.0,0.0,0.1125,1.5436271717189771,152.3731905259527,0.9161218341905624,flapping_reconnect,0.4357244546624026,0.03359375000000009
flocking_topology_partition,11015,1.7890530952213668,0.6976423301556174,0.7171875,0.9748961634293364,0.6211461634293365,0.5375,0.0,0.4625,0.06875,0.0,0.0,0.4671875,13,0.703582937190173,1.8802804106505995,4.98514023278766,10.309678997108293,0.9702008928571428,0.0,2.1287618446870047,3.6986771519066415,4.971431972794497,1.8255138826400656,8.0,1.0,0.0,0.1875,0.0,1.475,7.075,0.884375,6.90625,0.0,0.13671875,0.0,0,0.0,19,44.13125,0.0,0.125,,3443,661056,0.7199999999999999,0.0,0.0,0.0,0.0,0,1.35625,0.34375,5.75625,0.71953125,0.1421875,0.025,0.025,0.175,1.5339151247699063,147.83577628747574,0.9183229589834809,flapping_reconnect,0.11971958934940052,0.020200892857142883
flocking_topology_partition,11016,2.9481353441433895,2.4035450035630115,0.70078125,1.6890912292485396,1.3453412292485396,0.55,0.0,0.45,0.0625,0.16666666666666666,0.00625,0.4390625,8,2.4039797314508253,16.08001716166556,130.07489548214497,181.38643699948523,0.8453125,0.0,2.1079569868503496,3.701246814542647,5.06627034953803,1.8707234777246082,8.0,1.0,0.0,0.1875,0.0,1.4375,6.9875,0.8734375,6.875,0.0,0.140625,0.0,0,0.0,16,43.8375,0.0,0.25,,3382,649344,0.7199999999999999,0.0,0.0,0.0,0.0,0,1.3625,0.35,5.63125,0.70390625,0.153125,0.0,0.0,0.1125,1.5439609773334326,115.21217968963538,0.9208073341287673,flapping_reconnect,14.080017161665559,0.10468749999999993
flocking_topology_partition,11017,2.9281760768020786,2.4305629328538805,0.69296875,1.70674468954198,1.3676821895419797,0.55625,0.0,0.44375,0.0625,0.0,0.0,0.41875,10,2.432938599190763,16.118715159541058,117.49293431828521,153.49355385953302,0.85,0.0,1.8090261380904509,3.672869355211796,5.125325243427836,1.9435041177607029,8.0,1.0,0.0,0.1875,0.0,1.475,6.81875,0.85234375,6.75625,0.0,0.15546875,0.0,0,0.0,16,42.9875,0.0,0.375,,3451,662592,0.7199999999999999,0.0,0.0,0.0,0.0,0,1.35,0.3375,5.55,0.69375,0.1484375,0.0,0.0,0.0625,1.5671355555424251,161.57439630075584,0.9483942501246929,flapping_reconnect,14.118715159541058,0.09999999999999998
flocking_topology_partition,11018,3.0242086179166527,2.4681228839060716,0.69765625,1.7984003343660444,1.4499628343660445,0.54375,0.0,0.45625,0.0625,0.0,0.0,0.4546875,10,2.4675840703374967,18.687493986556508,120.77007644755206,183.6070338557887,0.8240327380952379,0.0,2.054761116909803,3.691556779728657,4.988417298457977,1.88473515958746,8.0,1.0,0.0,0.1875,0.0,1.53125,7.075,0.884375,6.875,0.0,0.140625,0.0,0,0.0,14,43.98125,0.0,0.25,,3430,658560,0.7199999999999999,0.0,0.0,0.0,0.0,0,1.34375,0.33125,5.66875,0.70859375,0.1484375,0.04375,0.04375,0.18125,1.5662537011258963,157.86153408016463,0.9017317499965429,flapping_reconnect,16.687493986556508,0.12596726190476204
flocking_topology_partition,11019,2.0480470521301264,0.6343241558211566,0.7015625,0.9675556118285167,0.6284931118285166,0.55625,0.0,0.44375,0.0625,0.3333333333333333,0.0125,0.428125,6,0.9760890190624302,3.5536060901431754,3.5449242087169686,216.0006336316434,0.9680059523809523,0.0,1.895404149318297,3.6743019850891896,5.0068386511283585,1.9015451862178263,8.0,1.0,0.0,0.1875,0.0,1.475,6.975,0.871875,6.8375,0.0,0.1453125,0.0,0,0.0,21,43.53125,0.0,0.25,,3370,647040,0.7199999999999999,0.0,0.0,0.0,0.0,0,1.3625,0.35625,5.6125,0.7015625,0.15234375,0.0375,0.0375,0.125,1.5382774681930786,188.76488769722994,0.8973247080575675,flapping_reconnect,1.5536060901431754,0.018005952380952372
flocking_topology_partition,11020,3.3415685013637013,2.712554264964738,0.715625,2.0162481213713996,1.6765606213713995,0.55625,0.0,0.44375,0.06875,0.375,0.01875,0.4796875,10,2.808964525009964,23.578770186895593,131.63300631977376,186.34008693094037,0.7837425595238094,0.0,2.0740517862712777,3.6823957616578005,5.0912462224948705,1.9232048952636274,8.0,1.0,0.0,0.1875,0.0,1.525,7.03125,0.87890625,6.9125,0.0,0.1359375,0.0,0,0.0,17,44.38125,0.0,0.125,,3438,660096,0.7199999999999999,0.0,0.0,0.0,0.0,0,1.33125,0.3,5.78125,0.72265625,0.1375,0.00625,0.00625,0.11875,1.5621396804453933,167.22323141046385,0.926426624879241,flapping_reconnect,21.578770186895593,0.1662574404761905
flocking_topology_partition,11021,3.242941489305717,2.8019281116168933,0.6953125,1.9797353628381433,1.6347353628381434,0.55,0.0,0.45,0.075,0.0,0.0,0.43125,9,2.801942523112888,22.758636539487835,129.79453824435083,152.85625177420886,0.7996651785714286,0.0,2.105634747816496,3.6823686003848266,5.0588809442619205,1.963937202526612,8.0,1.0,0.0,0.1875,0.0,1.4625,6.875,0.859375,6.75625,0.0,0.15546875,0.0,0,0.0,17,43.1875,0.0,0.25,,3389,650688,0.7199999999999999,0.0,0.0,0.0,0.0,0,1.325,0.3125,5.58125,0.69765625,0.14453125,0.0,0.0,0.125,1.5897202198787732,164.22192699823324,0.9056286669801921,flapping_reconnect,20.758636539487835,0.15033482142857135
flocking_topology_partition,11022,3.142012550160354,2.6315947746210386,0.684375,1.889218989912279,1.5401564899122793,0.54375,0.0,0.45625,0.06875,0.4,0.0125,0.403125,9,2.660907507535174,20.524274443156248,127.00634898442073,167.02543849483362,0.8220089285714286,0.0,1.9271847022378794,3.6626481330962606,5.033623502373132,1.964817420164313,8.0,1.0,0.0,0.1875,0.0,1.45,6.91875,0.86484375,6.675,0.0,0.165625,0.0,0,0.0,20,42.4875,0.0,0.25,,3367,646464,0.7199999999999999,0.0,0.0,0.0,0.0,0,1.33125,0.30625,5.50625,0.68828125,0.14296875,0.0,0.0,0.24375,1.55881966399817,201.95013953423992,0.8963514161296189,flapping_reconnect,18.524274443156248,0.12799107142857136
flocking_topology_partition,11023,1.9772965784519332,0.6375401622513072,0.703125,0.9122508040437509,0.563813304043751,0.54375,0.0,0.45625,0.0625,0.0,0.0,0.4375,27,0.6897468903676913,1.8242586038323432,5.872693167637867,11.724288920595521,0.93671875,0.0,1.9279772416262602,3.6948440754847747,5.005809160601386,1.896021932986611,8.0,1.0,0.0,0.1875,0.0,1.50625,7.0,0.875,6.91875,0.0,0.13515625,0.0,0,0.0,21,43.98125,0.0,0.25,,3350,643200,0.7199999999999999,0.0,0.0,0.0,0.0,0,1.3875,0.375,5.625,0.703125,0.16015625,0.0,0.0,0.08125,1.5354735913726323,162.68107204226504,0.9104516671504825,flapping_reconnect,0.17574139616765683,0.013281249999999911
flocking_topology_partition,11024,2.0943168446432616,0.766538114833598,0.7046875,1.0183952737773274,0.6793327737773275,0.55625,0.0,0.44375,0.0625,0.2857142857142857,0.0125,0.440625,23,1.000471987898984,3.809023533136485,4.952084840338379,165.25197790177765,0.9372767857142857,0.0,2.0548215466079336,3.683701869626259,5.044229486863854,1.8877203653577275,8.0,1.0,0.0,0.1875,0.0,1.3875,7.075,0.884375,6.98125,0.0,0.12734375,0.0,0,0.0,18,44.39375,0.0,0.25,,3387,650304,0.7199999999999999,0.0,0.0,0.0,0.0,0,1.4,0.3875,5.64375,0.70546875,0.165625,0.0,0.0,0.09375,1.5350546627441315,160.90638915316558,0.9135149999056011,flapping_reconnect,1.809023533136485,0.012723214285714213
flocking_topology_partition,11025,3.33335948368014,2.899781234459208,0.68125,2.0658805366770165,1.7015055366770162,0.525,0.0,0.475,0.08125,0.2,0.00625,0.390625,10,2.9096525424937734,23.357709360903993,128.8382731090477,158.06278558050707,0.7875,0.0,1.9304047869917622,3.683392072046602,5.099645120338389,1.901265989099981,8.0,1.0,0.0,0.1875,0.0,1.55625,6.65,0.83125,6.5375,0.0,0.1828125,0.0,0,0.0,15,41.6875,0.0,0.375,,3437,659904,0.7199999999999999,0.0,0.0,0.0,0.0,0,1.29375,0.28125,5.45625,0.68203125,0.13359375,0.0,0.0,0.1125,1.5329922624245538,168.21827741892267,0.9515893750358373,flapping_reconnect,21.357709360903993,0.16249999999999998
flocking_topology_partition,11026,1.5965403319073972,0.6385378017400366,0.7265625,0.9115696943531857,0.5631321943531857,0.54375,0.0,0.45625,0.0625,0.0,0.0,0.4875,7,0.6433253255159846,1.546971515933485,3.7483515325903123,7.451001537936361,0.97890625,0.0,1.8568710819354912,3.679774359381608,5.111729215071166,1.9465939021488485,8.0,1.0,0.0,0.1875,0.0,1.55625,6.95,0.86875,6.86875,0.0,0.14140625,0.0,0,0.0,18,44.4875,0.0,0.125,,3431,658752,0.7199999999999999,0.0,0.0,0.0,0.0,0,1.275,0.275,5.8375,0.7296875,0.12890625,0.0,0.0,0.0875,1.5620282846253097,163.94563684524294,0.9333218750543892,flapping_reconnect,0.4530284840665151,0.028906250000000022
flocking_topology_partition,11027,3.250522380140083,2.8261208811943375,0.6734375,2.050331262180805,1.6918937621808048,0.53125,0.0,0.46875,0.06875,0.0,0.0,0.3859375,10,2.831468149392306,23.55569296939324,133.39577918593983,155.54466503599548,0.78671875,0.0,2.045175702804219,3.6797119820135493,5.023807623504998,1.910704203504626,8.0,1.0,0.0,0.1875,0.0,1.53125,6.7125,0.8390625,6.5125,0.0,0.1859375,0.0,0,0.0,18,41.2875,0.0,0.375,,3446,661632,0.7199999999999999,0.0,0.0,0.0,0.0,0,1.31875,0.30625,5.4,0.675,0.1375,0.00625,0.00625,0.2,1.557021508997255,194.90349628988875,0.903617916861549,flapping_reconnect,21.55569296939324,0.16328124999999993
flocking_topology_partition,11028,3.1367273246884158,2.7502630263372914,0.703125,2.036975408601348,1.6926004086013484,0.55,0.0,0.45,0.06875,0.0,0.0,0.43984375,7,2.7500976370008825,22.04862171660503,115.74972862293463,143.37498795883056,0.7828125,0.0,1.9811179957891585,3.6916895832051453,4.988807177213189,1.891685152464823,8.0,1.0,0.0,0.1875,0.0,1.5375,6.7875,0.8484375,6.69375,0.0,0.16328125,0.0,0,0.0,18,42.93125,0.0,0.25,,3348,642816,0.7199999999999999,0.0,0.0,0.0,0.0,0,1.29375,0.275,5.63125,0.70390625,0.13046875,0.01875,0.01875,0.0875,1.5319871383315178,149.92695970587454,0.9100512501318008,flapping_reconnect,20.04862171660503,0.16718749999999993
flocking_topology_partition,11029,1.8327224293979623,0.5983634910532147,0.67734375,0.8841162677535565,0.5350537677535564,0.54375,0.0,0.45625,0.06875,0.0,0.0,0.4,10,0.6174153846865066,1.4557994977637936,4.189709674471202,5.036126456233665,0.9892857142857142,0.0,1.9126832177936066,3.6948624273053925,5.026466997095997,1.9177431392241595,8.0,1.0,0.0,0.1875,0.0,1.525,6.69375,0.83671875,6.6125,0.0,0.1734375,0.0,0,0.0,18,42.1375,0.0,0.375,,3466,665472,0.7199999999999999,0.0,0.0,0.0,0.0,0,1.3125,0.29375,5.49375,0.68671875,0.13671875,0.0,0.0,0.09375,1.5361014004036284,153.62483166616727,0.9429183749016374,flapping_reconnect,0.5442005022362064,0.03928571428571426
flocking_topology_resilient,11000,3.288428960840703,0.7730299647741669,0.6117187499999999,1.0532244416806136,0.6807244416806135,0.5125,0.0,0.4875,0.06875,0.07692307692307693,0.00625,0.3721354166666667,89,0.7874502996098166,1.593629672375613,4.104534225808349,7.267768589544465,0.97265625,0.0,2.136594356366751,3.6892966867104127,5.01027091822494,2.0007428651375996,8.0,1.0,0.0,0.1875,0.0,1.4625,6.85,0.85625,6.257291666666667,0.5397994728818359,0.21783854166666666,0.0,0,0.15,20,42.93125,0.15,0.04166666666666674,,3378,648576,0.7199999999999999,0.0,0.0,0.0,0.0,0,1.625,0.55625,5.5875,0.678125,0.10169270833333333,0.0,0.0,0.1375,1.5467627167812812,172.81365361042205,0.9066648751031607,flapping_reconnect,0.4063703276243871,0.022656250000000044
flocking_topology_resilient,11001,3.4702926705468466,0.7373361311927685,0.5915364583333333,1.0284111120058856,0.6565361120058858,0.5125,0.0,0.4875,0.0625,0.0,0.0,0.4286458333333333,2,0.7455100137758128,1.5742758306796065,4.722490767185772,7.937778280395677,0.9731249999999999,0.0,1.9659028739534983,3.698082559237913,4.9645011075926435,1.9097032655351025,8.0,1.0,0.0,0.1875,0.0,1.5125,6.98125,0.87265625,6.386458333333333,0.5896030915892908,0.2016927083333333,0.0,0,0.19375,21,44.0375,0.19375,0.04166666666666663,,3454,663168,0.7199999999999999,0.0,0.0,0.0,0.0,0,1.51875,0.4875,5.775,0.7095052083333333,0.08880208333333332,0.03125,0.03125,0.15,1.5314131737864793,127.07596766711347,0.9236904999706894,flapping_reconnect,0.4257241693203935,0.02312499999999995
flocking_topology_resilient,11002,1.6062328249076097,0.6663343703838945,0.6833333333333333,0.9509936390147626,0.5944311390147625,0.53125,0.0,0.46875,0.05,0.0,0.0,0.3880208333333333,140,0.6562749964750085,1.6018053882872532,3.888919164313416,7.752869294512159,0.9734375,0.0,1.9945542488565722,3.682837831647754,5.01711117166777,1.9579403951039656,8.0,1.0,0.0,0.1875,0.0,1.4125,6.85625,0.85703125,6.320833333333333,0.7067420387018084,0.20989583333333334,0.0,0,0.175,19,43.73125,0.175,0.062499999999999944,,3386,650112,0.7199999999999999,0.0,0.0,0.0,0.0,0,1.93125,0.875,5.675,0.6876302083333334,0.10247395833333332,0.0,0.0,0.05625,1.5293672906993485,175.55462298181914,0.9492739581037313,flapping_reconnect,0.39819461171274684,0.0234375
flocking_topology_resilient,11003,1.4329910046381882,0.7026206776437174,0.7024739583333333,0.9912999572453332,0.6281749572453332,0.525,0.0,0.475,0.06875,0.0,0.0,0.43125,139,0.7323438463985044,2.063648984319537,6.00481122624753,12.444758869574557,0.9370312500000001,0.0,2.1081511007416873,3.707748599981226,4.998361405768774,1.9295916260113906,8.0,1.0,0.0,0.1875,0.0,1.50625,6.9625,0.8703125,6.387499999999999,0.7124304841757659,0.2015625,0.0,0,0.19375,21,43.78125,0.19375,0.041666666666666685,,3464,665088,0.7199999999999999,0.0,0.0,0.0,0.0,0,1.99375,0.86875,5.73125,0.7046875,0.09153645833333332,0.00625,0.00625,0.15,1.5822638391000023,126.88422992941037,0.9324942079838365,flapping_reconnect,0.06364898431953714,0.012968749999999862
flocking_topology_resilient,11004,1.6072889651964772,0.668876652939966,0.6713541666666666,0.950960052717287,0.5943975527172869,0.53125,0.0,0.46875,0.05,0.0,0.0,0.36588541666666663,140,0.6703485214297856,1.7000924378568765,4.5522447070635765,10.227730988722065,0.9723958333333333,0.0,2.0984685405586805,3.6851801878444235,4.900110438337895,1.9179708596758906,8.0,1.0,0.0,0.1875,0.0,1.51875,6.8375,0.8546875,6.208333333333334,0.5344724682190176,0.22395833333333334,0.0,0,0.225,21,42.5375,0.225,0.04166666666666674,,3344,642048,0.7199999999999999,0.0,0.0,0.0,0.0,0,1.975,0.875,5.53125,0.6716145833333333,0.10182291666666665,0.025,0.01875,0.15,1.5535008409643392,158.0079561109806,0.8983414999675006,flapping_reconnect,0.29990756214312353,0.022395833333333393
flocking_topology_resilient,11005,2.975138638820729,0.6699342717170469,0.6337239583333333,0.9469945257456663,0.5832445257456662,0.525,0.0,0.475,0.075,0.0,0.0,0.37395833333333334,77,0.6945947362864047,1.4586916712559552,5.051685260792315,8.950547182292299,0.96640625,0.0,1.9655958104419784,3.6992201999619305,4.941750703623265,1.8638022943720807,8.0,1.0,0.0,0.1875,0.0,1.4125,6.9875,0.8734375,6.427083333333333,0.38098154475134977,0.19661458333333334,0.0,0,0.15625,18,43.73125,0.15625,0.04166666666666674,,3400,652800,0.7199999999999999,0.0,0.0,0.0,0.0,0,1.55,0.48125,5.5875,0.6790364583333334,0.12356770833333333,0.0,0.0,0.125,1.537135750218671,129.0737699624564,0.9390673751477152,flapping_reconnect,0.5413083287440448,0.016406250000000067
flocking_topology_resilient,11006,3.385647780065437,0.7056963977531977,0.5984375,0.9963004994021759,0.6291129994021758,0.51875,0.0,0.48125,0.0625,0.0,0.0,0.4447916666666666,77,0.7127415109887021,1.3005434778715461,3.3912419323844505,5.02431350486656,0.99296875,0.0,1.9257927157253873,3.690807642882554,4.940705575172836,1.9003138842139673,8.0,1.0,0.0,0.1875,0.0,1.525,7.00625,0.87578125,6.5166666666666675,0.7003722274826241,0.18541666666666667,0.0,0,0.16875,17,44.5875,0.16875,0.02083333333333337,,3445,661440,0.7199999999999999,0.0,0.0,0.0,0.0,0,1.5375,0.49375,5.8,0.7149739583333333,0.09921875,0.0,0.0,0.1,1.532057980863193,168.23729169419772,0.9590133340097964,flapping_reconnect,0.6994565221284539,0.04296875
flocking_topology_resilient,11007,1.6729449791303992,0.6177020288501889,0.6734375,0.9102781030584515,0.5430906030584515,0.51875,0.0,0.48125,0.0625,0.0,0.0,0.3765625,78,0.6278927533491642,1.4836456726640865,4.131860061661655,10.700563202377024,0.9621354166666667,0.0,1.8492323782978268,3.69619285901359,4.935818524984387,1.9463662819509824,8.0,1.0,0.0,0.1875,0.0,1.475,6.875,0.859375,6.29375,0.5428695370757209,0.21328125,0.0,0,0.175,21,43.2375,0.175,0.04166666666666674,,3363,645696,0.7199999999999999,0.0,0.0,0.0,0.0,0,1.58125,0.5,5.56875,0.6765625,0.10859375,0.0,0.0,0.1125,1.5512645301446901,162.76826353808048,0.9301167498342693,flapping_reconnect,0.5163543273359135,0.012135416666666732
flocking_topology_resilient,11008,1.7195949205109964,0.6239757897200187,0.680078125,0.9220213228380796,0.5701463228380795,0.5375,0.0,0.4625,0.05,0.014492753623188406,0.00625,0.390625,3,0.6163322115053143,1.4189238073389803,3.8446613004470653,6.7403658773906345,0.97734375,0.0,1.8710238537102124,3.706298848019569,4.907119368749547,1.8394033474095004,8.0,1.0,0.0,0.1875,0.0,1.4625,6.925,0.865625,6.4125,0.6446762349975357,0.1984375,0.0,0,0.1375,18,43.88125,0.1375,0.04166666666666674,,3372,647424,0.7199999999999999,0.0,0.0,0.0,0.0,0,1.98125,0.89375,5.61875,0.6828125,0.114453125,0.0,0.0,0.04375,1.5419023042306739,135.5005807585257,0.9378679171204567,flapping_reconnect,0.5810761926610197,0.02734375
flocking_topology_resilient,11009,3.0296203556294197,0.633409699623069,0.608203125,0.938947424543503,0.550509924543503,0.49375,0.0,0.50625,0.0875,0.0,0.0,0.34088541666666666,77,0.6571834468215965,1.4591818390355829,3.970704845931095,16.509660116847044,0.9840401785714284,0.0,1.8630231151049643,3.679496557138704,4.86213231109843,1.9105402783606558,8.0,1.0,0.0,0.1875,0.0,1.50625,6.96875,0.87109375,6.19375,0.36469631398946134,0.22578125,0.0,0,0.2125,22,42.01875,0.2125,0.16666666666666663,,3371,647232,0.7199999999999999,0.0,0.0,0.0,0.0,0,1.55,0.48125,5.45625,0.6635416666666667,0.10989583333333335,0.09375,0.06875,0.2875,1.5659259169209598,178.1740464825293,0.8736759170424193,flapping_reconnect,0.5408181609644171,0.03404017857142849
flocking_topology_resilient,11010,3.365115380106497,0.7318887791322161,0.610546875,1.021708101076657,0.654520601076657,0.51875,0.0,0.48125,0.0625,0.0,0.0,0.43125,78,0.7245798785070788,1.4698714282397942,4.128701877682739,6.3507555635073585,0.9808035714285716,0.0,1.968238889177023,3.6985398264850056,4.977903898330818,1.9117487947545506,8.0,1.0,0.0,0.1875,0.0,1.5,7.05625,0.88203125,6.51875,0.5181144194181121,0.18515625,0.0,0,0.15625,15,44.3875,0.15625,0.02083333333333337,,3433,659136,0.7199999999999999,0.0,0.0,0.0,0.0,0,1.54375,0.4875,5.7375,0.70546875,0.10716145833333332,0.01875,0.01875,0.14375,1.5642381992285783,126.77418441027827,0.9233180838637054,flapping_reconnect,0.5301285717602058,0.030803571428571597
flocking_topology_resilient,11011,3.249343285174553,0.654891317843429,0.6161458333333333,0.9525804923163179,0.5807054923163179,0.5125,0.0,0.4875,0.0625,0.0,0.0,0.3708333333333333,76,0.6732461901395763,1.2748868713372616,3.39078467428604,5.929775305313162,0.9859895833333333,0.0,2.089560473474381,3.691413199753614,4.92276035828578,1.916931618346382,8.0,1.0,0.0,0.1875,0.0,1.48125,6.85625,0.85703125,6.207291666666666,0.3940686834479787,0.2240885416666667,0.0,0,0.2125,24,42.8375,0.2125,0.08333333333333331,,3360,645120,0.7199999999999999,0.0,0.0,0.0,0.0,0,1.54375,0.475,5.61875,0.6807291666666666,0.09401041666666667,0.0,0.0,0.14375,1.5396669279495603,128.3709930390457,0.8946915830019861,flapping_reconnect,0.7251131286627384,0.03598958333333335
flocking_topology_resilient,11012,3.3594386599592467,0.6788202691986726,0.626171875,0.9795331778884506,0.6229706778884505,0.53125,0.0,0.46875,0.05,0.07692307692307693,0.03125,0.50234375,140,0.704397530567882,1.423943354321675,4.382812116777919,9.965537103722223,0.96796875,0.0,2.069966434868273,3.683310743815137,5.09003925579808,1.9030619047618464,8.0,1.0,0.0,0.1875,0.0,1.2,7.24375,0.90546875,6.803125,0.9586101158980966,0.149609375,0.0,0,0.15625,13,46.35,0.15625,0.125,,3685,707520,0.7199999999999999,0.0,0.0,0.0,0.0,0,1.9875,0.875,5.96875,0.7440104166666667,0.105859375,0.01875,0.01875,0.10625,1.5661007871412236,175.36476601202008,0.9891180831473321,flapping_reconnect,0.5760566456783249,0.01796875000000009
flocking_topology_resilient,11013,3.4344468517000384,0.6526956715580378,0.6044270833333333,0.9669030235506888,0.5950280235506888,0.5125,0.0,0.4875,0.0625,0.0,0.0,0.32057291666666665,76,0.665986739317904,1.3832105815683782,4.241681849420888,7.604222439950077,0.9764508928571429,0.0,1.9436329795740641,3.6927685870567415,5.0138792421303195,1.9366550628091779,8.0,1.0,0.0,0.1875,0.0,1.53125,6.5875,0.8234375,5.916666666666666,0.742535206887424,0.2604166666666667,0.0,0,0.20625,22,41.49375,0.20625,0.06250000000000003,,3442,660864,0.7199999999999999,0.0,0.0,0.0,0.0,0,1.53125,0.5,5.5,0.655078125,0.083984375,0.0,0.0,0.0875,1.5489698216450212,158.30149484068852,0.9281936672050506,flapping_reconnect,0.6167894184316218,0.02645089285714297
flocking_topology_resilient,11014,1.6180330574148454,0.6386903190924685,0.680859375,0.9103010812170563,0.5631135812170565,0.54375,0.0,0.45625,0.05,0.015151515151515152,0.00625,0.384375,139,0.6468939949589064,1.5542313198562168,4.342620627117153,6.2576917279147635,0.9830357142857142,0.0,2.073874945501781,3.7007012613573003,4.907823895407434,1.9177023977113756,8.0,1.0,0.0,0.1875,0.0,1.5125,6.875,0.859375,6.303125,0.43998529441413653,0.212109375,0.0,0,0.175,21,43.3375,0.175,0.06250000000000006,,3345,642240,0.7199999999999999,0.0,0.0,0.0,0.0,0,1.9625,0.86875,5.625,0.681640625,0.10403645833333333,0.0,0.0,0.1,1.5411998911485691,152.0624971862932,0.9145000840071589,flapping_reconnect,0.44576868014378324,0.03303571428571428
flocking_topology_resilient,11015,1.4809063419067248,0.6294279796257339,0.703125,0.9344887486769521,0.5779262486769522,0.53125,0.0,0.46875,0.05,0.015384615384615385,0.00625,0.4333333333333333,140,0.6551513345647131,1.6032666829087088,4.088052887349212,8.613411971129686,0.9709821428571427,0.0,2.0166282939309648,3.701837089781951,4.883097029117474,1.8944449927031115,8.0,1.0,0.0,0.1875,0.0,1.45625,7.04375,0.88046875,6.496875,0.2882768642632268,0.187890625,0.0,0,0.175,23,44.13125,0.175,0.04166666666666663,,3441,660672,0.7199999999999999,0.0,0.0,0.0,0.0,0,2.05,0.875,5.75625,0.7075520833333334,0.10338541666666667,0.00625,0.00625,0.15,1.533506544807433,150.22883054946132,0.9164226669818163,flapping_reconnect,0.3967333170912912,0.020982142857142727
flocking_topology_resilient,11016,3.090609218440755,0.6627861707899284,0.6286458333333333,0.9536147519251623,0.5911147519251622,0.525,0.0,0.475,0.0625,0.0,0.0,0.3869791666666667,77,0.6643999386481589,1.4731881693535929,4.149305653229168,8.609396860450332,0.98046875,0.0,2.079220464778354,3.707730486639792,4.924723800192025,1.8951884613663463,8.0,1.0,0.0,0.1875,0.0,1.475,6.9625,0.8703125,6.3812500000000005,0.2973911546368,0.20234375,0.0,0,0.2,25,43.5375,0.2,0.04166666666666674,,3374,647808,0.7199999999999999,0.0,0.0,0.0,0.0,0,1.56875,0.48125,5.63125,0.6845052083333333,0.11145833333333333,0.0,0.0,0.1125,1.5411077860904023,116.19704009787955,0.9371924998704344,flapping_reconnect,0.5268118306464071,0.030468750000000044
flocking_topology_resilient,11017,2.856297082522951,0.6482326140746378,0.6494791666666666,0.9419239100615101,0.5841114100615101,0.53125,0.0,0.46875,0.0625,0.0,0.0,0.3640625,77,0.6707622402831291,1.450931128519744,3.563211816743273,5.980109733854748,0.9921875,0.0,1.7821170275134908,3.680498800001895,5.028655776425966,1.9288378828163737,8.0,1.0,0.0,0.1875,0.0,1.4625,6.88125,0.86015625,6.309375,0.36824366016000004,0.211328125,0.0,0,0.1625,20,43.2875,0.1625,0.06250000000000003,,3445,661440,0.7199999999999999,0.0,0.0,0.0,0.0,0,1.5375,0.48125,5.60625,0.673828125,0.1125,0.0,0.0,0.0625,1.5679047901496286,164.48459955325987,0.9405444168951362,flapping_reconnect,0.5490688714802561,0.042187500000000044
flocking_topology_resilient,11018,3.362521574142367,0.730809517179787,0.6002604166666666,1.0100929033568506,0.6429054033568506,0.51875,0.0,0.48125,0.0625,0.0,0.0,0.41796875,78,0.7310003205174395,1.6996549186315335,4.477726985006983,24.99263850315531,0.9560267857142858,0.0,2.0397961267607996,3.6946816868241883,4.895702547189041,1.961034795684057,8.0,1.0,0.0,0.1875,0.0,1.50625,7.0375,0.8796875,6.440625,0.550580933402624,0.194921875,0.0,0,0.1625,17,43.78125,0.1625,0.14583333333333331,,3456,663552,0.7199999999999999,0.0,0.0,0.0,0.0,0,1.525,0.4875,5.6625,0.6981770833333333,0.10481770833333334,0.05625,0.05625,0.18125,1.5635351354671843,159.39002230534678,0.9123027911409736,flapping_reconnect,0.3003450813684665,0.006026785714285832
flocking_topology_resilient,11019,1.6974728576144618,0.6163822654777547,0.6727864583333334,0.9042782465114183,0.5417782465114183,0.525,0.0,0.475,0.0625,0.0,0.0,0.36692708333333335,120,0.6405455736604018,1.4899169050797973,4.171249062910434,6.147236035694836,0.9828125,0.0,1.9418090359448157,3.683612700234574,4.945832713288283,1.9504862643312173,8.0,1.0,0.0,0.1875,0.0,1.51875,6.8875,0.8609375,6.258333333333335,0.4455087245223398,0.21770833333333334,0.0,0,0.16875,20,43.03125,0.16875,0.06250000000000006,,3350,643200,0.7199999999999999,0.0,0.0,0.0,0.0,0,1.80625,0.75,5.6,0.6782552083333334,0.10325520833333332,0.0375,0.0375,0.125,1.534470835229262,189.77427548383795,0.9184483331628144,flapping_reconnect,0.5100830949202027,0.03281250000000002
flocking_topology_resilient,11020,3.2682567934582507,0.6108601619969599,0.6192708333333334,0.9605632275257431,0.6127507275257433,0.54375,0.0,0.45625,0.05625,0.04477611940298507,0.01875,0.43359375,140,0.6782067024166287,1.55576614725772,3.5882462103978234,29.665069378755287,0.9731770833333334,0.0,2.03886059671201,3.684192063990841,4.943273331436065,1.9734632798364005,8.0,1.0,0.0,0.1875,0.0,1.48125,7.1125,0.8890625,6.5770833333333325,0.4370266971278238,0.17786458333333335,0.0,0,0.15625,18,44.28125,0.15625,0.02083333333333337,,3444,661248,0.7199999999999999,0.0,0.0,0.0,0.0,0,1.9625,0.875,5.75,0.7087239583333333,0.11145833333333333,0.025,0.025,0.15625,1.5633694456593044,171.68956907344534,0.9155398330185562,flapping_reconnect,0.44423385274228,0.02317708333333346
flocking_topology_resilient,11021,3.1663859766207407,0.7302722155763581,0.6225260416666666,0.9947399133208983,0.6416149133208984,0.5375,0.0,0.4625,0.0625,0.0,0.0,0.3770833333333333,140,0.7342181701471167,1.5587330942534672,4.4746628895701575,5.948208742845797,0.9832589285714285,0.0,2.0469305455817235,3.686044471887486,4.904487678920988,1.9538447528647613,8.0,1.0,0.0,0.1875,0.0,1.44375,6.94375,0.86796875,6.346875,0.44609659196393564,0.206640625,0.0,0,0.15625,21,43.4375,0.15625,0.04166666666666674,,3383,649536,0.7199999999999999,0.0,0.0,0.0,0.0,0,1.96875,0.875,5.58125,0.678125,0.11315104166666665,0.0,0.0,0.125,1.5900520308287662,164.6344620745511,0.9183502921368927,flapping_reconnect,0.4412669057465328,0.03325892857142854
flocking_topology_resilient,11022,3.163123747278965,0.707438876642456,0.5970052083333334,1.0182221905184758,0.6510346905184756,0.51875,0.0,0.48125,0.0625,0.0,0.0,0.34921875,78,0.7306222057694859,1.5979702966250835,4.21454731698284,6.317950679678475,0.9823660714285716,0.0,1.9517557248547341,3.6685188260746644,4.956662567257546,1.952191645006809,8.0,1.0,0.0,0.1875,0.0,1.50625,6.9,0.8625,6.190625,0.5158832133381119,0.226171875,0.0,0,0.18125,19,42.3375,0.18125,0.04166666666666674,,3363,645696,0.7199999999999999,0.0,0.0,0.0,0.0,0,1.55,0.48125,5.50625,0.6686197916666666,0.10234375,0.01875,0.01875,0.2375,1.561775919973814,204.6816244533835,0.8875245838426054,flapping_reconnect,0.4020297033749165,0.03236607142857162
flocking_topology_resilient,11023,1.666410341669503,0.6426928758440706,0.6826822916666666,0.936271990441516,0.5743969904415159,0.525,0.0,0.475,0.05625,0.0,0.0,0.38125,140,0.6643448694506155,1.6604753457828676,4.50145343611055,6.51562454152334,0.9703125,0.0,1.9306019125768237,3.6967310366177224,4.901354539405267,1.8902178826168878,8.0,1.0,0.0,0.1875,0.0,1.50625,6.8375,0.8546875,6.281250000000001,0.5433675821084477,0.21484375,0.0,0,0.20625,22,43.18125,0.20625,0.04166666666666674,,3355,644160,0.7199999999999999,0.0,0.0,0.0,0.0,0,1.9375,0.875,5.61875,0.6826822916666666,0.10091145833333333,0.0,0.0,0.0875,1.5343254240079918,167.3714351375342,0.9032074168790132,flapping_reconnect,0.3395246542171324,0.020312500000000067
flocking_topology_resilient,11024,1.8648820779679964,0.7157568584848969,0.68125,1.0548308710668877,0.6970183710668877,0.53125,0.0,0.46875,0.0625,0.046153846153846156,0.01875,0.3861979166666667,140,0.9970656793181835,3.790669980261432,4.239926060420464,165.25197790177765,0.946875,0.0,2.0416537363049967,3.687658922520176,4.986786491874953,1.8626018347440485,8.0,1.0,0.0,0.1875,0.0,1.44375,6.9625,0.8703125,6.401041666666667,0.5818610669566926,0.19986979166666666,0.0,0,0.19375,22,43.89375,0.19375,0.04166666666666674,,3370,647040,0.7199999999999999,0.0,0.0,0.0,0.0,0,1.925,0.8625,5.64375,0.6859375,0.112890625,0.0,0.0,0.09375,1.5358615502361632,158.97380355599574,0.9441255829297006,flapping_reconnect,1.7906699802614319,0.0031249999999999334
flocking_topology_resilient,11025,3.166434598458695,0.6003679493909451,0.622265625,0.8947401955040627,0.5181776955040627,0.50625,0.0,0.49375,0.0625,0.5,0.00625,0.3286458333333333,79,0.6350743129303074,1.3244016798720986,4.042688804323106,10.228752608826245,0.9770833333333332,0.0,1.951961549941761,3.6845422528771343,5.000334948394512,1.9186023838463762,8.0,1.0,0.0,0.1875,0.0,1.46875,6.76875,0.84609375,6.09375,0.537188521818112,0.23828125,0.0,0,0.1375,18,42.1375,0.1375,0.06250000000000003,,3445,661440,0.7199999999999999,0.0,0.0,0.0,0.0,0,1.5375,0.49375,5.5,0.6580729166666666,0.10234375,0.0,0.0,0.1375,1.5325441469793428,170.7472999675694,0.9271467910148203,flapping_reconnect,0.6755983201279014,0.027083333333333237
flocking_topology_resilient,11026,1.4886056663852967,0.6054194898940005,0.71640625,0.8889613613080283,0.5323988613080283,0.53125,0.0,0.46875,0.05,0.0,0.0,0.4502604166666666,140,0.6163571373843182,1.425666690503044,3.7040509638251295,7.451001537936361,0.98359375,0.0,1.855643880904644,3.6835551939011557,4.983784102021154,1.920212502259007,8.0,1.0,0.0,0.1875,0.0,1.54375,7.025,0.878125,6.551041666666667,0.7815607080906084,0.18111979166666667,0.0,0,0.1625,15,44.8875,0.1625,0.02083333333333337,,3449,662208,0.7199999999999999,0.0,0.0,0.0,0.0,0,1.9625,0.875,5.81875,0.7177083333333333,0.101171875,0.00625,0.00625,0.09375,1.5630332182639783,165.68268924013555,0.9369589588604867,flapping_reconnect,0.574333309496956,0.03359375000000009
flocking_topology_resilient,11027,3.417159948296527,0.8737646506627612,0.5680989583333333,1.070482476292687,0.6979824762926871,0.5125,0.0,0.4875,0.06875,0.0,0.0,0.31171875,80,0.8978560711714959,1.5339082550594845,3.869071017419708,9.785725289254476,0.9697916666666668,0.0,2.0472769415908134,3.6891584939930824,4.933723259756097,1.936869936195368,8.0,1.0,0.0,0.1875,0.0,1.5375,6.63125,0.82890625,5.835416666666666,0.5937101133991801,0.27057291666666666,0.0,0,0.2,19,40.6375,0.2,0.06250000000000003,,3439,660288,0.7199999999999999,0.0,0.0,0.0,0.0,0,1.55625,0.51875,5.4,0.642578125,0.08528645833333333,0.0125,0.0125,0.2125,1.5575375009764652,197.3412263063645,0.9018445000983775,flapping_reconnect,0.46609174494051553,0.019791666666666874
flocking_topology_resilient,11028,3.027648024603844,0.693663814981643,0.6317708333333334,0.9681820640344105,0.6103695640344105,0.53125,0.0,0.46875,0.0625,0.0,0.0,0.38828125,77,0.7014803114205252,1.5877526305323642,4.932619136068913,7.25317462004317,0.94921875,0.0,1.9398764682041203,3.697259607287169,4.901278351647225,1.8994950468756489,8.0,1.0,0.0,0.1875,0.0,1.4375,6.9625,0.8703125,6.4125,0.27004995274666665,0.1984375,0.0,0,0.19375,21,43.78125,0.19375,0.04166666666666674,,3365,646080,0.7199999999999999,0.0,0.0,0.0,0.0,0,1.54375,0.48125,5.625,0.6833333333333333,0.116015625,0.00625,0.00625,0.08125,1.5339391873954176,151.68620930351872,0.9161470830440521,flapping_reconnect,0.41224736946763585,0.0007812499999999556
flocking_topology_resilient,11029,1.6821065209486148,0.6502904259572554,0.6483072916666667,0.9442002134282088,0.5876377134282087,0.53125,0.0,0.46875,0.05,0.0,0.0,0.32552083333333337,140,0.6524037404834564,1.6224899485380164,4.1760044773749305,8.085434215681898,0.98046875,0.0,1.9784411144759175,3.694449332376253,4.998798723628566,1.9191029878106254,8.0,1.0,0.0,0.1875,0.0,1.54375,6.7,0.8375,6.070833333333333,0.7094175311818084,0.24114583333333334,0.0,0,0.1625,17,42.1375,0.1625,0.06250000000000003,,3427,657984,0.7199999999999999,0.0,0.0,0.0,0.0,0,1.94375,0.875,5.5,0.6570312500000001,0.09921875,0.0,0.0,0.09375,1.5356010502652737,154.62035118732592,0.9214654159732163,flapping_reconnect,0.3775100514619836,0.030468750000000044
flocking_robust_active,11000,2.1235503217729077,0.623757619103662,0.7614211309523808,0.8978245678830501,0.5540745678830501,0.55,0.0,0.45,0.0625,0.14285714285714285,0.00625,0.5535714285714286,77,0.6609513556656961,1.5991473618835375,3.960459067192989,12.36172025683733,0.9764880952380952,0.0,2.0851964236572615,3.7103380415730554,4.666552153314667,2.036889143329111,8.0,0.6455729166666666,0.0,0.0,0.0,1.0,8.0,1.0,7.89375,0.0,0.0,0.0,0,0.0,0,0.0,0.0,0.0,,2479,475968,0.7199999999999999,0.0,0.0,0.0,0.0,0,1.5,0.48125,6.00625,0.7622023809523808,0.23545386904761906,0.0,0.0,0.10625,1.5466037856210706,176.74424492092828,0.7894165001343936,false_split_dropout,0.40085263811646255,0.026488095238095255
flocking_robust_active,11001,2.366729142494125,0.6909376106506837,0.7640625,1.047972529366217,0.7182850293662171,0.56875,0.0,0.43125,0.0625,0.375,0.01875,0.56484375,75,1.1348872635419864,4.701256056933819,4.5746461591141365,199.96137909690572,0.95859375,0.0,1.8484193508585285,3.704065989326935,4.606642404312263,1.9793511255794822,8.0,0.6497395833333333,0.0,0.0,0.0,1.0,8.0,1.0,7.84375,0.0,0.0,0.0,0,0.0,0,0.0,0.0,0.0,,2495,479040,0.7199999999999999,0.0,0.0,0.0,0.0,0,1.48125,0.46875,5.98125,0.7665178571428571,0.23113839285714288,0.03125,0.03125,0.15,1.5324174823222179,141.07306949054242,0.7807315830141306,false_split_dropout,2.7012560569338193,0.008593750000000067
flocking_robust_active,11002,2.3509200483545936,0.6497425358647474,0.7570089285714285,1.00457016977249,0.6701951697724899,0.5625,0.0,0.4375,0.0625,0.3333333333333333,0.01875,0.5608482142857143,77,0.9337576157623249,3.2283004187785465,4.60089894636341,141.5269134135452,0.95234375,0.0,2.0784615395908994,3.6908519419600188,4.817159731654783,1.9767795990675936,8.0,0.6606770833333334,0.0,0.0,0.0,1.0,8.0,1.0,7.925,0.0,0.0,0.0,0,0.0,0,0.0,0.0,0.0,,2537,487104,0.7199999999999999,0.0,0.0,0.0,0.0,0,1.49375,0.48125,6.04375,0.7619642857142858,0.2364732142857143,0.0,0.0,0.075,1.5311611185614595,182.3162395234914,0.8398673750925809,false_split_dropout,1.2283004187785465,0.002343750000000089
flocking_robust_active,11003,2.1401907697746623,0.6677628198284287,0.750625,0.9569187711435653,0.6072312711435652,0.54375,0.0,0.45625,0.075,0.0,0.0,0.55125,81,0.7257817042703459,1.958819808202379,4.636718518660717,9.462876372705693,0.9566145833333334,0.0,2.0189631071434997,3.719694616273105,4.69878515274456,2.0436718736704393,8.0,0.6484375,0.0,0.0,0.0,1.0,8.0,1.0,7.86875,0.0,0.0,0.0,0,0.0,0,0.0,0.0,0.0,,2490,478080,0.7199999999999999,0.0,0.0,0.0,0.0,0,1.5125,0.49375,5.9125,0.75296875,0.2446875,0.0,0.0,0.13125,1.5811309653656322,141.2659454055678,0.7838952920865268,false_split_dropout,0.04118019179762089,0.006614583333333424
flocking_robust_active,11004,2.1898468976624534,0.6503059612040042,0.7527901785714286,0.9044393822306948,0.5653768822306947,0.55625,0.0,0.44375,0.0625,0.0,0.0,0.5579241071428571,78,0.688015097879126,1.7607173162725913,4.009866660901175,7.83428092107202,0.9617708333333332,0.0,2.0253275845977052,3.6973051018541567,4.706138648227447,2.046279099123049,8.0,0.6333333333333334,0.0,0.0,0.0,1.0,8.0,1.0,7.85,0.0,0.0,0.0,0,0.0,0,0.0,0.0,0.0,,2432,466944,0.7199999999999999,0.0,0.0,0.0,0.0,0,1.50625,0.4875,5.9125,0.7559151785714285,0.24095982142857145,0.025,0.01875,0.14375,1.5497851510407645,166.17579692631685,0.7781070831697434,false_split_dropout,0.23928268372740868,0.011770833333333286
flocking_robust_active,11005,2.2594394166760092,0.6330074995613789,0.7572916666666666,0.9668170657069206,0.6324420657069206,0.5625,0.0,0.4375,0.0625,0.3333333333333333,0.01875,0.5604166666666667,77,0.9568750452456356,3.426968691884125,4.037540787277658,189.1521791747042,0.9573660714285716,0.0,1.9143576216410623,3.7000397887389043,4.720253290785467,1.9542503311912731,8.0,0.6466145833333334,0.0,0.0,0.0,1.0,8.0,1.0,7.8625,0.0,0.0,0.0,0,0.0,0,0.0,0.0,0.0,,2483,476736,0.7199999999999999,0.0,0.0,0.0,0.0,0,1.4875,0.48125,5.9625,0.7614583333333333,0.23776041666666664,0.0,0.0,0.1375,1.5379311609855197,145.520529097433,0.7976653329096735,false_split_dropout,1.4269686918841251,0.007366071428571597
flocking_robust_active,11006,2.2868616263858668,0.5818930844849487,0.7550223214285714,0.9352210642707621,0.6052210642707622,0.575,0.0,0.425,0.1125,0.2727272727272727,0.01875,0.5595982142857142,77,1.0531632959900352,4.010494281479939,3.741099030468064,147.2411286222266,0.95703125,0.0,1.767282866845692,3.7071904348138736,4.606302603697481,1.9748189000091376,8.0,0.6395833333333334,0.0,0.0,0.0,1.0,8.0,1.0,7.8875,0.0,0.0,0.0,0,0.0,0,0.0,0.0,0.0,,2456,471552,0.7199999999999999,0.0,0.0,0.0,0.0,0,1.49375,0.48125,5.98125,0.7607142857142857,0.2369419642857143,0.0,0.0,0.1125,1.5300226128976933,177.871359514017,0.785849291132763,false_split_dropout,2.0104942814799394,0.007031250000000044
flocking_robust_active,11007,2.1562748537682945,0.6262161570610695,0.75234375,0.8741920165327466,0.5441920165327467,0.575,0.0,0.425,0.1125,0.0,0.0,0.5578125,78,0.6359851195179679,1.4813053331628605,3.094124378598819,7.665592361462717,0.9760416666666668,0.0,1.8434102002447248,3.710344006476054,4.598345012540075,2.0621477131670654,8.0,0.615625,0.0,0.0,0.0,1.0,8.0,1.0,7.86875,0.0,0.0,0.0,0,0.0,0,0.0,0.0,0.0,,2364,453888,0.7199999999999999,0.0,0.0,0.0,0.0,0,1.50625,0.49375,5.90625,0.75234375,0.24453125,0.0,0.0,0.13125,1.5482202746995224,171.67357823946523,0.7787177918944508,false_split_dropout,0.5186946668371395,0.02604166666666685
flocking_robust_active,11008,2.2151428462452483,0.6372122625443217,0.7507068452380953,0.8967591957802054,0.5623841957802054,0.5625,0.0,0.4375,0.0625,0.0,0.0,0.5592261904761905,78,0.6639977884839815,1.6346937688527532,3.9611322973687875,6.924918121951736,0.9658854166666666,0.0,1.931305454622636,3.7209809381693733,4.58497122153185,1.9753041506142288,8.0,0.6393229166666667,0.0,0.0,0.0,1.0,8.0,1.0,7.94375,0.0,0.0,0.0,0,0.0,0,0.0,0.0,0.0,,2455,471360,0.7199999999999999,0.0,0.0,0.0,0.0,0,1.50625,0.4875,6.0,0.7559151785714285,0.23991815476190476,0.0,0.0,0.05625,1.5387094675502855,147.71054606870095,0.8055970419663936,false_split_dropout,0.3653062311472468,0.015885416666666652
flocking_robust_active,11009,2.16536874874415,0.6085635224973769,0.7588616071428571,0.8615328949107883,0.5405953949107885,0.58125,0.0,0.41875,0.06875,0.08333333333333333,0.00625,0.5664732142857142,77,0.6694256836248804,1.6000067315437274,3.8332395865156035,10.258942361453133,0.9715401785714286,0.0,1.9613166841036769,3.6904007920110873,4.731532564681044,2.0351408537289686,8.0,0.66015625,0.0,0.0,0.0,1.0,8.0,1.0,7.6625,0.0,0.0,0.0,0,0.0,0,0.0,0.0,0.0,,2535,486720,0.7199999999999999,0.0,0.0,0.0,0.0,0,1.49375,0.475,5.84375,0.7684598214285714,0.2287276785714286,0.10625,0.08125,0.29375,1.562659612787527,186.47916665479272,0.7841261669527739,false_split_dropout,0.3999932684562726,0.021540178571428648
flocking_robust_active,11010,2.2223927517673445,0.6535304896371668,0.7592410714285714,0.9193742453479071,0.5849992453479071,0.5625,0.0,0.4375,0.0625,0.0,0.0,0.5598883928571429,78,0.6647315145766771,1.6163931472898476,3.7732289360689437,6.486158679502104,0.9796875,0.0,2.0114932089501556,3.7182499862363882,4.669503389873545,1.9701781245003027,8.0,0.6510416666666666,0.0,0.0,0.0,1.0,8.0,1.0,7.83125,0.0,0.0,0.0,0,0.0,0,0.0,0.0,0.0,,2500,480000,0.7199999999999999,0.0,0.0,0.0,0.0,0,1.5125,0.4875,5.925,0.7600223214285714,0.23685267857142858,0.01875,0.01875,0.1625,1.5640192338126404,136.22795046041466,0.7874712080229074,false_split_dropout,0.3836068527101524,0.02968750000000009
flocking_robust_active,11011,2.1503836559844336,0.6889088638774841,0.7641741071428572,0.9389004483752398,0.6085879483752398,0.56875,0.0,0.43125,0.06875,0.0,0.0,0.5642857142857143,76,0.6964306440329409,1.8061117648259895,4.434418702244781,7.543241500231184,0.9589583333333334,0.0,1.961120581691342,3.706604404798218,4.693551091102014,1.9999708376276515,8.0,0.6411458333333333,0.0,0.0,0.0,1.0,8.0,1.0,7.8625,0.0,0.0,0.0,0,0.0,0,0.0,0.0,0.0,,2462,472704,0.7199999999999999,0.0,0.0,0.0,0.0,0,1.48125,0.46875,6.01875,0.7665178571428571,0.2319196428571429,0.0,0.0,0.1375,1.5378808023300348,140.30180366943836,0.778992708073929,false_split_dropout,0.19388823517401055,0.008958333333333401
flocking_robust_active,11012,2.1703665919073063,0.6678877207627834,0.7573660714285715,0.9557038684118007,0.6307038684118007,0.575,0.0,0.425,0.0625,0.18181818181818182,0.0125,0.5638392857142858,77,0.7794947737317786,2.241777183426743,3.859803147896593,69.68909205701063,0.9568080357142857,0.0,2.098761471488324,3.70292231955021,4.646307297449779,2.0045076319205437,8.0,0.6614583333333333,0.0,0.0,0.0,1.0,8.0,1.0,7.89375,0.0,0.0,0.0,0,0.0,0,0.0,0.0,0.0,,2540,487680,0.7199999999999999,0.0,0.0,0.0,0.0,0,1.49375,0.48125,6.0,0.7616071428571429,0.2352678571428571,0.01875,0.01875,0.1,1.5651665299036301,182.97664205766958,0.7998042909894139,false_split_dropout,0.24177718342674304,0.006808035714285787
flocking_robust_active,11013,2.287326994650491,0.6568994770121397,0.76328125,0.974935099335223,0.6405600993352231,0.5625,0.0,0.4375,0.0625,0.2857142857142857,0.0125,0.5625,75,0.9698620893639802,3.476531751914128,5.461896013511809,167.53463772613395,0.9471726190476192,0.0,1.862711265411427,3.6950086319293916,4.803988349536182,2.0122759747173555,8.0,0.64375,0.0,0.0,0.0,1.0,8.0,1.0,7.925,0.0,0.0,0.0,0,0.0,0,0.0,0.0,0.0,,2472,474624,0.7199999999999999,0.0,0.0,0.0,0.0,0,1.475,0.46875,6.05,0.765625,0.23359375,0.0,0.0,0.075,1.5479596633901154,165.3068344878363,0.8134717079810798,false_split_dropout,1.4765317519141279,0.002827380952380776
flocking_robust_active,11014,2.196174426107175,0.6127091331903666,0.7575892857142857,0.8977838205165606,0.5634088205165606,0.5625,0.0,0.4375,0.0625,0.1111111111111111,0.00625,0.5660714285714286,77,0.653238763588196,1.5779304495064719,3.5168764711477976,5.776292460819166,0.9800223214285715,0.0,2.0333807388311933,3.7043089821957422,4.725868247104584,1.9368594131912087,8.0,0.6588541666666666,0.0,0.0,0.0,1.0,8.0,1.0,7.9,0.0,0.0,0.0,0,0.0,0,0.0,0.0,0.0,,2530,485760,0.7199999999999999,0.0,0.0,0.0,0.0,0,1.49375,0.48125,6.00625,0.7611607142857142,0.23727678571428573,0.0,0.0,0.1,1.5419786564633857,159.3388103116906,0.7997975419275463,false_split_dropout,0.4220695504935281,0.03002232142857153
flocking_robust_active,11015,2.130446045841868,0.6460359706681363,0.7618750000000001,0.9143336313473025,0.5793336313473025,0.5625,0.0,0.4375,0.06875,0.0,0.0,0.5515625,77,0.6494545699845972,1.5377421628308923,3.5749640489257635,4.76434906766895,0.9834821428571429,0.0,2.069522559745291,3.70700019100583,4.686537914963906,1.9983124243271717,8.0,0.6723958333333334,0.0,0.0,0.0,1.0,8.0,1.0,7.8,0.0,0.0,0.0,0,0.0,0,0.0,0.0,0.0,,2582,495744,0.7199999999999999,0.0,0.0,0.0,0.0,0,1.5,0.475,5.9375,0.7646875,0.23140624999999998,0.0375,0.0375,0.1875,1.5326153096511501,163.6718470320112,0.7861644169315696,false_split_dropout,0.46225783716910773,0.033482142857142905
flocking_robust_active,11016,2.2385232968520117,0.6354371028417364,0.7581845238095238,0.893561076281115,0.5638735762811149,0.56875,0.0,0.43125,0.0625,0.1,0.00625,0.5592261904761905,77,0.6866827125430955,1.7421466296273516,4.447183164350205,5.755609973794199,0.9706250000000001,0.0,1.837412452753601,3.713587099945946,4.782336996262077,2.004265525927987,8.0,0.6395833333333334,0.0,0.0,0.0,1.0,8.0,1.0,7.90625,0.0,0.0,0.0,0,0.0,0,0.0,0.0,0.0,,2456,471552,0.7199999999999999,0.0,0.0,0.0,0.0,0,1.49375,0.48125,6.0,0.7605282738095238,0.23712797619047618,0.0,0.0,0.09375,1.5409001253949883,130.48395131350932,0.7782625420950353,false_split_dropout,0.25785337037264844,0.020625000000000115
flocking_robust_active,11017,2.2308894667942467,0.7134571490353405,0.7550223214285714,0.9879151248380017,0.6441651248380017,0.55,0.0,0.45,0.0625,0.0,0.0,0.5413690476190476,78,0.7038450903788666,1.829262275597216,3.985237859028292,7.1425779582881646,0.95703125,0.0,1.8309779648903497,3.693372436490209,4.733703638063038,2.0720806975547252,8.0,0.6463541666666667,0.0,0.0,0.0,1.0,8.0,1.0,7.925,0.0,0.0,0.0,0,0.0,0,0.0,0.0,0.0,,2482,476544,0.7199999999999999,0.0,0.0,0.0,0.0,0,1.5,0.4875,6.0125,0.7587797619047618,0.23954613095238092,0.0,0.0,0.075,1.564783192725524,170.69265148797163,0.8039257081691176,false_split_dropout,0.1707377244027839,0.007031250000000044
flocking_robust_active,11018,2.128522414648749,0.6558658924400946,0.7560267857142857,0.9222002570514309,0.5831377570514309,0.55625,0.0,0.44375,0.0625,0.0,0.0,0.5589285714285714,78,0.6525838752476989,1.546662684201044,3.8067314685372113,5.589127205297542,0.9801339285714284,0.0,2.02243785488319,3.705071006591858,4.6863459028033505,2.0058476534176775,8.0,0.66640625,0.0,0.0,0.0,1.0,8.0,1.0,7.8,0.0,0.0,0.0,0,0.0,0,0.0,0.0,0.0,,2559,491328,0.7199999999999999,0.0,0.0,0.0,0.0,0,1.5,0.4875,5.86875,0.7568080357142857,0.2408482142857143,0.05625,0.05625,0.175,1.563893056909782,169.55197813946566,0.7722294591367245,false_split_dropout,0.453337315798956,0.030133928571428492
flocking_robust_active,11019,2.29476496933681,0.605377783156829,0.7616071428571429,0.9590925109812181,0.6247175109812181,0.5625,0.0,0.4375,0.0625,0.375,0.01875,0.5481026785714286,76,0.9383394625688,3.2080507350995306,4.700877434964254,149.15628602721392,0.95390625,0.0,2.0779305021169283,3.68914244509937,4.765176737591806,1.9921415130809552,8.0,0.6484375,0.0,0.0,0.0,1.0,8.0,1.0,7.86875,0.0,0.0,0.0,0,0.0,0,0.0,0.0,0.0,,2490,478080,0.7199999999999999,0.0,0.0,0.0,0.0,0,1.48125,0.475,5.9875,0.7642857142857142,0.23493303571428573,0.0375,0.0375,0.11875,1.5343193869734608,195.3319586243521,0.7833526670001447,false_split_dropout,1.2080507350995306,0.00390625
flocking_robust_active,11020,2.2270588184287123,0.6302684980579438,0.759970238095238,0.9054500072369365,0.5663875072369364,0.55625,0.0,0.44375,0.0625,0.0,0.0,0.5571428571428572,76,0.6499635764974797,1.5592211135587868,3.651228457566457,8.317324148865582,0.9728645833333334,0.0,1.9983197907484276,3.698265726460486,4.77933272469728,2.0657370314789887,8.0,0.66484375,0.0,0.0,0.0,1.0,8.0,1.0,7.83125,0.0,0.0,0.0,0,0.0,0,0.0,0.0,0.0,,2553,490176,0.7199999999999999,0.0,0.0,0.0,0.0,0,1.49375,0.475,5.95,0.7629464285714286,0.2344494047619048,0.00625,0.00625,0.16875,1.5601004418426896,176.18727191611637,0.7828444167971611,false_split_dropout,0.4407788864412132,0.02286458333333341
flocking_robust_active,11021,2.2373105610802324,0.7022647163850961,0.7581249999999999,0.9783541576765085,0.6439791576765084,0.5625,0.0,0.4375,0.0625,0.1,0.00625,0.5545312499999999,78,0.700196499840397,1.7777892861539666,3.8910131772094734,4.9423538333153925,0.9744419642857143,0.0,2.0422681625935093,3.6860119082792266,4.849729162147332,2.054936374500992,8.0,0.6716145833333333,0.0,0.0,0.0,1.0,8.0,1.0,7.9125,0.0,0.0,0.0,0,0.0,0,0.0,0.0,0.0,,2579,495168,0.7199999999999999,0.0,0.0,0.0,0.0,0,1.49375,0.4875,5.9875,0.7581249999999999,0.24109375000000002,0.0,0.0,0.0875,1.5872836605051919,175.31254109920587,0.824017042061314,false_split_dropout,0.22221071384603341,0.024441964285714324
flocking_robust_active,11022,2.1293146973968784,0.6366115085000769,0.76203125,0.9166838307927524,0.5823088307927524,0.5625,0.0,0.4375,0.0625,0.1111111111111111,0.00625,0.56078125,76,0.6683023782056075,1.6492417078037895,4.379988730613575,6.334881008157042,0.97890625,0.0,1.8140059235747326,3.6850600343743927,4.716088699807014,2.0032849257979692,8.0,0.6794270833333333,0.0,0.0,0.0,1.0,8.0,1.0,7.75,0.0,0.0,0.0,0,0.0,0,0.0,0.0,0.0,,2609,500928,0.7199999999999999,0.0,0.0,0.0,0.0,0,1.5,0.48125,5.86875,0.7635937500000001,0.2340625,0.0,0.0,0.25,1.5598151969059186,207.15520562989425,0.7935265419073403,false_split_dropout,0.35075829219621046,0.028906250000000022
flocking_robust_active,11023,2.210259886073346,0.6455044050606638,0.7571428571428571,0.9133581235413167,0.5742956235413168,0.55625,0.0,0.44375,0.0625,0.0,0.0,0.5571428571428572,77,0.6545166576248416,1.5805210729496824,3.6526691660497344,5.012666504567293,0.9890625,0.0,1.9213401676731707,3.7088595192110803,4.735722612776668,1.9673294418992011,8.0,0.6765625,0.0,0.0,0.0,1.0,8.0,1.0,7.9125,0.0,0.0,0.0,0,0.0,0,0.0,0.0,0.0,,2598,498816,0.7199999999999999,0.0,0.0,0.0,0.0,0,1.49375,0.48125,5.99375,0.7589285714285714,0.23939732142857145,0.0,0.0,0.0875,1.5333379903533693,172.0832503416338,0.8053324997890741,false_split_dropout,0.41947892705031764,0.0390625
flocking_robust_active,11024,2.186296995545257,0.667538227199058,0.7617559523809524,0.9308559909468267,0.5964809909468267,0.5625,0.0,0.4375,0.0625,0.0,0.0,0.5610119047619048,77,0.70591786842463,1.8681761809642126,5.1497989047306705,6.7600496843221665,0.935580357142857,0.0,1.9602833122890904,3.696232174641834,4.7803234895498825,1.9692134329255737,8.0,0.6583333333333334,0.0,0.0,0.0,1.0,8.0,1.0,7.90625,0.0,0.0,0.0,0,0.0,0,0.0,0.0,0.0,,2528,485376,0.7199999999999999,0.0,0.0,0.0,0.0,0,1.49375,0.48125,6.01875,0.7617559523809524,0.23668154761904764,0.0,0.0,0.09375,1.5371530135301301,167.49230576563272,0.8154959171079099,false_split_dropout,0.13182381903578744,0.014419642857142922
flocking_robust_active,11025,2.23614141395292,0.5734665663333465,0.762016369047619,0.9314362575045572,0.5970612575045571,0.5625,0.0,0.4375,0.0625,0.5,0.025,0.5610119047619048,76,0.9300092092454768,3.1305231293560047,3.999171499393983,143.55468489982246,0.9640625,0.0,1.892970150913436,3.708562312314516,4.6756215194060955,1.9431144512278729,8.0,0.6411458333333334,0.0,0.0,0.0,1.0,8.0,1.0,7.8625,0.0,0.0,0.0,0,0.0,0,0.0,0.0,0.0,,2462,472704,0.7199999999999999,0.0,0.0,0.0,0.0,0,1.49375,0.475,5.9875,0.7638392857142857,0.23355654761904762,0.0,0.0,0.1375,1.533127956920342,176.75596868335296,0.8165769160259515,false_split_dropout,1.1305231293560047,0.014062500000000089
flocking_robust_active,11026,2.2329182816629807,0.7139160045466878,0.7583035714285715,1.0520643383848514,0.7176893383848514,0.5625,0.0,0.4375,0.0625,0.3333333333333333,0.01875,0.5592857142857143,77,1.0228338409935287,3.8313034556246293,4.752592490175912,182.811699644886,0.9349330357142858,0.0,1.9893604557403914,3.686413982844652,4.897930554269568,2.049655424970056,8.0,0.6645833333333333,0.0,0.0,0.0,1.0,8.0,1.0,7.925,0.0,0.0,0.0,0,0.0,0,0.0,0.0,0.0,,2552,489984,0.7199999999999999,0.0,0.0,0.0,0.0,0,1.48125,0.48125,6.03125,0.7613392857142858,0.23866071428571428,0.0,0.0,0.075,1.562740685370592,178.99984510558048,0.8122638331260532,false_split_dropout,1.8313034556246293,0.01506696428571419
flocking_robust_active,11027,2.3488324443747675,0.9751912053709102,0.75625,1.0923662160488443,0.7704912160488442,0.5875,0.0,0.4125,0.125,0.2,0.01875,0.5720982142857143,79,1.2955502571388184,5.96049315645867,4.61062306918494,144.04962654193412,0.94375,0.0,2.0105964170545754,3.6888706094815986,4.5525303617095005,2.0010542780736627,8.0,0.6315104166666666,0.0,0.0,0.0,1.0,8.0,1.0,7.80625,0.0,0.0,0.0,0,0.0,0,0.0,0.0,0.0,,2425,465600,0.7199999999999999,0.0,0.0,0.0,0.0,0,1.5,0.48125,5.90625,0.7602678571428572,0.23660714285714288,0.00625,0.00625,0.19375,1.555598693639175,206.53492373957195,0.739996749907732,false_split_dropout,3.9604931564586696,0.006249999999999978
flocking_robust_active,11028,2.1745493690279805,0.6104361666252935,0.7572916666666666,0.8790458123445865,0.5446708123445865,0.5625,0.0,0.4375,0.0625,0.0,0.0,0.5583333333333333,78,0.6378524756986375,1.4615074904340328,3.6075991426393244,5.960812969665798,0.9810267857142858,0.0,1.873914317507446,3.7055199192582498,4.777731842960717,1.9776995767415664,8.0,0.6658854166666666,0.0,0.0,0.0,1.0,8.0,1.0,7.925,0.0,0.0,0.0,0,0.0,0,0.0,0.0,0.0,,2557,490944,0.7199999999999999,0.0,0.0,0.0,0.0,0,1.5,0.4875,5.99375,0.7572916666666666,0.2411458333333333,0.00625,0.00625,0.075,1.5320002168217262,158.36889167131395,0.7961358330212533,false_split_dropout,0.5384925095659672,0.031026785714285854
flocking_robust_active,11029,2.21011714802165,0.7047018143030013,0.7594866071428571,0.9759338702612036,0.6368713702612034,0.55625,0.0,0.44375,0.0625,0.0,0.0,0.5580357142857142,76,0.6907460290807712,1.7828570927530762,4.041616495519087,8.02360226615496,0.9819196428571428,0.0,2.0026469629860375,3.709677441060884,4.664539150994165,1.9749903487276002,8.0,0.6645833333333333,0.0,0.0,0.0,1.0,8.0,1.0,7.90625,0.0,0.0,0.0,0,0.0,0,0.0,0.0,0.0,,2552,489984,0.7199999999999999,0.0,0.0,0.0,0.0,0,1.49375,0.475,6.0125,0.7626116071428571,0.23426339285714287,0.0,0.0,0.09375,1.5342737645274496,162.22647764884127,0.8013424170203507,false_split_dropout,0.21714290724692376,0.03191964285714288
flocking_topology_support,11000,2.2111904054187552,0.6362820652951892,0.746875,0.9043407067648882,0.555278206764888,0.54375,0.0,0.45625,0.06875,0.0,0.0,0.528125,77,0.6643418138777977,1.6238208906115428,3.6900672843713402,6.064835659462336,0.9725446428571429,0.0,2.1028077838697645,3.7013181293409643,4.720939742925201,2.037969202689807,8.0,0.6367187499999999,0.0,0.0,0.0,1.08125,8.0,1.0,7.8625,0.0,0.0171875,0.0,0,0.0,22,50.4875,0.0,0.0,,2445,469440,0.7199999999999999,0.0,0.0,0.0,0.0,0,1.5,0.48125,5.975,0.746875,0.23359375,0.00625,0.00625,0.1375,1.5478754941444506,175.41576825714873,0.7923014170955867,false_split_dropout,0.3761791093884572,0.02254464285714297
flocking_topology_support,11001,2.3240318328607836,0.7190543230009602,0.74765625,1.0736145462477702,0.7386145462477701,0.5625,0.0,0.4375,0.06875,0.375,0.01875,0.53203125,75,1.1390025207955485,4.754686481396777,4.499757792068971,199.96137909690572,0.9490624999999999,0.0,1.8899466789264352,3.70438718325273,4.712938773116394,1.9627863056842778,8.0,0.63984375,0.0,0.0,0.0,1.0875,8.0,1.0,7.86875,0.0,0.01640625,0.0,0,0.0,14,50.7875,0.0,0.0,,2457,471744,0.7199999999999999,0.0,0.0,0.0,0.0,0,1.48125,0.46875,6.0,0.75,0.23125,0.01875,0.01875,0.125,1.5304316547983303,137.23172175336492,0.7967390830162913,false_split_dropout,2.754686481396777,0.0009375000000000355
flocking_topology_support,11002,2.232798019727358,0.6091702112588312,0.75234375,0.8877606628863497,0.5440106628863497,0.55,0.0,0.45,0.0625,0.0,0.0,0.5375,77,0.632133908756379,1.491300067904157,3.3732744405331676,7.968307550970705,0.9828125,0.0,1.972974057469275,3.6856920754470153,4.871549942215189,1.9729939838666166,8.0,0.65546875,0.0,0.0,0.0,1.11875,8.0,1.0,7.94375,0.0,0.00703125,0.0,0,0.0,18,51.1875,0.0,0.0,,2517,483264,0.7199999999999999,0.0,0.0,0.0,0.0,0,1.5,0.48125,6.05,0.75625,0.234375,0.0,0.0,0.05625,1.5312784404980069,186.28747597283063,0.8199674999341369,false_split_dropout,0.508699932095843,0.03281250000000002
flocking_topology_support,11003,2.205914541693566,0.6917656011707317,0.7375,0.9780754578558014,0.6237004578558014,0.5375,0.0,0.4625,0.075,0.0,0.0,0.53046875,81,0.7060888937244183,1.8823105976549748,4.825949870184214,8.260586441408249,0.9602678571428571,0.0,2.0132867710886098,3.713341942417364,4.822868453640817,2.0396639930364797,8.0,0.6661458333333333,0.0,0.0,0.0,1.15625,8.0,1.0,7.875,0.0,0.015625,0.0,0,0.0,18,50.51875,0.0,0.25,,2558,491136,0.7199999999999999,0.0,0.0,0.0,0.0,0,1.5125,0.49375,5.925,0.740625,0.240625,0.0,0.0,0.125,1.5820850795681392,137.2728742218777,0.834695833036676,false_split_dropout,0.11768940234502523,0.010267857142857162
flocking_topology_support,11004,2.196463841803649,0.616694913118573,0.73671875,0.9008112045469865,0.5570612045469865,0.55,0.0,0.45,0.0625,0.0,0.0,0.525,79,0.6595067928843558,1.6298621922813687,3.6159744388568633,8.3782832392103,0.9681175595238095,0.0,1.9298592072021166,3.694993475588295,4.809463208639572,2.0231026273554145,8.0,0.6161458333333333,0.0,0.0,0.0,1.1375,8.0,1.0,7.85,0.0,0.01875,0.0,0,0.0,26,50.2625,0.0,0.125,,2366,454272,0.7199999999999999,0.0,0.0,0.0,0.0,0,1.50625,0.49375,5.90625,0.73828125,0.240625,0.01875,0.01875,0.14375,1.5527049447151025,166.62422124282006,0.7916199169121683,false_split_dropout,0.37013780771863125,0.018117559523809557
flocking_topology_support,11005,2.2868015792031153,0.635469847272467,0.740625,0.9704854200243082,0.6261104200243082,0.55,0.0,0.45,0.06875,0.5,0.025,0.5171875,77,0.9741910903254469,3.567589853735812,5.731905115685574,189.1521791747042,0.9600446428571429,0.0,1.9275934262022283,3.7010083267760594,4.670580118768438,1.9554641097221963,8.0,0.6528645833333334,0.0,0.0,0.0,1.05,8.0,1.0,7.85,0.0,0.01875,0.0,0,0.0,15,50.525,0.0,0.125,,2507,481344,0.7199999999999999,0.0,0.0,0.0,0.0,0,1.4875,0.48125,5.95,0.74375,0.23671875,0.0,0.0,0.15,1.5367828301822348,135.03119902396392,0.7995111669879407,false_split_dropout,1.5675898537358122,0.010044642857142905
flocking_topology_support,11006,2.254145469708352,0.670148857325796,0.74765625,0.9393780756705403,0.5956280756705402,0.55,0.0,0.45,0.0625,0.0,0.0,0.5359375,77,0.666294598249949,1.6473969933189956,3.9926743157912874,10.150268895404864,0.96171875,0.0,1.794575571290224,3.698872557776312,4.811181768311728,2.004068670234389,8.0,0.6278645833333334,0.0,0.0,0.0,1.1375,8.0,1.0,7.9,0.0,0.0125,0.0,0,0.0,19,50.99375,0.0,0.0,,2411,462912,0.7199999999999999,0.0,0.0,0.0,0.0,0,1.4875,0.48125,6.0,0.75,0.23671875,0.0,0.0,0.1,1.5302967375963878,170.87419868616618,0.8059786250814795,false_split_dropout,0.3526030066810044,0.01171875
flocking_topology_support,11007,2.2448994569545597,0.6297917407297164,0.740625,0.913375826546219,0.5696258265462191,0.55,0.0,0.45,0.0625,0.0,0.0,0.528125,78,0.6440616914796056,1.5385775140189153,3.387942306594721,7.607914719460846,0.984375,0.0,1.848766132223433,3.692742837879611,4.720636469597688,2.0076412490087727,8.0,0.621875,0.0,0.0,0.0,1.05,8.0,1.0,7.875,0.0,0.015625,0.0,0,0.0,16,50.73125,0.0,0.125,,2388,458496,0.7199999999999999,0.0,0.0,0.0,0.0,0,1.49375,0.4875,5.93125,0.74140625,0.24140625,0.0,0.0,0.125,1.5521358991677938,170.0524052342242,0.7855123339686543,false_split_dropout,0.4614224859810847,0.034375000000000044
flocking_topology_support,11008,2.1840367782197316,0.6042431941538208,0.7453125,0.9026059681683272,0.5588559681683272,0.55,0.0,0.45,0.0625,0.375,0.01875,0.5375,78,0.6643552111977559,1.6621945718352626,4.494809887496977,8.10682993710508,0.96875,0.0,1.9144668340077473,3.7139431170842605,4.769504620323135,1.9430629924659442,8.0,0.6541666666666667,0.0,0.0,0.0,1.08125,8.0,1.0,7.9125,0.0,0.0109375,0.0,0,0.0,20,50.96875,0.0,0.5,,2512,482304,0.7199999999999999,0.0,0.0,0.0,0.0,0,1.5,0.48125,5.99375,0.74921875,0.23671875,0.0,0.0,0.0875,1.5433475217680068,140.50502176502613,0.8314196669962257,false_split_dropout,0.33780542816473735,0.018750000000000044
flocking_topology_support,11009,2.1732048992773305,0.650264035697008,0.72578125,0.9421092802387033,0.5858592802387033,0.5375,0.0,0.4625,0.09375,0.1111111111111111,0.00625,0.4890625,77,0.6887962057121164,1.7307079119295081,4.149537017862812,12.074741144482124,0.9729910714285716,0.0,1.9963713349396954,3.6981891710858603,4.6465920988499905,2.030141937593606,8.0,0.6640625,0.0,0.0,0.0,1.0625,8.0,1.0,7.66875,0.0,0.04140625,0.0,0,0.0,15,48.8,0.0,0.0,,2550,489600,0.7199999999999999,0.0,0.0,0.0,0.0,0,1.49375,0.475,5.85,0.73125,0.225,0.10625,0.08125,0.2875,1.5620472402246932,182.87028637570108,0.7921721669845283,false_split_dropout,0.2692920880704919,0.022991071428571597
flocking_topology_support,11010,2.2062320084026514,0.6660856277321033,0.740625,0.9506317333861756,0.6109442333861755,0.55625,0.0,0.44375,0.06875,0.1111111111111111,0.00625,0.51953125,78,0.6947332407411952,1.7850667468683958,3.8626728825015237,12.074557645546193,0.971875,0.0,2.0166616310643373,3.715208936591151,4.647689426469738,1.9901954585688135,8.0,0.6403645833333333,0.0,0.0,0.0,1.09375,8.0,1.0,7.83125,0.0,0.02109375,0.0,0,0.0,17,50.19375,0.0,0.25,,2459,472128,0.7199999999999999,0.0,0.0,0.0,0.0,0,1.5125,0.4875,5.925,0.740625,0.23515625,0.01875,0.01875,0.1625,1.56189609573353,134.22102871458915,0.8088463339954615,false_split_dropout,0.21493325313160416,0.02187500000000009
flocking_topology_support,11011,2.1231370031931998,0.669182757547923,0.75,0.9524607702601384,0.6033982702601385,0.54375,0.0,0.45625,0.06875,0.0,0.0,0.5296875,76,0.6808441193131732,1.7283782476615321,4.4258036840503205,6.950849364210197,0.9754687499999999,0.0,1.9847208331203567,3.7030985849900047,4.7926612552913195,1.9879754167507229,8.0,0.64609375,0.0,0.0,0.0,1.05,8.0,1.0,7.8625,0.0,0.0171875,0.0,0,0.0,12,50.6875,0.0,0.0,,2481,476352,0.7199999999999999,0.0,0.0,0.0,0.0,0,1.48125,0.46875,6.01875,0.75234375,0.22890625,0.0,0.0,0.1375,1.5388024135514542,136.18400987571553,0.8280822080560029,false_split_dropout,0.27162175233846786,0.02546874999999993
flocking_topology_support,11012,2.2087496612208763,0.7084166501179778,0.74609375,0.9856830781000223,0.6606830781000224,0.575,0.0,0.425,0.0625,0.18181818181818182,0.0125,0.5390625,77,0.8044230087021365,2.433208992284265,5.161303000329828,69.68909205701063,0.9452008928571429,0.0,2.182161897863909,3.7071945830590396,4.76964212133196,2.02030103627031,8.0,0.678125,0.0,0.0,0.0,1.05,8.0,1.0,7.90625,0.0,0.01171875,0.0,0,0.0,8,50.89375,0.0,0.0,,2604,499968,0.7199999999999999,0.0,0.0,0.0,0.0,0,1.49375,0.48125,6.0,0.75,0.23515625,0.01875,0.01875,0.0875,1.5628859690153174,176.42082101592314,0.8318361251149327,false_split_dropout,0.433208992284265,0.004799107142857029
flocking_topology_support,11013,2.3033191671162356,0.6636529491217452,0.7546875,0.9861658327223066,0.6464783327223067,0.55625,0.0,0.44375,0.06875,0.42857142857142855,0.01875,0.5296875,75,0.9615524784145334,3.4270879767781297,5.03852104515514,167.53463772613395,0.93515625,0.0,1.9409465785930056,3.6987964771568196,4.842719840742383,2.0072127478716917,8.0,0.6614583333333334,0.0,0.0,0.0,1.10625,8.0,1.0,7.91875,0.0,0.01015625,0.0,0,0.0,16,51.225,0.0,0.0,,2540,487680,0.7199999999999999,0.0,0.0,0.0,0.0,0,1.475,0.46875,6.04375,0.75546875,0.23359375,0.0,0.0,0.08125,1.5499566884356828,160.8941948210777,0.8251894998829812,false_split_dropout,1.4270879767781297,0.014843749999999933
flocking_topology_support,11014,2.1783068967429733,0.6413507464524616,0.74765625,0.9195501631625478,0.5851751631625477,0.5625,0.0,0.4375,0.0625,0.0,0.0,0.5453125,77,0.6851697904957332,1.7415647942339578,3.775217677589439,8.04966115538345,0.9738839285714285,0.0,2.100891351876272,3.704672405621095,4.80992262414642,1.9206699365581485,8.0,0.66328125,0.0,0.0,0.0,1.11875,8.0,1.0,7.90625,0.0,0.01171875,0.0,0,0.0,17,50.95,0.0,0.625,,2547,489024,0.7199999999999999,0.0,0.0,0.0,0.0,0,1.49375,0.48125,6.0125,0.7515625,0.23515625,0.0,0.0,0.09375,1.5408339023958721,160.04924957725063,0.8241132500115782,false_split_dropout,0.2584352057660422,0.023883928571428514
flocking_topology_support,11015,2.141989152559179,0.6498638687315615,0.7390625,0.9217191098775572,0.5814066098775571,0.55625,0.0,0.44375,0.075,0.2222222222222222,0.0125,0.515625,76,0.6797713264706584,1.7238530717507636,5.152478461860778,7.624275843309875,0.9610863095238095,0.0,2.0574857049724633,3.7093284291822015,4.727221728076573,1.9647455235271294,8.0,0.6747395833333334,0.0,0.0,0.0,1.0625,8.0,1.0,7.76875,0.0,0.02890625,0.0,0,0.0,14,49.93125,0.0,0.125,,2591,497472,0.7199999999999999,0.0,0.0,0.0,0.0,0,1.4875,0.46875,5.925,0.740625,0.2265625,0.025,0.025,0.225,1.532207622959067,155.75930912466205,0.8096702909097075,false_split_dropout,0.27614692824923637,0.011086309523809512
flocking_topology_support,11016,2.2033299786661535,0.6624870710631551,0.7453125,0.9755914880501855,0.6271539880501854,0.54375,0.0,0.45625,0.0625,0.5,0.01875,0.5234375,77,0.7285685189624637,1.9508089031916858,4.458032567217454,21.80145813126999,0.9565104166666666,0.0,1.9233383979418004,3.7093997402257366,4.869667922227984,1.9613372832873808,8.0,0.6520833333333333,0.0,0.0,0.0,1.11875,8.0,1.0,7.9,0.0,0.0125,0.0,0,0.0,20,50.80625,0.0,0.0,,2504,480768,0.7199999999999999,0.0,0.0,0.0,0.0,0,1.5,0.48125,5.99375,0.74921875,0.2359375,0.0,0.0,0.1,1.544550099173248,125.38289398560173,0.8132892090361565,false_split_dropout,0.04919109680831424,0.00651041666666663
flocking_topology_support,11017,2.239539401740109,0.6065629103452197,0.7515625,0.8878159885703006,0.5393784885703006,0.54375,0.0,0.45625,0.0625,0.0,0.0,0.5359375,77,0.6405877538641527,1.5075849113153537,3.0162578046716386,6.359871984347974,0.98359375,0.0,1.7246702899715636,3.693432893649816,4.763214113114364,2.0400218977850644,8.0,0.6395833333333333,0.0,0.0,0.0,1.1375,8.0,1.0,7.9375,0.0,0.0078125,0.0,0,0.0,28,50.975,0.0,0.0,,2456,471552,0.7199999999999999,0.0,0.0,0.0,0.0,0,1.49375,0.48125,6.03125,0.75390625,0.23671875,0.0,0.0,0.0625,1.5662111814547106,168.19183700910204,0.8245954168960452,false_split_dropout,0.49241508868464634,0.03359375000000009
flocking_topology_support,11018,2.1576209727811486,0.6501681467707444,0.73125,0.9319653103249866,0.5829028103249867,0.54375,0.0,0.45625,0.06875,0.0,0.0,0.5078125,78,0.6723605510523916,1.678519331975074,3.866114154897055,5.923893844970576,0.9808035714285716,0.0,2.0316177946050544,3.698726032272519,4.83198850088998,2.026672864570574,8.0,0.6822916666666667,0.0,0.0,0.0,1.05,8.0,1.0,7.7875,0.0,0.0265625,0.0,0,0.0,9,49.99375,0.0,0.0,,2620,503040,0.7199999999999999,0.0,0.0,0.0,0.0,0,1.5,0.4875,5.85625,0.73203125,0.2390625,0.05625,0.05625,0.1875,1.5634318164139391,162.97089875272246,0.817054082872346,false_split_dropout,0.32148066802492603,0.030803571428571597
flocking_topology_support,11019,2.326477152234656,0.6625762459759814,0.74609375,1.010416789748448,0.6760417897484482,0.5625,0.0,0.4375,0.0625,0.375,0.01875,0.52890625,76,0.9506566809153876,3.2923352085167323,4.646320506069223,149.15628602721392,0.9566592261904763,0.0,2.1515262877847263,3.6717209928542744,4.817410083811026,1.9955434155273586,8.0,0.6369791666666667,0.0,0.0,0.0,1.1,8.0,1.0,7.86875,0.0,0.01640625,0.0,0,0.0,14,50.5375,0.0,0.0,,2446,469632,0.7199999999999999,0.0,0.0,0.0,0.0,0,1.48125,0.475,5.9875,0.7484375,0.234375,0.0375,0.0375,0.11875,1.5378815910629833,195.33826507060786,0.7957282499410212,false_split_dropout,1.2923352085167323,0.0066592261904763195
flocking_topology_support,11020,2.248440505406335,0.6464140681244328,0.74453125,0.9309976652473384,0.5872476652473383,0.55,0.0,0.45,0.0625,0.0,0.0,0.5234375,77,0.6529099500551381,1.5975823696650029,3.789875005235597,6.306705477866986,0.98046875,0.0,1.984413765610928,3.6970539765600927,4.839603970860859,2.0447977117072886,8.0,0.6604166666666667,0.0,0.0,0.0,1.11875,8.0,1.0,7.8625,0.0,0.0171875,0.0,0,0.0,20,50.5625,0.0,0.0,,2536,486912,0.7199999999999999,0.0,0.0,0.0,0.0,0,1.49375,0.48125,5.95625,0.74453125,0.23671875,0.00625,0.00625,0.1375,1.5610765561388487,174.92912744237552,0.8149110418744385,false_split_dropout,0.4024176303349971,0.030468750000000044
flocking_topology_support,11021,2.3166776747114253,0.6719587263921277,0.7484375,0.9445727526243737,0.5955102526243736,0.54375,0.0,0.45625,0.06875,0.0,0.0,0.53828125,78,0.6826493954580992,1.7000288385648634,4.291104749459434,5.8168076732054255,0.9738839285714287,0.0,2.0815268767233195,3.6888229690903174,4.830438158408282,2.035401100590709,8.0,0.6627604166666666,0.0,0.0,0.0,1.125,8.0,1.0,7.8875,0.0,0.0140625,0.0,0,0.0,24,50.78125,0.0,0.0,,2545,488640,0.7199999999999999,0.0,0.0,0.0,0.0,0,1.49375,0.4875,5.9875,0.7484375,0.23671875,0.0,0.0,0.1125,1.588883687137367,169.49948257074607,0.8248850000090897,false_split_dropout,0.2999711614351366,0.023883928571428736
flocking_topology_support,11022,2.1205300858564233,0.6445957189887,0.7296875,0.9336288136193689,0.5845663136193691,0.54375,0.0,0.45625,0.06875,0.0,0.0,0.50078125,76,0.6516364342885632,1.5807869105939265,3.868455679483615,6.622571865996363,0.9842633928571429,0.0,1.874371349791162,3.6825061449038445,4.7239300358747425,1.9694491436538233,8.0,0.6791666666666667,0.0,0.0,0.0,1.0625,8.0,1.0,7.74375,0.0,0.03203125,0.0,0,0.0,11,49.675,0.0,0.5,,2608,500736,0.7199999999999999,0.0,0.0,0.0,0.0,0,1.49375,0.475,5.86875,0.73359375,0.23203125,0.0,0.0,0.25625,1.5618037625877417,205.47772640472724,0.8061774158850312,false_split_dropout,0.4192130894060735,0.03426339285714297
flocking_topology_support,11023,2.345271636133231,0.6325660343323057,0.74375,1.0133579151587535,0.6733579151587535,0.5625,0.0,0.4375,0.11875,0.3,0.01875,0.5296875,77,1.1278521876764702,4.102803280271471,4.290358833845463,143.2942468331302,0.9559895833333334,0.0,1.9172403133627718,3.7011803885289227,4.820569631109777,1.9558702771818957,8.0,0.66796875,0.0,0.0,0.0,1.05,8.0,1.0,7.9,0.0,0.0125,0.0,0,0.0,14,50.66875,0.0,0.125,,2565,492480,0.7199999999999999,0.0,0.0,0.0,0.0,0,1.50625,0.48125,5.975,0.746875,0.2359375,0.0,0.0,0.1,1.5340418417477797,167.80532042861833,0.8043741250876337,false_split_dropout,2.1028032802714707,0.005989583333333437
flocking_topology_support,11024,2.213330437637722,0.6509495314983043,0.75234375,0.9261719804262174,0.5777344804262176,0.54375,0.0,0.45625,0.0625,0.0,0.0,0.534375,77,0.6722368630346028,1.6903418159270132,3.8382627222833094,6.701628344275097,0.971875,0.0,1.9660307417263767,3.6900879206008312,4.848395258279714,2.0097250225130385,8.0,0.6552083333333334,0.0,0.0,0.0,1.10625,8.0,1.0,7.9125,0.0,0.0109375,0.0,0,0.0,16,51.01875,0.0,0.0,,2516,483072,0.7199999999999999,0.0,0.0,0.0,0.0,0,1.49375,0.48125,6.01875,0.75234375,0.23515625,0.0,0.0,0.0875,1.5361319162579732,165.14727476634843,0.8203340831678361,false_split_dropout,0.30965818407298684,0.02187500000000009
flocking_topology_support,11025,2.2181015332867813,0.6067931339974292,0.746875,0.9120558201009505,0.5523683201009505,0.53125,0.0,0.46875,0.08125,0.3333333333333333,0.0125,0.528125,76,0.6533938475572183,1.5803643319084661,3.3749506050703233,9.255215485613936,0.97265625,0.0,1.883170163615197,3.6945702843140937,4.818360375813116,1.9735405352687891,8.0,0.6635416666666667,0.0,0.0,0.0,1.10625,8.0,1.0,7.875,0.0,0.015625,0.0,0,0.0,12,50.65,0.0,0.0,,2548,489216,0.7199999999999999,0.0,0.0,0.0,0.0,0,1.49375,0.475,5.98125,0.74765625,0.234375,0.0,0.0,0.125,1.5316137425015097,176.32860160125264,0.840660166926682,false_split_dropout,0.41963566809153385,0.022656250000000044
flocking_topology_support,11026,2.1664492515697997,0.6625148059846213,0.74921875,0.9272700709048962,0.5835200709048961,0.55,0.0,0.45,0.0625,0.0,0.0,0.5375,77,0.6681758659665923,1.6426737464204764,4.057676721781579,5.894674429599859,0.9694196428571429,0.0,1.9837168087547687,3.6894133235307627,4.813572721319933,2.0007210400897586,8.0,0.65625,0.0,0.0,0.0,1.1,8.0,1.0,7.9,0.0,0.0125,0.0,0,0.0,17,51.0,0.0,0.0,,2520,483840,0.7199999999999999,0.0,0.0,0.0,0.0,0,1.48125,0.48125,6.00625,0.75078125,0.23671875,0.0,0.0,0.1,1.563957034392692,174.5018568209978,0.8308499169070274,false_split_dropout,0.35732625357952363,0.019419642857142927
flocking_topology_support,11027,2.2901731180170932,0.8924196618024315,0.73671875,0.9216278179470923,0.5725653179470923,0.54375,0.0,0.45625,0.06875,0.0,0.0,0.525,79,0.9411986119395961,2.971500332141454,3.840766175204515,124.33431521734816,0.9721354166666666,0.0,1.9847526564331868,3.688940547886669,4.695831268724147,1.9915242365270642,8.0,0.6250000000000001,0.0,0.0,0.0,1.1375,8.0,1.0,7.80625,0.0,0.02421875,0.0,0,0.0,26,50.125,0.0,0.25,,2400,460800,0.7199999999999999,0.0,0.0,0.0,0.0,0,1.49375,0.48125,5.90625,0.73828125,0.2359375,0.0,0.0,0.19375,1.558537126635252,201.16518140842788,0.7825696659274399,false_split_dropout,0.9715003321414541,0.02213541666666663
flocking_topology_support,11028,2.149535318903119,0.6129444081375689,0.746875,0.8777474380592036,0.5339974380592036,0.55,0.0,0.45,0.0625,0.0,0.0,0.5359375,78,0.6365318101129623,1.4538513764335856,3.822162304523127,5.836715188574032,0.97578125,0.0,1.8359622682386163,3.704882834136799,4.787699784272364,1.9912334462503363,8.0,0.6619791666666667,0.0,0.0,0.0,1.0875,8.0,1.0,7.9,0.0,0.0125,0.0,0,0.0,12,50.7875,0.0,0.125,,2542,488064,0.7199999999999999,0.0,0.0,0.0,0.0,0,1.5,0.4875,5.975,0.746875,0.2390625,0.00625,0.00625,0.1,1.530629225989538,157.76176910371075,0.8031985841225833,false_split_dropout,0.5461486235664144,0.02578125000000009
flocking_topology_support,11029,2.140750095452286,0.6404665162969019,0.7484375,0.919395448697002,0.575020448697002,0.55,0.0,0.45,0.06875,0.0,0.0,0.5375,76,0.655601863976163,1.6146033269711215,3.431849470555928,4.8060410295303475,0.9866071428571429,0.0,1.8645435923476523,3.706464065336161,4.709911888851144,1.9251240912998764,8.0,0.6697916666666666,0.0,0.0,0.0,1.03125,8.0,1.0,7.91875,0.0,0.01015625,0.0,0,0.0,10,51.0375,0.0,0.0,,2572,493824,0.7199999999999999,0.0,0.0,0.0,0.0,0,1.5,0.475,6.01875,0.75234375,0.23359375,0.0,0.0,0.08125,1.5359734127620093,160.88335093735213,0.8390569158364087,false_split_dropout,0.3853966730288785,0.03660714285714295
flocking_topology_rejoin,11000,2.2111904054187552,0.6362820652951892,0.746875,0.9043407067648882,0.555278206764888,0.54375,0.0,0.45625,0.06875,0.0,0.0,0.528125,77,0.6643418138777977,1.6238208906115428,3.6900672843713402,6.064835659462336,0.9725446428571429,0.0,2.1028077838697645,3.7013181293409643,4.720939742925201,2.037969202689807,8.0,0.6367187499999999,0.0,0.0,0.0,1.08125,8.0,1.0,7.8625,0.0,0.0171875,0.0,0,0.0,22,50.4875,0.0,0.0,,2445,469440,0.7199999999999999,0.0,0.0,0.0,0.0,0,1.5,0.48125,5.975,0.746875,0.23359375,0.00625,0.00625,0.1375,1.5478754941444506,175.41576825714873,0.8163164998404682,false_split_dropout,0.3761791093884572,0.02254464285714297
flocking_topology_rejoin,11001,2.3240318328607836,0.7190543230009602,0.74765625,1.0736145462477702,0.7386145462477701,0.5625,0.0,0.4375,0.06875,0.375,0.01875,0.53203125,75,1.1390025207955485,4.754686481396777,4.499757792068971,199.96137909690572,0.9490624999999999,0.0,1.8899466789264352,3.70438718325273,4.712938773116394,1.9627863056842778,8.0,0.63984375,0.0,0.0,0.0,1.0875,8.0,1.0,7.86875,0.0,0.01640625,0.0,0,0.0,14,50.7875,0.0,0.0,,2457,471744,0.7199999999999999,0.0,0.0,0.0,0.0,0,1.48125,0.46875,6.0,0.75,0.23125,0.01875,0.01875,0.125,1.5304316547983303,137.23172175336492,0.8045243339147419,false_split_dropout,2.754686481396777,0.0009375000000000355
flocking_topology_rejoin,11002,2.232798019727358,0.6091702112588312,0.75234375,0.8877606628863497,0.5440106628863497,0.55,0.0,0.45,0.0625,0.0,0.0,0.5375,77,0.632133908756379,1.491300067904157,3.3732744405331676,7.968307550970705,0.9828125,0.0,1.972974057469275,3.6856920754470153,4.871549942215189,1.9729939838666166,8.0,0.65546875,0.0,0.0,0.0,1.11875,8.0,1.0,7.94375,0.0,0.00703125,0.0,0,0.0,18,51.1875,0.0,0.0,,2517,483264,0.7199999999999999,0.0,0.0,0.0,0.0,0,1.5,0.48125,6.05,0.75625,0.234375,0.0,0.0,0.05625,1.5312784404980069,186.28747597283063,0.8253816249780357,false_split_dropout,0.508699932095843,0.03281250000000002
flocking_topology_rejoin,11003,2.205914541693566,0.6917656011707317,0.7375,0.9780754578558014,0.6237004578558014,0.5375,0.0,0.4625,0.075,0.0,0.0,0.53046875,81,0.7060888937244183,1.8823105976549748,4.825949870184214,8.260586441408249,0.9602678571428571,0.0,2.0132867710886098,3.713341942417364,4.822868453640817,2.0396639930364797,8.0,0.6661458333333333,0.0,0.0,0.0,1.15625,8.0,1.0,7.875,0.0,0.015625,0.0,0,0.0,18,50.51875,0.0,0.25,,2558,491136,0.7199999999999999,0.0,0.0,0.0,0.0,0,1.5125,0.49375,5.925,0.740625,0.240625,0.0,0.0,0.125,1.5820850795681392,137.2728742218777,0.8385536251589656,false_split_dropout,0.11768940234502523,0.010267857142857162
flocking_topology_rejoin,11004,2.196463841803649,0.616694913118573,0.73671875,0.9008112045469865,0.5570612045469865,0.55,0.0,0.45,0.0625,0.0,0.0,0.525,79,0.6595067928843558,1.6298621922813687,3.6159744388568633,8.3782832392103,0.9681175595238095,0.0,1.9298592072021166,3.694993475588295,4.809463208639572,2.0231026273554145,8.0,0.6161458333333333,0.0,0.0,0.0,1.1375,8.0,1.0,7.85,0.0,0.01875,0.0,0,0.0,26,50.2625,0.0,0.125,,2366,454272,0.7199999999999999,0.0,0.0,0.0,0.0,0,1.50625,0.49375,5.90625,0.73828125,0.240625,0.01875,0.01875,0.14375,1.5527049447151025,166.62422124282006,0.8054341247770935,false_split_dropout,0.37013780771863125,0.018117559523809557
flocking_topology_rejoin,11005,2.2868015792031153,0.635469847272467,0.740625,0.9704854200243082,0.6261104200243082,0.55,0.0,0.45,0.06875,0.5,0.025,0.5171875,77,0.9741910903254469,3.567589853735812,5.731905115685574,189.1521791747042,0.9600446428571429,0.0,1.9275934262022283,3.7010083267760594,4.670580118768438,1.9554641097221963,8.0,0.6528645833333334,0.0,0.0,0.0,1.05,8.0,1.0,7.85,0.0,0.01875,0.0,0,0.0,15,50.525,0.0,0.125,,2507,481344,0.7199999999999999,0.0,0.0,0.0,0.0,0,1.4875,0.48125,5.95,0.74375,0.23671875,0.0,0.0,0.15,1.5367828301822348,135.03119902396392,0.8084053329657763,false_split_dropout,1.5675898537358122,0.010044642857142905
flocking_topology_rejoin,11006,2.254145469708352,0.670148857325796,0.74765625,0.9393780756705403,0.5956280756705402,0.55,0.0,0.45,0.0625,0.0,0.0,0.5359375,77,0.666294598249949,1.6473969933189956,3.9926743157912874,10.150268895404864,0.96171875,0.0,1.794575571290224,3.698872557776312,4.811181768311728,2.004068670234389,8.0,0.6278645833333334,0.0,0.0,0.0,1.1375,8.0,1.0,7.9,0.0,0.0125,0.0,0,0.0,19,50.99375,0.0,0.0,,2411,462912,0.7199999999999999,0.0,0.0,0.0,0.0,0,1.4875,0.48125,6.0,0.75,0.23671875,0.0,0.0,0.1,1.5302967375963878,170.87419868616618,0.8027862920425832,false_split_dropout,0.3526030066810044,0.01171875
flocking_topology_rejoin,11007,2.2448994569545597,0.6297917407297164,0.740625,0.913375826546219,0.5696258265462191,0.55,0.0,0.45,0.0625,0.0,0.0,0.528125,78,0.6440616914796056,1.5385775140189153,3.387942306594721,7.607914719460846,0.984375,0.0,1.848766132223433,3.692742837879611,4.720636469597688,2.0076412490087727,8.0,0.621875,0.0,0.0,0.0,1.05,8.0,1.0,7.875,0.0,0.015625,0.0,0,0.0,16,50.73125,0.0,0.125,,2388,458496,0.7199999999999999,0.0,0.0,0.0,0.0,0,1.49375,0.4875,5.93125,0.74140625,0.24140625,0.0,0.0,0.125,1.5521358991677938,170.0524052342242,0.8081708329264075,false_split_dropout,0.4614224859810847,0.034375000000000044
flocking_topology_rejoin,11008,2.1840367782197316,0.6042431941538208,0.7453125,0.9026059681683272,0.5588559681683272,0.55,0.0,0.45,0.0625,0.375,0.01875,0.5375,78,0.6643552111977559,1.6621945718352626,4.494809887496977,8.10682993710508,0.96875,0.0,1.9144668340077473,3.7139431170842605,4.769504620323135,1.9430629924659442,8.0,0.6541666666666667,0.0,0.0,0.0,1.08125,8.0,1.0,7.9125,0.0,0.0109375,0.0,0,0.0,20,50.96875,0.0,0.5,,2512,482304,0.7199999999999999,0.0,0.0,0.0,0.0,0,1.5,0.48125,5.99375,0.74921875,0.23671875,0.0,0.0,0.0875,1.5433475217680068,140.50502176502613,0.8417670419439673,false_split_dropout,0.33780542816473735,0.018750000000000044
flocking_topology_rejoin,11009,2.1732048992773305,0.650264035697008,0.72578125,0.9421092802387033,0.5858592802387033,0.5375,0.0,0.4625,0.09375,0.1111111111111111,0.00625,0.4890625,77,0.6887962057121164,1.7307079119295081,4.149537017862812,12.074741144482124,0.9729910714285716,0.0,1.9963713349396954,3.6981891710858603,4.6465920988499905,2.030141937593606,8.0,0.6640625,0.0,0.0,0.0,1.0625,8.0,1.0,7.66875,0.0,0.04140625,0.0,0,0.0,15,48.8,0.0,0.0,,2550,489600,0.7199999999999999,0.0,0.0,0.0,0.0,0,1.49375,0.475,5.85,0.73125,0.225,0.10625,0.08125,0.2875,1.5620472402246932,182.87028637570108,0.791849915869534,false_split_dropout,0.2692920880704919,0.022991071428571597
flocking_topology_rejoin,11010,2.2062320084026514,0.6660856277321033,0.740625,0.9506317333861756,0.6109442333861755,0.55625,0.0,0.44375,0.06875,0.1111111111111111,0.00625,0.51953125,78,0.6947332407411952,1.7850667468683958,3.8626728825015237,12.074557645546193,0.971875,0.0,2.0166616310643373,3.715208936591151,4.647689426469738,1.9901954585688135,8.0,0.6403645833333333,0.0,0.0,0.0,1.09375,8.0,1.0,7.83125,0.0,0.02109375,0.0,0,0.0,17,50.19375,0.0,0.25,,2459,472128,0.7199999999999999,0.0,0.0,0.0,0.0,0,1.5125,0.4875,5.925,0.740625,0.23515625,0.01875,0.01875,0.1625,1.56189609573353,134.22102871458915,0.8167018329259008,false_split_dropout,0.21493325313160416,0.02187500000000009
flocking_topology_rejoin,11011,2.1231370031931998,0.669182757547923,0.75,0.9524607702601384,0.6033982702601385,0.54375,0.0,0.45625,0.06875,0.0,0.0,0.5296875,76,0.6808441193131732,1.7283782476615321,4.4258036840503205,6.950849364210197,0.9754687499999999,0.0,1.9847208331203567,3.7030985849900047,4.7926612552913195,1.9879754167507229,8.0,0.64609375,0.0,0.0,0.0,1.05,8.0,1.0,7.8625,0.0,0.0171875,0.0,0,0.0,12,50.6875,0.0,0.0,,2481,476352,0.7199999999999999,0.0,0.0,0.0,0.0,0,1.48125,0.46875,6.01875,0.75234375,0.22890625,0.0,0.0,0.1375,1.5388024135514542,136.18400987571553,0.831038166070357,false_split_dropout,0.27162175233846786,0.02546874999999993
flocking_topology_rejoin,11012,2.2087496612208763,0.7084166501179778,0.74609375,0.9856830781000223,0.6606830781000224,0.575,0.0,0.425,0.0625,0.18181818181818182,0.0125,0.5390625,77,0.8044230087021365,2.433208992284265,5.161303000329828,69.68909205701063,0.9452008928571429,0.0,2.182161897863909,3.7071945830590396,4.76964212133196,2.02030103627031,8.0,0.678125,0.0,0.0,0.0,1.05,8.0,1.0,7.90625,0.0,0.01171875,0.0,0,0.0,8,50.89375,0.0,0.0,,2604,499968,0.7199999999999999,0.0,0.0,0.0,0.0,0,1.49375,0.48125,6.0,0.75,0.23515625,0.01875,0.01875,0.0875,1.5628859690153174,176.42082101592314,0.8434701249934733,false_split_dropout,0.433208992284265,0.004799107142857029
flocking_topology_rejoin,11013,2.3033191671162356,0.6636529491217452,0.7546875,0.9861658327223066,0.6464783327223067,0.55625,0.0,0.44375,0.06875,0.42857142857142855,0.01875,0.5296875,75,0.9615524784145334,3.4270879767781297,5.03852104515514,167.53463772613395,0.93515625,0.0,1.9409465785930056,3.6987964771568196,4.842719840742383,2.0072127478716917,8.0,0.6614583333333334,0.0,0.0,0.0,1.10625,8.0,1.0,7.91875,0.0,0.01015625,0.0,0,0.0,16,51.225,0.0,0.0,,2540,487680,0.7199999999999999,0.0,0.0,0.0,0.0,0,1.475,0.46875,6.04375,0.75546875,0.23359375,0.0,0.0,0.08125,1.5499566884356828,160.8941948210777,0.8555224169977009,false_split_dropout,1.4270879767781297,0.014843749999999933
flocking_topology_rejoin,11014,2.1783068967429733,0.6413507464524616,0.74765625,0.9195501631625478,0.5851751631625477,0.5625,0.0,0.4375,0.0625,0.0,0.0,0.5453125,77,0.6851697904957332,1.7415647942339578,3.775217677589439,8.04966115538345,0.9738839285714285,0.0,2.100891351876272,3.704672405621095,4.80992262414642,1.9206699365581485,8.0,0.66328125,0.0,0.0,0.0,1.11875,8.0,1.0,7.90625,0.0,0.01171875,0.0,0,0.0,17,50.95,0.0,0.625,,2547,489024,0.7199999999999999,0.0,0.0,0.0,0.0,0,1.49375,0.48125,6.0125,0.7515625,0.23515625,0.0,0.0,0.09375,1.5408339023958721,160.04924957725063,0.8175016671884805,false_split_dropout,0.2584352057660422,0.023883928571428514
flocking_topology_rejoin,11015,2.141989152559179,0.6498638687315615,0.7390625,0.9217191098775572,0.5814066098775571,0.55625,0.0,0.44375,0.075,0.2222222222222222,0.0125,0.515625,76,0.6797713264706584,1.7238530717507636,5.152478461860778,7.624275843309875,0.9610863095238095,0.0,2.0574857049724633,3.7093284291822015,4.727221728076573,1.9647455235271294,8.0,0.6747395833333334,0.0,0.0,0.0,1.0625,8.0,1.0,7.76875,0.0,0.02890625,0.0,0,0.0,14,49.93125,0.0,0.125,,2591,497472,0.7199999999999999,0.0,0.0,0.0,0.0,0,1.4875,0.46875,5.925,0.740625,0.2265625,0.025,0.025,0.225,1.532207622959067,155.75930912466205,0.7994063328951597,false_split_dropout,0.27614692824923637,0.011086309523809512
flocking_topology_rejoin,11016,2.2033299786661535,0.6624870710631551,0.7453125,0.9755914880501855,0.6271539880501854,0.54375,0.0,0.45625,0.0625,0.5,0.01875,0.5234375,77,0.7285685189624637,1.9508089031916858,4.458032567217454,21.80145813126999,0.9565104166666666,0.0,1.9233383979418004,3.7093997402257366,4.869667922227984,1.9613372832873808,8.0,0.6520833333333333,0.0,0.0,0.0,1.11875,8.0,1.0,7.9,0.0,0.0125,0.0,0,0.0,20,50.80625,0.0,0.0,,2504,480768,0.7199999999999999,0.0,0.0,0.0,0.0,0,1.5,0.48125,5.99375,0.74921875,0.2359375,0.0,0.0,0.1,1.544550099173248,125.38289398560173,0.8179911670740694,false_split_dropout,0.04919109680831424,0.00651041666666663
flocking_topology_rejoin,11017,2.239539401740109,0.6065629103452197,0.7515625,0.8878159885703006,0.5393784885703006,0.54375,0.0,0.45625,0.0625,0.0,0.0,0.5359375,77,0.6405877538641527,1.5075849113153537,3.0162578046716386,6.359871984347974,0.98359375,0.0,1.7246702899715636,3.693432893649816,4.763214113114364,2.0400218977850644,8.0,0.6395833333333333,0.0,0.0,0.0,1.1375,8.0,1.0,7.9375,0.0,0.0078125,0.0,0,0.0,28,50.975,0.0,0.0,,2456,471552,0.7199999999999999,0.0,0.0,0.0,0.0,0,1.49375,0.48125,6.03125,0.75390625,0.23671875,0.0,0.0,0.0625,1.5662111814547106,168.19183700910204,0.8117394999135286,false_split_dropout,0.49241508868464634,0.03359375000000009
flocking_topology_rejoin,11018,2.1576209727811486,0.6501681467707444,0.73125,0.9319653103249866,0.5829028103249867,0.54375,0.0,0.45625,0.06875,0.0,0.0,0.5078125,78,0.6723605510523916,1.678519331975074,3.866114154897055,5.923893844970576,0.9808035714285716,0.0,2.0316177946050544,3.698726032272519,4.83198850088998,2.026672864570574,8.0,0.6822916666666667,0.0,0.0,0.0,1.05,8.0,1.0,7.7875,0.0,0.0265625,0.0,0,0.0,9,49.99375,0.0,0.0,,2620,503040,0.7199999999999999,0.0,0.0,0.0,0.0,0,1.5,0.4875,5.85625,0.73203125,0.2390625,0.05625,0.05625,0.1875,1.5634318164139391,162.97089875272246,0.8151141670532525,false_split_dropout,0.32148066802492603,0.030803571428571597
flocking_topology_rejoin,11019,2.326477152234656,0.6625762459759814,0.74609375,1.010416789748448,0.6760417897484482,0.5625,0.0,0.4375,0.0625,0.375,0.01875,0.52890625,76,0.9506566809153876,3.2923352085167323,4.646320506069223,149.15628602721392,0.9566592261904763,0.0,2.1515262877847263,3.6717209928542744,4.817410083811026,1.9955434155273586,8.0,0.6369791666666667,0.0,0.0,0.0,1.1,8.0,1.0,7.86875,0.0,0.01640625,0.0,0,0.0,14,50.5375,0.0,0.0,,2446,469632,0.7199999999999999,0.0,0.0,0.0,0.0,0,1.48125,0.475,5.9875,0.7484375,0.234375,0.0375,0.0375,0.11875,1.5378815910629833,195.33826507060786,0.8056796251330525,false_split_dropout,1.2923352085167323,0.0066592261904763195
flocking_topology_rejoin,11020,2.248440505406335,0.6464140681244328,0.74453125,0.9309976652473384,0.5872476652473383,0.55,0.0,0.45,0.0625,0.0,0.0,0.5234375,77,0.6529099500551381,1.5975823696650029,3.789875005235597,6.306705477866986,0.98046875,0.0,1.984413765610928,3.6970539765600927,4.839603970860859,2.0447977117072886,8.0,0.6604166666666667,0.0,0.0,0.0,1.11875,8.0,1.0,7.8625,0.0,0.0171875,0.0,0,0.0,20,50.5625,0.0,0.0,,2536,486912,0.7199999999999999,0.0,0.0,0.0,0.0,0,1.49375,0.48125,5.95625,0.74453125,0.23671875,0.00625,0.00625,0.1375,1.5610765561388487,174.92912744237552,0.8172907081898302,false_split_dropout,0.4024176303349971,0.030468750000000044
flocking_topology_rejoin,11021,2.3166776747114253,0.6719587263921277,0.7484375,0.9445727526243737,0.5955102526243736,0.54375,0.0,0.45625,0.06875,0.0,0.0,0.53828125,78,0.6826493954580992,1.7000288385648634,4.291104749459434,5.8168076732054255,0.9738839285714287,0.0,2.0815268767233195,3.6888229690903174,4.830438158408282,2.035401100590709,8.0,0.6627604166666666,0.0,0.0,0.0,1.125,8.0,1.0,7.8875,0.0,0.0140625,0.0,0,0.0,24,50.78125,0.0,0.0,,2545,488640,0.7199999999999999,0.0,0.0,0.0,0.0,0,1.49375,0.4875,5.9875,0.7484375,0.23671875,0.0,0.0,0.1125,1.588883687137367,169.49948257074607,0.8173096659593284,false_split_dropout,0.2999711614351366,0.023883928571428736
flocking_topology_rejoin,11022,2.1205300858564233,0.6445957189887,0.7296875,0.9336288136193689,0.5845663136193691,0.54375,0.0,0.45625,0.06875,0.0,0.0,0.50078125,76,0.6516364342885632,1.5807869105939265,3.868455679483615,6.622571865996363,0.9842633928571429,0.0,1.874371349791162,3.6825061449038445,4.7239300358747425,1.9694491436538233,8.0,0.6791666666666667,0.0,0.0,0.0,1.0625,8.0,1.0,7.74375,0.0,0.03203125,0.0,0,0.0,11,49.675,0.0,0.5,,2608,500736,0.7199999999999999,0.0,0.0,0.0,0.0,0,1.49375,0.475,5.86875,0.73359375,0.23203125,0.0,0.0,0.25625,1.5618037625877417,205.47772640472724,0.8089997500646859,false_split_dropout,0.4192130894060735,0.03426339285714297
flocking_topology_rejoin,11023,2.345271636133231,0.6325660343323057,0.74375,1.0133579151587535,0.6733579151587535,0.5625,0.0,0.4375,0.11875,0.3,0.01875,0.5296875,77,1.1278521876764702,4.102803280271471,4.290358833845463,143.2942468331302,0.9559895833333334,0.0,1.9172403133627718,3.7011803885289227,4.820569631109777,1.9558702771818957,8.0,0.66796875,0.0,0.0,0.0,1.05,8.0,1.0,7.9,0.0,0.0125,0.0,0,0.0,14,50.66875,0.0,0.125,,2565,492480,0.7199999999999999,0.0,0.0,0.0,0.0,0,1.50625,0.48125,5.975,0.746875,0.2359375,0.0,0.0,0.1,1.5340418417477797,167.80532042861833,0.8380128748249263,false_split_dropout,2.1028032802714707,0.005989583333333437
flocking_topology_rejoin,11024,2.213330437637722,0.6509495314983043,0.75234375,0.9261719804262174,0.5777344804262176,0.54375,0.0,0.45625,0.0625,0.0,0.0,0.534375,77,0.6722368630346028,1.6903418159270132,3.8382627222833094,6.701628344275097,0.971875,0.0,1.9660307417263767,3.6900879206008312,4.848395258279714,2.0097250225130385,8.0,0.6552083333333334,0.0,0.0,0.0,1.10625,8.0,1.0,7.9125,0.0,0.0109375,0.0,0,0.0,16,51.01875,0.0,0.0,,2516,483072,0.7199999999999999,0.0,0.0,0.0,0.0,0,1.49375,0.48125,6.01875,0.75234375,0.23515625,0.0,0.0,0.0875,1.5361319162579732,165.14727476634843,0.8146901249419898,false_split_dropout,0.30965818407298684,0.02187500000000009
flocking_topology_rejoin,11025,2.2181015332867813,0.6067931339974292,0.746875,0.9120558201009505,0.5523683201009505,0.53125,0.0,0.46875,0.08125,0.3333333333333333,0.0125,0.528125,76,0.6533938475572183,1.5803643319084661,3.3749506050703233,9.255215485613936,0.97265625,0.0,1.883170163615197,3.6945702843140937,4.818360375813116,1.9735405352687891,8.0,0.6635416666666667,0.0,0.0,0.0,1.10625,8.0,1.0,7.875,0.0,0.015625,0.0,0,0.0,12,50.65,0.0,0.0,,2548,489216,0.7199999999999999,0.0,0.0,0.0,0.0,0,1.49375,0.475,5.98125,0.74765625,0.234375,0.0,0.0,0.125,1.5316137425015097,176.32860160125264,0.8213260418269783,false_split_dropout,0.41963566809153385,0.022656250000000044
flocking_topology_rejoin,11026,2.1664492515697997,0.6625148059846213,0.74921875,0.9272700709048962,0.5835200709048961,0.55,0.0,0.45,0.0625,0.0,0.0,0.5375,77,0.6681758659665923,1.6426737464204764,4.057676721781579,5.894674429599859,0.9694196428571429,0.0,1.9837168087547687,3.6894133235307627,4.813572721319933,2.0007210400897586,8.0,0.65625,0.0,0.0,0.0,1.1,8.0,1.0,7.9,0.0,0.0125,0.0,0,0.0,17,51.0,0.0,0.0,,2520,483840,0.7199999999999999,0.0,0.0,0.0,0.0,0,1.48125,0.48125,6.00625,0.75078125,0.23671875,0.0,0.0,0.1,1.563957034392692,174.5018568209978,0.8286183748859912,false_split_dropout,0.35732625357952363,0.019419642857142927
flocking_topology_rejoin,11027,2.2901731180170932,0.8924196618024315,0.73671875,0.9216278179470923,0.5725653179470923,0.54375,0.0,0.45625,0.06875,0.0,0.0,0.525,79,0.9411986119395961,2.971500332141454,3.840766175204515,124.33431521734816,0.9721354166666666,0.0,1.9847526564331868,3.688940547886669,4.695831268724147,1.9915242365270642,8.0,0.6250000000000001,0.0,0.0,0.0,1.1375,8.0,1.0,7.80625,0.0,0.02421875,0.0,0,0.0,26,50.125,0.0,0.25,,2400,460800,0.7199999999999999,0.0,0.0,0.0,0.0,0,1.49375,0.48125,5.90625,0.73828125,0.2359375,0.0,0.0,0.19375,1.558537126635252,201.16518140842788,0.7932953329291195,false_split_dropout,0.9715003321414541,0.02213541666666663
flocking_topology_rejoin,11028,2.149535318903119,0.6129444081375689,0.746875,0.8777474380592036,0.5339974380592036,0.55,0.0,0.45,0.0625,0.0,0.0,0.5359375,78,0.6365318101129623,1.4538513764335856,3.822162304523127,5.836715188574032,0.97578125,0.0,1.8359622682386163,3.704882834136799,4.787699784272364,1.9912334462503363,8.0,0.6619791666666667,0.0,0.0,0.0,1.0875,8.0,1.0,7.9,0.0,0.0125,0.0,0,0.0,12,50.7875,0.0,0.125,,2542,488064,0.7199999999999999,0.0,0.0,0.0,0.0,0,1.5,0.4875,5.975,0.746875,0.2390625,0.00625,0.00625,0.1,1.530629225989538,157.76176910371075,0.8029942091088742,false_split_dropout,0.5461486235664144,0.02578125000000009
flocking_topology_rejoin,11029,2.140750095452286,0.6404665162969019,0.7484375,0.919395448697002,0.575020448697002,0.55,0.0,0.45,0.06875,0.0,0.0,0.5375,76,0.655601863976163,1.6146033269711215,3.431849470555928,4.8060410295303475,0.9866071428571429,0.0,1.8645435923476523,3.706464065336161,4.709911888851144,1.9251240912998764,8.0,0.6697916666666666,0.0,0.0,0.0,1.03125,8.0,1.0,7.91875,0.0,0.01015625,0.0,0,0.0,10,51.0375,0.0,0.0,,2572,493824,0.7199999999999999,0.0,0.0,0.0,0.0,0,1.5,0.475,6.01875,0.75234375,0.23359375,0.0,0.0,0.08125,1.5359734127620093,160.88335093735213,0.8115502500440925,false_split_dropout,0.3853966730288785,0.03660714285714295
flocking_topology_partition,11000,2.5596237634107437,1.5460849578761426,0.73125,1.209885667830346,0.8401981678303463,0.51875,0.0,0.48125,0.0875,0.0,0.0,0.5,6,1.5468906630355939,7.500428713527555,6.334879871423476,159.1853378947717,0.9210565476190476,0.0,2.1028077838697645,3.7013181293409643,4.720939742925201,2.037969202689807,8.0,0.6367187499999999,0.0,0.0,0.0,1.08125,7.68125,0.96015625,7.54375,0.0,0.05703125,0.0,0,0.0,22,48.3375,0.0,0.875,,2445,469440,0.7199999999999999,0.0,0.0,0.0,0.0,0,1.45,0.43125,5.8875,0.7359375,0.2046875,0.00625,0.00625,0.1375,1.5478754941444506,175.41576825714873,0.7958574588410556,false_split_dropout,5.500428713527555,0.028943452380952306
flocking_topology_partition,11001,2.728248817142455,1.8128873971675579,0.74609375,1.462904000625498,1.1279040006254981,0.5625,0.0,0.4375,0.06875,0.375,0.01875,0.53046875,8,2.0276371163991818,12.3941973521634,103.33337456409409,199.96137909690572,0.881875,0.0,1.8899466789264352,3.70438718325273,4.712938773116394,1.9627863056842778,8.0,0.63984375,0.0,0.0,0.0,1.0875,7.7125,0.9640625,7.58125,0.0,0.05234375,0.0,0,0.0,14,49.0375,0.0,0.125,,2457,471744,0.7199999999999999,0.0,0.0,0.0,0.0,0,1.4125,0.4,5.99375,0.74921875,0.19609375,0.01875,0.01875,0.125,1.5304316547983303,137.23172175336492,0.8087346660904586,false_split_dropout,10.3941973521634,0.06812499999999999
flocking_topology_partition,11002,1.9914632032373163,0.6097444367672549,0.7453125,0.9049354395460909,0.5452479395460911,0.53125,0.0,0.46875,0.08125,0.0,0.0,0.5234375,8,0.6310128111308417,1.486447183079833,3.3732744405331676,7.968307550970705,0.98359375,0.0,1.972974057469275,3.6856920754470153,4.871549942215189,1.9729939838666166,8.0,0.65546875,0.0,0.0,0.0,1.11875,7.54375,0.94296875,7.49375,0.0,0.06328125,0.0,0,0.0,18,48.3875,0.0,0.875,,2517,483264,0.7199999999999999,0.0,0.0,0.0,0.0,0,1.4,0.38125,5.99375,0.74921875,0.18515625,0.0,0.0,0.05625,1.5312784404980069,186.28747597283063,0.8222414588090032,false_split_dropout,0.5135528169201671,0.03359375000000009
flocking_topology_partition,11003,1.8589237605900903,0.6922078215998557,0.73515625,0.9785796341253734,0.6242046341253735,0.5375,0.0,0.4625,0.075,0.0,0.0,0.52578125,6,0.706212105288638,1.8830913019224187,4.825949870184214,8.260586441408249,0.9602678571428571,0.0,2.0132867710886098,3.713341942417364,4.822868453640817,2.0396639930364797,8.0,0.6661458333333333,0.0,0.0,0.0,1.15625,7.45,0.93125,7.33125,0.0,0.08359375,0.0,0,0.0,18,47.21875,0.0,0.375,,2558,491136,0.7199999999999999,0.0,0.0,0.0,0.0,0,1.38125,0.3625,5.90625,0.73828125,0.175,0.0,0.0,0.125,1.5820850795681392,137.2728742218777,0.8126871669664979,false_split_dropout,0.11690869807758131,0.010267857142857162
flocking_topology_partition,11004,1.9733158180278112,0.6121279935000352,0.73046875,0.9092610264271723,0.5448860264271724,0.525,0.0,0.475,0.08125,0.0,0.0,0.509375,6,0.6554510202680196,1.6146405955788612,3.970594356221034,8.3782832392103,0.9681175595238095,0.0,1.9298592072021166,3.694993475588295,4.809463208639572,2.0231026273554145,8.0,0.6161458333333333,0.0,0.0,0.0,1.1375,7.55,0.94375,7.4,0.0,0.075,0.0,0,0.0,26,47.4625,0.0,0.5,,2366,454272,0.7199999999999999,0.0,0.0,0.0,0.0,0,1.40625,0.39375,5.86875,0.73359375,0.1890625,0.01875,0.01875,0.14375,1.5527049447151025,166.62422124282006,0.7780466671101749,false_split_dropout,0.3853594044211388,0.018117559523809557
flocking_topology_partition,11005,2.313876833159249,0.7754235753809915,0.72578125,1.0051934911907323,0.6295684911907323,0.5125,0.0,0.4875,0.1,0.42857142857142855,0.01875,0.49375,77,1.018135419324603,3.720782960937753,5.731905115685574,189.1521791747042,0.9600446428571429,0.0,1.9275934262022283,3.7010083267760594,4.670580118768438,1.9554641097221963,8.0,0.6528645833333334,0.0,0.0,0.0,1.05,7.83125,0.97890625,7.6875,0.0,0.0390625,0.0,0,0.0,15,49.275,0.0,0.875,,2507,481344,0.7199999999999999,0.0,0.0,0.0,0.0,0,1.48125,0.475,5.85,0.73125,0.22890625,0.0,0.0,0.15,1.5367828301822348,135.03119902396392,0.8183701250236481,false_split_dropout,1.7207829609377532,0.010044642857142905
flocking_topology_partition,11006,2.8873267120832655,2.2088044518139798,0.74453125,1.545199488318532,1.201449488318532,0.55,0.0,0.45,0.0625,0.0,0.0,0.5296875,33,2.2026529100183896,14.758956576493906,131.8561000763846,178.05381789020555,0.8694196428571429,0.0,1.794575571290224,3.698872557776312,4.811181768311728,2.004068670234389,8.0,0.6278645833333334,0.0,0.0,0.0,1.1375,7.56875,0.94609375,7.46875,0.0,0.06640625,0.0,0,0.0,19,48.34375,0.0,0.125,,2411,462912,0.7199999999999999,0.0,0.0,0.0,0.0,0,1.3875,0.38125,5.975,0.746875,0.1859375,0.0,0.0,0.1,1.5302967375963878,170.87419868616618,0.8035832089371979,false_split_dropout,12.758956576493906,0.08058035714285705
flocking_topology_partition,11007,2.1764316414453813,0.6303349005601451,0.73671875,0.9141854870349665,0.5704354870349665,0.55,0.0,0.45,0.0625,0.0,0.0,0.51875,78,0.6445022732915122,1.5404278287024016,3.387942306594721,7.607914719460846,0.984375,0.0,1.848766132223433,3.692742837879611,4.720636469597688,2.0076412490087727,8.0,0.621875,0.0,0.0,0.0,1.05,7.84375,0.98046875,7.71875,0.0,0.03515625,0.0,0,0.0,16,49.68125,0.0,0.375,,2388,458496,0.7199999999999999,0.0,0.0,0.0,0.0,0,1.46875,0.4625,5.9,0.7375,0.22578125,0.0,0.0,0.125,1.5521358991677938,170.0524052342242,0.7885589580982924,false_split_dropout,0.4595721712975984,0.034375000000000044
flocking_topology_partition,11008,2.102712812618696,0.6042431941538209,0.74140625,0.9026059681683272,0.5588559681683272,0.55,0.0,0.45,0.0625,0.375,0.01875,0.5265625,78,0.6650085595500228,1.6668624870442976,4.8705322759599,8.10682993710508,0.9677083333333332,0.0,1.9144668340077473,3.7139431170842605,4.769504620323135,1.9430629924659442,8.0,0.6541666666666667,0.0,0.0,0.0,1.08125,7.81875,0.97734375,7.73125,0.0,0.03359375,0.0,0,0.0,20,49.76875,0.0,0.375,,2512,482304,0.7199999999999999,0.0,0.0,0.0,0.0,0,1.46875,0.45,5.9625,0.7453125,0.21796875,0.0,0.0,0.0875,1.5433475217680068,140.50502176502613,0.8127902918495238,false_split_dropout,0.3331375129557024,0.017708333333333215
flocking_topology_partition,11009,2.523474717066203,1.56819301719785,0.72265625,1.2250462279002807,0.8687962279002811,0.5375,0.0,0.4625,0.09375,0.1111111111111111,0.00625,0.4890625,35,1.5681923233472777,7.1964498401904375,6.669887068352217,142.33766076537236,0.9292410714285715,0.0,1.9963713349396954,3.6981891710858603,4.6465920988499905,2.030141937593606,8.0,0.6640625,0.0,0.0,0.0,1.0625,7.79375,0.97421875,7.4625,0.0,0.0671875,0.0,0,0.0,15,47.5,0.0,0.0,,2550,489600,0.7199999999999999,0.0,0.0,0.0,0.0,0,1.45,0.43125,5.85,0.73125,0.19921875,0.10625,0.08125,0.2875,1.5620472402246932,182.87028637570108,0.7923888328950852,false_split_dropout,5.1964498401904375,0.02075892857142847
flocking_topology_partition,11010,2.640227076272549,1.8086678648681327,0.72890625,1.3643976946367002,1.0034601946367003,0.53125,0.0,0.46875,0.09375,0.1111111111111111,0.00625,0.49765625,8,1.7986575692645652,9.507685808175465,107.01101753206012,150.8749873466135,0.91015625,0.0,2.0166616310643373,3.715208936591151,4.647689426469738,1.9901954585688135,8.0,0.6403645833333333,0.0,0.0,0.0,1.09375,7.65,0.95625,7.48125,0.0,0.06484375,0.0,0,0.0,17,47.89375,0.0,0.625,,2459,472128,0.7199999999999999,0.0,0.0,0.0,0.0,0,1.45,0.425,5.8375,0.7296875,0.20234375,0.01875,0.01875,0.1625,1.56189609573353,134.22102871458915,0.7893974171020091,false_split_dropout,7.507685808175465,0.039843749999999956
flocking_topology_partition,11011,2.422397707268691,1.4990317100917065,0.74609375,1.2086319600752706,0.8595694600752706,0.54375,0.0,0.45625,0.06875,0.0,0.0,0.521875,76,1.5169203611079425,6.852796820878612,6.409299649290875,135.37373583951285,0.9317187499999999,0.0,1.9847208331203567,3.7030985849900047,4.7926612552913195,1.9879754167507229,8.0,0.64609375,0.0,0.0,0.0,1.05,7.79375,0.97421875,7.65625,0.0,0.04296875,0.0,0,0.0,12,49.3875,0.0,0.375,,2481,476352,0.7199999999999999,0.0,0.0,0.0,0.0,0,1.4375,0.425,5.9875,0.7484375,0.20703125,0.0,0.0,0.1375,1.5388024135514542,136.18400987571553,0.800095375161618,false_split_dropout,4.852796820878612,0.018281250000000027
flocking_topology_partition,11012,2.48931649754313,1.4893726042936828,0.74453125,1.2350040393108952,0.9046915393108952,0.56875,0.0,0.43125,0.06875,0.2,0.0125,0.5328125,9,1.5397253093486252,7.351710975564809,25.15802485803692,134.51165602463095,0.9014508928571429,0.0,2.182161897863909,3.7071945830590396,4.76964212133196,2.02030103627031,8.0,0.678125,0.0,0.0,0.0,1.05,7.8,0.975,7.70625,0.0,0.03671875,0.0,0,0.0,8,49.64375,0.0,0.25,,2604,499968,0.7199999999999999,0.0,0.0,0.0,0.0,0,1.45,0.4375,5.9875,0.7484375,0.21171875,0.01875,0.01875,0.0875,1.5628859690153174,176.42082101592314,0.828001500107348,false_split_dropout,5.351710975564809,0.048549107142857095
flocking_topology_partition,11013,2.7840008229240367,1.9130633746136532,0.7515625,1.4514789608608267,1.1071039608608266,0.55,0.0,0.45,0.06875,0.3333333333333333,0.0125,0.51875,6,2.0569372317804713,12.637962779251113,108.33399098294565,167.53463772613395,0.84921875,0.0,1.9409465785930056,3.6987964771568196,4.842719840742383,2.0072127478716917,8.0,0.6614583333333334,0.0,0.0,0.0,1.10625,7.61875,0.95234375,7.5375,0.0,0.0578125,0.0,0,0.0,16,48.875,0.0,0.25,,2540,487680,0.7199999999999999,0.0,0.0,0.0,0.0,0,1.3875,0.38125,6.025,0.753125,0.18828125,0.0,0.0,0.08125,1.5499566884356828,160.8941948210777,0.8230831669643521,false_split_dropout,10.637962779251113,0.10078124999999993
flocking_topology_partition,11014,1.943541889562432,0.6409047735984257,0.74453125,0.9195501631625478,0.5851751631625477,0.5625,0.0,0.4375,0.0625,0.0,0.0,0.5390625,5,0.6846004026862712,1.7390780650563678,3.775217677589439,8.04966115538345,0.9738839285714285,0.0,2.100891351876272,3.704672405621095,4.80992262414642,1.9206699365581485,8.0,0.66328125,0.0,0.0,0.0,1.11875,7.6,0.95,7.50625,0.0,0.06171875,0.0,0,0.0,17,48.5,0.0,0.625,,2547,489024,0.7199999999999999,0.0,0.0,0.0,0.0,0,1.4,0.3875,5.99375,0.74921875,0.1875,0.0,0.0,0.09375,1.5408339023958721,160.04924957725063,0.8257605421822518,false_split_dropout,0.26092193494363225,0.023883928571428514
flocking_topology_partition,11015,2.0551089133619476,0.6498638687315613,0.73125,0.937656609877557,0.5814066098775568,0.5375,0.0,0.4625,0.09375,0.2222222222222222,0.0125,0.5,58,0.6780987333345672,1.7162003343990857,5.152478461860778,7.624275843309875,0.9608630952380952,0.0,2.0574857049724633,3.7093284291822015,4.727221728076573,1.9647455235271294,8.0,0.6747395833333334,0.0,0.0,0.0,1.0625,7.7875,0.9734375,7.55625,0.0,0.05546875,0.0,0,0.0,14,48.53125,0.0,0.875,,2591,497472,0.7199999999999999,0.0,0.0,0.0,0.0,0,1.45,0.43125,5.86875,0.73359375,0.20703125,0.025,0.025,0.225,1.532207622959067,155.75930912466205,0.8157760410103947,false_split_dropout,0.2837996656009143,0.010863095238095255
flocking_topology_partition,11016,2.879698426828502,2.240822366698971,0.74296875,1.5722026768625699,1.21845267686257,0.5375,0.0,0.4625,0.06875,0.4,0.0125,0.5203125,4,2.276756205607877,15.222818580486734,129.95421148360253,205.84434169920019,0.8611979166666666,0.0,1.9233383979418004,3.7093997402257366,4.869667922227984,1.9613372832873808,8.0,0.6520833333333333,0.0,0.0,0.0,1.11875,7.58125,0.94765625,7.48125,0.0,0.06484375,0.0,0,0.0,20,48.25625,0.0,0.125,,2504,480768,0.7199999999999999,0.0,0.0,0.0,0.0,0,1.4,0.38125,5.98125,0.74765625,0.18515625,0.0,0.0,0.1,1.544550099173248,125.38289398560173,0.8028092090971768,false_split_dropout,13.222818580486734,0.08880208333333339
flocking_topology_partition,11017,2.955321067512641,2.2889955991515696,0.74765625,1.561603591003038,1.2131660910030377,0.54375,0.0,0.45625,0.0625,0.0,0.0,0.5296875,25,2.2748228916708504,15.30674489682165,133.97049810189176,166.9029144848343,0.87890625,0.0,1.7246702899715636,3.693432893649816,4.763214113114364,2.0400218977850644,8.0,0.6395833333333333,0.0,0.0,0.0,1.1375,7.5375,0.9421875,7.475,0.0,0.065625,0.0,0,0.0,28,48.125,0.0,0.25,,2456,471552,0.7199999999999999,0.0,0.0,0.0,0.0,0,1.3875,0.375,6.00625,0.75078125,0.18203125,0.0,0.0,0.0625,1.5662111814547106,168.19183700910204,0.8099074999336153,false_split_dropout,13.30674489682165,0.07109374999999996
flocking_topology_partition,11018,2.4783807485675875,1.5431626119688318,0.73046875,1.20587905754267,0.85681655754267,0.54375,0.0,0.45625,0.06875,0.0,0.0,0.5078125,36,1.5154225585007017,7.1459988612082075,5.445002074375938,144.3996746918814,0.9370535714285715,0.0,2.0316177946050544,3.698726032272519,4.83198850088998,2.026672864570574,8.0,0.6822916666666667,0.0,0.0,0.0,1.05,7.81875,0.97734375,7.60625,0.0,0.04921875,0.0,0,0.0,9,48.89375,0.0,0.0,,2620,503040,0.7199999999999999,0.0,0.0,0.0,0.0,0,1.45625,0.44375,5.85625,0.73203125,0.21640625,0.05625,0.05625,0.1875,1.5634318164139391,162.97089875272246,0.8139039578381926,false_split_dropout,5.1459988612082075,0.01294642857142847
flocking_topology_partition,11019,2.1451189259533963,0.6625762459759816,0.74453125,1.020958379090073,0.6772083790900731,0.55,0.0,0.45,0.0625,0.5,0.01875,0.51328125,8,0.9591387960869932,3.344240722572065,4.700877434964254,149.15628602721392,0.9519717261904763,0.0,2.1515262877847263,3.6717209928542744,4.817410083811026,1.9955434155273586,8.0,0.6369791666666667,0.0,0.0,0.0,1.1,7.6375,0.9546875,7.50625,0.0,0.06171875,0.0,0,0.0,14,48.3375,0.0,0.125,,2446,469632,0.7199999999999999,0.0,0.0,0.0,0.0,0,1.39375,0.3875,5.975,0.746875,0.190625,0.0375,0.0375,0.11875,1.5378815910629833,195.33826507060786,0.7770239170640707,false_split_dropout,1.344240722572065,0.001971726190476364
flocking_topology_partition,11020,2.8786545408140913,2.125702377332873,0.7359375,1.4959270439565835,1.1362395439565833,0.53125,0.0,0.46875,0.08125,0.0,0.0,0.5078125,5,2.1230606275321633,13.270618434128215,128.04022220603463,208.04837658835146,0.88828125,0.0,1.984413765610928,3.6970539765600927,4.839603970860859,2.0447977117072886,8.0,0.6604166666666667,0.0,0.0,0.0,1.11875,7.58125,0.94765625,7.44375,0.0,0.06953125,0.0,0,0.0,20,47.9125,0.0,0.75,,2536,486912,0.7199999999999999,0.0,0.0,0.0,0.0,0,1.40625,0.39375,5.89375,0.73671875,0.1921875,0.00625,0.00625,0.1375,1.5610765561388487,174.92912744237552,0.8057021249551326,false_split_dropout,11.270618434128215,0.06171874999999993
flocking_topology_partition,11021,2.9226265689763062,2.1680482020374776,0.74140625,1.5170666297871438,1.168004129787144,0.54375,0.0,0.45625,0.06875,0.0,0.0,0.52421875,36,2.158653819171212,13.195933766773688,130.24110604947163,146.40693808746823,0.8863839285714287,0.0,2.0815268767233195,3.6888229690903174,4.830438158408282,2.035401100590709,8.0,0.6627604166666666,0.0,0.0,0.0,1.125,7.6,0.95,7.4875,0.0,0.0640625,0.0,0,0.0,24,48.28125,0.0,0.375,,2545,488640,0.7199999999999999,0.0,0.0,0.0,0.0,0,1.40625,0.4,5.93125,0.74140625,0.19375,0.0,0.0,0.1125,1.588883687137367,169.49948257074607,0.8204985000193119,false_split_dropout,11.195933766773688,0.06361607142857129
flocking_topology_partition,11022,2.3168887273496157,1.271333534771564,0.7265625,1.0892272551322821,0.7348522551322821,0.5375,0.0,0.4625,0.075,0.0,0.0,0.49140625,32,1.2834762054331759,5.1845220710445306,3.939176837302905,169.8541325507174,0.9608258928571429,0.0,1.874371349791162,3.6825061449038445,4.7239300358747425,1.9694491436538233,8.0,0.6791666666666667,0.0,0.0,0.0,1.0625,7.85625,0.98203125,7.6,0.0,0.05,0.0,0,0.0,11,48.725,0.0,0.375,,2608,500736,0.7199999999999999,0.0,0.0,0.0,0.0,0,1.46875,0.45,5.85625,0.73203125,0.215625,0.0,0.0,0.25625,1.5618037625877417,205.47772640472724,0.7987328749150038,false_split_dropout,3.1845220710445306,0.010825892857142971
flocking_topology_partition,11023,2.2220298767236097,0.6325660343323057,0.7375,0.9965848793188501,0.63595987931885,0.5375,0.0,0.4625,0.1375,0.2222222222222222,0.0125,0.5171875,77,1.009138224188232,3.3562862303665844,4.0818229750047035,143.2942468331302,0.9622395833333334,0.0,1.9172403133627718,3.7011803885289227,4.820569631109777,1.9558702771818957,8.0,0.66796875,0.0,0.0,0.0,1.05,7.8,0.975,7.7,0.0,0.0375,0.0,0,0.0,14,49.36875,0.0,0.875,,2565,492480,0.7199999999999999,0.0,0.0,0.0,0.0,0,1.46875,0.44375,5.925,0.740625,0.2171875,0.0,0.0,0.1,1.5340418417477797,167.80532042861833,0.8025044170208275,false_split_dropout,1.3562862303665844,0.012239583333333415
flocking_topology_partition,11024,2.035496637102201,0.6527611511551207,0.75,0.9286461110311617,0.5802086110311618,0.54375,0.0,0.45625,0.0625,0.0,0.0,0.5296875,8,0.6721148601940904,1.6900689291982094,3.8382627222833094,6.701628344275097,0.971875,0.0,1.9660307417263767,3.6900879206008312,4.848395258279714,2.0097250225130385,8.0,0.6552083333333334,0.0,0.0,0.0,1.10625,7.63125,0.95390625,7.55625,0.0,0.05546875,0.0,0,0.0,16,48.86875,0.0,0.125,,2516,483072,0.7199999999999999,0.0,0.0,0.0,0.0,0,1.40625,0.39375,6.00625,0.75078125,0.1921875,0.0,0.0,0.0875,1.5361319162579732,165.14727476634843,0.8136537079699337,false_split_dropout,0.3099310708017906,0.02187500000000009
flocking_topology_partition,11025,2.8609178911177384,2.153603495955925,0.74609375,1.5054630157674698,1.1457755157674696,0.53125,0.0,0.46875,0.08125,0.3333333333333333,0.0125,0.5265625,39,2.1686271053670905,13.734551664149851,125.39408982076637,168.1734575098267,0.87734375,0.0,1.883170163615197,3.6945702843140937,4.818360375813116,1.9735405352687891,8.0,0.6635416666666667,0.0,0.0,0.0,1.10625,7.59375,0.94921875,7.46875,0.0,0.06640625,0.0,0,0.0,12,48.2,0.0,0.125,,2548,489216,0.7199999999999999,0.0,0.0,0.0,0.0,0,1.39375,0.375,5.975,0.746875,0.184375,0.0,0.0,0.125,1.5316137425015097,176.32860160125264,0.8204864170402288,false_split_dropout,11.734551664149851,0.07265624999999998
flocking_topology_partition,11026,2.021869365267935,0.6643728566195826,0.74140625,0.9452216830011867,0.5855341830011869,0.53125,0.0,0.46875,0.08125,0.0,0.0,0.521875,53,0.6667372202000007,1.637558763648925,4.057676721781579,5.894674429599859,0.9688244047619048,0.0,1.9837168087547687,3.6894133235307627,4.813572721319933,2.0007210400897586,8.0,0.65625,0.0,0.0,0.0,1.1,7.6875,0.9609375,7.5875,0.0,0.0515625,0.0,0,0.0,17,49.0,0.0,0.5,,2520,483840,0.7199999999999999,0.0,0.0,0.0,0.0,0,1.41875,0.41875,5.94375,0.74296875,0.20546875,0.0,0.0,0.1,1.563957034392692,174.5018568209978,0.8129706662148237,false_split_dropout,0.36244123635107495,0.018824404761904834
flocking_topology_partition,11027,2.912256267223514,2.281768100964593,0.7328125,1.5419566512607445,1.1928941512607445,0.54375,0.0,0.45625,0.06875,0.0,0.0,0.5171875,33,2.2666477067443815,15.92268686369548,128.70595198520311,156.50672812729357,0.8721354166666668,0.0,1.9847526564331868,3.688940547886669,4.695831268724147,1.9915242365270642,8.0,0.6250000000000001,0.0,0.0,0.0,1.1375,7.55625,0.94453125,7.36875,0.0,0.07890625,0.0,0,0.0,26,47.425,0.0,0.25,,2400,460800,0.7199999999999999,0.0,0.0,0.0,0.0,0,1.39375,0.38125,5.875,0.734375,0.18515625,0.0,0.0,0.19375,1.558537126635252,201.16518140842788,0.7779234168119729,false_split_dropout,13.92268686369548,0.07786458333333313
flocking_topology_partition,11028,2.647074252590347,1.8883669658866589,0.7453125,1.3272955298934794,0.9782330298934794,0.54375,0.0,0.45625,0.06875,0.0,0.0,0.5328125,9,1.8911017581492369,10.429382254974335,116.55222523969579,149.94226243603265,0.90078125,0.0,1.8359622682386163,3.704882834136799,4.787699784272364,1.9912334462503363,8.0,0.6619791666666667,0.0,0.0,0.0,1.0875,7.6875,0.9609375,7.5875,0.0,0.0515625,0.0,0,0.0,12,48.8875,0.0,0.25,,2542,488064,0.7199999999999999,0.0,0.0,0.0,0.0,0,1.425,0.4125,5.9625,0.7453125,0.2015625,0.00625,0.00625,0.1,1.530629225989538,157.76176910371075,0.8052009581588209,false_split_dropout,8.429382254974335,0.04921874999999998
flocking_topology_partition,11029,2.0955986914542275,0.6404665162969019,0.746875,0.919395448697002,0.575020448697002,0.55,0.0,0.45,0.06875,0.0,0.0,0.534375,76,0.6556770243673886,1.6147990852039875,3.431849470555928,4.8060410295303475,0.9866071428571429,0.0,1.8645435923476523,3.706464065336161,4.709911888851144,1.9251240912998764,8.0,0.6697916666666666,0.0,0.0,0.0,1.03125,7.9125,0.9890625,7.83125,0.0,0.02109375,0.0,0,0.0,10,50.4875,0.0,0.125,,2572,493824,0.7199999999999999,0.0,0.0,0.0,0.0,0,1.48125,0.45625,6.0125,0.7515625,0.2234375,0.0,0.0,0.08125,1.5359734127620093,160.88335093735213,0.8083232908975333,false_split_dropout,0.3852009147960125,0.03660714285714295
flocking_topology_resilient,11000,2.8801891343633126,0.6871155422029951,0.6388020833333333,1.10289764206424,0.6582101420642401,0.41875,0.0,0.58125,0.0875,0.6666666666666666,0.0375,0.446875,81,0.7165092489964262,1.7870549174252044,4.328220426093709,12.550431995596885,0.9573660714285716,0.0,2.099256601776542,3.704487233973319,4.6844020047397725,2.0612273631582143,8.0,0.6471354166666666,0.0,0.0,0.0,1.1375,7.54375,0.94296875,6.880208333333334,0.2395957275733333,0.13997395833333334,0.0,0,0.30625,27,47.7375,0.30625,0.14583333333333331,,2485,477120,0.7199999999999999,0.0,0.0,0.0,0.0,0,1.55,0.50625,5.9,0.7095052083333334,0.14817708333333335,0.0,0.0,0.1,1.5457085727790607,176.50173208925344,0.791118249995634,false_split_dropout,0.2129450825747956,0.007366071428571597
flocking_topology_resilient,11001,2.805563840879098,0.6618147207682814,0.6846354166666666,1.1103366522396592,0.700336652239659,0.4625,0.0,0.5375,0.06875,0.6,0.01875,0.51015625,76,1.1129712079729952,4.308829269582922,4.305222411986506,199.96137909690572,0.9525446428571428,0.0,1.862524261847247,3.7012117102834265,4.722906933523076,2.0284444999169735,8.0,0.6528645833333333,0.0,0.0,0.0,1.09375,7.71875,0.96484375,7.388541666666667,0.46054716825206954,0.07643229166666667,0.0,0,0.1625,14,48.9875,0.1625,0.02083333333333337,,2507,481344,0.7199999999999999,0.0,0.0,0.0,0.0,0,1.59375,0.475,5.975,0.741015625,0.18020833333333336,0.01875,0.01875,0.13125,1.5282335952881918,140.54991746517007,0.7903841671068221,false_split_dropout,2.3088292695829216,0.0025446428571428426
flocking_topology_resilient,11002,2.0097954282083976,0.6444191322227358,0.730078125,0.9526766720179769,0.5714266720179768,0.5,0.0,0.5,0.0625,0.0,0.0,0.5171875,92,0.6424429537570294,1.5099012446264741,3.276542691647895,5.339907450742597,0.98359375,0.0,1.9789028111551523,3.6984474088618358,4.711352037329353,1.9974391788127022,8.0,0.6505208333333334,0.0,0.0,0.0,1.05625,7.79375,0.97421875,7.471875,0.5803280235599252,0.066015625,0.0,0,0.125,10,49.9375,0.125,0.06250000000000003,,2498,479616,0.7199999999999999,0.0,0.0,0.0,0.0,0,1.7,0.58125,6.03125,0.744140625,0.1890625,0.0,0.0,0.06875,1.5298558564911038,183.92524825150932,0.82061987509951,false_split_dropout,0.4900987553735259,0.03359375000000009
flocking_topology_resilient,11003,1.7418237464253457,0.6868398994683487,0.734765625,0.991491201749264,0.6224287017492639,0.51875,0.0,0.48125,0.08125,0.14285714285714285,0.00625,0.51015625,81,0.7108274798161741,1.8820576475273523,4.426039131309862,10.674390538402037,0.9550000000000001,0.0,2.026282097895175,3.7228061709581626,4.651943783122901,2.021178119515453,8.0,0.64375,0.0,0.0,0.0,1.11875,7.54375,0.94296875,7.128125,0.44248099827268267,0.108984375,0.0,0,0.125,10,47.66875,0.125,0.02083333333333337,,2472,474624,0.7199999999999999,0.0,0.0,0.0,0.0,0,1.5625,0.50625,5.9,0.736328125,0.15390625,0.0,0.0,0.15,1.5819940394466916,140.65585440324583,0.7977395001798868,false_split_dropout,0.11794235247264773,0.0050000000000001155
flocking_topology_resilient,11004,1.8259553988787443,0.6838054457504706,0.728515625,0.9496364714341581,0.6005739714341581,0.54375,0.0,0.45625,0.06875,0.0,0.0,0.49609375,84,0.6934205199442183,1.8025478289321797,4.332027068346094,9.737246985479905,0.9583705357142858,0.0,2.0026477376664085,3.6948526646792232,4.677470358629296,2.026541764317231,8.0,0.6372395833333333,0.0,0.0,0.0,1.0875,7.64375,0.95546875,7.109375,0.4579103099747277,0.111328125,0.0,0,0.14375,12,47.9625,0.14375,0.041666666666666685,,2447,469824,0.7199999999999999,0.0,0.0,0.0,0.0,0,1.5875,0.525,5.875,0.728515625,0.15859375,0.0375,0.01875,0.1625,1.5506952834608263,167.6802167681725,0.7865845409687608,false_split_dropout,0.19745217106782031,0.00837053571428581
flocking_topology_resilient,11005,2.503618732711438,0.6063373097722135,0.7065104166666666,0.9186619100935527,0.5649119100935527,0.5375,0.0,0.4625,0.06875,0.2,0.0125,0.5140625,82,0.6885272684693031,1.7549315525555023,3.8343430454672465,48.28122657935536,0.9776785714285715,0.0,1.9513473196628623,3.709680679303708,4.549404435888051,1.9434311856448168,8.0,0.6520833333333333,0.0,0.0,0.0,1.0375,7.89375,0.98671875,7.511458333333333,0.1409536906666667,0.06106770833333334,0.0,0,0.15,12,50.025,0.15,0.125,,2504,480768,0.7199999999999999,0.0,0.0,0.0,0.0,0,1.51875,0.50625,5.9625,0.74140625,0.19674479166666664,0.0,0.0,0.11875,1.5357792589116988,140.8702868208113,0.7987089171074331,false_split_dropout,0.24506844744449774,0.027678571428571552
flocking_topology_resilient,11006,2.7279366660377167,0.6445306298162183,0.665234375,1.0038831435285127,0.5851331435285128,0.45,0.0,0.55,0.0625,0.0,0.0,0.4760416666666667,77,0.6574499965692955,1.5440901895254353,3.1467394207035655,7.660153523015074,0.9846354166666667,0.0,1.865105435331343,3.705433552688338,4.588513081976835,2.00100505425713,8.0,0.6315104166666667,0.0,0.0,0.0,1.10625,7.71875,0.96484375,7.176041666666667,0.19396053333333335,0.10299479166666667,0.0,0,0.2375,21,49.19375,0.2375,0.10416666666666663,,2425,465600,0.7199999999999999,0.0,0.0,0.0,0.0,0,1.50625,0.48125,5.94375,0.7290364583333334,0.16744791666666667,0.0,0.0,0.09375,1.5309706876609248,176.999770374571,0.8097152919508517,false_split_dropout,0.4559098104745647,0.034635416666666696
flocking_topology_resilient,11007,1.7745940733937855,0.6305732432031346,0.7239583333333333,1.008051188809521,0.579926188809521,0.4375,0.0,0.5625,0.0625,0.0,0.0,0.4828125,78,0.6505229308166529,1.552221259299304,3.293497471201955,6.384356741768714,0.9876116071428571,0.0,1.848053471125171,3.6976715984065955,4.656263790591651,2.0286754111088143,8.0,0.62109375,0.0,0.0,0.0,1.09375,7.6875,0.9609375,6.994791666666666,0.43127995520000006,0.12565104166666669,0.0,0,0.29375,24,48.78125,0.29375,0.06250000000000003,,2385,457920,0.7199999999999999,0.0,0.0,0.0,0.0,0,1.55625,0.51875,5.89375,0.7239583333333333,0.14882812499999998,0.0,0.0,0.11875,1.5496254564187306,171.30756221065405,0.7912659160792828,false_split_dropout,0.4477787407006959,0.03761160714285716
flocking_topology_resilient,11008,1.7811021230023296,0.6341648427461526,0.70859375,1.0104870637276204,0.5695495637276206,0.41875,0.0,0.58125,0.05,0.0,0.0,0.4877604166666667,140,0.6749589084218347,1.6976488574008641,4.367880755177021,6.894847550738337,0.9683035714285715,0.0,1.9366949361961925,3.7197400452259517,4.604236678159291,2.025973345913382,8.0,0.6270833333333334,0.0,0.0,0.0,1.15,7.53125,0.94140625,7.0583333333333345,0.52833600312935,0.11770833333333335,0.0,0,0.2625,22,48.16875,0.2625,0.27083333333333337,,2408,462336,0.7199999999999999,0.0,0.0,0.0,0.0,0,1.9625,0.875,5.9375,0.7282552083333333,0.15026041666666665,0.0,0.0,0.0625,1.5389866453233345,142.49077947307234,0.7962738750502467,false_split_dropout,0.30235114259913587,0.01830357142857153
flocking_topology_resilient,11009,2.9606910823098467,0.6131387671234434,0.627734375,0.9408985418089697,0.5390235418089697,0.475,0.0,0.525,0.08125,0.0,0.0,0.43046875,77,0.6394810768937131,1.4282351528495383,3.2193001843129845,4.9690031736871365,0.99375,0.0,1.9564242691748421,3.694520291021635,4.574657689801214,2.0165055456651784,8.0,0.6489583333333334,0.0,0.0,0.0,1.09375,7.65625,0.95703125,6.713541666666667,0.26726,0.16080729166666666,0.0,0,0.25,22,46.6,0.25,0.125,,2492,478464,0.7199999999999999,0.0,0.0,0.0,0.0,0,1.5125,0.48125,5.76875,0.7069010416666666,0.12994791666666666,0.10625,0.08125,0.29375,1.5622228628746218,184.99196159276,0.7678551659919322,false_split_dropout,0.5717648471504617,0.04375000000000007
flocking_topology_resilient,11010,2.554261154786533,0.6997180127409395,0.6861979166666667,1.0376189677398326,0.6469939677398326,0.4875,0.0,0.5125,0.0625,0.14285714285714285,0.00625,0.45546875,78,0.7128966124650363,1.8247827310044378,3.9602003619293935,12.032935047989588,0.9627604166666666,0.0,2.0996931710719804,3.7140322453217935,4.684738448339013,2.0044135496627558,8.0,0.6567708333333334,0.0,0.0,0.0,1.05,7.8,0.975,7.367708333333335,0.2882202944469333,0.07903645833333334,0.0,0,0.1,10,48.89375,0.1,0.14583333333333326,,2522,484224,0.7199999999999999,0.0,0.0,0.0,0.0,0,1.5875,0.4875,5.825,0.7078125,0.21028645833333334,0.01875,0.01875,0.1625,1.5628770061407766,137.80650272296916,0.8138103750534356,false_split_dropout,0.17521726899556223,0.012760416666666607
flocking_topology_resilient,11011,2.420731496048038,0.6964439245668901,0.6873697916666666,1.0546156528065662,0.6258656528065661,0.4375,0.0,0.5625,0.06875,0.09090909090909091,0.00625,0.4479166666666667,88,0.6947402991845534,1.773950828680044,4.391838733925323,7.894965935264457,0.9734375,0.0,2.1186070811571724,3.709364219924699,4.556740581908595,1.9962134009743449,8.0,0.6533854166666666,0.0,0.0,0.0,1.08125,7.7625,0.9703125,7.177083333333333,0.5208285915836897,0.10286458333333333,0.0,0,0.25,23,49.0375,0.25,0.25,,2509,481728,0.7199999999999999,0.0,0.0,0.0,0.0,0,1.6875,0.55,5.93125,0.7114583333333333,0.18411458333333336,0.0,0.0,0.125,1.5404241831508856,143.25241639411468,0.8057477921247482,false_split_dropout,0.22604917131995594,0.0234375
flocking_topology_resilient,11012,2.8941718317275265,0.7218461368614618,0.6609375,1.0387372413482976,0.6809247413482975,0.53125,0.0,0.46875,0.0625,0.21428571428571427,0.01875,0.5140625,77,0.8304450359242077,2.2698025919896536,4.152300119494234,69.68909205701063,0.9595238095238094,0.0,2.176183281774191,3.6949479931677383,4.797740219124355,2.0307140837774766,8.0,0.68359375,0.0,0.0,0.0,1.10625,7.6125,0.9515625,7.24375,0.5329432622658561,0.09453125,0.0,0,0.14375,12,48.34375,0.14375,0.04166666666666674,,2625,504000,0.7199999999999999,0.0,0.0,0.0,0.0,0,1.60625,0.5,5.9625,0.7375,0.1640625,0.01875,0.01875,0.09375,1.5645858335442853,180.96505841381742,0.8218691668007523,false_split_dropout,0.2698025919896536,0.00952380952380949
flocking_topology_resilient,11013,2.9484416671668843,0.5846521262569616,0.6549479166666666,0.9862497414149172,0.599687241414917,0.49375,0.0,0.50625,0.06875,0.375,0.01875,0.5059895833333334,78,0.6526749974450335,1.5474051633611574,3.9074235759420124,22.0557331574344,0.9731770833333334,0.0,1.8340529538114072,3.7019542929283746,4.698101055437111,1.9888606952875225,8.0,0.6401041666666667,0.0,0.0,0.0,1.09375,7.6625,0.9578125,7.070833333333335,0.4457265287466667,0.11614583333333335,0.0,0,0.24375,24,49.075,0.24375,0.14583333333333337,,2458,471936,0.7199999999999999,0.0,0.0,0.0,0.0,0,1.54375,0.4875,6.0,0.7389322916666666,0.144140625,0.0,0.0,0.075,1.5485119402163285,166.85250179430042,0.7969621659722179,false_split_dropout,0.4525948366388426,0.02317708333333346
flocking_topology_resilient,11014,1.933896912180415,0.6541689984655786,0.717578125,0.9669711839519731,0.5997836839519731,0.51875,0.0,0.48125,0.0625,0.0,0.0,0.5216145833333333,88,0.6732483831238383,1.6850815629316123,3.78425750878578,8.742725706100515,0.9887276785714285,0.0,2.0975933784087326,3.7035706316087684,4.683218849504487,1.9657808237209664,8.0,0.6692708333333334,0.0,0.0,0.0,1.0625,7.76875,0.97109375,7.445833333333335,0.6448894728454082,0.06927083333333332,0.0,0,0.1,8,49.3,0.1,0.125,,2570,493440,0.7199999999999999,0.0,0.0,0.0,0.0,0,1.675,0.5625,5.975,0.744921875,0.18424479166666669,0.0,0.0,0.125,1.5417470891184615,161.40331405636715,0.8152629160322249,false_split_dropout,0.31491843706838774,0.03872767857142856
flocking_topology_resilient,11015,1.9945255044425652,0.6598554555391012,0.71328125,1.0119530053024701,0.5832030053024699,0.4375,0.0,0.5625,0.06875,0.0,0.0,0.4546875,84,0.6858835510343296,1.7465109995138526,4.549489328815816,7.210445981062943,0.9546875,0.0,2.0852179417952685,3.724857730344702,4.558056065478313,1.9944358775736855,8.0,0.6565104166666667,0.0,0.0,0.0,1.075,7.75625,0.96953125,7.327083333333334,0.2587939319113436,0.08411458333333334,0.0,0,0.14375,13,48.48125,0.14375,0.12499999999999997,,2521,484032,0.7199999999999999,0.0,0.0,0.0,0.0,0,1.64375,0.525,5.8625,0.7166666666666666,0.1953125,0.04375,0.0375,0.24375,1.5316166107014522,161.63561629552146,0.7999567501246929,false_split_dropout,0.2534890004861474,0.004687500000000067
flocking_topology_resilient,11016,3.1927179101812655,0.6354872234593884,0.6446614583333333,0.9338327579627714,0.5585202579627715,0.50625,0.0,0.49375,0.05,0.0,0.0,0.51875,140,0.6601278312725133,1.4613196648662305,3.4996687935670843,7.301367071531546,0.9857291666666667,0.0,1.973343315295827,3.720553134445068,4.680908619772468,1.9965444495611706,8.0,0.653125,0.0,0.0,0.0,1.14375,7.5,0.9375,7.063541666666666,0.690844541206834,0.11705729166666665,0.0,0,0.2,16,47.65625,0.2,0.14583333333333337,,2508,481536,0.7199999999999999,0.0,0.0,0.0,0.0,0,1.96875,0.875,5.95625,0.740625,0.13997395833333331,0.0,0.0,0.11875,1.5373234700908907,129.27090059570375,0.7304390000645071,false_split_dropout,0.5386803351337695,0.0357291666666667
flocking_topology_resilient,11017,2.6350501095495384,0.6690875069900094,0.6912760416666666,0.9879828856714059,0.592670385671406,0.48125,0.0,0.51875,0.0625,0.0,0.0,0.51328125,77,0.6885861757749766,1.671459440654062,3.822224595156921,5.83705027870454,0.9785342261904763,0.0,1.8460560958727945,3.695595775373068,4.65688080357902,2.083781745714625,8.0,0.6434895833333334,0.0,0.0,0.0,1.05625,7.83125,0.97890625,7.429166666666665,0.22432869066666666,0.07135416666666666,0.0,0,0.20625,18,49.875,0.20625,0.041666666666666685,,2471,474432,0.7199999999999999,0.0,0.0,0.0,0.0,0,1.53125,0.4875,6.0125,0.7453125,0.18177083333333333,0.0,0.0,0.0625,1.5659283891702065,173.39187267371625,0.7194448329973966,false_split_dropout,0.32854055934593807,0.028534226190476297
flocking_topology_resilient,11018,2.6888311082182197,0.6382181484292824,0.66484375,0.9858357595985121,0.5711482595985121,0.45625,0.0,0.54375,0.06875,0.0,0.0,0.4765625,78,0.6721646485763471,1.5174398053082037,3.6222072216586665,5.425166769778139,0.9830357142857142,0.0,2.0415040956158874,3.697446869614557,4.810522404183304,2.0685848077307805,8.0,0.6700520833333333,0.0,0.0,0.0,1.08125,7.7375,0.9671875,7.25625,0.3376658742272,0.09296875,0.0,0,0.1625,14,48.34375,0.1625,0.0625,,2573,494016,0.7199999999999999,0.0,0.0,0.0,0.0,0,1.55,0.4875,5.8125,0.71640625,0.18828125,0.05625,0.05625,0.1875,1.563590661599641,168.02247339891585,0.7929202909581363,false_split_dropout,0.48256019469179634,0.03303571428571428
flocking_topology_resilient,11019,2.0027423789108028,0.5923385688491657,0.7260416666666667,0.993934178568493,0.6361216785684929,0.53125,0.0,0.46875,0.0625,0.35714285714285715,0.03125,0.4768229166666667,83,0.9536389625369718,3.306992811311775,4.700877434964254,149.15628602721392,0.9530133928571429,0.0,2.0864424804249166,3.6837097414203157,4.740678230251062,2.0249812035219037,8.0,0.6354166666666666,0.0,0.0,0.0,1.075,7.71875,0.96484375,7.2375,0.4322190442455504,0.0953125,0.0,0,0.1375,12,48.7875,0.1375,0.12500000000000006,,2440,468480,0.7199999999999999,0.0,0.0,0.0,0.0,0,1.58125,0.51875,5.94375,0.7286458333333334,0.17526041666666667,0.0375,0.0375,0.11875,1.535356522094019,195.90305774577254,0.6910948341246694,false_split_dropout,1.3069928113117748,0.0030133928571429713
flocking_topology_resilient,11020,2.6486865981905514,0.5958375121928919,0.6696614583333333,0.957392730327383,0.5473927303273831,0.4625,0.0,0.5375,0.06875,0.125,0.00625,0.4541666666666667,80,0.6378829674203167,1.4493011484607237,3.529351944652871,7.524432096080332,0.97265625,0.0,1.9758195744769522,3.705781853549243,4.607838734571456,2.0049435454523765,8.0,0.6619791666666667,0.0,0.0,0.0,1.0625,7.7875,0.9734375,7.189583333333334,0.2635346133333333,0.10130208333333335,0.0,0,0.2,17,48.9125,0.2,0.14583333333333331,,2542,488064,0.7199999999999999,0.0,0.0,0.0,0.0,0,1.56875,0.5,5.875,0.7138020833333333,0.18255208333333334,0.025,0.025,0.15,1.5607121953383554,176.88335523862042,0.6938017080537975,false_split_dropout,0.5506988515392763,0.022656250000000044
flocking_topology_resilient,11021,2.9144588832789764,0.6293878607852319,0.6498697916666666,1.0132547315281677,0.5638797315281676,0.4125,0.0,0.5875,0.0875,0.0,0.0,0.4583333333333333,79,0.6807435393680392,1.595933742286024,3.679243190360531,5.499094832094929,0.9760044642857142,0.0,2.0932324402976556,3.6948287404734415,4.676153361728341,2.0625366318660254,8.0,0.6705729166666666,0.0,0.0,0.0,1.10625,7.625,0.953125,7.1239583333333325,0.22892280959990444,0.10950520833333333,0.0,0,0.1875,16,48.43125,0.1875,0.14583333333333331,,2575,494400,0.7199999999999999,0.0,0.0,0.0,0.0,0,1.55,0.49375,5.89375,0.7154947916666667,0.17421875,0.0,0.0,0.10625,1.5878079030174386,171.06655865177584,0.7075567920692265,false_split_dropout,0.404066257713976,0.026004464285714235
flocking_topology_resilient,11022,3.027681987760424,0.5974223093436768,0.6389322916666667,0.927120794814891,0.541183294814891,0.49375,0.0,0.50625,0.0625,0.0,0.0,0.4927083333333333,76,0.6425523824308507,1.417608103192777,2.940876103530833,4.550945884301932,0.9931919642857142,0.0,1.83913454763139,3.6846283812643437,4.719514725442681,2.0019914461115684,8.0,0.67109375,0.0,0.0,0.0,1.11875,7.6,0.95,6.991666666666665,0.3332913093200631,0.12604166666666666,0.0,0,0.24375,20,47.425,0.24375,0.375,,2577,494784,0.7199999999999999,0.0,0.0,0.0,0.0,0,1.5625,0.475,5.88125,0.7325520833333334,0.1390625,0.0,0.0,0.23125,1.5584709320516037,206.98864847248498,0.7218016248662025,false_split_dropout,0.582391896807223,0.04319196428571426
flocking_topology_resilient,11023,1.8088030466372,0.6615537675314865,0.7399739583333333,0.9715955158522831,0.585033015852283,0.49375,0.0,0.50625,0.06875,0.0,0.0,0.5268229166666666,78,0.6804351430603088,1.6956655757422148,4.214962404186182,7.697645965042836,0.97421875,0.0,1.932591460606183,3.7024944892224356,4.768716822446963,1.9965546767277957,8.0,0.6546875,0.0,0.0,0.0,1.09375,7.6625,0.9578125,7.384375,0.28747277526186665,0.076953125,0.0,0,0.1375,12,48.86875,0.1375,0.02083333333333337,,2514,482688,0.7199999999999999,0.0,0.0,0.0,0.0,0,1.54375,0.4875,5.9875,0.7446614583333333,0.17682291666666666,0.0,0.0,0.08125,1.5329297771751103,173.84628584488414,0.7085453341715038,false_split_dropout,0.30433442425778523,0.024218750000000067
flocking_topology_resilient,11024,1.8906745538571856,0.6428376981453723,0.740625,0.9651026597405025,0.5838526597405025,0.5,0.0,0.5,0.0625,0.0,0.0,0.52890625,79,0.6768199225163617,1.736649157386887,4.581701085164798,6.838530921418328,0.9578125,0.0,1.9949876235792932,3.70056807936236,4.766071477680915,1.9866594197999106,8.0,0.6588541666666667,0.0,0.0,0.0,1.09375,7.6625,0.9578125,7.361458333333334,0.37954383616000004,0.07981770833333332,0.0,0,0.125,10,48.91875,0.125,0.02083333333333337,,2530,485760,0.7199999999999999,0.0,0.0,0.0,0.0,0,1.54375,0.5,6.00625,0.746875,0.17096354166666666,0.0,0.0,0.09375,1.5352409237092304,166.47481896069996,0.7093361248262227,false_split_dropout,0.26335084261311303,0.0078125
flocking_topology_resilient,11025,3.060435503670136,0.6350382254359576,0.6205729166666667,0.9952715691668432,0.5587090691668433,0.43125,0.0,0.56875,0.1,0.0,0.0,0.4421875,77,0.6644341732721518,1.3228066939841825,3.4814338116313763,5.613431890834335,0.98359375,0.0,1.901071296037682,3.7052422040198225,4.679558788728286,1.9684567115317138,8.0,0.65078125,0.0,0.0,0.0,1.15625,7.40625,0.92578125,6.83125,0.3101228704829617,0.14609375,0.0,0,0.18125,16,46.75,0.18125,0.14583333333333331,,2499,479808,0.7199999999999999,0.0,0.0,0.0,0.0,0,1.51875,0.48125,5.875,0.706640625,0.144921875,0.0,0.0,0.1375,1.5305461824406588,176.76523530650238,0.7034298749640584,false_split_dropout,0.6771933060158175,0.03359375000000009
flocking_topology_resilient,11026,1.8083013233012313,0.7348710531665547,0.71953125,1.0772055189357645,0.6625180189357646,0.45625,0.0,0.54375,0.06875,0.0,0.0,0.475,139,0.7366822407951628,2.005303164210968,4.6421145854850385,16.47236061126456,0.94703125,0.0,2.028301963404889,3.6886231993076706,4.839581036973248,2.029220860033848,8.0,0.6760416666666667,0.0,0.0,0.0,1.11875,7.59375,0.94921875,7.114583333333333,0.5107435017254327,0.11067708333333333,0.0,0,0.2375,22,48.65,0.2375,0.08333333333333337,,2596,498432,0.7199999999999999,0.0,0.0,0.0,0.0,0,1.925,0.86875,5.98125,0.728125,0.16119791666666666,0.0,0.0,0.06875,1.5630244782840854,175.50854049527823,0.7326964158564806,false_split_dropout,0.005303164210967992,0.0029687499999999645
flocking_topology_resilient,11027,2.4942837355045646,0.6482495300021718,0.6725260416666666,1.0122142395022435,0.5862767395022435,0.44375,0.0,0.55625,0.0875,0.0,0.0,0.4802083333333333,80,0.6902353905314846,1.587891949327488,3.373124103075416,5.942324092715426,0.99296875,0.0,2.0090478344868252,3.696931963443087,4.564143352917254,1.9827730550410934,8.0,0.6393229166666667,0.0,0.0,0.0,1.05625,7.8875,0.9859375,7.4375,0.45459374516871504,0.0703125,0.0,0,0.20625,17,49.175,0.20625,0.08333333333333337,,2455,471360,0.7199999999999999,0.0,0.0,0.0,0.0,0,1.625,0.50625,5.8625,0.7190104166666667,0.20911458333333335,0.0125,0.0125,0.21875,1.5572861376953886,202.23426681580463,0.6790201249532402,false_split_dropout,0.4121080506725121,0.04296875
flocking_topology_resilient,11028,2.608616421920108,0.6251386504853211,0.6994791666666667,0.9262667238420729,0.5437667238420728,0.5,0.0,0.5,0.075,0.0,0.0,0.5158854166666667,78,0.6386974426274852,1.3920289152135887,3.71083294135718,8.645869516174919,0.98046875,0.0,1.8631844189499305,3.7105757695539294,4.617200950067054,1.9712309059386732,8.0,0.6640625,0.0,0.0,0.0,1.0625,7.81875,0.97734375,7.442708333333333,0.2959462704469334,0.06966145833333334,0.0,0,0.16875,17,49.6875,0.16875,0.041666666666666685,,2550,489600,0.7199999999999999,0.0,0.0,0.0,0.0,0,1.55625,0.4875,5.9625,0.7391927083333333,0.18958333333333333,0.01875,0.01875,0.09375,1.5314474084114755,159.74910616023394,0.7002486670389771,false_split_dropout,0.6079710847864113,0.030468750000000044
flocking_topology_resilient,11029,1.9970397165907416,0.6284230633060672,0.73828125,0.9287320627456342,0.5656070627456341,0.525,0.0,0.475,0.06875,0.0,0.0,0.515625,76,0.663626037988448,1.6418538460759862,3.6331664589252406,7.413936597190593,0.9779017857142858,0.0,1.9145516523647963,3.708766172934954,4.675732586680804,1.9886801215408538,8.0,0.6708333333333333,0.0,0.0,0.0,1.03125,7.875,0.984375,7.55625,0.29317108608,0.05546875,0.0,0,0.1,8,50.2875,0.1,0.06250000000000003,,2576,494592,0.7199999999999999,0.0,0.0,0.0,0.0,0,1.55625,0.48125,5.99375,0.74140625,0.2,0.0,0.0,0.0875,1.5339061662800813,159.95972296536462,0.7178734170738608,false_split_dropout,0.35814615392401383,0.02790178571428581
