scenario,rho,rho_label,seed,rmse_improvement,diversity_change,disagreement_change,information_change,movement_change
abrupt_change,0.25,rho_0_25,8000,0.0033458497985039415,-0.008336496880137823,-0.05969786011442235,0.12357249385022184,-9.178289235658497
abrupt_change,0.25,rho_0_25,8001,0.009972086732852992,-0.08457768197177451,-0.02405835393193212,0.10534520026687488,-14.588029754776727
abrupt_change,0.25,rho_0_25,8002,0.05422370279781419,-0.053454907328286616,-0.04721770630873856,0.14696351054971224,-0.8450433602984333
abrupt_change,0.25,rho_0_25,8003,0.018166234288894523,-0.06839770486342545,-0.025692244024383193,0.12668741692491148,-5.829063180246209
abrupt_change,0.25,rho_0_25,8004,0.04960119235284255,-0.05780236173715103,-0.005238503593664401,0.05933118231342682,-27.503639143527522
abrupt_change,0.25,rho_0_25,8005,-0.03370863426381476,-0.020930680397892587,-0.07367054622112679,0.1371333399775696,-8.853318954061052
abrupt_change,0.25,rho_0_25,8006,-0.029883341255789175,-0.079087331704768,-0.003703956411122311,0.11817993376776892,-7.791208785631966
abrupt_change,0.25,rho_0_25,8007,0.056528458217795396,-0.0965221791254125,0.004867356781333876,0.12334211602110035,-13.98363888728781
abrupt_change,0.25,rho_0_25,8008,0.020313310040943944,-0.02550760694866039,-0.010666194009158803,0.11940805995649129,-7.01924825680581
abrupt_change,0.25,rho_0_25,8009,0.023889234788324498,-0.06597846743255875,-0.03128944896458408,0.12900274757212982,-1.9990177378585656
abrupt_change,0.25,rho_0_25,8010,0.02790698613159781,-0.07750309621052143,-0.01674946958632506,0.10497303394285629,-10.150346862842582
abrupt_change,0.25,rho_0_25,8011,0.029596735949304676,-0.118637592797457,0.0010153822886769248,0.11690513714836559,-17.452406683251553
abrupt_change,0.25,rho_0_25,8012,0.061894092028548786,-0.05781712908885872,0.008644893595548098,0.14024320872792062,-6.347971405657205
abrupt_change,0.25,rho_0_25,8013,0.020812601669276676,-0.05757151903737423,-0.019271806713100692,0.1377970407812108,-10.714439823059678
abrupt_change,0.25,rho_0_25,8014,0.045372222222864744,-0.08107592960201071,-0.060438817547966206,0.1463060853518292,-4.6642811755369
abrupt_change,0.25,rho_0_25,8015,0.03419752072350746,-0.04206431519445886,-0.027529248007116425,0.11310401832184169,-8.519288601890338
abrupt_change,0.25,rho_0_25,8016,0.00330798239380814,-0.07358202227276323,-0.03354408278292498,0.10901497672356797,-14.694318078794538
abrupt_change,0.25,rho_0_25,8017,0.04404489774252751,-0.055267545765731896,0.03064544495283772,0.12057716776626881,-13.61005859648975
abrupt_change,0.25,rho_0_25,8018,0.09136565159591248,-0.01473931613473578,-0.03810209277780319,0.12823003996774185,-11.104644087602594
abrupt_change,0.25,rho_0_25,8019,0.0015004704502691313,-0.06417836741779226,-0.06245062256049472,0.14049820710261285,-6.5078443681035765
abrupt_change,0.25,rho_0_25,8020,0.04428291589378186,-0.02739007359845136,-0.0014729476329632396,0.09775819784644124,-13.499603451840784
abrupt_change,0.25,rho_0_25,8021,0.04791852369459648,-0.09694317492992255,-0.020784456748147773,0.10004425019435104,-16.45570137365152
abrupt_change,0.25,rho_0_25,8022,0.08052019482560946,-0.062324620381174256,-0.015586658027400335,0.12905953212261867,-6.355596990778338
abrupt_change,0.25,rho_0_25,8023,0.04708522759264833,-0.05503493185054076,-0.0197026695164364,0.12593744501358373,-12.76853179652636
abrupt_change,0.25,rho_0_25,8024,0.054346662854621086,-0.06127981603101329,-0.009477089842982345,0.12890413380007093,-10.658401736778046
abrupt_change,0.25,rho_0_25,8025,0.021349282943422088,-0.06013477372725262,-0.02155209953818016,0.11096838742536752,-1.5567799143502157
abrupt_change,0.25,rho_0_25,8026,0.07479769072303832,0.03351192403223724,0.009420826059993614,0.15133299660632904,-4.929543215710709
abrupt_change,0.25,rho_0_25,8027,0.08079825039326283,-0.07118359926191165,-0.03459813457590499,0.14044754517929325,-6.780591074548511
abrupt_change,0.25,rho_0_25,8028,0.03811886009443288,-0.086536054743787,-0.051623677910062726,0.11071809103959529,-24.453659281834405
abrupt_change,0.25,rho_0_25,8029,0.0742382562046221,-0.04791141998762338,-0.0363188685534922,0.11481709752389113,-1.8583744678901155
abrupt_change,0.5,rho_0_50,8000,0.017743386240295145,-0.05074894316193301,-0.08558460655678113,0.23461009455203286,-4.907860641162188
abrupt_change,0.5,rho_0_50,8001,0.012127274913849129,-0.10723369314433207,-0.022587014670542915,0.1988934857186222,-10.593318211636301
abrupt_change,0.5,rho_0_50,8002,0.11552335287372995,-0.0900767516203862,-0.08133508864114325,0.30258873741081693,3.5121284780614417
abrupt_change,0.5,rho_0_50,8003,0.056436553592519534,-0.11097595466760968,-0.03836646667473331,0.2465990719936304,-2.094816312361729
abrupt_change,0.5,rho_0_50,8004,0.07291558909558571,-0.08925967340737895,-0.10283491303000575,0.10880493726676299,-24.39253580263528
abrupt_change,0.5,rho_0_50,8005,0.02959409397089585,-0.06913643588827956,-0.10170056937271732,0.276734081128271,-4.4520347039896535
abrupt_change,0.5,rho_0_50,8006,0.09850375940999312,-0.08304297712241127,-0.0827310525565832,0.23571907778474976,-4.518970483700173
abrupt_change,0.5,rho_0_50,8007,0.07796623919559775,-0.11283348442348995,-0.04644303489420487,0.22325825270143929,-10.359459206341967
abrupt_change,0.5,rho_0_50,8008,0.06961760374683745,-0.08094458640608426,-0.08404429644301581,0.23881228546583744,-2.5092334839370096
abrupt_change,0.5,rho_0_50,8009,0.0647253452942792,-0.0861958495598687,-0.07770594070552084,0.2595238985777595,2.267564267118644
abrupt_change,0.5,rho_0_50,8010,0.02656492002289812,-0.09470067233095047,-0.09314850727399615,0.19170259327626482,-5.2524376227125344
abrupt_change,0.5,rho_0_50,8011,0.047069598501261356,-0.10847146190125301,-0.05697642687985649,0.22020016885723015,-13.562977859743853
abrupt_change,0.5,rho_0_50,8012,0.08233819685431654,-0.06891210315322294,-0.016429226983475043,0.26987126227592606,-0.8785136987225997
abrupt_change,0.5,rho_0_50,8013,0.07025666493910043,-0.1035368229143101,-0.039261570800198764,0.26257621491691774,-7.008605887113333
abrupt_change,0.5,rho_0_50,8014,-0.0010782650608498479,-0.12490236709544789,-0.052241055237422285,0.2947596836321651,-0.2629514383167191
abrupt_change,0.5,rho_0_50,8015,0.06853368499467827,-0.10115368152958037,-0.03936459301969952,0.21492235672337046,-4.368851842146341
abrupt_change,0.5,rho_0_50,8016,0.15942897934467182,-0.07135532226875796,-0.11973051332256845,0.2260957145643463,-11.186480258824844
abrupt_change,0.5,rho_0_50,8017,0.16365250957061206,-0.09323164815405072,-0.091653096936828,0.2351569858985152,-9.039174947427284
abrupt_change,0.5,rho_0_50,8018,0.12905610664343137,-0.06430116487731574,-0.0719386544787981,0.2476679144136682,-7.418762776785513
abrupt_change,0.5,rho_0_50,8019,0.04933629462655531,-0.07756326748898079,-0.04926127437102468,0.2663972774355088,-3.0321667334981157
abrupt_change,0.5,rho_0_50,8020,0.09432464186503808,-0.07049865567668157,-0.044989416111218206,0.17595964273814024,-10.074341331010089
abrupt_change,0.5,rho_0_50,8021,0.0295144349066907,-0.12911108707742525,-0.03073797967958325,0.17965342073510104,-12.674304643107575
abrupt_change,0.5,rho_0_50,8022,0.050421582807975596,-0.1189101118964615,-0.0713010927276333,0.2501796447562574,-2.1409362943564645
abrupt_change,0.5,rho_0_50,8023,0.06732085593649362,-0.11733093999722044,-0.033280521747121816,0.2514127747791406,-8.19629066111412
abrupt_change,0.5,rho_0_50,8024,0.0719196101914703,-0.104784859828845,-0.017344369393555548,0.2538464223436452,-6.082354708129117
abrupt_change,0.5,rho_0_50,8025,0.03737671268085707,0.058503359277149336,-0.14816113786654617,0.21534929281901327,3.6459562513071546
abrupt_change,0.5,rho_0_50,8026,0.1621388751814795,-0.11197998222801431,-0.05873009899967263,0.2960134787770934,-3.2350730607071227
abrupt_change,0.5,rho_0_50,8027,0.11614497772867982,-0.08840198520572162,-0.06666044693474316,0.2684698830960852,-2.5613013360504056
abrupt_change,0.5,rho_0_50,8028,0.11655195657327799,-0.1449543943038929,-0.1194481955566079,0.21786021957662527,-20.547042013306736
abrupt_change,0.5,rho_0_50,8029,0.022667655361096717,-0.08729880678284996,-0.08422360689540531,0.22420618896797695,2.1062598752803012
abrupt_change,0.72,rho_0_72,8000,0.08835168449096864,-0.08269492075429064,-0.15914467255342152,0.3095963822736878,0.6448856724728387
abrupt_change,0.72,rho_0_72,8001,-0.044864624333862624,-0.12792442456008057,-0.1634398646615367,0.2541625809341177,-5.657938201296332
abrupt_change,0.72,rho_0_72,8002,0.14409514575320959,-0.08302992346893223,-0.1969529076125484,0.4116744812064965,7.450714614892036
abrupt_change,0.72,rho_0_72,8003,0.03629528221982159,-0.08678714087329276,-0.118961005513334,0.3232966677103377,4.030617456335193
abrupt_change,0.72,rho_0_72,8004,0.03400106732670227,-0.09643231611000225,-0.1819981885966434,0.13710650944270952,-18.116575322764504
abrupt_change,0.72,rho_0_72,8005,-0.0002867676865614399,-0.05819844435072952,-0.20092957052401372,0.3785354502948035,0.49913820634321837
abrupt_change,0.72,rho_0_72,8006,0.05423813551704648,-0.09287491557651428,-0.14281865373196817,0.31256472060374474,1.9334896560476125
abrupt_change,0.72,rho_0_72,8007,0.04444488745234121,-0.14332819757528004,-0.17503985615922574,0.29365036479576556,-3.9748758743124313
abrupt_change,0.72,rho_0_72,8008,0.05258299313131365,-0.0710571051056279,-0.17051870556228416,0.3158916967597598,4.232984099885243
abrupt_change,0.72,rho_0_72,8009,0.08053321254441959,-0.0843037898054444,-0.13873463403252784,0.35254935157245937,7.393413796291952
abrupt_change,0.72,rho_0_72,8010,0.014467053422548948,-0.09907370565462337,-0.1871787835391664,0.24386075961657028,0.099819783494695
abrupt_change,0.72,rho_0_72,8011,-0.013891308579863093,-0.11607238168510214,-0.10894640325728433,0.2922147082247064,-8.730255303875822
abrupt_change,0.72,rho_0_72,8012,0.12090260107036033,0.02133587807134063,-0.2640169815685859,0.3631169360929376,4.893391901825822
abrupt_change,0.72,rho_0_72,8013,0.05793630221013779,-0.1034160106759261,-0.15232853347104214,0.3575821657987226,-1.9029047399495482
abrupt_change,0.72,rho_0_72,8014,0.03049817332231375,-0.16105892137190025,-0.14704166163386834,0.4122299133919367,5.343505904725248
abrupt_change,0.72,rho_0_72,8015,-0.003620941831104618,-0.10030098638434026,-0.14988368879025793,0.2773471771958613,1.3846064515945216
abrupt_change,0.72,rho_0_72,8016,0.18882232548472777,-0.0928548099102322,-0.17775633504898453,0.3105932861722067,-6.109973088243322
abrupt_change,0.72,rho_0_72,8017,0.17422865643507535,-0.1091162468861997,-0.12489887381257303,0.32272649113026564,-4.928984141682179
abrupt_change,0.72,rho_0_72,8018,0.12794301245886242,-0.06219452566382344,-0.19199289683512555,0.32609926315136883,-2.8952630507485537
abrupt_change,0.72,rho_0_72,8019,0.10494400224923184,-0.08935804081171916,-0.17035616134135356,0.3538042986115726,1.5155006913846023
abrupt_change,0.72,rho_0_72,8020,0.05235323871819342,-0.05644097831689088,-0.15210543331659493,0.2200569837812818,-4.167346910659404
abrupt_change,0.72,rho_0_72,8021,0.10289058986019906,-0.13759734581520355,-0.19302842786793917,0.22977311248568233,-6.924207672056866
abrupt_change,0.72,rho_0_72,8022,0.06808845156067,-0.08168230123817644,-0.1534471820616614,0.34106800308642127,2.8218516506005074
abrupt_change,0.72,rho_0_72,8023,0.03490972603230136,-0.11757320203146993,-0.12499992931898152,0.3293965966175074,-2.3494433185929324
abrupt_change,0.72,rho_0_72,8024,0.06394159016838086,-0.11837994626355197,-0.13627514748406067,0.33219493954157286,-1.616184812880931
abrupt_change,0.72,rho_0_72,8025,0.07177263754711138,-0.09426643394144474,-0.1480869087257457,0.29329987640685484,8.475859576893384
abrupt_change,0.72,rho_0_72,8026,0.2095242551692138,-0.12985556694954692,-0.12909929991176355,0.41191793966062207,2.9416028516969277
abrupt_change,0.72,rho_0_72,8027,0.07189894834482824,-0.09904144423140515,-0.1610950911368264,0.3622127980703387,3.301656181105244
abrupt_change,0.72,rho_0_72,8028,0.11244775629192871,-0.12919536103617624,-0.1528997774507898,0.2917059033130185,-14.408215675159482
abrupt_change,0.72,rho_0_72,8029,0.10224749369393071,-0.10130214411381022,-0.14068768728668118,0.29700166890737467,7.702189587532871
abrupt_change,0.85,rho_0_85,8000,0.09767990442082808,-0.06893253223419027,-0.2633388306038769,0.33621501974288615,5.759355645138612
abrupt_change,0.85,rho_0_85,8001,-0.10125015840020557,-0.13240373450171283,-0.21795036261728262,0.2731437729198305,2.2617985351242
abrupt_change,0.85,rho_0_85,8002,0.13159064718158064,-0.10167655562699451,-0.26429899873943213,0.45121583170066915,13.232793422097899
abrupt_change,0.85,rho_0_85,8003,0.0050708335881677336,-0.08504511532193959,-0.20005931828863488,0.3477498757501638,8.787158973942667
abrupt_change,0.85,rho_0_85,8004,0.06193984838282507,-0.10847509239652986,-0.20605326567677862,0.14576280212431136,-12.926958808969744
abrupt_change,0.85,rho_0_85,8005,0.04420173796556648,-0.056221875433287494,-0.2880368083180742,0.4137847397686656,4.616563506044258
abrupt_change,0.85,rho_0_85,8006,0.07983404238868563,-0.06452216799662747,-0.30618836234195074,0.33750075938526924,5.1103031067981135
abrupt_change,0.85,rho_0_85,8007,0.09949762445440913,-0.11295952632054096,-0.21816110757911555,0.31476947831080526,0.11015985240987902
abrupt_change,0.85,rho_0_85,8008,0.046097650616219954,-0.07618937483879318,-0.25622514547730973,0.3416330768333946,9.141925574667823
abrupt_change,0.85,rho_0_85,8009,0.0020666759408652924,-0.1190608160929143,-0.2228885328123289,0.3806050654760309,14.033896848018543
abrupt_change,0.85,rho_0_85,8010,-0.017240978447681576,-0.11608811412019637,-0.2418089491564861,0.2601942841659808,4.311570301074937
abrupt_change,0.85,rho_0_85,8011,0.008286598900215214,-0.1264225663026508,-0.18144235071733894,0.31243526606091043,-3.120697903153342
abrupt_change,0.85,rho_0_85,8012,0.09646496794375203,-0.05773466974852237,-0.2038800556781587,0.404665151020263,12.692042972684703
abrupt_change,0.85,rho_0_85,8013,0.05337578678290866,-0.1322368637597089,-0.24496664040519633,0.3848489003812112,2.961395175553662
abrupt_change,0.85,rho_0_85,8014,0.09099813575541649,-0.1180396248147142,-0.24934617994231145,0.44088351853775665,11.49018167838193
abrupt_change,0.85,rho_0_85,8015,0.01462050621922295,-0.1039383037374213,-0.24653219896998063,0.302268139329239,6.808880090329467
abrupt_change,0.85,rho_0_85,8016,0.13365974106668832,-0.0944073069233049,-0.23333791377430158,0.33439045891541674,-1.9051938729497238
abrupt_change,0.85,rho_0_85,8017,0.16406206616160535,-0.10289317558504152,-0.19238590543641698,0.35053654476188445,1.0993049957805567
abrupt_change,0.85,rho_0_85,8018,0.08378851206418769,-0.0759881161224838,-0.247727363490717,0.34725881657452584,5.352857025818707
abrupt_change,0.85,rho_0_85,8019,0.11540603118329462,-0.07041183480333757,-0.3206497870382117,0.3795382717726241,5.995503487918313
abrupt_change,0.85,rho_0_85,8020,0.06565684057527899,-0.06441847458038996,-0.23112501145891579,0.23810670304991888,0.409117877280039
abrupt_change,0.85,rho_0_85,8021,0.10925525503022793,-0.12585561787579902,-0.20830885251535353,0.24524066428037727,-0.7427589897323799
abrupt_change,0.85,rho_0_85,8022,0.0948762293014378,-0.08543371657456333,-0.2419132980387118,0.3708912634459578,7.599585548649912
abrupt_change,0.85,rho_0_85,8023,0.09355942176263321,-0.10682252961961414,-0.2490252065926658,0.3615317949485233,3.647085080909676
abrupt_change,0.85,rho_0_85,8024,0.10831809277177074,-0.13129875258875234,-0.2232169967061992,0.35981527779943523,3.1549826917655537
abrupt_change,0.85,rho_0_85,8025,0.08318993517141604,-0.09799121600197402,-0.22595555723076322,0.31734396049480784,12.255512995385772
abrupt_change,0.85,rho_0_85,8026,0.16658995206574612,-0.11379398216115622,-0.20058059710296505,0.4496207440315154,8.47105212559353
abrupt_change,0.85,rho_0_85,8027,0.10378643087049999,-0.0843804726126649,-0.24626725260032228,0.3880805954611253,8.770699147485686
abrupt_change,0.85,rho_0_85,8028,0.048459952313577026,-0.12085320282013967,-0.18905009082348012,0.3120965732435228,-5.292164838669663
abrupt_change,0.85,rho_0_85,8029,0.05328366545329488,-0.09255315142426035,-0.22121875137349767,0.3169695787367024,14.843988303927432
abrupt_change,0.93,rho_0_93,8000,0.08562699778067395,-0.05159351684092872,-0.2714545515757441,0.33883839757674705,11.118459423997876
abrupt_change,0.93,rho_0_93,8001,-0.08745496439568823,-0.13604037577928096,-0.23608352738637073,0.2712711394083853,8.894299126399119
abrupt_change,0.93,rho_0_93,8002,0.13665471945016328,-0.09708628161945754,-0.2858436541058778,0.46311364498263696,14.229543723878038
abrupt_change,0.93,rho_0_93,8003,0.11483481662330675,-0.10066156297889695,-0.2193381685344159,0.3492217232504977,12.858943450736547
abrupt_change,0.93,rho_0_93,8004,0.08322804860231425,-0.11293556211537314,-0.2009493418080045,0.13657094072619724,-0.789180788380861
abrupt_change,0.93,rho_0_93,8005,-0.02878294321465391,-0.06048709624879045,-0.3041904155266852,0.414110799914456,9.915223851525582
abrupt_change,0.93,rho_0_93,8006,0.12236460925536241,-0.08441440792967203,-0.21919156606884926,0.33342410963315894,16.947717871587997
abrupt_change,0.93,rho_0_93,8007,0.05909829226192065,-0.11110097467692892,-0.22136415228065165,0.313153578320879,6.553878523189951
abrupt_change,0.93,rho_0_93,8008,0.08226678275269084,-0.09307364913264937,-0.22565878200297457,0.34118289079206354,16.84159875452505
abrupt_change,0.93,rho_0_93,8009,0.07361506179737298,-0.10009150946812628,-0.23128787607028162,0.38950819974411344,21.769020077804612
abrupt_change,0.93,rho_0_93,8010,0.039725428337681445,-0.10889539614039467,-0.2398764747746705,0.25597517412021364,14.098917138758992
abrupt_change,0.93,rho_0_93,8011,0.1205793269843729,-0.13905542503096235,-0.20534326700887973,0.3206792924000723,1.164793957447955
abrupt_change,0.93,rho_0_93,8012,0.13911448719022168,-0.07407702598846022,-0.2247548353218779,0.41043819857507335,15.145269528267505
abrupt_change,0.93,rho_0_93,8013,0.15367662137016813,-0.13513540851115025,-0.2564599638120127,0.3933072614815174,9.83285964148638
abrupt_change,0.93,rho_0_93,8014,0.07140318073002849,-0.12257126222945569,-0.283591563050004,0.4538569984835532,15.81243189438797
abrupt_change,0.93,rho_0_93,8015,0.03151049249593241,-0.1052528823062433,-0.24300390762345475,0.2938217195441162,15.203234433549966
abrupt_change,0.93,rho_0_93,8016,0.1259628450053778,-0.03895957495452684,-0.37401362011458816,0.3327344815061992,5.085512502965599
abrupt_change,0.93,rho_0_93,8017,0.20149123623813447,-0.11282546054452602,-0.20754952695703804,0.36238854786207586,5.9889152749231584
abrupt_change,0.93,rho_0_93,8018,0.13641587647130438,-0.061126675951525655,-0.23977807952643004,0.34616133392934056,12.305838725307439
abrupt_change,0.93,rho_0_93,8019,0.12376877726668045,-0.07937108441833818,-0.2812800054158844,0.38912822430926486,7.709660450438037
abrupt_change,0.93,rho_0_93,8020,0.053289487702172456,-0.048861998947433705,-0.19043219491344932,0.22489411620464672,15.308863816100143
abrupt_change,0.93,rho_0_93,8021,0.005703492575990676,-0.15081482767381083,-0.15877009918320306,0.23438446607250984,8.015647949911568
abrupt_change,0.93,rho_0_93,8022,0.06284201352968166,-0.09688858796181243,-0.276675076400807,0.3688897385056271,15.359764852222412
abrupt_change,0.93,rho_0_93,8023,0.008456324292048678,-0.09977149787393991,-0.24118057529118098,0.360052483487622,7.7309602708549505
abrupt_change,0.93,rho_0_93,8024,0.07823740066753537,-0.11878611135108041,-0.25203168438963364,0.3652217478122233,10.796368030678138
abrupt_change,0.93,rho_0_93,8025,0.11986578911120571,-0.10140788862132499,-0.23181493390423474,0.3134612003071253,27.066506658090418
abrupt_change,0.93,rho_0_93,8026,0.13352942642357268,-0.1304014168512655,-0.25111927775724446,0.4598837994639289,12.982099048971548
abrupt_change,0.93,rho_0_93,8027,0.10496488957901351,-0.08069294876631972,-0.24969399894384348,0.38810326866146383,17.21222353857877
abrupt_change,0.93,rho_0_93,8028,0.13389206141223653,-0.12054126306032131,-0.23881987653399078,0.3126550602263789,3.5116444600654404
abrupt_change,0.93,rho_0_93,8029,0.13259485110388514,-0.07924228367133956,-0.22144456470880747,0.3170710072103424,22.064919363267933
gradual_10,0.25,rho_0_25,8000,-0.0016767431601923954,-0.016673733909433608,-0.04116992660171892,0.12220888506532157,-15.39468753806807
gradual_10,0.25,rho_0_25,8001,0.012572563435101713,-0.10060374745335654,-0.01402545581988357,0.1081759311402366,-16.657956318874454
gradual_10,0.25,rho_0_25,8002,0.03959395989946213,-0.05481869407660778,-0.06158744982151276,0.14229960135203257,-2.093507740538456
gradual_10,0.25,rho_0_25,8003,0.013912262338018455,-0.07935857216809517,-0.0014286714420487234,0.12306502793804963,-8.572717271689925
gradual_10,0.25,rho_0_25,8004,0.035325788626361154,-0.05546661550659415,0.009256078886361263,0.061005244523394175,-24.07355445084201
gradual_10,0.25,rho_0_25,8005,-0.011697089546098827,-0.03127205561205493,-0.07472192656604948,0.13487615032551092,-9.030646789295702
gradual_10,0.25,rho_0_25,8006,-0.014400346180978185,-0.0999057391335576,0.0126065966100537,0.11846677961048835,-13.316532064272934
gradual_10,0.25,rho_0_25,8007,0.04409035140307305,-0.08833247036958891,-0.003341735323524775,0.12295316893710284,-15.437040468366263
gradual_10,0.25,rho_0_25,8008,0.04832483647629793,-0.05271270193073718,-0.009943673132122854,0.12161120850621643,-13.9389853822602
gradual_10,0.25,rho_0_25,8009,0.04494629646239179,-0.07376303814992724,-0.026466215360564038,0.12572546262234052,-3.036222181809933
gradual_10,0.25,rho_0_25,8010,-0.004054561619116881,-0.07192127425855244,-0.02412911263218387,0.0989523570170121,-6.264775014939943
gradual_10,0.25,rho_0_25,8011,0.023040743422491516,-0.1048360084017661,0.0029745631928141947,0.11394691510494459,-15.777837901244368
gradual_10,0.25,rho_0_25,8012,0.09900942854494288,-0.06690124661366958,-0.002021586949888521,0.13737181769509377,-8.305753895563527
gradual_10,0.25,rho_0_25,8013,0.07783937256446227,-0.03041658369551925,0.000304308403589193,0.14235033464253632,-10.551378686432685
gradual_10,0.25,rho_0_25,8014,0.04419603579943332,-0.07011799697122267,-0.06648200750997568,0.14103752096752364,-3.1299317291321813
gradual_10,0.25,rho_0_25,8015,0.02731578795384415,-0.04614186213336957,-0.02105638966211365,0.11130781683425539,-13.460023620682165
gradual_10,0.25,rho_0_25,8016,0.003114979023402187,-0.09749230225322059,-0.031598181296549566,0.10809738615730424,-14.38687925715658
gradual_10,0.25,rho_0_25,8017,0.04254821083101612,-0.044984058044737374,0.029786169906704907,0.11812498308450436,-14.190089356656387
gradual_10,0.25,rho_0_25,8018,0.08925708113913944,-0.02052396136108925,-0.03781256060478333,0.12315791037420798,-11.344657654003129
gradual_10,0.25,rho_0_25,8019,0.0347704434582633,-0.0726435859782173,-0.012168908386847033,0.14431915845343157,-12.300138350043056
gradual_10,0.25,rho_0_25,8020,0.04020667500724062,-0.027176245474125338,0.026922273184291412,0.09696148567244744,-12.64716778260879
gradual_10,0.25,rho_0_25,8021,0.035421737748298376,-0.11089069667109985,-0.01286868830477117,0.09861530257659101,-17.85083459862446
gradual_10,0.25,rho_0_25,8022,0.11974075820410501,-0.06369553716662057,-0.027825776669452296,0.1285061951150932,-3.8109350241458344
gradual_10,0.25,rho_0_25,8023,0.04316201948341125,-0.0869444559118211,0.0010701467213422022,0.12732593615800925,-16.36948955654728
gradual_10,0.25,rho_0_25,8024,0.05332324330014837,-0.06312585014759975,-0.020189726285690046,0.12710724695685593,-11.95496035164652
gradual_10,0.25,rho_0_25,8025,0.02739964668024708,-0.04671382768481891,-0.0220155049808598,0.10579257048559265,-2.8388265698962982
gradual_10,0.25,rho_0_25,8026,0.05975756925353104,0.013900626941170557,0.00742281846226478,0.14938405966219337,-7.126769604653248
gradual_10,0.25,rho_0_25,8027,0.10560001687582588,-0.0961154864128071,-0.01983543057518833,0.14257825228256094,-14.75404390792977
gradual_10,0.25,rho_0_25,8028,0.06927614334484455,-0.07343211608318256,-0.033619445776570056,0.10391067407934651,-24.56121968656808
gradual_10,0.25,rho_0_25,8029,0.08911509991354238,-0.01619189955539646,-0.03349856089869285,0.112330337774174,-3.5154333749573254
gradual_10,0.5,rho_0_50,8000,0.01694397419825666,-0.061342526368464156,-0.0680402236848705,0.23069429224368543,-10.744162667322684
gradual_10,0.5,rho_0_50,8001,-0.037645603961331764,-0.11423894392278378,-0.01457474645622625,0.199051708096444,-12.484675543206919
gradual_10,0.5,rho_0_50,8002,0.10535919355141399,-0.08696650596636957,-0.07706544149331962,0.29523681442156535,1.7337279079463315
gradual_10,0.5,rho_0_50,8003,0.05124427287142197,-0.12626223902118028,-0.021971628862954673,0.2418018051780897,-5.07961319689241
gradual_10,0.5,rho_0_50,8004,0.060830227606940124,-0.07158840612722361,-0.07710830355865289,0.1104459748499309,-21.015880477265114
gradual_10,0.5,rho_0_50,8005,0.05028342300517419,-0.07960894097243898,-0.10911142805868446,0.27308802969767365,-5.011208407745357
gradual_10,0.5,rho_0_50,8006,0.047049252516517814,-0.11258550786735011,-0.07408361402256303,0.23113717230690378,-9.779612890291673
gradual_10,0.5,rho_0_50,8007,0.07756441012924908,-0.11567156238973819,-0.05444585643848354,0.22089178728843262,-11.833156836634174
gradual_10,0.5,rho_0_50,8008,0.1156727113852124,-0.10786290269631404,-0.07834774971557668,0.24227677191706087,-9.62536980783807
gradual_10,0.5,rho_0_50,8009,0.058743079666481735,-0.08359293267921597,-0.06851973139842016,0.2505351131565221,0.9800293497274879
gradual_10,0.5,rho_0_50,8010,-0.006276844484183752,-0.09784048859076044,-0.09777691607681538,0.18362346900775606,-1.8852428943003758
gradual_10,0.5,rho_0_50,8011,0.030914753988075416,-0.09584578905158736,-0.08518158033465373,0.21274773695933646,-11.926070494603636
gradual_10,0.5,rho_0_50,8012,0.14738955491568706,-0.07780684461331067,-0.043660579291788126,0.2686971034648651,-3.0759505447605022
gradual_10,0.5,rho_0_50,8013,0.09072709072432505,-0.09597507776897451,-0.020257168752139343,0.2571801420155282,-6.887323485160209
gradual_10,0.5,rho_0_50,8014,-0.01477137543515139,-0.12284260138755254,-0.08401279605874967,0.28996021056316623,1.3617059907806777
gradual_10,0.5,rho_0_50,8015,0.07449851194870727,-0.10773850818458097,-0.03476270799489112,0.21247286012431088,-9.914775758933814
gradual_10,0.5,rho_0_50,8016,0.12176172485412895,-0.09490905818756978,-0.1179019016431434,0.21833140695478193,-10.834902735861107
gradual_10,0.5,rho_0_50,8017,0.153661778273666,-0.08748213368177016,-0.10084922887792153,0.23134669149315812,-10.62157051581653
gradual_10,0.5,rho_0_50,8018,0.09872240871843485,-0.07119610917392549,-0.057425263858904896,0.2390254723646139,-7.787391940537901
gradual_10,0.5,rho_0_50,8019,0.034214947630663795,-0.09416670321075493,-0.02164596190530954,0.264659250778708,-9.359069612164859
gradual_10,0.5,rho_0_50,8020,0.07286011370233803,-0.061772405580097,-0.014072934513197577,0.17343310280783575,-8.802904079767444
gradual_10,0.5,rho_0_50,8021,-0.00933283615252678,-0.13186250201060545,-0.013878180691863307,0.17626257014613467,-13.35188908281907
gradual_10,0.5,rho_0_50,8022,0.08718112028733394,-0.11607673729459744,-0.06809911381466205,0.2461838972684598,0.21024441996851806
gradual_10,0.5,rho_0_50,8023,0.07778704332922182,-0.14221792344680662,-0.035157422468443666,0.25017088011567745,-12.089954192573515
gradual_10,0.5,rho_0_50,8024,0.07876940722224002,-0.10076528147556285,-0.017778269435714256,0.24882029736412026,-8.319977351031099
gradual_10,0.5,rho_0_50,8025,0.02450634250591932,0.0715842750946365,-0.15683453723497032,0.20555626250498804,2.52334974737434
gradual_10,0.5,rho_0_50,8026,0.14866579570875993,-0.12143397409306012,-0.045294728022991726,0.29251205419339854,-5.774745717961082
gradual_10,0.5,rho_0_50,8027,0.12059791481127935,-0.12934861307738466,-0.05131376828536627,0.2678727657146269,-10.819394234165259
gradual_10,0.5,rho_0_50,8028,0.10792074900267057,-0.14035627494557268,-0.1005902174590616,0.2055537847117792,-20.407877729263532
gradual_10,0.5,rho_0_50,8029,0.015219072127770072,-0.06442070293388547,-0.058916387955489924,0.21911737483356353,0.6266580643667226
gradual_10,0.72,rho_0_72,8000,0.09354498384399557,-0.07264820219619228,-0.16713904517671863,0.300297465995786,-6.208747613985395
gradual_10,0.72,rho_0_72,8001,-0.038350975686641364,-0.1334746411841099,-0.15541695930648436,0.25519995286816055,-8.898296548053253
gradual_10,0.72,rho_0_72,8002,0.17708333038760493,-0.09047977035284482,-0.19218482400312453,0.40591794218891986,5.685672217928158
gradual_10,0.72,rho_0_72,8003,0.08137885736262751,-0.10160697995689638,-0.09123769218234867,0.31407415898294166,-0.004956372304064871
gradual_10,0.72,rho_0_72,8004,-0.007147245595204299,-0.08431000208966566,-0.1612588601781108,0.13964432853872433,-15.310862888668368
gradual_10,0.72,rho_0_72,8005,0.06321211420836603,-0.07288327116084758,-0.2148673063944994,0.37143067251442696,-0.7151267625756077
gradual_10,0.72,rho_0_72,8006,0.037746103622842586,-0.11611933721645595,-0.1303906399972684,0.30584691812091114,-4.053625167201119
gradual_10,0.72,rho_0_72,8007,0.02519754712466271,-0.14404447087369743,-0.1783408860534062,0.2914528247957775,-6.461558818533376
gradual_10,0.72,rho_0_72,8008,0.10711489016767084,-0.10063557041961158,-0.17252900799659643,0.31556971713261106,-4.639050008789837
gradual_10,0.72,rho_0_72,8009,0.07416556073752978,-0.0865132304970162,-0.16091630812237157,0.3440608895291559,6.472103700439675
gradual_10,0.72,rho_0_72,8010,-0.023362228540370622,-0.10800273266543847,-0.1585978381377161,0.23216902660372662,3.2500483725842173
gradual_10,0.72,rho_0_72,8011,0.00869145346275435,-0.10760749545153736,-0.14558459801173096,0.28287043018170754,-8.491676962333173
gradual_10,0.72,rho_0_72,8012,0.17718109068301635,0.05220280916985054,-0.2823121889616344,0.3542603303947658,2.6945253116186905
gradual_10,0.72,rho_0_72,8013,0.1398031990972599,-0.09330987913755795,-0.1350879939475711,0.3526653884248594,-1.318089529685011
gradual_10,0.72,rho_0_72,8014,0.01110677085413403,-0.14430342623952352,-0.16869586033673867,0.40623156860478815,6.288079445424756
gradual_10,0.72,rho_0_72,8015,0.03146855997685061,-0.09831702576128265,-0.16470642396929824,0.27710619776573564,-4.689273916658237
gradual_10,0.72,rho_0_72,8016,0.19393501816206504,-0.10637864418652843,-0.1807985726071895,0.2995451360953405,-5.596374132158644
gradual_10,0.72,rho_0_72,8017,0.16765432480419618,-0.09798413037285503,-0.14535376644884102,0.31514738310520407,-5.47917728326334
gradual_10,0.72,rho_0_72,8018,0.13005187263592122,-0.06804738892263096,-0.19329831220813876,0.3184159972542133,-3.247507875269463
gradual_10,0.72,rho_0_72,8019,0.0522068768137941,-0.09041055884542448,-0.17086626335968702,0.3515298174386592,-4.775225466667678
gradual_10,0.72,rho_0_72,8020,0.07121962614954747,-0.048840145685426606,-0.14995149892565346,0.2184148986148271,-3.998041394218916
gradual_10,0.72,rho_0_72,8021,0.11720886575603517,-0.13514859245623345,-0.17740008143917085,0.2265321075642741,-9.546116398239207
gradual_10,0.72,rho_0_72,8022,0.13395529215366353,-0.09513881991728823,-0.1630989288917003,0.33402709925658014,4.196723375653477
gradual_10,0.72,rho_0_72,8023,0.07959981712610131,-0.14374086026914856,-0.12114101865651661,0.3266199935960068,-6.8404019301386825
gradual_10,0.72,rho_0_72,8024,0.053606202869261654,-0.11478381026254514,-0.1591336539960932,0.3282221290536511,-3.1711938387127816
gradual_10,0.72,rho_0_72,8025,0.08495408732720466,-0.06789886565277037,-0.169046829635208,0.28422754065331945,7.275552789631092
gradual_10,0.72,rho_0_72,8026,0.1985746593608685,-0.13708911806498492,-0.12521171366056316,0.405253709539231,0.05594435919459784
gradual_10,0.72,rho_0_72,8027,0.1460252368597753,-0.13304198441329262,-0.15359167756004521,0.3601101917134204,-6.6448138935408
gradual_10,0.72,rho_0_72,8028,0.11145397876389507,-0.11544870083313352,-0.13446752895228276,0.2749049742123142,-15.09641066478838
gradual_10,0.72,rho_0_72,8029,0.10517230344904072,-0.07685833644870765,-0.14693483484042957,0.2920360405664053,5.02746574158121
gradual_10,0.85,rho_0_85,8000,0.10936911989326081,-0.060812880578763995,-0.2751063457300272,0.33206604274493623,-2.0049617879715242
gradual_10,0.85,rho_0_85,8001,-0.05679215469557419,-0.13929929493131343,-0.2063757302313673,0.27564987791161233,-1.9654028540383308
gradual_10,0.85,rho_0_85,8002,0.19026924526118638,-0.1006528899460628,-0.3011367913767877,0.4440275660196904,11.148410178658452
gradual_10,0.85,rho_0_85,8003,0.05331952381194893,-0.0927428191151991,-0.20508920684551563,0.34461590626182215,4.018596432972259
gradual_10,0.85,rho_0_85,8004,0.07000923668163572,-0.09760544364793411,-0.1854404514420004,0.1499247780453148,-11.01952457118746
gradual_10,0.85,rho_0_85,8005,0.08456879295363018,-0.07280014588991435,-0.30250342910510997,0.405591344462954,3.555771204846053
gradual_10,0.85,rho_0_85,8006,0.06512384981180941,-0.09367557778633451,-0.30202155589677043,0.3317561296611329,-1.4430574194408337
gradual_10,0.85,rho_0_85,8007,0.0682614740845785,-0.10738135957383399,-0.21521414950633377,0.31099697935106985,-2.9207592829633313
gradual_10,0.85,rho_0_85,8008,0.08714144563196591,-0.09756822106831198,-0.25224386423484824,0.3412231024551424,0.18092296666461039
gradual_10,0.85,rho_0_85,8009,0.0288926642529308,-0.10784211669210908,-0.2380810789528774,0.3736081421829369,12.05186234418926
gradual_10,0.85,rho_0_85,8010,-0.011142788056884623,-0.11250295577183955,-0.2466744590264161,0.25285751486737285,9.478455367307987
gradual_10,0.85,rho_0_85,8011,0.002946327523211889,-0.12056907800021932,-0.21072718626165543,0.30266865092452644,-3.106383545136026
gradual_10,0.85,rho_0_85,8012,0.13443213534638065,-0.06525251487719963,-0.23465371990501194,0.39870802009104267,9.84781574033613
gradual_10,0.85,rho_0_85,8013,0.15340484746224448,-0.09885227713219358,-0.23348280873344274,0.38079132654502024,4.602019079777278
gradual_10,0.85,rho_0_85,8014,0.04759682414156707,-0.12395701263341774,-0.2879981363774591,0.4410647037004556,11.47242175849496
gradual_10,0.85,rho_0_85,8015,0.026171196621693316,-0.1061535753893077,-0.22972073453709363,0.29842466973759585,1.131197938352642
gradual_10,0.85,rho_0_85,8016,0.18410385585939104,-0.12112233542998929,-0.24281247017427415,0.32566726673426416,-1.4612462153150148
gradual_10,0.85,rho_0_85,8017,0.15298388540626273,-0.11023207272507385,-0.2123552236650979,0.3436582183879997,1.242180543190159
gradual_10,0.85,rho_0_85,8018,0.0261574863653381,-0.08584105737771353,-0.2506668889115816,0.3363246738446142,5.7683838434628285
gradual_10,0.85,rho_0_85,8019,0.09949911528123367,-0.07565074560186336,-0.301788678310697,0.3765964432706035,0.0996375714407236
gradual_10,0.85,rho_0_85,8020,0.025203137320153446,-0.0547515829919103,-0.21510733682290933,0.23303144311739876,2.000814158063946
gradual_10,0.85,rho_0_85,8021,0.11110194962370934,-0.1326906564130148,-0.22260751226963615,0.2452661609008362,-3.521315963926668
gradual_10,0.85,rho_0_85,8022,0.12018152887304223,-0.09811159416870652,-0.2649513516850289,0.36123660981934513,9.01009703026341
gradual_10,0.85,rho_0_85,8023,0.08664771077537525,-0.13850164341043048,-0.22345718341720233,0.35729679458937635,-0.12981626621748887
gradual_10,0.85,rho_0_85,8024,0.09803437901363243,-0.12623231826204417,-0.24969605102618375,0.35507818887546483,0.458834367679799
gradual_10,0.85,rho_0_85,8025,0.07897360419796218,-0.07615180757701445,-0.23614204543667494,0.3050639747130184,12.279473833209948
gradual_10,0.85,rho_0_85,8026,0.1887937589954739,-0.12930379322286,-0.21318602501640133,0.44420025894135584,5.08316392975874
gradual_10,0.85,rho_0_85,8027,0.05021195783357335,-0.13326624656035513,-0.2003884941766021,0.3846636956415397,-0.34702519904035967
gradual_10,0.85,rho_0_85,8028,0.07091860692505125,-0.11096172130021742,-0.20128497750024255,0.2977694889880702,-6.799865502569645
gradual_10,0.85,rho_0_85,8029,0.08222549169430515,-0.07071485434041058,-0.22430203334912757,0.3140748683819319,11.867578220138995
gradual_10,0.93,rho_0_93,8000,0.07886101310555194,-0.05490478355239059,-0.2627162024474963,0.3339545955198,4.588068462176892
gradual_10,0.93,rho_0_93,8001,-0.09263837331244884,-0.1618068393255525,-0.21653847160483874,0.2774001954535068,4.255453965738951
gradual_10,0.93,rho_0_93,8002,0.17082970976756362,-0.09716955695988538,-0.295063419447786,0.4541725748872527,12.496237432256635
gradual_10,0.93,rho_0_93,8003,0.095617857707891,-0.11363936263773589,-0.21786493446696614,0.34540819324136285,9.241074047180149
gradual_10,0.93,rho_0_93,8004,0.05004110737954692,-0.09989355165334768,-0.2055090158640942,0.1475617872991939,-3.956868723312823
gradual_10,0.93,rho_0_93,8005,-0.028284431596886095,-0.06588040245646187,-0.2920741064187685,0.4000002267550853,13.503262097031666
gradual_10,0.93,rho_0_93,8006,0.09440010714962666,-0.11012051463802752,-0.21942996085771965,0.33076680879555553,8.382353963214229
gradual_10,0.93,rho_0_93,8007,0.026701162348620744,-0.11791546807720099,-0.22857706686104662,0.31236976842618747,6.4721130363383
gradual_10,0.93,rho_0_93,8008,0.07951990706904766,-0.11417913793225676,-0.21711868848648258,0.3394883876684007,6.736707634905173
gradual_10,0.93,rho_0_93,8009,0.046029779533823145,-0.09510397571610607,-0.22780869654827224,0.37608345355021244,21.652165527320705
gradual_10,0.93,rho_0_93,8010,0.04142606907802171,-0.10812293450727406,-0.2865678617002331,0.2576787083717087,9.493621197856953
gradual_10,0.93,rho_0_93,8011,0.05727219644411541,-0.13062885099872457,-0.20400025249594994,0.30129995525048514,7.035004976859312
gradual_10,0.93,rho_0_93,8012,0.1633126434775407,-0.06900913437420098,-0.25928121599299997,0.4047136174096564,13.352891647602263
gradual_10,0.93,rho_0_93,8013,0.21173885372271917,-0.1083629385496847,-0.23965844389394386,0.3840304258860643,10.652354258106556
gradual_10,0.93,rho_0_93,8014,0.056936706990021846,-0.10575479263439114,-0.3227769410796213,0.4507455054125442,14.039876970123089
gradual_10,0.93,rho_0_93,8015,0.038132386314571276,-0.09994408622826878,-0.2241320281596219,0.29185712302013034,9.114215146161428
gradual_10,0.93,rho_0_93,8016,0.1367267563327339,-0.04482356708701474,-0.3784256152562315,0.3162490728419378,10.207418170249866
gradual_10,0.93,rho_0_93,8017,0.19469412834960909,-0.11254088791694983,-0.22467065539968012,0.35462279059164725,5.740804986394721
gradual_10,0.93,rho_0_93,8018,0.10618140708005441,-0.07243002952883781,-0.24089941707593965,0.33647553981163947,9.171912718810717
gradual_10,0.93,rho_0_93,8019,0.08481562504275397,-0.10441629212726689,-0.25073006912688445,0.3829941982875873,2.843622314248165
gradual_10,0.93,rho_0_93,8020,0.07496307088440923,-0.044742292585623566,-0.18736882966980606,0.23074671817617087,13.557980986221907
gradual_10,0.93,rho_0_93,8021,0.04975113587178881,-0.1595373398789306,-0.20384361879135093,0.24185684483369574,-0.12135551934676414
gradual_10,0.93,rho_0_93,8022,0.1322895479478039,-0.09298436180934466,-0.3046264478541871,0.36876855046163914,17.37768447487528
gradual_10,0.93,rho_0_93,8023,-0.0011648356676239313,-0.1379713653118868,-0.2303901471477513,0.358757403189748,5.918212681060709
gradual_10,0.93,rho_0_93,8024,0.07344340058487397,-0.10859964098431618,-0.27432654872686235,0.35964140687233126,4.100192931149593
gradual_10,0.93,rho_0_93,8025,0.08291664482874028,-0.08328768910784401,-0.22113058650999168,0.29925639259251735,26.683582747839182
gradual_10,0.93,rho_0_93,8026,0.09608529400697263,-0.13094099915311652,-0.24597254053828016,0.4540670409404992,11.579453452898804
gradual_10,0.93,rho_0_93,8027,0.05040351046275915,-0.12157755879739174,-0.24610882940868867,0.3907638546990242,6.407925348816121
gradual_10,0.93,rho_0_93,8028,0.12711527985446847,-0.11120319105531973,-0.2242316866575264,0.2981096827236449,1.063187102213334
gradual_10,0.93,rho_0_93,8029,0.13888914636576122,-0.06411001142667061,-0.2096089567580331,0.3159508323425517,19.347536906116716
gradual_20,0.25,rho_0_25,8000,-0.0027524453360859846,-0.000239796286842342,-0.0487168682555712,0.11938217630783354,-11.674668973661909
gradual_20,0.25,rho_0_25,8001,0.05605884245766146,-0.0914029245386967,-0.03156152847390081,0.10791290216261817,-13.3710049785291
gradual_20,0.25,rho_0_25,8002,0.03242522717922003,-0.0454461329277116,-0.05130055904570108,0.14017594146357126,-2.6306813143372096
gradual_20,0.25,rho_0_25,8003,0.017295003183714575,-0.0915990700170477,-0.01387408754038999,0.12213968987622303,-9.93573910426619
gradual_20,0.25,rho_0_25,8004,-0.03651453786449399,-0.07253074348731303,-0.000984421772631916,0.06167079415436261,-23.32355159189177
gradual_20,0.25,rho_0_25,8005,0.01205342163766987,-0.027109574060126818,-0.07904037350414972,0.1349994794615652,-10.28186310017719
gradual_20,0.25,rho_0_25,8006,-0.009474897886867839,-0.09254917853782096,0.011209173601377964,0.11989140658471875,-9.95027076802765
gradual_20,0.25,rho_0_25,8007,0.0432658447416886,-0.10556372074886777,-0.0038763112359473384,0.12084811414851382,-18.197387913238344
gradual_20,0.25,rho_0_25,8008,0.02724892001683077,-0.04886364423279943,-0.01906642015486193,0.11000057885331493,-10.769550167756506
gradual_20,0.25,rho_0_25,8009,0.045510156363486876,-0.06572556685555941,-0.01919917212355826,0.1256926451013145,-3.925848169996925
gradual_20,0.25,rho_0_25,8010,0.018693245006982995,-0.06590713438862839,-0.027703127026978303,0.09451905582755193,-4.139104055432398
gradual_20,0.25,rho_0_25,8011,0.02836047381066198,-0.11526373729925155,-0.01411598079861387,0.10683354268359713,-15.986992068095162
gradual_20,0.25,rho_0_25,8012,0.10010802788643136,-0.07097950169663836,0.022203471616296433,0.13532000735135208,-9.953088907459204
gradual_20,0.25,rho_0_25,8013,0.04551154968960425,-0.03121497783561722,-0.01841787473384826,0.13638553081774596,-4.835364096084504
gradual_20,0.25,rho_0_25,8014,0.044072591939506855,-0.06072657413217186,-0.07414717341316523,0.14131194742468534,-4.833210767872487
gradual_20,0.25,rho_0_25,8015,0.027265532878676058,-0.059873030612155986,-0.02320880921587598,0.10842694226334482,-14.889348752832689
gradual_20,0.25,rho_0_25,8016,-0.005190122477095271,-0.08870926457380524,-0.037653531035247045,0.09992481926976815,-14.51100564942837
gradual_20,0.25,rho_0_25,8017,0.032093486652089664,-0.04749787075727774,0.030925882622065526,0.1175148103438226,-17.863684612181743
gradual_20,0.25,rho_0_25,8018,0.07793656969882945,-0.025492827435073195,-0.04543037742359446,0.11972428308777472,-13.53851594590202
gradual_20,0.25,rho_0_25,8019,0.02897690756958915,-0.0976963322863007,-0.0013490232439046235,0.141910605251097,-15.120223927935484
gradual_20,0.25,rho_0_25,8020,0.049577473459760046,-0.03434152578793448,-0.010824629755127768,0.09401187295859836,-15.389756999778342
gradual_20,0.25,rho_0_25,8021,0.02708151254396629,-0.084241703056259,-0.025154416871928098,0.09279000891648082,-19.155436082877088
gradual_20,0.25,rho_0_25,8022,0.09121985921815112,-0.03358547046457172,-0.017724103050168027,0.12239906541961432,-1.4990512057403578
gradual_20,0.25,rho_0_25,8023,0.057808152016461056,-0.062028829080098546,-0.022413463692786184,0.12174752360092,-12.74336663030661
gradual_20,0.25,rho_0_25,8024,0.05059306971773114,-0.0584864927951676,-0.008530879686369341,0.12358246686740904,-12.594633012368519
gradual_20,0.25,rho_0_25,8025,0.03632274185534767,-0.07524820785074571,-0.0037908721118622424,0.10244520233329801,-8.840658444761033
gradual_20,0.25,rho_0_25,8026,0.03139143782642395,0.009737397074825793,0.01036439774526321,0.14788696049560457,-10.44202115027528
gradual_20,0.25,rho_0_25,8027,0.06746403580216731,-0.06381812906534723,-0.04121455406969776,0.13821577242937222,-10.547011842106627
gradual_20,0.25,rho_0_25,8028,0.06293051114435999,-0.08198884275686069,-0.028621526644937112,0.09902805087047772,-27.65023126754471
gradual_20,0.25,rho_0_25,8029,0.08903229003492985,-0.03619281164694943,-0.022882436789791627,0.10917311850999667,-1.2261821232457635
gradual_20,0.5,rho_0_50,8000,0.004700441117420184,-0.052307581261739955,-0.06625949223187033,0.22286118793312415,-7.615557274004118
gradual_20,0.5,rho_0_50,8001,0.04024398049796407,-0.10112280528912532,-0.02712892673161027,0.1964966752717907,-10.022413973809734
gradual_20,0.5,rho_0_50,8002,0.10422281490975516,-0.08696499678574998,-0.04500250665205319,0.2903143429288648,1.0997763887820327
gradual_20,0.5,rho_0_50,8003,0.05340700032813728,-0.13326027947736652,-0.044247321001882556,0.236132249916444,-6.677953321395648
gradual_20,0.5,rho_0_50,8004,-0.04173935357517988,-0.0994009361921302,-0.0844725093261271,0.1105237716983467,-20.026651309597028
gradual_20,0.5,rho_0_50,8005,0.07197082342069816,-0.07297854078787491,-0.11730952128447258,0.26875321512283445,-6.569901018526224
gradual_20,0.5,rho_0_50,8006,0.058058636498313665,-0.09710207120848047,-0.04849956740171579,0.22531320316245163,-5.974460414240326
gradual_20,0.5,rho_0_50,8007,0.08419801799676951,-0.1356609599152021,-0.0566101821610675,0.21789926887680044,-15.03263897193969
gradual_20,0.5,rho_0_50,8008,0.08331877295225776,-0.10240390464873617,-0.08978044316967992,0.22540081604596907,-6.952915820205419
gradual_20,0.5,rho_0_50,8009,0.054272440395985555,-0.08843512504687201,-0.05792853359295225,0.2467616318950494,0.02151349612537956
gradual_20,0.5,rho_0_50,8010,0.005113900590334897,-0.09753780620653707,-0.1210880101319371,0.17703277290381347,-0.1378143846562807
gradual_20,0.5,rho_0_50,8011,0.054819414321851445,-0.10499252778166834,-0.08935297822666771,0.20325877835186512,-12.196787774951332
gradual_20,0.5,rho_0_50,8012,0.1400636323383464,-0.08359101140480263,-0.02706012505904065,0.2598938506472428,-5.281938513461938
gradual_20,0.5,rho_0_50,8013,0.06612643080689884,-0.07813099126112455,-0.03267492603694666,0.2521382547351383,-0.8285455192886957
gradual_20,0.5,rho_0_50,8014,0.012589430323851625,-0.11488475650009011,-0.09285994941873288,0.2899663875733465,-0.9144650632933917
gradual_20,0.5,rho_0_50,8015,0.03964912101575091,-0.12583516854688703,-0.02512675409242149,0.2035767731553535,-11.431394543132
gradual_20,0.5,rho_0_50,8016,0.12462235336951066,-0.08472645586858718,-0.12606907049149074,0.20901422578692408,-11.34590793879019
gradual_20,0.5,rho_0_50,8017,0.16888735149164968,-0.08182512078695936,-0.08896277843257194,0.22433137094172073,-13.746361891646245
gradual_20,0.5,rho_0_50,8018,0.10599972096944366,-0.0852396717342856,-0.04650018777160181,0.23137121644776126,-10.186153150943227
gradual_20,0.5,rho_0_50,8019,0.05685867416367585,-0.09836417615777382,-0.016509508224117675,0.2614184546424667,-12.043042325123963
gradual_20,0.5,rho_0_50,8020,0.08700645352972414,-0.06547998969984192,-0.03525909106726699,0.16519447940139775,-12.24363548104239
gradual_20,0.5,rho_0_50,8021,-0.01078396184426278,-0.11663567321022139,-0.035569359461650296,0.1698037584306693,-15.555850138657377
gradual_20,0.5,rho_0_50,8022,0.05140484943151202,-0.08453956159988785,-0.07750720387913679,0.23613369638505377,2.910994607126412
gradual_20,0.5,rho_0_50,8023,0.07703460762982306,-0.1182903403500477,-0.047698407776136875,0.24039662381248394,-8.640080054205129
gradual_20,0.5,rho_0_50,8024,0.07987486876351557,-0.10545103178478055,-0.010725115085150172,0.2408551659462046,-9.106057475907932
gradual_20,0.5,rho_0_50,8025,0.031850202577002884,0.05063323865360747,-0.171616410975094,0.19757810464951575,-3.5968081521943986
gradual_20,0.5,rho_0_50,8026,0.12237809461464233,-0.12966149787503234,-0.042439417459911866,0.28497304201567886,-9.330469800925925
gradual_20,0.5,rho_0_50,8027,0.07180041085974043,-0.10273788620943503,-0.06844538004413825,0.2615462913768667,-6.807087222521403
gradual_20,0.5,rho_0_50,8028,0.12594591207893058,-0.1387534902422054,-0.11173851343987612,0.19775704809701855,-23.871624607475468
gradual_20,0.5,rho_0_50,8029,0.027807329407286807,-0.08498112893454657,-0.06679416699576168,0.21431874506911308,2.727954256393815
gradual_20,0.72,rho_0_72,8000,0.0523988979174973,-0.0590529526311343,-0.19027883112731925,0.2942799899655846,-3.5950568910272125
gradual_20,0.72,rho_0_72,8001,-0.007065144204954188,-0.12323540782905695,-0.18048266884512465,0.2510677820051028,-5.749724383185821
gradual_20,0.72,rho_0_72,8002,0.1663061249678881,-0.08986022804896443,-0.16667163787673794,0.3965829209404981,4.672807022916032
gradual_20,0.72,rho_0_72,8003,0.09423289917944977,-0.10381552360091462,-0.15737234033853448,0.30776046472430574,-2.2094773410127857
gradual_20,0.72,rho_0_72,8004,-0.031166806591803042,-0.0981387130617195,-0.16469098389811476,0.14091118965937932,-16.892688950864567
gradual_20,0.72,rho_0_72,8005,0.08981204055627368,-0.06367777550171905,-0.21482914370841305,0.3645252394473859,-2.5936289628239138
gradual_20,0.72,rho_0_72,8006,0.03642502890737509,-0.10515047802124755,-0.12770398794715054,0.2973281081092707,-0.22054690153419187
gradual_20,0.72,rho_0_72,8007,0.05373483947161517,-0.15476159691933855,-0.19426394409814374,0.2846019429994855,-9.071038985936156
gradual_20,0.72,rho_0_72,8008,0.06603256459538631,-0.09503815766094714,-0.18711949044881582,0.30011050575089193,-2.076266536976817
gradual_20,0.72,rho_0_72,8009,0.083144365601038,-0.07891028703336644,-0.1434394012283347,0.3364871732838126,5.154786603036769
gradual_20,0.72,rho_0_72,8010,0.0041212400313640485,-0.09660281952742444,-0.20026418330005125,0.22379367343696321,4.603041087058614
gradual_20,0.72,rho_0_72,8011,0.009030612855150166,-0.11248534505366248,-0.13678763054217835,0.26532885059732303,-8.142212504268429
gradual_20,0.72,rho_0_72,8012,0.18227230493029867,0.056019932457403776,-0.28220726616619146,0.34507097058996417,0.5483599426261776
gradual_20,0.72,rho_0_72,8013,0.08079730686100572,-0.08356238723735032,-0.13960138699196262,0.338018325838255,3.779612809216246
gradual_20,0.72,rho_0_72,8014,0.003671946298913875,-0.1293219130426735,-0.16904878070365875,0.40348129838891156,4.032405990926975
gradual_20,0.72,rho_0_72,8015,-0.017161368141767386,-0.1255890768259933,-0.17407883074359298,0.26644449208199594,-7.0451502256130425
gradual_20,0.72,rho_0_72,8016,0.1799326937535186,-0.10458058134773474,-0.18542904201007082,0.2832992606895406,-5.724537335856951
gradual_20,0.72,rho_0_72,8017,0.1415155780112387,-0.10032870402521432,-0.12869033694699605,0.3043839098361958,-8.521988690059061
gradual_20,0.72,rho_0_72,8018,0.11969178142956005,-0.07072383641366375,-0.1897826530078165,0.30606221337816697,-6.740019947409195
gradual_20,0.72,rho_0_72,8019,0.040369471517538225,-0.10066342807239792,-0.14813898716021345,0.34193794388055787,-7.651270929694078
gradual_20,0.72,rho_0_72,8020,0.058030246695329524,-0.06076116212475746,-0.1651814552356709,0.20762221638304945,-7.674960274525091
gradual_20,0.72,rho_0_72,8021,0.08744476704308302,-0.1260239624978965,-0.17804611866639142,0.2191636892038007,-11.899756419946215
gradual_20,0.72,rho_0_72,8022,0.08299582380231096,-0.06636070784159376,-0.17390362424008865,0.32080992826979093,6.8421536235289295
gradual_20,0.72,rho_0_72,8023,0.09964229364835231,-0.11432425946603342,-0.1403102326881649,0.3171498356470539,-3.546169905573265
gradual_20,0.72,rho_0_72,8024,0.04846301980233969,-0.11099958543375532,-0.15524453573240005,0.31777872303280397,-4.640617201137843
gradual_20,0.72,rho_0_72,8025,0.0680546507477231,-0.09390758091388385,-0.14927640992872,0.2707956708342927,0.21728867801988372
gradual_20,0.72,rho_0_72,8026,0.17503462625484756,-0.1400082140500496,-0.12661307481812084,0.3958231147534499,-3.862506499833131
gradual_20,0.72,rho_0_72,8027,0.13701212064981427,-0.11292385243370973,-0.16566332864301364,0.34938269642035724,-3.116325878020433
gradual_20,0.72,rho_0_72,8028,0.0708225510453766,-0.1061808822408441,-0.11989229778176524,0.2604030051713031,-17.9359636360835
gradual_20,0.72,rho_0_72,8029,0.09586070719577255,-0.102333079417682,-0.1486631280388428,0.28353684234855336,6.880695942810945
gradual_20,0.85,rho_0_85,8000,0.05504990465575332,-0.05772733795448204,-0.2663006657061576,0.32006561227527763,1.5460408838196713
gradual_20,0.85,rho_0_85,8001,-0.0436329623359063,-0.12059511775275311,-0.22385498116206748,0.26962884717109104,-0.5870532800054775
gradual_20,0.85,rho_0_85,8002,0.14297582268259312,-0.09789238918722187,-0.26088184940865905,0.43242948508585455,10.367009071611108
gradual_20,0.85,rho_0_85,8003,0.0504964099906392,-0.09941333338377234,-0.19987848167791955,0.33374617193420875,2.2899531609784844
gradual_20,0.85,rho_0_85,8004,0.021817756128904575,-0.11582493927051907,-0.19075326879082083,0.150857364047829,-10.679124577501184
gradual_20,0.85,rho_0_85,8005,0.10060190704413163,-0.054095282874421,-0.314416984678707,0.39988081976234024,1.854066001417408
gradual_20,0.85,rho_0_85,8006,0.05817152138799819,-0.0810522031619163,-0.2897153061559467,0.32016831703061666,2.4086057187334404
gradual_20,0.85,rho_0_85,8007,0.0739794222368505,-0.13764904271945433,-0.20223077474340106,0.30453002144227304,-5.528833648933926
gradual_20,0.85,rho_0_85,8008,0.05222209573473491,-0.10123857131443703,-0.2632759027242806,0.3249286859022984,1.577985255401103
gradual_20,0.85,rho_0_85,8009,-0.021490398849042247,-0.11697263955979587,-0.20109354692977893,0.36597360596716655,9.418988048423245
gradual_20,0.85,rho_0_85,8010,0.00603185033923026,-0.11161591531420534,-0.26893279217729027,0.24287083744332572,9.387987953665572
gradual_20,0.85,rho_0_85,8011,0.024265200398346898,-0.11537546889896078,-0.20820766211129865,0.28655052020447647,-3.7312917375755887
gradual_20,0.85,rho_0_85,8012,0.13461140805622696,-0.0676574989531824,-0.21007935665016592,0.38715133653986644,7.275747817888828
gradual_20,0.85,rho_0_85,8013,0.1189533011586037,-0.08774176793550303,-0.2547201201489855,0.3677832153156295,9.171808825460005
gradual_20,0.85,rho_0_85,8014,0.09660178101787142,-0.10811824593613295,-0.3054470414261058,0.4371071603120993,8.88839214636701
gradual_20,0.85,rho_0_85,8015,-0.0176812462501712,-0.12488864656210374,-0.23157273103352505,0.28712635046282475,-2.2833152051247794
gradual_20,0.85,rho_0_85,8016,0.16404662578945106,-0.10740817792286084,-0.2585616070969924,0.30598009907937485,-1.8713809569663056
gradual_20,0.85,rho_0_85,8017,0.16853414986308135,-0.10247580666913247,-0.19852658837287263,0.33277791687545344,-3.9924009852223605
gradual_20,0.85,rho_0_85,8018,0.06505945582838302,-0.08800472928715575,-0.24998053532055198,0.3280402549515422,-0.02370438543479736
gradual_20,0.85,rho_0_85,8019,0.07867742116858933,-0.08566036830023815,-0.2904520912257954,0.3685773080588688,-3.6175116788976993
gradual_20,0.85,rho_0_85,8020,0.036568221800504896,-0.06078280661570279,-0.22412086460108027,0.22189873337457167,-0.9436515699042616
gradual_20,0.85,rho_0_85,8021,0.10797195023338801,-0.09932040966458366,-0.23449749237455947,0.23636545351521798,-5.740730501097886
gradual_20,0.85,rho_0_85,8022,0.06621587628984404,-0.06901558731803004,-0.22995556818725438,0.3444692635842799,11.64823583833163
gradual_20,0.85,rho_0_85,8023,0.13065933636012705,-0.11185241805800938,-0.261757163345001,0.34561651188691656,1.7995368139142727
gradual_20,0.85,rho_0_85,8024,0.11550563093379063,-0.13250443094586917,-0.24186454657353756,0.3453346941408113,0.08197390679660543
gradual_20,0.85,rho_0_85,8025,0.12787903360942854,-0.09401464931359627,-0.24641147124817192,0.2937207739908718,5.8315432797137134
gradual_20,0.85,rho_0_85,8026,0.16449875619499366,-0.1348626036692675,-0.1931399611540735,0.43327757009534107,0.7060311790583853
gradual_20,0.85,rho_0_85,8027,0.032365915877362705,-0.09847599671085039,-0.22580158313919646,0.3726549650996578,3.0665111707521078
gradual_20,0.85,rho_0_85,8028,0.05388016209711144,-0.11693229602921118,-0.1893483195904504,0.2800142698001715,-8.765519605183869
gradual_20,0.85,rho_0_85,8029,0.08398313670102275,-0.0943413493576486,-0.22746571543489374,0.30538011293442224,12.855425368289843
gradual_20,0.93,rho_0_93,8000,0.08544159554545849,-0.06477285720473702,-0.27653887704374147,0.32267377878510795,5.861793768072715
gradual_20,0.93,rho_0_93,8001,-0.08793207001272418,-0.15029600769615126,-0.245438643627085,0.2743231323523183,4.07598120251842
gradual_20,0.93,rho_0_93,8002,0.18772275437213914,-0.09141257316172435,-0.28989010140436966,0.4450910594377113,11.82928978732744
gradual_20,0.93,rho_0_93,8003,0.07068504891619742,-0.1145415640355143,-0.21041995996467883,0.33040863549664445,7.238031333572707
gradual_20,0.93,rho_0_93,8004,0.02326012430477853,-0.11648942742803836,-0.21174609000079964,0.14927490026955192,-5.420914815699717
gradual_20,0.93,rho_0_93,8005,0.027116422347190583,-0.062080078479670675,-0.3035034060215783,0.39636351621887034,10.655966716136277
gradual_20,0.93,rho_0_93,8006,0.07141682757228685,-0.09186141891734678,-0.20370515854449783,0.3171476572996901,12.824723323744308
gradual_20,0.93,rho_0_93,8007,0.061732638542388196,-0.1352703290845616,-0.22714976389360092,0.30887965150171803,-1.3745120031387046
gradual_20,0.93,rho_0_93,8008,0.07464593890338811,-0.09807304146263185,-0.2326460334613899,0.3231932046117545,8.638656539128164
gradual_20,0.93,rho_0_93,8009,0.029192759820004133,-0.10381393187179633,-0.22514250699914518,0.3681777320636641,19.03684602078488
gradual_20,0.93,rho_0_93,8010,0.032397323746385376,-0.10591160681123313,-0.2790800103750282,0.24238329669870495,13.682204235390316
gradual_20,0.93,rho_0_93,8011,0.08459341080274585,-0.13486317193164865,-0.2214827050682806,0.2891991763898547,3.6580893382174793
gradual_20,0.93,rho_0_93,8012,0.17142436836326036,-0.08042144950540209,-0.24530297828944803,0.3936415637589108,10.439314528193904
gradual_20,0.93,rho_0_93,8013,0.1306728414257644,-0.10626193177540255,-0.26199249579022177,0.37007815784259934,14.854027815968323
gradual_20,0.93,rho_0_93,8014,0.06006413981265413,-0.09757620718044269,-0.3305080482423693,0.4479278444582717,10.135938907890676
gradual_20,0.93,rho_0_93,8015,0.0033882219901807398,-0.11735729362614311,-0.23201089720327855,0.2835494000978178,4.767285008575158
gradual_20,0.93,rho_0_93,8016,0.14446497592289165,-0.039188945050654844,-0.374202155050973,0.30255740857506197,7.522615239658251
gradual_20,0.93,rho_0_93,8017,0.18588119136833314,-0.10842765965667311,-0.21040583922176093,0.3431097688236848,0.636037937649121
gradual_20,0.93,rho_0_93,8018,0.13224736078030908,-0.08226980231512027,-0.2484158819751276,0.3253321270062264,6.953709150529164
gradual_20,0.93,rho_0_93,8019,0.09370285554045998,-0.11965623049136997,-0.24441389096972532,0.3772978022650997,-1.3109041267014447
gradual_20,0.93,rho_0_93,8020,0.050875666523426344,-0.05912347965927012,-0.2071012082639006,0.218846301510065,8.809663189658579
gradual_20,0.93,rho_0_93,8021,0.06206474815632923,-0.12726951660239205,-0.21695482136257627,0.2337557299860964,-3.0662493942222113
gradual_20,0.93,rho_0_93,8022,0.06866376703558374,-0.06388542655175922,-0.2974283416120594,0.35319932066713156,17.457021906082247
gradual_20,0.93,rho_0_93,8023,0.05956524792693085,-0.1027689024018672,-0.2536290926549719,0.3468395204117125,7.842528238840913
gradual_20,0.93,rho_0_93,8024,0.06945381848985688,-0.12302068978017555,-0.26092363634115895,0.35010918971750016,3.997792423120387
gradual_20,0.93,rho_0_93,8025,0.07412400260133911,-0.10748726006738352,-0.22717402992732094,0.28544939590322826,20.155426175827415
gradual_20,0.93,rho_0_93,8026,0.12359876297927652,-0.1390791898862398,-0.25822074160312325,0.44708652086870426,5.709605670057584
gradual_20,0.93,rho_0_93,8027,0.06065467527116575,-0.10314732805274307,-0.279098854637539,0.3825439573382612,6.828782340823324
gradual_20,0.93,rho_0_93,8028,0.14803775539843023,-0.10563054330913957,-0.22972186160530744,0.2831157137096092,-1.9294964925095712
gradual_20,0.93,rho_0_93,8029,0.1298781554073506,-0.07316386253245089,-0.20671085788868582,0.30196316234169496,22.260607138401326
gradual_40,0.25,rho_0_25,8000,-0.0034631044129351807,0.01603442589608406,-0.024570871689929774,0.11480189986115219,-13.347458305081773
gradual_40,0.25,rho_0_25,8001,0.04802272791466289,-0.0870787669918327,-0.027488314318931506,0.10071815977546805,-18.005976579217474
gradual_40,0.25,rho_0_25,8002,0.008551698086010084,-0.06757086616731556,-0.024182553929640305,0.13834784862078342,-5.452418526039281
gradual_40,0.25,rho_0_25,8003,0.01751686946123765,-0.058710659210227334,-0.04744322997579509,0.11354789871688098,-4.942656429527119
gradual_40,0.25,rho_0_25,8004,-0.0075451042223402265,-0.050092476668441854,-0.0024115065782390754,0.05900263347163115,-20.569501480984712
gradual_40,0.25,rho_0_25,8005,0.0013032588867480932,-0.020258726271080718,-0.05790057395412018,0.12695598684777298,-12.841953392906618
gradual_40,0.25,rho_0_25,8006,-0.011674648384036312,-0.09304659575832908,0.010774441757566922,0.1099286268372337,-10.216911295556258
gradual_40,0.25,rho_0_25,8007,0.07135033422252846,-0.09893637243762843,0.0030605727764473345,0.1117070744093116,-19.129130573511702
gradual_40,0.25,rho_0_25,8008,0.02828355977912489,-0.07675079015366038,0.007351253263234825,0.10956829460654882,-17.22246333221983
gradual_40,0.25,rho_0_25,8009,0.043728579917059474,-0.06732040655237981,-0.03242807509073631,0.11873053487562979,-7.209781888390751
gradual_40,0.25,rho_0_25,8010,-0.030156285224448798,-0.08195937976107359,-0.01695442632548505,0.08452043717608149,-9.81625803958778
gradual_40,0.25,rho_0_25,8011,0.03421855122405526,-0.11287620301446921,0.005186363576068387,0.09960231197144731,-24.685265551321493
gradual_40,0.25,rho_0_25,8012,0.12811661721765122,-0.06497253723655483,0.019077427106006017,0.1308684714602415,-12.38325555350329
gradual_40,0.25,rho_0_25,8013,-0.010232463184181695,-0.030171388662033394,-0.016756135092722224,0.12860014208508064,-4.970951560675559
gradual_40,0.25,rho_0_25,8014,0.038713694036503044,-0.07397489534703094,-0.07601898555467046,0.1388142395837444,-3.4855131617617303
gradual_40,0.25,rho_0_25,8015,0.02477443973831106,-0.06347652379144009,-0.026855704848820827,0.09828916345117733,-18.46255197765302
gradual_40,0.25,rho_0_25,8016,-0.005765216732312672,-0.08386517466062493,-0.03812881123164513,0.09433358936551173,-16.724992248444096
gradual_40,0.25,rho_0_25,8017,-0.00295650038096007,-0.05782886899409956,0.04039153345316615,0.11085791025941338,-22.77832112153291
gradual_40,0.25,rho_0_25,8018,0.05886490119744192,-0.00041128650326793803,-0.035851895245909926,0.11433131219556625,-14.990147606546657
gradual_40,0.25,rho_0_25,8019,0.038573854283675435,-0.07722782083915547,-0.024124400575532556,0.13141422781469148,-10.033570463136869
gradual_40,0.25,rho_0_25,8020,0.06072152582986101,-0.052909597572335265,-0.016219824368670088,0.08454486459396682,-20.7931774945379
gradual_40,0.25,rho_0_25,8021,0.03365959826909182,-0.10440007875485424,-0.012710144874008233,0.09321470924442155,-25.12498442793205
gradual_40,0.25,rho_0_25,8022,0.053545059250008076,-0.06332789263489502,-0.015546415469341102,0.11638788095549435,-9.485916292862413
gradual_40,0.25,rho_0_25,8023,0.025603413091061844,-0.06939974951552497,-0.029859647219862895,0.12119330054964239,-17.984632524379776
gradual_40,0.25,rho_0_25,8024,0.040766463912573214,-0.0613170799954279,-0.028847384520275243,0.11960338455669373,-16.27812240007779
gradual_40,0.25,rho_0_25,8025,0.02129671912686637,-0.05309852317975672,-0.018232876078777327,0.09201977565114694,-2.957401577500633
gradual_40,0.25,rho_0_25,8026,0.06318611391566165,0.008749146382942996,0.007772819315360557,0.14358963553661974,-12.915671696662486
gradual_40,0.25,rho_0_25,8027,0.08948313098822736,-0.07291190845056761,-0.039967272266526965,0.13286802244736284,-11.49663905051699
gradual_40,0.25,rho_0_25,8028,0.07504407827846338,-0.07967870580813585,-0.03586859606734416,0.0938696792905529,-30.873648153417946
gradual_40,0.25,rho_0_25,8029,0.09224219796304511,-0.0368371525580411,-0.0194988477862299,0.10613380973130715,-1.865705091118656
gradual_40,0.5,rho_0_50,8000,-0.007252519874168639,-0.037183378918398624,-0.046099092825720334,0.20984695123696273,-9.641799163332905
gradual_40,0.5,rho_0_50,8001,-0.008598481648274259,-0.11347296823631403,-0.026487160791466513,0.18389420986861715,-14.981181257296356
gradual_40,0.5,rho_0_50,8002,0.0947862730442719,-0.10025794493373663,-0.05742565399725996,0.27828060784925457,-2.29947802535321
gradual_40,0.5,rho_0_50,8003,0.03321046035557362,-0.09927963683577712,-0.06786223361222699,0.21933839193433924,-1.6990798446020676
gradual_40,0.5,rho_0_50,8004,0.0016747508321935944,-0.07264477972233419,-0.0762671983234331,0.10565733840504876,-18.609324466981946
gradual_40,0.5,rho_0_50,8005,0.04955851181021376,-0.05647785044357079,-0.09184645416495396,0.25562460692643185,-8.900493643352434
gradual_40,0.5,rho_0_50,8006,0.05245232407133593,-0.09395815805189223,-0.054633753765101656,0.20674233296782907,-6.763031014428179
gradual_40,0.5,rho_0_50,8007,0.04942876390203743,-0.1340877582778086,-0.027873659476413182,0.1992636818687541,-15.859909165688435
gradual_40,0.5,rho_0_50,8008,0.09078426105378834,-0.12980496740518177,-0.06308876312490086,0.21737727862914102,-13.705042000641356
gradual_40,0.5,rho_0_50,8009,0.036343472818154976,-0.08489571552823705,-0.05724078996738402,0.23208746192715424,-3.349144621855828
gradual_40,0.5,rho_0_50,8010,-0.030268136176570426,-0.10015185888013534,-0.11152370306921155,0.15590188172786945,-6.0960207235824555
gradual_40,0.5,rho_0_50,8011,0.04802913364898043,-0.10483311776048598,-0.09450350672304542,0.1813969284423651,-21.67835357559909
gradual_40,0.5,rho_0_50,8012,0.10754776179523395,-0.07187063803658855,-0.011452471099543504,0.2467210860555875,-7.596642065092823
gradual_40,0.5,rho_0_50,8013,0.022324314516830812,-0.10086650894190718,-0.030000733014004743,0.2289907137094147,-2.178823158266141
gradual_40,0.5,rho_0_50,8014,0.02116724629658917,-0.12430394158428104,-0.08801115959428496,0.28361306596820723,0.0068686129753814384
gradual_40,0.5,rho_0_50,8015,0.02823248531604927,-0.11854056856499895,-0.045917846292848674,0.1828725055981364,-15.109050030410089
gradual_40,0.5,rho_0_50,8016,0.11656484711855652,-0.08193584826642031,-0.1391376930773504,0.19178986784223717,-13.923344107493392
gradual_40,0.5,rho_0_50,8017,0.08902675758084122,-0.0973978057730589,-0.07564251187058552,0.20808664787085052,-18.871672196003317
gradual_40,0.5,rho_0_50,8018,0.07818039386203202,-0.05907055606954259,-0.04426777531340509,0.21805774320503257,-11.949614975261966
gradual_40,0.5,rho_0_50,8019,0.09302359595520115,-0.08010155174115496,-0.03292673119650624,0.24713879387986193,-7.071993147423967
gradual_40,0.5,rho_0_50,8020,0.08195274379219297,-0.08240810731438053,-0.04384441333666411,0.14827823040937327,-18.19937635134758
gradual_40,0.5,rho_0_50,8021,0.03361785533092787,-0.1375724059438257,-0.04998131780116971,0.16586429006301184,-22.036215786639957
gradual_40,0.5,rho_0_50,8022,0.06264891651316751,-0.11847062252034757,-0.07529294724941182,0.2208334417073754,-5.672279468059855
gradual_40,0.5,rho_0_50,8023,0.04984987078987457,-0.1274713576931985,-0.06163906829959409,0.23490102061175833,-13.623176137835543
gradual_40,0.5,rho_0_50,8024,0.06862536560748578,-0.09948320636832175,-0.0031895287883256795,0.22637582483286423,-12.757399671369882
gradual_40,0.5,rho_0_50,8025,0.016794128499101113,0.05974766304655521,-0.2012320939329023,0.17426988997759896,2.157037164971655
gradual_40,0.5,rho_0_50,8026,0.15407832453547576,-0.1331230935270371,-0.040646538799343546,0.2743312223899892,-11.842523477827285
gradual_40,0.5,rho_0_50,8027,0.09326412765800851,-0.10387914020261846,-0.05243197776886965,0.250049832690487,-7.903404423991276
gradual_40,0.5,rho_0_50,8028,0.10847155956186527,-0.1334233163333245,-0.12223904899506727,0.17988250893281021,-27.284597872412434
gradual_40,0.5,rho_0_50,8029,0.050009986425414765,-0.06968831524983354,-0.07503958247656783,0.20371285757666646,1.58879323450995
gradual_40,0.72,rho_0_72,8000,0.037518776122619335,-0.05369948566521465,-0.17825602310090466,0.271754912735954,-5.8198522544978175
gradual_40,0.72,rho_0_72,8001,-0.04138330470811202,-0.12322343369615396,-0.1876186823492007,0.23562146312764876,-10.968548422607995
gradual_40,0.72,rho_0_72,8002,0.09487920858511001,-0.1076943618238877,-0.1758544185677488,0.3745057083174612,1.8650702784344446
gradual_40,0.72,rho_0_72,8003,0.00937663883860651,-0.08228134392227382,-0.1499040214211686,0.28227163019254276,3.000811106256606
gradual_40,0.72,rho_0_72,8004,-0.027839347344858156,-0.07954120917435059,-0.15158787736664087,0.1339805194524044,-14.475892217960137
gradual_40,0.72,rho_0_72,8005,0.06790737810900427,-0.055921394905242394,-0.2015061114508711,0.3430532311150922,-5.011936431081125
gradual_40,0.72,rho_0_72,8006,0.00827724598944135,-0.10991075443291898,-0.13276470851062605,0.27024969965828793,-1.262656984385785
gradual_40,0.72,rho_0_72,8007,0.012667144347760062,-0.16079963478150283,-0.17418050643868155,0.26114422253384006,-10.616660667318683
gradual_40,0.72,rho_0_72,8008,0.06171609051218152,-0.1281482400886027,-0.1410533053262455,0.28213402567656143,-9.407161328450655
gradual_40,0.72,rho_0_72,8009,0.05760637915781763,-0.08426965344715853,-0.15656156013333417,0.3156353519831834,1.843137603001793
gradual_40,0.72,rho_0_72,8010,-0.07464784519523038,-0.1045091882690583,-0.17005621137367505,0.19783900315063496,0.25528825797135823
gradual_40,0.72,rho_0_72,8011,-0.06261664509284648,-0.1095678462475389,-0.13529955341245387,0.2364663212753051,-16.66262510369225
gradual_40,0.72,rho_0_72,8012,0.1369137264414858,-0.0032344338765648573,-0.2782811359011672,0.3202434054385983,-1.7008407958601026
gradual_40,0.72,rho_0_72,8013,-0.014299865828440228,-0.0794617322518043,-0.14703927926914545,0.31295271456463913,4.206410450632092
gradual_40,0.72,rho_0_72,8014,0.048725700099628066,-0.150106387971789,-0.20890184608251222,0.39017009828016747,4.6589100881450065
gradual_40,0.72,rho_0_72,8015,-0.0036505165356368607,-0.11972033978323893,-0.16004530472868023,0.23765761420968223,-10.429716006111136
gradual_40,0.72,rho_0_72,8016,0.15145094810442994,-0.10675146655479306,-0.18240547049073702,0.25858360172597195,-8.320755822245928
gradual_40,0.72,rho_0_72,8017,0.09640024255793722,-0.11522179166226376,-0.13549636708357993,0.27919009069067524,-14.2467761442999
gradual_40,0.72,rho_0_72,8018,0.07096221058248753,-0.05014556394287695,-0.233749551840239,0.2874862776479956,-8.43094213975266
gradual_40,0.72,rho_0_72,8019,0.06390283758751314,-0.08577648507463476,-0.17733192148070337,0.3227463927689156,-3.1575729027715624
gradual_40,0.72,rho_0_72,8020,0.08614707209968209,-0.07717940600257567,-0.16899886862727864,0.1867298036520011,-13.517292320348929
gradual_40,0.72,rho_0_72,8021,0.10000689341497904,-0.13945986257364762,-0.17834715206496726,0.21433989287977218,-17.939182897227937
gradual_40,0.72,rho_0_72,8022,0.06462570724389605,-0.09082225064616178,-0.18127605583593176,0.2939409017762995,-1.9163259462566486
gradual_40,0.72,rho_0_72,8023,0.089653068287457,-0.12158638649333398,-0.1684610296419033,0.30330256413424594,-9.047234769797285
gradual_40,0.72,rho_0_72,8024,0.015877273802453518,-0.11418157087398662,-0.17211559435511575,0.2972765086450351,-8.024930913250188
gradual_40,0.72,rho_0_72,8025,0.0415549905123912,-0.07073626966678237,-0.1909882334343354,0.23762644814880884,6.330313024131755
gradual_40,0.72,rho_0_72,8026,0.18252847973046238,-0.14339234890453145,-0.1358450314048958,0.3755989023112005,-6.554252410605926
gradual_40,0.72,rho_0_72,8027,0.1619927254671214,-0.11255375374123666,-0.16239127132798548,0.3307733644700024,-4.3426234008433084
gradual_40,0.72,rho_0_72,8028,0.07855557686569592,-0.12033020064220157,-0.1244627043532423,0.23109663034892236,-21.385278610975803
gradual_40,0.72,rho_0_72,8029,0.10821193615226021,-0.09217902468162364,-0.13601009632025957,0.2648722557536014,5.948212241415689
gradual_40,0.85,rho_0_85,8000,0.08893998598760566,-0.03914834502824238,-0.2655177668975486,0.29716303709749425,-1.0339393232920315
gradual_40,0.85,rho_0_85,8001,-0.06888072622239971,-0.1260278877376262,-0.21566489578558234,0.25107654862430184,-5.63746698882801
gradual_40,0.85,rho_0_85,8002,0.09931751631868724,-0.10207714187473194,-0.26821270654906115,0.40932699300045705,7.412269997605222
gradual_40,0.85,rho_0_85,8003,0.02018658538296436,-0.0855265928887956,-0.20332858880588434,0.30646120754546136,6.708863390319948
gradual_40,0.85,rho_0_85,8004,0.03277315016629734,-0.10596037658682977,-0.16681130152158052,0.143355311034584,-12.042625896225815
gradual_40,0.85,rho_0_85,8005,0.11407765069844777,-0.053489485797220127,-0.31120168766277156,0.37467809904870686,-0.8982057271649069
gradual_40,0.85,rho_0_85,8006,0.060391456745500394,-0.08952120587017554,-0.2952458435322813,0.2901933583073064,1.648939366771117
gradual_40,0.85,rho_0_85,8007,0.04343125546358284,-0.13004821238020536,-0.19129950403127904,0.2808902131647897,-7.1062985354435
gradual_40,0.85,rho_0_85,8008,0.05569634230251741,-0.14060686465208505,-0.23458861627752653,0.30637289246125254,-4.665679611043686
gradual_40,0.85,rho_0_85,8009,-0.00491826700128728,-0.1145253629879619,-0.23505886299561363,0.3438058525491203,7.1787745438658135
gradual_40,0.85,rho_0_85,8010,-0.0009339683773340601,-0.11847535004647458,-0.23963123694350508,0.21184691710125314,3.110703847202956
gradual_40,0.85,rho_0_85,8011,-0.010159772849290594,-0.11926868940129509,-0.1974716437175455,0.2540088946428347,-11.851445118392263
gradual_40,0.85,rho_0_85,8012,0.14149250354916154,-0.08053755737429569,-0.18806567024301724,0.35975343865286735,3.2106331023096857
gradual_40,0.85,rho_0_85,8013,0.0031893988870812517,-0.10066418855510051,-0.2528412205740826,0.3352402138131252,8.59190593248249
gradual_40,0.85,rho_0_85,8014,0.053485326780948084,-0.121280726133846,-0.3111780176003342,0.42398889927462813,9.438882323660891
gradual_40,0.85,rho_0_85,8015,-0.025393799260280625,-0.11852062660820106,-0.2377318966857871,0.2583847133769068,-4.228943639943111
gradual_40,0.85,rho_0_85,8016,0.13021844346865374,-0.10794680024995351,-0.24921819520057975,0.27982815603598166,-4.089584552016106
gradual_40,0.85,rho_0_85,8017,0.09995544954637303,-0.1108035441269859,-0.19251055916067683,0.30084935261612467,-7.372209406493397
gradual_40,0.85,rho_0_85,8018,0.04648134954446004,-0.07002954107221182,-0.25181036916448174,0.30599461793174854,-1.2426135239913947
gradual_40,0.85,rho_0_85,8019,0.0948254122376847,-0.07718795918403032,-0.30473097195548005,0.34354220184986684,2.0555408645184343
gradual_40,0.85,rho_0_85,8020,0.0468504819926443,-0.07692323304006354,-0.22477601741702308,0.19803517530002646,-6.5073882489982395
gradual_40,0.85,rho_0_85,8021,0.11716954004119573,-0.13648010701366164,-0.22194886663115493,0.22959723841513258,-12.472852808690817
gradual_40,0.85,rho_0_85,8022,0.05759768800409071,-0.09138537467245111,-0.27415480183113844,0.3200605077669434,4.02632686326217
gradual_40,0.85,rho_0_85,8023,0.11907837968317558,-0.11390787337314201,-0.27175307911668767,0.3305050649550423,-3.627163947972832
gradual_40,0.85,rho_0_85,8024,0.0783157861879934,-0.13040963883752177,-0.2368662686797326,0.3212640684078685,-4.0553356695159835
gradual_40,0.85,rho_0_85,8025,0.08746357184906173,-0.08639646192595052,-0.24006066167428697,0.2576307817933592,11.2822237670849
gradual_40,0.85,rho_0_85,8026,0.2109597621605569,-0.1360650955224294,-0.20554427804633935,0.4114795735410972,-2.5207365408917894
gradual_40,0.85,rho_0_85,8027,0.03946815296378092,-0.11129669574457601,-0.22229377276285833,0.35491421809238677,0.6717197999973621
gradual_40,0.85,rho_0_85,8028,0.07404960610201339,-0.11920684698842532,-0.18794950281970868,0.2490010831206675,-12.54410274523002
gradual_40,0.85,rho_0_85,8029,0.0885315083025241,-0.0927112149325886,-0.20490512404755684,0.284888127205992,11.232802158096206
gradual_40,0.93,rho_0_93,8000,0.035022729119079665,-0.04382962129531531,-0.24969556347595812,0.2965486195764253,6.318333317066276
gradual_40,0.93,rho_0_93,8001,-0.10884513270060248,-0.14633257463165528,-0.24250701856938828,0.25258127880476344,1.191490375850492
gradual_40,0.93,rho_0_93,8002,0.09362460814907547,-0.11316683283954543,-0.2699256095094931,0.415290050389864,9.410196649967958
gradual_40,0.93,rho_0_93,8003,0.06327333001876911,-0.08940923100957754,-0.2360523199785089,0.3048844619428217,11.978237205075487
gradual_40,0.93,rho_0_93,8004,-0.00979954436455166,-0.0915007536224941,-0.19638025039080487,0.1396605103607924,-3.497313270343426
gradual_40,0.93,rho_0_93,8005,-0.000555550475569877,-0.05075098390417043,-0.2972642332682109,0.3715972096688449,7.332930064997811
gradual_40,0.93,rho_0_93,8006,0.10071031767690475,-0.0877669634430891,-0.21799112121004166,0.288957643381222,11.275330362862007
gradual_40,0.93,rho_0_93,8007,0.02145726483074284,-0.12435944892502082,-0.2097033554114115,0.28117686120405017,-2.628638275865967
gradual_40,0.93,rho_0_93,8008,0.054535852661829254,-0.13256078933544657,-0.20801488635140464,0.3015735428938475,3.358277050654152
gradual_40,0.93,rho_0_93,8009,0.012722432317207932,-0.09287645200297767,-0.2204410679888969,0.34106363911752124,14.97324442893003
gradual_40,0.93,rho_0_93,8010,-0.004801922049037621,-0.12032996181121813,-0.2691323618429284,0.21558872878820212,7.257139354451368
gradual_40,0.93,rho_0_93,8011,0.06096413454292837,-0.13660393970625861,-0.20203284202018157,0.25734430154635035,-7.771540313151547
gradual_40,0.93,rho_0_93,8012,0.16338531524769595,-0.08033339443290899,-0.23023713169936572,0.3641681748068444,6.3456745355663315
gradual_40,0.93,rho_0_93,8013,0.0888386028928202,-0.11772494227000685,-0.26599481724867513,0.34256083619478384,13.89345018675678
gradual_40,0.93,rho_0_93,8014,0.015308735545279784,-0.10870838160337204,-0.3184718665550194,0.4323248334062848,13.089687712877577
gradual_40,0.93,rho_0_93,8015,0.040440357190194676,-0.12913261470560755,-0.2391424557589087,0.25381478780312117,2.8877394314194476
gradual_40,0.93,rho_0_93,8016,0.07537012652953923,-0.04881036831782115,-0.37204605307333843,0.27178677859995304,7.854213293126435
gradual_40,0.93,rho_0_93,8017,0.12022374924142676,-0.10614411784616617,-0.18292162001769585,0.30728471550432923,-3.1526771085506766
gradual_40,0.93,rho_0_93,8018,0.08960984431462193,-0.06608101248135334,-0.24243617755071267,0.30196657609636635,5.224011262070803
gradual_40,0.93,rho_0_93,8019,0.08448300957674948,-0.0999448364359381,-0.2521514125214729,0.3487405993499877,4.331507371768254
gradual_40,0.93,rho_0_93,8020,0.08958703803679524,-0.08032015459314046,-0.20654082442278138,0.19524495146781407,1.7254137554603517
gradual_40,0.93,rho_0_93,8021,0.040259608249710754,-0.15000888847910954,-0.20573800057328845,0.22774712585457912,-10.470485344735494
gradual_40,0.93,rho_0_93,8022,0.07067538168207144,-0.09895537448833291,-0.29708340690515544,0.3234276558490121,9.835664779202375
gradual_40,0.93,rho_0_93,8023,0.02894213672085555,-0.10253279725614473,-0.25858977629525753,0.32950589836704136,2.0011179363594636
gradual_40,0.93,rho_0_93,8024,0.04548232740894498,-0.1170360571282707,-0.2615432949607562,0.322551876672279,2.8136821336367746
gradual_40,0.93,rho_0_93,8025,0.06302783834086156,-0.0872516819163609,-0.2259101040316691,0.24793556252269733,26.401416977379313
gradual_40,0.93,rho_0_93,8026,0.10545668963170751,-0.13728091369031414,-0.24855673157463914,0.42293749938606373,2.96946011660404
gradual_40,0.93,rho_0_93,8027,0.07625408436733228,-0.0927635032777685,-0.2601342176982401,0.36143562136409324,4.263553473355415
gradual_40,0.93,rho_0_93,8028,0.14579335901879031,-0.11409774869900868,-0.20582145449150724,0.24565364878215368,-4.147485157159508
gradual_40,0.93,rho_0_93,8029,0.09481505028961346,-0.0741982491331159,-0.20233815781399944,0.2824869310486151,21.29373268192242
no_change,0.25,rho_0_25,8000,-0.0348197177451135,-0.002295406002992273,-0.016074071795431855,0.08736088976423284,-12.428025576618381
no_change,0.25,rho_0_25,8001,0.04790882766184179,-0.10141883009710106,-0.03876544523033454,0.10454927207568687,-15.0795998081405
no_change,0.25,rho_0_25,8002,-0.052994336851158175,-0.06672456323153764,-0.04034336682403605,0.1159002624823593,-6.016269894594217
no_change,0.25,rho_0_25,8003,0.02408408955308572,-0.07949779533807622,-0.014929291197740224,0.0961521987750884,-14.561043379457743
no_change,0.25,rho_0_25,8004,-0.003323105026269091,-0.04791057931947851,0.02543880466817483,0.08638311760853723,-18.364796041231415
no_change,0.25,rho_0_25,8005,0.0050613362997028455,-0.025174383064563877,-0.039026248775356875,0.1147465714888547,-12.599745622239794
no_change,0.25,rho_0_25,8006,0.04204961962402476,-0.08118247462325101,0.004723062565167746,0.09808744597655394,-17.646635811817504
no_change,0.25,rho_0_25,8007,0.06070057151586794,-0.10227520441012139,0.0019072055949032052,0.11615474921484203,-24.30610181055502
no_change,0.25,rho_0_25,8008,0.05731958130342718,-0.06500475061023447,0.024116532817538117,0.08546195671263312,-26.00703918830098
no_change,0.25,rho_0_25,8009,0.02980569796239818,-0.06825459578543214,-0.019236406093961822,0.10774525534218471,-13.061844375077783
no_change,0.25,rho_0_25,8010,0.04108645455259918,-0.10148887076749702,-0.02186155926539346,0.06655098024062411,-26.69147077408978
no_change,0.25,rho_0_25,8011,0.014488316499326137,-0.12707990004454217,0.026263236783195976,0.07788787899323646,-31.839895521875164
no_change,0.25,rho_0_25,8012,0.11149989032488317,-0.08546314852032566,0.015682050774594614,0.1075379243782093,-25.208267139684466
no_change,0.25,rho_0_25,8013,0.053172937596753456,-0.04132899036450688,-0.017869656751830387,0.10367665911813884,-9.18275360298233
no_change,0.25,rho_0_25,8014,0.04804139694636422,-0.0776387091992019,-0.07223299401448546,0.13370764673385427,-5.003987507131825
no_change,0.25,rho_0_25,8015,0.032282632214278295,-0.0725273787850913,0.018327495306242836,0.06787954406654517,-35.628889125782536
no_change,0.25,rho_0_25,8016,-0.02024629733770711,-0.09475725947620806,-0.037473457013854516,0.050400757751342784,-31.848334411021455
no_change,0.25,rho_0_25,8017,-0.028088922224993262,-0.06191869054447441,0.046009296049553505,0.07071653485864493,-33.713284660020676
no_change,0.25,rho_0_25,8018,0.06020972531000346,-0.0029181121287891187,-0.019620701071396462,0.1071521833353386,-11.890339422247592
no_change,0.25,rho_0_25,8019,0.16601164703256055,-0.09962292370880466,-0.023214541689327017,0.1271487033259966,-17.215514646613798
no_change,0.25,rho_0_25,8020,0.0016133119759966785,-0.012815109179360462,0.006543531161793847,0.07723810660688768,-10.475365239676435
no_change,0.25,rho_0_25,8021,0.059012714396774246,-0.08532267537843019,-0.01648788603463691,0.10961285063594772,-20.049403058520454
no_change,0.25,rho_0_25,8022,0.05184091728013063,-0.061242688673980084,-0.01734158547242526,0.08997736072576101,-9.441622910365254
no_change,0.25,rho_0_25,8023,0.036186774900376806,-0.08366777326155717,-0.005271553123482042,0.10674888904503677,-21.54126928939138
no_change,0.25,rho_0_25,8024,0.04333117268418396,-0.08191181240080514,0.006850744485722315,0.10853123809861476,-27.37347369717739
no_change,0.25,rho_0_25,8025,0.005114096384058131,-0.08316947769102612,-0.002789455303472077,0.06305333202746244,-20.350556352661357
no_change,0.25,rho_0_25,8026,0.0021337581830390695,-0.006259562070702884,0.014218807571332315,0.1251947060530143,-15.219481745900538
no_change,0.25,rho_0_25,8027,0.03412426532491131,-0.09117452710588392,-0.01820594459785152,0.13310647138089804,-13.50711766885047
no_change,0.25,rho_0_25,8028,0.07138814735690768,-0.0816023636230323,-0.06582790789166632,0.047144963674125684,-51.1355305348532
no_change,0.25,rho_0_25,8029,0.03623779062902288,-0.05658908941726182,-0.0010541359987845667,0.09523875524083181,-5.222771099192499
no_change,0.5,rho_0_50,8000,-0.03805151971503562,-0.04819885131806778,-0.04570163535038729,0.15877592161332243,-9.810978086760798
no_change,0.5,rho_0_50,8001,0.032592019675412365,-0.1233888628408808,-0.04535809778868782,0.1923397053179854,-12.243522060539505
no_change,0.5,rho_0_50,8002,0.043969024256369726,-0.09633987893379192,-0.05305994619910903,0.2283348495240487,-4.190636654989191
no_change,0.5,rho_0_50,8003,0.010296699398825715,-0.1169149649335468,-0.05270477666986906,0.1729582170135111,-12.229806128102354
no_change,0.5,rho_0_50,8004,0.036677985598175145,-0.08984661125950755,-0.0341005571866414,0.15403876790784343,-16.784293482372362
no_change,0.5,rho_0_50,8005,0.04407080444120992,-0.0732243364643752,-0.08624812390944203,0.2237463691033561,-9.86916281702517
no_change,0.5,rho_0_50,8006,0.029016223437562494,-0.09485975771086874,-0.04657663870777229,0.16977888617579362,-14.411242581626738
no_change,0.5,rho_0_50,8007,0.06630289124512101,-0.14373398417017302,-0.004409198846827667,0.19814146502715824,-21.698411512195406
no_change,0.5,rho_0_50,8008,0.0547739456744597,-0.10976413662004258,-0.10174147232617226,0.15908993488643075,-24.13149666627453
no_change,0.5,rho_0_50,8009,-0.012306774994225056,-0.09653545855918289,-0.04665472262605774,0.19101530288581525,-10.94792231732751
no_change,0.5,rho_0_50,8010,-0.011671464315753166,-0.10837356355755112,-0.14127125179638383,0.10870369389650003,-23.256824011717626
no_change,0.5,rho_0_50,8011,0.03696885769167246,-0.11790521001646859,-0.07425833036571128,0.13410656815566213,-29.366966001001302
no_change,0.5,rho_0_50,8012,0.050157444065261236,-0.10319475679331358,-0.015558863606182638,0.18204809067910954,-22.10802148481102
no_change,0.5,rho_0_50,8013,0.037270874185777125,-0.09649284734884844,-0.04881574153615886,0.17876068343047447,-7.306308778583997
no_change,0.5,rho_0_50,8014,0.07408434920513651,-0.1103365151604736,-0.0546348712978838,0.2724995980534173,-1.6584643070773097
no_change,0.5,rho_0_50,8015,0.04126371143223251,-0.12403247748383084,0.01800490375629543,0.11649614864155433,-33.9243761766088
no_change,0.5,rho_0_50,8016,0.04242507215375868,-0.09237895079832192,-0.17497575833059664,0.09910775244512049,-30.996165245069292
no_change,0.5,rho_0_50,8017,-0.018981320609462005,-0.08548074155086649,-0.10295518617118521,0.12007833132327139,-31.607774890443196
no_change,0.5,rho_0_50,8018,0.057594220357020776,-0.06302333856578723,-0.051219075057360675,0.19195195117269837,-10.00487707236229
no_change,0.5,rho_0_50,8019,0.12681631272491578,-0.09766066086208003,-0.033078894034531015,0.23173570941101884,-15.448496095134317
no_change,0.5,rho_0_50,8020,0.05517495938289074,-0.046026540543484984,-0.06396943195068128,0.13379046658719407,-9.408405158750782
no_change,0.5,rho_0_50,8021,0.05933998430686749,-0.12218416301858159,-0.028718865810992256,0.20769527724382586,-17.221603352680887
no_change,0.5,rho_0_50,8022,-0.012801590482852565,-0.11194013182965179,-0.05047866454256367,0.15920855464658112,-7.122703453488384
no_change,0.5,rho_0_50,8023,0.03091452189649513,-0.13227171950212746,-0.029741514632008026,0.1941108849098354,-18.937838504942732
no_change,0.5,rho_0_50,8024,0.053747371813623546,-0.12814944332856015,0.008501373380141786,0.18957895890527476,-25.876652114093673
no_change,0.5,rho_0_50,8025,0.035232717088942156,0.03247437249878349,-0.2303820808319036,0.10484731882590559,-16.757192110444834
no_change,0.5,rho_0_50,8026,0.0770002301096997,-0.13969120404585933,-0.039126632506434667,0.23137868864255928,-14.964126047477862
no_change,0.5,rho_0_50,8027,0.07828930287003633,-0.12351276833518021,-0.05999623053909198,0.23782211890193006,-11.832630354965005
no_change,0.5,rho_0_50,8028,0.10113073660533445,-0.1431959919616128,-0.12072720770527329,0.07746483532001003,-49.51635088973008
no_change,0.5,rho_0_50,8029,0.011036573180275622,-0.0897366489071274,-0.05189670076163311,0.18356652568107945,-3.0714081409041114
no_change,0.72,rho_0_72,8000,0.08961429263670362,-0.0553838605558612,-0.21830848268476483,0.19722956045185924,-6.072502178075837
no_change,0.72,rho_0_72,8001,-0.019277864793684207,-0.14071092930171858,-0.17503762522641442,0.2387995866487742,-8.219913650293307
no_change,0.72,rho_0_72,8002,0.02650858442468096,-0.10309899181864246,-0.21033022968567205,0.2897132268694542,-0.7321969192444158
no_change,0.72,rho_0_72,8003,0.02004498296560775,-0.10761028570405973,-0.1788432224741101,0.2180835351966004,-8.130648334451706
no_change,0.72,rho_0_72,8004,-0.008441419783890791,-0.07498192258305814,-0.1633875435126967,0.19685384147954776,-12.775729250339879
no_change,0.72,rho_0_72,8005,0.09036845235172475,-0.06813057082334328,-0.1748215290504435,0.287024312811365,-6.246629905417677
no_change,0.72,rho_0_72,8006,0.016180247371821888,-0.09679559507474611,-0.18153868909084536,0.21171763258537535,-10.119636822955641
no_change,0.72,rho_0_72,8007,0.0026569554922956096,-0.1705854813092733,-0.1800960571157298,0.24781901920824012,-17.796392500175585
no_change,0.72,rho_0_72,8008,0.010385196403750352,-0.11766801113120451,-0.19019243712612516,0.19489111021493066,-20.806193662299023
no_change,0.72,rho_0_72,8009,-0.013552498606216878,-0.08699852237612227,-0.16203936696880095,0.2446870428704071,-5.711944217190876
no_change,0.72,rho_0_72,8010,-0.03124330439199563,-0.11900356729731598,-0.18172809583577582,0.13474841573261642,-19.042948766637252
no_change,0.72,rho_0_72,8011,-0.05586441323901614,-0.12892761148927878,-0.12658789628175426,0.1664418472049718,-25.56049065991263
no_change,0.72,rho_0_72,8012,0.05218841995901313,-0.009064699914372198,-0.3584406222768956,0.21598973514978814,-16.67597786244366
no_change,0.72,rho_0_72,8013,0.01098207822963726,-0.09201827853241795,-0.2034792999080987,0.224612094397437,-3.065065107200553
no_change,0.72,rho_0_72,8014,0.09583092687746997,-0.14240964619012342,-0.17423608521687173,0.3704444877866542,2.2637358298085246
no_change,0.72,rho_0_72,8015,0.008407702751869972,-0.13607665140409875,-0.10821916104758988,0.14650190672675034,-29.741592560574603
no_change,0.72,rho_0_72,8016,0.05465211119042779,-0.1167071837632978,-0.17794674007591965,0.11902659997938203,-27.84797856201861
no_change,0.72,rho_0_72,8017,0.052521547714489136,-0.10633281513419224,-0.16353517384581617,0.14915060911951006,-27.4367995120311
no_change,0.72,rho_0_72,8018,0.05296804440863612,-0.060202567658436124,-0.23440218936354706,0.24430947067838948,-6.24086126874073
no_change,0.72,rho_0_72,8019,0.08044701475293747,-0.1109904145144398,-0.16192421418062508,0.2985572988889076,-10.682072018229405
no_change,0.72,rho_0_72,8020,-0.02468587280311596,-0.04350676185661584,-0.1846120926800599,0.1671044315802428,-5.754403423242664
no_change,0.72,rho_0_72,8021,0.09528097857331308,-0.11520998580022468,-0.1706561743667162,0.27828048586090803,-12.727591458776317
no_change,0.72,rho_0_72,8022,0.024714644838865762,-0.07713861758699636,-0.22738484104756568,0.20194796061351994,-4.398471651818312
no_change,0.72,rho_0_72,8023,0.07931196098742355,-0.1435465002250753,-0.17748829915922176,0.24146193440085773,-15.507976862270027
no_change,0.72,rho_0_72,8024,0.043297293685721217,-0.12496975989464243,-0.19151458716823888,0.24239004945302867,-22.050548798996914
no_change,0.72,rho_0_72,8025,-0.010238129314285027,-0.10099287779654453,-0.21215533433861267,0.14061946147752602,-12.950810949420116
no_change,0.72,rho_0_72,8026,0.09001964401476903,-0.15929813898147493,-0.1410403486169014,0.2948676753806936,-11.517161799985018
no_change,0.72,rho_0_72,8027,0.08518517440055462,-0.14129940072374403,-0.14946200332389276,0.29820999580271623,-7.3805561188070214
no_change,0.72,rho_0_72,8028,0.03297351766138246,-0.12118479028623774,-0.11240496498216507,0.08785475621972072,-43.762391458302744
no_change,0.72,rho_0_72,8029,0.11029063203656775,-0.10525139646889414,-0.17858140206695017,0.23456215152478377,0.9916837174292539
no_change,0.85,rho_0_85,8000,0.06061694022236852,-0.048710362544174934,-0.2687089642942173,0.2116511141833315,-1.0704455121126557
no_change,0.85,rho_0_85,8001,-0.0007406333798924969,-0.13586772821897153,-0.2455828968282428,0.2575037075547586,-3.13280043051779
no_change,0.85,rho_0_85,8002,0.027245027804131183,-0.10949503512267444,-0.2838199078873217,0.31178159948388773,4.768402223025618
no_change,0.85,rho_0_85,8003,0.05054437551265634,-0.0950712569463299,-0.20663871710100873,0.23018356684374686,-2.921990292718789
no_change,0.85,rho_0_85,8004,-0.0033860858074051814,-0.09718860197622359,-0.20938697561966535,0.20909419418529485,-8.974196188164683
no_change,0.85,rho_0_85,8005,0.06037116581192559,-0.0614237361848895,-0.28735949272087313,0.3130396280804155,-2.705564679080055
no_change,0.85,rho_0_85,8006,0.052720492397570706,-0.08228878435551756,-0.2865277820198394,0.22196322330459628,-8.002822165628032
no_change,0.85,rho_0_85,8007,0.08150545908274409,-0.14757524856718085,-0.19893141180844937,0.26801960947306913,-14.3552427369047
no_change,0.85,rho_0_85,8008,0.048529985446966295,-0.11226652437753781,-0.2296290500591588,0.20774720685845516,-16.042325061674774
no_change,0.85,rho_0_85,8009,-0.074830308504785,-0.12065879164704096,-0.23837536183723046,0.2622926511217578,-0.6982665351268622
no_change,0.85,rho_0_85,8010,0.054011429026424196,-0.1304396246778694,-0.22124503054055356,0.1440792813880507,-14.301654686492725
no_change,0.85,rho_0_85,8011,-0.022760047148841944,-0.13636058737861756,-0.17227594533014623,0.17718073725331562,-20.80001093323756
no_change,0.85,rho_0_85,8012,0.05443311663712924,-0.09772274895577038,-0.20236324788217225,0.2410879550412428,-12.119675535616693
no_change,0.85,rho_0_85,8013,0.006818001105257321,-0.0985802320168725,-0.2291970476880431,0.2370994905477053,0.4023772637453362
no_change,0.85,rho_0_85,8014,0.10670428200285742,-0.11272733977412397,-0.2968416904275822,0.39816572469910483,7.555186935071362
no_change,0.85,rho_0_85,8015,-0.016286667072108352,-0.12996194966439312,-0.12101937542018537,0.15150141270651707,-23.063727742581847
no_change,0.85,rho_0_85,8016,0.012027748242147807,-0.12090876307473142,-0.20307905131531379,0.12437800953452838,-21.01057425068126
no_change,0.85,rho_0_85,8017,-0.035412980687204,-0.11183061491650825,-0.17351331915056628,0.1532149301632182,-22.188369784403847
no_change,0.85,rho_0_85,8018,0.025786593599212426,-0.08296157200609589,-0.23406232881059397,0.25779630835785605,-0.9114627848405803
no_change,0.85,rho_0_85,8019,0.1490860495013986,-0.09233032367521421,-0.30589436949747184,0.31983311028406414,-6.831779932296143
no_change,0.85,rho_0_85,8020,-0.006821405554468307,-0.046386427469252034,-0.22719255718043602,0.17565938958772742,-1.5704556626749309
no_change,0.85,rho_0_85,8021,0.12805650374274202,-0.10257197346815428,-0.23677049664018146,0.3008165378868979,-7.7690379087024155
no_change,0.85,rho_0_85,8022,0.03175146596425982,-0.09053001398612981,-0.2632833692180116,0.2144201264031853,-0.3141782013400132
no_change,0.85,rho_0_85,8023,0.11937581547066922,-0.12801865426150094,-0.25872744966701733,0.25779749979215616,-9.3622308181329
no_change,0.85,rho_0_85,8024,0.1026523585477056,-0.15333765875892524,-0.256892381825968,0.26003269342336655,-17.58030419735428
no_change,0.85,rho_0_85,8025,0.05546303248646267,-0.11573753946477616,-0.23316861982529186,0.14851747829131856,-8.551110856623183
no_change,0.85,rho_0_85,8026,0.10897400474650965,-0.1332181743594285,-0.21152890885400716,0.3171219400923144,-7.140189663610585
no_change,0.85,rho_0_85,8027,0.12402065370727566,-0.13279753255363325,-0.24414629334604843,0.31690960171285054,-3.6790366709918487
no_change,0.85,rho_0_85,8028,0.03182279893946138,-0.13025794312059968,-0.10990447654974461,0.08688068978570929,-35.59668703667762
no_change,0.85,rho_0_85,8029,0.09138751126371347,-0.10536065744129086,-0.19730273305303986,0.2467980649908763,5.407736008846001
no_change,0.93,rho_0_93,8000,0.0619965331537502,-0.04104229250338065,-0.24703638678485806,0.2060246312128684,7.77848786317071
no_change,0.93,rho_0_93,8001,-0.037860983789156366,-0.16612071392665673,-0.26314361656175456,0.2629074624914396,2.282283058716814
no_change,0.93,rho_0_93,8002,0.003505424373499433,-0.10218901971593741,-0.26553338710275715,0.31591795991446014,5.91679148379427
no_change,0.93,rho_0_93,8003,0.08240523666017974,-0.11163194683780109,-0.21775361340353638,0.22508079189490227,4.357332758030907
no_change,0.93,rho_0_93,8004,0.005487074031003014,-0.08769959681538708,-0.229271841698115,0.2087552588853696,-2.292344461982708
no_change,0.93,rho_0_93,8005,-0.052128683277408716,-0.07180903777997205,-0.25824848150273594,0.3046029290150316,8.919588569639927
no_change,0.93,rho_0_93,8006,0.08787166191056639,-0.08444326684517378,-0.20231810394879746,0.21770224367191648,1.152414589592297
no_change,0.93,rho_0_93,8007,-0.011216541654195056,-0.14115174295581756,-0.19276329402688896,0.26253640314118476,-6.737519029699087
no_change,0.93,rho_0_93,8008,0.08278825107562826,-0.127956580068326,-0.18874961588872086,0.20255536067059943,-9.084837301973153
no_change,0.93,rho_0_93,8009,-0.060722629557670604,-0.10706923036956528,-0.18789896261710104,0.25330325677167487,11.720427905673972
no_change,0.93,rho_0_93,8010,0.07297787975342751,-0.13317048993416591,-0.24043965090135772,0.14498509319949138,-11.033417368858935
no_change,0.93,rho_0_93,8011,0.018595451768031235,-0.15053032362081087,-0.1554867139883529,0.1712113461901561,-15.692779352521285
no_change,0.93,rho_0_93,8012,0.07454548750867418,-0.09659247880597199,-0.2142125096845897,0.23673434156231954,-9.004307384538976
no_change,0.93,rho_0_93,8013,0.028922603682753345,-0.1307136694270552,-0.23166719152200355,0.23323612369235258,4.313363689777333
no_change,0.93,rho_0_93,8014,0.06484246197069454,-0.10524830568545962,-0.2959793978560433,0.40402255855644587,8.8390628659929
no_change,0.93,rho_0_93,8015,0.037002898271066065,-0.13434733138352328,-0.12213571921240851,0.14479301661778754,-15.737192156868971
no_change,0.93,rho_0_93,8016,0.04096932578519652,-0.06120401927040042,-0.3196966864752856,0.1125266207144251,-12.859169598928219
no_change,0.93,rho_0_93,8017,0.014712119323815331,-0.11876952550338249,-0.1577521728183237,0.1556725338561189,-19.05541958572411
no_change,0.93,rho_0_93,8018,0.07095723649012242,-0.0688655925910524,-0.21644127055517465,0.24859967100112268,10.493693036201591
no_change,0.93,rho_0_93,8019,0.13743897991050402,-0.10566764795719497,-0.25805119240652813,0.32616836406481653,-3.0111975649931253
no_change,0.93,rho_0_93,8020,0.0126385476720009,-0.03859981949445501,-0.21023328809379366,0.17082015100143355,9.444465469640306
no_change,0.93,rho_0_93,8021,0.03621057751856249,-0.13663638897215868,-0.22859132330278448,0.30129808858615315,-2.565982917200813
no_change,0.93,rho_0_93,8022,0.031629293232947275,-0.07995754912442887,-0.2826797687521848,0.2123018571458406,5.28992599940139
no_change,0.93,rho_0_93,8023,0.0275348065604043,-0.11744319166871886,-0.24026587664106197,0.2533657584387141,-4.902583462225294
no_change,0.93,rho_0_93,8024,0.10473316621594275,-0.1332072255596124,-0.27984267819046216,0.26187606239779004,-15.176541290239612
no_change,0.93,rho_0_93,8025,0.060553233120341,-0.12203350160872795,-0.20125223778953139,0.13321151125357256,9.200398292610373
no_change,0.93,rho_0_93,8026,0.05628269875721914,-0.13529945255034814,-0.23738633565276618,0.31895213498447816,-2.089347417654011
no_change,0.93,rho_0_93,8027,0.10115024523084581,-0.13100522477491516,-0.2608620877548067,0.320858531763458,-0.2637180137087114
no_change,0.93,rho_0_93,8028,0.08663208006815082,-0.12412693825504828,-0.13545763341499478,0.080910556118436,-25.88154472454552
no_change,0.93,rho_0_93,8029,0.08551386918229764,-0.09083423543988278,-0.19753970221562545,0.24378855745130545,14.295390894646744
repeated_20,0.25,rho_0_25,8000,-0.04216645472410907,-0.026796771502267447,-0.006313456927627414,0.08074668805041929,-20.10429922302518
repeated_20,0.25,rho_0_25,8001,-0.013659183213886927,-0.09516200980170098,-0.009604943065160576,0.08212612928725083,-16.444956127252624
repeated_20,0.25,rho_0_25,8002,-0.02139061104503348,-0.08114491322997708,-0.009231672129975221,0.09813358595390742,-12.902614948495142
repeated_20,0.25,rho_0_25,8003,-0.021783426699889197,-0.09387086700194569,-0.023158125905939075,0.07966442870861723,-19.285801810129357
repeated_20,0.25,rho_0_25,8004,-0.016799803993985618,-0.04177365938211519,-0.0036471973913173583,0.05901438961356398,-10.525291775750972
repeated_20,0.25,rho_0_25,8005,0.004023763742043607,-0.0230659038564216,-0.04200549454523761,0.08976041619793884,-13.36942252138627
repeated_20,0.25,rho_0_25,8006,-0.03227580670408281,-0.10820406879720679,0.032316976007202736,0.08316979409403613,-19.062119938226942
repeated_20,0.25,rho_0_25,8007,-0.006867764008618549,-0.08901198347128414,0.005974817546321676,0.087893769516314,-22.89905528524389
repeated_20,0.25,rho_0_25,8008,0.07823505783029405,-0.04228453424144352,-0.022112888141153197,0.08644622461973794,-9.519171284706431
repeated_20,0.25,rho_0_25,8009,-0.04364409990160434,-0.073934020080479,-0.025483499732049997,0.07969571893667649,-11.748068798828086
repeated_20,0.25,rho_0_25,8010,0.02555551580498938,-0.08028842311052653,-0.0582805727777565,0.05694707622071116,-22.686810942369974
repeated_20,0.25,rho_0_25,8011,-0.0667027249915626,-0.1382597261066536,0.006705994483941713,0.058816216829616685,-36.31723658241938
repeated_20,0.25,rho_0_25,8012,0.028207201062240284,-0.08905144784022667,0.024863168945010505,0.09790143172575494,-21.40851659525606
repeated_20,0.25,rho_0_25,8013,0.06455062599555039,-0.06062233185417654,-0.009296437594800588,0.0954798950299165,-12.409651569206403
repeated_20,0.25,rho_0_25,8014,0.03117009640759938,-0.08880556341672907,-0.038073759589626555,0.11183750945497728,-4.882937367851412
repeated_20,0.25,rho_0_25,8015,0.005805215614756332,-0.054177357161023565,-0.02136933286787135,0.05482187492011681,-26.102685349790463
repeated_20,0.25,rho_0_25,8016,-0.04339027690875241,-0.08154468308517959,-0.0010355153800263306,0.05026009391062436,-30.985888314290293
repeated_20,0.25,rho_0_25,8017,-0.028173565804668677,-0.0683797404594797,0.04960742295839671,0.06718922261892768,-27.181595485783305
repeated_20,0.25,rho_0_25,8018,0.03135150891740779,-0.024296141330782284,-0.027101681046636128,0.07017008914140632,-14.807937523034667
repeated_20,0.25,rho_0_25,8019,0.14219583673766678,-0.08344688849043358,-0.012510464470348426,0.09862634681775395,-11.764441238726505
repeated_20,0.25,rho_0_25,8020,-0.06293698374945389,-0.03133717290109672,0.015618923543419538,0.0646217841245238,-27.03730761088856
repeated_20,0.25,rho_0_25,8021,0.009737451333901914,-0.06811440932781387,-0.010037513361281891,0.08628126977386597,-9.155838864802803
repeated_20,0.25,rho_0_25,8022,0.024560024681819725,-0.061719868168861325,-0.016215830222735428,0.07478767089084704,-5.097315821503315
repeated_20,0.25,rho_0_25,8023,0.05617633096050212,-0.08414087530887215,0.0005469767212149534,0.08346443552954952,-28.544249351195305
repeated_20,0.25,rho_0_25,8024,0.014849997134974924,-0.06706315942667196,-0.0215625750980033,0.07558473357045026,-22.390762198614482
repeated_20,0.25,rho_0_25,8025,-0.004657261945210656,-0.038483245173246416,-0.009176199525471107,0.0450066749989082,-3.603626212568784
repeated_20,0.25,rho_0_25,8026,0.04168161068285314,0.01905753958202272,-0.0025762856815437774,0.09788823170851568,-15.565297220663808
repeated_20,0.25,rho_0_25,8027,0.015252121185314826,-0.08315351959651363,0.00855323365017524,0.1113806450578605,-10.256355930517259
repeated_20,0.25,rho_0_25,8028,0.024087586106378178,-0.07498797345059671,-0.06812414266915523,0.04224309211555344,-43.70423889938792
repeated_20,0.25,rho_0_25,8029,0.047799810103703155,-0.03391370370407909,-0.007540218947763466,0.079960558710785,1.0660357851639048
repeated_20,0.5,rho_0_50,8000,-0.06093158388217368,-0.061779530377719105,-0.032512265895805026,0.15382090753625333,-11.584506249357418
repeated_20,0.5,rho_0_50,8001,0.02725816294569794,-0.12886828861640875,-0.02864367115429778,0.16049228127212434,-9.424457518670977
repeated_20,0.5,rho_0_50,8002,0.031940312836699736,-0.12216400193755206,0.00549115485020657,0.19798836935785769,-5.718621259642617
repeated_20,0.5,rho_0_50,8003,0.00412871442701257,-0.13585994705618099,-0.028576955986214903,0.1495388735801928,-13.841367903995462
repeated_20,0.5,rho_0_50,8004,-0.0019028923442734325,-0.07698999844303867,-0.04221705385912089,0.11526277980498145,-6.027212151830469
repeated_20,0.5,rho_0_50,8005,0.07211990869866802,-0.06551781497972264,-0.07603047418007158,0.17640899220341755,-6.130857367453416
repeated_20,0.5,rho_0_50,8006,0.046716303756000555,-0.11556680117447371,-0.04473462580759313,0.1490126852215603,-13.643669553083612
repeated_20,0.5,rho_0_50,8007,0.03330347549012713,-0.12411214564279671,-0.0269472640223819,0.14399577926710805,-17.152506557176366
repeated_20,0.5,rho_0_50,8008,0.03247419294165643,-0.09531880322390673,-0.04136824454668875,0.16557105543143313,-1.4524543953777425
repeated_20,0.5,rho_0_50,8009,-0.05881003166296006,-0.10503341269413813,-0.054598422318171025,0.14820835401901178,-4.9627675293895095
repeated_20,0.5,rho_0_50,8010,-0.011535643897766179,-0.09317571198742947,-0.12624706852530743,0.09457562653242846,-18.209727745571442
repeated_20,0.5,rho_0_50,8011,-0.051217859912582986,-0.1305869837095095,-0.08818355288444868,0.10361290411524005,-31.705711698314175
repeated_20,0.5,rho_0_50,8012,0.05674121194985582,-0.11187573665596418,0.010786070661181535,0.17440528858412563,-14.75161224302633
repeated_20,0.5,rho_0_50,8013,0.08073433412744435,-0.11305128034351952,-0.04470865421427139,0.16900379718113,-5.547086717272151
repeated_20,0.5,rho_0_50,8014,0.03643758360707583,-0.13866851002175906,-0.06067897275146861,0.22227853578820378,4.887121291334154
repeated_20,0.5,rho_0_50,8015,-0.026381295569331997,-0.11068686898654523,-0.0342894570302798,0.09736341848647934,-22.059496390357282
repeated_20,0.5,rho_0_50,8016,0.07105821820103408,-0.08663258219978598,-0.15398439108704537,0.09398758399988427,-26.51267991238936
repeated_20,0.5,rho_0_50,8017,0.020898516285276836,-0.09300785570963566,-0.05583327950327793,0.117634586420857,-21.858873937157142
repeated_20,0.5,rho_0_50,8018,0.060548435292755776,-0.07523924627815859,-0.06607990096066962,0.12880534940819643,-8.920858653232528
repeated_20,0.5,rho_0_50,8019,0.0881923453548269,-0.08168515264504794,-0.010513822247569027,0.17899891931969591,-4.0473614539646405
repeated_20,0.5,rho_0_50,8020,-0.06436008014718819,-0.054908470155609734,-0.045248789843650106,0.11205354790896527,-22.776714693777166
repeated_20,0.5,rho_0_50,8021,-0.012491335727994546,-0.10511666980685774,-0.03186779039388554,0.16653845624041708,-0.7243851508411865
repeated_20,0.5,rho_0_50,8022,-0.026445635282276392,-0.10881053906663496,-0.034820792541788714,0.13779336636616213,0.8235981226868319
repeated_20,0.5,rho_0_50,8023,0.06883682840213035,-0.12974865622958287,-0.005335019910434946,0.15148074389193766,-22.23469234141902
repeated_20,0.5,rho_0_50,8024,0.03892758373215688,-0.11795128264080113,-0.04955236088082959,0.13513758874481274,-17.896791892899188
repeated_20,0.5,rho_0_50,8025,-0.046253627784231366,0.07292306085673861,-0.29049536096790085,0.07364222918579211,1.5463125583039954
repeated_20,0.5,rho_0_50,8026,0.1319595138199754,-0.12074808204753928,-0.03866987378909614,0.1800784632936483,-12.292021233504585
repeated_20,0.5,rho_0_50,8027,0.0959660562238196,-0.10817421899684376,-0.028821998097174117,0.19913018193188492,-2.170297047118055
repeated_20,0.5,rho_0_50,8028,0.06832357439247594,-0.12919892693484236,-0.1379360297633015,0.07061592471540479,-39.9041953810802
repeated_20,0.5,rho_0_50,8029,0.016389309245462558,-0.0654524118433093,-0.0580064048869281,0.15411553343249507,7.494936732805996
repeated_20,0.72,rho_0_72,8000,0.014983538376448835,-0.07592202859724839,-0.16212385646487726,0.1961521365796428,-3.001878439254199
repeated_20,0.72,rho_0_72,8001,-0.03673438404343099,-0.13904070277296476,-0.1490245713462885,0.20022232462568068,1.1139359828197257
repeated_20,0.72,rho_0_72,8002,0.10200272499087415,-0.11243665816681059,-0.15481746339626462,0.25767699896937435,2.3481875638374845
repeated_20,0.72,rho_0_72,8003,0.029834335580593008,-0.0990808090365487,-0.1533075801107317,0.1877576300500916,-5.427646936175307
repeated_20,0.72,rho_0_72,8004,-0.011619200635416549,-0.07484350313051191,-0.1492095481138781,0.14719628446255228,3.483957101386295
repeated_20,0.72,rho_0_72,8005,0.03195519337633723,-0.0551997536699691,-0.18734452443823174,0.22817775043361577,2.5881044506852504
repeated_20,0.72,rho_0_72,8006,0.014808654375181085,-0.12608650188869497,-0.13770888792011576,0.18649638922705458,-3.7937636199516476
repeated_20,0.72,rho_0_72,8007,0.013927003516283842,-0.15321974752363143,-0.1625650647575278,0.1861291287941067,-8.626041601871862
repeated_20,0.72,rho_0_72,8008,0.08256185773173919,-0.09246390633408463,-0.16951890060810426,0.2162979971632879,6.770756375182401
repeated_20,0.72,rho_0_72,8009,0.013338674201171297,-0.09919114557480846,-0.17510354525490213,0.19151578065552188,4.590689294850222
repeated_20,0.72,rho_0_72,8010,-0.013522218210388126,-0.10495184241700795,-0.17384763229954858,0.1167880243877959,-12.576271886642303
repeated_20,0.72,rho_0_72,8011,-0.020777617733789167,-0.14041217328829436,-0.140008997986735,0.12604369864861642,-26.500440471181705
repeated_20,0.72,rho_0_72,8012,0.05179647296824319,-0.0021720495398689366,-0.30745837852440594,0.21302179170393387,-4.944674779792308
repeated_20,0.72,rho_0_72,8013,0.03215563280956113,-0.1209932073546689,-0.17809573045365723,0.21446749668198972,4.487053412375047
repeated_20,0.72,rho_0_72,8014,0.0841843195732852,-0.16866638149840085,-0.14210461072824931,0.3050727727910916,15.2676756186506
repeated_20,0.72,rho_0_72,8015,-0.020952341175165645,-0.11093310134664147,-0.13669593903245464,0.12263127356885084,-14.385210159720188
repeated_20,0.72,rho_0_72,8016,0.07141578400083726,-0.1040243337643263,-0.15773426488441789,0.11728618084412457,-20.772404343134184
repeated_20,0.72,rho_0_72,8017,0.12051155341262776,-0.11881666708188643,-0.14431815761113204,0.1507672203936785,-15.542570229806216
repeated_20,0.72,rho_0_72,8018,0.10531903108531049,-0.07525305990403108,-0.21718925237284575,0.16538360676094443,-2.530102002829665
repeated_20,0.72,rho_0_72,8019,0.14539114148452115,-0.10253503415348497,-0.1511045801680293,0.233252934720781,3.425424646743295
repeated_20,0.72,rho_0_72,8020,-0.07166958865267115,-0.06498904271953165,-0.12352161010537466,0.13912805966625763,-16.114786557117
repeated_20,0.72,rho_0_72,8021,0.02136100354817705,-0.10570436006933281,-0.14942846961836725,0.22611390262601505,9.291817373328001
repeated_20,0.72,rho_0_72,8022,0.0024034357873775614,-0.08419409159012492,-0.1858764468789722,0.17485295849109272,7.8555569884994725
repeated_20,0.72,rho_0_72,8023,0.04777627545767216,-0.14661828384001918,-0.136957791343579,0.1913958355857508,-13.344309696214708
repeated_20,0.72,rho_0_72,8024,0.0388380147333538,-0.11621103716446068,-0.17407397014058462,0.17010802508363687,-12.056110704322009
repeated_20,0.72,rho_0_72,8025,-0.012345509927808695,-0.061816524337899637,-0.1973470960299442,0.10363693521250372,7.986706437809261
repeated_20,0.72,rho_0_72,8026,0.11990984542716066,-0.1342521947327251,-0.1561943025629382,0.23058458142350258,-2.4164474665960256
repeated_20,0.72,rho_0_72,8027,0.04729361405337218,-0.11550816102441264,-0.1347728202771603,0.2603421534592014,9.396177627373334
repeated_20,0.72,rho_0_72,8028,0.04163069063008484,-0.10217782417080468,-0.1427560510897498,0.08351194466126088,-33.183995588673824
repeated_20,0.72,rho_0_72,8029,0.07246960196147767,-0.08151630361172035,-0.13293149577591123,0.19585552213845858,16.909471358793496
repeated_20,0.85,rho_0_85,8000,-0.011891637712281855,-0.06813241832681527,-0.20682552886875294,0.20577191259578198,6.243454038364746
repeated_20,0.85,rho_0_85,8001,-0.08299392767133262,-0.14604963009051897,-0.19524987491914092,0.2101103899746506,11.448577189265023
repeated_20,0.85,rho_0_85,8002,0.044479722470976646,-0.1214116570594248,-0.21176713561111943,0.2703364177963734,10.928234064626196
repeated_20,0.85,rho_0_85,8003,0.03707504553491514,-0.10456291312165167,-0.16960696616559062,0.19665523880333335,1.7633162614992557
repeated_20,0.85,rho_0_85,8004,0.0037589226261266484,-0.09209362989543646,-0.18653365731901195,0.1560693167835283,10.752564077962717
repeated_20,0.85,rho_0_85,8005,0.022043151862477295,-0.06381324853752535,-0.23886980425675275,0.24666617716027384,7.362396614083622
repeated_20,0.85,rho_0_85,8006,0.004860858879301211,-0.09587758165863747,-0.2380576398695871,0.19141597204761318,3.298601782711728
repeated_20,0.85,rho_0_85,8007,0.01615495986793447,-0.11895974579705015,-0.17531251964222083,0.19601026797220023,-2.6957740551238203
repeated_20,0.85,rho_0_85,8008,0.05984281277131975,-0.09362981641747226,-0.20906815116381883,0.2272706827259081,12.027393145195475
repeated_20,0.85,rho_0_85,8009,-0.12383292726551776,-0.12652708442056593,-0.20419363379200356,0.19593925164942805,14.770944154147742
repeated_20,0.85,rho_0_85,8010,0.006800977077889403,-0.11365343893270641,-0.2119764487710749,0.12073351565315482,-1.66144070687713
repeated_20,0.85,rho_0_85,8011,-0.044939775989848885,-0.15433219554680822,-0.1687189758346047,0.1317544655844025,-19.687454642398606
repeated_20,0.85,rho_0_85,8012,-0.046192482887144504,-0.0877642353265653,-0.15666715308884632,0.2269561424455504,6.765582139726121
repeated_20,0.85,rho_0_85,8013,0.062080690005292594,-0.1404535246970795,-0.2118315085139103,0.229954763179387,10.378424674800641
repeated_20,0.85,rho_0_85,8014,0.10595525359206193,-0.12689420217658576,-0.20870416349260312,0.31928871752476695,25.481220330959815
repeated_20,0.85,rho_0_85,8015,0.012343515395864757,-0.11165163432120284,-0.16283527463476827,0.12693713925646932,-6.072291346608807
repeated_20,0.85,rho_0_85,8016,0.05659529270749242,-0.11418818564315902,-0.19702004284599223,0.12217214896743434,-14.398208524757194
repeated_20,0.85,rho_0_85,8017,0.006971506618165368,-0.12704855517907276,-0.14774587937126188,0.1551215847289642,-3.9669687498771964
repeated_20,0.85,rho_0_85,8018,0.04097432120635003,-0.0898240563885766,-0.19268496729594348,0.16753111741890025,8.375391655909795
repeated_20,0.85,rho_0_85,8019,0.18620488722811113,-0.08863616044153844,-0.24378175093848692,0.24567374760684224,9.665672776258532
repeated_20,0.85,rho_0_85,8020,-0.056334653356440834,-0.06241544941949506,-0.16734360129851933,0.14626381391090604,-10.699711860239034
repeated_20,0.85,rho_0_85,8021,0.09362664499616424,-0.09442037747852083,-0.18579188692721893,0.24045012733412952,17.45480680805059
repeated_20,0.85,rho_0_85,8022,-0.001929803815417408,-0.0925433117860095,-0.21305609172127954,0.18043084117127828,17.047229819035238
repeated_20,0.85,rho_0_85,8023,0.0796970977125584,-0.13599413283301143,-0.17829391055228083,0.20458358077004668,-8.011330424181665
repeated_20,0.85,rho_0_85,8024,0.06486473649852098,-0.13340713982929397,-0.2011375764939235,0.17682240214887912,-4.119818085281793
repeated_20,0.85,rho_0_85,8025,0.033739697470213215,-0.0758155710701578,-0.20692264826448836,0.10869918220681729,13.538845411034231
repeated_20,0.85,rho_0_85,8026,0.1419599489307296,-0.12595140389886694,-0.1744807046959902,0.24214528815456982,3.5153882436122217
repeated_20,0.85,rho_0_85,8027,0.022661989683430805,-0.1113829735569416,-0.15447612803063904,0.26957084266574194,18.007566668277406
repeated_20,0.85,rho_0_85,8028,-0.016883031605804733,-0.10638502006164074,-0.1382749613667661,0.08002366894690027,-20.60862983820266
repeated_20,0.85,rho_0_85,8029,0.09455362092052488,-0.07365476041739427,-0.17615567789230818,0.20572998200369108,23.860766464171235
repeated_20,0.93,rho_0_93,8000,-0.01842364213288905,-0.06258963746755075,-0.17836409186596386,0.2001316875148591,12.439640607506504
repeated_20,0.93,rho_0_93,8001,-0.059008666352803774,-0.1349527675205877,-0.18617591631925545,0.19915276871491328,25.14956486387561
repeated_20,0.93,rho_0_93,8002,0.044758920080215536,-0.12458667220266406,-0.19215487434521117,0.27017038427157436,16.515681325726973
repeated_20,0.93,rho_0_93,8003,0.04573894193726791,-0.12627418540252755,-0.1585733625068531,0.1873398429207631,12.403179703555168
repeated_20,0.93,rho_0_93,8004,0.010219670321793717,-0.08310283960836973,-0.1809211019077004,0.14571957488728415,24.3189187324451
repeated_20,0.93,rho_0_93,8005,0.011543894700616786,-0.05229581928534621,-0.24129516138211837,0.24052937137066133,12.103566867425172
repeated_20,0.93,rho_0_93,8006,0.05512663986562394,-0.10609764267438493,-0.13347818683536333,0.1785055091615697,15.870846368549877
repeated_20,0.93,rho_0_93,8007,0.014228384088340484,-0.114860320781065,-0.17121290025936758,0.1881471838343196,5.442392225509963
repeated_20,0.93,rho_0_93,8008,0.041315487354136815,-0.10108066841487506,-0.1600281538897687,0.2111550553288133,26.58934355959414
repeated_20,0.93,rho_0_93,8009,-0.08971270841835599,-0.09124658310881806,-0.16364962377943237,0.18247091672897797,31.001302280188156
repeated_20,0.93,rho_0_93,8010,-0.010332316651300522,-0.12167912782890156,-0.18552854841877242,0.1126279097932148,17.176900497514367
repeated_20,0.93,rho_0_93,8011,-0.000884860217508554,-0.1618150607596922,-0.14590082325290865,0.1257701378643752,-12.593620048639565
repeated_20,0.93,rho_0_93,8012,-0.023958698881854423,-0.09303002694832863,-0.14151389146216337,0.21757809574512654,13.480216190179192
repeated_20,0.93,rho_0_93,8013,0.1135979058321186,-0.13034939656232059,-0.2048888318583183,0.2270187955267189,16.069366220779727
repeated_20,0.93,rho_0_93,8014,0.08740814842303535,-0.1178298803950959,-0.20923965179300497,0.31362262115700723,34.347315576025665
repeated_20,0.93,rho_0_93,8015,-0.013714935180274557,-0.12400213192227749,-0.14062105850482132,0.11639099347414117,4.693384965881108
repeated_20,0.93,rho_0_93,8016,0.03789932629907111,-0.05936611473940978,-0.2881146632847875,0.10683526773226237,-2.756595378598888
repeated_20,0.93,rho_0_93,8017,0.056677766126072004,-0.12499952317738305,-0.1294259184454738,0.15199859727148857,1.0687581708072287
repeated_20,0.93,rho_0_93,8018,0.060459054816415,-0.07852659616727742,-0.1627612708895615,0.16088915868550302,15.715371090432598
repeated_20,0.93,rho_0_93,8019,0.16811889090108623,-0.08729917229896245,-0.16559013676478485,0.23915616534267192,20.532762258835902
repeated_20,0.93,rho_0_93,8020,-0.07580078246150235,-0.057367037178734925,-0.14487611956411317,0.13266047045343976,8.286011227777465
repeated_20,0.93,rho_0_93,8021,0.03433642154258998,-0.11848702514921072,-0.16645092154581836,0.23269467010023392,25.518202788783128
repeated_20,0.93,rho_0_93,8022,-0.0625603052723459,-0.08418912619535668,-0.20519184429514203,0.16736374228754602,29.43728440766506
repeated_20,0.93,rho_0_93,8023,0.044305707186061416,-0.12946640417341104,-0.1437200196612321,0.19459234518094126,-0.00787648892190873
repeated_20,0.93,rho_0_93,8024,0.0817526777694807,-0.13735720295717524,-0.2083782438615363,0.17277696309067592,8.72703354392516
repeated_20,0.93,rho_0_93,8025,0.009218086231821299,-0.06986312580438803,-0.14516625525196858,0.07946152464319178,47.44509684020913
repeated_20,0.93,rho_0_93,8026,0.10218162976624401,-0.1254419427853044,-0.16995310496399874,0.23530686908021092,16.08033697751796
repeated_20,0.93,rho_0_93,8027,0.05594445401627912,-0.10720718956166486,-0.1844179191902937,0.26748795047829654,22.936038205909313
repeated_20,0.93,rho_0_93,8028,0.07630178055488512,-0.10731643943723856,-0.1560913611835522,0.07205061723062167,-9.45036343562704
repeated_20,0.93,rho_0_93,8029,0.061736988283117245,-0.06652783564839027,-0.15722212190251966,0.19777085578673104,34.691526596669945
repeated_35,0.25,rho_0_25,8000,-0.002206449836696045,-0.018279907034505882,-0.01794536184494966,0.09176329325181731,-10.305996730344845
repeated_35,0.25,rho_0_25,8001,0.04580666187762783,-0.07728970514925937,-0.0046435655944656595,0.09596566883185265,-11.614691088174652
repeated_35,0.25,rho_0_25,8002,0.03329027451886746,-0.09104217798123582,0.00246036598330035,0.09993527790073253,-12.774973841566066
repeated_35,0.25,rho_0_25,8003,-0.0019502734363782137,-0.07042393254364576,-0.030266643419148864,0.09223016909702597,-11.799739550936266
repeated_35,0.25,rho_0_25,8004,0.02040531936824408,-0.06698074682836008,-0.0012835835003106588,0.07106269795025355,-21.305629685010274
repeated_35,0.25,rho_0_25,8005,0.007045750253872551,-0.009552252548670204,-0.04593565535687527,0.09688255800119583,-15.469994175290935
repeated_35,0.25,rho_0_25,8006,-0.0021432010400838086,-0.09507113542115686,0.014254638094253314,0.07594252730976825,-21.917151786636538
repeated_35,0.25,rho_0_25,8007,0.06375320513460536,-0.10076268743182926,-0.007262095628534193,0.09745702230470554,-19.37062028420101
repeated_35,0.25,rho_0_25,8008,0.025062741321851267,-0.07422391402763662,0.001382142888358029,0.09067978693679901,-16.362190643415232
repeated_35,0.25,rho_0_25,8009,0.002105296389348754,-0.0936365001276851,-0.012942439790097904,0.08111172805539635,-19.553426145230787
repeated_35,0.25,rho_0_25,8010,-0.03799631564260164,-0.08536334327219919,-0.021124281550086,0.056281460715892795,-28.04450990329751
repeated_35,0.25,rho_0_25,8011,-0.013969144009549295,-0.10720753278279371,-0.016959645913496524,0.05518431089462705,-32.338492963760714
repeated_35,0.25,rho_0_25,8012,0.08494131855428644,-0.08515772710241176,0.034258383202365184,0.09471796324867432,-21.395580588798765
repeated_35,0.25,rho_0_25,8013,0.03785348596430782,-0.07638589801098217,0.02815060401749303,0.08852564684662623,-16.705288060580045
repeated_35,0.25,rho_0_25,8014,-0.026398779056210464,-0.08434556478044453,-0.029253482274617215,0.11934489604997234,-9.664489549126245
repeated_35,0.25,rho_0_25,8015,0.0356911129173586,-0.05082898495813826,0.014914524019552622,0.06294855292504087,-26.208722302672385
repeated_35,0.25,rho_0_25,8016,-0.01798948879473672,-0.11838895266147365,-0.0027952946013061197,0.05066746003074618,-35.04714663196262
repeated_35,0.25,rho_0_25,8017,-0.0316845296730871,-0.06414925995124676,0.032556577031859546,0.07248705402775757,-28.89997401226141
repeated_35,0.25,rho_0_25,8018,0.1360104046324887,-0.02370667255340031,-0.02019885262598864,0.0889767484020969,-10.97787396724388
repeated_35,0.25,rho_0_25,8019,0.07657109423206421,-0.07519985580123123,-0.027073996510096232,0.09993690621795048,-10.076717248722332
repeated_35,0.25,rho_0_25,8020,-0.02353061147548141,0.015180798384323957,-0.01131928478762223,0.06582249875603186,-19.69883543941623
repeated_35,0.25,rho_0_25,8021,0.02426650776315753,-0.07948478698906936,-0.004079021812001371,0.08925118383774988,-14.999721534882724
repeated_35,0.25,rho_0_25,8022,0.08968962366687483,-0.05267770219708545,-0.017660769077678995,0.0826038505924358,-8.129367695444927
repeated_35,0.25,rho_0_25,8023,-0.0014086496298715279,-0.10110769886336346,0.02308799146357421,0.07949566055538781,-33.25860942917774
repeated_35,0.25,rho_0_25,8024,0.007148738874079408,-0.07560698039197167,0.014069001316985075,0.09219712166093785,-21.307933978794125
repeated_35,0.25,rho_0_25,8025,0.015284632275805343,-0.05086444831220405,0.00254322418683417,0.04632813893239751,-12.697456766024658
repeated_35,0.25,rho_0_25,8026,0.027139742052259774,-0.015916358899331406,0.03156185398507505,0.11331942702993825,-14.318132322702326
repeated_35,0.25,rho_0_25,8027,0.025580962813463226,-0.08460283124375856,0.007237657613655357,0.1063238259571917,-8.646990668067133
repeated_35,0.25,rho_0_25,8028,0.013380385224555091,-0.0784560253327733,-0.03716438859194637,0.046978307539555786,-45.86410626092851
repeated_35,0.25,rho_0_25,8029,0.08005946720879287,-0.03264975057012798,-0.025271553076005704,0.08913283866601107,2.143447220393483
repeated_35,0.5,rho_0_50,8000,-0.030666170682832505,-0.05674677398142691,-0.0546821691368391,0.17905494781422382,-2.4047662892464245
repeated_35,0.5,rho_0_50,8001,0.0641247497052837,-0.106519036011135,-0.029509409647089924,0.18810228734882184,-4.295509805332387
repeated_35,0.5,rho_0_50,8002,0.0521229472061725,-0.12017990404661116,0.013245787748989768,0.1947678797244139,-7.90733164428525
repeated_35,0.5,rho_0_50,8003,0.0048751035237992735,-0.1154658942963449,-0.024485434834559117,0.16926083114590762,-5.953208500360859
repeated_35,0.5,rho_0_50,8004,0.017002498195485716,-0.10493214426115394,-0.026708215170853977,0.12931934876273266,-16.22563014738904
repeated_35,0.5,rho_0_50,8005,0.04076166786228608,-0.05187865896543897,-0.06823175190345898,0.1877492316224214,-9.728891975809091
repeated_35,0.5,rho_0_50,8006,0.012246493562249716,-0.09888698630276149,-0.07460576676861363,0.12831422229351075,-17.63952302809217
repeated_35,0.5,rho_0_50,8007,0.047973188449799475,-0.14053387801759065,-0.027012270328277355,0.163585802959616,-14.568521150618636
repeated_35,0.5,rho_0_50,8008,0.05962764426675593,-0.11941049686755179,-0.05294938633496038,0.1738941259063851,-10.913312562325075
repeated_35,0.5,rho_0_50,8009,-0.05148457254254846,-0.11571660379964577,-0.038989486192926304,0.14470800137736362,-14.599293882615427
repeated_35,0.5,rho_0_50,8010,-0.043738468233233685,-0.10494445831480448,-0.09391945600830603,0.09498793020154128,-24.26588462011736
repeated_35,0.5,rho_0_50,8011,-0.053662117395074205,-0.10401121725925755,-0.11943475665169673,0.09391391264459958,-29.770286598720716
repeated_35,0.5,rho_0_50,8012,0.06522560567759106,-0.10382807414913664,0.013982916879224483,0.16150127679865278,-14.894168758635516
repeated_35,0.5,rho_0_50,8013,0.08536176021658914,-0.11663458432727758,-0.030387300359557612,0.15737140259391857,-11.54729566621856
repeated_35,0.5,rho_0_50,8014,-0.014127019945381014,-0.12913264094773869,-0.05449952970251126,0.23170311800234789,-2.30534499941038
repeated_35,0.5,rho_0_50,8015,0.01816498800109878,-0.104052557070621,-0.06337432848372782,0.11240054619512474,-21.55314118816588
repeated_35,0.5,rho_0_50,8016,0.10502375900267125,-0.11141994797706634,-0.12899154623163478,0.0962367454390245,-32.44035453476535
repeated_35,0.5,rho_0_50,8017,-0.009853911384403058,-0.08943286503598902,-0.07878807763762685,0.12289456426436596,-23.566380452849998
repeated_35,0.5,rho_0_50,8018,0.12347113959167244,-0.07980664052977993,-0.031086149219933246,0.16629357043537007,-4.312131417163243
repeated_35,0.5,rho_0_50,8019,0.056802925259227366,-0.06880038932381716,-0.03281546260532686,0.1805845190734452,-4.561628636029724
repeated_35,0.5,rho_0_50,8020,0.03299793824293351,-0.0036801190837838504,-0.08451318983979911,0.11589116467707772,-15.967283110410037
repeated_35,0.5,rho_0_50,8021,0.012059268972579917,-0.11252366560938576,-0.012548504137642857,0.166110276098824,-8.95377448616074
repeated_35,0.5,rho_0_50,8022,0.02542469409652859,-0.09986541701162999,-0.024701543606999055,0.1524268489671794,-1.6727391043245063
repeated_35,0.5,rho_0_50,8023,0.040424331052311246,-0.14085592370589506,-0.04384886363674623,0.1458255451938708,-28.930048155827592
repeated_35,0.5,rho_0_50,8024,0.01721979439712551,-0.11714237269252781,0.004241839947472181,0.16875233289764413,-15.245719637776006
repeated_35,0.5,rho_0_50,8025,0.014628666754004205,0.06349534079256713,-0.3068702034317327,0.07231554356794723,-6.8532505588378
repeated_35,0.5,rho_0_50,8026,0.12795152502404494,-0.13818253372677436,-0.009918274405955274,0.21112995302395499,-11.714347696283738
repeated_35,0.5,rho_0_50,8027,0.08372375336159876,-0.10543813199968177,-0.0364414624575109,0.197322497905573,-2.4777392064051185
repeated_35,0.5,rho_0_50,8028,0.024682131562676735,-0.14556267484671181,-0.12123394701020396,0.07942736132576433,-40.91811689515336
repeated_35,0.5,rho_0_50,8029,0.04665484439717227,-0.07677279939874548,-0.06512573139815642,0.16815702121483556,8.130114527017895
repeated_35,0.72,rho_0_72,8000,0.11594852436665515,-0.07175160024418759,-0.18321296382656088,0.2279746876117268,4.696526385059229
repeated_35,0.72,rho_0_72,8001,0.00901033938114415,-0.1203509712963724,-0.12763827812718687,0.23926176700627355,3.5572861628790235
repeated_35,0.72,rho_0_72,8002,0.05648971249547341,-0.12754119681025777,-0.15472862233430662,0.24689802783971038,1.0139641098510026
repeated_35,0.72,rho_0_72,8003,0.031643773817731424,-0.08664891441181766,-0.16697510801914428,0.21263173521106316,1.1845175940094634
repeated_35,0.72,rho_0_72,8004,-0.011137566451561276,-0.09979699100929018,-0.1332075495857672,0.1669442512210768,-7.926498527004753
repeated_35,0.72,rho_0_72,8005,0.04610257209320545,-0.04535846968673418,-0.2122955946195304,0.24136959487063958,-4.07155589487661
repeated_35,0.72,rho_0_72,8006,-0.020816847815093853,-0.11630261764889482,-0.17349024933709994,0.16152174628716498,-10.545668740309765
repeated_35,0.72,rho_0_72,8007,0.010654532427362251,-0.16356104669196192,-0.18743112649578525,0.2073438165388466,-6.727879856155397
repeated_35,0.72,rho_0_72,8008,0.09153519079945305,-0.11857424242165138,-0.180916580506423,0.21905097578496902,-3.4366452482646253
repeated_35,0.72,rho_0_72,8009,-0.07981278415096771,-0.12568200199160096,-0.15052027600345402,0.18451803025824498,-7.533760209617782
repeated_35,0.72,rho_0_72,8010,-0.028171869265614657,-0.10974487302248193,-0.14126189391548555,0.11820087179260685,-19.222753796789704
repeated_35,0.72,rho_0_72,8011,-0.1475536630560037,-0.11314750442380905,-0.15849986794624826,0.11624837670913868,-19.858389374112562
repeated_35,0.72,rho_0_72,8012,0.10412756828117864,0.028809106623988612,-0.29073889771535877,0.19212002409919382,-7.079743741485657
repeated_35,0.72,rho_0_72,8013,0.09109314314772565,-0.11665856863235913,-0.17609157280981025,0.203401992299292,-5.347015582067314
repeated_35,0.72,rho_0_72,8014,-0.01707690612056234,-0.17037546801538284,-0.15633634365845617,0.3082632814509907,6.845035342890952
repeated_35,0.72,rho_0_72,8015,0.0492354822103348,-0.10615982119801082,-0.165875544149318,0.14223061515596003,-14.62423326025575
repeated_35,0.72,rho_0_72,8016,0.15656597769155567,-0.1271102927020964,-0.19001412910556836,0.12225648704282577,-27.52691213968515
repeated_35,0.72,rho_0_72,8017,0.07928255238070803,-0.11621916291065038,-0.15347439247862515,0.15430871702896365,-18.061460288665245
repeated_35,0.72,rho_0_72,8018,0.12190684104350658,-0.0742404373376786,-0.187311438420583,0.21565218802605957,1.2926373219214042
repeated_35,0.72,rho_0_72,8019,0.09320531988368064,-0.09079189850901859,-0.1665869027900737,0.2319141736579975,0.6130371484623822
repeated_35,0.72,rho_0_72,8020,-0.06152014983733034,-0.016280485407475176,-0.164043096937327,0.14040079784184867,-9.867239036310863
repeated_35,0.72,rho_0_72,8021,0.1164933386335848,-0.11153900981956077,-0.18163460100397671,0.2237959372778482,-3.105727535710031
repeated_35,0.72,rho_0_72,8022,-0.00966492246451467,-0.07611425678811745,-0.18844873482175872,0.19356139690030982,4.969469449268502
repeated_35,0.72,rho_0_72,8023,0.013156920526364746,-0.16228842658826625,-0.1552744684435255,0.18043790813733063,-22.54980927297086
repeated_35,0.72,rho_0_72,8024,-0.001188118810959593,-0.12039927219648039,-0.15990618520478972,0.2142962444138128,-7.588016843035234
repeated_35,0.72,rho_0_72,8025,-0.02867824116745088,-0.07431990219680884,-0.17391827848571073,0.10201165598379758,-0.766249363800739
repeated_35,0.72,rho_0_72,8026,0.16648794489866692,-0.15391995886408427,-0.12212160185568355,0.2721236751913976,-4.425396951393736
repeated_35,0.72,rho_0_72,8027,0.030031761226898546,-0.12136629988755665,-0.1500860582746305,0.2532554362509516,9.471091829003825
repeated_35,0.72,rho_0_72,8028,0.019338094403466788,-0.11713597869879688,-0.1638929242675793,0.09668626102126421,-36.06023022724632
repeated_35,0.72,rho_0_72,8029,0.07842959702303698,-0.09327943607482148,-0.13698827198667235,0.21572006399061783,17.765630361460865
repeated_35,0.85,rho_0_85,8000,0.04213279057971364,-0.07126314680586177,-0.22786907562139602,0.2416541108735033,13.440640512194932
repeated_35,0.85,rho_0_85,8001,-0.0007307458621058638,-0.12945598226247856,-0.1768966481328917,0.2528044190115395,12.942011946868803
repeated_35,0.85,rho_0_85,8002,0.036273248933018754,-0.12546070857148273,-0.203763105056399,0.2625600358742193,8.644131669481567
repeated_35,0.85,rho_0_85,8003,0.04840539664194332,-0.09749078593328164,-0.17848470671207428,0.22755392846923028,7.985141249816422
repeated_35,0.85,rho_0_85,8004,0.055173531849974866,-0.11499285348971267,-0.19654324927176897,0.17832489204622837,-2.330248421007468
repeated_35,0.85,rho_0_85,8005,0.0547331654329799,-0.03868221343704814,-0.26645160601105194,0.26212725393776504,1.4293936507950207
repeated_35,0.85,rho_0_85,8006,-0.007984533499193258,-0.0884570120913244,-0.2495014147164939,0.1623083472256761,-3.240012062225418
repeated_35,0.85,rho_0_85,8007,0.02897418224070103,-0.1351335958658506,-0.1877878271599796,0.21843690611344924,-0.3355327197226643
repeated_35,0.85,rho_0_85,8008,0.06947235894253412,-0.11411792384138053,-0.21997633031886554,0.23050870592872075,3.664577156386116
repeated_35,0.85,rho_0_85,8009,-0.10734167146217521,-0.13885409628422174,-0.1930005444923753,0.19183222088112206,1.5948957790372162
repeated_35,0.85,rho_0_85,8010,-0.0050947230901433604,-0.11754268182039329,-0.17751639916522116,0.12215718600058079,-9.942837904554267
repeated_35,0.85,rho_0_85,8011,-0.10969357784730138,-0.12855683226038206,-0.18312487205208283,0.12339564706829886,-18.08375058541702
repeated_35,0.85,rho_0_85,8012,0.09880296723600901,-0.095408549422622,-0.1611615662910672,0.21424731401242258,1.9655434323058785
repeated_35,0.85,rho_0_85,8013,0.06677119483215666,-0.13617994673605072,-0.19729501150425666,0.21114381042621666,2.5191634062344406
repeated_35,0.85,rho_0_85,8014,0.03726340586569743,-0.13240749600934532,-0.23121349113653822,0.32470110505102534,15.623065680064286
repeated_35,0.85,rho_0_85,8015,0.0688412459412372,-0.11157992324625265,-0.19745844171518878,0.14892658346973686,-8.080255021383493
repeated_35,0.85,rho_0_85,8016,0.09022003644067944,-0.14075188820544327,-0.19892087420375154,0.12433740088586998,-20.663871758102047
repeated_35,0.85,rho_0_85,8017,0.006915327545173877,-0.13372585592270436,-0.16754282166617418,0.16096287556939481,-10.180651941610535
repeated_35,0.85,rho_0_85,8018,0.09920445648082632,-0.0986241667722183,-0.19229226356769985,0.22258844990293492,13.62021132824006
repeated_35,0.85,rho_0_85,8019,0.11565802811354986,-0.05960165742513013,-0.27623135428278245,0.24572888247525126,7.8454435160890625
repeated_35,0.85,rho_0_85,8020,0.002481650499674526,-0.027862112613201262,-0.2173823295036702,0.1511160712927797,-3.1850661156013587
repeated_35,0.85,rho_0_85,8021,0.14438777604083264,-0.10565816662380367,-0.20562669954709895,0.2369020393758956,5.761036420356049
repeated_35,0.85,rho_0_85,8022,0.051774833166072454,-0.0695198650810056,-0.2235110866100835,0.20319904664255528,14.146448639560646
repeated_35,0.85,rho_0_85,8023,0.0734022504317674,-0.1465208383821528,-0.19951950723914563,0.1925654329950932,-15.2503521295437
repeated_35,0.85,rho_0_85,8024,0.06464896596990344,-0.14786680595061075,-0.2040371177420608,0.22525013341662614,0.3158824549017254
repeated_35,0.85,rho_0_85,8025,0.02764202678926453,-0.09482277727353772,-0.18793971519474828,0.1091391653211744,4.339153048988464
repeated_35,0.85,rho_0_85,8026,0.11853462103124723,-0.14383820447941353,-0.14809737480801444,0.28783724317843484,7.173874234384158
repeated_35,0.85,rho_0_85,8027,0.015853226016254163,-0.11530259431198697,-0.17812471654434636,0.2674512511945233,15.72424277874066
repeated_35,0.85,rho_0_85,8028,-0.011009266697751596,-0.11929740729015048,-0.14946678508545336,0.09536444062302651,-24.177057910500707
repeated_35,0.85,rho_0_85,8029,0.07800030770296096,-0.07784585530217036,-0.1682227681344992,0.22476561695368247,27.1691453691235
repeated_35,0.93,rho_0_93,8000,0.03534645779465484,-0.061092295299500776,-0.20937631813814206,0.23747307241134497,21.826585911095833
repeated_35,0.93,rho_0_93,8001,-0.009238423430654175,-0.1394925595869143,-0.2000789457725105,0.25135926234540396,20.29300791043741
repeated_35,0.93,rho_0_93,8002,0.006292475776374706,-0.13351741562052677,-0.17188591475136572,0.26050117163698294,9.55017893740245
repeated_35,0.93,rho_0_93,8003,0.08861704841423912,-0.10148227869912496,-0.1695962487150497,0.2148634061903687,19.89385674614303
repeated_35,0.93,rho_0_93,8004,0.034067588885926314,-0.11859336571066681,-0.1976780638322324,0.1703918093129726,7.200797128284023
repeated_35,0.93,rho_0_93,8005,0.008900588806666554,-0.04943941135991814,-0.2578053919018527,0.2536983850492751,7.672165888113739
repeated_35,0.93,rho_0_93,8006,0.012860581366102908,-0.08957385890905822,-0.15579481103089576,0.15239500488760527,12.350923897717536
repeated_35,0.93,rho_0_93,8007,-0.014111161000600836,-0.13763655721103607,-0.17624619826497429,0.20887653497012781,11.569385544305163
repeated_35,0.93,rho_0_93,8008,0.1046069581786846,-0.12590250992941776,-0.16997650470310038,0.21779302102693432,21.33644640050636
repeated_35,0.93,rho_0_93,8009,-0.07405872910806532,-0.14061448376876662,-0.14571904548313908,0.1791444400596509,15.012876190459082
repeated_35,0.93,rho_0_93,8010,0.018808337885419024,-0.12574323459651282,-0.18535668153486023,0.11833819111490129,1.5756996290415088
repeated_35,0.93,rho_0_93,8011,0.01881383357969113,-0.13400897221438868,-0.1872068590133033,0.12448135093920465,-14.22448167246472
repeated_35,0.93,rho_0_93,8012,0.10429397562905662,-0.0960224346581855,-0.12284431563585074,0.19829267610874401,18.166277841084025
repeated_35,0.93,rho_0_93,8013,0.07305818785442297,-0.13955252809732865,-0.19886128328330954,0.2084408659159247,12.221547259445913
repeated_35,0.93,rho_0_93,8014,0.008247974098075095,-0.1214069056500886,-0.22359431481868125,0.326542860526172,19.94042522900753
repeated_35,0.93,rho_0_93,8015,0.045320145351450014,-0.11383996073231817,-0.17053528697458215,0.13674198715326957,6.104519438500603
repeated_35,0.93,rho_0_93,8016,0.09676650226522654,-0.07494513105247513,-0.3219543717758058,0.1117646288309797,-8.072167358337794
repeated_35,0.93,rho_0_93,8017,0.04516372171161809,-0.11360265464182184,-0.14678028419417044,0.15477124805702624,1.888915216570524
repeated_35,0.93,rho_0_93,8018,0.14146711344740748,-0.08371960866358741,-0.1685354139198127,0.21576681217503113,20.393027804930796
repeated_35,0.93,rho_0_93,8019,0.12975046983567917,-0.09225414469565685,-0.212677873317681,0.24611084703610064,12.455592628305823
repeated_35,0.93,rho_0_93,8020,0.0210986749471066,-0.009829116319299835,-0.1885545051249481,0.14055003683294487,10.352167099276159
repeated_35,0.93,rho_0_93,8021,0.030849601779553204,-0.12674392761733078,-0.16032722867881138,0.22009183421514367,18.85662342053368
repeated_35,0.93,rho_0_93,8022,0.011365898939822205,-0.07541797213839363,-0.21628337686676152,0.19167107864368305,23.63469871537106
repeated_35,0.93,rho_0_93,8023,0.0014999258477585986,-0.1434129974662719,-0.17621730983318618,0.18287594429688347,-6.945663216730594
repeated_35,0.93,rho_0_93,8024,0.060368829030131854,-0.12280337776826133,-0.22351972567899042,0.22545281727922895,8.630630200087268
repeated_35,0.93,rho_0_93,8025,-0.005434550497129598,-0.09856052428865514,-0.13126259572185733,0.08310392551734669,32.897492170413315
repeated_35,0.93,rho_0_93,8026,0.11443803037561118,-0.1495239449327217,-0.1647145191070868,0.2890996916720092,14.776090239546306
repeated_35,0.93,rho_0_93,8027,-0.005676655863670055,-0.09861671753202561,-0.18353084002030973,0.2580250945693998,24.90347575411215
repeated_35,0.93,rho_0_93,8028,0.05212638118367774,-0.11352593684456824,-0.16307611487928853,0.08684817954569013,-14.626365553054768
repeated_35,0.93,rho_0_93,8029,0.0860684797677117,-0.0722781441344802,-0.1558799205305907,0.21887465720854848,35.331470783323084
repeated_50,0.25,rho_0_25,8000,0.010680189263459816,-0.025552198390139225,-0.009450523238253017,0.0934899756324632,-16.092295158470762
repeated_50,0.25,rho_0_25,8001,0.019728045851774456,-0.09521077504912245,0.0025320376599134997,0.09624384755118331,-17.254411111645453
repeated_50,0.25,rho_0_25,8002,-0.029146343910967265,-0.08012794004222723,-0.015079275577249307,0.10569161625116896,-12.388834033272616
repeated_50,0.25,rho_0_25,8003,0.009062980914327001,-0.09099515786873269,-0.029708655669310302,0.09384064678258763,-15.401307219022897
repeated_50,0.25,rho_0_25,8004,0.032382042732179483,-0.06360609821695817,-0.022906560001589304,0.0752090388322264,-16.249015866642253
repeated_50,0.25,rho_0_25,8005,-0.014050999300811995,-0.013950680928846992,-0.050129374292516404,0.10110798909933294,-14.23253219772954
repeated_50,0.25,rho_0_25,8006,-0.0010573634840356227,-0.10355547644404428,0.05608540335147505,0.07558221883050997,-24.93904612156082
repeated_50,0.25,rho_0_25,8007,0.05088442793949355,-0.0975563314286303,-0.003025015891578997,0.10175246039291608,-17.68395085040811
repeated_50,0.25,rho_0_25,8008,0.004983809387094751,-0.05214493178573765,0.003208539313338532,0.09813739768422902,-13.596699476132358
repeated_50,0.25,rho_0_25,8009,0.001573587355200745,-0.08581163255060176,-5.1707603630046783e-05,0.08869994515319357,-18.614177126779225
repeated_50,0.25,rho_0_25,8010,-0.017436781141414337,-0.08950879738252393,-0.03339686008371495,0.05988689422153781,-28.888256738770338
repeated_50,0.25,rho_0_25,8011,0.013087453819699113,-0.11130242586256944,-0.03248875151816949,0.054959115904748224,-22.525434034305547
repeated_50,0.25,rho_0_25,8012,0.05760919624644378,-0.07777155225764343,0.027717830325800996,0.09979923622395193,-21.077241124442622
repeated_50,0.25,rho_0_25,8013,0.010090470179376143,-0.060367899117080626,0.030158163877091804,0.09161420695070133,-16.84763928946836
repeated_50,0.25,rho_0_25,8014,-0.00597692888736423,-0.08396542420219077,-0.03885153703509803,0.12129230335290364,-7.8241635915432255
repeated_50,0.25,rho_0_25,8015,0.03316615010352919,-0.06638087782260182,-0.0027497141605034026,0.07375993282261684,-26.06682798994396
repeated_50,0.25,rho_0_25,8016,-0.06881229799121569,-0.09471454929652268,0.02363555752702773,0.0498808554490795,-29.993706821387264
repeated_50,0.25,rho_0_25,8017,0.0033191850755350805,-0.09472599863896392,0.026752950222749372,0.07599093395521272,-34.10101076401466
repeated_50,0.25,rho_0_25,8018,0.08323508657028456,-0.02711319173225757,-0.02881202687540796,0.09345126065869636,-13.37410583291799
repeated_50,0.25,rho_0_25,8019,0.06093723293410247,-0.07417508899169611,-0.03796582455619757,0.0976496385426584,-7.735617567191213
repeated_50,0.25,rho_0_25,8020,-0.05118949018465213,0.006847084148330573,-0.01687681611519176,0.06757159942374846,-21.147740966990455
repeated_50,0.25,rho_0_25,8021,0.0033851354133228595,-0.08000192375878434,-0.02322614185653238,0.09276120510137797,-15.40938706787793
repeated_50,0.25,rho_0_25,8022,0.03323745548020618,-0.05687143261467664,-0.00531015988583361,0.08677448638150675,-11.089317236205403
repeated_50,0.25,rho_0_25,8023,0.0005536964927451704,-0.07156924373208273,-0.010417930555829624,0.09510863357478794,-22.4219081926573
repeated_50,0.25,rho_0_25,8024,0.01692061201877515,-0.06715157685333573,0.010882242581080392,0.09151687081934368,-24.22667550781543
repeated_50,0.25,rho_0_25,8025,0.006745958792387152,-0.05129156017737024,0.01848427939145847,0.053869423127244076,-12.814854922487598
repeated_50,0.25,rho_0_25,8026,0.011190562381730218,-0.016504921639452164,0.02173205905860931,0.11020815401935469,-18.42931439115847
repeated_50,0.25,rho_0_25,8027,-0.044165401802582105,-0.07831690263484159,-0.010661259999083184,0.11523613019390444,-9.121631510023093
repeated_50,0.25,rho_0_25,8028,0.03479615025927629,-0.08556723415050982,-0.04530252896679954,0.05011200512072511,-45.32012620578638
repeated_50,0.25,rho_0_25,8029,0.05942175878581657,-0.028652029667384227,-0.02910529057794231,0.09186772549518096,-3.1695621442088964
repeated_50,0.5,rho_0_50,8000,-0.02016501846750507,-0.07230776486680135,-0.033005315684563774,0.18164747080730725,-10.586049006139262
repeated_50,0.5,rho_0_50,8001,0.013766662778313732,-0.12722647981115198,-0.0162991651796095,0.18564583158810022,-11.874928865400648
repeated_50,0.5,rho_0_50,8002,0.02882950247664251,-0.11523902747512693,-0.02619246243929385,0.209433721853165,-7.205916290448471
repeated_50,0.5,rho_0_50,8003,-0.0007522579994082568,-0.133663780292399,-0.028851840948465435,0.16949421715782176,-10.69134140059137
repeated_50,0.5,rho_0_50,8004,0.06828130874522653,-0.1017380840563078,-0.0452332306597073,0.1401306574815746,-13.142484831116178
repeated_50,0.5,rho_0_50,8005,0.014963311412297231,-0.06730479258798994,-0.08335819114462717,0.1978894430155833,-9.077349309262758
repeated_50,0.5,rho_0_50,8006,0.030339246071196646,-0.10827806359117975,-0.058463742806409646,0.12938172394270753,-21.665362745364376
repeated_50,0.5,rho_0_50,8007,0.0244965829505166,-0.13259214563048616,-0.0292124648346892,0.17514957701516654,-13.086227501410576
repeated_50,0.5,rho_0_50,8008,0.04458601401120521,-0.09994414476117441,-0.043124522906020424,0.19121712062340412,-7.852909299358089
repeated_50,0.5,rho_0_50,8009,-0.026345284783053313,-0.10788387016984036,-0.036802674864468254,0.16010203327432038,-14.027320501529687
repeated_50,0.5,rho_0_50,8010,-0.04203260289470789,-0.11595298815851685,-0.10011290291939029,0.09927580299114291,-25.52973946581544
repeated_50,0.5,rho_0_50,8011,-0.05876313651196652,-0.11016905201115268,-0.11641744748290056,0.0938111310767411,-19.0480053647386
repeated_50,0.5,rho_0_50,8012,0.10696659653114737,-0.09961742548593389,0.02721642055011886,0.17828622952085738,-15.573334477351892
repeated_50,0.5,rho_0_50,8013,0.033697445697232764,-0.09903534869827979,-0.036976366278022144,0.1632558370636623,-12.988905156343407
repeated_50,0.5,rho_0_50,8014,0.02060441556493664,-0.13744584237629454,-0.07131202587408725,0.24359045053249018,-1.4646460015691787
repeated_50,0.5,rho_0_50,8015,-0.026955087717825843,-0.12366848900060123,-0.06652320308307275,0.1326892598355296,-22.117282394241755
repeated_50,0.5,rho_0_50,8016,0.022105918266801194,-0.08777400989335593,-0.10713062780927846,0.09514126721830207,-27.037250751371587
repeated_50,0.5,rho_0_50,8017,-0.0012233316527621163,-0.11609763277386609,-0.08503156536633405,0.12600982802464955,-29.603994803678262
repeated_50,0.5,rho_0_50,8018,0.11649069982361826,-0.08554705779836969,-0.03087811131194318,0.1772553042613696,-8.112153984082624
repeated_50,0.5,rho_0_50,8019,0.039276844738920236,-0.0679129106180607,-0.07200683374308614,0.17552840533967773,-3.4066925806516224
repeated_50,0.5,rho_0_50,8020,-0.031450696047741866,-0.006119160117861178,-0.08169383064879454,0.11329694482533759,-17.952124483734877
repeated_50,0.5,rho_0_50,8021,0.01497822516271985,-0.11794146576129894,-0.025281442359270434,0.17442930626442,-10.305482134316549
repeated_50,0.5,rho_0_50,8022,0.008858695218410206,-0.10505397687845264,-0.033553573992675,0.1638946629438407,-6.827530668477692
repeated_50,0.5,rho_0_50,8023,0.0062260675602635596,-0.11990281946441161,-0.039136514115231225,0.17288316769667356,-18.275103580251596
repeated_50,0.5,rho_0_50,8024,0.023844163573498167,-0.10674060691905218,-0.009737553287055056,0.16511116685173732,-19.99141113576468
repeated_50,0.5,rho_0_50,8025,-0.0512216219699706,0.05130256473474404,-0.24117179676138845,0.08529360390342156,-7.330908428519493
repeated_50,0.5,rho_0_50,8026,0.07829252012083943,-0.1457457494984622,-0.023806234224156175,0.2069042980521214,-15.745186497514283
repeated_50,0.5,rho_0_50,8027,0.03394927830833805,-0.09824386443569644,-0.04773265876373056,0.21445199612593413,-4.001116688336168
repeated_50,0.5,rho_0_50,8028,0.07749674828797504,-0.1442517852745997,-0.13559621166736935,0.08484281857317422,-41.82507588545376
repeated_50,0.5,rho_0_50,8029,0.0021300087031133064,-0.08067196748555805,-0.057197514484043865,0.1724666228241971,1.9335223729210043
repeated_50,0.72,rho_0_72,8000,0.051521515101939586,-0.07917916233638511,-0.18313772066864398,0.2267019814344735,-3.6803898171591243
repeated_50,0.72,rho_0_72,8001,-0.025777999324036016,-0.13101043946001756,-0.1362889027290594,0.23437742381490834,-5.4938400112654335
repeated_50,0.72,rho_0_72,8002,0.012334604999822085,-0.12545201597422384,-0.1788532237487857,0.268056641431873,0.3465759346686923
repeated_50,0.72,rho_0_72,8003,0.05787051140282695,-0.1100353126524638,-0.15524621804475286,0.21379559817169147,-3.812747480240688
repeated_50,0.72,rho_0_72,8004,0.018566405158881083,-0.09211447715225862,-0.15191489401681424,0.179469153289598,-5.790363359520484
repeated_50,0.72,rho_0_72,8005,0.06071424960317351,-0.05229117419685814,-0.2303132209267596,0.25528916054215456,-2.8349609462041485
repeated_50,0.72,rho_0_72,8006,-0.030083658686207104,-0.1218738758848934,-0.15236900304788265,0.16172966349452267,-14.810130623377972
repeated_50,0.72,rho_0_72,8007,-0.020131444864751824,-0.15959246444217,-0.19038516092988916,0.2251105559532518,-5.863184805202877
repeated_50,0.72,rho_0_72,8008,0.02357370370042,-0.09976214282002083,-0.1669311035080423,0.24530182291099134,-1.0766173264993881
repeated_50,0.72,rho_0_72,8009,-0.016459422271583035,-0.11974206975996271,-0.13349207366594662,0.20383353786577496,-8.294581578461674
repeated_50,0.72,rho_0_72,8010,-0.03497501640311873,-0.1254573821857088,-0.1452796292564656,0.1223219310475403,-20.536065793398308
repeated_50,0.72,rho_0_72,8011,-0.08283597859464897,-0.1172407262780677,-0.16180225793178593,0.11861324697621978,-15.74876556746581
repeated_50,0.72,rho_0_72,8012,0.13900993736106548,0.040201960413408955,-0.28606634335220604,0.21482774714688935,-9.048283238685286
repeated_50,0.72,rho_0_72,8013,0.03857906093214525,-0.10218313215894614,-0.1696356672846151,0.20795397143438965,-7.714292141268288
repeated_50,0.72,rho_0_72,8014,0.04351541662409164,-0.163479644055192,-0.16464043126032368,0.3246407066347907,6.790648217681621
repeated_50,0.72,rho_0_72,8015,-0.022180065799576987,-0.12705183144363819,-0.19061999489197068,0.16804133182117154,-16.401517472417027
repeated_50,0.72,rho_0_72,8016,0.08857353767968068,-0.099178773517834,-0.18556072158223796,0.12099657121634344,-21.260518182753003
repeated_50,0.72,rho_0_72,8017,0.07131606486801279,-0.14334712879710398,-0.16918693357747894,0.15577952974195552,-24.067555623403237
repeated_50,0.72,rho_0_72,8018,0.08130101488444075,-0.08626900250005765,-0.1984321406674136,0.22936674572398896,-0.22886939470092216
repeated_50,0.72,rho_0_72,8019,0.05432293964132939,-0.08322364157254025,-0.19945157699636884,0.2261825300914424,0.3573122277721268
repeated_50,0.72,rho_0_72,8020,-0.025851818471239074,-0.021617740856594736,-0.16058970400925077,0.13953754227678772,-13.145835617194166
repeated_50,0.72,rho_0_72,8021,0.026651332783375836,-0.12325530815078967,-0.17390409555397696,0.23006336700454044,-3.9958163943971385
repeated_50,0.72,rho_0_72,8022,0.02428143264436322,-0.0836892608063069,-0.19141869945727003,0.20542114552590363,-0.2034294556574423
repeated_50,0.72,rho_0_72,8023,0.01086702805591222,-0.1340101487397698,-0.15866378561416727,0.21659043874641393,-12.871052716453335
repeated_50,0.72,rho_0_72,8024,0.05433563677253217,-0.11120087249791588,-0.183888379228622,0.2128579417430978,-14.895521871888747
repeated_50,0.72,rho_0_72,8025,-0.05412388521334621,-0.07337080580265365,-0.20018542866051803,0.11780562887948243,-0.9173903152513105
repeated_50,0.72,rho_0_72,8026,0.11383101480191826,-0.15936447503405216,-0.11338467151645215,0.2665623954161571,-9.780886430475789
repeated_50,0.72,rho_0_72,8027,-0.050882756567733556,-0.1165191134289838,-0.17801568292838738,0.27684799194043475,4.168416704891939
repeated_50,0.72,rho_0_72,8028,0.03833881799150474,-0.11392171978348742,-0.15910539368825388,0.10137567711757134,-36.54207501526825
repeated_50,0.72,rho_0_72,8029,0.023238345902218516,-0.09722191530161073,-0.1433921278948595,0.22319520728434483,8.851050749618992
repeated_50,0.85,rho_0_85,8000,0.08234967897342615,-0.07361634884028856,-0.23014938191983025,0.2458588970034099,1.744642307568455
repeated_50,0.85,rho_0_85,8001,-0.019016327304827718,-0.13399384121287472,-0.19853250279390705,0.2501685543218475,2.6105911359419736
repeated_50,0.85,rho_0_85,8002,0.029054632007265213,-0.11616424653759871,-0.23211337409936988,0.2854398917847303,7.035840666507966
repeated_50,0.85,rho_0_85,8003,0.07298142477787528,-0.11877577168301556,-0.17758702934312393,0.22637437633540358,3.183565877726352
repeated_50,0.85,rho_0_85,8004,0.06877416358762167,-0.10418526167259046,-0.21376506417809815,0.19160859476794734,0.24976997196188222
repeated_50,0.85,rho_0_85,8005,0.05121497412876541,-0.05124532744627519,-0.28919749100284226,0.2770015840609794,1.293308440386454
repeated_50,0.85,rho_0_85,8006,0.01358821693445611,-0.09271123297258566,-0.22883620641608693,0.16433288766794973,-8.583455402432094
repeated_50,0.85,rho_0_85,8007,-0.009172720045109162,-0.12792679536371132,-0.1899325852354714,0.23890002697172585,-0.8747974814479846
repeated_50,0.85,rho_0_85,8008,0.009704076327842981,-0.09141242444334097,-0.21214032102675318,0.25515768961698626,7.567517507599433
repeated_50,0.85,rho_0_85,8009,-0.0524898112945722,-0.1356359119641466,-0.19712242119291967,0.2138547324041662,1.3717303257718072
repeated_50,0.85,rho_0_85,8010,-0.00319200186412516,-0.12769700667570127,-0.1777758509647029,0.12712937577635586,-13.026343725421015
repeated_50,0.85,rho_0_85,8011,-0.10029923166094457,-0.13161579106576404,-0.1816498590839522,0.12271402162013079,-9.455984052003515
repeated_50,0.85,rho_0_85,8012,0.11089243242149727,-0.0903336347243302,-0.162643172780217,0.2414073244947743,-0.48309400827068316
repeated_50,0.85,rho_0_85,8013,0.03385055928094982,-0.12182138265561893,-0.2018768056569597,0.21818493005958217,0.4591214469677425
repeated_50,0.85,rho_0_85,8014,0.03414107731978033,-0.13580555569097807,-0.25496214376073933,0.34463599381988663,15.841585540967714
repeated_50,0.85,rho_0_85,8015,0.011373808480633851,-0.12816568553507324,-0.21377710370605196,0.17729535384796558,-8.542190790966316
repeated_50,0.85,rho_0_85,8016,0.04430245855184811,-0.10029193015437787,-0.18915986238095195,0.12215602497678368,-14.706472608964077
repeated_50,0.85,rho_0_85,8017,0.018215407535181805,-0.1575483646221505,-0.17071368497979766,0.16186086271947753,-15.857238625168037
repeated_50,0.85,rho_0_85,8018,0.10957963909139168,-0.10261132196866196,-0.2088639196298075,0.24150260863254536,7.625670425070467
repeated_50,0.85,rho_0_85,8019,0.09460085348818725,-0.06595811105469807,-0.30224131633836293,0.2368400471531289,8.181333726112626
repeated_50,0.85,rho_0_85,8020,0.005156157577017151,-0.03633526170357371,-0.20415275243253173,0.14834463303767986,-6.511211536097605
repeated_50,0.85,rho_0_85,8021,0.10823852809688284,-0.10651898539217708,-0.22259125467230884,0.24751112018948174,3.38692212949951
repeated_50,0.85,rho_0_85,8022,0.044849534849962014,-0.07495837700671615,-0.24145982861139081,0.21827092122782954,4.89055518907233
repeated_50,0.85,rho_0_85,8023,0.013811452380935507,-0.13644095205680173,-0.20339542045725284,0.22980439960955268,-4.995743001886353
repeated_50,0.85,rho_0_85,8024,0.09940800934033256,-0.1434570876780663,-0.21330185145172953,0.22561049716238513,-8.136104051529344
repeated_50,0.85,rho_0_85,8025,0.042678688067366854,-0.10198474168571448,-0.20651481046959286,0.13032628847394223,0.06204305674999944
repeated_50,0.85,rho_0_85,8026,0.09244972684253294,-0.15743704487322674,-0.1685837890815738,0.28668590854202414,-1.644321677949847
repeated_50,0.85,rho_0_85,8027,-0.012127219943885437,-0.10088559432369859,-0.20422996558497153,0.2905602589527243,11.78612622340981
repeated_50,0.85,rho_0_85,8028,-0.0025449200965990126,-0.12341511796482063,-0.15184932997060718,0.09950743329720213,-23.676378116698302
repeated_50,0.85,rho_0_85,8029,0.06259146497997936,-0.0754839746145004,-0.1901242581179759,0.23422248342570384,16.347274918733774
repeated_50,0.93,rho_0_93,8000,0.05675595066436445,-0.0667073492812138,-0.2001104311534907,0.239332183634704,10.318412894308608
repeated_50,0.93,rho_0_93,8001,-0.002758357243421994,-0.1443063571185359,-0.19908457756190745,0.24840561924005167,11.66371028942865
repeated_50,0.93,rho_0_93,8002,0.012584070408311998,-0.13133732324814762,-0.19517968615665215,0.2826144499455081,13.908388526544343
repeated_50,0.93,rho_0_93,8003,0.09579735112658438,-0.1216415143152334,-0.1654245059194973,0.21406952549430613,18.59761479009117
repeated_50,0.93,rho_0_93,8004,0.031304328241401724,-0.10842208007284349,-0.21801240683250828,0.17909814859926598,14.427302625149593
repeated_50,0.93,rho_0_93,8005,-0.0024822088133499287,-0.04907955083425897,-0.2660413542289225,0.268014995323163,8.102254032028782
repeated_50,0.93,rho_0_93,8006,0.04846796892531813,-0.10380818060078134,-0.14105617699456618,0.1526848576982487,8.831743034691556
repeated_50,0.93,rho_0_93,8007,-0.0367645554630367,-0.12099637011147912,-0.17623410195870476,0.23149776557729806,10.095081735300198
repeated_50,0.93,rho_0_93,8008,0.05898107748244119,-0.09619744010167786,-0.16825540458692023,0.2478074720455239,20.77859120998437
repeated_50,0.93,rho_0_93,8009,-0.037567013089792156,-0.12305312613254937,-0.16000194579029098,0.20486656525415814,11.37962899259793
repeated_50,0.93,rho_0_93,8010,-0.002610585656065534,-0.13331921651187173,-0.17548505121547775,0.11860188808156336,5.866979076691877
repeated_50,0.93,rho_0_93,8011,0.018962783959630136,-0.14106295740047958,-0.17642241537187198,0.1193458877416198,-0.24263862823100624
repeated_50,0.93,rho_0_93,8012,0.12968342134686095,-0.09015493821188247,-0.13166999682557873,0.22877569966982403,10.746969442160065
repeated_50,0.93,rho_0_93,8013,0.011383194546576658,-0.12297055839215432,-0.19073994004332867,0.207924621498782,14.551476587619732
repeated_50,0.93,rho_0_93,8014,0.009587123231573291,-0.11338835312916107,-0.2651886134311442,0.34922935625612217,18.91285191114534
repeated_50,0.93,rho_0_93,8015,0.01113383701759818,-0.13376636676720022,-0.2025842996363733,0.16527422876784392,5.63401352294224
repeated_50,0.93,rho_0_93,8016,0.08559455137920713,-0.05262025309222462,-0.31198604473001323,0.1131575492843484,-6.146558103187488
repeated_50,0.93,rho_0_93,8017,0.009921157814071213,-0.1518841830189217,-0.15129061071093913,0.1616505129058492,-8.21108026503623
repeated_50,0.93,rho_0_93,8018,0.10383928367671935,-0.09262720307805505,-0.18090527898921493,0.23226149396817775,18.4804232019076
repeated_50,0.93,rho_0_93,8019,0.07931825242797463,-0.0815833807143509,-0.23725617866718063,0.23699851961026175,13.212680121622128
repeated_50,0.93,rho_0_93,8020,0.03411496843400541,-0.01088695642823101,-0.18065579748802157,0.1379741108225332,7.250963308594862
repeated_50,0.93,rho_0_93,8021,-0.02506536782055091,-0.1376049073493224,-0.16341248371327577,0.23072383419174436,17.35049854048117
repeated_50,0.93,rho_0_93,8022,-0.006583242635306852,-0.07856833584556,-0.20702557270204874,0.19882815431330148,21.66694912605857
repeated_50,0.93,rho_0_93,8023,-0.02172596253463266,-0.1246483952454911,-0.18501060106498546,0.22539189613229604,-1.0644789072866274
repeated_50,0.93,rho_0_93,8024,0.06079285372471688,-0.12019981823403825,-0.23675876171695615,0.22528220074295469,-3.624213805509953
repeated_50,0.93,rho_0_93,8025,-0.03369683211591579,-0.10068719598832399,-0.1585142697170973,0.0989558852445902,31.653403459033
repeated_50,0.93,rho_0_93,8026,0.08629285411751897,-0.15381069936219038,-0.16518780904695934,0.2838983217788398,10.556579783578997
repeated_50,0.93,rho_0_93,8027,-0.009831680860850733,-0.09170245939275201,-0.21924514775163517,0.28903131842443264,20.494951293697653
repeated_50,0.93,rho_0_93,8028,0.07255597049793927,-0.11720502789714704,-0.17746827998290682,0.09268984982140438,-16.529554033897327
repeated_50,0.93,rho_0_93,8029,0.0612697246586148,-0.07708058988751887,-0.16016306176590617,0.2246207607732753,28.425090057534277
